oid,expid,hjd,mjd,mag,magerr,catflags,filtercode,ra,dec,chi,sharp,filefracday,field,ccdid,qid,limitmag,magzp,magzprms,clrcoeff,clrcounc,exptime,airmass,programid
793110400000661,44837100,2458202.8734132964,58202.371006900001,19.5370598,0.0960927978,0,zg,226.8302237,55.747190400000001,0.381000012,0.0179999992,20180325370984,793,0xa,0x4,21.4799995,26.2704983,0.0263953954,-0.0726680011,1.42081872e-05,30,1.12899995,2
793110400000661,44838249,2458202.8849064284,58202.3825,19.4923248,0.0928676054,0,zg,226.83021859999999,55.747187500000003,1.20700002,-0.131999999,20180325382488,793,0xa,0x4,21.6700001,26.2847538,0.0255208109,-0.0821602196,1.33936692e-05,30,1.11199999,2
793110400000661,44936142,2458203.8638320738,58203.361423599999,19.453804,0.0901680067,0,zg,226.830016,55.747175400000003,0.60799998,-0.0930000022,20180326361412,793,0xa,0x4,20.8600006,26.2842369,0.0320248194,-0.10442172,2.38719294e-05,30,1.14100003,2
793110400000661,44938556,2458203.8879756178,58203.385567099998,19.5837078,0.0995596871,0,zg,226.8300595,55.747244700000003,0.792999983,-0.0370000005,20180326385556,793,0xa,0x4,21.0200005,26.261137,0.03042279,-0.0645152479,2.05300039e-05,30,1.10500002,2
793110400000661,44939027,2458203.8926863251,58203.390277799997,19.5639381,0.0980774015,0,zg,226.8302286,55.747175200000001,0.952000022,-0.129999995,20180326390266,793,0xa,0x4,21.2000008,26.2623959,0.0287372321,-0.0652493611,1.74942343e-05,30,1.09899998,1
793110400000661,44940560,2458203.9080104535,58203.405601899998,19.4335823,0.0887793005,0,zg,226.83024649999999,55.747189400000003,0.558000028,0.00300000003,20180326405567,793,0xa,0x4,21.2299995,26.2720299,0.0322085954,-0.0528017282,2.16993139e-05,30,1.08599997,1
793110400000661,44940701,2458203.90942246,58203.407013900003,19.4278259,0.088387534,0,zg,226.8301568,55.747177600000001,0.453999996,0.0260000005,20180326407014,793,0xa,0x4,21.2999992,26.2682896,0.0271826107,-0.0442717336,1.58802377e-05,30,1.08500004,2
793110400000661,45034695,2458204.8493658826,58204.346956000001,19.4557114,0.0903000012,0,zg,226.83002970000001,55.747164099999999,1.09399998,-0.00200000009,20180327346910,793,0xa,0x4,20.3999996,26.291151,0.0339349918,-0.095716089,3.48866743e-05,30,1.16400003,2
793110400000661,45036043,2458204.8628497054,58204.360439800002,19.3946514,0.0861604214,0,zg,226.8300897,55.747087100000002,0.769999981,-0.0489999987,20180327360394,793,0xa,0x4,20.4300003,26.304121,0.03729482,-0.106762193,4.09021741e-05,30,1.13800001,2
793110400000661,45039121,2458204.8936252431,58204.391215299998,19.3881035,0.0857269689,0,zg,226.8301577,55.747118200000003,1.17799997,-0.120999999,20180327391204,793,0xa,0x4,20.5100002,26.2995281,0.0345862247,-0.0991936773,3.38973987e-05,30,1.09599996,2
793110400000661,45039891,2458204.9013219485,58204.398911999997,19.5438232,0.0965888128,0,zg,226.8301362,55.747199199999997,0.277999997,0.0120000001,20180327398900,793,0xa,0x4,20.5799999,26.3102875,0.0357549749,-0.105846018,3.22524975e-05,30,1.08899999,2
793110400000661,45041953,2458204.9219469749,58204.419537000002,19.3518486,0.083363384,0,zg,226.8301257,55.747182899999999,0.973999977,-0.0500000007,20180327419537,793,0xa,0x4,20.7800007,26.2933254,0.0355505534,-0.0838240758,2.94640686e-05,30,1.07700002,2
793110400000661,45043788,2458204.9402918918,58204.437881899998,19.5909138,0.100104749,0,zg,226.8302846,55.747152100000001,0.922999978,-0.136999995,20180327437789,793,0xa,0x4,20.7900009,26.3063984,0.0349357612,-0.0845652744,2.86723516e-05,30,1.074,2
793110400000661,45136120,2458205.8636143561,58205.361203699998,19.2447605,0.0767348856,0,zg,226.8302587,55.747241799999998,0.643000007,0.0700000003,20180328361169,793,0xa,0x4,20.2000008,26.1434059,0.0357345752,-0.0532342531,4.21923287e-05,30,1.13199997,2
793110400000661,45137924,2458205.8816583813,58205.379247700002,19.4690933,0.0912309289,0,zg,226.83016069999999,55.747116499999997,0.65200001,-0.0359999985,20180328379213,793,0xa,0x4,20.3099995,26.1627598,0.0375467315,-0.056599699,4.41439697e-05,30,1.10599995,2
793110400000661,45141543,2458205.9178504967,58205.415439800003,19.3450375,0.0829262137,0,zg,226.83038310000001,55.7470949,0.898000002,-0.128999993,20180328415428,793,0xa,0x4,19.9899998,25.9947491,0.0461093634,-0.037642926,8.16589964e-05,30,1.07700002,2
793110400000661,45143775,2458205.9401653004,58205.437754600003,19.6233959,0.102593288,0,zg,226.83025480000001,55.747255899999999,0.611000001,0.0299999993,20180328437720,793,0xa,0x4,20.3700008,26.2411289,0.0352411047,-0.0556159802,3.604413e-05,30,1.074,2
793110400000661,45148288,2458205.9852926238,58205.482881900003,19.4161358,0.0875967517,0,zg,226.83018939999999,55.747124300000003,0.939999998,-0.0930000022,20180328482859,793,0xa,0x4,20.9899998,26.2518978,0.031596154,-0.0575999729,2.17184279e-05,30,1.10300004,2
793110400000661,45232377,2458206.8261838611,58206.323773099997,19.3479462,0.0831126645,0,zg,226.8301281,55.747191999999998,0.859000027,0.0299999993,20180329323738,793,0xa,0x4,20.7600002,26.2954769,0.0374254957,-0.0856445208,3.55018128e-05,30,1.20799994,2
793110400000661,45235226,2458206.854679266,58206.352268499999,19.3208809,0.0813928545,0,zg,226.83019390000001,55.7471727,0.56099999,-0.0419999994,20180329352234,793,0xa,0x4,20.8299999,26.3164539,0.0361163281,-0.0735217854,3.10064643e-05,30,1.14300001,2
793110400000661,45235603,2458206.8584408672,58206.356030100003,19.5940228,0.100340694,0,zg,226.83018000000001,55.747172599999999,0.856999993,0.0120000001,20180329355984,793,0xa,0x4,20.8500004,26.3035984,0.0351392329,-0.0607711412,2.84120033e-05,30,1.13600004,1
793110400000661,45236179,2458206.8642047709,58206.361793999997,19.5147991,0.0944757462,0,zg,226.8301448,55.747144300000002,0.535000026,-0.00300000003,20180329361794,793,0xa,0x4,20.9300003,26.2963791,0.0353833698,-0.0599743947,2.92148452e-05,30,1.12600005,2
793110400000661,45239133,2458206.8937417734,58206.391330999999,19.4666004,0.0910568684,0,zg,226.83013059999999,55.747124100000001,0.488000005,-0.119000003,20180329391296,793,0xa,0x4,20.7800007,26.3142204,0.0311122853,-0.0585182197,2.30664646e-05,30,1.09000003,2
793110400000661,45239229,2458206.8947024671,58206.392291700002,19.6877804,0.107679166,0,zg,226.83030350000001,55.747128199999999,0.763999999,0.187000006,20180329392257,793,0xa,0x4,20.8199997,26.287405,0.0308469217,-0.0535918623,2.2773178e-05,30,1.09000003,1
793110400000661,45239974,2458206.9021561593,58206.399745399998,19.4844131,0.0923073664,0,zg,226.83027709999999,55.747251300000002,0.632000029,-0.0359999985,20180329399734,793,0xa,0x4,20.5799999,26.314045,0.0331773646,-0.0586896129,2.96727794e-05,30,1.08399999,2
793110400000661,45332255,2458207.8249681285,58207.322557899999,19.6806583,0.107106581,0,zg,226.83017649999999,55.747178499999997,1.13600004,-0.192000002,20180330322546,793,0xa,0x4,20.5,26.2733212,0.0352707431,-0.0806062743,3.60899721e-05,30,1.204,2
793110400000661,45333972,2458207.8421324189,58207.339722199999,19.4844875,0.0923125893,0,zg,226.83026659999999,55.747158900000002,0.488000005,0.0390000008,20180330339688,793,0xa,0x4,20.4200001,26.2311497,0.0368673839,-0.0369851068,4.20387587e-05,30,1.16199994,2
793110400000661,45336649,2458207.8689033058,58207.366493100002,19.6653347,0.10588304,0,zg,226.8302161,55.747169200000002,0.531000018,0.0649999976,20180330366493,793,0xa,0x4,20.6800003,26.2760468,0.0343358442,-0.0557682961,3.28489186e-05,30,1.11500001,2
793110400000661,45338045,2458207.8828616031,58207.3804514,19.4979668,0.0932690203,0,zg,226.83010859999999,55.747136599999997,0.474000007,0.0289999992,20180330380440,793,0xa,0x4,20.5100002,26.2636833,0.0371875055,-0.0395188518,4.03609847e-05,30,1.09800005,2
793110400000661,45340057,2458207.9029888767,58207.400578699999,19.464325,0.0908982158,0,zg,226.83025259999999,55.747242200000002,0.541999996,-0.0309999995,20180330400579,793,0xa,0x4,20.5699997,26.2790565,0.0330636576,-0.0409399234,3.10334435e-05,30,1.08200002,2
793110400000661,45343751,2458207.9399217484,58207.437511600001,19.4558792,0.0903116465,0,zg,226.8302577,55.747190000000003,0.541000009,0.0869999975,20180330437465,793,0xa,0x4,20.5799999,26.2916622,0.0332283974,-0.0310612395,3.24834837e-05,30,1.07500005,2
793110400000661,45436671,2458208.8691219902,58208.366713000003,19.200098,0.0741224289,0,zg,226.83002250000001,55.747183399999997,0.833000004,0.0850000009,20180331366678,793,0xa,0x4,19.7099991,26.0443592,0.0458149202,-0.0124278124,0.000101070626,30,1.11099994,2
793110400000661,45437630,2458208.8787168744,58208.376307899998,19.0692539,0.0669623315,32768,zg,226.83010350000001,55.747196099999996,0.573000014,0.0399999991,20180331376308,793,0xa,0x4,19.1499996,25.7965927,0.0627099276,0.00493480824,0.000302173226,30,1.10000002,2
793110400000661,45448204,2458208.9844574011,58208.482048600003,19.0816936,0.0676122308,0,zg,226.83017179999999,55.747239200000003,0.731999993,-0.0549999997,20180331482014,793,0xa,0x4,19.6599998,26.0791073,0.0450572595,-0.0222225878,0.0001012762,30,1.11199999,2
793110400000661,45546003,2458209.9624416051,58209.460034700001,19.5007954,0.0934708714,0,zg,226.83022199999999,55.747110999999997,0.335000008,-0.228,20180401460012,793,0xa,0x4,19.9699993,26.2693233,0.0361603275,-0.0125178387,4.99546004e-05,30,1.09099996,2
793110400000661,45635680,2458210.8592101871,58210.3568056,19.1794701,0.072945267,0,zg,226.83027050000001,55.747199999999999,0.615999997,-0.0759999976,20180402356771,793,0xa,0x4,20.3099995,26.2865963,0.0365624726,-0.0548461713,4.29827778e-05,30,1.11699998,2
793110400000661,45637268,2458210.8750897571,58210.372685200004,19.6539497,0.104981378,0,zg,226.83006130000001,55.747141900000003,0.660000026,-0.152999997,20180402372639,793,0xa,0x4,20.3999996,26.2404537,0.0352119952,-0.0413377546,3.84734522e-05,30,1.09800005,1
793110400000661,45638415,2458210.8865596163,58210.3841551,19.3468781,0.083044149,0,zg,226.83026079999999,55.747193500000002,1.14900005,-0.182999998,20180402384120,793,0xa,0x4,20.1900005,26.1253853,0.0358789675,-0.0345251933,4.51435299e-05,30,1.08700001,1
793110400000661,45638511,2458210.8875202178,58210.385115700003,19.3691311,0.0844824612,0,zg,226.83026169999999,55.747139400000002,0.583000004,-0.0610000007,20180402385081,793,0xa,0x4,20.25,26.1046391,0.0331258178,-0.0415748693,3.73694711e-05,30,1.08700001,2
793110400000661,45642212,2458210.9245340102,58210.422129600003,19.5512733,0.0971378759,0,zg,226.83026269999999,55.747196700000003,0.476000011,-0.0670000017,20180402422130,793,0xa,0x4,20.4400005,26.2507915,0.0320467465,-0.0210595988,2.9255345e-05,30,1.074,2
793110400000661,45644041,2458210.9428210561,58210.440416700003,19.3901901,0.0858649164,0,zg,226.8302266,55.747213799999997,0.377000004,0.0280000009,20180402440417,793,0xa,0x4,20.4300003,26.2677174,0.0319980383,-0.021295296,3.00774318e-05,30,1.079,2
793110400000661,45736974,2458211.8721467522,58211.369745399999,19.3967247,0.0862980708,0,zg,226.83016019999999,55.747305099999998,0.799000025,-0.0340000018,20180403369711,793,0xa,0x4,19.8299999,26.2792263,0.0342925563,-0.0302910805,5.32310296e-05,30,1.09800005,2
793110400000661,45737918,2458211.8815911175,58211.379189799998,19.2498665,0.0770392343,0,zg,226.8299471,55.7474414,0.816999972,-0.0810000002,20180403379155,793,0xa,0x4,19.8099995,26.269352,0.0405150615,-0.0157593209,6.80007142e-05,30,1.08899999,3
793110400000661,45738109,2458211.8835008293,58211.381099500002,19.4782505,0.0918729901,0,zg,226.83023399999999,55.747067600000001,0.698000014,0.0250000004,20180403381053,793,0xa,0x4,19.8400002,26.2937412,0.0373415425,-0.0429915376,6.01951979e-05,30,1.08800006,2
793110400000661,45741833,2458211.9207344786,58211.418333299996,19.5974083,0.100598179,0,zg,226.8303234,55.747340299999998,1.10399997,-0.196999997,20180403418310,793,0xa,0x4,20,26.2668915,0.0400431044,-0.0194832031,6.10074712e-05,30,1.074,2
793110400000661,46932446,2458223.8267803243,58223.324467600003,19.5737877,0.0988134593,0,zg,226.83015349999999,55.7471751,1.11300004,0.0350000001,20180415324444,793,0xa,0x4,22.0400009,26.2461929,0.025106566,-0.0828564987,1.31029901e-05,30,1.11300004,3
793110400000661,47332502,2458227.8272858001,58227.325023099998,19.4728489,0.0914938003,0,zg,226.8300538,55.747213100000003,0.573000014,-0.0350000001,20180419324988,793,0xa,0x4,21.2999992,26.2413235,0.0321555696,-0.0302311461,2.16211265e-05,30,1.09899998,2
793110400000661,47334671,2458227.8489754014,58227.346712999999,19.4956303,0.0931026042,0,zg,226.83015950000001,55.747242100000001,1.39699996,0.0680000037,20180419346667,793,0xa,0x4,21.2900009,26.2470913,0.0324073397,-0.0291227456,2.2079952e-05,30,1.08099997,3
793110400000661,47334854,2458227.8508040747,58227.348541699997,19.4692211,0.0912399292,0,zg,226.8301826,55.747261100000003,0.867999971,-0.0799999982,20180419348542,793,0xa,0x4,21.2999992,26.253685,0.0307319537,-0.0387218148,2.00225622e-05,30,1.08000004,2
793110400000661,47337464,2458227.8769032224,58227.374641199996,19.5209827,0.0949224904,0,zg,226.83016860000001,55.747205899999997,0.713,-0.0890000015,20180419374618,793,0xa,0x4,21.4500008,26.2624779,0.0272002257,-0.0381472372,1.5329264e-05,30,1.074,2
793110400000661,47529958,2458229.8018176672,58229.299583300002,19.5856991,0.09971001,32768,zg,226.8301496,55.747219800000003,0.813000023,-0.0120000001,20180421299583,793,0xa,0x4,21.5300007,26.3026447,0.0322676785,-0.143151119,2.16098651e-05,30,1.125,2
793110400000661,47532577,2458229.8280094867,58229.325775500001,19.5335464,0.0958360061,32768,zg,226.83018179999999,55.7471733,0.657999992,-0.0240000002,20180421325741,793,0xa,0x4,21.5400009,26.3044968,0.0314489938,-0.136175156,2.07849534e-05,30,1.09300005,2
793110400000661,47532721,2458229.829444563,58229.3272106,19.6460457,0.104359224,32768,zg,226.83022460000001,55.747190799999998,0.941999972,0.0900000036,20180421327164,793,0xa,0x4,21.6000004,26.3049965,0.0297703035,-0.13083744,1.85392837e-05,30,1.09200001,1
793110400000661,47532819,2458229.8304283475,58229.328194399997,19.5294666,0.0955384895,32768,zg,226.8301553,55.7472183,1.21700001,-0.074000001,20180421328148,793,0xa,0x4,21.5599995,26.309433,0.0326297581,-0.135235608,2.22677991e-05,30,1.09099996,3
793110400000661,47534601,2458229.848252194,58229.3460185,19.663475,0.105735339,32768,zg,226.8301993,55.747092799999997,1.39600003,-0.131999999,20180421345972,793,0xa,0x4,21.4400005,26.3044415,0.0348712578,-0.124354571,2.55248033e-05,30,1.079,2
793110400000661,47635115,2458230.8533757362,58230.3511574,19.5293694,0.0955314562,0,zg,226.8302094,55.747194800000003,0.524999976,-0.0480000004,20180422351111,793,0xa,0x4,21.8700008,26.2796001,0.0292902403,-0.100014545,1.76148496e-05,30,1.07599998,3
793110400000661,47635207,2458230.8542901226,58230.3520718,19.5141258,0.0944272056,0,zg,226.83021170000001,55.747185500000001,0.842000008,-0.0120000001,20180422352060,793,0xa,0x4,21.8299999,26.279356,0.0271774046,-0.097343266,1.51909671e-05,30,1.07599998,2
793110400000661,47636744,2458230.8696601843,58230.367442100003,19.5295029,0.0955411792,0,zg,226.83017340000001,55.747190699999997,0.751999974,0.00999999978,20180422367431,793,0xa,0x4,21.9099998,26.2617607,0.0267762244,-0.0819287673,1.46998836e-05,30,1.074,2
793110400000661,47639246,2458230.8946829969,58230.392465299999,19.4095154,0.0871518627,0,zg,226.83019010000001,55.747145400000001,1.20899999,-0.0520000011,20180422392465,793,0xa,0x4,21.4899998,26.0647812,0.0337055698,-0.0819460228,2.3346347e-05,30,1.08299994,2
793110400000661,47738788,2458231.8900837745,58231.387881900002,19.5000381,0.0934168249,0,zg,226.83017140000001,55.747207199999998,1.84200001,0.0489999987,20180423387836,793,0xa,0x4,21.6100006,26.2701931,0.0310171284,-0.0559409298,2.00742124e-05,30,1.08200002,3
793110400000661,47738879,2458231.8909981628,58231.388796300002,19.5177784,0.094690755,0,zg,226.83017720000001,55.747169200000002,0.879999995,0.0680000037,20180423388785,793,0xa,0x4,21.5699997,26.2739334,0.030978594,-0.0534404851,1.98290181e-05,30,1.08200002,2
793110400000661,47741336,2458231.9155695592,58231.413368100002,19.5374813,0.0961235985,0,zg,226.8300759,55.7472086,0.465999991,0.00800000038,20180423413345,793,0xa,0x4,21.5200005,26.2677021,0.0319530964,-0.0548057035,2.10637718e-05,30,1.10399997,2
793110400000661,47743489,2458231.9370969003,58231.434895799997,19.637825,0.103715368,0,zg,226.8301773,55.747241899999999,0.72299999,-0.0430000015,20180423434861,793,0xa,0x4,21.5200005,26.2611122,0.0301416647,-0.0559316017,1.89146176e-05,30,1.13600004,2
793110400000661,47826663,2458232.7688192991,58232.266631899998,19.3910275,0.0859202892,0,zg,226.83019010000001,55.747275899999998,0.95599997,-0.112999998,20180424266597,793,0xa,0x4,20.3600006,26.1054173,0.0398135334,-0.0672791079,5.0778046e-05,30,1.17299998,3
793110400000661,47826956,2458232.771747563,58232.269560200002,19.4633999,0.0908337831,0,zg,226.830206,55.7471453,0.368000001,-0.0579999983,20180424269514,793,0xa,0x4,20.9300003,26.2507706,0.034252245,-0.0853332356,2.62058784e-05,30,1.16600001,1
793110400000661,47827052,2458232.7727081431,58232.270520799997,19.5527763,0.0972489864,0,zg,226.8301189,55.747204000000004,0.662,0.0419999994,20180424270486,793,0xa,0x4,20.9400005,26.2491531,0.0372955687,-0.0728529468,3.18164348e-05,30,1.16400003,2
793110400000661,47828268,2458232.7848723517,58232.2826852,19.4166603,0.0876320899,0,zg,226.8301979,55.747116400000003,0.686999977,-0.134000003,20180424282650,793,0xa,0x4,21.0400009,26.2750187,0.0315108262,-0.0734343752,2.20041074e-05,30,1.13999999,2
793110400000661,47930638,2458233.8085586443,58233.306388899997,19.5725136,0.0987180471,0,zg,226.8302209,55.747191800000003,0.81400001,0.00700000022,20180425306354,793,0xa,0x4,21.2399998,26.2606201,0.0346431136,-0.0469557419,2.63925267e-05,30,1.102,2
793110400000661,48030733,2458234.8094901387,58234.307337999999,19.6329117,0.103332087,0,zg,226.8301778,55.747206400000003,0.80400002,-0.215000004,20180426307292,793,0xa,0x4,20.6700001,26.1541595,0.0312398914,-0.0359107293,2.5878031e-05,30,1.09800005,2
793110400000661,48032980,2458234.8319549398,58234.329803200002,19.5584717,0.0976708829,0,zg,226.83022639999999,55.747215699999998,0.540000021,0.127000004,20180426329792,793,0xa,0x4,20.6299992,26.1657162,0.0396538526,-0.0332602747,4.1967236e-05,30,1.08000004,3
793110400000661,48035388,2458234.8560402114,58234.353888899997,19.3839607,0.0854537934,0,zg,226.8302549,55.7472025,0.600000024,-0.156000003,20180426353877,793,0xa,0x4,20.1000004,25.9992561,0.0391276926,-0.0273520928,5.46613956e-05,30,1.074,2
793110400000661,48038615,2458234.8883081353,58234.386157399997,19.5225258,0.0950343162,0,zg,226.83040769999999,55.7471441,0.731000006,-0.0309999995,20180426386146,793,0xa,0x4,20.0799999,25.9028416,0.0388363078,-0.0133632692,5.48894641e-05,30,1.08599997,2
793110400000661,48038707,2458234.8892225134,58234.387071800003,19.110302,0.0691310465,0,zg,226.83016459999999,55.747238799999998,1.26999998,0.0299999993,20180426387060,793,0xa,0x4,20.3199997,25.9947701,0.0372404493,-0.0251441188,4.45786391e-05,30,1.08700001,3
793110400000661,48041298,2458234.915136354,58234.412986099996,19.42803,0.0884013772,0,zg,226.8302147,55.747124399999997,0.551999986,0.108000003,20180426412975,793,0xa,0x4,20.0499992,25.7614059,0.0379827134,-0.0272413492,5.72208664e-05,30,1.11399996,2
793110400000661,48043396,2458234.9361197646,58234.433969899997,19.5019932,0.0935564712,0,zg,226.83008140000001,55.7472183,0.372999996,0.0700000003,20180426433935,793,0xa,0x4,20.6800003,26.1404419,0.0309562031,-0.0192165244,2.37485674e-05,30,1.14900005,2
793110400000661,48131034,2458235.8124811267,58235.3103472,19.4931335,0.0929250941,0,zg,226.83013320000001,55.7471934,0.405000001,0.104999997,20180427310312,793,0xa,0x4,20.7099991,26.2645893,0.0337497592,-0.0294123441,3.01829114e-05,30,1.09200001,3
793110400000661,48131179,2458235.8139278968,58235.311794000001,19.7063313,0.109182388,0,zg,226.83018250000001,55.7472244,0.552999973,-0.101000004,20180427311748,793,0xa,0x4,20.6499996,26.2837963,0.036622934,-0.0247180667,3.59502774e-05,30,1.09099996,2
793110400000661,48132476,2458235.8269021683,58235.324768500002,19.6012115,0.100888029,0,zg,226.83011819999999,55.747136599999997,1.32099998,-0.0920000002,20180427324722,793,0xa,0x4,20.3199997,26.2916985,0.0356824547,-0.0402254052,3.87845939e-05,30,1.08099997,2
793110400000661,48134271,2458235.8448532466,58235.3427199,19.7926407,0.116397172,0,zg,226.8301208,55.747053700000002,0.389999986,0.0829999968,20180427342708,793,0xa,0x4,20.4500008,26.2781353,0.0348348208,-0.0275069997,3.3965629e-05,30,1.07500005,1
793110400000661,48134363,2458235.845767614,58235.343634299999,19.5847569,0.0996388793,0,zg,226.83010010000001,55.7472262,0.379999995,-0.0529999994,20180427343623,793,0xa,0x4,20.4400005,26.2762585,0.0314657427,-0.0295171551,2.82112705e-05,30,1.07500005,3
793110400000661,48134454,2458235.8466818966,58235.344548599998,19.3793678,0.0851518437,0,zg,226.83020189999999,55.747219299999998,0.995999992,-0.128999993,20180427344549,793,0xa,0x4,20.3999996,26.2718697,0.0336061381,-0.0226972438,3.3102704e-05,30,1.07500005,2
793110400000661,48137325,2458235.8753850684,58235.3732523,19.414402,0.0874800608,0,zg,226.8302381,55.747193899999999,0.779999971,-0.238999993,20180427373241,793,0xa,0x4,20.4400005,26.2689133,0.0381915644,-0.0264769681,4.08847591e-05,30,1.08000004,2
793110400000661,48223755,2458236.7396744494,58236.2375579,19.5334435,0.0958284289,0,zg,226.83025610000001,55.747265900000002,0.791999996,-0.119999997,20180428237523,793,0xa,0x4,20.2000008,26.2008877,0.0331421308,-0.0522856936,3.76496209e-05,30,1.22000003,2
793110400000661,48233627,2458236.8383878078,58236.336273100002,19.626791,0.10285639,0,zg,226.82995539999999,55.747258299999999,0.495999992,0.0350000001,20180428336262,793,0xa,0x4,20.0300007,26.2252388,0.0380616672,-0.0135527719,5.62348105e-05,30,1.07599998,2
793110400000661,48233768,2458236.8397998819,58236.3376852,19.3674545,0.0843733177,0,zg,226.83025689999999,55.747214800000002,0.652999997,-0.0920000002,20180428337639,793,0xa,0x4,20.0699997,26.2218933,0.0399914496,-0.0203198809,5.80347696e-05,30,1.07500005,3
793110400000661,48236630,2458236.8684220286,58236.366307900003,19.3780003,0.0850621462,0,zg,226.83016019999999,55.747321999999997,0.861999989,0.0890000015,20180428366285,793,0xa,0x4,20.1700001,26.2324848,0.0379623584,-0.0147834951,5.05103017e-05,30,1.07799995,2
793110400000661,48239166,2458236.8937803549,58236.391666700001,19.5972042,0.100582652,0,zg,226.83006739999999,55.7472037,0.838999987,-0.270999998,20180428391655,793,0xa,0x4,20.1000004,26.2346916,0.0381864682,-0.0216896478,5.1160092e-05,30,1.09599996,2
793110400000661,48245115,2458236.9532699077,58236.451157399999,19.4319592,0.0886686444,0,zg,226.83013869999999,55.7471386,0.630999982,-0.0900000036,20180428451146,793,0xa,0x4,20.2999992,26.2285328,0.0356459059,-0.0323855989,3.87177388e-05,30,1.20099998,2
793110400000661,48246966,2458236.971776539,58236.4696644,19.8591652,0.122202985,0,zg,226.8300801,55.747221699999997,0.63499999,-0.261000007,20180428469653,793,0xa,0x4,20.2099991,26.2057438,0.0356057696,-0.0235695094,4.06042927e-05,30,1.25600004,2
793110400000661,48330993,2458237.8120265254,58237.3099306,19.6655445,0.105899714,0,zg,226.83070040000001,55.747128099999998,0.414999992,-0.233999997,20180429309907,793,0xa,0x4,19.8600006,26.0599117,0.0369069204,-0.029066829,6.06974609e-05,30,1.08800006,2
793110400000661,48334156,2458237.843657813,58237.341562499998,19.4546471,0.0902263075,0,zg,226.8304023,55.747131400000001,0.967999995,0.126000002,20180429341528,793,0xa,0x4,20.0599995,26.2550755,0.0377097018,-0.0237613656,5.32279482e-05,30,1.074,3
793110400000661,48334247,2458237.84457218,58237.342476899998,19.5677013,0.0983580947,0,zg,226.83027860000001,55.7473071,0.670000017,-0.356999993,20180429342465,793,0xa,0x4,20.0200005,26.2531338,0.0366903841,-0.0130509529,5.11154576e-05,30,1.074,2
793110400000661,48337462,2458237.8767242571,58237.374629600003,19.3109894,0.080772683,0,zg,226.83016549999999,55.747232199999999,0.873000026,-0.074000001,20180429374583,793,0xa,0x4,20.0300007,26.2634525,0.0369684286,-0.0250703823,5.29173158e-05,30,1.08399999,2
793110400000661,48345666,2458237.9587597288,58237.456666700004,19.455864,0.0903105736,0,zg,226.8301586,55.747183200000002,0.736999989,-0.195999995,20180429456655,793,0xa,0x4,20.1000004,26.2504444,0.0350145586,-0.0455905646,4.41113298e-05,30,1.22399998,2
793110400000661,48346373,2458237.9658312867,58237.463738400002,19.45298,0.0901110545,0,zg,226.82997689999999,55.747202600000001,0.470999986,-0.162,20180429463704,793,0xa,0x4,20.0599995,26.244566,0.0369647183,-0.0462351888,5.18450943e-05,30,1.24600005,3
793110400000661,48346608,2458237.9681808329,58237.466088000001,19.5213242,0.094947271,0,zg,226.83021149999999,55.747247399999999,0.532000005,-0.126000002,20180429466088,793,0xa,0x4,19.9500008,26.2469101,0.0327340774,-0.0547016822,4.05406136e-05,30,1.25300002,2
793110400000661,48838611,2458242.8881007284,58242.386111100001,19.5136318,0.0943916366,0,zg,226.83022,55.747161300000002,1.14999998,-0.0450000018,20180504386100,793,0xa,0x4,21.1000004,26.2924538,0.0343702622,-0.0810753629,2.61323148e-05,30,1.10800004,2
793110400000661,48839363,2458242.8956237636,58242.393634300002,19.6126575,0.101764858,0,zg,226.8302655,55.7471125,0.614000022,-0.0920000002,20180504393611,793,0xa,0x4,21.1900005,26.2775745,0.0317036621,-0.0800750256,2.22484632e-05,30,1.11800003,1
793110400000661,48839460,2458242.8965959335,58242.394606499998,19.5877018,0.0998614281,0,zg,226.83029310000001,55.747193799999998,1.13499999,0.00800000038,20180504394572,793,0xa,0x4,21.1000004,26.2906189,0.0341399685,-0.0876683667,2.52206628e-05,30,1.11899996,3
793110400000661,48840841,2458242.9104035236,58242.408414400001,19.4514198,0.090003252,0,zg,226.83012980000001,55.747185700000003,0.828999996,-0.0649999976,20180504408414,793,0xa,0x4,21.1499996,26.2934284,0.0330019221,-0.100037962,2.41432299e-05,30,1.14199996,2
793110400000661,48842167,2458242.9236670216,58242.4216782,19.5259056,0.0952795297,0,zg,226.8302253,55.747197399999997,0.902999997,0.0320000015,20180504421678,793,0xa,0x4,21.1700001,26.279026,0.0304208528,-0.0828114003,2.03817817e-05,30,1.16900003,2
793110400000661,48922265,2458243.7246212726,58243.2226505,19.5038242,0.09368743,32768,zg,226.83000100000001,55.747175900000002,0.870000005,-0.0140000004,20180505222616,793,0xa,0x4,21.3099995,26.2543297,0.0342717506,-0.161207363,2.50251305e-05,30,1.20700002,2
793110400000661,48923811,2458243.7400838295,58243.238113400002,19.6049442,0.101173252,32768,zg,226.83016660000001,55.747152300000003,0.344999999,-0.0140000004,20180505238079,793,0xa,0x4,21.4799995,26.2414379,0.0301565304,-0.146849081,1.86125635e-05,30,1.16900003,2
793110400000661,48926090,2458243.7628727173,58243.260902800001,19.5379868,0.0961605981,32768,zg,226.8301936,55.747179000000003,1.36300004,0.0209999997,20180505260891,793,0xa,0x4,21.7999992,26.3004742,0.0283706337,-0.135564312,1.64045105e-05,30,1.12600005,3
793110400000661,48926614,2458243.768115602,58243.2661458,19.5974274,0.100599617,32768,zg,226.83016470000001,55.747157899999998,0.694999993,0.0390000008,20180505266100,793,0xa,0x4,21.7900009,26.2909279,0.0295303278,-0.120260417,1.78400987e-05,30,1.11800003,2
793110400000661,49024083,2458244.7427806677,58244.240833299998,19.469202,0.0912385955,32768,zg,226.8301251,55.747199799999997,0.296000004,-0.0460000001,20180506240787,793,0xa,0x4,20.9500008,25.673708,0.0462679341,-0.109442353,4.96003995e-05,30,1.15699995,2
793110400000661,49025839,2458244.7603381667,58244.258391199997,19.4733353,0.0915278867,0,zg,226.8301534,55.747190099999997,0.328000009,-0.0140000004,20180506258380,793,0xa,0x4,21.3700008,25.8968391,0.0343655758,-0.107136816,2.49445002e-05,30,1.125,3
793110400000661,49026263,2458244.7645857697,58244.2626389,19.4759388,0.0917105526,32768,zg,226.8302357,55.747180299999997,0.545000017,0.0260000005,20180506262593,793,0xa,0x4,20.8799992,25.4484406,0.0577584654,-0.0828490034,8.52392986e-05,30,1.11899996,2
793110400000661,49028420,2458244.7861477747,58244.284201399998,19.527813,0.0954181626,0,zg,226.83013919999999,55.747171399999999,0.903999984,0.0890000015,20180506284167,793,0xa,0x4,22.0100002,26.2543163,0.0258153696,-0.077411823,1.37417892e-05,30,1.09300005,2
793110400000661,49133113,2458245.8330560238,58245.331134300002,19.4416351,0.0893299729,0,zg,226.83017580000001,55.747247399999999,0.615999997,-0.0160000008,20180507331100,793,0xa,0x4,21.0300007,25.7981567,0.0346841328,-0.0437115543,2.6493246e-05,30,1.074,2
793110400000661,49230978,2458246.811678282,58246.309780099997,19.5018711,0.0935476944,0,zg,226.8301194,55.747238500000002,0.57099998,-0.0130000003,20180508309734,793,0xa,0x4,21.4599991,26.2663593,0.0267155226,-0.0525481328,1.46888879e-05,30,1.07500005,2
793110400000661,49231167,2458246.8135763383,58246.3116782,19.5217457,0.0949777439,0,zg,226.83025230000001,55.747210799999998,0.990999997,-0.118000001,20180508311678,793,0xa,0x4,21.5300007,26.2542286,0.0293567739,-0.0437595174,1.79691015e-05,30,1.074,3
793110400000661,49232809,2458246.8299880433,58246.328090299998,19.6098633,0.101550229,0,zg,226.83019300000001,55.747179299999999,0.874000013,0.120999999,20180508328079,793,0xa,0x4,21.5599995,26.2573547,0.0253893938,-0.0369654149,1.33586727e-05,30,1.074,2
793110400000661,49235039,2458246.8522906951,58246.350393499997,19.4413509,0.08931043,0,zg,226.8301855,55.747224699999997,0.838999987,-0.104000002,20180508350394,793,0xa,0x4,21.5599995,26.2508297,0.0286913961,-0.0330529585,1.70495678e-05,30,1.08299994,2
793110400000661,49330993,2458247.8118042322,58247.3099306,19.5319328,0.0957182199,0,zg,226.83020970000001,55.747203200000001,0.734000027,-0.0769999996,20180509309931,793,0xa,0x4,22.0100002,26.2643757,0.0265084766,-0.0521775335,1.44842315e-05,30,1.074,3
793110400000661,49331084,2458247.8127185106,58247.310844899999,19.5234737,0.0951030254,0,zg,226.83015449999999,55.747192900000002,0.845000029,0.00899999961,20180509310845,793,0xa,0x4,22.0300007,26.2609158,0.0248314608,-0.0507499166,1.29237087e-05,30,1.074,2
793110400000661,49332942,2458247.83129445,58247.329421299997,19.4463005,0.0896503776,0,zg,226.8302037,55.747199799999997,1.11000001,-0.0460000001,20180509329410,793,0xa,0x4,21.9400005,26.255764,0.0252717007,-0.0448903777,1.33774429e-05,30,1.07500005,2
793110400000661,49335059,2458247.8524629236,58247.350590299997,19.5052052,0.093786262,0,zg,226.83023879999999,55.747193799999998,1.16299999,-0.0410000011,20180509350590,793,0xa,0x4,21.9799995,26.2656727,0.0262377318,-0.0542190745,1.43127063e-05,30,1.08599997,2
793110400000661,49432928,2458248.8311305032,58248.329282400002,19.5728645,0.0987443179,0,zg,226.8302114,55.747193099999997,1.278,0.0960000008,20180510329271,793,0xa,0x4,21.6000004,26.2663498,0.0271035302,-0.0468051508,1.54379013e-05,30,1.07599998,2
793110400000661,49434012,2458248.8419751292,58248.340127299998,19.5560226,0.097489275,0,zg,226.8301448,55.74718,0.727999985,-0.0350000001,20180510340093,793,0xa,0x4,21.6200008,26.265501,0.0270634349,-0.0441637598,1.52509128e-05,30,1.08099997,1
793110400000661,49434104,2458248.8428895036,58248.341041699998,19.5869331,0.0998033658,0,zg,226.8301712,55.747204099999998,1.12399995,-0.120999999,20180510341042,793,0xa,0x4,21.6100006,26.269413,0.0249709897,-0.0494215302,1.29706768e-05,30,1.08099997,3
793110400000661,49434195,2458248.8438037834,58248.341955999997,19.5439301,0.0965967104,0,zg,226.83016739999999,55.747173199999999,1.71800005,0.177000001,20180510341956,793,0xa,0x4,21.4699993,26.2634068,0.0276769232,-0.0361213088,1.60214477e-05,30,1.08200002,2
793110400000661,49436146,2458248.8633171823,58248.361469900003,19.4840546,0.0922820196,0,zg,226.8302204,55.747222399999998,0.736000001,-0.0410000011,20180510361458,793,0xa,0x4,21.5300007,26.2635784,0.0281250216,-0.0411859155,1.64255143e-05,30,1.09800005,2
793110400000661,49521731,2458249.7191402102,58249.2173148,19.670639,0.106305227,0,zg,226.83029550000001,55.747373500000002,0.662,0.0529999994,20180511217280,793,0xa,0x4,21.2099991,26.195137,0.0333537534,-0.0366872475,2.51649763e-05,30,1.17900002,2
793110400000661,49534350,2458249.84532909,58249.343506899997,19.5568562,0.0975510478,0,zg,226.83037110000001,55.747288500000003,0.578000009,0.064000003,20180511343495,793,0xa,0x4,21.1399994,26.2343903,0.0359725505,-0.0215793736,2.73075038e-05,30,1.08399999,2
793110400000661,49534442,2458249.8462434686,58249.344421299997,19.4670296,0.0910868123,0,zg,226.83020450000001,55.747268300000002,0.654999971,-0.0149999997,20180511344410,793,0xa,0x4,21.0799999,26.2245636,0.0329766758,-0.0179947317,2.29286707e-05,30,1.08500004,3
793110400000661,49537159,2458249.8734186604,58249.371597199999,19.5705643,0.0985720381,0,zg,226.82993819999999,55.747288300000001,1.17999995,0.159999996,20180511371574,793,0xa,0x4,20.8700008,26.2391014,0.0348540097,-0.0287107769,2.82159908e-05,30,1.11300004,2
793110400000661,50121871,2458255.7203780306,58255.218715299998,19.4873848,0.0925173908,0,zg,226.83017670000001,55.747194299999997,0.703000009,0.00300000003,20180517218692,793,0xa,0x4,21.9099998,26.243969,0.0276446156,-0.071469754,1.58324056e-05,30,1.14199996,2
793110400000661,50134359,2458255.8452586872,58255.343599500004,19.5330162,0.0957972854,0,zg,226.830096,55.747179899999999,0.493999988,0.0719999969,20180517343565,793,0xa,0x4,21.7199993,26.2448254,0.0277572181,-0.0486753285,1.60957006e-05,30,1.09899998,1
793110400000661,50135151,2458255.8531751614,58255.351516199997,19.6151829,0.101959132,0,zg,226.8302515,55.747176899999999,0.578999996,-0.0879999995,20180517351493,793,0xa,0x4,21.6100006,26.2360439,0.0264189411,-0.0415823869,1.45143476e-05,30,1.10800004,3
793110400000661,50135243,2458255.854089533,58255.352430600004,19.5143776,0.0944454148,0,zg,226.83029959999999,55.747202100000003,0.898000002,0.0540000014,20180517352431,793,0xa,0x4,21.5799999,26.2482719,0.0294413809,-0.0542480275,1.80087827e-05,30,1.11000001,2
793110400000661,50137072,2458255.8723876043,58255.370729200004,19.550724,0.0970972851,0,zg,226.8301342,55.747213199999997,0.809000015,-0.0260000005,20180517370718,793,0xa,0x4,21.6700001,26.2376862,0.0267124809,-0.0459347926,1.48351819e-05,30,1.13800001,2
793110400000661,50428366,2458258.7852425897,58258.283668999997,19.5727291,0.0987341329,0,zg,226.8301798,55.747174200000003,0.875999987,0.0240000002,20180520283657,793,0xa,0x4,21.7399998,26.1984844,0.0268875137,-0.0523384809,1.50405731e-05,30,1.074,3
793110400000661,50428458,2458258.7861568602,58258.284583300003,19.5986404,0.100691959,0,zg,226.83023059999999,55.747201699999998,0.850000024,-0.0120000001,20180520284572,793,0xa,0x4,21.6599998,26.2004261,0.0281235203,-0.0462339222,1.65747279e-05,30,1.074,1
793110400000661,50428697,2458258.7885526884,58258.286979199998,19.571022,0.0986062959,0,zg,226.83012600000001,55.747199100000003,0.967000008,0.0270000007,20180520286956,793,0xa,0x4,21.6399994,26.1998291,0.0296387263,-0.050351046,1.82590429e-05,30,1.074,2
793110400000661,50430180,2458258.8033786518,58258.3018056,19.496088,0.0931351781,0,zg,226.83025129999999,55.747169999999997,0.911000013,0.00800000038,20180520301806,793,0xa,0x4,21.6000004,26.2099152,0.0318954214,-0.0451267883,2.13204912e-05,30,1.07599998,2
793110400000661,50432888,2458258.8304611347,58258.328888900003,19.4610405,0.0906696841,0,zg,226.83015549999999,55.747254099999999,1.04999995,0.0469999984,20180520328854,793,0xa,0x4,21.6299992,26.2009392,0.0288889296,-0.0329178609,1.7436987e-05,30,1.09200001,2
793110400000661,50539001,2458259.8915520418,58259.3900116,19.5975628,0.100609884,32768,zg,226.8300758,55.747267299999997,0.595000029,0.0700000003,20180521389988,793,0xa,0x4,20.7700005,25.2726116,0.0592166595,-0.0147557808,9.13689582e-05,30,1.20500004,2
793110400000661,50724064,2458261.7421321138,58261.2406481,19.3981533,0.086393103,0,zg,226.830367,55.7472675,0.866999984,0.312000006,20180523240613,793,0xa,0x4,20.4699993,26.2202492,0.0383292511,-0.00296912086,6.00947169e-05,30,1.09000003,1
793110400000661,50724440,2458261.7458935869,58261.244409699997,19.5509529,0.097114183,0,zg,226.82986020000001,55.747320700000003,1.02199996,0.0120000001,20180523244410,793,0xa,0x4,20.1900005,26.2031918,0.0381944105,0.00204835902,5.52475612e-05,30,1.08700001,2
793110400000661,50827998,2458262.7814401598,58262.279988399998,19.7426529,0.112174362,0,zg,226.83025989999999,55.7472329,1.23800004,-0.202000007,20180524279977,793,0xa,0x4,20.9599991,26.2280369,0.0317374952,-0.0286601894,2.34558593e-05,30,1.074,2
793110400000661,50930069,2458263.8021140969,58263.300694400001,19.4667187,0.0910650939,0,zg,226.83025620000001,55.747245100000001,0.879999995,-0.175999999,20180525300660,793,0xa,0x4,20.4799995,26.2692184,0.0385908894,-0.0200899877,4.18806958e-05,30,1.08099997,2
793110400000661,51220174,2458266.7030743062,58266.201747699997,19.4299908,0.088534683,0,zg,226.83021909999999,55.747189400000003,0.356000006,-0.0219999999,20180528201713,793,0xa,0x4,20.5599995,26.2088547,0.0342905447,-0.032754723,3.43975553e-05,30,1.12,1
793110400000661,51220315,2458266.7044862597,58266.203159700002,19.4866314,0.0924640894,0,zg,226.83026000000001,55.747204400000001,0.526000023,-0.0820000023,20180528203137,793,0xa,0x4,20.4200001,26.2115135,0.0391528979,-0.0347009078,4.62069293e-05,30,1.11800003,2
793110400000661,51241454,2458266.9158682185,58266.414548599998,19.0795517,0.0674998611,0,zg,226.83005410000001,55.747341400000003,0.903999984,0.188999996,20180528414537,793,0xa,0x4,19.3899994,26.1883965,0.0435272977,-0.0196294896,0.000121863646,30,1.36000001,2
793110400000661,51317579,2458267.6770933215,58267.175798600001,19.6015091,0.100910783,0,zg,226.83043280000001,55.747218400000001,0.742999971,0.0379999988,20180529175787,793,0xa,0x4,20.0699997,26.2016411,0.0395285897,-0.0287285801,6.02983309e-05,30,1.16199994,2
793110400000661,51320030,2458267.7015948254,58267.200300899996,19.8141689,0.118252948,0,zg,226.83026899999999,55.747177899999997,0.546000004,-0.158000007,20180529200278,793,0xa,0x4,20.1499996,26.2073421,0.0385018662,-0.015839031,5.31749756e-05,30,1.11800003,2
793110400000661,51322258,2458267.7238742062,58267.222581000002,19.7976875,0.116830148,0,zg,226.8304583,55.747131000000003,0.239999995,-0.0680000037,20180529222546,793,0xa,0x4,20.1599998,26.1997375,0.0359032191,-0.00466055982,4.5503235e-05,30,1.09200001,2
793110400000661,51528534,2458269.7865718757,58269.285347199999,19.5548191,0.0974000841,0,zg,226.83007259999999,55.747245599999999,0.725000024,-0.0299999993,20180531285336,793,0xa,0x4,20.3500004,26.2277679,0.0367129706,-0.0356764011,4.27404666e-05,30,1.08200002,2
793110400000661,51531060,2458269.811825728,58269.310601899997,19.5568047,0.0975472406,0,zg,226.82995829999999,55.747190099999997,0.813000023,0.0410000011,20180531310567,793,0xa,0x4,20.3400002,26.2618637,0.0391564891,-0.0322195478,4.62778407e-05,30,1.10500002,1
793110400000661,51531151,2458269.8127400018,58269.311516200003,19.397253,0.086333178,0,zg,226.83018200000001,55.7471879,0.55400002,-0,20180531311505,793,0xa,0x4,20.4400005,26.2522964,0.0400228947,-0.0120331356,4.65404191e-05,30,1.10599995,2
793110400000661,51821570,2458272.7168311891,58272.215706000003,19.5178242,0.0946941078,0,zg,226.8301932,55.747190099999997,0.662,-0.0340000018,20180603215660,793,0xa,0x4,22,26.2198429,0.0296231713,-0.063034378,1.85292611e-05,30,1.08599997,2
793110400000661,51824031,2458272.7414368493,58272.240312499998,19.5628777,0.0979983956,0,zg,226.83017860000001,55.7471557,0.708000004,0.119999997,20180603240301,793,0xa,0x4,21.9400005,26.2319145,0.0266940445,-0.0681862906,1.49548032e-05,30,1.074,1
793110400000661,51824122,2458272.7423512153,58272.241226899998,19.5491352,0.0969800055,0,zg,226.8301452,55.747177600000001,0.778999984,0.0289999992,20180603241215,793,0xa,0x4,21.8400002,26.2312126,0.0284576844,-0.0737297535,1.69999366e-05,30,1.074,2
793110400000661,51826774,2458272.7688665031,58272.267743099997,19.4967804,0.0931845084,0,zg,226.8301874,55.747193799999998,0.825999975,-0.0250000004,20180603267743,793,0xa,0x4,21.7199993,26.2389317,0.0249931235,-0.0614934973,1.31852248e-05,30,1.07700002,2
793110400000661,51926230,2458273.763392284,58273.262303199997,19.5414848,0.0964171141,0,zg,226.83019429999999,55.747168299999998,0.797999978,0.0529999994,20180604262292,793,0xa,0x4,22.0799999,26.2627659,0.0272920132,-0.0693780482,1.570737e-05,30,1.07599998,2
793110400000661,51928003,2458273.781123166,58273.280034700001,19.5608559,0.0978479907,0,zg,226.83021410000001,55.747199899999998,0.963,-0.057,20180604280023,793,0xa,0x4,21.8799992,26.2522449,0.0248012654,-0.0548725128,1.29126893e-05,30,1.08599997,2
793110400000661,52024383,2458274.7448859578,58274.243831,19.5334206,0.0958267748,0,zg,226.83021460000001,55.747178900000002,0.957000017,0.0270000007,20180605243785,793,0xa,0x4,22.2299995,26.2713985,0.024910504,-0.0744885802,1.2991225e-05,30,1.074,2
793110400000661,52026435,2458274.7654061397,58274.264351899998,19.4823818,0.0921639949,0,zg,226.83017520000001,55.747186999999997,0.616999984,0.0149999997,20180605264340,793,0xa,0x4,22.1499996,26.2724571,0.0250860509,-0.0696442351,1.31448851e-05,30,1.07799995,2
793110400000661,52028089,2458274.7819448616,58274.280891199996,19.5312881,0.0956711993,0,zg,226.83016499999999,55.747176799999998,1.06099999,0.108999997,20180605280891,793,0xa,0x4,22.1599998,26.2734947,0.0234116297,-0.0705555305,1.15338353e-05,30,1.08899999,2
793110400000661,52224849,2458276.7494799141,58276.248495400003,19.5040989,0.0937070549,0,zg,226.83019390000001,55.747163299999997,0.757000029,-0.0289999992,20180607248414,793,0xa,0x4,22.25,26.284626,0.024244383,-0.0896681845,1.1932184e-05,30,1.074,2
793110400000661,52226606,2458276.7670486886,58276.266064800002,19.5482941,0.0969180167,0,zg,226.83017760000001,55.747192599999998,1.33299994,0.0759999976,20180607266065,793,0xa,0x4,22.1599998,26.2698154,0.0230855681,-0.0768999904,1.08256036e-05,30,1.08099997,1
793110400000661,52226747,2458276.7684607408,58276.2674769,19.5967216,0.100545898,0,zg,226.83016889999999,55.747163700000002,1.86000001,-0.207000002,20180607267431,793,0xa,0x4,22.1599998,26.2752399,0.0242782552,-0.0837753937,1.20246814e-05,30,1.08200002,2
793110400000661,52322856,2458277.7295145257,58277.228564800003,19.5179901,0.0947060883,0,zg,226.8301687,55.747175599999998,1.24000001,0.00600000005,20180608228519,793,0xa,0x4,21.9899998,26.1894855,0.026137555,-0.069494471,1.42947683e-05,30,1.074,2
793110400000661,52332553,2458277.8264786573,58277.325532399998,19.5587101,0.0976885706,0,zg,226.83015510000001,55.747166,1.00899994,-0.0839999989,20180608325498,793,0xa,0x4,21.7399998,26.1972694,0.0258170292,-0.0831586123,1.37004017e-05,30,1.16700006,2
793110400000661,52334346,2458277.8444062108,58277.343460600001,19.5334435,0.0958284289,0,zg,226.8301755,55.7471794,0.916000009,-0.0850000009,20180608343461,793,0xa,0x4,21.8899994,26.1910152,0.0258836076,-0.0797381997,1.36845683e-05,30,1.21200001,2
793110400000661,52420621,2458278.7071301057,58278.206215300001,19.4385529,0.0891187936,0,zg,226.83020479999999,55.747222399999998,0.379999995,-0.0219999999,20180609206181,793,0xa,0x4,21.4699993,26.2260132,0.0332773887,-0.0520713702,2.28366007e-05,30,1.08099997,2
793110400000661,52421942,2458278.7203356354,58278.219421299997,19.5882587,0.0999036506,0,zg,226.8301544,55.747193899999999,0.624000013,-0.0799999982,20180609219387,793,0xa,0x4,21.6900005,26.2317276,0.0280718822,-0.0606353097,1.63614895e-05,30,1.07500005,2
793110400000661,52434491,2458278.8458288158,58278.344919000003,19.5884056,0.0999147519,0,zg,226.83016670000001,55.747185199999997,1.16400003,-0.0140000004,20180609344884,793,0xa,0x4,21.8400002,26.2289982,0.0274295732,-0.0740068853,1.55565776e-05,30,1.22399998,2
793110400000661,52522853,2458279.7294081827,58279.228530100001,19.6025333,0.100988984,0,zg,226.83016660000001,55.747180499999999,0.458000004,0.0529999994,20180610228495,793,0xa,0x4,22,26.2719269,0.0258031394,-0.0831995532,1.36594608e-05,30,1.07299995,2
793110400000661,52529978,2458279.8006556057,58279.299780100002,19.5985622,0.100686058,32768,zg,226.83013800000001,55.747176600000003,0.763999999,0.0949999988,20180610299769,793,0xa,0x4,21.5300007,26.0440521,0.0483221225,-0.101264775,4.8059439e-05,30,1.12800002,1
793110400000661,52530451,2458279.8053892315,58279.304513900002,19.5685024,0.0984179452,32768,zg,226.8300351,55.747168600000002,1.14900005,0.101999998,20180610304479,793,0xa,0x4,21.2000008,25.9080105,0.0389009565,-0.0872072428,3.21300104e-05,30,1.13600004,2
793110400000661,52532342,2458279.8243005476,58279.323425900002,19.5029163,0.0936224312,0,zg,226.83019540000001,55.747168100000003,1.11199999,0.00300000003,20180610323345,793,0xa,0x4,21.6900005,26.2564697,0.0285291895,-0.0972188935,1.67282542e-05,30,1.17499995,2
793110400000661,52624496,2458280.7458066554,58280.2449653,19.5588837,0.0977014974,0,zg,226.8301816,55.747179899999999,0.50999999,-0.00300000003,20180611244954,793,0xa,0x4,22.0599995,26.2782001,0.0251732301,-0.068018876,1.31843699e-05,30,1.07599998,2
793110400000661,52626218,2458280.763028231,58280.262187499997,19.5542908,0.0973609909,0,zg,226.830207,55.747173600000004,0.667999983,0.074000001,20180611262188,793,0xa,0x4,22.0599995,26.2776279,0.0255210362,-0.075057365,1.33650556e-05,30,1.08599997,2
793110400000661,52627953,2458280.7803771012,58280.279537000002,19.5094585,0.0940914005,0,zg,226.83021590000001,55.747152,0.652999997,0.00899999961,20180611279502,793,0xa,0x4,22.1299992,26.276823,0.0237908289,-0.0766536817,1.16158608e-05,30,1.10300004,2
793110400000661,52726994,2458281.7707462171,58281.2699421,19.6095581,0.101526797,0,zg,226.83019719999999,55.747152,0.708999991,-0.0549999997,20180612269896,793,0xa,0x4,21.8199997,26.2614727,0.0260231588,-0.0691491365,1.40051006e-05,30,1.09599996,2
793110400000661,52728633,2458281.7871345156,58281.286331000003,19.5224571,0.0950293094,0,zg,226.8301936,55.7471587,1.57700002,-0.00800000038,20180612286308,793,0xa,0x4,21.8099995,26.2494125,0.0268294234,-0.0622245334,1.49704256e-05,30,1.11600006,2
793110400000661,52826679,2458282.7675617142,58282.266794000003,19.59795,0.100639373,0,zg,226.83015510000001,55.747181099999999,0.381000012,-0.0560000017,20180613266725,793,0xa,0x4,21.9699993,26.2293377,0.0255014393,-0.0715910643,1.33388694e-05,30,1.09500003,1
793110400000661,52826770,2458282.76847598,58282.267708300002,19.5844059,0.0996123999,0,zg,226.83018559999999,55.747196899999999,1.18200004,-0.119999997,20180613267708,793,0xa,0x4,21.8799992,26.2268105,0.0245739687,-0.0643123984,1.24523558e-05,30,1.09599996,2
793110400000661,52828052,2458282.7812880087,58282.280520799999,19.6089783,0.101482272,0,zg,226.83015090000001,55.747183800000002,0.538999975,0.0120000001,20180613280486,793,0xa,0x4,21.7600002,26.1454506,0.0271496382,-0.0673641562,1.5303578e-05,30,1.11199999,2
793110400000661,52926538,2458283.7661129837,58283.265381899997,19.5065689,0.0938839987,0,zg,226.83020690000001,55.747178699999999,1.11000001,-0.0350000001,20180614265382,793,0xa,0x4,22.1900005,26.2879639,0.0247224625,-0.0749614984,1.25608603e-05,30,1.09599996,2
793110400000661,52928002,2458283.7807536428,58283.2800231,19.544096,0.0966088921,0,zg,226.83019970000001,55.747171899999998,0.757000029,-0.0289999992,20180614279931,793,0xa,0x4,22.1100006,26.2945347,0.0251278728,-0.0863449872,1.28851343e-05,30,1.11399996,2
793110400000661,52930061,2458283.8013431793,58283.300613400002,19.5591049,0.0977179632,0,zg,226.83017039999999,55.747165600000002,1.36300004,0.0410000011,20180614300579,793,0xa,0x4,22.1000004,26.279583,0.0259516221,-0.0858288109,1.38795376e-05,30,1.14900005,2
793110400000661,53022611,2458284.7268067938,58284.226111099997,19.5578461,0.0976245254,0,zg,226.8301769,55.747177100000002,0.560000002,0.00300000003,20180615226076,793,0xa,0x4,21.8299999,26.2160549,0.0264440514,-0.0571909361,1.44862261e-05,30,1.074,2
793110400000661,53024273,2458284.74342658,58284.242731500002,19.5090141,0.0940594524,0,zg,226.83014660000001,55.747160200000003,0.446999997,-0.0170000009,20180615242720,793,0xa,0x4,21.9799995,26.23526,0.0253928844,-0.0707997456,1.3354138e-05,30,1.08000004,2
793110400000661,53026701,2458284.7677080808,58284.267013899997,19.5199261,0.0948460549,0,zg,226.8301452,55.7471532,0.746999979,-0.0270000007,20180615266968,793,0xa,0x4,21.8700008,26.2212658,0.0244107079,-0.0672321022,1.21778603e-05,30,1.10099995,2
793110400000661,53222706,2458286.7276817537,58286.227060199999,19.6279106,0.102943249,0,zg,226.8301874,55.747212599999997,1.15900004,-0.0280000009,20180617227049,793,0xa,0x4,21.9400005,26.2832832,0.0255929045,-0.0728425458,1.34401871e-05,30,1.07599998,2
793110400000661,53224347,2458286.7440931466,58286.243472200003,19.5926743,0.100238316,0,zg,226.83020909999999,55.747166900000003,1.11600006,0.0379999988,20180617243472,793,0xa,0x4,22.1299992,26.2911263,0.0266668554,-0.0818331167,1.45672884e-05,30,1.08399999,2
793110400000661,53225813,2458286.7587569971,58286.258136600001,19.6910152,0.107940115,0,zg,226.83019279999999,55.747184400000002,0.555999994,0.0460000001,20180617258125,793,0xa,0x4,21.9899998,26.3004837,0.0292709172,-0.092823796,1.7559747e-05,30,1.097,2
793110400000661,53420747,2458288.7080245926,58288.207476900003,19.6369419,0.103646375,0,zg,226.83017889999999,55.747164300000001,1.13800001,-0.150999993,20180619207431,793,0xa,0x4,21.5599995,26.2613106,0.0256928205,-0.0527217537,1.35533346e-05,30,1.07299995,2
793110400000661,53422563,2458288.7261836147,58288.2256366,19.432003,0.0886716545,0,zg,226.8301975,55.747149200000003,0.746999979,0.111000001,20180619225590,793,0xa,0x4,21.6700001,26.273407,0.0251262449,-0.064678371,1.29863629e-05,30,1.07700002,2
793110400000661,53422793,2458288.7284867256,58288.227939800003,19.4602165,0.0906124488,0,zg,226.83017240000001,55.7471733,0.802999973,-0.0869999975,20180619227940,793,0xa,0x4,21.7199993,26.2686367,0.0240339488,-0.0656602904,1.19894985e-05,30,1.07799995,1
793110400000661,53435832,2458288.858863811,58288.358321799999,19.532835,0.0957840607,0,zg,226.83022349999999,55.7470876,1.25300002,0.0970000029,20180619358310,793,0xa,0x4,21.1299992,26.23489,0.0315528214,-0.075028412,2.14146985e-05,30,1.37800002,2
793110400000661,53518600,2458289.6865179422,58289.186006900003,19.5857506,0.0997139812,0,zg,226.8301864,55.7471666,1.046,-0.00300000003,20180620185972,793,0xa,0x4,21.3299999,26.2232018,0.0311872233,-0.0332803763,2.10817871e-05,30,1.07599998,2
793110400000661,53519778,2458289.6982999947,58289.197789400001,19.5564365,0.0975199416,0,zg,226.83005750000001,55.7471879,0.792999983,-0.128000006,20180620197743,793,0xa,0x4,21.1399994,26.2388992,0.0300193224,-0.0386342481,1.92134685e-05,30,1.07299995,2
793110400000661,53536423,2458289.8647404066,58289.364236100002,19.6035805,0.101068959,0,zg,226.8302137,55.747191299999997,0.800000012,-0.0160000008,20180620364201,793,0xa,0x4,21.6499996,26.2063541,0.0283600315,-0.0510513894,1.66665432e-05,30,1.41999996,2
793110400000661,53619692,2458290.6973943929,58290.196921299997,19.5635319,0.0980471224,0,zg,226.83025720000001,55.747160600000001,1.07200003,-0.023,20180621196910,793,0xa,0x4,20.8799992,26.2060661,0.0334287509,-0.0270952079,2.57067441e-05,30,1.07299995,2
793110400000661,53622804,2458290.728515916,58290.228044000003,19.5818214,0.0994174555,0,zg,226.8301361,55.7471818,0.559000015,0.0649999976,20180621228021,793,0xa,0x4,21.2299995,26.2093525,0.0294268951,-0.0271525886,1.81439173e-05,30,1.08099997,2
793110400000661,53820533,2458292.7057330529,58292.205335600003,19.5219727,0.0949942395,0,zg,226.8301787,55.747196299999999,0.822000027,-0.136999995,20180623205336,793,0xa,0x4,21.2199993,26.2635002,0.0313895158,-0.0488454476,2.14796655e-05,30,1.07299995,2
793110400000661,53822365,2458292.7240541559,58292.223657399998,19.8170013,0.118498743,0,zg,226.83008140000001,55.747210699999997,0.470999986,0.0170000009,20180623223646,793,0xa,0x4,20.9699993,26.2565155,0.0324022062,-0.0408865213,2.35792068e-05,30,1.08099997,2
793110400000661,53834320,2458292.8435982093,58292.343205999998,19.6525764,0.104873069,0,zg,226.83018670000001,55.747180700000001,0.813000023,-0.122000001,20180623343206,793,0xa,0x4,20.9599991,26.2209625,0.0317829102,-0.0386112109,2.28722784e-05,30,1.35800004,2
793110400000661,53918482,2458293.6851868788,58293.1848264,19.35079,0.0832952857,0,zg,226.83021360000001,55.747151600000002,0.547999978,-0.0979999974,20180624184792,793,0xa,0x4,20.6499996,26.2752991,0.0317118205,-0.0385197401,2.58544515e-05,30,1.07299995,2
793110400000661,53919626,2458293.6966216434,58293.196261600002,19.49823,0.0932878107,0,zg,226.83012909999999,55.7471599,0.754000008,-0.0590000004,20180624196250,793,0xa,0x4,20.4599991,26.2747459,0.0424801074,-0.0457681678,5.05614917e-05,30,1.07200003,2
793110400000661,53921444,2458293.7148037557,58293.214444400001,19.6155567,0.101987958,0,zg,226.83008169999999,55.747142199999999,0.963999987,-0.409999996,20180624214433,793,0xa,0x4,20.4799995,26.2670593,0.0319885053,-0.0382789448,2.92562963e-05,30,1.07799995,2
793110400000661,54019987,2458294.7001948054,58294.199872700003,19.5491371,0.0969801769,0,zg,226.8301697,55.747179500000001,0.356999993,0.0540000014,20180625199838,793,0xa,0x4,20.9500008,26.2866344,0.0339014493,-0.0497605316,2.57394095e-05,30,1.07299995,2
793110400000661,54020078,2458294.701109075,58294.200787000002,19.4752235,0.0916603357,0,zg,226.83021220000001,55.747142699999998,0.836000025,-0.122000001,20180625200775,793,0xa,0x4,20.9699993,26.2617207,0.0325612165,-0.0319306143,2.42878286e-05,30,1.074,1
793110400000661,54022476,2458294.7250896604,58294.224768499997,19.5826149,0.0994772241,0,zg,226.8301385,55.747184699999998,0.832000017,-0.00499999989,20180625224734,793,0xa,0x4,20.9300003,26.2761269,0.0297096055,-0.052316349,2.10145026e-05,30,1.08599997,2
793110400000661,54118763,2458295.687923634,58295.187638900003,19.4920292,0.0928466097,0,zg,226.83031209999999,55.747171999999999,0.59799999,-0.023,20180626187639,793,0xa,0x4,20.7600002,26.237381,0.0341785289,-0.0280649569,2.89041163e-05,30,1.07200003,2
793110400000661,54120309,2458295.7033744417,58295.203090299998,19.3925743,0.0860227495,0,zg,226.83015449999999,55.747182899999999,0.774999976,-0.130999997,20180626203079,793,0xa,0x4,20.7399998,26.2240009,0.0343199261,-0.0215116777,3.02852513e-05,30,1.07500005,2
793110400000661,54122229,2458295.7225751192,58295.222291700004,19.5392265,0.0962514281,0,zg,226.83024180000001,55.7471459,0.989000022,0.057,20180626222257,793,0xa,0x4,20.4099998,26.2336521,0.0331457742,-0.0179540981,3.28503556e-05,30,1.08599997,2
793110400000661,54219922,2458296.6994709237,58296.1992245,19.5700722,0.0985353068,0,zg,226.83032249999999,55.747201500000003,0.419,-0.0860000029,20180627199213,793,0xa,0x4,20.1900005,26.2509174,0.039141424,-0.0210515708,5.22784758e-05,30,1.07500005,2
793110400000661,54418496,2458298.6851364635,58298.184965300003,19.6263428,0.102821618,0,zg,226.8301476,55.747290100000001,0.537,-0.104999997,20180629184954,793,0xa,0x4,20.5900002,26.2903175,0.0323309377,-0.102695018,2.83523641e-05,30,1.07200003,2
793110400000661,54420444,2458298.7046148391,58298.204444399998,19.4984608,0.0933042988,0,zg,226.83026749999999,55.7471508,0.834999979,-0.0879999995,20180629204444,793,0xa,0x4,20.7399998,26.254509,0.0325407349,-0.0622780137,2.65703093e-05,30,1.079,2
793110400000661,54422528,2458298.7254590457,58298.225289399998,19.5217285,0.0949765369,0,zg,226.8302065,55.747120600000002,0.782000005,0.0850000009,20180629225278,793,0xa,0x4,20.8899994,26.265871,0.035840597,-0.070048064,3.01739765e-05,30,1.09599996,2
793110400000661,54620190,2458300.7020044448,58300.201909700001,19.5442104,0.0966173038,0,zg,226.83019279999999,55.747172999999997,0.709999979,-0.0829999968,20180701201910,793,0xa,0x4,21.8299999,26.2143517,0.0273948163,-0.0996109024,1.54021927e-05,30,1.08099997,2
793110400000661,54622094,2458300.7210431183,58300.220949100003,19.524704,0.0951922759,0,zg,226.83014069999999,55.7471757,1.10099995,-0.126000002,20180701220903,793,0xa,0x4,21.3400002,26.1759872,0.0281836633,-0.0809674188,1.66571699e-05,30,1.09800005,1
793110400000661,54622185,2458300.7219458842,58300.221851900002,19.5715237,0.0986438692,0,zg,226.83010630000001,55.7471563,0.81400001,0.0670000017,20180701221852,793,0xa,0x4,21.3299999,26.1848221,0.0304470528,-0.0835684612,1.95428347e-05,30,1.09899998,2
793110400000661,54630609,2458300.8061902714,58300.306099499998,19.3561573,0.0836411193,0,zg,226.83026810000001,55.747117899999999,0.361999989,-0.00300000003,20180701306076,793,0xa,0x4,20.8999996,26.1689415,0.0347417146,-0.0689790174,2.85996175e-05,30,1.29499996,2
793110400000661,54819655,2458302.6965701394,58302.1965509,19.5481987,0.0969109833,0,zg,226.83016040000001,55.747212599999997,0.975000024,-0.0410000011,20180703196539,793,0xa,0x4,21.5,26.2276974,0.027728077,-0.0352960788,1.6090773e-05,30,1.08099997,2
793110400000661,55020121,2458304.7011588239,58304.201215300003,19.54986,0.0970334858,0,zg,226.83022080000001,55.747177100000002,0.652999997,-0.0350000001,20180705201204,793,0xa,0x4,22.0100002,26.1953754,0.0236949679,-0.072969608,1.15417452e-05,30,1.08800006,2
793110400000661,55021629,2458304.7162392521,58304.216296300001,19.6107178,0.101615839,0,zg,226.83019970000001,55.747165299999999,1.28199995,-0.150000006,20180705216215,793,0xa,0x4,21.9899998,26.2072296,0.0248734597,-0.0844219252,1.26405776e-05,30,1.10399997,1
793110400000661,55021724,2458304.717188315,58304.217245400003,19.5589962,0.0977098197,0,zg,226.83020139999999,55.7471879,0.414999992,0.00400000019,20180705217222,793,0xa,0x4,21.9899998,26.2085056,0.022859659,-0.0747386664,1.06690513e-05,30,1.10599995,2
793110400000661,55030600,2458304.8059464316,58304.306006899998,19.5152473,0.0945080742,0,zg,226.8301673,55.747168600000002,0.368999988,-0.0390000008,20180705305984,793,0xa,0x4,21.6700001,26.1796551,0.0273477677,-0.0971303955,1.54338395e-05,30,1.33800006,2
793110400000661,55321922,2458307.7190545117,58307.219224499997,19.613945,0.101863876,0,zg,226.8302079,55.747167900000001,0.836000025,0.0670000017,20180708219190,793,0xa,0x4,22.0300007,26.1171913,0.0271008108,-0.0691436082,1.48626186e-05,30,1.12,1
793110400000661,55419626,2458308.6960550346,58308.196261600002,19.5511436,0.0971282795,0,zg,226.83022260000001,55.747215300000001,0.694999993,0.0500000007,20180709196227,793,0xa,0x4,21.8500004,26.0380878,0.0259471424,-0.0630329773,1.41237251e-05,30,1.09399998,2
793110400000661,55421297,2458308.7127673086,58308.212974499998,19.6060696,0.101259373,0,zg,226.83019780000001,55.747157100000003,0.541999996,-0.057,20180709212928,793,0xa,0x4,22,26.1420937,0.0269934703,-0.0683610663,1.51394743e-05,30,1.11500001,2
793110400000661,55438625,2458308.8860362358,58308.386250000003,19.5476303,0.0968690738,0,zg,226.83017910000001,55.747170599999997,0.702000022,0.0280000009,20180709386227,793,0xa,0x4,21.1599998,25.8032131,0.0331803001,-0.0399281643,2.3398743e-05,30,2.03200006,2
793110400000661,55724208,2458311.741763365,58311.2420833,19.521656,0.0949712694,0,zg,226.83011450000001,55.747177299999997,0.996999979,-0.0560000017,20180712242037,793,0xa,0x4,21.5799999,25.9061203,0.0310778096,-0.0573415123,2.01511975e-05,30,1.18700004,1
793110400000661,56117587,2458315.6754152337,58315.175879599999,19.4515476,0.0900120586,0,zg,226.8301027,55.747187699999998,1.023,0.112000003,20180716175833,793,0xa,0x4,21.0699997,26.0456238,0.0328900963,-0.0286614858,2.40020654e-05,30,1.09200001,2
793110400000661,56117679,2458315.676329609,58315.176793999999,19.5573311,0.0975863189,0,zg,226.83028519999999,55.747195400000003,0.935000002,-0.061999999,20180716176782,793,0xa,0x4,21.1599998,26.0473919,0.0332391635,-0.0286442414,2.44798703e-05,30,1.09300005,1
793110400000661,56518013,2458319.6795304148,58319.180138900003,19.5632515,0.0980262607,0,zg,226.83016409999999,55.747270800000003,0.54400003,0.00300000003,20180720180116,793,0xa,0x4,20.4699993,26.1927528,0.0363123044,-0.00512013119,3.68737601e-05,30,1.10899997,1
793110400000661,56718166,2458321.6809874871,58321.181666700002,19.3653202,0.084234491,0,zg,226.83021780000001,55.747368399999999,0.941999972,-0.0560000017,20180722181632,793,0xa,0x4,20.0300007,26.0538349,0.0407391712,-0.0133053428,6.12603981e-05,30,1.12,2
793110400000661,56719858,2458321.6979081924,58321.198587999999,19.6822739,0.107236236,0,zg,226.83020010000001,55.747239100000002,0.67900002,-0.143999994,20180722198576,793,0xa,0x4,20.4500008,26.0887718,0.03389493,-0.00929786731,3.32506534e-05,30,1.14999998,2
793110400000661,56818231,2458322.6816005926,58322.182314799997,19.6142845,0.101890035,0,zg,226.83018530000001,55.747229400000002,1.41999996,-0.164000005,20180723182303,793,0xa,0x4,20.8099995,26.2507744,0.0352759771,-0.0175381284,2.94972124e-05,30,1.125,2
793110400000661,56928478,2458323.7840275867,58323.284780100003,19.4999733,0.0934121385,0,zg,226.83031159999999,55.747174200000003,0.264999986,0.0240000002,20180724284769,793,0xa,0x4,20.5499992,26.096529,0.0387742594,-0.0197831113,4.22708836e-05,30,1.49600005,2
793110400000661,57026748,2458324.7667020448,58324.267488400001,19.4836445,0.0922530815,0,zg,226.8300754,55.747151100000004,0.861999989,0.141000003,20180725267488,793,0xa,0x4,20.3500004,26.1578407,0.0429095253,-0.0517158955,5.71597302e-05,30,1.41400003,2
793110400000661,57027884,2458324.7780558593,58324.278842599997,19.3607483,0.083937943,0,zg,226.83031489999999,55.747198300000001,0.68900001,-0.0489999987,20180725278843,793,0xa,0x4,20.0400009,26.1420116,0.0428394414,-0.021120593,6.65545522e-05,30,1.477,2
793110400000661,57317607,2458327.6751915002,58327.176076399999,19.5721645,0.0986918882,0,zg,226.8301907,55.747241099999997,0.615999997,0.0560000017,20180728176076,793,0xa,0x4,20.4099998,26.1476517,0.039345067,-0.0247097258,4.61515192e-05,30,1.13800001,2
793110400000661,57319402,2458327.6931423005,58327.194027799997,19.3162251,0.0811003819,0,zg,226.83028089999999,55.7471569,0.400000006,-0.0920000002,20180728194016,793,0xa,0x4,20.4099998,26.117672,0.0350466333,-0.0288785361,4.25626167e-05,30,1.176,2
793110400000661,57727670,2458331.7756817802,58331.276701399998,19.5313358,0.0956746787,0,zg,226.83022209999999,55.747224699999997,0.656000018,0.0869999975,20180801276667,793,0xa,0x4,20.4400005,26.0344887,0.0374274179,-0.00530955475,4.19258977e-05,30,1.58800006,1
793110400000661,57817947,2458332.6784307128,58332.1794792,19.5686932,0.0984321982,0,zg,226.83016240000001,55.747225100000001,0.43599999,0.0390000008,20180802179398,793,0xa,0x4,21.2700005,26.1447449,0.031124521,-0.022156721,2.11461684e-05,30,1.17400002,2
793110400000661,57819516,2458332.6941130091,58332.195162000004,19.6873856,0.107647374,0,zg,226.830187,55.74718,1.39199996,-0.0680000037,20180802195162,793,0xa,0x4,21.6000004,26.1465511,0.0292088278,-0.042392917,1.8010287e-05,30,1.21500003,2
793110400000661,57821561,2458332.7145637479,58332.215613400003,19.7060242,0.109157339,0,zg,226.8302071,55.747199299999998,0.519999981,0.0250000004,20180802215602,793,0xa,0x4,21.6499996,26.1103973,0.02720882,-0.0353084132,1.55526013e-05,30,1.28199995,2
793110400000661,58317486,2458337.6736578383,58337.1748611,19.5152016,0.0945048034,0,zg,226.83026029999999,55.747193600000003,1.12899995,-0.0419999994,20180807174861,793,0xa,0x4,21.6599998,26.1975803,0.0262700692,-0.0431333818,1.43785319e-05,30,1.19599998,1
793110400000661,58917497,2458343.6736006457,58343.174976900002,19.5133591,0.0943719745,0,zg,226.83017090000001,55.7472037,0.393000007,-0.0199999996,20180813174977,793,0xa,0x4,21.3400002,26.1406307,0.02929263,-0.049851466,1.79031304e-05,30,1.24399996,1
793110400000661,59215263,2458346.6511826282,58346.152638899999,19.5269699,0.0953568891,0,zg,226.83008659999999,55.747252799999998,0.665000021,-0.210999995,20180816152639,793,0xa,0x4,20.7399998,26.135273,0.0343998671,-0.010351385,3.13654273e-05,30,1.20099998,1
793110400000661,59515162,2458349.6500877445,58349.1516204,19.5996838,0.100771546,0,zg,226.83029260000001,55.747191999999998,0.89200002,-0.0970000029,20180819151551,793,0xa,0x4,20.9400005,26.1393433,0.0342312157,-0.0267935824,2.74302001e-05,30,1.22099996,1
793110400000661,59515253,2458349.6510020127,58349.152534699999,19.762867,0.11386741,32768,zg,226.83013130000001,55.7472499,0.54400003,-0.00400000019,20180819152523,793,0xa,0x4,20.4799995,26.2325382,0.0361519828,-0.168738335,4.188608e-05,30,1.22399998,2
793110400000661,59517393,2458349.6724019721,58349.1739352,19.6236401,0.102612212,0,zg,226.8301204,55.747202399999999,1.01199996,0.0480000004,20180819173889,793,0xa,0x4,20.9799995,26.1215096,0.0306651238,-0.0299964715,2.12388113e-05,30,1.29799998,2
793110400000661,59519620,2458349.6946699126,58349.196203699998,19.5842323,0.0995992646,0,zg,226.83019519999999,55.747163999999998,0.5,-0.0189999994,20180819196169,793,0xa,0x4,21.0300007,26.1124725,0.0324128009,-0.0172468238,2.35991192e-05,30,1.398,2
793110400000661,59624106,2458350.7395054135,58350.2410648,19.4987946,0.0933281034,0,zg,226.83017559999999,55.747199999999999,0.310000002,0.00400000019,20180820241065,793,0xa,0x4,20.8500004,26.0885658,0.03359171,-0.00998261478,2.79238066e-05,30,1.71899998,2
793110400000661,59625927,2458350.7577109626,58350.259270800001,19.4114475,0.0872815177,0,zg,226.83022070000001,55.747223499999997,0.777999997,-0.234999999,20180820259271,793,0xa,0x4,20.6599998,26.048645,0.0343339294,-0.0135117359,3.08222516e-05,30,1.898,2
793110400000661,59724210,2458351.7405231255,58351.242106500002,19.8497925,0.121372342,0,zg,226.8302012,55.747196000000002,0.941999972,-0.105999999,20180821242083,793,0xa,0x4,20.8899994,26.1257133,0.0344004445,-0.0402178168,2.80587483e-05,30,1.75300002,2
793110400000661,59725819,2458351.7566106319,58351.258194399998,19.4911957,0.0927874669,0,zg,226.83018519999999,55.747222800000003,0.671000004,0.0340000018,20180821258183,793,0xa,0x4,20.8099995,26.0773983,0.0353730395,-0.0228945706,2.9837398e-05,30,1.91700006,2
793110400000661,59815752,2458352.6559182773,58352.157523100002,19.5240059,0.0951415896,0,zg,226.83013489999999,55.747134500000001,0.703999996,-0.195999995,20180822157512,793,0xa,0x4,20.3999996,26.1209736,0.0374399126,-0.0267282147,4.20058095e-05,30,1.26699996,2
793110400000661,59817747,2458352.6758716009,58352.177476899997,19.5008736,0.0934764892,0,zg,226.83008530000001,55.747229699999998,0.620000005,-0.0149999997,20180822177477,793,0xa,0x4,20.6800003,26.0862312,0.0351921842,-0.0249615069,3.17100967e-05,30,1.347,2
793110400000661,60513856,2458359.6368104173,58359.1385648,19.4196548,0.0878341049,0,zg,226.8301539,55.7472396,1.171,-0.143999994,20180829138542,793,0xa,0x4,20.5799999,25.7804565,0.0390171818,-0.0317621753,4.27044361e-05,30,1.26800001,2
793110400000661,60514146,2458359.6397154564,58359.141469900002,19.6133537,0.10181839,32768,zg,226.83013,55.747165699999996,0.305999994,-0.0439999998,20180829141435,793,0xa,0x4,20.9200001,25.8462086,0.0600656383,-0.0303716213,8.83708635e-05,30,1.27900004,1
793110400000661,60715541,2458361.6536239963,58361.155416699999,19.5541801,0.0973527804,0,zg,226.83016430000001,55.747188700000002,1.37300003,-0.197999999,20180831155405,793,0xa,0x4,21.25,26.2391891,0.0312712304,-0.0457629114,2.01320072e-05,30,1.36199999,2
793110400000661,60718238,2458361.6805910841,58361.182384300002,19.4780884,0.0918615833,0,zg,226.8302142,55.747121999999997,1.403,0.156000003,20180831182373,793,0xa,0x4,21.4200001,26.2155933,0.0291118808,-0.0442775041,1.75944097e-05,30,1.50399995,2
793110400000661,60721356,2458361.7117709885,58361.213564799997,19.5045242,0.0937375203,0,zg,226.83017050000001,55.747184599999997,0.985000014,-0.172999993,20180831213542,793,0xa,0x4,21.1800003,26.179575,0.0309354514,-0.0381165035,2.05808756e-05,30,1.73300004,2
793110400000661,60821451,2458362.712701946,58362.214513899999,19.6481819,0.104527086,0,zg,226.83005679999999,55.7472086,0.783999979,0.0140000004,20180901214387,793,0xa,0x4,20.7199993,26.1823559,0.0329980291,-0.0483651981,2.62316607e-05,30,1.76600003,1
793110400000661,61121841,2458365.7165514631,58365.218414399998,19.4887447,0.0926136971,0,zg,226.83021819999999,55.747169900000003,1.01199996,0.0719999969,20180904218380,793,0xa,0x4,21.3400002,26.0721359,0.0272091925,-0.0424832143,1.54709051e-05,30,1.88499999,1
793110400000661,61220590,2458366.704024259,58366.2059028,19.5684414,0.0984133929,0,zg,226.83024829999999,55.747165000000003,1.09800005,-0.00999999978,20180905205868,793,0xa,0x4,21.4400005,26.1686382,0.0298316758,-0.0817517936,1.85048502e-05,30,1.78699994,2
793110400000661,61221502,2458366.7131444099,58366.215023099998,19.5026588,0.0936040208,0,zg,226.8302171,55.747190500000002,0.874000013,-0.0430000015,20180905214977,793,0xa,0x4,21.2800007,26.1549854,0.0374525636,-0.0825702995,2.96612252e-05,30,1.87800002,2
793110400000661,61419865,2458368.6967491168,58368.198657399997,19.6122169,0.101730958,0,zg,226.8302209,55.747155599999999,0.50999999,0.00600000005,20180907198623,793,0xa,0x4,21.4200001,26.1444187,0.029332744,-0.0652012154,1.80185089e-05,30,1.77100003,2
793110400000661,61419957,2458368.6976635018,58368.199571800003,19.499094,0.0933494419,0,zg,226.83017359999999,55.747188000000001,1.00199997,-0.0930000022,20180907199572,793,0xa,0x4,21.3199997,26.1403542,0.0300621595,-0.053797543,1.86245888e-05,30,1.77900004,1
793110400000661,61422219,2458368.7202904588,58368.222199099997,19.5149345,0.0944855511,0,zg,226.83016219999999,55.747122400000002,1.16600001,0.0439999998,20180907222164,793,0xa,0x4,21.2000008,26.1226196,0.0321705602,-0.0674258396,2.18040041e-05,30,2.02099991,2
793110400000661,61522505,2458369.7231352115,58369.225057900003,19.5873585,0.0998354554,0,zg,226.8302262,55.7472013,0.372999996,-0.0289999992,20180908224988,793,0xa,0x4,21.25,26.0550613,0.0313854367,-0.0640395582,2.10083908e-05,30,2.09200001,2
793110400000661,61617516,2458370.6732265987,58370.175162,19.4395962,0.0891901925,0,zg,226.83019680000001,55.7471715,0.656000018,-0.0710000023,20180909175150,793,0xa,0x4,21.1200008,26.1829929,0.0414512381,-0.0559126772,3.57638746e-05,30,1.62100005,2
793110400000661,61619662,2458370.6946847034,58370.196620399998,19.6817169,0.107191533,0,zg,226.8302185,55.747178400000003,0.74000001,0.0260000005,20180909196586,793,0xa,0x4,21.1800003,26.1616039,0.0300204102,-0.0638903826,1.94466029e-05,30,1.80299997,2
793110400000661,61720031,2458371.6983639542,58371.200312499997,19.5560799,0.0974935144,0,zg,226.83027949999999,55.747152700000001,0.49000001,-0.00600000005,20180910200220,793,0xa,0x4,21.3099995,26.2104568,0.0313217454,-0.109842807,2.0626223e-05,30,1.86699998,1
793110400000661,61820832,2458372.7063609706,58372.208321799997,19.4794788,0.0919593796,0,zg,226.8302051,55.747192200000001,0.818000019,-0.0780000016,20180911208299,793,0xa,0x4,21.1299992,26.1524849,0.0320730731,-0.0616190732,2.22031777e-05,30,1.98599994,2
793110400000661,61919981,2458373.6978425188,58373.199814799998,19.4851704,0.0923608467,0,zg,226.83014159999999,55.747229599999997,0.991999984,-0.0790000036,20180912199792,793,0xa,0x4,20.8999996,26.1764965,0.0326175727,-0.0807650685,2.39396395e-05,30,1.91999996,2
793110400000661,62019754,2458374.6955631138,58374.197546299998,19.5128555,0.0943357497,0,zg,226.83017000000001,55.747188999999999,0.805000007,-0.136000007,20180913197488,793,0xa,0x4,21.1599998,26.1586266,0.0311965328,-0.0656067654,2.04427743e-05,30,1.92499995,1
793110400000661,62415431,2458378.6522969012,58378.154317100001,19.4887314,0.0926127732,0,zg,226.8301979,55.747199799999997,1.23399997,-0.0890000015,20180917154294,793,0xa,0x4,21.2999992,26.180584,0.0293745063,-0.0467122644,1.86813249e-05,30,1.62899995,2
793110400000661,62417460,2458378.6725861193,58378.174606499997,19.5741806,0.098842971,0,zg,226.83016749999999,55.747155100000001,1.13900006,0.191,20180917174537,793,0xa,0x4,21.1499996,26.1724815,0.0302586611,-0.0616829693,2.00212544e-05,30,1.801,2
793110400000661,62717534,2458381.673305436,58381.175347199998,19.4391804,0.0891617984,0,zg,226.8301069,55.747145400000001,0.597000003,-0.0560000017,20180920175324,793,0xa,0x4,20.4400005,26.1456375,0.0366503857,-0.0714769065,4.11062065e-05,30,1.89199996,1
793110400000661,63513233,2458389.630267825,58389.132338000003,19.8737259,0.123501733,0,zg,226.83018440000001,55.747149899999997,0.86500001,0.0309999995,20180928132222,793,0xa,0x4,21.1499996,25.8967686,0.0431801081,-0.0602412969,4.10553148e-05,30,1.69200003,1
793110400000661,73350972,2458488.0101451352,58487.509722199997,19.7797241,0.115294352,0,zg,226.83018430000001,55.7471611,0.996999979,-0.0439999998,20190104509711,793,0xa,0x4,21.6399994,26.2213078,0.0269932393,-0.0590143017,1.47457276e-05,30,1.36300004,1
793110400000661,74053363,2458495.0343283531,58494.533634300002,19.8999214,0.125862837,0,zg,226.83018369999999,55.747149399999998,1.48300004,-0.0450000018,20190111533623,793,0xa,0x4,22.2099991,26.2394829,0.0238663107,-0.0835874826,1.1657211e-05,30,1.21099997,1
793110400000661,74847317,2458502.9741617623,58502.4731713,19.5819397,0.0994263515,0,zg,226.83032069999999,55.7473283,0.815999985,-0.0670000017,20190119473056,793,0xa,0x4,19.9899998,26.1185265,0.0406035371,-0.0432798825,6.21960789e-05,30,1.34599996,1
793110400000661,76850406,2458523.0057180636,58522.504062499997,19.768528,0.114345014,0,zg,226.83018050000001,55.747295100000002,1.30200005,0.128000006,20190208504039,793,0xa,0x4,21.1000004,26.2249546,0.0351906568,-0.0274145715,2.72402831e-05,30,1.11500001,1
793110400000661,77246332,2458526.9650894878,58526.463321800002,19.7455063,0.112412095,0,zg,226.83047260000001,55.747143899999998,0.99000001,-0.0939999968,20190212463299,793,0xa,0x4,20.8099995,26.055912,0.0358024128,-0.0355970971,2.92931982e-05,30,1.16900003,1
793110400000661,78454120,2458539.0432639881,58538.541203699999,19.7133198,0.10975302,0,zg,226.8303367,55.747319099999999,0.930999994,-0.063000001,20190224541169,793,0xa,0x4,20.0100002,25.8097839,0.0411048532,-0.0303761549,6.77322605e-05,30,1.079,2
793110400000661,78538748,2458539.8895661649,58539.387488400003,19.8284016,0.119491979,32768,zg,226.83011010000001,55.747202299999998,0.640999973,0.0140000004,20190225387465,793,0xa,0x4,20.7199993,25.8199577,0.0701632202,-0.00511170132,0.000123684396,30,1.28499997,2
793110400000661,78640620,2458540.9083019942,58540.406203699997,19.9137802,0.127124801,32768,zg,226.8301755,55.747162500000002,1.04299998,-0.224000007,20190226406181,793,0xa,0x4,21.1200008,26.0183086,0.0307928026,-0.0523995012,2.04982462e-05,30,1.21599996,2
793110400000661,78644465,2458540.9467518711,58540.444652799997,19.8548985,0.121824324,0,zg,226.83019870000001,55.747167500000003,0.878000021,-0.105999999,20190226444630,793,0xa,0x4,21.4899998,26.2394772,0.0270801745,-0.0633899048,1.53094916e-05,30,1.13100004,2
793110400000661,78646634,2458540.9684421103,58540.466342599997,19.8956261,0.125473544,0,zg,226.83013539999999,55.747182600000002,0.922999978,-0.0500000007,20190226466331,793,0xa,0x4,21.7000008,26.2522392,0.0275127348,-0.0589713529,1.57170562e-05,30,1.10099995,2
793110400000661,78743531,2458541.9374309196,58541.435312499998,19.8025627,0.11724969,0,zg,226.8301941,55.747206599999998,0.579999983,0.0729999989,20190227435278,793,0xa,0x4,21.5599995,26.2121429,0.0279934146,-0.0567021519,1.59253686e-05,30,1.14199996,2
793110400000661,78744473,2458541.9468524083,58541.444733800003,19.8715115,0.123303533,0,zg,226.8301247,55.747169,0.587000012,0.160999998,20190227444699,793,0xa,0x4,21.8500004,26.2510853,0.0275471285,-0.0666264743,1.5466956e-05,30,1.12600005,2
793110400000661,78949009,2458543.9922493156,58543.490092599997,19.7488422,0.11269065,0,zg,226.83021189999999,55.747149100000001,1.18599999,-0.0289999992,20190301490081,793,0xa,0x4,21.5699997,26.2333565,0.0350696854,-0.0517625026,2.53866583e-05,30,1.07799995,2
793110400000661,78951920,2458544.0213586404,58543.519201399999,19.8749428,0.123610742,0,zg,226.8301807,55.747229099999998,1.99699998,-0.241999999,20190301519190,793,0xa,0x4,21.6000004,26.208477,0.0339964852,-0.0592190176,2.3679584e-05,30,1.07599998,2
793110400000661,78954059,2458544.042747933,58543.540590299999,19.7901039,0.116179958,32768,zg,226.8299366,55.747336699999998,1.05700004,0.0439999998,20190301540556,793,0xa,0x4,20.5300007,25.5646286,0.0433753543,-0.0189289749,5.31215956e-05,30,1.08700001,2
793110400000661,79334150,2458547.8437261204,58547.341504600001,19.9117355,0.126938105,0,zg,226.83007760000001,55.747144599999999,0.559000015,-0.0109999999,20190305341493,793,0xa,0x4,21.2399998,26.1701946,0.028420167,-0.0412291177,1.70369658e-05,30,1.38600004,1
793110400000661,79334621,2458547.8484368874,58547.3462153,19.9398174,0.129519045,0,zg,226.8302004,55.747255699999997,1.46800005,-0.115000002,20190305346192,793,0xa,0x4,21.0599995,26.1743355,0.0331395976,-0.0338192992,2.2969376e-05,30,1.36399996,2
793110400000661,79336015,2458547.8623723122,58547.360150499997,19.7213211,0.110409312,0,zg,226.83026039999999,55.747207600000003,0.689999998,-0.0790000036,20190305360150,793,0xa,0x4,21.2199993,26.1838455,0.0328108929,-0.040038608,2.21486207e-05,30,1.30599999,2
793110400000661,79338802,2458547.8902430632,58547.388020799997,19.6935215,0.108142555,0,zg,226.83025799999999,55.747180899999996,1.08000004,-0.108999997,20190305388009,793,0xa,0x4,21.3600006,26.2061405,0.0295436289,-0.0435128994,1.79625167e-05,30,1.21300006,2
793110400000661,80245465,2458556.9569905438,58556.454652799999,19.9888992,0.134113893,0,zg,226.83026359999999,55.7472292,0.871999979,0.00700000022,20190314454653,793,0xa,0x4,21.2700005,26.2444401,0.0296640582,-0.0516328029,1.78990686e-05,30,1.07799995,2
793110400000661,80246356,2458556.9659026423,58556.463564799997,19.8832588,0.124357343,0,zg,226.8300011,55.747258199999997,0.708000004,-0.0520000011,20190314463530,793,0xa,0x4,21.1299992,26.2467918,0.0293592904,-0.0498660542,1.79726121e-05,30,1.07500005,2
793110400000661,80246446,2458556.9668054515,58556.464467600003,19.732933,0.111367367,0,zg,226.83008179999999,55.747178099999999,0.537999988,-0.0149999997,20190314464468,793,0xa,0x4,21.3199997,26.240469,0.0292516816,-0.0461241379,1.76301874e-05,30,1.07500005,1
793110400000661,80249770,2458557.0000464767,58556.497708299998,19.6812134,0.107151158,0,zg,226.83006499999999,55.7471782,0.638999999,0.0460000001,20190314497674,793,0xa,0x4,20.8999996,26.2437401,0.0337731168,-0.0443851501,2.41085345e-05,30,1.08200002,2
793110400000661,80344681,2458557.9491642523,58557.446817099997,19.8883076,0.124812156,0,zg,226.8302386,55.747198699999998,0.718999982,-0.134000003,20190315446817,793,0xa,0x4,20.9099998,26.2238503,0.0378810279,-0.0481546037,3.23517779e-05,30,1.08000004,2
793110400000661,80442332,2458558.9256775794,58558.423321800001,19.737833,0.111773647,0,zg,226.83018229999999,55.747211,0.890999973,-0.108000003,20190316423287,793,0xa,0x4,21.0900002,26.2633953,0.0309235938,-0.0885754377,2.00051691e-05,30,1.09500003,2
793110400000661,80533685,2458559.8392151594,58559.3368519,19.7848969,0.115735084,0,zg,226.83015370000001,55.747117099999997,1.41999996,0.351999998,20190317336829,793,0xa,0x4,20.7000008,26.193409,0.0321203507,-0.0489938855,2.56904023e-05,30,1.27100003,2
793110400000661,80623555,2458560.737925645,58560.235555599997,19.4306564,0.0885799378,0,zg,226.83006459999999,55.747198400000002,0.207000002,0.0359999985,20190318235556,793,0xa,0x4,20.1200008,26.108139,0.0393189304,-0.0569757782,5.24460338e-05,30,1.90400004,2
793110400000661,80626428,2458560.7666526716,58560.2642824,19.9713593,0.132459924,0,zg,226.83021500000001,55.747153500000003,0.564999998,-0.0430000015,20190318264248,793,0xa,0x4,20.2199993,26.1357841,0.043752756,-0.0266098995,6.01389293e-05,30,1.64199996,1
793110400000661,80628119,2458560.7835625084,58560.281192100003,19.7414856,0.112077244,0,zg,226.8301146,55.747210600000003,0.870000005,-0.191,20190318281169,793,0xa,0x4,20.2999992,26.1728783,0.0355592258,-0.0534002036,3.96431096e-05,30,1.52400005,2
793110400000661,80751986,2458562.0222401237,58561.519861100001,19.7350445,0.111542255,0,zg,226.83003529999999,55.7469897,0.563000023,-0.0520000011,20190319519838,793,0xa,0x4,20.3099995,26.2354336,0.0391956381,-0.0564905405,4.82161558e-05,30,1.11800003,2
793110400000661,81340118,2458567.9035863425,58567.401180599998,19.6810074,0.107134603,0,zg,226.83026090000001,55.747260500000003,0.697000027,-0.189999998,20190325401181,793,0xa,0x4,20.4699993,26.1704044,0.0383046679,-0.0137479212,4.05617466e-05,30,1.09300005,2
793110400000661,81344248,2458567.9448942607,58567.442488399996,19.9392662,0.129468083,0,zg,226.82990090000001,55.747379799999997,0.944000006,-0.333000004,20190325442326,793,0xa,0x4,20.4099998,26.1836872,0.0353179052,-0.0268900078,3.49633337e-05,30,1.07500005,2
793110400000661,81422920,2458568.7316089906,58568.229201399998,19.680172,0.10706757,0,zg,226.83016789999999,55.747204600000003,1,-0.202000007,20190326229201,793,0xa,0x4,21.0699997,25.8577595,0.0335060433,-0.0164689813,2.47132375e-05,30,1.75100005,2
793110400000661,81424023,2458568.7426391211,58568.2402315,19.8345566,0.120030791,0,zg,226.83025079999999,55.747152399999997,1.07299995,-0.116999999,20190326240231,793,0xa,0x4,21.1800003,25.9590416,0.0303580593,-0.0265946966,1.99469196e-05,30,1.65900004,2
793110400000661,81426810,2458568.7705096002,58568.268101900001,19.7775383,0.115108594,0,zg,226.83015520000001,55.747157399999999,0.623000026,-0.133000001,20190326268067,793,0xa,0x4,21.4699993,26.0699444,0.0290023275,-0.0390478857,1.75408404e-05,30,1.47099996,2
793110400000661,81832207,2458572.8244822877,58572.322071800001,19.6867561,0.107596681,0,zg,226.83011060000001,55.747215599999997,0.853999972,-0.149000004,20190330322049,793,0xa,0x4,21.25,25.7741299,0.0337489396,-0.0766861737,2.42529077e-05,30,1.20700002,2
793110400000661,81834474,2458572.8471558895,58572.344745399998,19.9133987,0.127089947,0,zg,226.83016240000001,55.747083600000003,0.745999992,0.165000007,20190330344734,793,0xa,0x4,21.2099991,25.6908016,0.032613866,-0.0802561194,2.29480502e-05,30,1.15400004,2
793110400000661,81838807,2458572.8904891652,58572.388078700002,19.8139229,0.118231542,0,zg,226.83009300000001,55.747224000000003,1.56599998,0.128000006,20190330388079,793,0xa,0x4,21.4799995,25.8693447,0.0314224064,-0.081584692,2.03537147e-05,30,1.09200001,2
793110400000661,81839269,2458572.8951072646,58572.392696800001,19.7883949,0.116033763,0,zg,226.83012880000001,55.7471739,1.17900002,0.0829999968,20190330392674,793,0xa,0x4,21.5599995,25.9928093,0.0293253586,-0.0810321048,1.79118888e-05,30,1.08800006,1
793110400000661,81931923,2458573.8216455881,58573.319236099996,20.044899,0.13948071,0,zg,226.830243,55.747143100000002,0.957000017,-0.0109999999,20190331319213,793,0xa,0x4,20.7600002,26.111248,0.0401149578,-0.0386691839,3.87206892e-05,30,1.20700002,2
793110400000661,81936423,2458573.8666455499,58573.364236100002,19.6949959,0.108261853,0,zg,226.8301141,55.747136400000002,0.51700002,0.0670000017,20190331364225,793,0xa,0x4,21.6100006,26.1884041,0.0256382003,-0.07605391,1.34745769e-05,30,1.11600006,2
793110400000661,81938275,2458573.8851640266,58573.382754600003,19.6959496,0.108339041,0,zg,226.83011519999999,55.747176099999997,0.680999994,0.0260000005,20190331382755,793,0xa,0x4,21.7000008,26.1254177,0.0259100366,-0.0605883971,1.36630561e-05,30,1.09399998,2
793110400000661,82036750,2458574.8699077433,58574.3675,19.7494774,0.112743765,0,zg,226.8301281,55.747181500000003,0.753000021,0.101000004,20190401367465,793,0xa,0x4,21.8700008,26.1211262,0.0245398916,-0.0597551465,1.23527798e-05,30,1.10800004,2
793110400000661,82039184,2458574.8942479999,58574.391840299999,19.7391777,0.111885354,0,zg,226.8301007,55.747177700000002,0.902999997,-0.00600000005,20190401391817,793,0xa,0x4,21.8999996,26.1056709,0.0266809054,-0.0829389691,1.46109787e-05,30,1.08500004,2
793110400000661,82040568,2458574.9080905733,58574.405682899996,19.7406597,0.112008512,32768,zg,226.83015309999999,55.747159600000003,0.63499999,0.00999999978,20190401405648,793,0xa,0x4,21.4599991,25.8921986,0.033476714,-0.0588745251,2.2989565e-05,30,1.07799995,2
793110400000661,82130341,2458575.805819924,58575.303414399998,19.6776028,0.106861696,32768,zg,226.83016710000001,55.747168899999998,1.39199996,-0.197999999,20190402303414,793,0xa,0x4,21.2999992,25.5209618,0.0496506803,-0.0662667155,5.30232319e-05,30,1.23699999,2
793110400000661,82132215,2458575.8245582832,58575.322152799999,19.7194691,0.110257179,0,zg,226.83017090000001,55.747166900000003,0.538999975,0.00300000003,20190402322130,793,0xa,0x4,22.0200005,26.1768322,0.0237263869,-0.0692286938,1.15507692e-05,30,1.18599999,2
793110400000661,82134504,2458575.8474517306,58575.345046299997,19.7608604,0.113698363,0,zg,226.83014990000001,55.747182500000001,1.25899994,0.0729999989,20190402345023,793,0xa,0x4,21.8199997,25.9712677,0.0265895072,-0.0656803399,1.44537908e-05,30,1.13800001,1
793110400000661,82134598,2458575.848389226,58575.345983799998,19.8248806,0.119184516,0,zg,226.83018559999999,55.747202799999997,1.22599995,-0.143999994,20190402345972,793,0xa,0x4,21.6900005,25.8753014,0.0274617653,-0.0642959028,1.5469157e-05,30,1.13600004,2
793110400000661,82630722,2458580.8096061433,58580.307222199997,19.6763077,0.106757976,0,zg,226.8302195,55.747210000000003,0.921999991,0.0299999993,20190407307199,793,0xa,0x4,21.2800007,26.2299118,0.0327380821,-0.0778335631,2.19474041e-05,30,1.18900001,2
793110400000661,82640847,2458580.9108555657,58580.408472199997,19.6217899,0.102469057,0,zg,226.83016319999999,55.747163999999998,0.460999995,-0.0480000004,20190407408472,793,0xa,0x4,21.75,26.201395,0.0252928529,-0.0716706887,1.31613597e-05,30,1.07500005,1
793110400000661,82640937,2458580.9117583586,58580.409375000003,19.753418,0.113073498,0,zg,226.8301937,55.747177100000002,0.538999975,-0.0109999999,20190407409375,793,0xa,0x4,21.6900005,26.1850262,0.0248520318,-0.0585809685,1.26535133e-05,30,1.07500005,2
793110400000661,82642289,2458580.925276774,58580.422893499999,19.7585144,0.113501094,0,zg,226.83019279999999,55.747213000000002,0.361000001,0.00200000009,20190407422894,793,0xa,0x4,21.6599998,26.1761589,0.0281333234,-0.0720532611,1.60525597e-05,30,1.07799995,2
793110400000661,82730236,2458581.8047387837,58581.302361100003,19.7867279,0.115891382,0,zg,226.8302501,55.747189900000002,0.790000021,0.0520000011,20190408302350,793,0xa,0x4,21.7900009,26.1552734,0.0268500317,-0.0520278066,1.46305247e-05,30,1.19400001,2
793110400000661,82732743,2458581.8298081309,58581.327430600002,19.7294483,0.111079186,0,zg,226.83021629999999,55.7471636,0.802999973,-0.0529999994,20190408327396,793,0xa,0x4,21.7399998,26.1239834,0.0262565222,-0.0591714866,1.41521277e-05,30,1.13999999,2
793110400000661,82834094,2458582.8433195786,58582.340949099998,19.7386932,0.111845046,0,zg,226.8301798,55.747190799999998,1.04200006,-0.00700000022,20190409340914,793,0xa,0x4,22.0100002,26.2020493,0.0249434114,-0.0633601844,1.26806153e-05,30,1.11399996,2
793110400000661,82836653,2458582.8689096989,58582.366539399998,19.8216305,0.118901312,32768,zg,226.83017649999999,55.747179600000003,0.691999972,-0.0370000005,20190409366505,793,0xa,0x4,21.3700008,25.7920017,0.030592313,-0.0511895679,1.98974631e-05,30,1.08700001,2
793110400000661,82838422,2458582.8865946713,58582.384224499998,19.7211761,0.110397443,32768,zg,226.8301869,55.7471873,0.632000029,0.103,20190409384225,793,0xa,0x4,21.3899994,25.834568,0.0333315283,-0.0552492626,2.35160187e-05,30,1.07799995,2
793110400000661,82936430,2458583.8666682788,58583.3643056,19.8615246,0.122412838,0,zg,226.83021110000001,55.747233899999998,0.578000009,0.0529999994,20190410364306,793,0xa,0x4,20.9699993,26.1029282,0.034851145,-0.0728020072,2.66036932e-05,30,1.08700001,2
793110400000661,82936618,2458583.8685432724,58583.366180600002,19.9330311,0.128892154,0,zg,226.8302453,55.747117899999999,0.866999984,0.0469999984,20190410366146,793,0xa,0x4,20.9200001,26.099432,0.0347993225,-0.0574684106,2.66572424e-05,30,1.08599997,1
793110400000661,82939052,2458583.8928832696,58583.3905208,19.7491493,0.112716243,0,zg,226.83026699999999,55.747258600000002,0.897000015,0.00400000019,20190410390521,793,0xa,0x4,21.0200005,26.13064,0.034579698,-0.0713091344,2.5827545e-05,30,1.07500005,2
793110400000661,82941515,2458583.9175127847,58583.415150499997,19.761095,0.113718167,0,zg,226.8301592,55.747154999999999,1.01499999,0.0350000001,20190410415116,793,0xa,0x4,21.3299999,26.1556358,0.0303792078,-0.0749743953,1.90573155e-05,30,1.07799995,2
793110400000661,83028273,2458584.785086581,58584.282731500003,19.6639938,0.105776519,0,zg,226.83023059999999,55.7471326,0.708000004,-0.0270000007,20190411282708,793,0xa,0x4,21.1599998,26.1633854,0.0330560058,-0.060906563,2.28331028e-05,30,1.22599995,2
793110400000661,83126938,2458585.771732931,58585.269386599997,19.8051109,0.117469341,0,zg,226.83021220000001,55.747144200000001,0.749000013,0.0329999998,20190412269375,793,0xa,0x4,21.3099995,26.1636658,0.0286510158,-0.0620126911,1.70425155e-05,30,1.25899994,2
793110400000661,83127829,2458585.7806448531,58585.278298600002,19.6878242,0.107682705,0,zg,226.83019469999999,55.747155800000002,1.02999997,0.0340000018,20190412278275,793,0xa,0x4,21.4300003,26.1774254,0.0315518044,-0.0855756402,2.00048544e-05,30,1.23099995,2
793110400000661,83240892,2458586.9112590947,58586.4089236,19.776125,0.114988536,0,zg,226.83010770000001,55.747178400000003,0.638000011,0.0130000003,20190413408924,793,0xa,0x4,21.5599995,26.2257404,0.0327932723,-0.0838123187,2.19044705e-05,30,1.079,2
793110400000661,83240982,2458586.9121618844,58586.409826399999,19.7902794,0.116194949,0,zg,226.83017140000001,55.747178499999997,0.910000026,0.0419999994,20190413409826,793,0xa,0x4,21.5799999,26.2258739,0.0348071717,-0.0888051242,2.46845993e-05,30,1.079,1
793110400000661,83243395,2458586.9362935447,58586.433958299996,19.7610474,0.113714136,0,zg,226.8302151,55.747139099999998,1.42200005,0.0179999992,20190413433924,793,0xa,0x4,21.7399998,26.2346401,0.0316206068,-0.0970316157,2.02475476e-05,30,1.097,2
793110400000661,83244320,2458586.945541149,58586.443206000004,19.8152142,0.118343636,0,zg,226.83015270000001,55.747179299999999,1.37100005,0.194999993,20190413443206,793,0xa,0x4,21.8299999,26.2147942,0.0307823382,-0.0742454156,1.90374776e-05,30,1.10699999,2
793110400000661,83331674,2458587.8190739285,58587.316747700002,19.7366028,0.111671552,0,zg,226.8302463,55.747183399999997,1.60899997,-0.136000007,20190414316748,793,0xa,0x4,21.0100002,26.1710434,0.0330259278,-0.0448831692,2.38574594e-05,30,1.13,2
793110400000661,83336557,2458587.8679044251,58587.365578700003,19.6534958,0.104945555,0,zg,226.8301726,55.747236200000003,0.583000004,-0.0500000007,20190414365567,793,0xa,0x4,20.4500008,25.7799835,0.037023779,-0.0371711291,4.10930188e-05,30,1.08000004,2
793110400000661,83430509,2458588.8074081405,58588.3050926,19.3787346,0.0851103067,32768,zg,226.83031199999999,55.7474676,0.795000017,0.181999996,20190415305069,793,0xa,0x4,19.7099991,25.3472824,0.0916428119,-0.0215198379,0.000434093818,30,1.14600003,2
793110400000661,83540837,2458589.9106825637,58589.408379599998,19.5727291,0.0987341329,0,zg,226.83025140000001,55.747173199999999,0.52700001,-0.0909999982,20190416408356,793,0xa,0x4,20.1599998,25.9913197,0.0392874777,-0.0554932207,5.20095673e-05,30,1.08299994,2
793110400000661,83724284,2458591.7451274851,58591.242847200003,19.6987972,0.10856986,0,zg,226.83011830000001,55.747094199999999,1.28299999,-0.0260000005,20190418242847,793,0xa,0x4,20.0699997,26.1733913,0.0395187438,-0.0445387438,5.76721395e-05,30,1.29499996,2
793110400000661,83726321,2458591.7654976244,58591.263217599997,19.5018654,0.0935473517,0,zg,226.83013220000001,55.747189400000003,0.469999999,-0.0480000004,20190418263194,793,0xa,0x4,20.1000004,26.1465168,0.0328521132,-0.0446315296,3.84887462e-05,30,1.227,2
793110400000661,83843347,2458592.9357367121,58592.433472199999,19.6351566,0.103507042,0,zg,226.83013510000001,55.747174299999998,0.536000013,-0.164000005,20190419433461,793,0xa,0x4,20.1800003,26.2236977,0.0333294421,-0.035859894,3.71887472e-05,30,1.11600006,2
793110400000661,83843528,2458592.9375538779,58592.435289399997,19.5127316,0.0943268314,0,zg,226.83010719999999,55.747284200000003,0.741999984,-0.0590000004,20190419435278,793,0xa,0x4,20.0900002,26.2132778,0.0346213356,-0.027989123,3.97948897e-05,30,1.11899996,1
793110400000661,84023675,2458594.7389982007,58594.236759300002,19.538372,0.096188888,0,zg,226.8302334,55.747280000000003,0.621999979,-0.050999999,20190421236748,793,0xa,0x4,20.1499996,26.1798706,0.0374372788,-0.0372433439,4.80243725e-05,30,1.28699994,2
793110400000661,84028673,2458594.7889742935,58594.286736100003,19.29636,0.0798637196,0,zg,226.8301984,55.747224799999998,0.703000009,-0.150000006,20190421286713,793,0xa,0x4,19.9300003,26.2039585,0.0423941948,-0.0497587174,6.74323019e-05,30,1.14999998,2
793110400000661,84223706,2458596.7392684775,58596.237060200001,19.6361828,0.103587106,0,zg,226.8301471,55.747173699999998,0.587000012,-0.0949999988,20190423237060,793,0xa,0x4,21.3799992,26.1816616,0.0301063284,-0.0648453087,1.87954047e-05,30,1.26699996,1
793110400000661,84224685,2458596.7490600282,58596.246851900003,19.7222404,0.11048501,0,zg,226.83014180000001,55.747163100000002,1.11000001,-0.0289999992,20190423246829,793,0xa,0x4,21.4799995,26.1967411,0.0335070379,-0.0879397467,2.31663544e-05,30,1.23500001,2
793110400000661,84245594,2458596.9581539007,58596.455949100004,19.6171436,0.102110237,0,zg,226.83025739999999,55.7471654,0.805000007,-0.135000005,20190423455949,793,0xa,0x4,20.8199997,26.2027092,0.0343371145,-0.0548731722,2.73502756e-05,30,1.17799997,2
793110400000661,84326952,2458597.7717170534,58597.2695255,19.7774868,0.115104243,0,zg,226.83017140000001,55.747174000000001,0.745999992,-0.0820000023,20190424269525,793,0xa,0x4,21.5499992,26.1830578,0.0286813863,-0.0673047677,1.69254072e-05,30,1.16799998,2
793110400000661,84330501,2458597.8072025776,58597.305011600001,19.7547379,0.113184094,0,zg,226.8301084,55.747198500000003,0.66900003,0.0280000009,20190424304977,793,0xa,0x4,21.2800007,26.1914425,0.0292392988,-0.0374301933,1.78678947e-05,30,1.10800004,2
793110400000661,84424738,2458598.7495594127,58598.247384299997,19.7001724,0.108681507,0,zg,226.83013439999999,55.7471709,1.20500004,0.108999997,20190425247373,793,0xa,0x4,21.9099998,26.1475716,0.0279464088,-0.0685186833,1.59328374e-05,30,1.21700001,2
793110400000661,84426005,2458598.7622328047,58598.260057899999,19.7416439,0.112090334,0,zg,226.83019759999999,55.747135399999998,0.788999975,-0.0250000004,20190425260035,793,0xa,0x4,22.1200008,26.1611176,0.0276349187,-0.0750131831,1.5536707e-05,30,1.18400002,2
793110400000661,84428241,2458598.7845935286,58598.282419000003,19.748806,0.112687565,0,zg,226.83016979999999,55.747167300000001,0.546000004,0.00100000005,20190425282384,793,0xa,0x4,21.9599991,26.1623478,0.0272887815,-0.0569840372,1.52586881e-05,30,1.13800001,2
793110400000661,84444849,2458598.9506670786,58598.4484954,19.7146301,0.109860353,0,zg,226.83019179999999,55.747148099999997,0.474999994,-0.0359999985,20190425448345,793,0xa,0x4,21.6299992,26.1959782,0.02705184,-0.0633659959,1.49671341e-05,30,1.17299998,2
793110400000661,84444894,2458598.9511184697,58598.448946800003,19.6701908,0.106269494,0,zg,226.83016979999999,55.747162199999998,0.647000015,0.0120000001,20190425448935,793,0xa,0x4,21.6000004,26.1945381,0.028306175,-0.0708730668,1.65783931e-05,30,1.17400002,2
793110400000661,84446018,2458598.9623566722,58598.460185199998,19.7595329,0.113586783,0,zg,226.8301452,55.747163999999998,0.527999997,0.00600000005,20190425460058,793,0xa,0x4,21.5300007,26.1918812,0.0274390243,-0.0643814355,1.53541041e-05,30,1.20200002,2
793110400000661,85238583,2458606.8878505216,58606.385833300003,19.8306923,0.119692355,0,zg,226.83017709999999,55.747166100000001,0.879000008,-0.023,20190503385822,793,0xa,0x4,21.9099998,26.1792297,0.0281959921,-0.0742145181,1.62958459e-05,30,1.10399997,2
793110400000661,85242403,2458606.9260557848,58606.424039400001,19.7188721,0.110208139,0,zg,226.8301534,55.747148299999999,1.08700001,0.136999995,20190503424016,793,0xa,0x4,21.8999996,26.1515713,0.027818298,-0.0548960529,1.58537168e-05,30,1.16700006,2
793110400000661,85244891,2458606.9509278326,58606.448912,19.7857094,0.115804352,0,zg,226.83017050000001,55.7471751,0.377000004,0.0439999998,20190503448889,793,0xa,0x4,22.1399994,26.1525478,0.0253218822,-0.0663824007,1.30905782e-05,30,1.23199999,1
793110400000661,85245502,2458606.9570387951,58606.455023100003,19.7072449,0.109256819,0,zg,226.83012600000001,55.747198400000002,0.720000029,0.00600000005,20190503454988,793,0xa,0x4,21.8899994,26.1529331,0.0275237635,-0.0634290725,1.546563e-05,30,1.25100005,2
793110400000661,85330916,2458607.8111637002,58607.309166699997,19.6931286,0.108110845,0,zg,226.83015459999999,55.747174200000003,0.787,0.063000001,20190504309155,793,0xa,0x4,22.1399994,26.1778908,0.0251275208,-0.0728642493,1.30724729e-05,30,1.08000004,2
793110400000661,85340671,2458607.9087078301,58607.406712999997,19.7077942,0.109301642,0,zg,226.83020529999999,55.747158399999996,0.425000012,-0.0529999994,20190504406713,793,0xa,0x4,22.0400009,26.1843758,0.0262331385,-0.0745543316,1.4183709e-05,30,1.13800001,2
793110400000661,85428952,2458608.7915005316,58608.289525499997,19.7380409,0.111790881,0,zg,226.8301969,55.747159699999997,0.643999994,-0.116999999,20190505289525,793,0xa,0x4,21.5,26.1410522,0.0283493213,-0.0593536906,1.65723013e-05,30,1.09200001,2
793110400000661,85432875,2458608.8307241481,58608.328750000001,19.717411,0.110088199,0,zg,226.83018469999999,55.747148500000002,1.05900002,0.0810000002,20190505328750,793,0xa,0x4,21.5100002,26.1254215,0.0303109773,-0.0717955455,1.85690315e-05,30,1.07500005,2
793110400000661,85826980,2458612.7716839579,58612.269803199997,19.6665249,0.105977632,0,zg,226.83014410000001,55.7471526,1.347,0.137999997,20190509269780,793,0xa,0x4,22.1399994,26.1485157,0.0260632243,-0.063154541,1.37927318e-05,30,1.10099995,2
793110400000661,85828273,2458612.7846119385,58612.282731500003,19.7310829,0.11121428,0,zg,226.8301798,55.747184099999998,0.926999986,0.0700000003,20190509282708,793,0xa,0x4,22.1399994,26.1601048,0.0276217684,-0.0710078329,1.54209574e-05,30,1.08899999,2
793110400000661,85830541,2458612.8072965858,58612.305416700001,19.7772675,0.115085617,0,zg,226.8301553,55.747141300000003,1.24800003,-0.0370000005,20190509305417,793,0xa,0x4,22.1800003,26.1573181,0.0280923303,-0.0681569502,1.59532319e-05,30,1.07700002,2
793110400000661,85830633,2458612.8082108581,58612.306331,19.7367592,0.111684516,0,zg,226.83015750000001,55.7471952,0.781000018,-0.0289999992,20190509306331,793,0xa,0x4,22.2700005,26.168808,0.0270318594,-0.0744273812,1.47170913e-05,30,1.07599998,1
793110400000661,86224105,2458616.7428321475,58616.241053199999,19.6398392,0.103872761,0,zg,226.8301951,55.747148699999997,0.578000009,-0.0719999969,20190513241042,793,0xa,0x4,21.1299992,26.1144753,0.0310010072,-0.0478888676,2.06102832e-05,30,1.125,2
793110400000661,86225800,2458616.7597878031,58616.2580093,19.6597252,0.105437979,0,zg,226.8302387,55.747139199999999,0.851000011,-0.0839999989,20190513257998,793,0xa,0x4,21.1100006,26.1223545,0.0302361995,-0.0441428423,1.97234385e-05,30,1.102,2
793110400000661,86228714,2458616.788918932,58616.287141200002,19.6244392,0.10267406,0,zg,226.83021489999999,55.747163200000003,0.510999978,-0.0219999999,20190513287106,793,0xa,0x4,21.1299992,26.1390629,0.0292606205,-0.0468038321,1.85708595e-05,30,1.079,2
793110400000661,86228894,2458616.7907244773,58616.288946799999,19.6135712,0.101835087,0,zg,226.83016549999999,55.747233299999998,0.848999977,-0.0729999989,20190513288947,793,0xa,0x4,21.2199993,26.1472301,0.028373478,-0.0559281856,1.73670487e-05,30,1.07799995,1
793110400000661,86338731,2458617.8890629979,58617.387314799998,19.75033,0.11281503,0,zg,226.8301453,55.747159199999999,1.42299998,-0.152999997,20190514387280,793,0xa,0x4,21.1000004,26.1389923,0.0322015099,-0.0466687381,2.2294691e-05,30,1.153,2
793110400000661,86342677,2458617.9285179144,58617.426770799997,19.7663345,0.114159748,0,zg,226.8302214,55.7471429,0.675000012,-0.0170000009,20190514426771,793,0xa,0x4,21.6700001,26.1452446,0.0250107162,-0.0612811446,1.28810343e-05,30,1.25699997,2
793110400000661,86442430,2458618.9260254633,58618.424305599998,19.3943863,0.0861428678,32768,zg,226.83019379999999,55.747113300000002,0.523999989,-0.104999997,20190515424282,793,0xa,0x4,20.1499996,25.260107,0.0499150157,-0.0262182318,0.000100492442,30,1.25800002,2
793110400000661,86526245,2458619.7641503485,58619.262453700001,19.4626694,0.0907830149,0,zg,226.83049869999999,55.747163999999998,0.727999985,-0.338999987,20190516262442,793,0xa,0x4,19.7700005,26.0433693,0.0371370614,-0.0584905036,6.3792846e-05,30,1.09000003,2
793110400000661,87422094,2458628.7223793748,58628.220949100003,19.7257328,0.110772528,0,zg,226.830175,55.747161499999997,0.901000023,0.0299999993,20190525220926,793,0xa,0x4,21.8700008,26.112175,0.0282918606,-0.0672414899,1.63387176e-05,30,1.10699999,2
793110400000661,88122809,2458635.7292918148,58635.228090299999,19.6986561,0.108558446,0,zg,226.83011920000001,55.747192900000002,1.61699998,0.129999995,20190601228056,793,0xa,0x4,22.0799999,26.1714344,0.0252588298,-0.0674904212,1.30280559e-05,30,1.08299994,1
793110400000661,88419332,2458638.6944219484,58638.193321799998,19.6992531,0.108606815,0,zg,226.83014750000001,55.747175300000002,0.560000002,-0.0390000008,20190604193322,793,0xa,0x4,21.9300003,26.1520615,0.027018534,-0.0715185702,1.4851983e-05,30,1.10800004,2
793110400000661,88419611,2458638.697211151,58638.196111099998,19.7679329,0.114294752,0,zg,226.83012120000001,55.7471873,0.964999974,-0.0949999988,20190604196076,793,0xa,0x4,21.7299995,26.1487637,0.0282140244,-0.0649334416,1.63820405e-05,30,1.10399997,1
793110400000661,88433054,2458638.8316393974,58638.330543999997,19.6888847,0.107768223,0,zg,226.83018519999999,55.7471526,0.879000008,0.023,20190604330521,793,0xa,0x4,21.8099995,26.1475849,0.0277016368,-0.0665964931,1.58222956e-05,30,1.15499997,2
793110400000661,88434376,2458638.8448565351,58638.343761600001,19.6230621,0.102567464,0,zg,226.83017760000001,55.747149,1.67299998,-0.0250000004,20190604343750,793,0xa,0x4,21.7099991,26.1388874,0.0289058294,-0.0625882,1.7013921e-05,30,1.18400002,2
793110400000661,88521517,2458639.7162382719,58639.215173600001,19.8175964,0.11855042,0,zg,226.83017090000001,55.747177000000001,0.986999989,-0.0719999969,20190605215139,793,0xa,0x4,21.9899998,26.1694794,0.0262591708,-0.0665736645,1.39305084e-05,30,1.08399999,2
793110400000661,88524549,2458639.7465613214,58639.245497700002,19.6757221,0.106711157,0,zg,226.83018809999999,55.747140999999999,0.727999985,0.0149999997,20190605245336,793,0xa,0x4,21.9300003,26.1984806,0.0262989346,-0.090687044,1.42109293e-05,30,1.07500005,2
793110400000661,88526901,2458639.7700789999,58639.2690162,19.7043533,0.109021336,0,zg,226.8302171,55.7471575,0.430000007,-0.0780000016,20190605268982,793,0xa,0x4,21.9500008,26.181263,0.0270982571,-0.0682353601,1.50232163e-05,30,1.08099997,2
793110400000661,88620743,2458640.7084605643,58640.207430599999,19.690752,0.107918844,0,zg,226.83021859999999,55.7471818,0.717999995,-0.103,20190606207373,793,0xa,0x4,21.7600002,26.1332912,0.0261841994,-0.051902134,1.39406793e-05,30,1.08800006,2
793110400000661,88632604,2458640.8270674907,58640.326041699998,19.6829662,0.107291862,0,zg,226.8302205,55.747170199999999,0.477999985,-0.057,20190606326007,793,0xa,0x4,21.9699993,26.1423244,0.0250925217,-0.0562860221,1.27291896e-05,30,1.15600002,2
793110400000661,88634255,2458640.8435831056,58640.342557900003,19.6571255,0.105232239,0,zg,226.83023979999999,55.747160000000001,0.742999971,0.0480000004,20190606342523,793,0xa,0x4,21.7900009,26.145792,0.0299621578,-0.0821950808,1.81672895e-05,30,1.19400001,2
793110400000661,88718636,2458641.6873611845,58641.186365699999,19.7902889,0.116195768,0,zg,226.83014840000001,55.747179899999999,0.611999989,-0.0120000001,20190607186343,793,0xa,0x4,21.9899998,26.1665459,0.026485933,-0.0697594658,1.41624596e-05,30,1.10599995,2
793110400000661,88720655,2458641.7075456777,58641.206550900002,19.7509441,0.112866379,0,zg,226.83019849999999,55.747171799999997,0.595000029,-0.0379999988,20190607206528,793,0xa,0x4,21.9400005,26.0891914,0.0253280923,-0.0667818263,1.29108339e-05,30,1.08700001,2
793110400000661,88722273,2458641.723725711,58641.222731499998,19.765749,0.114110358,0,zg,226.83021210000001,55.747141900000003,0.989000022,0.135000005,20190607222697,793,0xa,0x4,21.7199993,25.9420338,0.0447257459,-0.0631029829,4.08279084e-05,30,1.07799995,1
793110400000661,88722510,2458641.7260983265,58641.225104199999,19.7101269,0.109492034,32768,zg,226.83020579999999,55.747150300000001,0.654999971,0.0379999988,20190607225104,793,0xa,0x4,21.7800007,25.9803371,0.030941749,-0.086722225,1.94850691e-05,30,1.07700002,2
793110400000661,88920056,2458643.7014909717,58643.200567100001,19.7272377,0.110896714,0,zg,226.8301573,55.747198300000001,0.882000029,-0.191,20190609200498,793,0xa,0x4,21.2000008,26.1962852,0.0298850741,-0.0462777279,1.88918257e-05,30,1.08700001,2
793110400000661,88932725,2458643.8281762265,58643.327256899996,19.7948494,0.116586462,0,zg,226.8301352,55.747172300000003,0.372999996,0.00100000005,20190609327222,793,0xa,0x4,21.6399994,26.1970768,0.0273962244,-0.0791200623,1.50412361e-05,30,1.17700005,2
793110400000661,88934819,2458643.849112968,58643.348194400001,19.823328,0.119049169,0,zg,226.8301208,55.747169300000003,0.595000029,0.0370000005,20190609348171,793,0xa,0x4,21.75,26.1797066,0.0269424915,-0.0687931925,1.44799178e-05,30,1.23300004,2
793110400000661,89019863,2458644.6995223728,58644.198634300003,19.6543007,0.105009131,0,zg,226.8301936,55.7471411,1.26900005,-0.160999998,20190610198600,793,0xa,0x4,21.2399998,26.2034874,0.0358468741,-0.0437610447,2.65455401e-05,30,1.08599997,2
793110400000661,89020234,2458644.7032374362,58644.202349500003,19.5463371,0.0967737883,0,zg,226.8302085,55.747185999999999,0.699999988,-0.115000002,20190610202326,793,0xa,0x4,21.2199993,26.2074738,0.0358530357,-0.0611199923,2.64954633e-05,30,1.08399999,1
793110400000661,89022881,2458644.7297063838,58644.228819399999,19.7852211,0.115762763,0,zg,226.83013389999999,55.747193899999999,1.25100005,0.0719999969,20190610228819,793,0xa,0x4,21.2600002,26.2144432,0.0299435649,-0.0643378049,1.8396946e-05,30,1.07500005,2
793110400000661,89219912,2458646.6999361212,58646.199120400001,19.6318665,0.103250697,32768,zg,226.83026369999999,55.747216899999998,1.04100001,-0.200000003,20190612199051,793,0xa,0x4,20.4400005,25.804224,0.0607887134,-0.0249936581,0.000115159863,30,1.08200002,2
793110400000661,89232328,2458646.8240981973,58646.323286999999,19.672205,0.10643018,32768,zg,226.83027200000001,55.747141399999997,0.535000026,0.147,20190612323287,793,0xa,0x4,20.5699997,25.8433704,0.0531116016,-0.0327383913,8.20678033e-05,30,1.18700004,2
793110400000661,89334498,2458647.8457623385,58647.3449884,19.9086418,0.126655847,0,zg,226.83027390000001,55.747122900000001,1.38399994,-0.0450000018,20190613344965,793,0xa,0x4,20.8400002,26.1889973,0.0348915532,-0.0495256111,2.81725752e-05,30,1.25699997,2
793110400000661,89432335,2458648.8240946117,58648.323356499997,19.6800652,0.107058965,0,zg,226.8303459,55.747188199999997,1.01900005,-0.063000001,20190614323333,793,0xa,0x4,20.6800003,26.1667461,0.0346467607,-0.05746511,3.09856005e-05,30,1.20099998,2
793110400000661,89434212,2458648.8428670205,58648.342129600001,19.9467506,0.130161703,0,zg,226.83038579999999,55.747127900000002,1.25100005,-0.170000002,20190614342130,793,0xa,0x4,20.5900002,26.1456223,0.0332317948,-0.0488690138,3.09731404e-05,30,1.25699997,2
793110400000661,89436457,2458648.8653083788,58648.364571799997,19.7075729,0.109283641,0,zg,226.8301653,55.747124700000001,0.569000006,0.145999998,20190614364572,793,0xa,0x4,20.5699997,26.1327763,0.0369343944,-0.0357278287,3.65499181e-05,30,1.34200001,2
793110400000661,89518690,2458649.6876160721,58649.186909700002,19.7385216,0.111830771,0,zg,226.8302099,55.747216000000002,0.917999983,-0.261000007,20190615186910,793,0xa,0x4,19.9799995,26.1485367,0.0371337309,-0.0433119424,5.60350018e-05,30,1.08500004,2
793110400000661,89519954,2458649.7002545157,58649.199548600001,19.6815319,0.107176706,0,zg,226.83028110000001,55.747156099999998,0.474000007,-0.127000004,20190615199549,793,0xa,0x4,20.6200008,26.1576633,0.0329571664,-0.0621629357,2.91089455e-05,30,1.07799995,2
793110400000661,89534769,2458649.848397221,58649.347696800003,19.7569599,0.113370538,0,zg,226.8301878,55.747168100000003,0.874000013,0.0869999975,20190615347697,793,0xa,0x4,20.4300003,26.1189842,0.0344025642,-0.0485348627,3.63502368e-05,30,1.28600001,2
793110400000661,89620428,2458650.7049512276,58650.204282400002,19.6056271,0.101225518,0,zg,226.83014470000001,55.747192099999999,0.416000009,-0.023,20190616204282,793,0xa,0x4,20.4899998,26.1724377,0.0353620015,-0.0170692001,3.77229626e-05,30,1.07599998,2
793110400000661,89622597,2458650.7266402263,58650.225972200002,19.5058022,0.0938290581,0,zg,226.8300582,55.747158900000002,0.470999986,0.057,20190616225972,793,0xa,0x4,20.5200005,26.1867828,0.0372305065,-0.0208792873,3.92228794e-05,30,1.07599998,2
793110400000661,89718270,2458651.6833408861,58651.182708300003,20.0310116,0.138137802,0,zg,226.83008609999999,55.747111099999998,0.555999994,-0.0370000005,20190617182708,793,0xa,0x4,20.4500008,26.1779213,0.0366083719,-0.0376552418,4.07183543e-05,30,1.08399999,2
793110400000661,89720189,2458651.7025299734,58651.2018981,19.7878056,0.115983441,0,zg,226.8302214,55.7471964,0.815999985,0.0370000005,20190617201898,793,0xa,0x4,20.4099998,26.1868134,0.0345314629,-0.0458174311,3.73802723e-05,30,1.07599998,2
793110400000661,89722593,2458651.7265684861,58651.225937499999,19.4950638,0.0930623114,0,zg,226.8302625,55.747159400000001,0.56099999,0.0359999985,20190617225926,793,0xa,0x4,20.4400005,26.1941605,0.0378798731,-0.0477497317,4.54039982e-05,30,1.07700002,2
793110400000661,89818432,2458652.6849240465,58652.184328700001,19.8374672,0.120286271,0,zg,226.8301362,55.747245300000003,0.680000007,0.0370000005,20190618184306,793,0xa,0x4,20.8400002,26.1664333,0.0327516682,-0.043003004,2.53306553e-05,30,1.08200002,2
793110400000661,89819853,2458652.699124929,58652.198530100002,19.7900238,0.116173029,0,zg,226.83017889999999,55.747145099999997,0.98299998,0.128000006,20190618198530,793,0xa,0x4,20.8799992,26.1732388,0.0331176408,-0.0643159673,2.61634832e-05,30,1.07599998,2
793110400000661,89822577,2458652.726369313,58652.225775500003,19.7044296,0.10902755,0,zg,226.8302047,55.747182299999999,0.514999986,-0.0309999995,20190618225775,793,0xa,0x4,20.5799999,26.1817551,0.0378814489,-0.0578554384,4.03794147e-05,30,1.07799995,2
793110400000661,89926386,2458653.7644207887,58653.263865699999,19.3987942,0.0864356831,0,zg,226.8300323,55.747137199999997,0.561999977,-0.108000003,20190619263843,793,0xa,0x4,20.6200008,26.1549873,0.0362874158,-0.0371701829,3.46575507e-05,30,1.11199999,2
793110400000661,89926664,2458653.7671984858,58653.266643499999,19.7327137,0.111349195,0,zg,226.83017179999999,55.747175200000001,1.352,0.115000002,20190619266620,793,0xa,0x4,20.7000008,26.1470089,0.0342988186,-0.0293080416,2.89731543e-05,30,1.11600006,1
793110400000661,89928489,2458653.7854500962,58653.284895800003,19.998106,0.13498731,0,zg,226.8300447,55.747153300000001,0.411000013,0.142000005,20190619284861,793,0xa,0x4,20.6900005,26.1482925,0.0342998281,-0.0333130471,2.97439965e-05,30,1.14499998,2
793110400000661,89930532,2458653.8058776353,58653.305324100002,19.7747574,0.114872515,0,zg,226.83023439999999,55.747115800000003,0.697000027,-0.0900000036,20190619305301,793,0xa,0x4,20.5900002,26.1543179,0.0331281051,-0.0450360663,2.99648418e-05,30,1.19000006,2
793110400000661,90024949,2458654.7500089235,58654.2494907,19.6590042,0.105380863,0,zg,226.8301879,55.747194200000003,0.870999992,-0.149000004,20190620249491,793,0xa,0x4,21.1700001,26.1527405,0.0334955752,-0.0414199941,2.41669495e-05,30,1.09800005,2
793110400000661,90026870,2458654.7692211983,58654.2687037,19.6522522,0.104847491,0,zg,226.83008480000001,55.747169700000001,0.75999999,-0.163000003,20190620268681,793,0xa,0x4,20.9099998,26.1659336,0.032586012,-0.0422865264,2.44476014e-05,30,1.12300003,2
793110400000661,90030238,2458654.8029005281,58654.302384299997,19.4606304,0.0906411856,0,zg,226.8301539,55.747162099999997,1.01100004,0.0890000015,20190620302280,793,0xa,0x4,20.6299992,26.1403637,0.0346177481,-0.0289403349,2.96982744e-05,30,1.18900001,2
793110400000661,90124342,2458655.7439068202,58655.2434259,19.8975391,0.125646859,0,zg,226.82944359999999,55.7472104,0.758000016,0.0879999995,20190621243426,793,0xa,0x4,20.7099991,26.1989231,0.0374876373,-0.0491536558,3.51922063e-05,30,1.09500003,2
793110400000661,90126083,2458655.7613136172,58655.260833300003,19.9463234,0.130122095,0,zg,226.830308,55.746918600000001,1.00300002,0.0439999998,20190621260833,793,0xa,0x4,20.3600006,26.2127533,0.0395096578,-0.0583953299,4.79310911e-05,30,1.11500001,2
793110400000661,90128216,2458655.782643897,58655.2821644,19.7312126,0.111225024,0,zg,226.8300548,55.746970500000003,0.307000011,-0.064000003,20190621282141,793,0xa,0x4,20.5100002,26.2155724,0.0366308801,-0.0572850183,3.76346507e-05,30,1.15100002,2
793110400000661,90320246,2458657.7028725352,58657.202465299997,19.7467461,0.112515539,0,zg,226.83024359999999,55.7471867,1.49699998,-0.00700000022,20190623202465,793,0xa,0x4,21.6599998,26.1601582,0.0335847363,-0.0610657744,2.28853096e-05,30,1.07500005,1
793110400000661,90422729,2458658.7276602597,58658.227291700001,19.8722076,0.123365819,0,zg,226.8301798,55.747139099999998,0.781000018,0.203999996,20190624227188,793,0xa,0x4,22.1100006,26.1743927,0.0278747845,-0.0668997094,1.58148541e-05,30,1.08800006,2
793110400000661,90618273,2458660.6830261047,58660.182731499997,19.7339287,0.111449786,0,zg,226.8301835,55.7471526,1.18499994,-0.0700000003,20190626182732,793,0xa,0x4,21.8099995,26.2040768,0.025448136,-0.0672669485,1.33874664e-05,30,1.07500005,2
793110400000661,90619598,2458660.696277902,58660.195983799997,19.7893276,0.116113469,0,zg,226.8301404,55.747145799999998,0.787,-0.0450000018,20190626195949,793,0xa,0x4,21.7900009,26.0301647,0.0307644028,-0.0717455596,1.92170301e-05,30,1.07599998,1
793110400000661,90721697,2458661.7172346236,58661.216979199999,19.9076767,0.12656796,0,zg,226.83020070000001,55.747159799999999,0.179000005,-0.00400000019,20190627216979,793,0xa,0x4,21.7600002,26.2014809,0.0292206239,-0.0708012134,1.73910885e-05,30,1.08599997,2
793110400000661,90821739,2458662.717613297,58662.217395799998,19.8726177,0.123402491,0,zg,226.8301725,55.747151100000004,0.90200001,0.0120000001,20190628217396,793,0xa,0x4,21.9300003,26.2113171,0.0281418692,-0.0727173463,1.62025772e-05,30,1.08899999,2
793110400000661,90922620,2458663.7263829312,58663.226203699996,19.7553501,0.113235474,0,zg,226.83017720000001,55.747199600000002,0.672999978,-0.0130000003,20190629226204,793,0xa,0x4,21.8600006,26.1891289,0.0253173225,-0.0689395592,1.2926921e-05,30,1.10000002,2
793110400000661,90922711,2458663.7272972995,58663.227118100003,19.6563396,0.105170131,0,zg,226.8301606,55.747147099999999,1.25999999,0.0289999992,20190629227118,793,0xa,0x4,21.8099995,26.1830997,0.0283486303,-0.0672392994,1.63300665e-05,30,1.10000002,1
793110400000661,91119945,2458665.6995603954,58665.199456000002,19.761549,0.113756388,0,zg,226.83019189999999,55.747170300000001,0.652999997,-0.0649999976,20190701199456,793,0xa,0x4,21.9200001,26.2113743,0.0277202185,-0.0668442175,1.54899863e-05,30,1.08200002,2
793110400000661,91122725,2458665.7273602337,58665.227256899998,19.8119392,0.118059635,0,zg,226.8301644,55.747204699999998,0.448000014,-0.00700000022,20190701227222,793,0xa,0x4,21.9500008,26.2197838,0.0265930984,-0.0740073249,1.45086487e-05,30,1.10699999,2
793110400000661,91222487,2458666.7249382213,58666.224872699997,19.6725883,0.10646072,0,zg,226.83021629999999,55.747187099999998,0.81400001,-0.00999999978,20190702224850,793,0xa,0x4,21.7999992,26.2139511,0.0277031083,-0.0724077895,1.58707189e-05,30,1.10699999,2
793110400000661,91332668,2458667.8267135406,58667.3266898,19.7135258,0.109769888,0,zg,226.8301438,55.747223900000002,1.26900005,0.130999997,20190703326690,793,0xa,0x4,21.4400005,26.1587315,0.0311019588,-0.0615071952,1.96482852e-05,30,1.40699995,1
793110400000661,91420248,2458668.7024790575,58668.202488399998,19.7260628,0.11079976,0,zg,226.83012790000001,55.747158399999996,1.17299998,-0.057,20190704202465,793,0xa,0x4,21.9699993,26.2196217,0.0260886513,-0.0869596973,1.38199221e-05,30,1.09000003,2
793110400000661,91930239,2458673.8021945385,58673.302395799998,19.6957302,0.108321294,0,zg,226.83021550000001,55.7471289,0.885999978,-0.0299999993,20190709302396,793,0xa,0x4,21.5,26.1684971,0.0253697876,-0.0598954186,1.35508008e-05,30,1.36899996,1
793110400000661,92230085,2458676.8005436589,58676.300856499998,19.6235561,0.102605656,0,zg,226.83017559999999,55.747194100000002,0.93900001,-0.159999996,20190712300856,793,0xa,0x4,20.7900009,26.118351,0.0327692144,-0.0288428254,2.64133341e-05,30,1.40100002,1
793110400000661,92528449,2458679.7840680922,58679.284490700004,19.9168415,0.127404749,0,zg,226.83019949999999,55.747264199999996,0.759000003,-0.0909999982,20190715284468,793,0xa,0x4,20.5,26.1747208,0.0365561321,-0.0397487357,3.94203307e-05,30,1.36199999,1
793110400000661,92817805,2458682.6775280125,58682.178055600001,19.8206692,0.11881765,0,zg,226.8302185,55.747154000000002,0.671000004,0.0810000002,20190718178032,793,0xa,0x4,21.1499996,26.2071304,0.0357656032,-0.0579548515,2.71653826e-05,30,1.10399997,1
793110400000661,93119503,2458685.6943993466,58685.195034700002,19.7992477,0.116964303,0,zg,226.8301754,55.747173199999999,1.20799994,0.023,20190721195000,793,0xa,0x4,21.9899998,26.1827297,0.0276959538,-0.0677657574,1.56010483e-05,30,1.14100003,1
793110400000661,93420271,2458688.7019791519,58688.2027199,19.8078136,0.117702819,0,zg,226.83020200000001,55.747175900000002,0.658999979,-0.0430000015,20190724202720,793,0xa,0x4,21.7199993,26.1212654,0.0258365925,-0.0591336712,1.35744331e-05,30,1.17299998,1
793110400000661,93721864,2458691.7178016687,58691.2186458,19.7175999,0.110103741,0,zg,226.83015090000001,55.747174100000002,0.699999988,-0.0949999988,20190727218623,793,0xa,0x4,21.7900009,26.1214466,0.0265912544,-0.0572786182,1.44780506e-05,30,1.23800004,1
793110400000661,94021663,2458694.7156875753,58694.216631900003,19.7997074,0.117003873,0,zg,226.83010490000001,55.747133599999998,0.546999991,-0.0170000009,20190730216632,793,0xa,0x4,21.7099991,26.1462994,0.0293031894,-0.0455788933,1.75305286e-05,30,1.25800002,1
793110400000661,94420277,2458698.7017047191,58698.202777799997,19.79632,0.116712719,32768,zg,226.83013510000001,55.747010899999999,0.916000009,0.114,20190803202755,793,0xa,0x4,20.4799995,25.2088051,0.0520702302,-0.029636547,8.30072167e-05,30,1.24800003,1
793110400000661,95125921,2458705.7579262005,58705.259212999998,19.8427868,0.120754093,0,zg,226.83026409999999,55.747225,0.70599997,-0.136000007,20190810259132,793,0xa,0x4,20.8400002,26.0923157,0.0311601069,-0.0461601913,2.30287187e-05,30,1.63199997,1
793110400000661,95417998,2458708.678619103,58708.179988399999,19.9393196,0.129473075,0,zg,226.83017340000001,55.747159099999998,0.720000029,-0.164000005,20190813179954,793,0xa,0x4,20.6399994,26.1248131,0.0345138833,-0.0200002864,3.083919e-05,30,1.26300001,1
793110400000661,95715625,2458711.6548004495,58711.15625,19.7380714,0.111793451,0,zg,226.83016050000001,55.747132200000003,0.418000013,0.00899999961,20190816156227,793,0xa,0x4,20.7399998,26.1766758,0.0354528464,-0.0345310979,3.14949175e-05,30,1.21500003,2
793110400000661,95722607,2458711.7246249793,58711.226076400002,19.6399231,0.103879377,0,zg,226.8302205,55.7470377,0.505999982,-0.0289999992,20190816226076,793,0xa,0x4,20.3400002,26.1217213,0.0382474549,-0.0155861164,4.81058087e-05,30,1.51699996,2
793110400000661,95724487,2458711.7434207732,58711.244872700001,19.9702568,0.132356405,0,zg,226.83022320000001,55.7472019,0.843999982,-0.307000011,20190816244873,793,0xa,0x4,20.1299992,26.1050339,0.0356534421,-0.0108979689,4.57904498e-05,30,1.64699996,1
793110400000661,96015780,2458714.6562745292,58714.1578009,19.790514,0.11621505,0,zg,226.830251,55.747150599999998,0.256999999,-0.0529999994,20190819157731,793,0xa,0x4,21.6800003,26.1569424,0.0271969717,-0.0640011206,1.52369894e-05,30,1.24399996,1
793110400000661,96417952,2458718.6779030096,58718.179525500003,19.7911129,0.11626628,0,zg,226.8301926,55.747168799999997,0.55400002,-0.0829999968,20190823179479,793,0xa,0x4,21.5799999,26.1169128,0.0286252871,-0.0510446019,1.68701172e-05,30,1.36899996,1
793110400000661,96715913,2458721.6574435085,58721.1591319,19.7115402,0.10960754,32768,zg,226.8299983,55.747119099999999,0.939999998,-0.412,20190826159132,793,0xa,0x4,20.2000008,25.2362556,0.0645009577,-0.0175153688,0.00014991434,30,1.31700003,1
793110400000661,97017202,2458724.6702752849,58724.172025499996,19.7344494,0.111492962,0,zg,226.8301194,55.747176600000003,0.924000025,-0.141000003,20190829171944,793,0xa,0x4,21.6200008,26.1622047,0.0278217532,-0.106865585,1.60347972e-05,30,1.41199994,1
793110400000661,97416692,2458728.6650969223,58728.166921299999,19.7223148,0.110491067,0,zg,226.83022270000001,55.747140899999998,0.869000018,-0.135000005,20190902166887,793,0xa,0x4,21.3899994,25.9853287,0.0305902008,-0.046453584,1.94185322e-05,30,1.44299996,2
793110400000661,97813302,2458732.6311319638,58732.1330208,19.7827873,0.115555182,0,zg,226.83035240000001,55.747149999999998,0.412,-0.00899999961,20190906133021,793,0xa,0x4,20.5400009,25.9881191,0.036843773,-0.0076342281,3.57708195e-05,30,1.33299994,2
793110400000661,97816187,2458732.6599856969,58732.161874999998,19.7950935,0.116607435,0,zg,226.83008040000001,55.747120000000002,0.532999992,-0.0869999975,20190906161806,793,0xa,0x4,20.9599991,25.9859886,0.0331553929,-0.0334203057,2.46437266e-05,30,1.47500002,2
793110400000661,97817325,2458732.6713628275,58732.173252300003,19.7155457,0.109935358,0,zg,226.83022020000001,55.747192699999999,1.04700005,-0.201000005,20190906173241,793,0xa,0x4,21,25.9904881,0.0332537144,-0.0272589792,2.43990817e-05,30,1.546,2
793110400000661,97915572,2458733.6538252272,58733.1557292,19.7292404,0.111062057,0,zg,226.83014109999999,55.747191600000001,1.13300002,-0.264999986,20190907155729,793,0xa,0x4,20.8500004,26.1021404,0.0335048288,-0.0350874811,2.62841568e-05,30,1.45599997,2
793110400000661,97918318,2458733.6812785217,58733.1831829,20.1201363,0.146884114,0,zg,226.8302693,55.747292399999999,0.702000022,-0.144999996,20190907183183,793,0xa,0x4,20.6900005,26.0574455,0.0359214805,-0.0211131889,3.11366821e-05,30,1.63499999,2
793110400000661,97920322,2458733.7013245015,58733.2032292,19.7416744,0.11209292,0,zg,226.83015119999999,55.746974399999999,0.912999988,-0.0879999995,20190907203229,793,0xa,0x4,20.3299999,26.0402832,0.0377725437,-0.0205870345,4.63124852e-05,30,1.80599999,2
793110400000661,98015603,2458734.6541119521,58734.156030099999,19.85355,0.121704862,0,zg,226.83015280000001,55.747168000000002,0.606999993,0.0549999997,20190908156030,793,0xa,0x4,20.7800007,26.1211948,0.036050491,-0.0391420797,3.12549892e-05,30,1.47300005,2
793110400000661,98017648,2458734.6745630531,58734.176481499999,19.7336617,0.111427665,0,zg,226.83008820000001,55.747196500000001,1.27199996,0.0280000009,20190908176447,793,0xa,0x4,20.6100006,26.1085415,0.0342937745,-0.0415135734,2.98824434e-05,30,1.60599995,2
793110400000661,99113696,2458745.6349344007,58745.136967600003,19.8538704,0.121733263,0,zg,226.83024380000001,55.747168199999997,0.769999981,-0.063000001,20190919136944,793,0xa,0x4,21.3299999,26.1025772,0.025804,-0.0557611324,1.39792255e-05,30,1.53999996,1
793110400000661,99513611,2458749.6340549611,58749.136111100001,20.0449963,0.139490187,0,zg,226.83009379999999,55.747186999999997,0.577000022,-0.00899999961,20190923136100,793,0xa,0x4,21,26.0136242,0.0353933163,-0.0368358679,2.79255291e-05,30,1.61000001,1
793110400000661,100413395,2458758.6318889558,58758.133958300001,19.8527489,0.121633902,0,zg,226.8301519,55.7471447,0.862999976,-0.143999994,20191002133935,793,0xa,0x4,21.0300007,26.0112877,0.0347107612,-0.0425113402,2.61805526e-05,30,1.79700005,1
793110400000661,101811982,2458772.6178427134,58772.119826399998,19.5615883,0.097902514,0,zg,226.83034090000001,55.747146800000003,0.388000011,0.0579999983,20191016119826,793,0xa,0x4,20.2999992,25.9727135,0.036892239,-0.0248544533,4.09225395e-05,30,2.06200004,1
793110400000661,109655032,2458851.0506605869,58850.550324099997,19.7859116,0.115821667,0,zg,226.8300414,55.747132999999998,1.35699999,-0.0189999994,20200102550301,793,0xa,0x4,20.9699993,26.2922707,0.0441573374,-0.107958131,4.09962995e-05,30,1.23599994,1
793110400000661,109953510,2458854.0355570763,58853.535104199997,19.9192295,0.127623379,0,zg,226.8300773,55.747091400000002,0.911000013,0.050999999,20200105535093,793,0xa,0x4,21.2199993,26.2836876,0.04059745,-0.0915532336,3.42531239e-05,30,1.25800002,1
793110400000661,110240724,2458856.9086775114,58856.407245399998,19.9388084,0.129425764,0,zg,226.83001519999999,55.747212300000001,0.522000015,0.0270000007,20200108406528,793,0xa,0x4,20.1000004,28.125906,0.0286683999,-0.10819751,2.54304177e-05,180,2.11199999,2
793110400000661,110255623,2458857.0568082938,58856.5562384,19.9003029,0.125897452,0,zg,226.82997850000001,55.747155399999997,0.998000026,-0.0829999968,20200108556204,793,0xa,0x4,21.2399998,26.2886543,0.0403809249,-0.0941855162,3.34412143e-05,30,1.176,1
793110400000661,110847653,2458862.9773349492,58862.476539399999,19.7357311,0.11159917,0,zg,226.82999609999999,55.747142799999999,0.425999999,0.0260000005,20200114476539,793,0xa,0x4,20.3600006,26.237463,0.0353125744,-0.0246489216,3.65388441e-05,30,1.39699996,2
793110400000661,110849414,2458862.9949397179,58862.4941435,19.7269974,0.110876836,0,zg,226.83014979999999,55.747202399999999,0.856999993,-0.187999994,20200114494144,793,0xa,0x4,20.6599998,26.2556076,0.0327135697,-0.0454916917,2.70022356e-05,30,1.31900001,2
793110400000661,110942730,2458863.9281344083,58863.427303199998,19.8185005,0.118628949,0,zg,226.8299002,55.747123500000001,0.703999996,-0.0649999976,20200115427303,793,0xa,0x4,20.3299999,26.1795101,0.039049875,-0.038634222,4.87412253e-05,30,1.69700003,2
793110400000661,110945203,2458863.9528691275,58863.452037000003,19.8589172,0.122180961,0,zg,226.8303272,55.747055899999999,0.666000009,0.0280000009,20200115452014,793,0xa,0x4,20.3999996,26.2237549,0.0331676304,-0.0545832552,3.4114677e-05,30,1.51800001,2
793110400000661,111043167,2458864.9325469085,58864.431678200002,19.9172993,0.127446622,0,zg,226.83016850000001,55.747247000000002,0.805999994,0.0329999998,20200116431678,793,0xa,0x4,20.5100002,26.191988,0.0342150889,-0.0591034293,3.25124347e-05,30,1.63999999,2
793110400000661,111044630,2458864.9471771643,58864.446307899998,19.8623428,0.1224856,0,zg,226.83008169999999,55.747172499999998,0.894999981,-0.050999999,20200116446285,793,0xa,0x4,20.9599991,26.2109413,0.0331004746,-0.0626049712,2.43243558e-05,30,1.53699994,2
793110400000661,111845119,2458872.9523516246,58872.451192100001,20.038765,0.138886571,32768,zg,226.83005729999999,55.747159699999997,0.991999984,0.00600000005,20200124451192,793,0xa,0x4,21.0699997,25.7673721,0.0549520366,-0.0726195052,6.68150969e-05,30,1.38699996,1
793110400000661,112149313,2458875.9944016114,58875.493136600002,20.1012955,0.145010754,0,zg,226.83019010000001,55.747217999999997,0.921999991,-0.0170000009,20200127493137,793,0xa,0x4,21.1200008,26.2737961,0.0478713177,-0.112947866,4.70714149e-05,30,1.204,1
793110400000661,112251800,2458877.0193091608,58876.518009300002,19.8302631,0.119654812,0,zg,226.8301089,55.747127900000002,0.458000004,-0.0399999991,20200128517998,793,0xa,0x4,21.4599991,26.288662,0.0419564918,-0.0997200906,3.5669098e-05,30,1.14199996,2
793110400000661,112252646,2458877.0277700517,58876.526469900004,19.9012089,0.125979707,0,zg,226.8301036,55.747179600000003,0.85799998,0.0540000014,20200128526470,793,0xa,0x4,21.9599991,26.3006306,0.0373560973,-0.10914363,2.81876146e-05,30,1.12800002,2
793110400000661,112453254,2458879.0339135486,58878.532546299997,19.7506313,0.11284025,0,zg,226.8302156,55.747209599999998,1.14100003,0.0769999996,20200130532512,793,0xa,0x4,21.0300007,26.3079929,0.0379341394,-0.0978516489,2.96994895e-05,30,1.11099994,1
793110400000661,112647400,2458880.9754353361,58880.474004600001,19.7827034,0.115548059,0,zg,226.8301759,55.747172200000001,0.930999994,0.101000004,20200201474005,793,0xa,0x4,21.2700005,26.2801609,0.0416943729,-0.0953150168,3.61143648e-05,30,1.21899998,2
793110400000661,112648805,2458880.989486787,58880.488055599999,19.9739113,0.132699683,0,zg,226.83034319999999,55.747126100000003,1.18599999,-0.0729999989,20200201488044,793,0xa,0x4,21.3400002,26.2894154,0.0404134616,-0.0957923532,3.37836282e-05,30,1.18299997,2
793110400000661,112751288,2458882.0143460347,58881.512881900002,19.8331757,0.119909778,0,zg,226.8301381,55.747166,1.13999999,0.116999999,20200202512859,793,0xa,0x4,21.7399998,26.3076687,0.0383259282,-0.097337693,2.97673505e-05,30,1.12800002,1
793110400000661,112947396,2458883.9754958465,58883.473969899998,19.769249,0.11440599,0,zg,226.83006599999999,55.747290700000001,1.43700004,-0.126000002,20200204473947,793,0xa,0x4,20.5100002,26.2349396,0.0387253277,-0.0546165034,4.01157376e-05,30,1.19700003,2
793110400000661,112948924,2458883.9907741295,58883.489247700003,19.6003189,0.100819923,0,zg,226.83003740000001,55.7472748,1.04900002,0.481999993,20200204489225,793,0xa,0x4,20.5799999,26.259079,0.0423513427,-0.0808598995,4.88228688e-05,30,1.16100001,2
793110400000661,113044930,2458884.9508616934,58884.449305599999,19.7942753,0.11653728,0,zg,226.82984579999999,55.747102099999999,1.01100004,0.0140000004,20200205449294,793,0xa,0x4,20.4400005,26.2776432,0.0328654982,-0.0618813448,3.03808283e-05,30,1.26199996,2
793110400000661,113047401,2458884.9755730503,58884.474016200002,19.8373909,0.120279551,0,zg,226.83012890000001,55.747202000000001,0.680999994,0.0160000008,20200205474016,793,0xa,0x4,20.7999992,26.3017883,0.037244387,-0.0890369862,3.16121696e-05,30,1.19000006,1
793110400000661,113145704,2458885.958635401,58885.457048600001,19.5826721,0.0994815305,0,zg,226.8302462,55.747183300000003,0.971000016,0.00800000038,20200206457037,793,0xa,0x4,20.2900009,26.2850647,0.0369912758,-0.0386319235,4.33766254e-05,30,1.22899997,2
793110400000661,113245226,2458886.9538852046,58886.452268499997,19.6385384,0.103771076,0,zg,226.8302717,55.747170500000003,0.43599999,-0.0560000017,20200207452245,793,0xa,0x4,20.5200005,26.2791042,0.0372714922,-0.0377334915,3.75280833e-05,30,1.23500001,2
793110400000661,113247493,2458886.9765479965,58886.474930600001,19.7226276,0.110516772,0,zg,226.8301701,55.747161400000003,0.637000024,-0.108999997,20200207474896,793,0xa,0x4,20.8199997,26.2771263,0.030984411,-0.0388109796,2.32164202e-05,30,1.17499995,2
793110400000661,113345321,2458887.954863946,58887.453217599999,19.4863548,0.0924445316,0,zg,226.83019540000001,55.747168600000002,0.467000008,-0.112000003,20200208453218,793,0xa,0x4,20.5100002,26.2727451,0.0344825052,-0.0580525771,3.396592e-05,30,1.22399998,1
793110400000661,113345501,2458887.9566580025,58887.455011600003,19.7447014,0.11234501,0,zg,226.83012600000001,55.747103000000003,0.904999971,-0.00400000019,20200208455012,793,0xa,0x4,20.5300007,26.2631149,0.0401833653,-0.0532535799,4.61114359e-05,30,1.21899998,2
793110400000661,113347325,2458887.9748992473,58887.473252299998,19.7193012,0.110243373,0,zg,226.83011730000001,55.747129899999997,1.03600001,0.0469999984,20200208473252,793,0xa,0x4,20.6100006,26.2647247,0.0386819392,-0.0353241153,4.18265117e-05,30,1.17299998,2
793110400000661,113745180,2458891.9535657433,58891.451805600002,19.7181168,0.110146105,0,zg,226.83021909999999,55.747171199999997,1.36699998,0.0769999996,20200212451806,793,0xa,0x4,20.4699993,26.2834759,0.031962011,-0.0571427681,2.80217628e-05,30,1.19799995,2
793110400000661,113746496,2458891.9667258156,58891.464965300001,19.871294,0.123284131,0,zg,226.83013969999999,55.7472627,0.76700002,-0.0799999982,20200212464965,793,0xa,0x4,20.5300007,26.2976971,0.0344792902,-0.0597365089,3.31162373e-05,30,1.16700006,2
793110400000661,113836427,2458892.8660558062,58892.364270799997,19.9413815,0.12966384,0,zg,226.83003740000001,55.7470687,0.5,-0.226999998,20200213364259,793,0xa,0x4,20.1700001,26.1798363,0.0337071195,-0.0360645056,3.7501035e-05,30,1.574,2
793110400000661,113838611,2458892.887896698,58892.386111100001,19.4547291,0.0902320072,0,zg,226.83029830000001,55.747124800000002,0.565999985,0.0659999996,20200213386088,793,0xa,0x4,20.6100006,26.2161255,0.034986347,-0.0461106375,3.06465336e-05,30,1.44099998,2
793110400000661,113947336,2458893.9751828788,58893.4733681,19.8147182,0.118300617,0,zg,226.83018240000001,55.747129000000001,0.947000027,0.0399999991,20200214473368,793,0xa,0x4,21.1200008,26.280077,0.0283185039,-0.0647877231,1.71513893e-05,30,1.13900006,2
793110400000661,113949130,2458893.9931231607,58893.491307900003,19.6781673,0.106906861,0,zg,226.83017630000001,55.747204699999998,1.10500002,-0.108000003,20200214491285,793,0xa,0x4,21.2600002,26.2776031,0.0317952409,-0.0535688065,2.1198608e-05,30,1.11199999,1
793110400000661,113949563,2458893.9974519741,58893.495636599997,19.9168758,0.127407894,0,zg,226.8302253,55.747162299999999,0.501999974,0.0289999992,20200214495625,793,0xa,0x4,21.1800003,26.2832661,0.0291444529,-0.0638360232,1.79590279e-05,30,1.10599995,2
793110400000661,114036716,2458894.8690026281,58894.367164399999,19.6730022,0.106493846,0,zg,226.8301524,55.747141399999997,0.541000009,0.00200000009,20200215367141,793,0xa,0x4,21,26.2103958,0.0339149795,-0.0670866519,2.43118629e-05,30,1.51900005,2
793110400000661,114054820,2458895.0500490014,58894.548205999999,19.9398308,0.129520372,0,zg,226.8303023,55.747303700000003,1.01800001,-0.0260000005,20200215548171,793,0xa,0x4,21.0900002,26.300602,0.0348295793,-0.0718570948,2.62815574e-05,30,1.07500005,2
793110400000661,114443240,2458898.934347366,58898.432407400003,19.8547573,0.121811882,32768,zg,226.83006710000001,55.747194299999997,1.22000003,0.0170000009,20200219432384,793,0xa,0x4,21.8500004,26.2834415,0.0455241874,-0.13179478,4.21317964e-05,30,1.199,2
793110400000661,114444785,2458898.9497991418,58898.447858799998,19.951231,0.130578205,32768,zg,226.83008419999999,55.7471763,1.46399999,0.173999995,20200219447859,793,0xa,0x4,22.1700001,26.2978325,0.0469111167,-0.138817504,4.50629414e-05,30,1.16199994,2
793110400000661,114444878,2458898.9507250655,58898.448784699998,19.8744545,0.12356694,32768,zg,226.8300643,55.747167300000001,0.74000001,-0.00499999989,20200219448773,793,0xa,0x4,22.1399994,26.3010368,0.047812704,-0.138142332,4.69312836e-05,30,1.15999997,1
793110400000661,114454730,2458899.0492459382,58898.547303200001,19.8657379,0.122788034,32768,zg,226.8300849,55.747143299999998,1.74000001,0.240999997,20200219547303,793,0xa,0x4,22.1200008,26.3131542,0.0453221314,-0.126093552,4.1291536e-05,30,1.07700002,2
793110400000661,114542730,2458899.9292667112,58899.427303199998,19.7136154,0.109777205,0,zg,226.8300261,55.747199000000002,0.675000012,-0.0460000001,20200220427303,793,0xa,0x4,21.5300007,26.2710056,0.0393903628,-0.108076498,3.16204641e-05,30,1.20500004,2
793110400000661,114553207,2458900.0340377786,58899.5320718,19.8288651,0.119532533,0,zg,226.830186,55.747177100000002,1.13900006,0.160999998,20200220532072,793,0xa,0x4,21.7299995,26.3022747,0.0410548523,-0.113436557,3.45513508e-05,30,1.07500005,1
793110400000661,114553297,2458900.0349405007,58899.532974499998,19.8002987,0.11705476,0,zg,226.8301688,55.747170799999999,1.07599998,-0.074000001,20200220532975,793,0xa,0x4,21.8500004,26.2986984,0.0399910584,-0.110363863,3.24001921e-05,30,1.07500005,2
793110400000661,114639156,2458900.893548294,58900.391562500001,19.819109,0.11868193,0,zg,226.8300376,55.747193000000003,0.734000027,0.0780000016,20200221391562,793,0xa,0x4,21.4400005,26.2570419,0.037803974,-0.111617818,2.86700524e-05,30,1.31400001,2
793110400000661,114936096,2458903.8630117723,58903.360960600003,19.8616753,0.122426189,0,zg,226.83013450000001,55.747129399999999,0.782999992,-0.0689999983,20200224360961,793,0xa,0x4,21.6499996,26.216177,0.0403797217,-0.105116107,3.28241804e-05,30,1.41499996,2
793110400000661,114953861,2458904.0406660805,58903.538611099997,19.9293423,0.128552154,32768,zg,226.8301769,55.747163700000002,1.324,0.134000003,20200224538576,793,0xa,0x4,21.8899994,26.297821,0.0440060124,-0.122425802,3.9172799e-05,30,1.07799995,1
793110400000661,115044890,2458904.9509744104,58904.4489005,19.9671841,0.132068098,0,zg,226.83016570000001,55.7471861,1.06299996,-0.0289999992,20200225448900,793,0xa,0x4,21.2399998,26.2726097,0.0427456871,-0.0909960419,3.69433656e-05,30,1.13,2
793110400000661,115234018,2458906.8422968658,58906.340185200002,19.6323261,0.10328652,0,zg,226.83010609999999,55.7471818,0.981000006,-0.108000003,20200227340185,793,0xa,0x4,20.8799992,26.2080841,0.0372471288,-0.0617414825,3.13713863e-05,30,1.48399997,2
793110400000661,115253306,2458907.0351825505,58906.533067099997,19.9036045,0.126197383,0,zg,226.83042750000001,55.747248800000001,0.925000012,-0.104999997,20200227533056,793,0xa,0x4,20.8400002,26.1610432,0.0378030241,-0.0770609453,3.22638007e-05,30,1.079,1
793110400000661,115253396,2458907.0360853914,58906.533969900003,19.8964062,0.125544131,0,zg,226.8300581,55.747047899999998,0.791000009,0.0529999994,20200227533970,793,0xa,0x4,20.7199993,26.1668262,0.0400795527,-0.0666564256,3.81502832e-05,30,1.08000004,2
793110400000661,115453528,2458909.0374423359,58908.535289400003,19.9377003,0.129323214,0,zg,226.83020569999999,55.747191999999998,1.15900004,0.0960000008,20200229535289,793,0xa,0x4,21.7900009,26.2861233,0.0386348069,-0.102693632,3.0388268e-05,30,1.08399999,1
793110400000661,115742234,2458911.924552172,58911.422349499997,19.8432026,0.120790735,0,zg,226.83022940000001,55.747185299999998,0.931999981,-0.075000003,20200303422326,793,0xa,0x4,20.6599998,26.2536144,0.0423741303,-0.0721668154,4.37083909e-05,30,1.14300001,2
793110400000661,115752623,2458912.0284427893,58911.526238400002,19.6978054,0.108489439,0,zg,226.83012170000001,55.747112799999996,0.85799998,-0.0109999999,20200303525903,793,0xa,0x4,20.8299999,26.2764244,0.0429225229,-0.0822195858,3.92812071e-05,30,1.08299994,1
793110400000661,115754920,2458912.0514061684,58911.549201399997,19.7341728,0.111470029,0,zg,226.82985880000001,55.747245200000002,0.75,0.0109999999,20200303549132,793,0xa,0x4,20.5400009,26.2717113,0.0370412469,-0.0538233817,3.49672518e-05,30,1.10300004,2
793110400000661,115853821,2458913.0404381473,58912.538217599998,19.8180218,0.118587397,0,zg,226.83010060000001,55.747172800000001,0.731000006,0.0860000029,20200304538194,793,0xa,0x4,21.8199997,26.2739525,0.0384975784,-0.11348886,2.9979421e-05,30,1.09399998,1
793110400000661,115853966,2458913.0418849648,58912.539664399999,19.7746735,0.114865437,0,zg,226.83019949999999,55.747183700000001,0.561999977,0.0280000009,20200304539630,793,0xa,0x4,21.7900009,26.2555428,0.0375492871,-0.088293612,2.91288179e-05,30,1.09599996,2
793110400000661,115855107,2458913.0532971388,58912.551076399999,19.6745892,0.10662061,0,zg,226.8302592,55.747166499999999,1.27699995,0.115000002,20200304551076,793,0xa,0x4,21.1900005,26.2774467,0.0283661745,-0.0540428162,1.7394832e-05,30,1.10800004,2
793110400000661,115951322,2458914.0154647124,58913.513229199998,19.7147732,0.109872058,32768,zg,226.83015610000001,55.747275899999998,1.16799998,-0.147,20200305513229,793,0xa,0x4,21.0300007,25.8991756,0.0660336465,-0.0748768076,9.4331619e-05,30,1.079,2
793110400000661,115951413,2458914.0163674299,58913.514131900003,19.8998604,0.125857338,0,zg,226.83014309999999,55.747181500000003,0.449000001,-0.00300000003,20200305514132,793,0xa,0x4,21.5900002,26.0372715,0.0436580516,-0.107445888,3.99373166e-05,30,1.08000004,1
793110400000661,115953322,2458914.0354650146,58913.533229200002,19.7736549,0.11477901,32768,zg,226.8301835,55.747147400000003,0.894999981,-0.0359999985,20200305533137,793,0xa,0x4,21.6200008,26.0731583,0.0417646505,-0.123019435,3.59042133e-05,30,1.09200001,2
793110400000661,116043590,2458914.9381519197,58914.435902800004,19.8009567,0.1171114,0,zg,226.8302813,55.747193600000003,0.358999997,0.0710000023,20200306435868,793,0xa,0x4,20.8099995,26.1353359,0.0385104492,-0.0439074412,3.76315038e-05,30,1.10899997,2
793110400000661,116044216,2458914.9444136224,58914.442164400003,19.8169289,0.118492432,0,zg,226.83009799999999,55.747164300000001,0.657000005,0.0209999997,20200306442153,793,0xa,0x4,21.0499992,26.2573929,0.0335074589,-0.0613510758,2.48625674e-05,30,1.102,2
793110400000661,116046898,2458914.9712311099,58914.468981500002,19.8925705,0.125197127,0,zg,226.8301721,55.747203200000001,0.248999998,-0.00499999989,20200306468958,793,0xa,0x4,20.6900005,25.9360485,0.0303233713,-0.0408636145,2.46842974e-05,30,1.08000004,1
793110400000661,116147224,2458915.9745091852,58915.4722454,19.5859184,0.0997265801,0,zg,226.83037859999999,55.747136400000002,1.35599995,-0.338999987,20200307472245,793,0xa,0x4,20.5699997,26.2833557,0.0341532491,-0.0426189378,3.08488634e-05,30,1.07799995,2
793110400000661,118247259,2458936.9750034977,58936.472592600003,19.8801365,0.124076545,32768,zg,226.83006040000001,55.747204199999999,0.765999973,0.050999999,20200328472581,793,0xa,0x4,21.9599991,26.2796497,0.0375026949,-0.140021354,2.87815947e-05,30,1.09399998,1
793110400000661,118247349,2458936.9759062952,58936.473495400001,19.9051132,0.126334533,0,zg,226.83018509999999,55.7471757,1.91299999,0.101999998,20200328473484,793,0xa,0x4,21.9400005,26.246603,0.0356731527,-0.100770943,2.62228587e-05,30,1.09500003,2
793110400000661,118248325,2458936.9856631937,58936.4832523,19.8534279,0.121694088,0,zg,226.8302046,55.747166999999997,0.796999991,-0.00200000009,20200328483252,793,0xa,0x4,21.5400009,26.2488804,0.0407938026,-0.107760258,3.43638312e-05,30,1.10599995,2
793110400000661,118545086,2458939.9532761462,58939.450868100001,19.9440441,0.129910633,32768,zg,226.8302281,55.747116400000003,0.416000009,0.165999994,20200331450868,793,0xa,0x4,20.5499992,25.3744888,0.0407300293,-0.0632891357,5.10145946e-05,30,1.08399999,1
793110400000661,118647517,2458940.9775792914,58940.475173600003,19.9570198,0.131117582,0,zg,226.83023940000001,55.7472055,0.398999989,0.101000004,20200401475162,793,0xa,0x4,20.9400005,25.7664089,0.0468115769,-0.0715539008,5.05154167e-05,30,1.10899997,1
793110400000661,118647607,2458940.9784820923,58940.476076400002,19.7278481,0.11094708,0,zg,226.830051,55.7472487,0.280999988,-0.0209999997,20200401476076,793,0xa,0x4,21.0100002,25.7882347,0.0579830743,-0.0789197683,7.54561843e-05,30,1.11000001,2
793110400000661,118745245,2458941.9548565219,58941.452453700003,19.8659229,0.122804508,0,zg,226.82997109999999,55.747193699999997,0.497999996,-0.0219999999,20200402452431,793,0xa,0x4,21.1100006,26.2533188,0.0549955592,-0.10940659,6.4933447e-05,30,1.08899999,2
793110400000661,118747063,2458941.9730393551,58941.470636600003,19.9744759,0.132752821,32768,zg,226.83009419999999,55.747195900000001,1.05799997,0.0410000011,20200402470625,793,0xa,0x4,21.5100002,26.2668991,0.0568948761,-0.129521728,6.72637252e-05,30,1.10699999,2
793110400000661,118747153,2458941.9739421536,58941.471539400001,19.8009224,0.117108405,32768,zg,226.82998620000001,55.747217999999997,0.912,-0.0450000018,20200402471539,793,0xa,0x4,21.25,26.2683487,0.0556104146,-0.130838558,6.44641477e-05,30,1.10800004,1
793110400000661,118942591,2458943.928309483,58943.425914400003,19.5753403,0.0989299864,0,zg,226.83008599999999,55.747194100000002,1.13699996,0.0289999992,20200404425914,793,0xa,0x4,20.4699993,26.2627602,0.0343268663,-0.0607130714,3.29305731e-05,30,1.07700002,1
793110400000661,119045570,2458944.9580960288,58944.455706000001,19.5094738,0.0940925106,0,zg,226.83030389999999,55.7471368,0.837000012,0.00899999961,20200405455706,793,0xa,0x4,20.5699997,26.2578163,0.0317677706,-0.0475618392,2.6940741e-05,30,1.09899998,2
793110400000661,119047137,2458944.9737672461,58944.471377299997,19.6210632,0.102412827,0,zg,226.83015810000001,55.747152700000001,0.885999978,0.171000004,20200405471377,793,0xa,0x4,20.7700005,26.2474213,0.030809693,-0.0487414077,2.34285999e-05,30,1.11899996,1
793110400000661,119047228,2458944.9746700493,58944.472280100003,19.6286297,0.102999076,0,zg,226.83004399999999,55.747092199999997,0.952000022,0.125,20200405472280,793,0xa,0x4,20.7299995,26.2659855,0.0341112204,-0.0658774301,2.87261882e-05,30,1.12,2
793110400000661,120039197,2458954.8942854851,58954.391979200002,19.8541164,0.121755041,0,zg,226.83004080000001,55.747168799999997,1.37199998,0.155000001,20200415391944,793,0xa,0x4,21.1700001,26.2695904,0.0453605019,-0.0855813622,4.32348315e-05,30,1.07599998,2
793110400000661,120039378,2458954.8960909732,58954.393784699998,19.8965206,0.125554502,0,zg,226.83001400000001,55.747073200000003,0.943000019,-0.0529999994,20200415393785,793,0xa,0x4,21.3099995,26.2650089,0.0416122526,-0.0923799202,3.58248762e-05,30,1.07700002,1
793110400000661,120041149,2458954.9137991574,58954.4114931,19.7027187,0.108888388,0,zg,226.830096,55.747163499999999,0.976999998,-0.0410000011,20200415411493,793,0xa,0x4,21.1800003,26.2681637,0.0398349091,-0.087944366,3.35845762e-05,30,1.08500004,2
793110400000661,120140748,2458955.9097825978,58955.4074884,19.9265785,0.128297895,0,zg,226.83010680000001,55.747173199999999,0.83099997,-0,20200416407488,793,0xa,0x4,21.5100002,26.2790508,0.0421742089,-0.107468121,3.68975161e-05,30,1.08399999,2
793110400000661,120140840,2458955.9106969833,58955.4084028,19.8554535,0.121873587,0,zg,226.83015309999999,55.7471994,0.953000009,0.00899999961,20200416408391,793,0xa,0x4,21.6399994,26.270895,0.040499527,-0.102862455,3.40671468e-05,30,1.08399999,1
793110400000661,120146141,2458955.9637055299,58955.461411999997,19.704073,0.108998537,0,zg,226.82994350000001,55.747169700000001,0.437999994,-0.105999999,20200416460995,793,0xa,0x4,21.0900002,26.2535248,0.0366296209,-0.0723550767,2.87217281e-05,30,1.153,2
793110400000661,120236782,2458956.8701062812,58956.367824100002,19.8507881,0.121460356,0,zg,226.8300495,55.747160200000003,1.32799995,0.0700000003,20200417367824,793,0xa,0x4,21.3299999,25.8162861,0.0400702693,-0.0914920941,3.48251924e-05,30,1.07599998,2
793110400000661,120238112,2458956.8834047094,58956.381122699997,19.8701344,0.123180471,0,zg,226.83012880000001,55.747163100000002,1.07099998,-0.0140000004,20200417381123,793,0xa,0x4,21.9500008,26.2756042,0.0360366777,-0.108593553,2.61502228e-05,30,1.07500005,2
793110400000661,120834962,2458962.8518241933,58962.349629600001,19.9323978,0.128833666,0,zg,226.8301673,55.747175300000002,1.39199996,0.100000001,20200423349618,793,0xa,0x4,21.6299992,26.2758331,0.0379543118,-0.105381466,2.91374054e-05,30,1.07599998,2
793110400000661,120835937,2458962.8615694297,58962.359375,19.8235703,0.119070262,0,zg,226.83019820000001,55.747212900000001,0.846000016,0.0359999985,20200423359375,793,0xa,0x4,21.25,26.2590084,0.0432677902,-0.0855655968,3.84714403e-05,30,1.07500005,2
793110400000661,120929715,2458963.7993315426,58963.297152799998,19.6990929,0.108593859,0,zg,226.8301548,55.747146600000001,0.342999995,0.0399999991,20200424297153,793,0xa,0x4,22,26.2289486,0.0272880346,-0.0637637675,1.53265064e-05,30,1.11600006,2
793110400000661,120932350,2458963.8256851956,58963.3235069,19.7910614,0.116261899,0,zg,226.83015900000001,55.747202700000003,0.884000003,0.0170000009,20200424323484,793,0xa,0x4,21.6900005,26.2487659,0.0292053632,-0.0592179634,1.7524364e-05,30,1.08800006,2
793110400000661,120934128,2458963.8434626935,58963.3412847,19.7368164,0.11168927,0,zg,226.8302448,55.747212599999997,0.842999995,-0.0560000017,20200424341273,793,0xa,0x4,21.4799995,26.2535725,0.031610366,-0.0686686113,2.04249609e-05,30,1.07799995,2
793110400000661,120939347,2458963.8956493097,58963.393472199998,19.7031746,0.108925417,0,zg,226.8301185,55.747163499999999,0.992999971,-0.0930000022,20200424393472,793,0xa,0x4,21.8999996,26.2518234,0.0284750443,-0.0657816008,1.63439254e-05,30,1.09000003,2
793110400000661,120942944,2458963.9316208838,58963.429444399997,19.7827721,0.115553871,0,zg,226.83024499999999,55.747188700000002,0.774999976,0.063000001,20200424429410,793,0xa,0x4,21.5599995,26.2444706,0.0277788732,-0.0553226545,1.56030947e-05,30,1.13399994,2
793110400000661,121034960,2458964.8517670361,58964.3496065,19.7726955,0.11469768,0,zg,226.83017269999999,55.747161200000001,1.14600003,0.0689999983,20200425349606,793,0xa,0x4,21.9699993,26.2592354,0.0275382381,-0.0715512559,1.54833615e-05,30,1.07500005,1
793110400000661,121035285,2458964.855019276,58964.352858799997,19.8063354,0.117575131,0,zg,226.83021550000001,55.747186300000003,0.722000003,0.0270000007,20200425352859,793,0xa,0x4,21.8999996,26.2598991,0.0267138369,-0.0639725253,1.46758293e-05,30,1.07500005,2
793110400000661,121037038,2458964.8725420702,58964.3703819,19.8409061,0.120588608,0,zg,226.83016370000001,55.747164599999998,0.545000017,0.0529999994,20200425370382,793,0xa,0x4,21.9300003,26.2635651,0.0248058438,-0.0744273588,1.26103814e-05,30,1.07799995,2
793110400000661,121126311,2458965.7652575849,58965.263113399997,19.8298435,0.119618088,0,zg,226.83013020000001,55.747171000000002,0.603999972,-0.0780000016,20200426263090,793,0xa,0x4,21.9200001,26.2603455,0.0270727128,-0.0834388286,1.47333121e-05,30,1.16600001,2
793110400000661,121140981,2458965.9119563308,58965.409814799998,19.7680836,0.114307553,0,zg,226.8301874,55.747174999999999,0.861000001,-0.0439999998,20200426409803,793,0xa,0x4,22.0699997,26.2689857,0.0286176801,-0.0686974153,1.68982788e-05,30,1.11300004,2
793110400000661,121241179,2458966.9139169818,58966.411794,19.9158287,0.127312019,0,zg,226.83020769999999,55.747189400000003,0.99000001,0.0560000017,20200427411794,793,0xa,0x4,21.8999996,26.2463741,0.02876986,-0.0718251094,1.68269344e-05,30,1.11899996,2
793110400000661,121243149,2458966.9336157073,58966.431493099997,19.680336,0.107080765,0,zg,226.83014700000001,55.747177600000001,0.995000005,0.116999999,20200427431470,793,0xa,0x4,21.8600006,26.2419453,0.0276743639,-0.0748849288,1.56973165e-05,30,1.153,2
793110400000661,121326849,2458967.7706020619,58967.2684954,19.8937645,0.125305012,0,zg,226.8301324,55.747225200000003,1.21899998,0.123000003,20200428268032,793,0xa,0x4,21.3099995,26.2327099,0.0384030975,-0.0874893814,3.06596485e-05,30,1.14499998,2
793110400000661,121328047,2458967.7825809438,58967.280474500003,19.8607559,0.122344449,0,zg,226.83002769999999,55.747144300000002,0.564999998,-0.00499999989,20200428280451,793,0xa,0x4,21.7199993,26.2545738,0.0387102887,-0.10926114,3.06049114e-05,30,1.12399995,2
793110400000661,121328140,2458967.7835069243,58967.281400499996,19.9109287,0.126864448,0,zg,226.83006649999999,55.747160000000001,0.639999986,0.143000007,20200428281389,793,0xa,0x4,21.8099995,26.2577362,0.0402678922,-0.106783412,3.33177632e-05,30,1.12300003,1
793110400000661,121430892,2458968.8110099193,58968.308923600001,19.781414,0.115438208,0,zg,226.8301276,55.747183100000001,0.970000029,0.0289999992,20200429308912,793,0xa,0x4,21.8999996,26.3037262,0.033143159,-0.0877308175,2.21103928e-05,30,1.08800006,2
793110400000661,121445520,2458968.9572916897,58968.455208300002,19.7982578,0.11687924,0,zg,226.8301974,55.747163,0.865999997,-0.0329999998,20200429455208,793,0xa,0x4,21.6800003,26.2775517,0.0333802179,-0.0826785564,2.25981657e-05,30,1.22399998,2
793110400000661,121628295,2458970.784997453,58970.282951399997,19.7629662,0.113875747,0,zg,226.83020429999999,55.747146299999997,1.32700002,-0.112999998,20200501282940,793,0xa,0x4,21.4099998,26.3022251,0.0310175754,-0.0728572085,1.99476508e-05,30,1.10899997,2
793110400000661,121630461,2458970.8066637046,58970.304618100003,19.8279934,0.119456358,0,zg,226.83023449999999,55.7471405,1.01499999,-0.153999999,20200501304606,793,0xa,0x4,21.3899994,26.3053551,0.028881602,-0.0529890358,1.70888634e-05,30,1.08700001,2
793110400000661,121630604,2458970.8080872721,58970.306041700002,19.8337383,0.119959086,0,zg,226.8302022,55.747172300000003,0.430999994,0.0120000001,20200501306030,793,0xa,0x4,21.3799992,26.326107,0.028455399,-0.0819708705,1.67559556e-05,30,1.08599997,1
793110400000661,121729084,2458971.7928695837,58971.290844900002,19.8264847,0.119324543,0,zg,226.83016760000001,55.747162099999997,0.717999995,0.00300000003,20200502290845,793,0xa,0x4,21.1200008,26.3066311,0.0309682582,-0.0694243312,2.0331805e-05,30,1.097,2
793110400000661,121730711,2458971.8091424368,58971.307118099998,19.706068,0.109160915,0,zg,226.83013919999999,55.747170599999997,1.01900005,-0.165000007,20200502307106,793,0xa,0x4,21.0799999,26.3141499,0.0322922394,-0.0700337291,2.23130592e-05,30,1.08399999,2
793110400000661,121826103,2458972.7630336951,58972.261030100002,19.8482265,0.121233895,0,zg,226.8302156,55.747159500000002,1.09899998,0.217999995,20200503261030,793,0xa,0x4,21.0799999,26.2843132,0.0309338104,-0.0588506199,2.07983776e-05,30,1.13300002,2
793110400000661,121828370,2458972.7857067953,58972.283703699999,19.6020012,0.100948371,0,zg,226.830252,55.747239899999997,0.241999999,-0.0599999987,20200503283704,793,0xa,0x4,21,26.2789803,0.0290552825,-0.0456489399,1.97290774e-05,30,1.102,2
793110400000661,121925940,2458973.7613910916,58973.259409699996,19.9307213,0.128679186,0,zg,226.83001039999999,55.747123600000002,0.444999993,0.0489999987,20200504259410,793,0xa,0x4,20.7099991,26.2825317,0.0316046327,-0.0572425872,2.48966226e-05,30,1.13199997,2
793110400000661,121945707,2458973.959048707,58973.457071800003,19.6847744,0.107437238,0,zg,226.83019920000001,55.747196600000002,0.416000009,0.063000001,20200504457060,793,0xa,0x4,21.0599995,26.273447,0.0316912197,-0.0575823076,2.16181288e-05,30,1.27400005,1
793110400000661,122021386,2458974.7158253477,58974.213865700003,19.6921711,0.108033501,0,zg,226.8301424,55.747254599999998,1.30599999,-0.0540000014,20200505213866,793,0xa,0x4,20.5900002,26.2125969,0.0377176814,-0.038581904,4.00008721e-05,30,1.23000002,2
793110400000661,122119454,2458975.696485457,58975.194548599997,19.9304085,0.128650412,0,zg,226.83005650000001,55.747138100000001,1.04200006,0.144999996,20200506194549,793,0xa,0x4,20.3299999,26.2273502,0.0436599515,-0.0385788865,5.95529527e-05,30,1.28499997,2
793110400000661,122142314,2458975.9250795995,58975.423148100002,19.6758957,0.106725082,0,zg,226.83031220000001,55.74709,0.537,-0.0370000005,20200506423148,793,0xa,0x4,20.4500008,26.2985897,0.034723796,-0.0414098725,3.78597542e-05,30,1.19000006,2
793110400000661,122219978,2458976.7016930953,58976.199780100003,19.5204639,0.0948849544,0,zg,226.83013579999999,55.747136699999999,0.90200001,0.107000001,20200507199780,793,0xa,0x4,20.2099991,26.2616482,0.0354214087,-0.0291592851,4.61232521e-05,30,1.25699997,1
793110400000661,122221424,2458976.7161603412,58976.214247700002,20.2094269,0.15591982,0,zg,226.8302588,55.747280500000002,0.458000004,-0.307999998,20200507214248,793,0xa,0x4,20.2000008,26.2847099,0.0367643498,-0.0399827883,4.95454369e-05,30,1.21300006,2
793110400000661,122421364,2458978.7155094882,58978.213645800002,19.6202202,0.102347702,0,zg,226.83018060000001,55.747131899999999,1.14699996,0.0160000008,20200509213646,793,0xa,0x4,20.9099998,26.2163506,0.0324268825,-0.0397606418,2.41513535e-05,30,1.20000005,2
793110400000661,122444326,2458978.9451218192,58978.443263900001,19.8378372,0.120318726,0,zg,226.8301246,55.747286500000001,0.500999987,-0.0529999994,20200509443264,793,0xa,0x4,20.1299992,25.9100304,0.0435951687,-0.0387085564,7.10953609e-05,30,1.27400005,2
793110400000661,122520414,2458979.7059822008,58979.204143499999,19.9212189,0.127805725,0,zg,226.8302395,55.747179799999998,0.412999988,0.0599999987,20200510204144,793,0xa,0x4,21.75,26.1625862,0.036262054,-0.0893158242,2.70177516e-05,30,1.21800005,2
793110400000661,122525428,2458979.7561198459,58979.254282399997,19.775938,0.114972644,0,zg,226.8301836,55.747155499999998,0.882000029,-0.0359999985,20200510254062,793,0xa,0x4,21.1599998,26.1797771,0.0335920006,-0.0355986133,2.43571394e-05,30,1.11500001,1
793110400000661,122542355,2458979.9253863045,58979.423553200002,19.711113,0.109572574,0,zg,226.83023119999999,55.747231800000002,0.547999978,-0.206,20200510423553,793,0xa,0x4,20.6800003,26.1659489,0.0375639573,-0.0359433182,3.58059842e-05,30,1.22000003,2
793110400000661,122621395,2458980.71577106,58980.213958300003,19.8389626,0.120417617,32768,zg,226.83009809999999,55.747155399999997,1.35699999,0.0549999997,20200511213958,793,0xa,0x4,22.1499996,26.2351055,0.0405663438,-0.116667315,3.3542452e-05,30,1.18499994,2
793110400000661,122719282,2458981.6946112369,58981.192824099999,19.7847366,0.11572136,0,zg,226.83012360000001,55.7471733,0.47299999,-0.0359999985,20200512192824,793,0xa,0x4,21.6900005,26.2715836,0.0335673019,-0.104212388,2.30660607e-05,30,1.23599994,2
793110400000661,122742332,2458981.9251028388,58981.423321800001,19.7844276,0.115695015,0,zg,226.83018010000001,55.747264199999996,0.647000015,-0.0419999994,20200512423322,793,0xa,0x4,21.1599998,26.2727928,0.0341177396,-0.0712989494,2.45301253e-05,30,1.23500001,2
793110400000661,123130061,2458985.8022883129,58985.300613400002,19.8315468,0.119767062,0,zg,226.8301524,55.7471964,0.727999985,-0.0680000037,20200516300613,793,0xa,0x4,21.75,26.2850456,0.0362111367,-0.0975541547,2.6632988e-05,30,1.07500005,1
793110400000661,123221388,2458986.7155378293,58986.213888899998,19.7191391,0.110230058,0,zg,226.83017079999999,55.747163100000002,0.550999999,0.0359999985,20200517213877,793,0xa,0x4,21.7800007,26.2614956,0.0339057334,-0.0868133083,2.33902338e-05,30,1.14999998,2
793110400000661,123244318,2458986.944825225,58986.443182900002,19.8828773,0.124323033,0,zg,226.83016599999999,55.747182100000003,0.621999979,0.0820000023,20200517443183,793,0xa,0x4,21.8199997,26.2623749,0.0299415868,-0.0882401615,1.81720643e-05,30,1.36000001,2
793110400000661,123319430,2458987.6959262495,58987.194305600002,19.8049355,0.117454216,0,zg,226.8301299,55.747145199999999,1.25,0.131999999,20200518194306,793,0xa,0x4,22.1700001,26.2856083,0.0345480964,-0.0949250087,2.41143971e-05,30,1.18700004,2
793110400000661,123342192,2458987.9235353158,58987.421921300003,19.8910542,0.125060081,32768,zg,226.83011740000001,55.747169300000003,1.52600002,0.232999995,20200518421921,793,0xa,0x4,22.2900009,26.2825375,0.0415547341,-0.125401124,3.4739056e-05,30,1.28499997,2
793110400000661,123719589,2458991.6973923785,58991.195891199997,19.8150673,0.118330821,0,zg,226.8301749,55.747148799999998,0.818000019,0.0540000014,20200522195891,793,0xa,0x4,21.9699993,26.2589226,0.0314072222,-0.0822759941,2.02281826e-05,30,1.15799999,2
793110400000661,123731254,2458991.8140439168,58991.312546300003,19.8002682,0.117052108,0,zg,226.83021690000001,55.747167300000001,0.555999994,0.0299999993,20200522312546,793,0xa,0x4,21.7900009,26.2957897,0.0330932289,-0.0914788097,2.22058679e-05,30,1.08599997,1
793110400000661,123742204,2458991.9235428171,58991.422048599998,19.8569889,0.122009814,0,zg,226.83015019999999,55.747147200000001,0.736999989,-0.0320000015,20200522422049,793,0xa,0x4,21.8899994,26.2616177,0.0312221982,-0.0799828991,1.99948809e-05,30,1.32799995,2
793110400000661,123821363,2458992.7151040989,58992.213634300002,20.0104637,0.136165321,0,zg,226.83011289999999,55.747162400000001,1.23399997,0.133000001,20200523213623,793,0xa,0x4,22.0900002,26.2798843,0.0347743109,-0.111830495,2.41716152e-05,30,1.12199998,2
793110400000661,123844412,2458992.9455829989,58992.444120400003,19.8913231,0.125084311,0,zg,226.8301487,55.747129800000003,0.572000027,-0.00400000019,20200523444120,793,0xa,0x4,21.6700001,26.2197838,0.0392068923,-0.100249544,3.11624317e-05,30,1.44599998,2
793110400000661,124021550,2458994.7169162529,58994.215509299996,19.9506035,0.130519778,0,zg,226.83011110000001,55.7471952,1.38100004,0.143999994,20200525215509,793,0xa,0x4,22.0300007,26.255415,0.0323950127,-0.0864638686,2.16535373e-05,30,1.11199999,2
793110400000661,124026215,2458994.763558283,58994.262152800002,19.8346386,0.12003801,0,zg,226.83014829999999,55.747170599999997,0.995000005,-0.0280000009,20200525262037,793,0xa,0x4,21.9699993,26.2723427,0.0361067019,-0.0906735584,2.64807568e-05,30,1.07599998,1
793110400000661,124044276,2458994.9441658864,58994.442766200002,19.7948952,0.116590448,0,zg,226.8301969,55.747150900000001,0.736999989,-0.0450000018,20200525442755,793,0xa,0x4,21.3099995,26.227314,0.0335752778,-0.0618147627,2.29060261e-05,30,1.46899998,2
793110400000661,124119320,2458995.694581741,58995.193206000004,19.8775654,0.123845845,0,zg,226.8302127,55.747171199999997,1.301,0.30399999,20200526193206,793,0xa,0x4,21.9500008,26.2402744,0.0307048839,-0.0758408979,1.92789976e-05,30,1.14199996,2
793110400000661,124142343,2458995.9248058116,58995.423437500001,19.9026337,0.126109093,0,zg,226.8301683,55.7471794,0.901000023,-0.0529999994,20200526423438,793,0xa,0x4,21.9300003,26.241312,0.0320204757,-0.0803194791,2.067899e-05,30,1.38300002,2
793110400000661,124221370,2458996.7150465213,58996.213703699999,19.9769592,0.132986516,0,zg,226.8300854,55.747185500000001,0.899999976,0.0850000009,20200527213704,793,0xa,0x4,21.9799995,26.2827606,0.0310628153,-0.0822681859,1.99349997e-05,30,1.10699999,2
793110400000661,124244266,2458996.9439973389,58996.442662000001,19.8033276,0.117315531,0,zg,226.83016470000001,55.747160200000003,0.986000001,-0.00800000038,20200527442650,793,0xa,0x4,21.75,26.2168064,0.0317690969,-0.0698027462,2.05694996e-05,30,1.50100005,2
793110400000661,124319577,2458997.6970863137,58997.195775499997,19.8373833,0.120278828,0,zg,226.83021500000001,55.747138900000003,0.981999993,-0.00100000005,20200528195764,793,0xa,0x4,21.7900009,26.2477875,0.0282748546,-0.0664907321,1.6444159e-05,30,1.12899995,2
793110400000661,124321967,2458997.7209859369,58997.2196759,20.0138798,0.136492118,0,zg,226.83023729999999,55.747150300000001,1.26999998,0.147,20200528219676,793,0xa,0x4,21.9200001,26.2542858,0.0296222139,-0.0678890124,1.80172246e-05,30,1.097,1
793110400000661,124421726,2458998.7185456972,58998.217268499997,19.7770271,0.115065165,0,zg,226.83023109999999,55.747160200000003,0.754999995,-0.0909999982,20200529217269,793,0xa,0x4,21.6700001,26.2677612,0.0255678575,-0.0626571774,1.31205343e-05,30,1.097,2
793110400000661,124444243,2458998.9437002796,58998.4424306,19.8963985,0.12554349,0,zg,226.83006700000001,55.747185399999999,0.351000011,-0.0250000004,20200529442431,793,0xa,0x4,21.8299999,26.2026825,0.0320191979,-0.0872472003,2.09218142e-05,30,1.53400004,2
793110400000661,124519479,2458999.6960364203,58999.1947917,19.8371582,0.120259166,0,zg,226.83000060000001,55.747049599999997,1.11800003,-0.0189999994,20200530194792,793,0xa,0x4,20.6800003,26.2899036,0.0331739262,-0.0656411946,2.72623365e-05,30,1.12199998,2
793110400000661,124542238,2458999.9236213625,58999.4223843,19.7409,0.11202845,0,zg,226.83016409999999,55.747227299999999,0.884000003,-0.0610000007,20200530422373,793,0xa,0x4,21.3099995,26.2305965,0.0362627655,-0.0846913755,2.72930774e-05,30,1.43200004,2
793110400000661,124622567,2459000.7268814668,59000.225671300002,19.8052311,0.117479727,0,zg,226.83033660000001,55.747129999999999,0.787999988,-0.0970000029,20200531225660,793,0xa,0x4,20.8299999,26.2788429,0.0326282829,-0.050929375,2.45616011e-05,30,1.08500004,2
793110400000661,124624706,2459000.7482696483,59000.247060200003,19.9410095,0.129629403,0,zg,226.8302128,55.7471101,0.493999988,-0.00400000019,20200531247049,793,0xa,0x4,21.0900002,26.289566,0.0293244738,-0.0623653308,1.83564225e-05,30,1.07599998,1
793110400000661,124719291,2459001.6940941415,59001.192916699998,19.7864151,0.115864597,0,zg,226.83017319999999,55.7472116,0.409999996,-0.0160000008,20200601192905,793,0xa,0x4,21.0400009,26.2172279,0.0354310721,-0.0530564189,2.83839836e-05,30,1.11600006,2
793110400000661,124742219,2459001.9233687087,59001.422199100001,19.7858105,0.115813002,0,zg,226.83022690000001,55.747179699999997,0.388000011,0.0430000015,20200601422199,793,0xa,0x4,21.4300003,26.1259212,0.0334092043,-0.0622058734,2.29741963e-05,30,1.46099997,2
793110400000661,125021310,2459004.7141755773,59004.213101900001,19.5129356,0.0943415016,0,zg,226.83019709999999,55.747202600000001,0.681999981,0.0450000018,20200604213102,793,0xa,0x4,20.5799999,26.2784634,0.0376872644,-0.0373097137,3.85202948e-05,30,1.08700001,2
793110400000661,125038146,2459004.8825376933,59004.3814699,19.8022652,0.117224023,0,zg,226.83012969999999,55.7471417,0.801999986,-0.280999988,20200604381470,793,0xa,0x4,20.3299999,26.2427044,0.0381618887,-0.0275885183,4.63672368e-05,30,1.30799997,2
793110400000661,125119262,2459005.6936668255,59005.192627299999,19.5550613,0.0974180996,32768,zg,226.83034050000001,55.7470949,0.731999993,-0.209000006,20200605192616,793,0xa,0x4,20.0300007,25.999691,0.053015817,-0.0469866805,0.000112987698,30,1.10300004,2
793110400000661,125519399,2459009.6948907343,59009.193993100002,19.7729626,0.114720315,0,zg,226.8301314,55.7471988,0.549000025,-0.0350000001,20200609193993,793,0xa,0x4,21.0400009,26.3326893,0.0396853872,-0.0646118745,3.26606205e-05,30,1.09099996,2
793110400000661,125538204,2459009.8829394393,59009.382048599997,19.7466469,0.112507284,0,zg,226.83020329999999,55.747229900000001,0.850000024,-0.137999997,20200609382037,793,0xa,0x4,20.4500008,26.2925491,0.0365778878,-0.0406733043,3.89331763e-05,30,1.36800003,2
793110400000661,125638196,2459010.8828224102,59010.381967599998,19.9330769,0.128896326,0,zg,226.83026599999999,55.747193799999998,0.305999994,-0.0759999976,20200610381968,793,0xa,0x4,21.0300007,26.2860069,0.030176172,-0.0352115855,1.98309917e-05,30,1.38,2
793110400000661,125719424,2459011.6950731371,59011.194247699998,19.961916,0.131574884,0,zg,226.8300734,55.7471386,1.046,0.141000003,20200611194248,793,0xa,0x4,21.9400005,26.1949463,0.034153074,-0.081675835,2.39322017e-05,30,1.08599997,2
793110400000661,125738167,2459011.8824967844,59011.381678199999,19.7711658,0.114568174,0,zg,226.83016190000001,55.747205800000003,0.485000014,-0.0689999983,20200611381667,793,0xa,0x4,21.2399998,26.1195965,0.034410689,-0.0475759767,2.54300539e-05,30,1.39199996,2
793110400000661,125821281,2459012.7136008795,59012.212812500002,19.8330765,0.119901113,0,zg,226.8301472,55.747170199999999,1.51900005,0.0909999982,20200612212812,793,0xa,0x4,22.0599995,26.3527813,0.0337535143,-0.0919078737,2.31828453e-05,30,1.07599998,2
793110400000661,125830178,2459012.8025675244,59012.301782399998,19.8852692,0.124538258,0,zg,226.8301769,55.7471642,1.02900004,0.0199999996,20200612301782,793,0xa,0x4,21.7399998,26.3430233,0.0344144404,-0.0922998786,2.41298876e-05,30,1.14499998,1
793110400000661,125838160,2459012.8823909722,59012.381608800002,19.7763405,0.115006849,0,zg,226.83030719999999,55.747220499999997,0.426999986,-0.107000001,20200612381609,793,0xa,0x4,21.2199993,26.2961311,0.0303223915,-0.0426983163,1.90601277e-05,30,1.40499997,2
793110400000661,125920554,2459013.7062960849,59013.205543999997,19.9064922,0.126460075,0,zg,226.83018379999999,55.747156599999997,1.22800004,0.0769999996,20200613205544,793,0xa,0x4,21.9300003,26.3350372,0.0316180624,-0.0881150365,2.05258093e-05,30,1.07799995,2
793110400000661,125938146,2459013.8822154826,59013.3814699,19.8620605,0.122460462,0,zg,226.83023990000001,55.747209300000002,0.488999993,0.0719999969,20200613381458,793,0xa,0x4,21.2800007,26.2865067,0.0293579176,-0.0678778067,1.76606554e-05,30,1.41799998,2
793110400000661,126021282,2459014.7135391892,59014.212824100003,19.8844681,0.124466144,0,zg,226.8301931,55.747152100000001,0.876999974,-0.0710000023,20200614212812,793,0xa,0x4,22.0400009,26.3549309,0.0316333957,-0.103290789,2.02360097e-05,30,1.07500005,2
793110400000661,126038067,2459014.8813801515,59014.380671300001,19.9190025,0.127602607,0,zg,226.83009860000001,55.747177100000002,0.771000028,0.0439999998,20200614380671,793,0xa,0x4,21.5300007,26.2845898,0.0345909931,-0.0856412798,2.43445429e-05,30,1.42799997,2
793110400000661,126119378,2459015.694463599,59015.193784700001,19.9040127,0.126234472,0,zg,226.8301098,55.747176899999999,0.856000006,0.0289999992,20200615193773,793,0xa,0x4,21.8500004,26.2895584,0.0324056707,-0.0911520123,2.14824922e-05,30,1.08000004,2
793110400000661,126138166,2459015.882338603,59015.381666699999,19.9105282,0.126827911,0,zg,226.83018139999999,55.747169300000003,0.93900001,0.107000001,20200615381667,793,0xa,0x4,21.3299999,26.2144661,0.0308675449,-0.0695239455,1.97544377e-05,30,1.44799995,2
793110400000661,126220733,2459016.7079793708,59016.207338,19.9631271,0.131688178,0,zg,226.83019959999999,55.747160200000003,0.762000024,0.0579999983,20200616207338,793,0xa,0x4,21.6000004,26.3071423,0.0361693054,-0.0866941065,2.67923024e-05,30,1.07500005,1
793110400000661,126221555,2459016.7161966637,59016.2155556,19.8763618,0.123737872,0,zg,226.8301816,55.747183,0.865999997,-0.0979999974,20200616215405,793,0xa,0x4,21.4699993,26.2923546,0.0343313292,-0.0704569593,2.4690471e-05,30,1.07500005,2
793110400000661,126238040,2459016.8810399887,59016.380405099997,19.8836479,0.124392308,32768,zg,226.8300113,55.747136699999999,0.72299999,0.00899999961,20200616380394,793,0xa,0x4,20.8199997,25.5260391,0.0827492028,-0.0620130561,0.000174557601,30,1.45599997,2
793110400000661,126319436,2459017.6949680867,59017.194363399998,20.0083714,0.135965332,0,zg,226.8301554,55.747115200000003,0.388999999,-0.00400000019,20200617194363,793,0xa,0x4,21.9699993,26.3439102,0.0359323323,-0.0999635607,2.62208578e-05,30,1.07799995,2
793110400000661,126338208,2459017.8826809339,59017.382083299999,19.9788342,0.133163169,0,zg,226.8301103,55.7471581,1.92299998,0.131999999,20200617382083,793,0xa,0x4,21.6000004,26.2729092,0.0403502695,-0.0840493441,3.3307635e-05,30,1.48199999,2
793110400000661,126421930,2459018.7198720626,59018.219305600003,19.9716148,0.132483914,32768,zg,226.83018509999999,55.7471502,0.962000012,-0.057,20200618219155,793,0xa,0x4,21.8500004,25.6974888,0.0572088324,-0.131804749,7.1638111e-05,30,1.07700002,2
793110400000661,126438030,2459018.8808612903,59018.380300899997,19.8393574,0.1204523,0,zg,226.83015950000001,55.747124300000003,0.86500001,-0.0350000001,20200618380301,793,0xa,0x4,21.5599995,26.2487373,0.0381307192,-0.0792297944,2.93494795e-05,30,1.48699999,2
793110400000661,126519371,2459019.6942453072,59019.193715300004,19.8456478,0.121006273,0,zg,226.8301424,55.747188199999997,1.58200002,0.147,20200619193715,793,0xa,0x4,22.1599998,26.3072319,0.0360642113,-0.099408865,2.6659347e-05,30,1.07599998,2
793110400000661,126527002,2459019.7705502403,59019.270023099998,19.8203716,0.118791714,0,zg,226.83013589999999,55.747194499999999,1.097,0.0930000022,20200619270023,793,0xa,0x4,21.9500008,26.3019257,0.0369797423,-0.0973378792,2.7926666e-05,30,1.12399995,1
793110400000661,126538076,2459019.8812868381,59019.380763900001,19.9313259,0.128734887,0,zg,226.8300342,55.747153500000003,1.40900004,0.137999997,20200619380764,793,0xa,0x4,21.7199993,26.2252159,0.0390350372,-0.0796833634,3.06591173e-05,30,1.50600004,2
793110400000661,126621311,2459020.7136051711,59020.213113400001,19.869009,0.123079918,0,zg,226.83013320000001,55.747177200000003,0.898999989,0.074000001,20200620213113,793,0xa,0x4,22.1299992,26.2956181,0.036675889,-0.0963457301,2.74235226e-05,30,1.07599998,2
793110400000661,126637952,2459020.8800109583,59020.3795255,19.8783474,0.123916,0,zg,226.8301463,55.747185500000001,0.263000011,0.00200000009,20200620379525,793,0xa,0x4,21.7800007,26.2114315,0.0372585095,-0.0816689581,2.80487438e-05,30,1.51600003,2
793110400000661,126719236,2459021.6928160507,59021.192361100002,19.90098,0.125958934,32768,zg,226.83013779999999,55.747175200000001,1.05400002,0.158000007,20200621192350,793,0xa,0x4,22.2299995,26.330759,0.0405625328,-0.114651009,3.36656849e-05,30,1.07500005,2
793110400000661,126821306,2459022.7134835925,59022.213067099998,19.9156361,0.127294481,0,zg,226.83009240000001,55.747129000000001,0.783999979,0.057,20200622213056,793,0xa,0x4,22.0799999,26.3383808,0.0326704346,-0.0952676982,2.16100798e-05,30,1.07799995,2
793110400000661,126837966,2459022.8800745471,59022.379664400003,19.7220268,0.110467345,0,zg,226.83020110000001,55.747134899999999,0.790000021,0.0549999997,20200622379653,793,0xa,0x4,21.5599995,26.2493629,0.0335855447,-0.0741074085,2.27489945e-05,30,1.55200005,2
793110400000661,126922626,2459023.7266398435,59023.226261600001,19.8295498,0.119592354,0,zg,226.8301213,55.747148000000003,0.425000012,0.00899999961,20200623226262,793,0xa,0x4,22.0799999,26.3251686,0.0357670672,-0.0969897956,2.59434073e-05,30,1.08700001,2
793110400000661,126924635,2459023.7467316776,59023.246354199997,19.8976822,0.125659823,0,zg,226.8301021,55.747181599999998,0.261999995,0.00300000003,20200623246308,793,0xa,0x4,21.6900005,26.3185387,0.0366422348,-0.0924101546,2.75947186e-05,30,1.10599995,1
793110400000661,127122343,2459025.7237401921,59025.223437499997,19.8388939,0.120411649,0,zg,226.83011440000001,55.747169300000003,0.500999987,0.0410000011,20200625223426,793,0xa,0x4,21.7800007,26.1124516,0.033100985,-0.0974453986,2.22516064e-05,30,1.08899999,2
793110400000661,127124094,2459025.7412511273,59025.2409491,19.9723206,0.13255021,0,zg,226.83010379999999,55.747145500000002,1.19799995,0.144999996,20200625240949,793,0xa,0x4,22.0300007,26.3076305,0.0332940929,-0.0979162529,2.22736526e-05,30,1.10599995,2
793110400000661,127222719,2459026.727463759,59026.227199100002,19.718195,0.110152565,32768,zg,226.8300156,55.747205100000002,1.38199997,-0,20200626227199,793,0xa,0x4,20.1299992,25.0848598,0.0694676265,-0.0559158996,0.000200524315,30,1.09500003,2
793110400000661,127223534,2459026.7356115612,59026.235347200003,20.0461273,0.139599815,32768,zg,226.8300758,55.747070800000003,0.563000023,-0.144999996,20200626235347,793,0xa,0x4,20.8899994,25.7189369,0.0916165784,-0.0452300124,0.000208126614,30,1.10300004,1
793110400000661,127320546,2459027.7056905907,59027.205462999998,19.7499294,0.112781532,0,zg,226.83022249999999,55.747188299999998,0.80400002,-0.0820000023,20200627205463,793,0xa,0x4,21.3199997,26.2145519,0.0321076177,-0.0583630726,2.12135819e-05,30,1.08099997,2
793110400000661,127434951,2459028.8496980555,59028.349513900001,19.6222782,0.102506757,0,zg,226.83015090000001,55.747190699999997,1.375,-0.0930000022,20200628349514,793,0xa,0x4,21.0100002,26.189743,0.0407094322,-0.0807876214,3.54735457e-05,30,1.46700001,2
793110400000661,127523733,2459029.7374885464,59029.237337999999,19.5150261,0.0944921747,0,zg,226.8302099,55.747200100000001,1.05499995,-0.180000007,20200629237326,793,0xa,0x4,20.4799995,26.2987309,0.0346320271,-0.0376659855,3.2326443e-05,30,1.11600006,1
793110400000661,127524821,2459029.7483677282,59029.248217599998,19.6637154,0.105754353,0,zg,226.83016979999999,55.747216399999999,1.58399999,0.173999995,20200629248194,793,0xa,0x4,20.5100002,26.3232231,0.0350819081,-0.0442105792,3.34595934e-05,30,1.13300002,2
793110400000661,127529159,2459029.7917456524,59029.291597199997,19.6045341,0.10114187,0,zg,226.82992010000001,55.747277799999999,0.477999985,0.206,20200629291586,793,0xa,0x4,20.1000004,26.3151321,0.0407488309,-0.0486674532,6.07449692e-05,30,1.23300004,2
793110400000661,127634434,2459030.844448844,59030.344340299998,19.6853905,0.107486807,0,zg,226.83010390000001,55.747065300000003,0.838,-0.0920000002,20200630344329,793,0xa,0x4,20.25,26.2111092,0.0399562009,-0.0503924191,5.16350519e-05,30,1.46899998,2
793110400000661,127718233,2459031.6824148488,59031.182337999999,20.0460968,0.139597043,0,zg,226.83019340000001,55.747227700000003,0.411000013,0.00300000003,20200701182326,793,0xa,0x4,21.0699997,26.2685871,0.031892214,-0.0452863686,2.3543178e-05,30,1.07599998,2
793110400000661,127732186,2459031.8219349268,59031.3218634,19.8394222,0.120458074,0,zg,226.83027039999999,55.747193199999998,0.335000008,0.0130000003,20200701321863,793,0xa,0x4,20.7900009,26.2401562,0.0342896022,-0.0314236358,2.84689395e-05,30,1.36800003,2
793110400000661,127837082,2459032.8708535992,59032.370821800003,19.6848984,0.107447214,0,zg,226.83024019999999,55.747117099999997,1.30900002,-0.273000002,20200702370810,793,0xa,0x4,20.5799999,26.2040043,0.0334574953,-0.0379065908,3.03667239e-05,30,1.68799996,1
793110400000661,127838690,2459032.8869408756,59032.386909699999,19.8999081,0.12586166,0,zg,226.83024850000001,55.747182799999997,0.414000005,-0.0579999983,20200702386898,793,0xa,0x4,20.4200001,26.1742592,0.0353401601,-0.0314078741,3.62704632e-05,30,1.83299994,2
793110400000661,127920474,2459033.7047457537,59033.204745399999,20.104229,0.145301536,0,zg,226.83039239999999,55.747114699999997,0.433999985,0.0480000004,20200703204745,793,0xa,0x4,20.5900002,26.3307743,0.0335985348,-0.0452315025,3.01146538e-05,30,1.09200001,2
793110400000661,127924197,2459033.7419781224,59033.2419792,19.7385445,0.111832649,0,zg,226.83015850000001,55.747193699999997,0.720000029,-0.192000002,20200703241979,793,0xa,0x4,20.7399998,26.3392544,0.0343623012,-0.0554844476,2.88049414e-05,30,1.14100003,2
793110400000661,128020642,2459034.7063861252,59034.206423600001,19.7486496,0.112674505,0,zg,226.83027809999999,55.747106500000001,0.870999992,-0.0450000018,20200704206424,793,0xa,0x4,20.6700001,26.3161869,0.037928395,-0.0277854335,3.69233276e-05,30,1.09599996,2
793110400000661,128023517,2459034.7351350263,59034.235173599998,19.6964588,0.108380273,0,zg,226.8301999,55.747170699999998,0.921999991,-0.263999999,20200704235174,793,0xa,0x4,20.3299999,26.3160877,0.0446452051,-0.0292858034,6.26294132e-05,30,1.13399994,2
793110400000661,128220479,2459036.7046789429,59036.204791700002,19.8967094,0.125571668,0,zg,226.8301495,55.7472238,0.546999991,0.138999999,20200706204792,793,0xa,0x4,20.9500008,26.3273335,0.0357441902,-0.046665296,2.95048321e-05,30,1.10000002,1
793110400000661,128220572,2459036.7056164099,59036.205729200003,19.7230587,0.110552303,0,zg,226.83010540000001,55.747156099999998,0.674000025,0.0359999985,20200706205718,793,0xa,0x4,20.9200001,26.3337097,0.0334859975,-0.0295651145,2.54487823e-05,30,1.10099995,2
793110400000661,128223245,2459036.7323399093,59036.232453700002,19.5652771,0.0981771648,0,zg,226.83032549999999,55.747145600000003,0.947000027,-0.164000005,20200706232442,793,0xa,0x4,20.7600002,26.3290386,0.035426788,-0.0325493701,3.1307678e-05,30,1.13800001,2
793110400000661,128321920,2459037.7190505466,59037.219201400003,19.6638718,0.105766766,0,zg,226.83004389999999,55.747162500000002,0.333999991,0.0399999991,20200707219190,793,0xa,0x4,20.4899998,26.3275604,0.03421757,-0.0272202473,3.1746993e-05,30,1.12100005,2
793110400000661,128322160,2459037.7214578493,59037.221608799999,19.9958935,0.134777069,0,zg,226.82998910000001,55.747227000000002,1.35500002,-0.0670000017,20200707221551,793,0xa,0x4,20.3500004,26.3356094,0.044389654,-0.039630305,5.94068988e-05,30,1.125,1
793110400000661,128426075,2459038.7605624194,59038.260752299997,19.7830811,0.115580171,0,zg,226.8301629,55.747191000000001,0.583999991,-0.0670000017,20200708260625,793,0xa,0x4,21.1299992,26.347826,0.0316527262,-0.069931671,2.20037e-05,30,1.21500003,2
793110400000661,128426168,2459038.7614998873,59038.261689799998,19.7795963,0.115283504,0,zg,226.83019619999999,55.747157600000001,0.841000021,-0.159999996,20200708261690,793,0xa,0x4,20.9400005,26.3153477,0.032678999,-0.0288966056,2.40553727e-05,30,1.21800005,1
793110400000661,128518351,2459039.6832941645,59039.183518500002,19.8237762,0.119088247,0,zg,226.8301362,55.747171399999999,0.451000005,-0.0260000005,20200709183519,793,0xa,0x4,21.9400005,26.3553619,0.0267363284,-0.0871868208,1.46503007e-05,30,1.08800006,2
793110400000661,128520505,2459039.7048327602,59039.205057899999,19.9016933,0.126023769,0,zg,226.83020060000001,55.747166,0.647000015,-0.00999999978,20200709205058,793,0xa,0x4,22.1000004,26.3545876,0.0299116243,-0.0946604609,1.81409523e-05,30,1.10899997,1
793110400000661,128622019,2459040.7199338372,59040.220196800001,19.9237919,0.128041804,0,zg,226.8301592,55.747136500000003,0.913999975,0.0780000016,20200710220197,793,0xa,0x4,21.8999996,26.3373318,0.031470608,-0.087362051,2.01334296e-05,30,1.13600004,2
793110400000661,128623743,2459040.7371669915,59040.237430599998,19.9867058,0.133906335,0,zg,226.83018190000001,55.747138499999998,0.786000013,-0.0540000014,20200710237407,793,0xa,0x4,21.7600002,26.1685047,0.050940156,-0.0792089626,5.36100852e-05,30,1.16999996,2
793110400000661,128623980,2459040.7395395027,59040.239803199998,19.7540855,0.11312943,0,zg,226.83023800000001,55.74718,0.465000004,0.111000001,20200710239803,793,0xa,0x4,22.0300007,26.327774,0.0299476422,-0.088687107,1.82343301e-05,30,1.176,1
793110400000661,128720023,2459041.6999321431,59041.200231499999,19.3247223,0.0816348642,32768,zg,226.8301032,55.747167400000002,0.773000002,-0.0109999999,20200711200220,793,0xa,0x4,19.9200001,24.4632645,0.058797922,-0.0187972672,0.00017175806,30,1.11000001,1
793110400000661,128720603,2459041.70573053,59041.206030100002,19.8236446,0.119076833,0,zg,226.83018079999999,55.747180100000001,1.18200004,0.0209999997,20200711206030,793,0xa,0x4,21.5,26.0314579,0.0355518572,-0.0745570213,2.68747935e-05,30,1.11800003,2
793110400000661,128736306,2459041.8627616279,59041.363067099999,19.6910458,0.107942611,0,zg,226.83021149999999,55.747194100000002,1.48199999,-0.169,20200711363067,793,0xa,0x4,20.8799992,26.0322456,0.0323685743,-0.022109434,2.45782085e-05,30,1.84099996,2
793110400000661,128820284,2459042.7025107411,59042.202847200002,19.8366261,0.120212361,0,zg,226.8301592,55.747155300000003,0.421000004,0.0460000001,20200712202847,793,0xa,0x4,21.9699993,26.2565956,0.0295461696,-0.085913375,1.78461851e-05,30,1.11699998,2
793110400000661,128820569,2459042.7053578384,59042.2056944,19.7730751,0.114729911,0,zg,226.83021550000001,55.747146899999997,1.04700005,0.104000002,20200712205694,793,0xa,0x4,21.9699993,26.2650642,0.028045997,-0.0848461315,1.61627868e-05,30,1.12199998,1
793110400000661,128831802,2459042.8176800278,59042.318020799998,19.8349571,0.120065913,0,zg,226.83008290000001,55.747207299999999,0.916999996,-0.145999998,20200712318009,793,0xa,0x4,21.4200001,26.1313553,0.0333547406,-0.0414793976,2.27582932e-05,30,1.50699997,2
793110400000661,128919813,2459043.6977634467,59043.198136600004,19.8395824,0.120472103,0,zg,226.8301702,55.747179199999998,1.88999999,0.202000007,20200713198113,793,0xa,0x4,21.8500004,26.2704906,0.02985912,-0.0841021687,1.81724554e-05,30,1.11500001,2
793110400000661,128919906,2459043.6986893103,59043.199062500003,19.7818546,0.115475759,0,zg,226.83012289999999,55.747175300000002,0.552999973,0.0560000017,20200713199063,793,0xa,0x4,21.7600002,26.2567844,0.0328933708,-0.0642295331,2.22238359e-05,30,1.11600006,1
793110400000661,128922181,2459043.7214430734,59043.221817099999,19.9404964,0.129581928,0,zg,226.83022220000001,55.747142599999997,0.495000005,0.00800000038,20200713221817,793,0xa,0x4,21.75,26.2572842,0.0298093706,-0.0698889494,1.83607717e-05,30,1.15400004,2
793110400000661,129020129,2459044.7008863115,59044.201296300002,19.7869701,0.115912043,0,zg,226.8301261,55.747142699999998,0.573000014,0.0820000023,20200714201296,793,0xa,0x4,21.8899994,26.3311977,0.0315748788,-0.0903922096,2.04350836e-05,30,1.12300003,2
793110400000661,129037320,2459044.8727896139,59044.373205999997,19.7394753,0.111910015,0,zg,226.83003249999999,55.747186800000001,0.748000026,0.101999998,20200714373194,793,0xa,0x4,20.8199997,26.1770325,0.0359948054,-0.0525649898,2.94986585e-05,30,2.046,2
793110400000661,129124377,2459045.7433249881,59045.243773100003,19.8871727,0.124709822,0,zg,226.83010540000001,55.747157100000003,0.470999986,-0.0209999997,20200715243762,793,0xa,0x4,21.8700008,26.3207016,0.0326810218,-0.0909492299,2.16977733e-05,30,1.22099996,2
793110400000661,129128484,2459045.7843998712,59045.2848495,19.7906265,0.116224654,0,zg,226.83016480000001,55.747174700000002,0.593999982,-0.0109999999,20200715284838,793,0xa,0x4,21.5499992,26.3027153,0.0308049135,-0.0871835425,1.96036563e-05,30,1.37300003,2
793110400000661,129222037,2459046.7198867709,59046.220370399999,19.6287804,0.103010833,0,zg,226.83018190000001,55.7471794,0.691999972,-0.0860000029,20200716220347,793,0xa,0x4,21.6299992,26.337492,0.0327755697,-0.0874193162,2.19949234e-05,30,1.16900003,1
793110400000661,129222223,2459046.7217501043,59046.222233799999,19.7818642,0.115476593,0,zg,226.8302195,55.747183499999998,1.45000005,0.150999993,20200716222234,793,0xa,0x4,21.6399994,26.3365135,0.0317958593,-0.0818502158,2.04560274e-05,30,1.17299998,2
793110400000661,129235035,2459046.8498703828,59046.350358800002,19.7263412,0.11082276,0,zg,226.8302079,55.747159799999999,0.734000027,-0.0700000003,20200716350359,793,0xa,0x4,21.1200008,26.2186718,0.0376136713,-0.0678074136,3.02432527e-05,30,1.85000002,2
793110400000661,129329160,2459047.7910863701,59047.291608799998,19.8124313,0.118102275,0,zg,226.8302688,55.7471411,1.06900001,0.0209999997,20200717291597,793,0xa,0x4,21.6299992,26.294714,0.0304305814,-0.0733807087,1.87457717e-05,30,1.43400002,2
793110400000661,129426495,2459048.7643962437,59048.264953700003,19.7213306,0.110410109,0,zg,226.8301372,55.747138300000003,1.25,-0.156000003,20200718264896,793,0xa,0x4,21.6299992,26.3030434,0.0284753125,-0.0637765601,1.66727004e-05,30,1.32200003,2
793110400000661,129429170,2459048.7911429689,59048.291701399998,19.7432823,0.112226814,0,zg,226.8301956,55.747188000000001,0.825999975,-0.116999999,20200718291528,793,0xa,0x4,21.6000004,26.2887039,0.0291537717,-0.0690470561,1.73206827e-05,30,1.449,2
793110400000661,129519833,2459049.6977424575,59049.198333300003,19.8136864,0.118211076,0,zg,226.83015639999999,55.747179199999998,0.99000001,-0.0949999988,20200719198333,793,0xa,0x4,21.8199997,26.3292408,0.0323727317,-0.0887226239,2.10848993e-05,30,1.14100003,2
793110400000661,129530177,2459049.8011762165,59049.301770799997,19.8809242,0.124147348,0,zg,226.83011099999999,55.747093999999997,0.730000019,0.00800000038,20200719301759,793,0xa,0x4,21.3199997,26.2501011,0.0351690352,-0.057977248,2.58671698e-05,30,1.52499998,1
793110400000661,129531770,2459049.8171131359,59049.317708299997,19.6985664,0.108551115,0,zg,226.83016140000001,55.747182899999999,0.344000012,0.0299999993,20200719317697,793,0xa,0x4,21.3099995,26.2329559,0.0323026069,-0.0567327514,2.11276765e-05,30,1.63499999,2
793110400000661,129625027,2459050.7496495,59050.250277799998,19.7070923,0.109244369,0,zg,226.8300863,55.747174399999999,1.13300002,0.0280000009,20200720250174,793,0xa,0x4,21.3099995,26.3059654,0.0399617366,-0.0799313411,3.34436299e-05,30,1.28699994,2
793110400000661,129718172,2459051.6810632907,59051.181724499998,19.7371616,0.111717835,0,zg,226.83009039999999,55.747209900000001,1.12300003,-0.123000003,20200721181725,793,0xa,0x4,21.2600002,26.2958984,0.0378686897,-0.0783947706,3.00782413e-05,30,1.12199998,2
793110400000661,129732112,2459051.8204565137,59051.321122699999,19.5884418,0.0999174565,0,zg,226.83016939999999,55.747172900000002,1.05299997,0.00999999978,20200721321123,793,0xa,0x4,21.4500008,26.1709709,0.0319714993,-0.0597860925,2.09631762e-05,30,1.70599997,2
793110400000661,129828613,2459052.7854342666,59052.286134299997,19.8375015,0.120289311,0,zg,226.83019669999999,55.747168500000001,0.757000029,-0.0920000002,20200722286134,793,0xa,0x4,21.7700005,26.2682743,0.0285129547,-0.0700577721,1.63505356e-05,30,1.47899997,2
793110400000661,129830744,2459052.8067413089,59052.307442099998,19.7798328,0.11530368,0,zg,226.83024470000001,55.747193500000002,1.26400006,0.0289999992,20200722307442,793,0xa,0x4,21.6700001,26.2551041,0.031911958,-0.0774991661,2.10068683e-05,30,1.62,1
793110400000661,129832091,2459052.8202131283,59052.320914399999,19.6531448,0.104917899,0,zg,226.83020930000001,55.747155100000001,1.80900002,-0.0590000004,20200722320914,793,0xa,0x4,21.5900002,26.2275791,0.0299225841,-0.0653722957,1.82712374e-05,30,1.72800004,2
793110400000661,129920354,2459053.7028097236,59053.203541700001,19.8405685,0.120558821,0,zg,226.8301955,55.747176799999998,0.799000025,0.00800000038,20200723203530,793,0xa,0x4,22.0100002,26.3223362,0.0323612355,-0.0902216211,2.1176329e-05,30,1.17400002,2
793110400000661,129934298,2459053.8422491923,59053.342986099997,19.817234,0.118518941,0,zg,226.83004650000001,55.7471447,1.05999994,0.172999993,20200723342986,793,0xa,0x4,21.4300003,26.1951466,0.0322391428,-0.0652093068,2.15450473e-05,30,1.97800004,2
793110400000661,130026458,2459054.7638145741,59054.264583299999,19.8475399,0.121173263,0,zg,226.8301476,55.747096599999999,0.510999978,0.111000001,20200724264583,793,0xa,0x4,21.4200001,26.2703552,0.033572372,-0.0700941086,2.30362439e-05,30,1.39400005,2
793110400000661,130131148,2459055.8106768071,59055.311481500001,19.7096214,0.109450758,0,zg,226.83013550000001,55.747200399999997,0.611999989,0.00800000038,20200725311470,793,0xa,0x4,21.4200001,26.2019958,0.030039208,-0.060498219,1.83428201e-05,30,1.71700001,2
793110400000661,130228126,2459056.780423915,59056.281261600001,19.8235683,0.119070187,0,zg,226.83012830000001,55.747236299999997,0.680999994,0.115999997,20200726281250,793,0xa,0x4,21,26.2385387,0.0367638506,-0.0479410738,2.92819368e-05,30,1.51600003,2
793110400000661,130326476,2459057.763897642,59057.264768499997,19.8670444,0.122904561,0,zg,226.8303166,55.747082900000002,0.829999983,-0.119000003,20200727264757,793,0xa,0x4,21.2099991,26.2335167,0.0339674652,-0.0508960634,2.43024915e-05,30,1.43599999,2
793110400000661,130528106,2459059.7801267784,59059.281064800001,19.5930424,0.100266181,0,zg,226.8302262,55.747150499999996,0.610000014,-0.0189999994,20200729281065,793,0xa,0x4,20.8700008,26.2519131,0.0325368866,-0.0414333344,2.49226723e-05,30,1.56799996,2
793110400000661,130529438,2459059.7934481227,59059.294386599999,19.6315594,0.103226855,0,zg,226.8301204,55.747200399999997,0.609000027,0.0599999987,20200729294387,793,0xa,0x4,20.6000004,26.2336693,0.0322320573,-0.0259785615,2.67884843e-05,30,1.66600001,2
793110400000661,130621844,2459060.7174803335,59060.218449100001,19.7275181,0.110919818,0,zg,226.83024,55.747159699999997,1.31200004,-0.291000009,20200730218449,793,0xa,0x4,20.8700008,26.2962875,0.0371594243,-0.0342360847,3.19539104e-05,30,1.27100003,2
793110400000661,130924548,2459063.7444199026,59063.245486100001,19.4235668,0.088098675,0,zg,226.8302703,55.747219299999998,0.55400002,0.0769999996,20200802245486,793,0xa,0x4,20.4799995,26.2679901,0.0384706631,-0.0234935097,4.24800164e-05,30,1.421,2
793110400000661,130926326,2459063.7621971173,59063.2632639,19.5682774,0.0984011069,0,zg,226.83005230000001,55.747193199999998,0.423000008,0.0680000037,20200802263264,793,0xa,0x4,20.2800007,26.2577515,0.0376460068,-0.0284832884,4.39090509e-05,30,1.523,1
793110400000661,131018543,2459064.6843440351,59064.1854398,19.5820122,0.0994318351,0,zg,226.83041069999999,55.747126299999998,1.11099994,-0.437000006,20200803185440,793,0xa,0x4,20.1800003,26.2039318,0.0393241905,-0.0289959274,5.19790083e-05,30,1.20299995,2
793110400000661,131119842,2459065.6972985524,59065.198425900002,19.7881393,0.116011962,0,zg,226.8300261,55.7471915,0.455000013,0.119000003,20200804198426,793,0xa,0x4,20.4099998,26.3008251,0.0374480747,-0.0260615367,4.02551741e-05,30,1.24899995,2
793110400000661,131220425,2459066.7031009966,59066.204259300001,19.6992741,0.108608544,0,zg,226.83013990000001,55.747120199999998,1.48800004,-0.233999997,20200805204259,793,0xa,0x4,20.7299995,26.2600117,0.0322799012,-0.0385048054,2.61889872e-05,30,1.278,2
793110400000661,131320377,2459067.7025844078,59067.203773100002,19.7312202,0.11122562,0,zg,226.83018749999999,55.747163299999997,1.12300003,-0.248999998,20200806203773,793,0xa,0x4,21.1299992,26.3058147,0.0284037162,-0.0535285957,1.70781059e-05,30,1.28600001,1
793110400000661,131322196,2459067.720778347,59067.221967600002,19.6763725,0.106763221,0,zg,226.830173,55.747168600000002,0.578000009,-0.148000002,20200806221968,793,0xa,0x4,20.9400005,26.2982445,0.0279389657,-0.0466682538,1.81548494e-05,30,1.36000001,2
793110400000661,131418158,2459068.6803675555,59068.181585600003,19.7184219,0.110171147,0,zg,226.83016499999999,55.747186900000003,1.33899999,0.0350000001,20200807181574,793,0xa,0x4,21.7800007,26.3200226,0.0325901955,-0.0772616491,2.15048749e-05,30,1.22300005,2
793110400000661,131529854,2459069.7972905068,59069.298541700002,19.8711452,0.123270825,0,zg,226.8302813,55.7472846,0.86500001,-0.101000004,20200808298530,793,0xa,0x4,20.6399994,26.1905556,0.0342601426,-0.0388745032,3.17749254e-05,30,1.96899998,2
793110400000661,131622214,2459070.7208630759,59070.2221412,19.8209572,0.118842669,0,zg,226.83019440000001,55.747152999999997,0.282000005,0.0489999987,20200809222141,793,0xa,0x4,21.75,26.2991829,0.0316911675,-0.077673547,2.01517469e-05,30,1.39999998,2
793110400000661,131824049,2459072.7391618276,59072.240497699997,19.7705307,0.114514373,0,zg,226.83014929999999,55.747142099999998,0.975000024,0.075000003,20200811240486,793,0xa,0x4,21.4400005,26.1905804,0.0317959748,-0.0548392013,2.08510974e-05,30,1.53400004,2
793110400000661,131922148,2459073.7201182041,59073.221481499997,19.7493954,0.112736881,0,zg,226.8302036,55.747170400000002,0.976999998,-0.0250000004,20200812221470,793,0xa,0x4,21.4300003,26.2607555,0.0289284475,-0.0516822189,1.71530282e-05,30,1.43900001,2
793110400000661,131924107,2459073.7397125475,59073.241076400001,19.8509655,0.121476069,0,zg,226.8301998,55.747172399999997,0.764999986,0.00899999961,20200812241076,793,0xa,0x4,21.2800007,26.2457523,0.0293015782,-0.052533187,1.79315266e-05,30,1.55599999,2
793110400000661,132117671,2459075.6752962889,59075.176713000001,19.7637024,0.113937743,32768,zg,226.830072,55.747166300000004,0.574999988,-0.125,20200814176701,793,0xa,0x4,20.8500004,25.6003132,0.196721658,0.00425086077,0.00100053335,30,1.26800001,2
793110400000661,132120535,2459075.7039413089,59075.205358799998,19.7308598,0.111195832,0,zg,226.83018179999999,55.747216299999998,0.911000013,-0.153999999,20200814205359,793,0xa,0x4,21.5100002,26.1159859,0.0290899016,-0.0567904972,1.72711934e-05,30,1.38499999,2
793110400000661,132217981,2459076.6783713442,59076.179814800002,19.7792263,0.115252078,0,zg,226.8301367,55.747156500000003,1.47800004,0.199000001,20200815179815,793,0xa,0x4,21.6299992,26.1190548,0.0296886023,-0.0589147247,1.81518626e-05,30,1.28900003,2
793110400000661,132321938,2459077.7179158926,59077.219386600002,19.8086433,0.117774516,0,zg,226.83017219999999,55.747185899999998,0.833000004,-0.057,20200816219387,793,0xa,0x4,21.2900009,26.02141,0.0297602229,-0.0421489365,1.84153851e-05,30,1.48800004,2
793110400000661,132324255,2459077.741086578,59077.242557899997,19.7900333,0.116173849,0,zg,226.83020110000001,55.747170799999999,1.46500003,-0.00400000019,20200816242546,793,0xa,0x4,21.3199997,26.0821896,0.0298682787,-0.0345693119,1.87451114e-05,30,1.64499998,2
793110400000661,132518053,2459079.6790117295,59079.180532400002,19.6870708,0.10762202,0,zg,226.83008190000001,55.747177299999997,0.926999986,0.180000007,20200818180532,793,0xa,0x4,21.5100002,26.0886078,0.0316598676,-0.0581745803,2.08757974e-05,30,1.32299995,2
793110400000661,132722060,2459081.7190312101,59081.2206019,19.7817707,0.115468554,0,zg,226.83028809999999,55.747175400000003,0.486000001,-0.00300000003,20200820220602,793,0xa,0x4,20.9899998,25.7595463,0.0334457867,-0.0286044534,2.61283385e-05,30,1.56500006,2
793110400000661,132724565,2459081.7440883904,59081.245659699998,19.6894684,0.107815236,0,zg,226.83026330000001,55.747232099999998,0.704999983,-0.0480000004,20200820245648,793,0xa,0x4,20.8799992,25.7888279,0.0367677696,-0.0199398827,3.17198064e-05,30,1.76300001,2
793110400000661,132820158,2459082.6999916113,59082.2015856,19.4071922,0.0869962052,32768,zg,226.83019659999999,55.747129999999999,0.680999994,0.108000003,20200821201574,793,0xa,0x4,19.9200001,24.7609081,0.0881147981,-0.0102198934,0.000365260668,30,1.46399999,2
793110400000661,133017379,2459084.6721569663,59084.173796299998,19.8895874,0.12492758,0,zg,226.83018620000001,55.747154600000002,0.584999979,0.0700000003,20200823173796,793,0xa,0x4,21.2299995,25.9805508,0.0311178546,-0.0543408431,2.01972889e-05,30,1.35300004,2
793110400000661,133124616,2459085.744505805,59085.246168999998,19.8609562,0.122362256,0,zg,226.83019229999999,55.747087700000002,0.81099999,-0.144999996,20200824246169,793,0xa,0x4,21.1800003,26.157711,0.034753263,-0.0459297858,2.53448507e-05,30,1.87399995,2
793110400000661,133126322,2459085.7615656266,59085.263229199998,19.7500153,0.1127887,0,zg,226.83032299999999,55.7471484,0.592000008,-0.061999999,20200824263218,793,0xa,0x4,20.9699993,26.1138802,0.0408297181,-0.0527423881,3.71626847e-05,30,2.07200003,2
793110400000661,133523974,2459089.7379989508,59089.239745400002,19.3817101,0.0853057131,0,zg,226.8303555,55.747196799999998,0.606999993,-0.0430000015,20200828239745,793,0xa,0x4,19.5300007,25.8646984,0.0542199314,-0.000761614298,0.000163673525,30,1.92200005,2
793110400000661,133721746,2459091.7156808553,59091.217465299997,19.5670872,0.0983122662,0,zg,226.8302233,55.747093900000003,1.20299995,-0.356000006,20200830217465,793,0xa,0x4,20.3099995,26.2261143,0.0390245616,-0.0403560176,4.8863807e-05,30,1.755,2
793110400000661,133723078,2459091.7290023067,59091.230787,19.841589,0.120648615,0,zg,226.8304004,55.7471022,1.03999996,0.0270000007,20200830230787,793,0xa,0x4,20.3099995,26.2183323,0.0363395289,-0.0493296236,3.89329725e-05,30,1.88499999,2
793110400000661,143453400,2459189.0332968351,59188.534004599998,19.5804863,0.0993168801,0,zg,226.830263,55.747166700000001,1.301,-0.0759999976,20201205534005,793,0xa,0x4,20.4799995,26.2311707,0.0381637849,-0.0380435139,4.21884106e-05,30,1.72300005,1
793110400000661,144153807,2459196.037629101,59195.538078700003,19.6804218,0.107087657,0,zg,226.83024130000001,55.747079599999999,0.760999978,0.0439999998,20201212537998,793,0xa,0x4,20.2900009,25.7723789,0.0397870131,-0.0563744307,5.05529533e-05,30,1.54799998,1
793110400000661,144554682,2459200.0465314742,59199.546828699997,19.9167042,0.127392203,0,zg,226.830039,55.747131500000002,1.00600004,0.0960000008,20201216546817,793,0xa,0x4,20.8899994,26.2856903,0.034230344,-0.0631818399,2.58804193e-05,30,1.43200004,1
793110400000661,144851017,2459203.0099905138,59202.5101736,19.7783966,0.115181535,0,zg,226.8300887,55.747076399999997,1.16400003,0.109999999,20201219510174,793,0xa,0x4,20.8199997,26.2461586,0.0355652012,-0.0521498248,2.84786383e-05,30,1.60899997,1
793110400000661,145047628,2459204.9761778857,59204.476284700002,19.7374763,0.111743972,0,zg,226.83015649999999,55.747181300000001,1.19799995,-0.147,20201221476273,793,0xa,0x4,21.2000008,26.2032032,0.0318991728,-0.0676876307,2.13383682e-05,30,1.85399997,1
793110400000661,146355383,2459218.054235552,59217.553830999997,19.8018436,0.117187776,32768,zg,226.830343,55.747138399999997,0.758000016,0.201000005,20210103553831,793,0xa,0x4,20.0799999,25.7950211,0.0507703573,-0.0584912524,9.91370252e-05,30,1.21300006,1
793110400000661,146545238,2459219.9528626772,59219.452384299999,20.0272789,0.137778357,0,zg,226.83014850000001,55.747254599999998,1.61500001,0.0199999996,20210105452384,793,0xa,0x4,20.5699997,26.2221813,0.0354435891,-0.041619014,3.17755694e-05,30,1.69799995,1
793110400000661,146751771,2459222.0182782975,59221.517719900003,19.9494724,0.13041468,0,zg,226.83030260000001,55.747185799999997,1.27499998,-0.191,20210107517720,793,0xa,0x4,21.2399998,26.2606373,0.0256732479,-0.0550767519,1.39545782e-05,30,1.29400003,1
793110400000661,146952989,2459224.03053167,59223.529895799998,19.9683189,0.132174492,0,zg,226.8300989,55.7471824,0.936999977,0.133000001,20210109529896,793,0xa,0x4,21.4200001,26.3344765,0.0319745876,-0.0948836729,2.12788636e-05,30,1.23399997,1
793110400000661,147348748,2459227.9882748169,59227.487488400002,19.950716,0.130530313,0,zg,226.8302151,55.747143399999999,1.85800004,-0.208000004,20210113487488,793,0xa,0x4,21.3700008,26.2008286,0.0314981081,-0.0717069954,2.04570206e-05,30,1.35000002,1
793110400000661,147742667,2459231.9276114744,59231.426678199998,19.8564434,0.121961355,0,zg,226.830139,55.747161599999998,0.888999999,0.0340000018,20210117426644,793,0xa,0x4,21.5799999,26.2424088,0.0307304505,-0.068323344,1.91942054e-05,30,1.64100003,1
793110400000661,149447731,2459248.9788327287,59248.477314800002,19.9099159,0.126772016,0,zg,226.83019730000001,55.747181400000002,0.779999971,-0.189999998,20210203477234,793,0xa,0x4,20.9799995,26.3180599,0.0326361693,-0.0406245477,2.31936592e-05,30,1.19099998,1
793110400000661,149647255,2459250.9741373556,59250.472557900001,20.3083038,0.166166827,0,zg,226.8300079,55.747189800000001,0.838,-0.114,20210205472535,793,0xa,0x4,21.0499992,26.3325253,0.0345514044,-0.0678410605,2.56896474e-05,30,1.19000006,1
793110400000661,150053030,2459255.0320001007,59254.530300899998,19.9659748,0.131954804,32768,zg,226.83007900000001,55.747110800000002,0.69599998,-0.194999993,20210209530243,793,0xa,0x4,20.9699993,25.5912113,0.0455740206,-0.093213208,5.01949908e-05,30,1.08599997,1
793110400000661,150251969,2459257.0214542011,59256.519699099998,20.1438179,0.149256259,0,zg,226.83015810000001,55.747175200000001,1.74800003,0.063000001,20210211519687,793,0xa,0x4,22.0900002,26.3510303,0.0309756398,-0.0955292061,1.96453439e-05,30,1.08899999,1
793110400000661,151143392,2459265.9359044819,59265.433923600001,19.9362469,0.129188925,0,zg,226.8302539,55.747216100000003,1.25699997,-0.0379999988,20210220433912,793,0xa,0x4,21.3500004,26.3416462,0.0306592472,-0.0743408278,1.93140768e-05,30,1.18400002,1
793110400000661,151338958,2459267.8916079649,59267.389583299999,19.838377,0.120366171,0,zg,226.8302741,55.747291500000003,0.589999974,-0.0759999976,20210222389537,793,0xa,0x4,20.3400002,26.3128357,0.0367953181,-0.0437252,3.99307937e-05,30,1.30299997,1
793110400000661,151547841,2459269.9804835082,59269.4784144,20.0165462,0.13674739,0,zg,226.83012199999999,55.747241799999998,0.423999995,-0.0890000015,20210224478403,793,0xa,0x4,21.2000008,26.3409672,0.0318914317,-0.045180507,2.18367895e-05,30,1.09399998,1
793110400000661,152145050,2459275.9526913115,59275.450509299997,19.8535252,0.121702641,0,zg,226.83014420000001,55.747146200000003,0.661000013,-0.109999999,20210302450498,793,0xa,0x4,20.5400009,26.3280354,0.0355187133,-0.038685143,3.23962595e-05,30,1.10599995,3
793110400000661,152145145,2459275.9536403287,59275.451458299998,20.0524845,0.140217513,0,zg,226.83016409999999,55.747074300000001,1.10599995,-0.234999999,20210302451447,793,0xa,0x4,20.5900002,26.3419914,0.0327500887,-0.0564700589,2.82583223e-05,30,1.10500002,1
793110400000661,152432944,2459278.8316731141,59278.329444399998,20.1290588,0.147775561,0,zg,226.83041800000001,55.747262499999998,1.14300001,-0.0170000009,20210305329444,793,0xa,0x4,20.9099998,26.262907,0.0392447673,-0.0589106046,3.36252015e-05,30,1.44099998,1
793110400000661,152434603,2459278.8482590942,59278.346030100001,20.0197182,0.137051687,0,zg,226.83004389999999,55.747361900000001,0.713,0.0930000022,20210305345938,793,0xa,0x4,20.6599998,26.284687,0.0381846577,-0.0546722002,3.41307859e-05,30,1.36000001,3
793110400000661,152639089,2459280.893150311,59280.390891199997,19.9519997,0.130649775,0,zg,226.8300921,55.747087700000002,0.850000024,0.0540000014,20210307390891,793,0xa,0x4,21.0599995,26.2579098,0.0405604579,-0.0855322406,3.41928826e-05,30,1.18900001,3
793110400000661,153643298,2459290.9353539995,59290.432986100001,20.0984287,0.144726664,0,zg,226.830206,55.747141599999999,1.23300004,0.0450000018,20210317432963,793,0xa,0x4,21.9300003,26.3365421,0.0305659492,-0.0937633514,1.87583046e-05,30,1.08500004,3
793110400000661,153749467,2459291.9970514388,59291.494675900001,20.1125851,0.146131814,0,zg,226.83010429999999,55.747157600000001,0.483999997,-0.0689999983,20210318494664,793,0xa,0x4,21.8899994,26.3217525,0.029299451,-0.0912401155,1.75693895e-05,30,1.09000003,1
793110400000661,154332732,2459297.8297304953,59297.327326400002,20.0214882,0.137221515,0,zg,226.83001329999999,55.747371000000001,0.788999975,-0.123999998,20210324327199,793,0xa,0x4,20.3899994,26.2496738,0.0438999049,-0.0350560658,5.65093978e-05,30,1.23599994,1
793110400000661,154432379,2459298.8262030301,59298.323796299999,19.9008904,0.125950813,0,zg,226.83012299999999,55.747157299999998,1.17900002,0.00499999989,20210325323681,793,0xa,0x4,20.3099995,26.1820145,0.0381276868,-0.0299322549,4.54360961e-05,30,1.23899996,3
793110400000661,154638278,2459300.8851994835,59300.382789399999,19.5362511,0.0960335732,0,zg,226.83009709999999,55.747382100000003,0.419999987,-0.00999999978,20210327382720,793,0xa,0x4,19.6499996,26.295311,0.0432570614,-0.0467153192,8.84596375e-05,30,1.10599995,1
793110400000661,154837399,2459302.8764037634,59302.373993100002,19.9331036,0.12889874,0,zg,226.83013790000001,55.747116900000002,0.391000003,0.064000003,20210329373993,793,0xa,0x4,20.5799999,26.2881565,0.033337079,-0.0395944752,3.15077341e-05,30,1.11000001,3
793110400000661,155141332,2459305.9157282794,59305.413321799999,19.8564758,0.121964209,0,zg,226.8301357,55.747224600000003,0.428000003,-0.0549999997,20210401413322,793,0xa,0x4,21.0599995,26.3187332,0.0328963287,-0.0614118613,2.39671699e-05,30,1.07599998,1
793110400000661,155141425,2459305.916665779,59305.4142593,19.8508072,0.12146204,0,zg,226.83019340000001,55.7471721,1.13199997,-0.207000002,20210401414259,793,0xa,0x4,21.0400009,26.3230553,0.0312391147,-0.054021515,2.16055032e-05,30,1.07599998,3
793110400000661,155232027,2459306.8226818289,59306.320277799998,19.9216461,0.127844885,0,zg,226.83013489999999,55.747190600000003,0.69599998,-0.130999997,20210402320278,793,0xa,0x4,21.4300003,26.2438717,0.031316787,-0.0632766634,2.04224107e-05,30,1.18799996,3
793110400000661,155332733,2459307.8297387003,59307.327338000003,20.0895576,0.14384982,0,zg,226.830198,55.747165199999998,0.694999993,-0.063000001,20210403327338,793,0xa,0x4,22.0200005,26.3047199,0.0306532178,-0.0897651166,1.91286072e-05,30,1.16600001,1
793110400000661,155332828,2459307.830687698,59307.328286999997,20.0978336,0.144667909,0,zg,226.83015850000001,55.7471721,0.661000013,-0.057,20210403328287,793,0xa,0x4,21.9699993,26.2979965,0.0308256336,-0.085555844,1.95023622e-05,30,1.16400003,3
793110400000661,155436631,2459308.8687159759,59308.366319399996,20.0543327,0.14039731,0,zg,226.8301113,55.747189599999999,0.490999997,0.057,20210404366319,793,0xa,0x4,21.75,26.3304749,0.0310999528,-0.097365208,1.97241661e-05,30,1.10000002,3
793110400000661,155535127,2459309.853665092,59309.351273100001,20.1050014,0.145378202,0,zg,226.83014499999999,55.747191200000003,1.11199999,0.0599999987,20210405351273,793,0xa,0x4,21.8099995,26.3022308,0.0303215031,-0.0858782083,1.88385202e-05,30,1.11399996,3
793110400000661,155535221,2459309.8546025874,59309.352210600002,20.0393848,0.138946548,0,zg,226.83014800000001,55.747191299999997,0.324999988,0.0439999998,20210405352211,793,0xa,0x4,21.8899994,26.299614,0.0314440206,-0.0830597878,2.02827796e-05,30,1.11300004,1
793110400000661,155736880,2459311.8711885321,59311.368807899999,20.0622711,0.141171366,0,zg,226.83002440000001,55.747171999999999,1.38499999,-0.167999998,20210407368796,793,0xa,0x4,21.6700001,26.3175373,0.0306992438,-0.0912895873,1.95305329e-05,30,1.09000003,1
793110400000661,155736974,2459311.8721260228,59311.369745399999,20.1374359,0.148615122,0,zg,226.8301682,55.747165099999997,0.310000002,0.00400000019,20210407369745,793,0xa,0x4,21.9799995,26.3156948,0.0311009325,-0.0949095041,2.00466784e-05,30,1.08899999,3
793110400000661,155834562,2459312.8479991616,59312.345625000002,20.1813717,0.153054863,0,zg,226.83016050000001,55.747163399999998,0.740999997,-0.130999997,20210408345602,793,0xa,0x4,21.6900005,26.3105354,0.0293247793,-0.0879877135,1.7686918e-05,30,1.11099994,3
793110400000661,155928561,2459313.7879807339,59313.285613400003,20.0163727,0.136730716,0,zg,226.83014539999999,55.747145199999999,1.00899994,0.0289999992,20210409285556,793,0xa,0x4,21.1000004,26.0124626,0.0333945453,-0.0796451867,2.42599781e-05,30,1.23000002,3
793110400000661,156038857,2459314.8909350438,59314.388576400001,20.1285496,0.147724748,0,zg,226.83013159999999,55.747178300000002,1.53400004,0.289000005,20210410388576,793,0xa,0x4,22,26.3378334,0.0310009662,-0.0952808931,1.96938327e-05,30,1.07700002,3
793110400000661,156130136,2459315.8037165096,59315.301365699997,20.1543217,0.150314167,32768,zg,226.8301452,55.7472025,1.05900002,0.0130000003,20210411301354,793,0xa,0x4,21.4300003,25.7874336,0.0443467088,-0.0789406374,4.13176458e-05,30,1.17499995,3
793110400000661,156130442,2459315.8067720835,59315.304421300003,20.0335712,0.138384834,32768,zg,226.83014900000001,55.7472013,1.15499997,0.00999999978,20210411304410,793,0xa,0x4,21.0799999,25.4748268,0.0361895785,-0.062521562,3.19159735e-05,30,1.16799998,1
793110400000661,156236468,2459316.8670285577,59316.364687499998,20.1075382,0.145630017,32768,zg,226.83012909999999,55.747155399999997,1.25100005,0.0450000018,20210412364676,793,0xa,0x4,22.3199997,26.2986813,0.0423988104,-0.120986,3.63443069e-05,30,1.08299994,3
793110400000661,156328378,2459317.7861167025,59317.283784699997,20.074007,0.142319933,32768,zg,226.83006610000001,55.747143199999996,1.16299999,-0.0829999968,20210413283715,793,0xa,0x4,22.1200008,26.2951756,0.0372718312,-0.125097036,2.81143784e-05,30,1.20500004,3
793110400000661,156328474,2459317.7870773892,59317.2847454,20.190464,0.15398106,0,zg,226.83016860000001,55.747162400000001,0.725000024,0.0309999995,20210413284734,793,0xa,0x4,22.0599995,26.2766476,0.0417387709,-0.109092727,3.54594595e-05,30,1.20200002,1
793110400000661,156540769,2459319.9100058968,59319.407696800001,20.1704102,0.151941508,0,zg,226.8301486,55.747195599999998,1.09399998,-0.00999999978,20210415407697,793,0xa,0x4,21.1299992,26.3104706,0.0387522914,-0.0743618906,3.1106003e-05,30,1.08299994,3
793110400000661,156637334,2459320.8756426363,59320.373344899999,19.8663349,0.122841299,32768,zg,226.83032710000001,55.747138100000001,1.21700001,0.0949999988,20210416373333,793,0xa,0x4,20.9200001,25.8044872,0.0393486395,-0.0691517219,3.60556187e-05,30,1.07599998,1
793110400000661,156832515,2459322.8274234929,59322.325150500001,20.0632076,0.14126265,0,zg,226.8302037,55.747191000000001,1.17900002,-0.210999995,20210418325150,793,0xa,0x4,21.5499992,26.29632,0.0325620361,-0.0842573121,2.16862318e-05,30,1.10300004,1
793110400000661,157037253,2459324.8747792467,59324.3725347,19.9585743,0.13126266,0,zg,226.83014829999999,55.747174800000003,0.828000009,0.0579999983,20210420372535,793,0xa,0x4,21.5499992,26.2987061,0.0315294676,-0.0763627142,2.03635482e-05,30,1.07599998,1
793110400000661,157432429,2459328.8264765255,59328.324293999998,19.8189697,0.118669793,0,zg,226.83027670000001,55.747146100000002,0.451999992,0.100000001,20210424324294,793,0xa,0x4,20.5900002,26.2901058,0.0327409469,-0.0348682813,2.84487087e-05,30,1.08800006,1
793110400000661,157529753,2459329.7997005377,59329.297534700003,20.1815643,0.153074503,0,zg,226.83028580000001,55.7472146,0.776000023,-0.409999996,20210425297535,793,0xa,0x4,20.4699993,26.2967548,0.0373161025,-0.0370287448,4.22926132e-05,30,1.11300004,2
793110400000661,157546749,2459329.9696628666,59329.467499999999,20.0254841,0.137605563,0,zg,226.83005790000001,55.747110200000002,0.460999995,-0.118000001,20210425467500,793,0xa,0x4,20.4799995,26.2805901,0.0364183299,-0.0499623865,3.78448822e-05,30,1.227,2
793110400000661,158022479,2459334.7268648474,59334.224791699999,20.1285076,0.147720441,0,zg,226.83016910000001,55.747170500000003,0.860000014,-0.112999998,20210430224792,793,0xa,0x4,21.8099995,26.2645454,0.0302618816,-0.0660767704,1.88367103e-05,30,1.24100006,2
793110400000661,158025009,2459334.7521652486,59334.250092599999,20.0005398,0.135218948,0,zg,226.83019640000001,55.747168700000003,0.573000014,0.0480000004,20210430250093,793,0xa,0x4,21.6000004,26.2857418,0.028631052,-0.0594079457,1.69545328e-05,30,1.17299998,1
793110400000661,158044333,2459334.9454020313,59334.443333299998,19.9447823,0.129979074,0,zg,226.83023940000001,55.747225999999998,0.620000005,-0.143000007,20210430443299,793,0xa,0x4,21,26.3057079,0.034879107,-0.0431645922,2.7142707e-05,30,1.19799995,2
793110400000661,158127987,2459335.781924272,59335.279872699997,20.0850296,0.143403441,0,zg,226.83014420000001,55.747195400000003,0.985000014,0.126000002,20210501279826,793,0xa,0x4,21.1800003,26.1851501,0.0355337039,-0.0744500831,2.69446027e-05,30,1.11500001,2
793110400000661,158141219,2459335.9142479175,59335.412199099999,19.7381248,0.11179781,0,zg,226.83023320000001,55.747213799999997,0.657999992,-0.0839999989,20210501412153,793,0xa,0x4,20.8600006,26.043251,0.037165463,-0.0409852341,3.32455857e-05,30,1.13699996,2
793110400000661,158228518,2459336.787215637,59336.285185200002,19.9961891,0.134805143,0,zg,226.8301051,55.747154299999998,0.488999993,-0.0439999998,20210502285139,793,0xa,0x4,21.3600006,26.2713223,0.0432668254,-0.0898156539,3.86333413e-05,30,1.10500002,2
793110400000661,158228612,2459336.7881531143,59336.286122700003,20.0447216,0.139463603,0,zg,226.8302248,55.747178099999999,0.782999992,-0.108000003,20210502286123,793,0xa,0x4,21.5699997,26.2828541,0.0391313657,-0.104050256,3.14432727e-05,30,1.10399997,1
793110400000661,158244569,2459336.9477213961,59336.445694399998,20.027256,0.137776032,0,zg,226.83027960000001,55.747129200000003,0.837000012,-0.207000002,20210502445579,793,0xa,0x4,20.9699993,26.2864456,0.032366056,-0.0787477717,2.27108612e-05,30,1.21899998,2
793110400000661,158432569,2459338.8276802702,59338.325694400002,20.080389,0.14294678,0,zg,226.83015810000001,55.7471107,1.24899995,-0.115000002,20210504325683,793,0xa,0x4,21.4300003,26.2985458,0.0392467789,-0.0941114128,3.17941849e-05,30,1.07599998,2
793110400000661,158443310,2459338.935085339,59338.433101900002,19.9699669,0.132329211,0,zg,226.83022120000001,55.747143700000002,1.17799997,0.193000004,20210504433102,793,0xa,0x4,21.5300007,26.2769852,0.0280299075,-0.0723608732,1.60309864e-05,30,1.20000005,2
793110400000661,158536964,2459339.8716034042,59339.369641199999,20.0562859,0.140587479,0,zg,226.83017839999999,55.747179699999997,1.51900005,0.135000005,20210505369618,793,0xa,0x4,22,26.2965164,0.0303373188,-0.113106087,1.90165356e-05,30,1.09500003,1
793110400000661,158537057,2459339.8725408847,59339.3705787,19.990757,0.134289905,0,zg,226.83016319999999,55.747157899999998,0.437000006,-0.0460000001,20210505370567,793,0xa,0x4,22.0100002,26.2699413,0.0315292291,-0.0826175138,2.05454726e-05,30,1.09599996,2
793110400000661,158634657,2459340.8485136591,59340.346574100004,19.9149933,0.127235606,0,zg,226.83009559999999,55.7471484,0.675000012,-0.0670000017,20210506346574,793,0xa,0x4,21.8999996,26.3080502,0.0362012945,-0.10220246,2.65831259e-05,30,1.08099997,2
793110400000661,158638273,2459340.8846702036,59340.382731500002,20.0134163,0.136447608,0,zg,226.83011980000001,55.747171700000003,0.694000006,0.0900000036,20210506382731,793,0xa,0x4,21.8799992,26.2975273,0.034333989,-0.0990387723,2.39018773e-05,30,1.11300004,2
793110400000661,158730912,2459341.8110371609,59341.309120400001,20.0866909,0.14356719,0,zg,226.8302017,55.747159400000001,1.48399997,0.0909999982,20210507309120,793,0xa,0x4,22.0499992,26.3067093,0.0373463742,-0.110816568,2.82175224e-05,30,1.07799995,2
793110400000661,158731005,2459341.8119746377,59341.310057900002,20.0703983,0.14196606,32768,zg,226.83009609999999,55.747170799999999,1.51800001,0.0879999995,20210507310046,793,0xa,0x4,22.1900005,26.3144188,0.0356966555,-0.114795163,2.56475741e-05,30,1.07799995,1
793110400000661,158734019,2459341.8421128164,59341.340196800003,20.0728741,0.142208844,32768,zg,226.8301361,55.747172200000001,0.683000028,0.0480000004,20210507340197,793,0xa,0x4,21.8400002,26.3250847,0.0395442471,-0.115507826,3.2792188e-05,30,1.079,2
793110400000661,158834781,2459342.8497041315,59342.347812499997,20.0725784,0.142179862,32768,zg,226.83004450000001,55.747199600000002,1.16799998,0.00300000003,20210508347812,793,0xa,0x4,21.9400005,26.2897263,0.0427194275,-0.128978059,3.7466205e-05,30,1.08500004,2
793110400000661,158838579,2459342.8876892999,59342.3857986,20.1990223,0.154854745,32768,zg,226.8302309,55.747150499999996,0.442000002,-0.061999999,20210508385787,793,0xa,0x4,22.2299995,26.2771873,0.0414003357,-0.124904454,3.48786234e-05,30,1.125,2
793110400000661,158926401,2459343.7658852199,59343.264016200003,19.9914131,0.134352028,0,zg,226.8301481,55.747153900000001,1.26600003,0.0900000036,20210509263935,793,0xa,0x4,21.9300003,26.2155457,0.0345067047,-0.091989249,2.44086914e-05,30,1.10699999,2
793110400000661,158928832,2459343.7901902203,59343.288321799999,19.9246521,0.128120854,0,zg,226.83014829999999,55.747146299999997,0.652999997,0.0109999999,20210509288310,793,0xa,0x4,22.0100002,26.2409325,0.0329486579,-0.10424237,2.20271522e-05,30,1.08500004,1
793110400000661,158938809,2459343.8899562205,59343.388090300003,20.0173073,0.136820287,0,zg,226.83019709999999,55.747198699999998,0.463999987,0.0930000022,20210509388090,793,0xa,0x4,21.8199997,26.207531,0.0320379622,-0.0872709677,2.11140814e-05,30,1.13300002,2
793110400000661,159027966,2459344.7815078781,59344.279664399997,20.0021019,0.135367617,0,zg,226.83009480000001,55.747168899999998,1.48500001,0.159999996,20210510279664,793,0xa,0x4,22.0599995,26.2672901,0.0360070579,-0.111863919,2.64523878e-05,30,1.08899999,2
793110400000661,159032141,2459344.8232544204,59344.321411999998,20.1186638,0.146737173,0,zg,226.8301869,55.747175599999998,0.796999991,-0.0500000007,20210510321389,793,0xa,0x4,22.1900005,26.2648697,0.0374971293,-0.108570173,2.88489755e-05,30,1.07599998,2
793110400000661,159137048,2459345.8723015841,59345.370486100001,20.061512,0.141097128,0,zg,226.83018490000001,55.747183499999998,0.814999998,0.0299999993,20210511370486,793,0xa,0x4,21.8600006,26.2756329,0.0310848802,-0.0894188285,1.97250611e-05,30,1.11500001,1
793110400000661,159524142,2459349.7431352763,59349.241423599997,20.0231647,0.137382537,0,zg,226.83020379999999,55.747163800000003,0.700999975,-0.061999999,20210515241412,793,0xa,0x4,22.1000004,26.2833042,0.0346970223,-0.111238748,2.45034917e-05,30,1.11500001,1
793110400000661,160036819,2459354.8697585175,59354.368194399998,19.8956413,0.12547493,0,zg,226.829949,55.747189400000003,0.952000022,-0.0130000003,20210520368183,793,0xa,0x4,20.6499996,26.2848053,0.0372916423,-0.0607073829,3.56888631e-05,30,1.15199995,1
793110400000661,160442922,2459358.9306643177,59358.429224500003,19.6756554,0.106705815,0,zg,226.83027870000001,55.747152999999997,0.677999973,-0.201000005,20210524429213,793,0xa,0x4,20.0599995,26.2367363,0.0450910814,-0.0454419777,7.58110982e-05,30,1.38100004,1
793110400000661,160528259,2459359.7840055665,59359.2825926,19.9365597,0.129217908,0,zg,226.8300538,55.747287,0.272000015,0.0460000001,20210525282593,793,0xa,0x4,20.2800007,26.2715607,0.0449402221,-0.0514086224,6.73260365e-05,30,1.07700002,3
793110400000661,160730628,2459361.8076329264,59361.306284699996,19.805481,0.117501326,0,zg,226.8301931,55.747139099999998,0.690999985,0.0450000018,20210527306285,793,0xa,0x4,20.7199993,26.3396168,0.0340483934,-0.0563283302,3.10705072e-05,30,1.09200001,1
793110400000661,160730725,2459361.8086050926,59361.3072569,20.0177727,0.136865094,0,zg,226.83025689999999,55.747172200000001,0.155000001,0.00499999989,20210527307234,793,0xa,0x4,20.7700005,26.3709412,0.0356676765,-0.0637284517,3.16602927e-05,30,1.09300005,3
793110400000661,160838540,2459362.8867182001,59362.385405100002,19.6007805,0.100855209,0,zg,226.83011980000001,55.747218599999997,0.846000016,-0.224000007,20210528385405,793,0xa,0x4,20.5300007,26.2777901,0.0343696885,-0.0337584838,3.21313055e-05,30,1.25199997,3
793110400000661,160926811,2459363.7693975451,59363.268113400001,19.9011269,0.125972241,0,zg,226.83021930000001,55.747219600000001,1.06599998,-0.00600000005,20210529268090,793,0xa,0x4,21.1000004,26.3393421,0.0300719105,-0.0688983351,1.94923905e-05,30,1.07599998,3
793110400000661,161130127,2459365.8024895517,59365.301273099998,19.9639091,0.131761357,0,zg,226.83010239999999,55.7471788,0.647000015,0.0469999984,20210531301273,793,0xa,0x4,21.7800007,26.2651367,0.0367910974,-0.090828903,2.7684222e-05,30,1.09800005,3
793110400000661,161130506,2459365.8062857268,59365.305069399998,19.9841404,0.133663833,0,zg,226.8301582,55.747154399999999,1.07700002,-0.0350000001,20210531305058,793,0xa,0x4,21.8099995,26.2683315,0.0329547636,-0.0889974311,2.23630777e-05,30,1.102,1
793110400000661,161228622,2459366.7874101121,59366.286226900003,20.2422943,0.159302711,0,zg,226.83020680000001,55.747194200000003,0.617999971,0.0700000003,20210601286227,793,0xa,0x4,21.5699997,26.0824337,0.0358100422,-0.0702435076,2.67341329e-05,30,1.08700001,3
793110400000661,161328556,2459367.7867162977,59367.2855671,19.9681091,0.132154837,0,zg,226.830161,55.7471733,0.638999999,0.0250000004,20210602285556,793,0xa,0x4,21.8500004,26.2591515,0.0320796184,-0.0783131272,2.08266792e-05,30,1.08899999,3
793110400000661,161328652,2459367.7876769677,59367.286527800003,19.9446239,0.129964352,0,zg,226.83016280000001,55.747143600000001,0.617999971,0.0179999992,20210602286516,793,0xa,0x4,22.0900002,26.2946987,0.031078402,-0.0976263359,1.96549736e-05,30,1.09000003,1
793110400000661,161420238,2459368.7035020394,59368.202384299999,19.915966,0.127324581,0,zg,226.83013639999999,55.7471727,0.351999998,0.00700000022,20210603202361,793,0xa,0x4,21.9699993,26.265234,0.0338182226,-0.0969723165,2.32424973e-05,30,1.10000002,3
793110400000661,161523986,2459369.740942983,59369.239861100003,19.9748268,0.132785782,0,zg,226.83024119999999,55.747146499999999,0.726000011,-0.104000002,20210604239850,793,0xa,0x4,21.9699993,26.2951126,0.0333333611,-0.0959437937,2.26340817e-05,30,1.07599998,1
793110400000661,161720261,2459371.7036289619,59371.2026157,20.0454483,0.139534146,0,zg,226.8302296,55.747141900000003,0.797999978,0.0480000004,20210606202616,793,0xa,0x4,21.9599991,26.3176289,0.0309434067,-0.0929925293,1.94493878e-05,30,1.09200001,1
793110400000661,161934350,2459373.8444442395,59373.343506899997,20.0791245,0.142822325,0,zg,226.83018480000001,55.747157799999997,0.486000001,-0.0320000015,20210608343507,793,0xa,0x4,21.2999992,26.2972622,0.0402453281,-0.0832785293,3.35363547e-05,30,1.21599996,1
793110400000661,162128517,2459375.7860412421,59375.285173600001,19.9304352,0.128652811,0,zg,226.8300639,55.747216399999999,1.12399995,0.0450000018,20210610285174,793,0xa,0x4,21.5699997,26.322628,0.0297113005,-0.0815140754,1.83389147e-05,30,1.11000001,1
793110400000661,162234680,2459376.8476347937,59376.346805599998,20.0592976,0.140880972,0,zg,226.83018379999999,55.747173799999999,0.824999988,0.00100000005,20210611346806,793,0xa,0x4,21.7600002,26.311182,0.0297658835,-0.0860055611,1.79279123e-05,30,1.25100005,3
793110400000661,162234774,2459376.8485722626,59376.347743099999,20.0457153,0.139560014,0,zg,226.83025090000001,55.747158300000002,0.497999996,-0.050999999,20210611347743,793,0xa,0x4,21.4799995,26.2975941,0.0302024093,-0.0752933398,1.86034831e-05,30,1.25399995,2
793110400000661,162335101,2459377.8518111412,59377.351018499998,19.9773712,0.133025363,0,zg,226.83012429999999,55.747183399999997,1.14300001,-0.0909999982,20210612351007,793,0xa,0x4,21.6599998,26.2983761,0.0292303897,-0.0658764988,1.72392829e-05,30,1.27400005,1
793110400000661,162335195,2459377.8527486064,59377.351955999999,19.8895092,0.124920577,0,zg,226.83013439999999,55.747188899999998,1.02999997,0.104000002,20210612351956,793,0xa,0x4,21.8199997,26.3065147,0.0279060733,-0.0743031576,1.58638541e-05,30,1.27699995,3
793110400000661,162421996,2459378.7207262097,59378.219965299999,19.819149,0.118685342,0,zg,226.83016430000001,55.747169100000001,1.06500006,0.141000003,20210613219954,793,0xa,0x4,21.7600002,26.3444901,0.028274592,-0.0880930051,1.64798039e-05,30,1.07599998,3
793110400000661,162422090,2459378.7216636701,59378.2209028,20.0992832,0.144811422,0,zg,226.83012059999999,55.747210199999998,0.963999987,0.184,20210613220903,793,0xa,0x4,21.5799999,26.3326244,0.02987363,-0.071698755,1.8309509e-05,30,1.07599998,2
793110400000661,162528098,2459379.7817057515,59379.280983800003,20.0015678,0.135316759,0,zg,226.8302166,55.747144499999997,0.488999993,0.0879999995,20210614280914,793,0xa,0x4,21.6499996,26.1978416,0.0279524848,-0.0632394925,1.61400167e-05,30,1.12,3
793110400000661,162528248,2459379.7832102943,59379.2824884,19.994709,0.134664685,0,zg,226.83016760000001,55.747144800000001,0.432000011,0.0399999991,20210614282442,793,0xa,0x4,21.7000008,26.242979,0.0304042045,-0.0952636674,1.87862279e-05,30,1.12199998,1
793110400000661,162628214,2459380.7828262267,59380.282141199998,20.2112541,0.156107321,32768,zg,226.83002490000001,55.747180899999996,1.19599998,0.0189999994,20210615282130,793,0xa,0x4,20.7600002,25.6963978,0.0371750146,-0.0374321043,3.48674002e-05,30,1.125,2
793110400000661,162628449,2459380.7851756443,59380.284490700004,20.0901489,0.143908173,32768,zg,226.830241,55.747199199999997,0.639999986,-0.250999987,20210615284468,793,0xa,0x4,20.6700001,25.4932785,0.0366266854,-0.037903253,3.78705445e-05,30,1.12899995,3
793110400000661,162728792,2459381.7885760083,59381.287928199999,20.1195068,0.14682132,32768,zg,226.83033320000001,55.747153500000003,0.565999985,-0.224000007,20210616287870,793,0xa,0x4,20.7399998,25.5415115,0.0390679277,-0.0399119519,3.89367597e-05,30,1.13999999,1
793110400000661,162830680,2459382.8074155548,59382.306805599997,20.1740265,0.152308419,0,zg,226.83028580000001,55.747127599999999,0.504000008,0.0900000036,20210617306794,793,0xa,0x4,21.2099991,26.0562325,0.0310711823,-0.0477620326,2.03511609e-05,30,1.18400002,2
793110400000661,162926435,2459383.7649261816,59383.264351899998,19.9168205,0.127402768,0,zg,226.83021070000001,55.747154899999998,0.744000018,-0.157000005,20210618264352,793,0xa,0x4,21.0499992,26.0309715,0.030451322,-0.033993803,1.9881867e-05,30,1.11199999,1
793110400000661,163132657,2459385.8270711848,59385.3265741,19.8142204,0.118257388,0,zg,226.83019669999999,55.747179299999999,0.954999983,0.119999997,20210620326516,793,0xa,0x4,20.6499996,26.2343464,0.0394367203,-0.0507528,3.98955417e-05,30,1.26499999,3
793110400000661,163132858,2459385.8290850092,59385.328587999997,19.6426277,0.104091138,0,zg,226.8302233,55.747179000000003,0.578999996,-0.0480000004,20210620328518,793,0xa,0x4,20.4400005,26.2165222,0.0396983176,-0.025757337,4.37705676e-05,30,1.27199996,1
793110400000661,163231836,2459386.8188279336,59386.318368100001,19.8078289,0.117704049,0,zg,226.83022249999999,55.747227600000002,0.307000011,0.0149999997,20210621318368,793,0xa,0x4,20.5699997,26.24576,0.0376080908,-0.0504762679,3.65764208e-05,30,1.24699998,2
793110400000661,163332144,2459387.821868889,59387.321446800001,19.8371067,0.120254554,0,zg,226.83024080000001,55.747119300000001,0.546999991,-0.166999996,20210622321447,793,0xa,0x4,20.5699997,26.1688614,0.0401509292,-0.0438851565,4.54827641e-05,30,1.26600003,3
793110400000661,163332239,2459387.8228178415,59387.322395800002,19.8162098,0.118430018,0,zg,226.83004650000001,55.747169,0.938000023,0.261000007,20210622322384,793,0xa,0x4,20.5100002,26.1659698,0.0344823711,-0.0440058708,3.34846882e-05,30,1.26900005,1
793110400000661,163622357,2459390.7238889481,59390.2235764,19.9650974,0.131872624,0,zg,226.8302036,55.747110599999999,0.597000003,0.0379999988,20210625223576,793,0xa,0x4,20.7800007,26.3313293,0.0327709354,-0.0565477014,2.6257776e-05,30,1.08899999,2
793110400000661,163722402,2459391.7243024758,59391.224027800003,20.0538139,0.140346721,0,zg,226.83014370000001,55.747221799999998,0.802999973,-0.0729999989,20210626224016,793,0xa,0x4,20.6000004,26.3060265,0.0327853598,-0.0395676531,2.78109219e-05,30,1.09200001,1
793110400000661,163722496,2459391.7252399535,59391.224965300004,19.8927002,0.12520887,0,zg,226.83022930000001,55.7470906,0.986000001,-0.398000002,20210626224965,793,0xa,0x4,20.7199993,26.3139191,0.033550933,-0.0522412397,2.71729186e-05,30,1.09300005,3
793110400000661,163824418,2459392.7444258393,59392.244189800003,19.8391685,0.120435745,0,zg,226.83021600000001,55.747187400000001,0.451000005,-0.0799999982,20210627244178,793,0xa,0x4,21.0499992,26.273262,0.0318510756,-0.0468176976,2.18444766e-05,30,1.11800003,2
793110400000661,163824512,2459392.7453633016,59392.245127299997,19.9402637,0.129560441,0,zg,226.83025090000001,55.747228300000003,1.26699996,-0.115999997,20210627245127,793,0xa,0x4,21.0400009,26.269371,0.0298482645,-0.0458137318,1.9175277e-05,30,1.11899996,3
793110400000661,163929950,2459393.7996983118,59393.299502299997,20.0300751,0.138047725,0,zg,226.82998069999999,55.747259200000002,1.04100001,0.123999998,20210628299491,793,0xa,0x4,20.5699997,26.2458591,0.0365114324,-0.0234407,3.40860097e-05,30,1.24800003,3
793110400000661,164020468,2459394.7048492404,59394.204687500001,20.0391655,0.138925344,0,zg,226.83012629999999,55.747160899999997,0.528999984,-0.0379999988,20210629204676,793,0xa,0x4,21.7700005,26.1122646,0.0320035182,-0.0669790953,2.07546909e-05,30,1.08399999,2
793110400000661,164020563,2459394.7057983065,59394.205636600003,20.0828476,0.143188626,0,zg,226.8302071,55.747180399999998,1.18299997,0.061999999,20210629205625,793,0xa,0x4,21.7600002,26.1069298,0.0344341882,-0.0721810088,2.40558729e-05,30,1.08500004,3
793110400000661,164123903,2459395.7391619286,59395.239039400003,19.9763336,0.132927582,32768,zg,226.83020329999999,55.747170599999997,0.879000008,-0.00499999989,20210630238970,793,0xa,0x4,21.3999996,25.9674091,0.0423646457,-0.0831434354,3.7336129e-05,30,1.12199998,3
793110400000661,164124019,2459395.7403192841,59395.240196799998,20.2239227,0.157408476,0,zg,226.8301936,55.747174299999998,1.11800003,0.0120000001,20210630240081,793,0xa,0x4,21.4200001,25.9579887,0.0371560752,-0.0876758099,2.87300045e-05,30,1.12399995,1
793110400000661,164228523,2459396.7853143667,59396.285231499998,20.0239296,0.137456089,0,zg,226.8302357,55.747183300000003,1.91499996,-0.137999997,20210701285220,793,0xa,0x4,21.4500008,26.1878948,0.0347918384,-0.0741130784,2.47492808e-05,30,1.22899997,2
793110400000661,164228650,2459396.7865874134,59396.286504600001,20.0165215,0.13674511,0,zg,226.83013990000001,55.747188000000001,0.936999977,0.00800000038,20210701286331,793,0xa,0x4,21.2299995,26.1793957,0.0339262821,-0.0493782349,2.38893717e-05,30,1.23300004,3
793110400000661,164327571,2459397.7757629519,59397.275717600001,20.1391697,0.148789093,0,zg,226.83015280000001,55.747199799999997,1.13300002,0.0469999984,20210702275718,793,0xa,0x4,21.6499996,26.2390671,0.0312073119,-0.06580621,1.96670426e-05,30,1.21000004,3
793110400000661,164327666,2459397.7767120209,59397.276666700003,20.0133171,0.136438251,0,zg,226.83017609999999,55.747140100000003,1.34399998,-0.00300000003,20210702276655,793,0xa,0x4,21.5599995,26.2432251,0.0306267887,-0.0846187919,1.94529493e-05,30,1.21200001,1
793110400000661,164528452,2459399.7844948727,59399.284525499999,20.0917149,0.144062802,0,zg,226.83010429999999,55.747179299999999,0.488999993,-0.0450000018,20210704284479,793,0xa,0x4,21.6800003,26.2429256,0.0309379529,-0.0762653649,1.94602053e-05,30,1.25199997,3
793110400000661,164628283,2459400.7827672926,59400.282835600003,20.104187,0.145297274,0,zg,226.830129,55.747197999999997,0.910000026,0.0460000001,20210705282836,793,0xa,0x4,21.3299999,26.2220612,0.0330369174,-0.06893415,2.20321272e-05,30,1.25600004,1
793110400000661,164628378,2459400.7837163615,59400.283784699997,20.070858,0.142011166,0,zg,226.83022790000001,55.747191600000001,0.663999975,-0.0189999994,20210705283773,793,0xa,0x4,21.1100006,26.2147331,0.0400189683,-0.0616403967,3.35109653e-05,30,1.25899994,3
793110400000661,164722136,2459401.7212620531,59401.221365700003,20.2369099,0.1587466,0,zg,226.83019759999999,55.747213100000003,1.29400003,-0.0970000029,20210706221319,793,0xa,0x4,21.0599995,26.3090725,0.0357283354,-0.0804218128,2.71376066e-05,30,1.12,3
793110400000661,164828604,2459402.7858979935,59402.286041699997,20.0333424,0.138362736,0,zg,226.830163,55.747151500000001,1.48300004,0.023,20210707286042,793,0xa,0x4,21.3299999,26.2672157,0.0337741561,-0.0664987117,2.35462794e-05,30,1.28600001,3
793110400000661,165035106,2459404.8508436973,59404.351064800001,19.8157482,0.118389964,0,zg,226.8301567,55.7471143,1.12199998,0.00899999961,20210709351053,793,0xa,0x4,20.7399998,26.0163746,0.0342443809,-0.0332757272,2.73268888e-05,30,1.676,1
793110400000661,165419914,2459408.6987796659,59408.199143500002,20.0871849,0.143615842,0,zg,226.83023299999999,55.747199799999997,0.405999988,0.0199999996,20210713199132,793,0xa,0x4,21.5,25.9604301,0.0290707313,-0.0622335523,1.77905804e-05,30,1.11600006,1
793110400000661,165620192,2459410.7014840143,59410.201921300002,19.9705811,0.132386819,0,zg,226.83027229999999,55.747138300000003,1.21300006,0.0979999974,20210715201910,793,0xa,0x4,21.3099995,26.0669098,0.0302891079,-0.0488120914,1.94264449e-05,30,1.12800002,1
793110400000661,165823847,2459412.7379609304,59412.238472199999,19.929718,0.128586724,0,zg,226.83027039999999,55.7471739,0.648000002,-0.0359999985,20210717238345,793,0xa,0x4,21.1900005,26.1119938,0.0318303593,-0.0410295576,2.14836946e-05,30,1.22000003,1
793110400000661,166126134,2459415.7607230586,59415.261342600003,20.1055756,0.145435214,0,zg,226.83025960000001,55.747186900000003,0.84799999,-0.114,20210720261343,793,0xa,0x4,20.8500004,26.207634,0.0331114009,-0.0518876202,2.55069317e-05,30,1.32700002,1
793110400000661,166522040,2459419.7196469158,59419.220405100001,19.5334625,0.0958298221,0,zg,226.82956519999999,55.747124399999997,0.624000013,-0.245000005,20210724220394,793,0xa,0x4,19.6100006,25.677597,0.0429122373,-0.0564585514,0.00011134227,30,1.22300005,3
793110400000661,167024668,2459424.7457615947,59424.246689799998,19.8799267,0.124057718,0,zg,226.8301209,55.747172900000002,1.171,0.00400000019,20210729246690,793,0xa,0x4,21.6800003,26.2318325,0.0291542932,-0.0681582838,1.70870135e-05,30,1.37100005,3
793110400000661,167121799,2459425.7170375101,59425.217997699998,19.9300652,0.128618792,0,zg,226.83013600000001,55.747175400000003,0.583999991,0.101999998,20210730217986,793,0xa,0x4,21.4300003,26.2110882,0.030188106,-0.0636490509,1.86607595e-05,30,1.26699996,3
793110400000661,167122035,2459425.7193985325,59425.220358799997,19.9933834,0.134538889,0,zg,226.83016670000001,55.747203300000002,0.800999999,-0.0979999974,20210730220347,793,0xa,0x4,21.5200005,26.2103863,0.0274141338,-0.0616119578,1.53122164e-05,30,1.27499998,1
793110400000661,167328396,2459427.7829426103,59427.283969900003,19.9259872,0.128243551,0,zg,226.83016749999999,55.747246500000003,1.63300002,0.074000001,20210801283970,793,0xa,0x4,21.1399994,26.1125412,0.0290115122,-0.0420071371,1.81950163e-05,30,1.64300001,1
793110400000661,167328539,2459427.7843661737,59427.285393500002,19.9531631,0.130758107,0,zg,226.83032019999999,55.747168100000003,0.588,-0.122000001,20210801285382,793,0xa,0x4,21.1599998,26.1276855,0.0335293151,-0.0506908745,2.38794382e-05,30,1.65400004,3
793110400000661,167424453,2459428.7434790414,59428.244536999999,19.9072304,0.126527235,0,zg,226.8301539,55.747182600000002,1.14600003,-0.126000002,20210802244525,793,0xa,0x4,21.4500008,26.1820927,0.0288819671,-0.0612796508,1.72827677e-05,30,1.41299999,3
793110400000661,167528267,2459429.7815827997,59429.282673599999,20.0832767,0.14323087,0,zg,226.83010899999999,55.747216899999998,0.400999993,0.00700000022,20210803282674,793,0xa,0x4,20.9599991,26.1647644,0.0337858237,-0.044436831,2.44242074e-05,30,1.67499995,1
793110400000661,167528363,2459429.7825434781,59429.283634300002,19.8426857,0.120745189,0,zg,226.83026620000001,55.747197300000003,0.959999979,-0.173999995,20210803283623,793,0xa,0x4,21.1000004,26.166153,0.0341803171,-0.0489813685,2.44876192e-05,30,1.68299997,3
793110400000661,167627986,2459430.7787391492,59430.279861100003,19.9316254,0.128762454,0,zg,226.83018490000001,55.747144200000001,0.879000008,0.0179999992,20210804279861,793,0xa,0x4,21.3600006,26.171114,0.0284694564,-0.0400828049,1.67441431e-05,30,1.67499995,3
793110400000661,168022416,2459434.7229252057,59434.224166699998,19.8701401,0.123180993,0,zg,226.83017039999999,55.7471277,1.176,-0.180999994,20210808224155,793,0xa,0x4,21.6000004,26.2297096,0.0285614841,-0.0686920583,1.67550406e-05,30,1.39300001,1
793110400000661,168226238,2459436.7610834194,59436.262384299996,19.819809,0.118742779,0,zg,226.83021790000001,55.747129399999999,0.933000028,-0.0529999994,20210810262373,793,0xa,0x4,21.1499996,26.0277634,0.0293806884,-0.0419371128,1.82290878e-05,30,1.66600001,1
793110400000661,168518574,2459439.6843577954,59439.185740699999,19.9507198,0.13053064,0,zg,226.83000200000001,55.747068400000003,0.654999971,-0.27700001,20210813185741,793,0xa,0x4,20.8099995,25.965889,0.0331206359,-0.0413259752,2.58257751e-05,30,1.28799999,1
793110400000661,168722415,2459441.7227172251,59441.224155099997,19.7217484,0.110444508,0,zg,226.83039389999999,55.747222299999997,1.06400001,0.0729999989,20210815224144,793,0xa,0x4,20.9699993,26.0144272,0.0330304317,-0.027883606,2.42264214e-05,30,1.49600005,1
793110400000661,168917651,2459443.6750274939,59443.176516200001,19.522419,0.0950265452,0,zg,226.8301946,55.747129100000002,1.329,0.0780000016,20210817176505,793,0xa,0x4,20.7199993,25.8814583,0.0337700434,-0.0219445601,3.06649745e-05,30,1.29499996,1
793110400000661,169521403,2459449.7124050967,59449.214039400002,19.8316078,0.119772479,0,zg,226.83012020000001,55.7471745,1.102,-0.416000009,20210823214028,793,0xa,0x4,20.2099991,26.0963669,0.0363359638,-0.0264167506,4.53549656e-05,30,1.57099998,3
793110400000661,169919379,2459453.6920762109,59453.193796300002,20.1117992,0.146053553,0,zg,226.8302783,55.747165899999999,0.944999993,-0.104999997,20210827193785,793,0xa,0x4,21.6499996,26.2554836,0.0280699525,-0.0693501756,1.62526703e-05,30,1.51100004,3
793110400000661,170019987,2459454.6981322449,59454.199872700003,19.8373661,0.120277375,0,zg,226.83015649999999,55.747110499999998,0.458000004,0.0560000017,20210828199861,793,0xa,0x4,21.3500004,26.2369843,0.0300014839,-0.0475072414,1.86598227e-05,30,1.56799996,1
793110400000661,170121767,2459455.7159131002,59455.217673599996,19.9946213,0.13465631,0,zg,226.83008169999999,55.747162199999998,1.028,-0.236000001,20210829217662,793,0xa,0x4,21.3199997,26.1600437,0.0290787965,-0.04624369,1.74286251e-05,30,1.72500002,3
793110400000661,170322782,2459457.7260257276,59457.227824100002,19.8477955,0.121195883,0,zg,226.8301261,55.747144200000001,0.52700001,-0.00600000005,20210831227824,793,0xa,0x4,21.1700001,26.0665207,0.0336372294,-0.0545083284,2.3671746e-05,30,1.87300003,1
793110400000661,170518247,2459459.6806439334,59459.182476900001,19.8106766,0.117950343,0,zg,226.83017839999999,55.747151700000003,1.21899998,0.0379999988,20210902182477,793,0xa,0x4,21.5699997,26.2395477,0.0312102567,-0.0858493,2.02767278e-05,30,1.54299998,3
793110400000661,170720010,2459461.6982377972,59461.200104199997,20.0377579,0.138789281,0,zg,226.8300763,55.747318800000002,0.838999987,0.023,20210904200093,793,0xa,0x4,20.8500004,26.2133942,0.0574207194,-0.03924511,7.2842704e-05,30,1.71500003,3
793110400000661,171917886,2459473.6768517508,59473.1788657,19.7380905,0.111795053,0,zg,226.8302261,55.747194800000003,0.751999974,0.0350000001,20210916178866,793,0xa,0x4,20.7399998,26.1866436,0.0353958979,-0.026023373,3.0653704e-05,30,1.82000005,1
793110400000661,172215804,2459476.6560073472,59476.158044000003,19.6764793,0.106771708,0,zg,226.83026570000001,55.747253299999997,0.741999984,-0.307999998,20210919158044,793,0xa,0x4,19.8299999,26.2182579,0.0511346944,-0.0568985976,0.000114600385,30,1.70599997,1
793110400000661,172415756,2459478.6555206752,59478.157569399998,19.477211,0.0917998999,0,zg,226.83020999999999,55.747105699999999,0.801999986,-0.185000002,20210921157569,793,0xa,0x4,19.75,26.162981,0.0425784737,-0.025148496,8.23390292e-05,30,1.74899995,1
793110400000661,173213677,2459486.6346998303,59486.136770800003,19.8379307,0.120326996,0,zg,226.83033810000001,55.7471253,0.352999985,-0.023,20210929136771,793,0xa,0x4,20.9899998,26.2169991,0.0382723026,-0.0693871677,3.22041524e-05,30,1.75800002,1
793110400000661,173414599,2459488.6439254032,59488.145995400002,19.8601532,0.12229082,0,zg,226.8300265,55.747110300000003,1.16900003,0.135000005,20211001145984,793,0xa,0x4,20.9400005,26.1679268,0.0356999822,-0.0412003174,2.78931839e-05,30,1.903,1
793110400000661,186932442,2459623.8262182279,59623.3244213,19.863863,0.122620933,0,zg,226.8301233,55.7471563,0.588,0.0710000023,20220213324410,793,0xa,0x4,20.4099998,26.1599846,0.0340630449,-0.0293389466,3.44285254e-05,30,1.90799999,1
793110400000661,187642621,2459630.9281898453,59630.426215300002,19.7860641,0.115834676,0,zg,226.8302108,55.747186800000001,0.827000022,-0.0299999993,20220220426204,793,0xa,0x4,20.9500008,26.3363476,0.0328295305,-0.0646233335,2.4738014e-05,30,1.20500004,1
793110400000661,188336322,2459637.865350516,59637.363229199997,19.8415871,0.120648496,0,zg,226.83027319999999,55.747179600000003,1.27900004,-0.075000003,20220227363218,793,0xa,0x4,20.8500004,26.2838306,0.0371476524,-0.0667210892,3.14559911e-05,30,1.35899997,1
793110400000661,188532263,2459639.8247965849,59639.322638899997,19.6564598,0.105179653,0,zg,226.82993479999999,55.747214900000003,1.06400001,0.00400000019,20220301322627,793,0xa,0x4,20.3400002,26.2526093,0.0518209822,-0.0563297383,7.91847633e-05,30,1.551,1
793110400000661,188739031,2459641.8925060793,59641.3903125,19.9723568,0.132553563,0,zg,226.83008570000001,55.747183,0.788999975,-0.00100000005,20220303390289,793,0xa,0x4,21.4400005,26.3267345,0.0309542026,-0.0985534862,1.99483202e-05,30,1.22099996,1
793110400000661,191832156,2459672.8239641101,59672.321562500001,19.991312,0.134342447,32768,zg,226.8301275,55.747170699999998,1.40100002,0.178000003,20220403321551,793,0xa,0x4,22.2299995,26.2694073,0.0371736363,-0.11687123,2.83841182e-05,30,1.17999995,1
793110400000661,192138296,2459675.8853508248,59675.382962999996,19.9248581,0.128139809,0,zg,226.83018749999999,55.747147599999998,0.940999985,-0.0469999984,20220406382870,793,0xa,0x4,21.7700005,26.2780247,0.0306012873,-0.0857124031,1.91298877e-05,30,1.08299994,1
793110400000661,192334363,2459677.8460100433,59677.343634299999,19.8531132,0.12166623,0,zg,226.83020149999999,55.747183800000002,0.328999996,-0.0289999992,20220408343623,793,0xa,0x4,21.0799999,26.2744141,0.0334667079,-0.0754025131,2.40256068e-05,30,1.11500001,1
793110400000661,192528799,2459679.7903589914,59679.287997699998,19.9381771,0.129367322,0,zg,226.8301606,55.7471891,0.663999975,0.057,20220410287986,793,0xa,0x4,21.0799999,26.2754498,0.0294894222,-0.0689205676,1.89407237e-05,30,1.21700001,1
793110400000661,192838871,2459682.8910485953,59682.388715300003,19.8034458,0.117325827,0,zg,226.83013790000001,55.747190199999999,0.598999977,-0.136000007,20220413388715,793,0xa,0x4,20.6900005,26.3105278,0.03495083,-0.057927534,2.91201577e-05,30,1.07599998,1
793110400000661,193342540,2459687.9276800049,59687.425405100003,19.7157021,0.109948151,0,zg,226.83020060000001,55.747192400000003,0.569999993,-0.0390000008,20220418425394,793,0xa,0x4,20.4400005,26.2988777,0.0398648046,-0.0449773334,4.78206748e-05,30,1.10399997,1
793110400000661,193630657,2459690.8088086015,59690.306574100003,20.027422,0.13779211,0,zg,226.83014600000001,55.747174399999999,0.933000028,0.147,20220421306551,793,0xa,0x4,21.4599991,26.2934933,0.0278084427,-0.0809185877,1.6252603e-05,30,1.11699998,1
793110400000661,193934783,2459693.8500220468,59693.347835599998,19.962389,0.131619126,0,zg,226.8302424,55.7472335,0.656000018,0.00600000005,20220424347812,793,0xa,0x4,21.1100006,26.2615089,0.0367599167,-0.0806931853,2.86266259e-05,30,1.07700002,2
793110400000661,193942885,2459693.931039291,59693.428854199999,20.0290985,0.137953535,0,zg,226.82998789999999,55.747191299999997,0.953999996,-0.0120000001,20220424428843,793,0xa,0x4,21.2299995,26.2472458,0.0329948217,-0.0692698509,2.26737757e-05,30,1.13199997,2
793110400000661,194036708,2459694.8692524242,59694.3670833,19.978384,0.133120701,0,zg,226.83004690000001,55.747192300000002,0.795000017,0.0109999999,20220425367072,793,0xa,0x4,21.4500008,26.1935329,0.0328766704,-0.071150139,2.21038699e-05,30,1.07700002,2
793110400000661,194038961,2459694.8917868258,59694.389618100002,19.948864,0.130358055,0,zg,226.8302406,55.7472341,0.713999987,-0.0520000011,20220425389595,793,0xa,0x4,21.2900009,26.1800442,0.0382311977,-0.0778124928,3.03623783e-05,30,1.08800006,1
793110400000661,194041309,2459694.9152586004,59694.413090299997,20.1410809,0.148981169,0,zg,226.83047210000001,55.7473618,0.949000001,-0.0199999996,20220425413090,793,0xa,0x4,20.7600002,26.1622181,0.0376141518,-0.0442619622,3.41304294e-05,30,1.11300004,2
793110400000661,194134320,2459695.8453579596,59695.343205999998,19.9062614,0.126439124,32768,zg,226.83020479999999,55.747151100000004,0.50999999,-0.0399999991,20220426343194,793,0xa,0x4,20.6299992,25.1084366,0.0455441922,-0.0506846644,6.40702274e-05,30,1.07700002,2
793110400000661,194234754,2459696.8496800214,59696.3475463,19.94067,0.129598066,0,zg,226.83008459999999,55.7471818,1.09000003,-0.115999997,20220427347546,793,0xa,0x4,21.2900009,26.3159523,0.0409988165,-0.0944061577,3.53037722e-05,30,1.07599998,1
793110400000661,194327981,2459697.7819310632,59697.2798148,19.9921741,0.13442415,32768,zg,226.83013220000001,55.747174399999999,1.39300001,0.165000007,20220428279769,793,0xa,0x4,21.9599991,26.2843132,0.0350378342,-0.120169938,2.52124173e-05,30,1.12800002,2
793110400000661,194344846,2459697.9505736488,59697.448460599997,20.0567875,0.140636474,32768,zg,226.83006739999999,55.747164699999999,0.890999973,0.0189999994,20220428448403,793,0xa,0x4,21.9200001,26.2529888,0.0438625291,-0.123818353,3.92893635e-05,30,1.19500005,2
793110400000661,194545520,2459699.9572819322,59699.455208300002,19.9456215,0.130056933,0,zg,226.8301462,55.7471684,0.963,0.0450000018,20220430455185,793,0xa,0x4,21.8299999,26.2337646,0.0310547128,-0.0769345984,2.0029207e-05,30,1.22899997,2
793110400000661,194545614,2459699.9582194109,59699.456145800003,19.9993992,0.135110274,0,zg,226.83019609999999,55.747184500000003,1.16700006,0.167999998,20220430456134,793,0xa,0x4,21.8600006,26.2215405,0.0309481565,-0.0733395517,1.95661596e-05,30,1.23199999,1
793110400000661,194624189,2459700.7439556718,59700.241898100001,19.9857769,0.133818522,0,zg,226.8302004,55.747171799999997,1.11099994,0.00400000019,20220501241887,793,0xa,0x4,21.5699997,26.2468681,0.0315429717,-0.0771750212,2.05029592e-05,30,1.18799996,2
793110400000661,194636574,2459700.867795737,59700.365740699999,20.0215244,0.137224957,0,zg,226.83018139999999,55.747161599999998,0.479000002,0.0469999984,20220501365671,793,0xa,0x4,21.75,26.281786,0.0309612863,-0.0850186571,2.01106523e-05,30,1.08299994,2
793110400000661,194732224,2459701.824280391,59701.322245399999,20.0229015,0.137357324,0,zg,226.83014470000001,55.747136500000003,0.651000023,0.0140000004,20220502322234,793,0xa,0x4,21.7700005,26.2591953,0.0387657881,-0.103669889,3.14471945e-05,30,1.07799995,2
793110400000661,194736304,2459701.8650781298,59701.363043999998,20.1251564,0.147385478,0,zg,226.83005919999999,55.747090800000002,0.981999993,0.0529999994,20220502363044,793,0xa,0x4,21.0599995,26.2613926,0.0441063344,-0.0951929688,4.22143021e-05,30,1.08299994,2
793110400000661,194739181,2459701.8938506059,59701.391817099997,20.0725441,0.14217636,32768,zg,226.83009379999999,55.747172499999998,0.690999985,-0.0529999994,20220502391806,793,0xa,0x4,21.8999996,26.2487411,0.0427587107,-0.115690924,3.75437849e-05,30,1.11000001,2
793110400000661,194742550,2459701.9275420797,59701.425509300003,20.2310181,0.158139065,32768,zg,226.83005689999999,55.747178400000003,1.76600003,0.165000007,20220502425451,793,0xa,0x4,22.0400009,26.2422733,0.0395997651,-0.13299644,3.23012428e-05,30,1.16700006,2
793110400000661,194828462,2459702.7866439088,59702.284629599999,20.0767326,0.142587394,0,zg,226.83015219999999,55.747194999999998,0.625,-0.00800000038,20220503284618,793,0xa,0x4,21.7999992,26.2657166,0.0360691734,-0.107684575,2.61975729e-05,30,1.10300004,2
793110400000661,194830883,2459702.8108447883,59702.308831000002,20.0679817,0.141729578,32768,zg,226.83018229999999,55.747188299999998,0.728999972,0.0430000015,20220503308808,793,0xa,0x4,22.0100002,26.2771549,0.0373127088,-0.121179588,2.79873784e-05,30,1.08299994,1
793110400000661,194832512,2459702.8271407359,59702.325127299999,20.0725288,0.142174959,32768,zg,226.8302008,55.747182700000003,0.66900003,0.0280000009,20220503325116,793,0xa,0x4,22.1100006,26.2806721,0.0355479494,-0.115005143,2.577755e-05,30,1.07700002,2
793110400000661,195619832,2459710.7001480153,59710.198321800002,20.0306625,0.13810426,0,zg,226.8302176,55.747229900000001,1.148,-0.296000004,20220511198310,793,0xa,0x4,20.4799995,26.26684,0.0342276022,-0.0364092775,3.19320861e-05,30,1.23199999,2
793110400000661,195635315,2459710.8549819626,59710.353159699996,19.8216438,0.118902445,0,zg,226.8302774,55.747181699999999,0.746999979,-0.180000007,20220511353160,793,0xa,0x4,20.7900009,26.3287659,0.0381176807,-0.0664858893,3.40057632e-05,30,1.09399998,2
793110400000661,195642508,2459710.9269013838,59710.425081000001,20.0469933,0.139684021,0,zg,226.83024270000001,55.747191800000003,0.862999976,-0.0610000007,20220511425069,793,0xa,0x4,21.0499992,26.2931156,0.0333757512,-0.0621360168,2.32963466e-05,30,1.22899997,2
793110400000661,195720006,2459711.7018696293,59711.200069400002,19.8969498,0.125593394,0,zg,226.83008409999999,55.747206499999997,0.561999977,0.112999998,20220512200069,793,0xa,0x4,20.7099991,26.2609978,0.035113994,-0.0468457527,3.07086666e-05,30,1.21899998,2
793110400000661,195724259,2459711.7443917305,59711.2425926,19.6814346,0.107168853,0,zg,226.83020160000001,55.747236200000003,0.273000002,0.0399999991,20220512242593,793,0xa,0x4,20.8099995,26.2946091,0.0360771976,-0.0659461319,3.16850819e-05,30,1.12699997,1
793110400000661,195742064,2459711.9224425554,59711.4206481,19.8195019,0.118716016,0,zg,226.83015219999999,55.747143600000001,0.800000012,0.0610000007,20220512420613,793,0xa,0x4,20.1399994,26.267662,0.0427212827,-0.0498518422,6.33563468e-05,30,1.22399998,2
793110400000661,195824687,2459712.7486475981,59712.246874999997,19.6949997,0.108262137,0,zg,226.8302822,55.7471654,0.823000014,0.0309999995,20220513246701,793,0xa,0x4,20.7199993,26.2781467,0.0351055674,-0.0334963836,3.00647371e-05,30,1.11600006,2
793110400000661,195843231,2459712.9340824229,59712.432314799997,20.071106,0.142035455,0,zg,226.83014679999999,55.7471909,0.61500001,-0.0759999976,20220513432315,793,0xa,0x4,20.7700005,26.2381935,0.0342924595,-0.0296761487,2.9321609e-05,30,1.26900005,2
793110400000661,195920722,2459713.7089689733,59713.207222199999,19.819622,0.118726499,0,zg,226.83016979999999,55.747183100000001,0.363000005,-0.115000002,20220514207222,793,0xa,0x4,20.3899994,26.2338562,0.0371366031,-0.0331601091,4.00904864e-05,30,1.18599999,2
793110400000661,195942781,2459713.9295532759,59713.427812499998,19.8814659,0.124196112,0,zg,226.8301937,55.747224899999999,0.68900001,-0.00600000005,20220514427697,793,0xa,0x4,20.5100002,26.2416496,0.0348132476,-0.0247197058,3.48206158e-05,30,1.26300001,2
793110400000661,195943077,2459713.9325161939,59713.430775499997,19.9469814,0.130183205,0,zg,226.8302027,55.747222600000001,0.959999979,-0.0909999982,20220514430764,793,0xa,0x4,20.4400005,26.2701206,0.0348764472,-0.0512106232,3.84009763e-05,30,1.273,1
793110400000661,196027140,2459714.7731182254,59714.271400500002,20.191021,0.154037714,0,zg,226.8302237,55.747055899999999,0.30399999,-0.119999997,20220515271273,793,0xa,0x4,20.4400005,26.2972298,0.0391534641,-0.0162500776,4.32736742e-05,30,1.08599997,2
793110400000661,196044886,2459714.9505784805,59714.448865699997,19.8221588,0.118947297,0,zg,226.83027680000001,55.747132899999997,0.317000002,0.00800000038,20220515448854,793,0xa,0x4,20.4899998,26.2713623,0.0379519388,-0.0401550494,4.30454966e-05,30,1.35599995,2
793110400000661,196124802,2459715.7497113785,59715.248020799998,20.0800343,0.142911881,0,zg,226.83015130000001,55.747227100000003,0.717000008,-0.0299999993,20220516247894,793,0xa,0x4,20.4200001,26.3132687,0.0359507501,-0.0328415781,3.98194461e-05,30,1.10399997,2
793110400000661,196333976,2459717.8413996054,59717.339768500002,19.9410057,0.129629061,0,zg,226.8300691,55.747234599999999,0.252999991,-0.0439999998,20220518339595,793,0xa,0x4,20.6800003,26.2471657,0.0339538679,-0.0217315406,3.07119917e-05,30,1.10000002,1
793110400000661,196832689,2459722.828380187,59722.3268981,19.9760475,0.132900655,0,zg,226.83017749999999,55.747174100000002,0.711000025,-0.00300000003,20220523326898,793,0xa,0x4,21.7600002,26.2792816,0.0317868106,-0.0655503795,2.09198406e-05,30,1.10099995,1
793110400000661,196834670,2459722.8481828729,59722.346701399998,20.0524902,0.14021796,0,zg,226.83019870000001,55.7471569,0.722000003,0.0370000005,20220523346690,793,0xa,0x4,21.7099991,26.2817707,0.0327766836,-0.0734385699,2.21955943e-05,30,1.12699997,1
793110400000661,196838442,2459722.8859015894,59722.384421299997,20.0495758,0.139934763,0,zg,226.8302362,55.747222399999998,1.55700004,0.128999993,20220523384363,793,0xa,0x4,21.3400002,26.1317902,0.0333906338,-0.0648129806,2.33885003e-05,30,1.20599997,2
793110400000661,197036603,2459724.8674484817,59724.366030099998,20.0747414,0.14239198,0,zg,226.83028469999999,55.747184699999998,1.074,-0.104000002,20220525366007,793,0xa,0x4,21.7999992,26.2430477,0.0310354624,-0.0704222322,1.97892532e-05,30,1.17400002,1
793110400000661,197232260,2459726.8239600756,59726.322604200002,19.9353848,0.129109353,0,zg,226.83013059999999,55.747167099999999,0.675999999,0.0579999983,20220527322593,793,0xa,0x4,21.8799992,26.3367214,0.0314107053,-0.0857255235,2.05247052e-05,30,1.10899997,1
793110400000661,197539021,2459729.8914751331,59729.3902199,19.8291683,0.119559005,0,zg,226.83003220000001,55.747230700000003,1.02100003,-0.0610000007,20220530390208,793,0xa,0x4,20.8999996,26.287426,0.0382500775,-0.0620663427,3.20778818e-05,30,1.28499997,1
793110400000661,197827999,2459732.7811578354,59732.279999999999,20.0592594,0.140877262,0,zg,226.8301769,55.747202000000001,1.097,0.0810000002,20220602279988,793,0xa,0x4,21.8899994,26.3105946,0.0308580883,-0.0762150437,1.94470213e-05,30,1.08399999,1
793110400000661,198230393,2459736.8049535421,59736.303935199998,19.9999847,0.13516596,0,zg,226.83017760000001,55.747158399999996,0.476000011,0.0489999987,20220606303924,793,0xa,0x4,21.7199993,26.3333492,0.0296392683,-0.0763687566,1.81875366e-05,30,1.12,1
793110400000661,198422039,2459738.72134403,59738.2203935,19.8390388,0.120424308,0,zg,226.8301927,55.747155599999999,0.949000001,0.217999995,20220608220382,793,0xa,0x4,20.9099998,26.2923965,0.0302668028,-0.0566346347,2.06278983e-05,30,1.079,1
793110400000661,199425971,2459748.7602945161,59748.259710600003,20.0578518,0.140740126,0,zg,226.83019859999999,55.747223099999999,0.799000025,-0.0970000029,20220618259711,793,0xa,0x4,21.5799999,26.3341827,0.0337437056,-0.0778379887,2.35299249e-05,30,1.10500002,1
793110400000661,199625624,2459750.756759278,59750.256249999999,19.9031677,0.126157627,0,zg,226.83022930000001,55.7471587,0.836000025,0.0780000016,20220620256238,793,0xa,0x4,21.9400005,26.322506,0.0299377982,-0.0776664317,1.83905668e-05,30,1.10800004,1
793110400000661,200024648,2459754.7468404993,59754.246481499998,20.0644341,0.141382635,0,zg,226.83021869999999,55.7471721,1.25699997,0.158999994,20220624246481,793,0xa,0x4,21.7700005,26.3307056,0.0270703733,-0.0663530678,1.5213679e-05,30,1.10899997,1
793110400000661,200324695,2459757.7472013785,59757.246956000003,19.919796,0.12767525,0,zg,226.83016319999999,55.7471459,1.73899996,-0.175999999,20220627246956,793,0xa,0x4,21.5599995,26.2930431,0.0285487901,-0.063506268,1.70872736e-05,30,1.12100005,1
793110400000661,200330530,2459757.8055440472,59757.3053009,20.007761,0.135907054,0,zg,226.8302497,55.747155900000003,0.671000004,0.0689999983,20220627305231,793,0xa,0x4,21.4500008,26.2600594,0.0295891352,-0.0485407449,1.79259914e-05,30,1.255,1
793110400000661,200522318,2459759.7233533198,59759.223182900001,19.9809761,0.133365154,0,zg,226.83015169999999,55.747215300000001,0.828000009,0.00700000022,20220629223113,793,0xa,0x4,21.6000004,26.2811852,0.031689696,-0.0550893918,2.09564932e-05,30,1.09800005,1
793110400000661,200728542,2459761.785520385,59761.285428199997,20.1085091,0.145726442,0,zg,226.83005410000001,55.747178099999999,1.79299998,0.0860000029,20220701285417,793,0xa,0x4,21.6599998,26.3206425,0.0275153294,-0.0809038654,1.56847909e-05,30,1.22800004,1
793110400000661,200921873,2459763.7187573821,59763.218738399999,20.0021629,0.135373279,0,zg,226.83019590000001,55.747213500000001,0.864000022,-0.0149999997,20220703218727,793,0xa,0x4,21.6800003,26.3375721,0.0281755514,-0.0668233261,1.62723518e-05,30,1.10500002,1
793110400000661,201422750,2459768.7273302777,59768.227500000001,19.9869175,0.133926392,0,zg,226.83025699999999,55.747185899999998,1.72599995,-0.111000001,20220708227500,793,0xa,0x4,20.9899998,26.3030148,0.0309511963,-0.0504705533,2.14031534e-05,30,1.13800001,2
793110400000661,201426769,2459768.7675255546,59768.267696800001,19.7469673,0.112534046,0,zg,226.83018029999999,55.747150599999998,1.35699999,-0.107000001,20220708267685,793,0xa,0x4,21.1100006,26.2859497,0.0319916196,-0.0487702154,2.20592028e-05,30,1.23199999,1
793110400000661,201431946,2459768.8192943791,59768.319467599998,19.9282322,0.128450006,0,zg,226.83014069999999,55.747253899999997,0.632000029,0.148000002,20220708319468,793,0xa,0x4,21.1399994,26.2382164,0.031077534,-0.0378693193,2.06887289e-05,30,1.44400001,1
793110400000661,201521561,2459769.7154067112,59769.215613400003,19.8157463,0.11838977,0,zg,226.83027229999999,55.747167599999997,0.851999998,0.023,20220709215613,793,0xa,0x4,21.2000008,26.330143,0.0296075009,-0.0506598651,1.86243815e-05,30,1.12300003,2
793110400000661,201620383,2459770.7035874482,59770.203830999999,19.9218483,0.127863482,0,zg,226.83026770000001,55.747144900000002,0.488000005,-0.0540000014,20220710203831,793,0xa,0x4,20.9699993,26.3121948,0.0290887989,-0.0428147279,1.95530738e-05,30,1.11000001,1
793110400000661,201623873,2459770.7384935296,59770.238738400003,19.7877045,0.115974769,0,zg,226.83014969999999,55.747188899999998,0.702000022,-0.131999999,20220710238727,793,0xa,0x4,20.9799995,26.2901154,0.0316856727,-0.0258732866,2.23675615e-05,30,1.171,2
793110400000661,201626430,2459770.7640597713,59770.264305600002,19.6670036,0.106015757,0,zg,226.8302094,55.747157399999999,0.882000029,0.0379999988,20220710264294,793,0xa,0x4,20.6299992,26.283226,0.032386411,-0.0320182145,2.69628872e-05,30,1.23800004,1
793110400000661,201719502,2459771.6947426819,59771.195023100001,19.7657604,0.114111349,0,zg,226.83014700000001,55.747175400000003,1.41900003,0.0799999982,20220711195023,793,0xa,0x4,20.6800003,26.3320808,0.0341743492,-0.0237864871,2.93742687e-05,30,1.10300004,2
793110400000661,202726885,2459781.7682079133,59781.268854200003,19.8627586,0.12252263,0,zg,226.8302262,55.747188000000001,0.354000002,0.00200000009,20220721268762,793,0xa,0x4,21.3700008,26.2016869,0.0285757966,-0.0710654706,1.69271443e-05,30,1.36899996,1
793110400000661,202734218,2459781.8415385797,59781.342187499999,20.0575943,0.140715018,32768,zg,226.83031819999999,55.747167099999999,0.853999972,0.0850000009,20220721342095,793,0xa,0x4,20.5499992,25.8515224,0.0434061401,-0.0285919663,5.37674314e-05,30,1.89100003,1
793110400000661,202928199,2459783.7812737334,59783.281990700001,19.9765358,0.13294667,0,zg,226.83017050000001,55.747129100000002,1.97500002,0.112999998,20220723281991,793,0xa,0x4,21.5100002,26.2394295,0.0273126718,-0.0528962277,1.5277803e-05,30,1.46300006,1
793110400000661,203121826,2459785.717479947,59785.218263900002,19.9196606,0.127662897,0,zg,226.8301721,55.747137000000002,0.871999979,0.0500000007,20220725218252,793,0xa,0x4,21.8700008,26.2139149,0.0341634415,-0.0767280683,2.3798415e-05,30,1.22300005,1
793110400000661,203321918,2459787.7183376509,59787.219189800002,19.8942547,0.125349447,0,zg,226.83017039999999,55.747216199999997,0.711000025,0.0250000004,20220727219190,793,0xa,0x4,21.5200005,26.1542797,0.0275716949,-0.0545119084,1.57520026e-05,30,1.24199998,1
793110400000661,203520240,2459789.7014888139,59789.2024074,19.8961678,0.125522554,0,zg,226.83007069999999,55.747175499999997,0.588999987,0.0820000023,20220729202407,793,0xa,0x4,21.6100006,26.1905594,0.0277294852,-0.0617211349,1.58212733e-05,30,1.20899999,1
793110400000661,204030394,2459794.8028630572,59794.303946799999,19.7449245,0.112363599,32768,zg,226.83018269999999,55.747239700000002,0.873000026,-0.0960000008,20220803303947,793,0xa,0x4,21.0499992,25.8945808,0.0316893421,-0.0408354178,2.27500859e-05,30,1.86199999,1
793110400000661,204426068,2459798.7594775241,59798.2606829,19.9107685,0.126849771,0,zg,226.830252,55.747173799999999,0.934000015,-0.128000006,20220807260613,793,0xa,0x4,20.9699993,26.2456837,0.0310000852,-0.0497411601,2.12275481e-05,30,1.58700001,1
793110400000661,204722672,2459801.7254319391,59801.226724499997,19.8052616,0.117482409,32768,zg,226.8301088,55.747101200000003,0.616999984,-0.101999998,20220810226713,793,0xa,0x4,20.0400009,25.8353271,0.112796851,-0.028362954,0.000498751295,30,1.42999995,1
793110400000661,204920843,2459803.707088714,59803.208437499998,19.8320007,0.119806826,0,zg,226.83018860000001,55.747204000000004,0.947000027,-0.0340000018,20220812208426,793,0xa,0x4,20.6700001,26.2581711,0.0347616524,-0.0390455723,3.48064277e-05,30,1.36699998,1
793110400000661,205524432,2459809.7428192385,59809.244328699999,19.9244022,0.128097847,0,zg,226.8302027,55.7471988,0.740999997,-0.104999997,20220818244282,793,0xa,0x4,21.2299995,26.1101952,0.0339007936,-0.0544613451,2.38058128e-05,30,1.69099998,1
793110400000661,207019422,2459824.6923955679,59824.194224500003,19.919981,0.127692193,0,zg,226.83027379999999,55.747139699999998,0.643999994,-0.0419999994,20220902194213,793,0xa,0x4,21.1599998,26.1348419,0.0298173074,-0.029173838,1.95782832e-05,30,1.62,1
793110400000661,217653430,2459931.0340263001,59930.534305599998,19.6308765,0.103173718,0,zg,226.830241,55.747363700000001,0.986000001,-0.128999993,20221217534294,793,0xa,0x4,20.4300003,26.2459888,0.0377822593,-0.0420450829,4.14757815e-05,30,1.495,1
793110400000661,218149592,2459935.9958385262,59935.495925900002,19.8773422,0.123825744,0,zg,226.83020479999999,55.747179299999999,0.648000002,0.00600000005,20221222495926,793,0xa,0x4,21.4099998,26.2154675,0.0282307398,-0.0491560251,1.65556648e-05,30,1.66600001,1
793110400000661,218354092,2459938.0409183553,59937.540925900001,19.7570267,0.113376133,0,zg,226.83021579999999,55.747185600000002,0.648000002,-0.0979999974,20221224540926,793,0xa,0x4,21.3600006,26.299242,0.0286634676,-0.0706943274,1.71162483e-05,30,1.36099994,1
793110400000661,220353255,2459958.0333263599,59957.532557899998,19.9682941,0.132172167,32768,zg,226.83017960000001,55.747238000000003,0.510999978,-0.191,20230113532558,793,0xa,0x4,20.2800007,25.6964436,0.0373434424,-0.0377589725,5.18253546e-05,30,1.20000005,1
793110400000661,221738863,2459971.8899033107,59971.388634299998,19.9881058,0.134038866,0,zg,226.83038339999999,55.747238299999999,1.06799996,-0.0140000004,20230127388588,793,0xa,0x4,20.3199997,26.1739712,0.054785829,-0.0602810308,9.42934566e-05,30,1.74100006,1
793110400000661,226240509,2460016.9074191935,60016.405092599998,19.9265099,0.128291547,0,zg,226.8300954,55.747124599999999,1.13399994,-0.0219999999,20230313405093,793,0xa,0x4,20.8899994,26.2766266,0.0320043564,-0.046122808,2.33197625e-05,30,1.13,1
793110400000661,226734318,2460021.8455535788,60021.343182899996,19.8520584,0.121572807,0,zg,226.8302429,55.747088699999999,0.751999974,0.0130000003,20230318343183,793,0xa,0x4,21.1800003,26.2622528,0.0381641313,-0.0809772238,3.09322641e-05,30,1.24199998,1
793110400000661,227831958,2460032.8219940108,60032.319583299999,19.7123699,0.109675385,0,zg,226.83014600000001,55.747084299999997,1.20299995,-0.152999997,20230329319572,793,0xa,0x4,20.7000008,26.2774982,0.0336065851,-0.0465320237,2.74970334e-05,30,1.22300005,1
793110400000661,228836201,2460042.8643912063,60042.362013899998,19.651207,0.104765117,0,zg,226.83027910000001,55.747291199999999,0.598999977,0.0390000008,20230408362014,793,0xa,0x4,20.6299992,26.2353687,0.0349265561,-0.024300633,3.38206228e-05,30,1.09500003,1
793110400000661,229034202,2460044.8443884663,60044.342025500002,19.8733749,0.123470254,0,zg,226.83020619999999,55.747168100000003,1.40799999,0.108000003,20230410341979,793,0xa,0x4,20.9799995,26.3136806,0.0313041918,-0.0395734049,2.22427916e-05,30,1.11000001,1
793110400000661,229228682,2460046.7891750955,60046.286828700002,20.0098515,0.136106759,0,zg,226.83018509999999,55.7472116,1.10399997,-0.136999995,20230412286817,793,0xa,0x4,21.8500004,26.2501049,0.0352051631,-0.0847463757,2.52581431e-05,30,1.20700002,1
793110400000661,229636284,2460050.8651511148,60050.362847199998,19.995903,0.134777993,0,zg,226.83016409999999,55.747210500000001,0.360000014,0.00100000005,20230416362847,793,0xa,0x4,21.8199997,26.2852669,0.0357588045,-0.0807489008,2.60620873e-05,30,1.08000004,1
793110400000661,229938695,2460053.8892216277,60053.386956000002,19.8383331,0.120362297,0,zg,226.8302018,55.747188000000001,0.996999979,0.0410000011,20230419386944,793,0xa,0x4,20.8700008,26.3134918,0.038342379,-0.0656782687,3.31844967e-05,30,1.07799995,1
793110400000661,230142747,2460055.9297134974,60055.427476899997,19.9941483,0.134611398,0,zg,226.8301572,55.7472244,0.893000007,0.172000006,20230421427465,793,0xa,0x4,21.6000004,26.3063793,0.0317999423,-0.0625993833,2.05467695e-05,30,1.11600006,1
793110400000661,230334359,2460057.8458065609,60057.343599500004,20.0165749,0.136750132,0,zg,226.8301807,55.747188100000002,0.736000001,0.0189999994,20230423343588,793,0xa,0x4,21.5,26.2880077,0.0311396215,-0.0613583922,2.0240348e-05,30,1.08000004,1
793110400000661,230532524,2460059.8274173173,60059.3252431,20.0212574,0.137199312,0,zg,226.8301391,55.747166700000001,0.855000019,-0.108000003,20230425325231,793,0xa,0x4,21.7600002,26.2625771,0.0378280208,-0.0895866826,2.93648081e-05,30,1.08700001,1
793110400000661,230740512,2460061.9072645833,60061.4051273,19.9614735,0.131533533,0,zg,226.83017190000001,55.747226300000001,1.03100002,-0.136000007,20230427405069,793,0xa,0x4,21.4799995,26.2788563,0.033944726,-0.0713901818,2.38683879e-05,30,1.10800004,1
793110400000661,230942479,2460063.9268907746,60063.424791700003,19.8635693,0.122594818,0,zg,226.83009730000001,55.7471642,0.432000011,0.0209999997,20230429424780,793,0xa,0x4,21.3600006,26.2788754,0.0333231576,-0.0678474978,2.28844274e-05,30,1.148,1
793110400000661,231131123,2460065.8132997393,60065.311238399998,19.8887444,0.12485151,0,zg,226.8301452,55.747269799999998,1.39699996,-0.0680000037,20230501311238,793,0xa,0x4,20.7099991,26.2451725,0.0324653871,-0.0295299068,2.69712837e-05,30,1.08500004,2
793110400000661,231147259,2460065.9746505865,60065.472592600003,20.0452805,0.13951771,0,zg,226.8301203,55.7473077,0.64200002,-0.0799999982,20230501472211,793,0xa,0x4,20.7700005,26.1816025,0.0401876085,-0.0730393231,3.80371166e-05,30,1.29400003,1
793110400000661,231147547,2460065.977532431,60065.475474500003,20.0678043,0.141712099,0,zg,226.83021880000001,55.747242499999999,0.731000006,-0.0199999996,20230501475428,793,0xa,0x4,21.3999996,26.2011089,0.041575782,-0.0943435878,3.58696707e-05,30,1.30499995,2
793110400000661,231843395,2460072.9358601058,60072.433958299996,19.7923927,0.116375923,0,zg,226.83025549999999,55.747206499999997,0.319999993,-0.0649999976,20230508433947,793,0xa,0x4,20.6499996,26.2556133,0.0317335539,-0.0371585861,2.71424124e-05,30,1.22899997,2
793110400000661,231926284,2460073.7647287766,60073.2628472,19.8071651,0.117646776,0,zg,226.830197,55.747207899999999,0.822000027,0.0869999975,20230509262836,793,0xa,0x4,21.3299999,26.2303085,0.0295058526,-0.0530226603,1.80813131e-05,30,1.11000001,2
793110400000661,231926384,2460073.7657241547,60073.263842599998,20.0862808,0.143526763,0,zg,226.83018039999999,55.747186999999997,0.947000027,0.0140000004,20230509263808,793,0xa,0x4,21.4099998,26.2214432,0.0311285164,-0.0574543588,2.01453367e-05,30,1.10899997,1
793110400000661,231928173,2460073.7836172143,60073.281736099998,19.8832283,0.124354556,0,zg,226.83021460000001,55.747224099999997,0.832000017,-0.064000003,20230509281725,793,0xa,0x4,21.3199997,26.2174034,0.0327563137,-0.0414283723,2.23269235e-05,30,1.09099996,2
793110400000661,232338677,2460077.8885467011,60077.386770800003,20.041296,0.139131621,0,zg,226.83024370000001,55.747180399999998,0.843999982,-0.0829999968,20230513386771,793,0xa,0x4,21.3700008,26.2745514,0.0417276174,-0.0886306241,3.56203054e-05,30,1.148,1
793110400000661,232339059,2460077.8923660917,60077.390590299998,19.8402939,0.120534688,0,zg,226.83017659999999,55.747247700000003,0.628000021,-0.0199999996,20230513390567,793,0xa,0x4,21.3400002,26.2636127,0.0380181447,-0.0713093132,2.98284558e-05,30,1.15499997,2
793110400000661,232340324,2460077.9050161582,60077.403240699998,19.914463,0.127187222,0,zg,226.830196,55.747166499999999,0.658999979,0.0590000004,20230513403229,793,0xa,0x4,21.4699993,26.2617817,0.03756411,-0.0790775642,2.9283281e-05,30,1.18299997,2
793110400000661,232534961,2460079.8513409132,60079.349618100001,20.0219498,0.13726595,0,zg,226.83023919999999,55.747163499999999,1.39499998,0.0270000007,20230515349606,793,0xa,0x4,21.4899998,26.2642975,0.0385912508,-0.0792337283,3.14208628e-05,30,1.10099995,1
793110400000661,232840497,2460082.9066136223,60082.404976899998,19.9344978,0.129027456,0,zg,226.83015140000001,55.747223400000003,1.00399995,0.023,20230518404873,793,0xa,0x4,21.4699993,26.1838646,0.0316175632,-0.0634121969,2.10042217e-05,30,1.22399998,1
793110400000661,233032333,2460084.8249139907,60084.323333300003,20.1132774,0.146200612,0,zg,226.83013629999999,55.747134699999997,0.667999983,-0.100000001,20230520323333,793,0xa,0x4,21.2900009,26.1626186,0.0435222387,-0.0572000444,4.00654571e-05,30,1.08899999,1
793110400000661,233226364,2460086.7651682701,60086.263645799998,20.0402927,0.13903445,0,zg,226.83013120000001,55.7472055,2.35599995,0.449999988,20230522263634,793,0xa,0x4,21.7299995,26.2227364,0.0390892997,-0.083495155,3.16919941e-05,30,1.08000004,1
793110400000661,233430413,2460088.8055915874,60088.304131899997,20.033226,0.13835147,0,zg,226.83028289999999,55.747262300000003,1.12899995,0.177000001,20230524304120,793,0xa,0x4,21.8299999,26.281517,0.0409874655,-0.0856829882,3.43833162e-05,30,1.08399999,1
793110400000661,233832168,2460092.8230215232,60092.321689800003,20.0037384,0.135523409,0,zg,226.8301879,55.747166399999998,0.88499999,0.112999998,20230528321528,793,0xa,0x4,21.25,26.2730064,0.0316625573,-0.044930961,2.10769558e-05,30,1.11000001,1
793110400000661,235025981,2460104.7607376012,60104.259814800003,20.1172333,0.146594554,0,zg,226.8302046,55.747157399999999,1.17499995,0.0839999989,20230609259803,793,0xa,0x4,21.9799995,26.2874508,0.0328548029,-0.0867251903,2.23873612e-05,30,1.08299994,1
793110400000661,235528673,2460109.7874766178,60109.286736100003,20.1163139,0.146503091,0,zg,226.83022070000001,55.747199999999999,1.04900002,-0.0480000004,20230614286736,793,0xa,0x4,21.8400002,26.2785816,0.0327412114,-0.0938750133,2.20316888e-05,30,1.12600005,1
793110400000661,235743437,2460111.9350362276,60111.434374999997,19.8560066,0.121922657,0,zg,226.83018200000001,55.747184500000003,0.746999979,-0.0579999983,20230616434363,793,0xa,0x4,21.4699993,26.1257782,0.0303269513,-0.0767013207,1.90423889e-05,30,1.84899998,1
793110400000661,236026009,2460114.7606487349,60114.260092600001,20.0481777,0.13979882,0,zg,226.83021239999999,55.747204000000004,0.542999983,-0.101999998,20230619260081,793,0xa,0x4,21.6700001,26.3294868,0.0294548385,-0.0697389469,1.78627706e-05,30,1.10800004,1
793110400000661,236232425,2460116.8247380224,60116.324259300003,19.9437294,0.129881456,0,zg,226.8301664,55.747202799999997,0.833999991,-0.214000002,20230621324259,793,0xa,0x4,20.9099998,26.243,0.0357531272,-0.0390700027,2.82931942e-05,30,1.26199996,1
793110400000661,236423923,2460118.7396427304,60118.239236100002,19.8552074,0.12185172,0,zg,226.8302261,55.747295100000002,0.861999989,-0.101999998,20230623239225,793,0xa,0x4,20.7199993,26.292408,0.0374846496,-0.043003533,3.1517804e-05,30,1.097,1
793110400000661,236632681,2460120.8271448319,60120.326817100002,20.0599079,0.140940532,0,zg,226.83017409999999,55.747174999999999,0.833000004,0.0370000005,20230625326817,793,0xa,0x4,21.3099995,26.3011627,0.0318142548,-0.0665246546,2.10904363e-05,30,1.31099999,1
793110400000661,236830533,2460122.8055884368,60122.305335600002,19.8655128,0.122767948,0,zg,226.83026599999999,55.7471009,1.04499996,-0.0489999987,20230627305336,793,0xa,0x4,20.6599998,26.282814,0.035334859,-0.0269572698,3.03756005e-05,30,1.25300002,1
793110400000661,237039099,2460124.8911691308,60124.390995399997,19.9577541,0.131186083,0,zg,226.83024900000001,55.747137500000001,1.102,-0.0120000001,20230629390995,793,0xa,0x4,21.0799999,26.1777744,0.0323428623,-0.0750765204,2.26663542e-05,30,1.773,1
793110400000661,237238853,2460126.8886281271,60126.388530099997,19.6827698,0.107276067,0,zg,226.8302229,55.747196199999998,0.799000025,0.187000006,20230701388530,793,0xa,0x4,20.3500004,26.1367226,0.0386245437,-0.040603485,4.82393698e-05,30,1.801,1
793110400000661,238038768,2460134.8874817332,60134.387685200003,19.7973995,0.116805494,0,zg,226.82975579999999,55.747206200000001,0.848999977,-0.00700000022,20230709387581,793,0xa,0x4,20.6499996,26.1941643,0.0347750075,-0.0510094278,3.11546864e-05,30,2.02900004,1
793110400000661,238220295,2460136.7026803577,60136.202951400002,20.0613117,0.141077578,0,zg,226.8301635,55.747197200000002,0.587000012,0.0670000017,20230711202940,793,0xa,0x4,21.8600006,26.3167591,0.0295967832,-0.0779903829,1.82227795e-05,30,1.11199999,1
793110400000661,238620008,2460140.6996624256,60140.200081000003,19.9889202,0.134115919,0,zg,226.8303066,55.747131199999998,0.885999978,0.00300000003,20230715200069,793,0xa,0x4,21.3899994,26.3014469,0.0293143764,-0.0639898628,1.78471346e-05,30,1.12300003,1
793110400000661,239528113,2460149.7803914617,60149.281134299999,20.0430946,0.13930577,0,zg,226.83028830000001,55.747196099999996,1.41900003,-0.0179999992,20230724281134,793,0xa,0x4,21.3999996,26.1711082,0.031954363,-0.0436181687,2.09307746e-05,30,1.47000003,1
793110400000661,239728584,2460151.7850331268,60151.285844899998,20.0089397,0.136019766,0,zg,226.83018680000001,55.74718,0.49000001,-0.00499999989,20230726285833,793,0xa,0x4,21.1299992,26.1879539,0.0330969915,-0.050040219,2.34798572e-05,30,1.53199995,1
793110400000661,239928453,2460153.7836576337,60153.284537,19.8969707,0.125595346,0,zg,226.8302229,55.747189400000003,0.442999989,0.0780000016,20230728284537,793,0xa,0x4,20.9300003,26.1799526,0.0316164307,-0.0380669087,2.32087059e-05,30,1.55900002,1
793110400000661,240124206,2460155.7411158136,60155.242060199998,20.0318108,0.138215065,0,zg,226.83024459999999,55.7472846,0.680999994,0.150000006,20230730242060,793,0xa,0x4,20.6100006,26.1919689,0.0350164175,-0.0143465251,3.16392507e-05,30,1.35599995,1
793110400000661,240529740,2460159.7963321474,60159.297407400001,19.9478664,0.130265355,0,zg,226.83010949999999,55.746981400000003,0.674000025,-0.182999998,20230803297188,793,0xa,0x4,20.1900005,26.2095661,0.0394503772,-0.0296794716,5.48554599e-05,30,1.79200006,1
793110400000661,240728327,2460161.7821382615,60161.283275499998,19.8470612,0.121131063,0,zg,226.83036730000001,55.7472262,0.864000022,-0.259000003,20230805283275,793,0xa,0x4,20.6399994,26.2260361,0.031801749,-0.0252910424,2.59904209e-05,30,1.71399999,1
793110400000661,240929894,2460163.7977480814,60163.298946800001,19.8964157,0.125544995,0,zg,226.8300868,55.747179000000003,1.07299995,-0.0930000022,20230807298924,793,0xa,0x4,20.6599998,26.2003345,0.0327718519,-0.0242308825,2.75103139e-05,30,1.91799998,1
793110400000661,241218505,2460166.6837740173,60166.185057900002,20.0535851,0.140324458,0,zg,226.83023009999999,55.747121999999997,0.483999997,-0.061999999,20230810185058,793,0xa,0x4,21.7000008,26.3040142,0.0292113461,-0.0694266185,1.76681242e-05,30,1.25300002,1
793110400000661,241728474,2460171.7833193573,60171.2847454,20.0136147,0.136466771,0,zg,226.8300275,55.747213100000003,0.662,0.148000002,20230815284745,793,0xa,0x4,20.9200001,26.1212826,0.0342963412,-0.0255854335,2.64703995e-05,30,2.00600004,1
793110400000661,241920561,2460173.7041369309,60173.205613400001,20.2078209,0.155755401,0,zg,226.83025549999999,55.747154399999999,0.620000005,-0.0410000011,20230817205613,793,0xa,0x4,21.4599991,26.227829,0.0260727499,-0.0558606461,1.43295711e-05,30,1.41600001,1
793110400000661,243416583,2460188.6640272066,60188.165833300001,20.0131874,0.136425704,0,zg,226.8302903,55.747098200000003,0.853999972,-0.31400001,20230901165810,793,0xa,0x4,20.5900002,26.2054348,0.0325854421,-0.0291046724,2.95958325e-05,30,1.42200005,1
793110400000661,244016269,2460194.6607930744,60194.162696799998,19.9481239,0.130289257,0,zg,226.8302467,55.747207799999998,0.470999986,-0.0140000004,20230907162685,793,0xa,0x4,21.1200008,26.280323,0.0278579406,-0.0530793667,1.65391812e-05,30,1.49600005,1
793110400000661,253553710,2460290.036590571,60289.5371065,19.2609329,0.0777027085,32768,zg,226.8299318,55.746995200000001,0.864000022,-0.409000009,20231211537083,793,0xa,0x4,19.5400009,24.6798058,0.0470784195,-0.0321277305,0.000132768168,30,1.58700001,1
793110400000661,253749336,2460291.992925487,60291.493368099997,20.0598145,0.140931457,0,zg,226.8301247,55.7471532,0.894999981,-0.158000007,20231213493368,793,0xa,0x4,21.1100006,26.1735477,0.0343420096,-0.0733124316,2.44986695e-05,30,1.926,1
793110400000661,255747766,2460311.9779943917,60311.477661999998,19.7933769,0.116460204,0,zg,226.82998359999999,55.747179799999998,0.651000023,-0.119999997,20240102477650,793,0xa,0x4,20.7199993,26.2212086,0.035750173,-0.0261151791,3.1133477e-05,30,1.58299994,1
793110400000661,257249129,2460326.9922035048,60326.491296300002,19.970705,0.132398471,32768,zg,226.83018279999999,55.747197399999997,1.03799999,-0.0670000017,20240117491296,793,0xa,0x4,21.3999996,25.7595921,0.0330964699,-0.0806857273,2.37445038e-05,30,1.29799998,1
793110400000661,259740775,2460351.9094850728,60351.407754599997,20.0651093,0.141448587,0,zg,226.8301629,55.747185100000003,0.856000006,-0.136999995,20240211407743,793,0xa,0x4,21.2000008,26.28895,0.0320983417,-0.0742783844,2.09561877e-05,30,1.36099994,1
793110400000661,259744980,2460351.9515348752,60351.449803199997,20.075119,0.142428935,0,zg,226.8301525,55.747187099999998,0.74000001,0.0979999974,20240211449803,793,0xa,0x4,21.3199997,26.3228493,0.0310034044,-0.0887501985,1.98851176e-05,30,1.21099997,2
793110400000661,259942962,2460353.9314157781,60353.429629600003,19.93573,0.129141256,0,zg,226.83012650000001,55.747189599999999,0.730000019,0.0149999997,20240213429572,793,0xa,0x4,21.6299992,26.3215561,0.0297974572,-0.0861739442,1.83171924e-05,30,1.25600004,1
793110400000661,260143043,2460355.9322790815,60355.430439800002,20.2094154,0.155918598,0,zg,226.8300457,55.747210199999998,0.953999996,-0.0350000001,20240215430312,793,0xa,0x4,21.1599998,26.2973404,0.0346856751,-0.0777437016,2.50229878e-05,30,1.23599994,1
793110400000661,261550487,2460370.0070244251,60369.504872700003,19.9295044,0.128567055,0,zg,226.83025269999999,55.747155499999998,0.714999974,-0.122000001,20240229504873,793,0xa,0x4,21.2099991,26.3244324,0.0292000715,-0.0539875552,1.89463681e-05,30,1.07599998,1
793110400000661,263441188,2460388.9142694524,60388.411886599999,19.8683949,0.12302509,0,zg,226.8302304,55.747117899999999,0.763999999,0.152999997,20240319411852,793,0xa,0x4,21.0699997,26.2992001,0.0342709385,-0.0557422973,2.51088441e-05,30,1.097,1
793110400000661,263739526,2460391.8976642466,60391.395266200001,20.081171,0.143023714,0,zg,226.8302808,55.747184099999998,0.822000027,0.145999998,20240322395255,793,0xa,0x4,20.7099991,26.2902737,0.0326834731,-0.0303894803,2.71325298e-05,30,1.10599995,1
793110400000661,264239087,2460396.8932899158,60396.390879600003,19.7805748,0.115366779,0,zg,226.8300165,55.747221600000003,0.811999977,0.149000004,20240327390880,793,0xa,0x4,20.5300007,26.3084984,0.0336259864,-0.0554122776,3.1699612e-05,30,1.09599996,1
793110400000661,265038615,2460404.8885529144,60404.386157399997,20.0454292,0.139532283,0,zg,226.83023259999999,55.747185399999999,0.930000007,-0.0540000014,20240404386146,793,0xa,0x4,21.5699997,26.3084488,0.035610415,-0.075762704,2.56556068e-05,30,1.08299994,1
793110400000661,265433885,2460408.8412267906,60408.338854200003,20.0314579,0.138181031,0,zg,226.83019780000001,55.747190600000003,0.552999973,0.0329999998,20240408338819,793,0xa,0x4,21.5499992,26.2703838,0.0320030898,-0.0758997649,2.10454036e-05,30,1.11899996,1
793110400000661,266334902,2460417.8513104813,60417.349027800003,19.8582153,0.122118704,0,zg,226.83018759999999,55.747189300000002,0.739000022,-0.0890000015,20240417348982,793,0xa,0x4,21.4099998,26.3172398,0.028276654,-0.0698791295,1.63167606e-05,30,1.08399999,1
793110400000661,266532607,2460419.8283325611,60419.326076400001,19.9333229,0.128918976,0,zg,226.83025019999999,55.747192099999999,1.07599998,-0.321999997,20240419326030,793,0xa,0x4,20.7999992,26.3095036,0.0359511524,-0.0304452162,2.98669474e-05,30,1.09800005,1
793110400000661,266734195,2460421.8441826906,60421.341955999997,19.845192,0.120966122,0,zg,226.83027039999999,55.747237300000002,0.656000018,0.0199999996,20240421341933,793,0xa,0x4,20.6399994,26.2573013,0.0353965238,-0.0221578293,3.32768832e-05,30,1.08200002,1
793110400000661,266935688,2460423.859081422,60423.356886599999,19.9631958,0.131694645,0,zg,226.83019880000001,55.747236999999998,0.680000007,0.0289999992,20240423356875,793,0xa,0x4,20.3999996,26.3003635,0.0416040681,-0.0288628787,5.28743803e-05,30,1.07599998,1
793110400000661,267532343,2460429.8255241681,60429.323437500003,19.788763,0.116065249,0,zg,226.8302376,55.747185199999997,0.790000021,-0.0960000008,20240429323437,793,0xa,0x4,21.5599995,26.2939281,0.0276284441,-0.0541257784,1.56791375e-05,30,1.08000004,1
793110400000661,267732403,2460431.8260853272,60431.324039400002,19.9110451,0.126874998,0,zg,226.8302004,55.747163999999998,1.03199995,0.0179999992,20240501324039,793,0xa,0x4,22.2600002,26.3241405,0.039129179,-0.104944319,3.14909885e-05,30,1.07799995,1
793110400000661,267936916,2460433.8711687233,60433.369166700002,19.9508762,0.130545169,0,zg,226.83023979999999,55.747168199999997,1.23599994,0.0140000004,20240503369155,793,0xa,0x4,22.0300007,26.2469406,0.0344159044,-0.09682668,2.37616223e-05,30,1.09099996,1
793110400000661,268330439,2460437.8063094411,60437.304398100001,19.9091606,0.126703233,0,zg,226.83012049999999,55.747157899999998,0.629000008,0.153999999,20240507304398,793,0xa,0x4,21.5799999,26.31423,0.029992139,-0.0828875154,1.86379675e-05,30,1.079,1
793110400000661,268432623,2460438.8281248966,60438.326238399997,19.8266506,0.119339004,0,zg,226.83005979999999,55.747199600000002,0.99000001,0.0280000009,20240508326227,793,0xa,0x4,21.2199993,26.2956829,0.033624623,-0.0730706379,2.30358964e-05,30,1.07599998,1
793110400000661,268530891,2460439.8107741256,60439.308912,19.9876747,0.133998021,0,zg,226.83021740000001,55.747127999999996,0.317000002,-0.0560000017,20240509308912,793,0xa,0x4,21.5,26.2226315,0.0310530476,-0.069578521,1.97054851e-05,30,1.07599998,1
793110400000661,268734719,2460441.8490091641,60441.347199099997,19.9186668,0.127571821,0,zg,226.83017799999999,55.747188800000004,0.939999998,0.162,20240511347176,793,0xa,0x4,21.5699997,26.273838,0.0328241102,-0.0734289289,2.18541063e-05,30,1.09000003,1
793110400000661,268932217,2460443.8239336689,60443.322175900001,19.8758125,0.123688608,0,zg,226.83018509999999,55.7471757,1.09599996,-0.158999994,20240513322176,793,0xa,0x4,21.2199993,26.2790451,0.0360546969,-0.0765802264,2.70964847e-05,30,1.079,1
793110400000661,269130570,2460445.8074094639,60445.305705999999,19.9219818,0.127875715,0,zg,226.8301415,55.747228399999997,1.43700004,0.206,20240515305694,793,0xa,0x4,21.2700005,26.2860832,0.0284536928,-0.0571644083,1.69289233e-05,30,1.07599998,1
793110400000661,269326621,2460447.7678634133,60447.266215299998,19.8632088,0.122562654,0,zg,226.83028899999999,55.747192800000001,0.681999981,0.0850000009,20240517266204,793,0xa,0x4,21.1700001,26.2831669,0.0324993692,-0.0641407818,2.25676085e-05,30,1.08500004,1
793110400000661,269528481,2460449.7864042488,60449.284814799998,19.9431286,0.129825756,0,zg,226.83013750000001,55.7471344,0.629000008,-0.00300000003,20240519284803,793,0xa,0x4,20.7000008,26.3031979,0.0347839408,-0.0377969332,2.86242339e-05,30,1.07599998,1
793110400000661,269740655,2460451.9080768726,60451.406550899999,19.8808861,0.124143921,0,zg,226.83029629999999,55.747326800000003,0.472000003,0.0869999975,20240521406551,793,0xa,0x4,20.5100002,26.2179375,0.0363310762,-0.0501624234,3.89397901e-05,30,1.26100004,1
793110400000661,270126527,2460455.766684093,60455.265277799997,19.7129345,0.109721512,0,zg,226.83024280000001,55.747184799999999,1.29100001,-0.467999995,20240525265266,793,0xa,0x4,20.5400009,26.3129559,0.0403394736,-0.0517691635,4.28630847e-05,30,1.07599998,1
793110400000661,270325974,2460457.7610877352,60457.259745399999,19.8309937,0.119718648,0,zg,226.83019540000001,55.747160399999999,0.625,0.0170000009,20240527259734,793,0xa,0x4,21.8199997,26.3161335,0.0282232501,-0.0767225325,1.63696659e-05,30,1.07599998,1
793110400000661,270528346,2460459.7847366757,60459.283460600003,20.0503674,0.140011668,0,zg,226.83020450000001,55.747203499999998,1.36399996,0.115999997,20240529283438,793,0xa,0x4,21.9599991,26.3083763,0.033116661,-0.0925021321,2.24273299e-05,30,1.08099997,1
793110400000661,270732498,2460461.8261963185,60461.324988400003,19.8758659,0.123693421,0,zg,226.8302157,55.7471806,1.24100006,0.0759999976,20240531324988,793,0xa,0x4,21.7399998,26.2440472,0.0326638408,-0.0808416009,2.19277008e-05,30,1.12899995,1
793110400000661,270930202,2460463.8031662395,60463.302025500001,19.9835529,0.133608297,0,zg,226.83017280000001,55.747182500000001,1.03900003,0.181999996,20240602301944,793,0xa,0x4,21.6299992,26.2726707,0.0372076482,-0.0870581046,2.89167292e-05,30,1.10500002,1
793110400000661,271534628,2460469.847213632,60469.346284699997,19.8261261,0.119293213,0,zg,226.83017620000001,55.747234800000001,0.943000019,-0.136999995,20240608346273,793,0xa,0x4,21.3999996,26.2542057,0.0328553095,-0.0815396905,2.24023988e-05,30,1.22599995,1
793110400000661,271722090,2460471.7217643862,60471.2209028,19.9017029,0.126024634,0,zg,226.830207,55.7471745,0.93900001,0.129999995,20240610220729,793,0xa,0x4,21.6000004,26.2817574,0.0285179373,-0.0638257191,1.66241462e-05,30,1.07700002,1
793110400000661,271934820,2460473.848990283,60473.348206000002,19.8539467,0.121740028,0,zg,226.8301519,55.747163299999997,0.56099999,0.0480000004,20240612348194,793,0xa,0x4,21.8099995,26.2530708,0.0288629122,-0.0862297937,1.69655759e-05,30,1.26600003,1
793110400000661,272226098,2460476.7616610802,60476.260983799999,19.717226,0.110073045,0,zg,226.83016559999999,55.747214300000003,0.726000011,-0.115000002,20240615260961,793,0xa,0x4,21.2199993,26.2733555,0.0295875352,-0.0459252931,1.82205204e-05,30,1.09899998,1
793110400000661,272538999,2460479.8905609469,60479.389999999999,19.557806,0.0976215228,0,zg,226.8302248,55.747185899999998,0.60799998,-0.128000006,20240618389988,793,0xa,0x4,20.5400009,26.2116032,0.0359207503,-0.0277167205,3.2532058e-05,30,1.54700005,1
793110400000661,272726658,2460481.7670763507,60481.266585600002,19.7748032,0.114876345,0,zg,226.83028250000001,55.7471721,0.537,-0.179000005,20240620266412,793,0xa,0x4,20.7999992,26.3189354,0.033174403,-0.0367010795,2.71397475e-05,30,1.12300003,1
793110400000661,273620030,2460490.7004540409,60490.200300899996,19.7593613,0.113572359,0,zg,226.8301664,55.747190199999999,0.842000008,0.00600000005,20240629200289,793,0xa,0x4,21.8299999,26.3265285,0.0275215544,-0.0719249099,1.56789865e-05,30,1.08200002,1
793110400000661,274819858,2460502.6982895536,60502.198587999999,19.8267097,0.119344205,0,zg,226.83027179999999,55.747142400000001,0.688000023,-0.075000003,20240711198576,793,0xa,0x4,21.3500004,26.1439972,0.030585859,-0.0425874069,1.97229801e-05,30,1.10899997,1
793110400000661,275030641,2460504.8060356532,60504.306411999998,19.8243618,0.119139291,0,zg,226.8301831,55.747175599999998,0.970000029,0.0860000029,20240713306412,793,0xa,0x4,21.1900005,26.0160236,0.0309771467,-0.0521868356,2.02642677e-05,30,1.45500004,1
793110400000661,275521910,2460509.7185539366,60509.219108800004,19.7194347,0.110254332,0,zg,226.83005030000001,55.747243699999999,0.419,-0.147,20240718219097,793,0xa,0x4,20.3199997,26.1784859,0.0345350057,-0.0380524546,3.57738791e-05,30,1.17900002,1
793110400000661,275720153,2460511.7009138549,60511.201539399997,19.9400215,0.129538029,0,zg,226.83025499999999,55.747093100000001,0.700999975,-0.221000001,20240720201528,793,0xa,0x4,20.6800003,26.2491455,0.040450532,-0.0367813595,4.17117953e-05,30,1.153,1
793110400000661,275923972,2460513.7390248626,60513.2397222,19.7217369,0.110443518,0,zg,226.8302659,55.7471532,0.522000015,-0.129999995,20240722239722,793,0xa,0x4,20.5,26.215414,0.0356230028,-0.0325151868,3.7438429e-05,30,1.26900005,1
793110400000661,276321695,2460517.7161215898,60517.216955999997,19.6150513,0.101949036,0,zg,226.8302175,55.747183200000002,0.899999976,0.0700000003,20240726216944,793,0xa,0x4,21.5,26.0950127,0.0297218952,-0.0473266467,1.80489642e-05,30,1.23099995,1
793110400000661,276524666,2460519.745763991,60519.246666699997,19.8273735,0.1194022,0,zg,226.83021070000001,55.747184400000002,0.646000028,0.0189999994,20240728246667,793,0xa,0x4,21.3099995,26.2892494,0.0291654654,-0.0582482815,1.75722816e-05,30,1.36099994,1
793110400000661,276720618,2460521.7052131672,60521.206180599998,19.7712193,0.114572704,0,zg,226.83021969999999,55.747183800000002,0.606999993,0.0209999997,20240730206169,793,0xa,0x4,21.6100006,26.2933292,0.0312883258,-0.0724015757,2.05822453e-05,30,1.23099995,1
793110400000661,277029975,2460524.7986897384,60524.2997569,19.8279057,0.119448647,0,zg,226.83027060000001,55.747194399999998,0.541000009,0.057,20240802299745,793,0xa,0x4,21.1900005,26.0533333,0.0294889957,-0.0340449288,1.89364637e-05,30,1.80799997,1
793110400000661,277230518,2460526.8040552032,60526.305185199999,19.7209206,0.11037638,0,zg,226.83026179999999,55.747137000000002,0.38499999,-0.104000002,20240804305185,793,0xa,0x4,20.8400002,26.1533127,0.0351333432,-0.0268806312,2.83266581e-05,30,1.91900003,1
793110400000661,277420119,2460528.7000041353,60528.201192100001,19.7609329,0.11370451,0,zg,226.8301927,55.747172300000003,0.451999992,0.0359999985,20240806201192,793,0xa,0x4,21.3199997,26.1838112,0.0279726349,-0.0403430015,1.61481094e-05,30,1.278,1
793110400000661,277620215,2460530.7009051112,60530.202152799997,19.7936153,0.116480649,0,zg,226.83015649999999,55.747173199999999,0.500999987,0.0590000004,20240808202153,793,0xa,0x4,21.4300003,26.2005711,0.0303562116,-0.0606194064,1.88433569e-05,30,1.301,1
793110400000661,280021854,2460554.7167213652,60554.2185417,19.8881321,0.124796346,0,zg,226.830322,55.747200100000001,0.688000023,0.0489999987,20240901218530,793,0xa,0x4,20.9200001,26.1575871,0.034860801,-0.0503908284,2.66312654e-05,30,1.81400001,1
793110400000661,280221503,2460556.7131804554,60556.215034699999,19.9774399,0.133031756,0,zg,226.8305096,55.747058299999999,0.837000012,0.00999999978,20240903214896,793,0xa,0x4,20.7800007,26.0908318,0.032857772,-0.0282536261,2.59262688e-05,30,1.83399999,1
793110400000661,280416032,2460558.6584390807,60558.160324099998,19.7087727,0.109381482,0,zg,226.8301141,55.747151100000004,0.824000001,0.057,20240905160243,793,0xa,0x4,21.0200005,26.169569,0.0376123115,-0.0465962365,2.9854602e-05,30,1.46300006,1
793110400000661,281414538,2460568.6433750736,60568.145381900002,19.6482887,0.104535423,0,zg,226.83030980000001,55.747121999999997,0.81400001,0.0590000004,20240915145370,793,0xa,0x4,20.3700008,26.2561359,0.0327504277,-0.0486228839,3.27267808e-05,30,1.53699994,1
793210400001234,44436857,2458198.8709677625,58198.368576399997,19.1571274,0.0652513653,0,zr,226.8302113,55.747167099999999,0.589999974,0.00200000009,20180321368553,793,0xa,0x4,21.25,26.1490555,0.0220589079,0.104641765,9.96448398e-06,30,1.153,2
793210400001234,44438608,2458198.8884794591,58198.386087999999,19.2343483,0.0692769438,0,zr,226.83015409999999,55.747185500000001,0.150999993,-0.00600000005,20180321386053,793,0xa,0x4,21.5100002,26.2262077,0.0210351329,0.105739258,9.05010984e-06,30,1.12300003,2
793210400001234,44441150,2458198.9138961956,58198.411504600001,19.2006245,0.0674894229,0,zr,226.8301487,55.747173799999999,0.833999991,0.0289999992,20180321411447,793,0xa,0x4,21.8099995,26.3175488,0.0249822903,0.111206174,1.28402526e-05,30,1.09200001,2
793210400001234,44443082,2458198.9332134943,58198.430821800001,19.134819,0.0641325638,0,zr,226.8302291,55.747155900000003,0.657000005,0.0599999987,20180321430787,793,0xa,0x4,21.75,26.3158722,0.0247650277,0.112259291,1.25065635e-05,30,1.079,2
793210400001234,44447748,2458198.9798803297,58198.4774884,19.1093769,0.0628801584,0,zr,226.8302195,55.747169399999997,0.58099997,0.0359999985,20180321477454,793,0xa,0x4,21.6000004,26.2054901,0.0259069353,0.110272758,1.363302e-05,30,1.08200002,2
793210400001234,44533708,2458199.8394792695,58199.337083300001,19.1385994,0.0643207952,0,zr,226.83016850000001,55.7471642,0.843999982,-0.074000001,20180322337049,793,0xa,0x4,20.8899994,25.8201294,0.0242647175,0.0936156809,1.20743689e-05,30,1.22399998,2
793210400001234,46033768,2458214.8400731976,58214.3376852,19.0984955,0.0623521432,0,zr,226.83029010000001,55.747197399999997,1.03799999,-0.126000002,20180406337674,793,0xa,0x4,19.9599991,25.7480602,0.0355003588,0.123431124,2.57117026e-05,30,1.13,3
793210400001234,46035201,2458214.8544018236,58214.352013900003,19.3144627,0.0737112463,0,zr,226.83004969999999,55.747287100000001,0.467999995,0.00700000022,20180406351968,793,0xa,0x4,20.0599995,25.8009052,0.0341477841,0.12319769,2.39021774e-05,30,1.10899997,1
793210400001234,46035296,2458214.8553509349,58214.352962999998,19.177454,0.0662879124,0,zr,226.83007140000001,55.747066799999999,0.444999993,-0.0500000007,20180406352940,793,0xa,0x4,19.9799995,25.8590031,0.0332622491,0.115945354,2.24297382e-05,30,1.10800004,2
793210400001234,46334156,2458217.8439311413,58217.341562499998,19.263422,0.0708553046,32768,zr,226.83017240000001,55.747166399999998,1.36000001,-0.143000007,20180409341528,793,0xa,0x4,21.1200008,26.0232697,0.0323206969,0.11068359,2.13879248e-05,30,1.11199999,2
793210400001234,46335207,2458217.8544403645,58217.3520718,19.1230125,0.0635482967,0,zr,226.83019060000001,55.747182799999997,0.940999985,-0.00999999978,20180409352014,793,0xa,0x4,21.4500008,26.1450481,0.0237714164,0.114540994,1.14989816e-05,30,1.09899998,1
793210400001234,46335310,2458217.855470458,58217.3531019,19.1659794,0.065700762,0,zr,226.83018860000001,55.747170400000002,0.737999976,0.00800000038,20180409353044,793,0xa,0x4,21.5,26.1959667,0.0239255,0.111609206,1.16551264e-05,30,1.09800005,3
793210400001234,46336214,2458217.8645096933,58217.362141199999,19.2201633,0.0685194805,0,zr,226.8301391,55.747182600000002,0.663999975,0.0680000037,20180409362141,793,0xa,0x4,21.5,26.246088,0.02358195,0.111659981,1.12874868e-05,30,1.09000003,2
793210400001234,46339052,2458217.8928890848,58217.3905208,19.2036133,0.0676460266,0,zr,226.83021239999999,55.747170099999998,0.646000028,-0.023,20180409390521,793,0xa,0x4,21.6000004,26.2476139,0.0217619333,0.117021561,9.69068242e-06,30,1.07500005,2
793210400001234,46339236,2458217.8947293726,58217.392361099999,19.2368431,0.0694110319,0,zr,226.83014679999999,55.747175599999998,0.958000004,0.101000004,20180409392350,793,0xa,0x4,21.5799999,26.2587967,0.0219944697,0.11284861,9.92381229e-06,30,1.07500005,3
793210400001234,46339327,2458217.895643767,58217.393275499999,19.2175369,0.0683801323,0,zr,226.83015660000001,55.747160399999999,0.874000013,-0.0399999991,20180409393264,793,0xa,0x4,21.6499996,26.2465134,0.0237371977,0.114675261,1.15028906e-05,30,1.07500005,1
793210400001234,46340252,2458217.9048912972,58217.402523099998,19.2532196,0.0702974275,0,zr,226.83018150000001,55.747163100000002,0.611000001,-0.00999999978,20180409402512,793,0xa,0x4,21.6499996,26.2501888,0.0244272761,0.114131078,1.21004359e-05,30,1.074,2
793210400001234,46343283,2458217.9352035681,58217.432835599997,19.1507893,0.0649315491,0,zr,226.83018720000001,55.747176699999997,1.13300002,0.0359999985,20180409432824,793,0xa,0x4,21.3799992,26.2579308,0.0228716042,0.114863731,1.06569523e-05,30,1.08599997,2
793210400001234,46345631,2458217.9586871881,58217.4563194,19.177887,0.0663101524,0,zr,226.83020379999999,55.747170099999998,0.973999977,-0.0729999989,20180409456308,793,0xa,0x4,21.3799992,26.2419987,0.0226493832,0.113049321,1.04303608e-05,30,1.11000001,2
793210400001234,46431603,2458218.8183911936,58218.316030100003,19.1934891,0.0671171397,0,zr,226.83016330000001,55.747172300000003,0.901000023,-0.0520000011,20180410316007,793,0xa,0x4,21.5900002,26.2040539,0.0235849489,0.114647165,1.1301926e-05,30,1.14900005,2
793210400001234,46434650,2458218.8488654569,58218.346504599998,19.1908188,0.0669783279,0,zr,226.83018860000001,55.747174299999998,0.779999971,0.0350000001,20180410346458,793,0xa,0x4,21.4799995,26.1974678,0.0232434161,0.112727746,1.12148673e-05,30,1.10300004,2
793210400001234,46434886,2458218.8512265394,58218.348865699998,19.2119942,0.0680869371,0,zr,226.8301716,55.747168500000001,0.261999995,0.0289999992,20180410348831,793,0xa,0x4,21.4899998,26.210619,0.0233440958,0.109985262,1.12104808e-05,30,1.10000002,3
793210400001234,46436836,2458218.8707287856,58218.368368099997,19.2150135,0.0682464913,0,zr,226.83020920000001,55.747152300000003,0.773000002,-0.0780000016,20180410368356,793,0xa,0x4,21.5300007,26.227663,0.0239170529,0.116734631,1.17544669e-05,30,1.08299994,2
793210400001234,46437069,2458218.8730550651,58218.370694400001,19.2182693,0.0684189349,0,zr,226.83018139999999,55.747192099999999,1.26600003,0.00499999989,20180410370660,793,0xa,0x4,21.5400009,26.2259064,0.0255279616,0.113502465,1.3449232e-05,30,1.08200002,3
793210400001234,46438379,2458218.8861568612,58218.383796299997,19.2359982,0.0693655759,0,zr,226.83017280000001,55.747185100000003,0.873000026,-0.0610000007,20180410383785,793,0xa,0x4,21.5599995,26.2376289,0.0275492594,0.111804746,1.56733131e-05,30,1.07599998,2
793210400001234,46440024,2458218.9026035266,58218.400243099997,19.3176842,0.0738951564,0,zr,226.83024090000001,55.747191600000001,0.493999988,0.0219999999,20180410400231,793,0xa,0x4,21.4899998,26.2273121,0.0258803926,0.11709293,1.39432386e-05,30,1.074,2
793210400001234,46444324,2458218.9456007741,58218.443240699999,19.2011433,0.0675166175,0,zr,226.83023979999999,55.747190500000002,1.14400005,-0.119000003,20180410443194,793,0xa,0x4,21.3099995,26.1898441,0.0259390995,0.11757277,1.38042606e-05,30,1.09800005,2
793210400001234,46446225,2458218.9646168184,58218.462256899998,19.3090515,0.0734032914,0,zr,226.83015140000001,55.747179199999998,0.805999994,0.128000006,20180410462257,793,0xa,0x4,21.1599998,26.1027012,0.0290520284,0.11681173,1.73600165e-05,30,1.12300003,2
793210400001234,46528829,2458219.7906515477,58219.288298599997,19.1684227,0.0658253729,0,zr,226.8302046,55.747167699999999,0.488999993,0.0810000002,20180411288275,793,0xa,0x4,21.0699997,26.0348682,0.0253290217,0.110163562,1.30861736e-05,30,1.20799994,2
793210400001234,46533151,2458219.8338687867,58219.3315162,19.2531376,0.0702930167,0,zr,226.8302123,55.747194899999997,1.01499999,0.00800000038,20180411331493,793,0xa,0x4,21.4099998,26.267601,0.0250116438,0.118624389,1.27362691e-05,30,1.11800003,2
793210400001234,46534043,2458219.8427923112,58219.340439799998,19.151722,0.0649785027,0,zr,226.83019110000001,55.747208700000002,0.864000022,-0.0160000008,20180411340405,793,0xa,0x4,21.3500004,26.2712822,0.0242146924,0.121246114,1.19397855e-05,30,1.10599995,2
793210400001234,46534140,2458219.843753003,58219.341400500001,19.2752171,0.0715055764,0,zr,226.8301874,55.747212400000002,0.307999998,-0.0599999987,20180411341366,793,0xa,0x4,21.2900009,26.2666721,0.0242863223,0.12717241,1.20316945e-05,30,1.10500002,3
793210400001234,46536981,2458219.8721670597,58219.369814799997,19.2653618,0.0709618405,0,zr,226.83024879999999,55.747205800000003,0.256000012,0.0209999997,20180411369815,793,0xa,0x4,21.1000004,26.2768879,0.0247392561,0.122058719,1.25747283e-05,30,1.08099997,2
793210400001234,46537260,2458219.8749564346,58219.372604199998,19.197197,0.0673103333,0,zr,226.83021249999999,55.747230899999998,0.72299999,0.00400000019,20180411372569,793,0xa,0x4,21.2299995,26.2757549,0.023424698,0.12114916,1.1246806e-05,30,1.079,3
793210400001234,46539556,2458219.8979191375,58219.3955671,19.1957741,0.0672361627,0,zr,226.83018419999999,55.747219800000003,0.50999999,0.074000001,20180411395567,793,0xa,0x4,21.0499992,26.2533798,0.0266385991,0.124934971,1.45168824e-05,30,1.074,2
793210400001234,46539649,2458219.8988451287,58219.396493100001,19.1878529,0.0668244958,0,zr,226.83019780000001,55.7472244,0.546000004,-0.023,20180411396481,793,0xa,0x4,21.1499996,26.2584648,0.0276923329,0.12621145,1.55873367e-05,30,1.074,2
793210400001234,46543936,2458219.9417150468,58219.439363400001,19.1059723,0.062714465,0,zr,226.83018089999999,55.747261399999999,0.483999997,-0.0930000022,20180411439329,793,0xa,0x4,20.5100002,25.9946594,0.0294283386,0.128096551,1.75820205e-05,30,1.097,2
793210400001234,46831503,2458222.8173584598,58222.315034699997,19.2019272,0.067557618,0,zr,226.8301433,55.7471569,0.546000004,-0.0299999993,20180414315000,793,0xa,0x4,20.9699993,26.2227688,0.0236974768,0.120881177,1.14131008e-05,30,1.13100004,2
793210400001234,46833635,2458222.8386777332,58222.336354200001,19.2158813,0.0682924166,0,zr,226.83020619999999,55.747216799999997,0.875,-0.00200000009,20180414336319,793,0xa,0x4,20.9699993,26.2327328,0.0249470808,0.113579057,1.27824769e-05,30,1.102,1
793210400001234,46835101,2458222.8533418835,58222.351018499998,19.2353935,0.0693331063,0,zr,226.8301457,55.747201099999998,1.15199995,0.0289999992,20180414351019,793,0xa,0x4,21.1399994,26.2342625,0.0229817722,0.117714733,1.08011272e-05,30,1.08800006,3
793210400001234,46835336,2458222.85569146,58222.353368099997,19.1319962,0.0639923811,0,zr,226.83015689999999,55.7471824,0.735000014,0.0140000004,20180414353322,793,0xa,0x4,21.1599998,26.2319965,0.02326327,0.11514879,1.10768988e-05,30,1.08599997,2
793210400001234,46837123,2458222.8735615718,58222.371238400003,19.1676407,0.0657854676,0,zr,226.83019920000001,55.747174899999997,1.12600005,-0.0829999968,20180414371204,793,0xa,0x4,21.0699997,26.2356167,0.0235886723,0.118974678,1.13487085e-05,30,1.07700002,1
793210400001234,46837215,2458222.8744759634,58222.372152800002,19.2653599,0.0709617138,0,zr,226.83020139999999,55.747163,0.559000015,0.0340000018,20180414372141,793,0xa,0x4,21.2199993,26.2352314,0.0232274961,0.121570744,1.10205883e-05,30,1.07599998,3
793210400001234,46837306,2458222.875390253,58222.373067100001,19.2026844,0.0675972775,0,zr,226.8301922,55.7471739,1.36899996,-0.0460000001,20180414373056,793,0xa,0x4,21.2399998,26.2336216,0.0232298896,0.116706267,1.10203373e-05,30,1.07599998,2
793210400001234,46839333,2458222.8956562369,58222.393333300002,19.1916618,0.0670221224,0,zr,226.83019730000001,55.747180899999996,0.893000007,0.00200000009,20180414393333,793,0xa,0x4,21.1599998,26.2296524,0.0239874907,0.126369834,1.17582977e-05,30,1.07500005,2
793210400001234,47031805,2458224.8203568282,58224.318055600001,19.1143875,0.0631248802,0,zr,226.8301524,55.747208700000002,0.996999979,-0.0130000003,20180416318009,793,0xa,0x4,20.5100002,25.7986202,0.0294086784,0.123741776,1.81138457e-05,30,1.11800003,2
793210400001234,47042168,2458224.9239897998,58224.421689800001,19.1278877,0.063788861,0,zr,226.83021249999999,55.747217900000003,0.828999996,-0.00400000019,20180416421678,793,0xa,0x4,20.9200001,26.1152496,0.0259418562,0.127347514,1.38515352e-05,30,1.09300005,2
793210400001234,47232167,2458226.823954381,58226.321678200002,19.1240234,0.0635981113,0,zr,226.8301921,55.747158300000002,0.43599999,0.0309999995,20180418321667,793,0xa,0x4,21.5799999,26.2390289,0.0227692276,0.114507988,1.05964245e-05,30,1.10599995,2
793210400001234,47234579,2458226.8480744692,58226.345798599999,19.1547737,0.0651324242,0,zr,226.8301592,55.747170500000003,1.38699996,-0.0560000017,20180418345764,793,0xa,0x4,21.6299992,26.2487926,0.0244986434,0.119226903,1.23039081e-05,30,1.08399999,2
793210400001234,47234861,2458226.8508869307,58226.348611100002,19.1342983,0.0641066805,0,zr,226.8301821,55.747186800000001,0.31400001,-0.0189999994,20180418348611,793,0xa,0x4,21.4599991,26.2423306,0.0239492897,0.113941073,1.18511953e-05,30,1.08200002,1
793210400001234,47235144,2458226.8537225956,58226.351446799999,19.2441082,0.0698029026,0,zr,226.83016129999999,55.747169599999999,0.467999995,-0.0329999998,20180418351400,793,0xa,0x4,21.5499992,26.2370052,0.0237499662,0.112026744,1.15733565e-05,30,1.08000004,3
793210400001234,47237331,2458226.8755857102,58226.373310199997,19.182642,0.0665550828,0,zr,226.83018509999999,55.747161699999999,1.34500003,-0.0820000023,20180418373299,793,0xa,0x4,21.4300003,26.2476425,0.0234151259,0.11753156,1.11603704e-05,30,1.074,2
793210400001234,47239032,2458226.8925993848,58226.390324100001,19.1865177,0.0667553544,0,zr,226.830175,55.747184599999997,0.368000001,-0.0240000002,20180418390289,793,0xa,0x4,21.3299999,26.2455425,0.0239183716,0.119856745,1.16601686e-05,30,1.07700002,3
793210400001234,47239127,2458226.8935483703,58226.391273100002,19.2395935,0.0695591345,0,zr,226.8301658,55.747206300000002,0.629000008,0.00800000038,20180418391250,793,0xa,0x4,21.3299999,26.2455559,0.0243422017,0.117247291,1.20234799e-05,30,1.07700002,1
793210400001234,47239318,2458226.8954581474,58226.393182899999,19.2053318,0.0677361786,0,zr,226.8301945,55.747171100000003,0.828999996,0.00800000038,20180418393137,793,0xa,0x4,21.2999992,26.2383442,0.0245419219,0.120312579,1.22468546e-05,30,1.07799995,2
793210400001234,47240120,2458226.903478839,58226.401203699999,19.2243996,0.0687447861,0,zr,226.83021310000001,55.747194399999998,0.869000018,0.0109999999,20180418401192,793,0xa,0x4,21.2399998,26.2413921,0.0245349612,0.120687157,1.23127929e-05,30,1.08200002,2
793210400001234,47243679,2458226.9390686662,58226.436794000001,19.2366943,0.0694030225,0,zr,226.83021059999999,55.747166399999998,0.828000009,-0.00600000005,20180418436759,793,0xa,0x4,21.4300003,26.2316246,0.0239597689,0.113487609,1.17653126e-05,30,1.11699998,2
793210400001234,47536962,2458229.8718629377,58229.369629599998,19.1912098,0.0669986457,0,zr,226.83017699999999,55.747145000000003,1.074,0.0170000009,20180421369618,793,0xa,0x4,21.5499992,26.2685394,0.0213699676,0.105126813,9.54084044e-06,30,1.074,3
793210400001234,47537106,2458229.8732981174,58229.371064799998,19.2324905,0.0691772997,0,zr,226.83015810000001,55.747136500000003,0.907000005,-0.0560000017,20180421371030,793,0xa,0x4,21.3899994,26.2687302,0.0225004144,0.110140771,1.04299088e-05,30,1.074,2
793210400001234,47538408,2458229.886318719,58229.384085600002,19.2174072,0.068373248,0,zr,226.83018519999999,55.747162099999997,0.912999988,-0.0719999969,20180421384074,793,0xa,0x4,21.3799992,26.2687187,0.0235287677,0.108639985,1.14084469e-05,30,1.07700002,2
793210400001234,47543674,2458229.9389800183,58229.436747699998,19.2148323,0.0682369098,0,zr,226.8302382,55.747171000000002,1.11399996,-0.050999999,20180421436713,793,0xa,0x4,21.2600002,26.2580967,0.0229119286,0.109357476,1.06910284e-05,30,1.13,2
793210400001234,47626743,2458230.7696502139,58230.267430599997,19.2091408,0.0679364651,32768,zr,226.83027340000001,55.747196799999998,0.731000006,0.0219999999,20180422267407,793,0xa,0x4,20.75,25.9130898,0.0608442724,0.0958468169,7.59467148e-05,30,1.18400002,3
793210400001234,47626840,2458230.7706224015,58230.2684028,19.0097275,0.0582109392,32768,zr,226.830184,55.747184400000002,0.499000013,0.0240000002,20180422268356,793,0xa,0x4,20.2299995,25.4648876,0.17504102,0.107719913,0.000632290787,30,1.18200004,2
793210400001234,47628214,2458230.7843605895,58230.282141199998,19.2747211,0.071478121,32768,zr,226.8301898,55.747232699999998,0.626999974,-0.352999985,20180422282106,793,0xa,0x4,19.7099991,24.8816471,0.179584205,0.0990062505,0.000753130531,30,1.15199995,2
793210400001234,47643362,2458230.9358397438,58230.433622700002,19.1881676,0.0668407977,0,zr,226.8301955,55.747175400000003,0.76700002,0.0520000011,20180422433588,793,0xa,0x4,21.0200005,26.0353069,0.0269547813,0.126174152,1.48136978e-05,30,1.12899995,2
793210400001234,47730509,2458231.8072958067,58231.3050926,19.2015343,0.0675370842,0,zr,226.83017369999999,55.747177800000003,0.379000008,-0.0450000018,20180423305023,793,0xa,0x4,21.2299995,26.2556629,0.0248821862,0.127083138,1.28044439e-05,30,1.11000001,2
793210400001234,47732606,2458231.8282676721,58231.3260648,19.2169685,0.0683499947,0,zr,226.830185,55.747188000000001,0.88499999,0.0780000016,20180423326053,793,0xa,0x4,20.9799995,26.2571583,0.0267327167,0.126016498,1.46680522e-05,30,1.08800006,2
793210400001234,47734773,2458231.8499340196,58231.347731499998,19.2896404,0.0723086447,0,zr,226.83025420000001,55.747240499999997,0.730000019,-0.0250000004,20180423347720,793,0xa,0x4,20.6900005,26.2597752,0.03047603,0.129363611,1.91347153e-05,30,1.07599998,3
793210400001234,47734864,2458231.8508483134,58231.348645799997,19.2102261,0.0679936856,0,zr,226.83005410000001,55.747179299999999,0.472000003,-0.0250000004,20180423348634,793,0xa,0x4,20.6499996,26.2594128,0.0283981133,0.127997234,1.65627935e-05,30,1.07599998,2
793210400001234,47737018,2458231.8723873603,58231.370185200001,19.0824986,0.0615840852,0,zr,226.8301927,55.747216399999999,1.06599998,-0.155000001,20180423370150,793,0xa,0x4,20.7600002,26.2618446,0.0298148263,0.130671993,1.8328381e-05,30,1.07500005,2
793210400001234,47836321,2458232.8654034054,58232.363217600003,19.3417606,0.0752838627,0,zr,226.83020010000001,55.747268800000001,1.23500001,-0.104000002,20180424363183,793,0xa,0x4,20.7800007,26.2147045,0.0325767137,0.124707587,2.15008331e-05,30,1.074,2
793210400001234,47836509,2458232.8672783771,58232.365092599997,19.2364426,0.0693894923,0,zr,226.83025380000001,55.747229500000003,0.257999986,-0.00300000003,20180424365069,793,0xa,0x4,20.6599998,26.1713314,0.03076916,0.126798317,1.93606338e-05,30,1.07500005,3
793210400001234,47836833,2458232.8705190211,58232.368333300001,19.1725407,0.0660358444,0,zr,226.83023829999999,55.7472505,0.76700002,0.0379999988,20180424368333,793,0xa,0x4,20.75,26.2385159,0.0304788463,0.130464375,1.90030551e-05,30,1.07500005,1
793210400001234,47839481,2458232.8970000749,58232.394814799998,19.1640778,0.0656039789,0,zr,226.83019809999999,55.747259900000003,0.711000025,-0.00499999989,20180424394792,793,0xa,0x4,20.8199997,26.2270584,0.0305514,0.124929331,1.90494611e-05,30,1.08899999,2
793210400001234,48830255,2458242.8045493923,58242.302557900002,19.191803,0.0670294315,0,zr,226.8301883,55.747161499999997,0.51700002,-0.0469999984,20180504302523,793,0xa,0x4,21.2900009,26.2703476,0.0236889608,0.113886632,1.19374881e-05,30,1.08299994,1
793210400001234,48830439,2458242.8063895502,58242.304398100001,19.2394295,0.0695502609,0,zr,226.83018369999999,55.747177200000003,0.254000008,0.0350000001,20180504304398,793,0xa,0x4,21.2700005,26.2539158,0.0243115742,0.113068528,1.24922617e-05,30,1.08200002,3
793210400001234,48830581,2458242.8078016196,58242.3058102,19.0691185,0.0609490946,0,zr,226.83023969999999,55.7471672,1.14999998,-0.075000003,20180504305799,793,0xa,0x4,21.3099995,26.275795,0.0228271093,0.112705387,1.10301771e-05,30,1.08099997,2
793210400001234,48832208,2458242.8240743601,58242.322083300001,19.0948563,0.0621766075,0,zr,226.83020529999999,55.7471605,0.601999998,0.0829999968,20180504322083,793,0xa,0x4,21.4599991,26.2695122,0.0255815256,0.113526426,1.38962032e-05,30,1.07500005,2
793210400001234,48835151,2458242.8535066033,58242.351516199997,19.1275826,0.0637737736,0,zr,226.8302252,55.747175300000002,0.722000003,0.0219999999,20180504351516,793,0xa,0x4,21.3400002,26.2722321,0.0253597535,0.111555919,1.34846086e-05,30,1.079,2
793210400001234,48928423,2458243.7862054911,58243.2842361,19.1898308,0.0669270381,0,zr,226.8302525,55.747195400000003,0.861000001,0.0209999997,20180505284190,793,0xa,0x4,21.3799992,26.2532787,0.0241053794,0.116521589,1.18988046e-05,30,1.09500003,3
793210400001234,48928518,2458243.787154573,58243.285185200002,19.2352333,0.0693244562,0,zr,226.8301621,55.7471636,0.861999989,0.0500000007,20180505285162,793,0xa,0x4,21.4500008,26.2676392,0.0235256311,0.110470541,1.13046972e-05,30,1.09500003,2
793210400001234,48930180,2458243.8037745962,58243.3018056,19.2168617,0.0683443174,0,zr,226.8301688,55.747178499999997,1.074,0.0820000023,20180505301782,793,0xa,0x4,21.4300003,26.2643299,0.0220564157,0.11153046,9.94414222e-06,30,1.08099997,2
793210400001234,48933023,2458243.8321998501,58243.330231499996,19.2541027,0.0703455582,0,zr,226.83023360000001,55.747185899999998,0.927999973,-0.0170000009,20180505330232,793,0xa,0x4,21.3099995,26.2635193,0.0252157841,0.113460071,1.29679602e-05,30,1.074,2
793210400001234,49030869,2458244.8106379067,58244.308692099999,19.1949005,0.0671906322,0,zr,226.83019469999999,55.747190400000001,0.927999973,-0.0560000017,20180506308681,793,0xa,0x4,21.5799999,26.235302,0.0279420912,0.110008366,1.59612646e-05,30,1.07700002,3
793210400001234,49224554,2458246.7474437305,58246.245543999998,19.2092552,0.0679425001,0,zr,226.83022059999999,55.747204699999998,0.995999992,-0.156000003,20180508245544,793,0xa,0x4,21.2099991,26.2426033,0.0258499142,0.12813215,1.35957398e-05,30,1.13800001,2
793210400001234,49225804,2458246.7599434308,58246.258044000002,19.2275925,0.0689151734,0,zr,226.83022690000001,55.7472128,0.782000005,0.0939999968,20180508258009,793,0xa,0x4,21.0699997,26.2459698,0.0272364747,0.125582606,1.5060531e-05,30,1.11800003,2
793210400001234,49225899,2458246.7608925058,58246.258993099997,19.233881,0.0692518651,0,zr,226.83012769999999,55.747236800000003,1.03799999,0.057,20180508258970,793,0xa,0x4,20.9200001,26.2482491,0.0285726879,0.129727066,1.65081274e-05,30,1.11600006,3
793210400001234,49239468,2458246.8965836056,58246.394687499997,19.1737614,0.0660983771,0,zr,226.8302281,55.747250999999999,0.893999994,-0.0340000018,20180508394664,793,0xa,0x4,20.8700008,26.2680721,0.0294564068,0.128199324,1.78547143e-05,30,1.13699996,2
793210400001234,49326140,2458247.7632753272,58247.2614005,19.220808,0.0685537383,0,zr,226.8301855,55.747200300000003,0.615999997,-0.0540000014,20180509261343,793,0xa,0x4,21.6700001,26.2585449,0.0293181613,0.11545562,1.78953906e-05,30,1.10899997,2
793210400001234,49328697,2458247.7888534009,58247.286979199998,19.1016636,0.0625054315,0,zr,226.83019200000001,55.747182799999997,0.871999979,0.0920000002,20180509286956,793,0xa,0x4,21.5,26.2526131,0.0262529608,0.122034185,1.42569006e-05,30,1.08399999,3
793210400001234,49328789,2458247.7897676788,58247.287893499997,19.2014446,0.0675323457,0,zr,226.83018329999999,55.747176799999998,1.18900001,-0.150000006,20180509287882,793,0xa,0x4,21.4699993,26.2522774,0.0257433206,0.124865443,1.370062e-05,30,1.08299994,2
793210400001234,49426829,2458248.7701482377,58248.2682986,19.1227627,0.063535966,0,zr,226.83022209999999,55.7471994,0.828000009,-0.0450000018,20180510268241,793,0xa,0x4,21.3600006,26.2495975,0.0257358812,0.12874639,1.36578274e-05,30,1.09800005,2
793210400001234,49428774,2458248.7895922447,58248.287743100002,19.2587662,0.0706001818,0,zr,226.8302746,55.747254699999999,1.18700004,0.0350000001,20180510287708,793,0xa,0x4,21.0400009,26.254467,0.0271474868,0.128406689,1.52499879e-05,30,1.08200002,2
793210400001234,49430476,2458248.8066172181,58248.304768499998,19.1857281,0.0667144656,0,zr,226.8303358,55.747238500000002,1.08599997,-0.0219999999,20180510304769,793,0xa,0x4,21.0100002,26.2545471,0.0265246946,0.128556222,1.45382155e-05,30,1.07500005,2
793210400001234,49430568,2458248.8075315957,58248.305682899998,19.1760063,0.0662135109,0,zr,226.8301735,55.747231399999997,1.11500001,-0.0280000009,20180510305683,793,0xa,0x4,21.0699997,26.2518425,0.0258190837,0.130875349,1.37536254e-05,30,1.074,3
793210400001234,49430659,2458248.808445869,58248.306597199997,19.2411785,0.0696446523,0,zr,226.83016079999999,55.747268400000003,0.70599997,-0.0590000004,20180510306597,793,0xa,0x4,21.0499992,26.2549381,0.0268688705,0.12842153,1.49484404e-05,30,1.074,1
793210400001234,49524796,2458249.7497876417,58249.247963000002,19.2018623,0.0675542578,0,zr,226.83025019999999,55.747283699999997,0.976999998,0.211999997,20180511247928,793,0xa,0x4,20.6599998,26.234314,0.0292625483,0.125478014,1.78933151e-05,30,1.12,2
793210400001234,49526677,2458249.7685949621,58249.266770800001,19.3842087,0.0777928904,0,zr,226.8304498,55.747292399999999,0.823000014,0.187999994,20180511266713,793,0xa,0x4,20.5699997,26.1425934,0.0337264948,0.128287598,2.79555825e-05,30,1.097,2
793210400001234,49528387,2458249.7857010225,58249.283877299997,19.1510334,0.0649437979,0,zr,226.8302133,55.747316099999999,0.943000019,0.358999997,20180511283854,793,0xa,0x4,20.4799995,26.2245903,0.0319263488,0.12168359,2.09653808e-05,30,1.08200002,3
793210400001234,49528619,2458249.7880157693,58249.2861921,19.089098,0.0618997626,0,zr,226.8303544,55.747255299999999,0.711000025,0.215000004,20180511286146,793,0xa,0x4,20.4099998,26.1837254,0.0312838368,0.128304213,2.00881204e-05,30,1.08099997,2
793210400001234,50036760,2458254.869290994,58254.367604200001,19.2481155,0.07002002,0,zr,226.83015119999999,55.7472013,0.356000006,-0.00200000009,20180516367593,793,0xa,0x4,21.6000004,26.2542019,0.0245131999,0.113554128,1.21401727e-05,30,1.12800002,2
793210400001234,50126812,2458255.7697863383,58255.268125000002,19.1375523,0.0642686263,0,zr,226.83019100000001,55.747188399999999,0.700999975,0.103,20180517268079,793,0xa,0x4,21.3199997,26.2460918,0.0245263688,0.123331033,1.24199187e-05,30,1.08200002,2
793210400001234,50128436,2458255.7860242729,58255.284363400002,19.2362194,0.0693774968,0,zr,226.8302587,55.7472408,0.833999991,-0.0599999987,20180517284352,793,0xa,0x4,21.2700005,26.2436314,0.026222745,0.127910569,1.42499639e-05,30,1.07500005,1
793210400001234,50128527,2458255.7869386501,58255.285277800001,19.1939163,0.0671393499,0,zr,226.83023249999999,55.747209499999997,0.75999999,-0.00300000003,20180517285266,793,0xa,0x4,21.2399998,26.2473774,0.0266612303,0.124004506,1.46634748e-05,30,1.07500005,2
793210400001234,50130246,2458255.8041256596,58255.302465300003,19.1765213,0.0662399456,0,zr,226.83026000000001,55.747228399999997,0.957000017,-0.0120000001,20180517302454,793,0xa,0x4,21.1700001,26.2430191,0.0292036142,0.129480541,1.75011064e-05,30,1.074,2
793210400001234,50130337,2458255.8050399311,58255.303379600002,19.2248688,0.06876982,0,zr,226.83025269999999,55.747250999999999,0.61500001,-0.0170000009,20180517303368,793,0xa,0x4,21.2999992,26.2403107,0.0334057212,0.124067873,2.28988411e-05,30,1.074,3
793210400001234,50226328,2458256.7649197951,58256.263287000002,19.2626228,0.0708114132,0,zr,226.83002200000001,55.747175599999998,1.13900006,-0.0529999994,20180518263252,793,0xa,0x4,20.8899994,26.2590408,0.0252439883,0.110984683,1.32474588e-05,30,1.08299994,2
793210400001234,50226420,2458256.7658341681,58256.264201400001,19.1969528,0.0672975779,0,zr,226.83019999999999,55.747196099999996,1.19700003,-0.0140000004,20180518264190,793,0xa,0x4,21.0400009,26.2644272,0.0223262962,0.106910206,1.03793845e-05,30,1.08299994,3
793210400001234,50324958,2458257.7511873958,58257.249583299999,19.2033405,0.067631714,0,zr,226.83018820000001,55.747196799999998,0.490999997,-0.0179999992,20180519249549,793,0xa,0x4,21.5,26.1978397,0.0247557685,0.116317935,1.27187914e-05,30,1.09200001,2
793210400001234,50325576,2458257.7573678144,58257.255763900001,19.2261066,0.0688358098,0,zr,226.83017129999999,55.747210699999997,1.45899999,0.128000006,20180519255718,793,0xa,0x4,21.3400002,26.2065945,0.0243899152,0.120027937,1.23150103e-05,30,1.08700001,2
793210400001234,50325667,2458257.7582820882,58257.256678199999,19.2557449,0.0704351515,0,zr,226.83015119999999,55.747202299999998,0.637000024,-0.0399999991,20180519256667,793,0xa,0x4,21.4300003,26.2092037,0.025130257,0.119415753,1.31270026e-05,30,1.08599997,3
793210400001234,50329003,2458257.7916376148,58257.290034700003,19.2224598,0.068641521,0,zr,226.83023460000001,55.747203200000001,0.713999987,0.0419999994,20180519290000,793,0xa,0x4,21.5100002,26.2109985,0.0285997838,0.122870304,1.68517927e-05,30,1.074,2
793210400001234,50329094,2458257.7925519864,58257.290949100003,19.1896248,0.0669163391,0,zr,226.83017820000001,55.747214800000002,0.714999974,-0.0489999987,20180519290949,793,0xa,0x4,21.4599991,26.216198,0.0255596805,0.120387763,1.3548598e-05,30,1.074,3
793210400001234,50330481,2458257.8064172831,58257.304814800002,19.1171722,0.063261278,0,zr,226.8302506,55.747187400000001,1.23500001,-0.0939999968,20180519304803,793,0xa,0x4,21.2099991,26.2098427,0.0275193565,0.127540588,1.56969163e-05,30,1.07599998,2
793210400001234,50332839,2458257.8299929905,58257.328391199997,19.2811832,0.0718367249,0,zr,226.8302194,55.747177899999997,0.828999996,0.00100000005,20180519328356,793,0xa,0x4,21.3500004,26.2087059,0.0244877096,0.128949836,1.23783284e-05,30,1.09000003,2
793210400001234,50336717,2458257.8687765403,58257.367175899999,19.2227001,0.068654336,0,zr,226.83024359999999,55.747214399999997,0.814999998,-0.057,20180519367153,793,0xa,0x4,21.2600002,26.2103024,0.0258236695,0.125216946,1.37926927e-05,30,1.14100003,2
793210400001234,50422510,2458258.7266795156,58258.225104199999,19.0888252,0.0618866757,0,zr,226.8301926,55.747202700000003,1.11199999,-0.112000003,20180520225069,793,0xa,0x4,21.4500008,26.1733112,0.0253414232,0.12182828,1.32095211e-05,30,1.11800003,2
793210400001234,50423931,2458258.7408919968,58258.2393171,19.1719398,0.0660050884,0,zr,226.83021020000001,55.747215400000002,0.981000006,-0.0260000005,20180520239282,793,0xa,0x4,21.3600006,26.1823673,0.0250229817,0.120007649,1.29590562e-05,30,1.10000002,2
793210400001234,50426331,2458258.7648843876,58258.263310200004,19.1527386,0.0650297478,0,zr,226.83023549999999,55.747226599999998,0.615999997,-0.00400000019,20180520263275,793,0xa,0x4,21.3299999,26.1882133,0.0261555258,0.12646088,1.41700184e-05,30,1.08000004,2
793210400001234,50426653,2458258.7681134888,58258.2665394,19.1080475,0.0628154203,0,zr,226.83017229999999,55.747255699999997,0.845000029,-0.074000001,20180520266505,793,0xa,0x4,21.2000008,26.1865654,0.026081996,0.130294621,1.40479642e-05,30,1.07799995,3
793210400001234,50426840,2458258.7699768376,58258.2684028,19.1398067,0.0643810406,0,zr,226.8301979,55.747220900000002,1.375,0.137999997,20180520268380,793,0xa,0x4,21.3299999,26.189291,0.0279115755,0.126111731,1.60833315e-05,30,1.07799995,1
793210400001234,50730415,2458261.8056371501,58261.304155099999,19.1852341,0.0666889399,0,zr,226.83015380000001,55.7473198,1.26699996,0.165999994,20180523304120,793,0xa,0x4,20.5499992,26.205883,0.0348481275,0.126726463,3.32966483e-05,30,1.08000004,2
793210400001234,50730506,2458261.8065514304,58261.305069399998,19.0840683,0.0616590343,0,zr,226.83033950000001,55.747255299999999,1.06700003,0.0820000023,20180523305058,793,0xa,0x4,20.6399994,26.2128181,0.0331005901,0.138654366,2.27881483e-05,30,1.08099997,1
793210400001234,50732282,2458261.824305573,58261.322824100003,19.1454105,0.0646613538,0,zr,226.83028830000001,55.747320299999998,0.716000021,0.0900000036,20180523322801,793,0xa,0x4,20.1900005,26.2310829,0.038452208,0.142412066,3.60483828e-05,30,1.09500003,2
793210400001234,50830719,2458262.8086500093,58262.307199100003,19.1726837,0.0660431683,0,zr,226.83023979999999,55.747223300000002,1.20000005,-0.116999999,20180524307188,793,0xa,0x4,20.75,26.2313423,0.0323304944,0.134051219,2.15959171e-05,30,1.08399999,2
793210400001234,50831957,2458262.8210223182,58262.319571799999,19.2195778,0.0684883967,0,zr,226.83026989999999,55.747252600000003,1.04499996,-0.0689999983,20180524319560,793,0xa,0x4,20.8299999,26.2341919,0.0333612971,0.126982212,2.30172936e-05,30,1.09399998,2
793210400001234,50835193,2458262.8533823993,58262.351932899997,19.2051926,0.0677288547,0,zr,226.83024689999999,55.747250000000001,0.574000001,-0.00300000003,20180524351921,793,0xa,0x4,20.7099991,26.2177715,0.0319502093,0.131385282,2.12284831e-05,30,1.13800001,2
793210400001234,50939305,2458263.8944723457,58263.393055599998,19.4455376,0.081556946,0,zr,226.83023299999999,55.747292700000003,1.20500004,-0.0109999999,20180525393021,793,0xa,0x4,20.2399998,26.2560463,0.0335890464,0.13133426,2.30923724e-05,30,1.24600005,2
793210400001234,51226520,2458266.7665328467,58266.265208299999,19.2054596,0.0677428693,0,zr,226.83007989999999,55.747199799999997,0.312999994,-0.0250000004,20180528265185,793,0xa,0x4,20.6100006,26.2320995,0.0277001895,0.123230211,1.56868919e-05,30,1.074,2
793210400001234,51226612,2458266.7674472202,58266.266122699999,19.2079487,0.0678737164,0,zr,226.8301644,55.747182100000003,1.36000001,-0.209999993,20180528266123,793,0xa,0x4,20.5799999,26.2425861,0.0296466891,0.116846733,1.79022663e-05,30,1.074,1
793210400001234,51228322,2458266.7845531679,58266.283229200002,19.2452507,0.0698647574,0,zr,226.83013149999999,55.747115000000001,1.32099998,-0.00499999989,20180528283229,793,0xa,0x4,20.2999992,26.2428627,0.0329902135,0.115753375,2.219206e-05,30,1.07700002,2
793210400001234,51229980,2458266.8011266189,58266.299803200003,19.1207275,0.0634358227,0,zr,226.83022740000001,55.747210699999997,0.783999979,-0.119999997,20180528299769,793,0xa,0x4,20.5300007,26.230463,0.028159434,0.132805824,1.61866792e-05,30,1.08599997,2
793210400001234,51330645,2458267.8077487387,58267.306458300001,19.1998215,0.0674474537,0,zr,226.83024359999999,55.747186800000001,0.523999989,-0.0540000014,20180529306424,793,0xa,0x4,20.6000004,26.2504807,0.0294944793,0.120656051,1.78769078e-05,30,1.09500003,2
793210400001234,51520032,2458269.7015516222,58269.200324099998,19.1799908,0.0664184093,0,zr,226.8302333,55.747225100000001,0.899999976,0.0900000036,20180531200278,793,0xa,0x4,20.9599991,26.2636261,0.0300275031,0.126054853,1.83903267e-05,30,1.11099994,1
793210400001234,51520129,2458269.702523794,58269.201296300002,19.1313744,0.0639615208,0,zr,226.8301792,55.747171100000003,1.23599994,-0.0869999975,20180531201250,793,0xa,0x4,20.9300003,26.2510643,0.0270218886,0.1228211,1.49619573e-05,30,1.10899997,2
793210400001234,51534995,2458269.8511762014,58269.349953700003,19.2286568,0.0689720586,32768,zr,226.83017950000001,55.747186399999997,0.589999974,-0.0219999999,20180531349954,793,0xa,0x4,20.1900005,26.0283489,0.0359830372,0.103342734,2.63587008e-05,30,1.17299998,2
793210400001234,51536501,2458269.8662335901,58269.365011599999,19.093935,0.0621322133,0,zr,226.8300787,55.747162899999999,0.661000013,-0.120999999,20180531364977,793,0xa,0x4,20.6299992,26.2708015,0.0251601208,0.0967732891,1.2873139e-05,30,1.21099997,2
793210400001234,51631177,2458270.8129609097,58270.311770799999,19.2808342,0.0718173012,0,zr,226.83023549999999,55.747187599999997,0.855000019,-0.120999999,20180601311736,793,0xa,0x4,21.0200005,26.2435188,0.0227375217,0.111639306,1.05867148e-05,30,1.11000001,2
793210400001234,51632979,2458270.8309811964,58270.329791700002,19.1533127,0.0650586635,0,zr,226.83021969999999,55.747170300000001,0.800000012,-0.074000001,20180601329780,793,0xa,0x4,20.9500008,26.232111,0.0254251715,0.105773516,1.32391333e-05,30,1.13800001,2
793210400001234,51634649,2458270.8476820211,58270.346493099998,19.3512726,0.0758393183,0,zr,226.83016169999999,55.747206900000002,0.598999977,-0.050999999,20180601346481,793,0xa,0x4,20.7600002,26.2429752,0.0269687381,0.0920397714,1.47625551e-05,30,1.17200005,2
793210400001234,51717055,2458271.6717165313,58271.170555600002,19.1080914,0.0628175735,0,zr,226.8300519,55.7472426,0.850000024,-0.0270000007,20180602170498,793,0xa,0x4,20.7399998,26.2517471,0.0251972452,0.0860514268,1.30137159e-05,30,1.14999998,2
793210400001234,51828328,2458272.7844098704,58272.283286999998,19.1684017,0.0658242702,0,zr,226.83021020000001,55.7471684,0.893999994,-0.00999999978,20180603283241,793,0xa,0x4,21.3600006,26.237133,0.0265443455,0.116620786,1.46628954e-05,30,1.08599997,1
793210400001234,51828700,2458272.7881250405,58272.2870023,19.1873722,0.0667996109,0,zr,226.8302295,55.747189499999998,0.764999986,0.0419999994,20180603286991,793,0xa,0x4,21.4500008,26.2320995,0.0240393169,0.113907017,1.21511785e-05,30,1.08899999,2
793210400001234,51830008,2458272.8012032891,58272.300081000001,19.2104149,0.0680036172,0,zr,226.83018329999999,55.747177000000001,0.828999996,-0.00700000022,20180603300069,793,0xa,0x4,21.4500008,26.2461224,0.0267032124,0.110589489,1.48781655e-05,30,1.102,2
793210400001234,51832050,2458272.8216308816,58272.3205093,19.2039814,0.0676652789,0,zr,226.8302161,55.747182799999997,0.583999991,0.00100000005,20180603320509,793,0xa,0x4,21.4099998,26.2377071,0.0254257526,0.113004528,1.36248291e-05,30,1.13100004,2
793210400001234,51932559,2458273.8266771799,58273.325590300003,19.2239189,0.0687192008,0,zr,226.83020160000001,55.747165699999996,0.588,-0.0170000009,20180604325556,793,0xa,0x4,21.6299992,26.2656479,0.0237753373,0.112602428,1.19286433e-05,30,1.14499998,2
793210400001234,51934579,2458273.8468847708,58273.345798599999,19.2129135,0.0681354627,0,zr,226.83020400000001,55.747180800000002,1.02999997,-0.0979999974,20180604345799,793,0xa,0x4,21.4799995,26.2616653,0.0237336513,0.107538998,1.166929e-05,30,1.18900001,2
793210400001234,51936822,2458273.8693145839,58273.368229200001,19.2565937,0.0704814792,0,zr,226.83016979999999,55.7471672,0.644999981,0.0469999984,20180604368229,793,0xa,0x4,21.3899994,26.254303,0.0226845481,0.11101798,1.0498914e-05,30,1.25399995,2
793210400001234,52030638,2458274.8074416686,58274.306388899997,19.2567425,0.0704896152,0,zr,226.8301821,55.747157399999999,0.726000011,0.0149999997,20180605306354,793,0xa,0x4,21.7900009,26.2734127,0.021620702,0.109195128,9.84876806e-06,30,1.11800003,2
793210400001234,52032142,2458274.8224758389,58274.321423599999,19.1981182,0.0673584417,0,zr,226.83022120000001,55.747171999999999,0.328999996,-0.0120000001,20180605321389,793,0xa,0x4,21.4500008,26.2708797,0.0207079481,0.110564366,8.9963205e-06,30,1.14199996,2
793210400001234,52136516,2458275.866177645,58275.365162000002,19.2074127,0.0678455681,0,zr,226.83017810000001,55.747154999999999,0.632000029,0.0489999987,20180606365139,793,0xa,0x4,21.2800007,26.2651424,0.0222468656,0.102353588,1.03259317e-05,30,1.26199996,2
793210400001234,52228608,2458276.7870711782,58276.286088000001,19.2332973,0.0692205206,0,zr,226.8301477,55.747173199999999,0.728999972,-0.0280000009,20180607286088,793,0xa,0x4,21.7199993,26.2767467,0.0236243345,0.103618331,1.12895141e-05,30,1.09800005,2
793210400001234,52230256,2458276.8035519891,58276.302569400003,19.1585312,0.0653224513,0,zr,226.83016470000001,55.747196199999998,1.24399996,-0.0130000003,20180607302569,793,0xa,0x4,21.5699997,26.2660294,0.0210013781,0.106986359,9.0407184e-06,30,1.12,2
793210400001234,52230355,2458276.8045357559,58276.303553199999,19.1705284,0.0659328923,0,zr,226.83017749999999,55.747181599999998,1.13100004,-0.115000002,20180607303507,793,0xa,0x4,21.6599998,26.2819881,0.0231526103,0.10116259,1.09510474e-05,30,1.12100005,1
793210400001234,52326782,2458277.7687724279,58277.267824100003,19.2028313,0.0676050335,0,zr,226.830174,55.747163,1.17200005,0.0289999992,20180608267812,793,0xa,0x4,21.8600006,26.228693,0.0250315145,0.115836479,1.29154269e-05,30,1.08399999,2
793210400001234,52328218,2458277.783135314,58277.282187500001,19.1895065,0.0669102222,0,zr,226.83020149999999,55.7471715,0.593999982,-0.00400000019,20180608282037,793,0xa,0x4,21.8500004,26.2370358,0.0256997366,0.112133093,1.34049733e-05,30,1.097,2
793210400001234,52426019,2458278.7611096781,58278.260196800002,19.1980705,0.0673559457,0,zr,226.83021840000001,55.747173099999998,0.643999994,-0.00899999961,20180609260185,793,0xa,0x4,21.7800007,26.2470093,0.0225957762,0.113066062,1.05353447e-05,30,1.08099997,2
793210400001234,52428638,2458278.7873008358,58278.2863889,19.1495399,0.064868696,0,zr,226.8301726,55.747156599999997,0.878000021,-0.0350000001,20180609286366,793,0xa,0x4,21.4899998,26.2404366,0.0219385996,0.116019689,9.96315703e-06,30,1.10500002,2
793210400001234,52524888,2458279.7497662492,58279.248888900001,19.1850815,0.0666810572,0,zr,226.83015180000001,55.7471721,0.899999976,0.061999999,20180610248877,793,0xa,0x4,21.7700005,26.2691345,0.0243892986,0.108546205,1.22032061e-05,30,1.07700002,2
793210400001234,52526409,2458279.7649739999,58279.264097200001,19.2350941,0.0693170279,0,zr,226.8301726,55.747175800000001,0.651000023,0.0900000036,20180610264097,793,0xa,0x4,21.7600002,26.2600708,0.0220624655,0.108982824,9.96364088e-06,30,1.08599997,1
793210400001234,52526501,2458279.7658883678,58279.2650116,19.1868267,0.0667713434,0,zr,226.830198,55.7471727,0.713,-0.0370000005,20180610265012,793,0xa,0x4,21.7000008,26.2608585,0.0220654923,0.105265789,9.88983356e-06,30,1.08599997,2
793210400001234,52528770,2458279.788584244,58279.287708299998,19.2180901,0.0684094504,0,zr,226.83013299999999,55.747175599999998,1.19799995,0.0529999994,20180610287685,793,0xa,0x4,21.6299992,26.2480659,0.0222004168,0.107989505,1.01325286e-05,30,1.11000001,2
793210400001234,52619315,2458280.6940029277,58280.1931597,19.2722759,0.0713428929,0,zr,226.8301448,55.7471757,1.33299994,0.00800000038,20180611193113,793,0xa,0x4,21.5599995,26.2573338,0.0228028707,0.110588089,1.06906182e-05,30,1.08599997,2
793210400001234,52630281,2458280.8036517487,58280.302812499998,19.207283,0.0678387284,0,zr,226.8301582,55.747169,0.465999991,0.0250000004,20180611302766,793,0xa,0x4,21.8299999,26.2714767,0.0238311086,0.110410474,1.1641293e-05,30,1.13800001,2
793210400001234,52632158,2458280.8224241626,58280.321585600002,19.204443,0.0676895604,0,zr,226.8301821,55.747166999999997,1.37,-0.167999998,20180611321551,793,0xa,0x4,21.6700001,26.2666035,0.0221979022,0.111604869,1.00262605e-05,30,1.17700005,2
793210400001234,52720710,2458281.7079129051,58281.207106499998,19.2291813,0.0690001026,0,zr,226.8301696,55.747169700000001,0.583000004,-0.0460000001,20180612207095,793,0xa,0x4,21.7600002,26.2526531,0.0259150323,0.116137244,1.38792857e-05,30,1.07700002,2
793210400001234,52722295,2458281.7237572297,58281.222951399999,19.2275448,0.0689126179,0,zr,226.8301634,55.7471636,0.711000025,-0.0450000018,20180612222940,793,0xa,0x4,21.8400002,26.2640114,0.0249488242,0.1136989,1.28447227e-05,30,1.07299995,2
793210400001234,52732574,2458281.8265427682,58281.325740699998,19.2620354,0.0707792491,0,zr,226.830217,55.747154700000003,0.866999984,0.0520000011,20180612325741,793,0xa,0x4,21.5300007,26.2424908,0.0223122481,0.114252724,1.02389295e-05,30,1.19400001,2
793210400001234,52820841,2458282.7091842545,58282.208414399996,19.1768093,0.0662547648,0,zr,226.83019300000001,55.747176400000001,0.978999972,-0.050999999,20180613208380,793,0xa,0x4,21.6700001,26.2634487,0.02503879,0.112438858,1.29399205e-05,30,1.07500005,2
793210400001234,52822633,2458282.727100201,58282.226330999998,19.164341,0.0656173825,0,zr,226.83020619999999,55.747165799999998,0.662999988,0.0450000018,20180613226285,793,0xa,0x4,21.6900005,26.2700043,0.0228142794,0.109222673,1.07219848e-05,30,1.07299995,1
793210400001234,52822724,2458282.7280145665,58282.227245399998,19.1774025,0.0662852153,0,zr,226.83016749999999,55.747168100000003,0.463999987,-0.0280000009,20180613227234,793,0xa,0x4,21.6499996,26.2600594,0.0216353163,0.114755228,9.66468542e-06,30,1.07299995,2
793210400001234,52830844,2458282.8092152802,58282.308449099997,19.2019157,0.0675570592,0,zr,226.83027010000001,55.747198500000003,0.69599998,-0.0979999974,20180613308438,793,0xa,0x4,21.3899994,26.1645603,0.0225085858,0.112404138,1.05292775e-05,30,1.15999997,2
793210400001234,52922280,2458283.723533554,58283.222800900003,19.1946888,0.0671795756,0,zr,226.83022500000001,55.747170199999999,0.481999993,-0.0120000001,20180614222801,793,0xa,0x4,21.6399994,26.2738552,0.0245225374,0.111533992,1.2338056e-05,30,1.07299995,2
793210400001234,52932388,2458283.8246178147,58283.323888899999,19.2757645,0.0715358853,0,zr,226.83021210000001,55.747177200000003,0.497000009,-0.0670000017,20180614323808,793,0xa,0x4,21.7199993,26.2738056,0.0229080971,0.110088453,1.07066362e-05,30,1.20299995,2
793210400001234,52934363,2458283.8443624764,58283.343634299999,19.2144356,0.0682159141,0,zr,226.83014360000001,55.747192800000001,0.717000008,0.0250000004,20180614343623,793,0xa,0x4,21.5499992,26.273468,0.0207586177,0.106719032,8.84598194e-06,30,1.26300001,2
793210400001234,53019401,2458284.6947130784,58284.194016200003,19.188652,0.0668658912,0,zr,226.8301869,55.747157299999998,0.930999994,0.0729999989,20180615194016,793,0xa,0x4,21.5699997,26.1998882,0.0228276569,0.112525769,1.07211808e-05,30,1.07799995,2
793210400001234,53028624,2458284.7869434641,58284.286249999997,19.234869,0.0693049282,0,zr,226.83013819999999,55.747172999999997,0.370000005,0.0120000001,20180615286227,793,0xa,0x4,21.6200008,26.240015,0.0239170138,0.112820111,1.1663632e-05,30,1.12800002,2
793210400001234,53029938,2458284.8000795757,58284.299386600003,19.1560783,0.0651983172,0,zr,226.8301596,55.747172900000002,0.657000005,-0.023,20180615299363,793,0xa,0x4,21.5799999,26.2473297,0.0219527502,0.106292978,9.82912752e-06,30,1.15199995,2
793210400001234,53130552,2458285.8061765521,58285.305520800001,19.2186337,0.0684382915,0,zr,226.830172,55.747168500000001,1.08899999,-0.140000001,20180616305486,793,0xa,0x4,21.7199993,26.2439728,0.0222901944,0.114424825,1.02905205e-05,30,1.171,2
793210400001234,53229063,2458286.7912557805,58286.290636600002,19.2268047,0.0688731,0,zr,226.83015159999999,55.747167400000002,0.488999993,0.00700000022,20180617290637,793,0xa,0x4,21.5799999,26.2728271,0.0207961854,0.106710583,8.81075448e-06,30,1.14600003,2
793210400001234,53230358,2458286.8042066973,58286.303588000002,19.2924881,0.0724682435,0,zr,226.83017359999999,55.747141599999999,0.977999985,-0.00800000038,20180617303576,793,0xa,0x4,21.5900002,26.2744522,0.0212001316,0.101186849,9.19239119e-06,30,1.17299998,2
793210400001234,53232284,2458286.8234651703,58286.322847199997,19.1910706,0.0669913962,0,zr,226.83019200000001,55.747177100000002,1.23300004,-0.0579999983,20180617322847,793,0xa,0x4,21.4400005,26.2720146,0.021432979,0.102023289,9.46055934e-06,30,1.22300005,2
793210400001234,53325984,2458287.7604325865,58287.259849499998,19.2361298,0.0693726391,0,zr,226.83017340000001,55.747173600000004,0.526000023,-0.0370000005,20180618259815,793,0xa,0x4,21.7399998,26.2645302,0.0228184331,0.116393916,1.06602829e-05,30,1.102,2
793210400001234,53328864,2458287.7892278065,58287.288645799999,19.2370281,0.0694209784,0,zr,226.8301678,55.747146000000001,0.56099999,-0.00600000005,20180618288611,793,0xa,0x4,21.5900002,26.2672138,0.0222260151,0.107958913,1.01206897e-05,30,1.14699996,2
793210400001234,53330288,2458287.8034633691,58287.302881900003,19.2145863,0.0682238564,0,zr,226.83017459999999,55.747163,1.11300004,-0.0430000015,20180618302882,793,0xa,0x4,21.6399994,26.2598305,0.0210693274,0.111293323,9.08310449e-06,30,1.17799997,2
793210400001234,53423947,2458288.7400256936,58288.239479199998,19.223856,0.0687158331,0,zr,226.8301716,55.747165799999998,1.10699999,-0.0890000015,20180619239479,793,0xa,0x4,21.6100006,26.2674942,0.0260699727,0.11374341,1.38778987e-05,30,1.08500004,2
793210400001234,53426667,2458288.767223672,58288.266678200001,19.26054,0.0706972703,0,zr,226.83018029999999,55.7471532,0.542999983,0.0469999984,20180619266667,793,0xa,0x4,21.7099991,26.2881508,0.0239665695,0.110633485,1.18847447e-05,30,1.11500001,1
793210400001234,53426759,2458288.7681380389,58288.267592600001,19.1407967,0.0644304305,0,zr,226.83021339999999,55.7471514,0.140000001,-0.0120000001,20180619267581,793,0xa,0x4,21.7199993,26.282526,0.0223322753,0.109133527,1.03125267e-05,30,1.11600006,2
793210400001234,53427917,2458288.7797232005,58288.279178199999,19.15522,0.0651549399,0,zr,226.83020250000001,55.747171199999997,0.515999973,-0.0170000009,20180619279144,793,0xa,0x4,21.7299995,26.2589111,0.0293830093,0.11717575,1.7675311e-05,30,1.13499999,2
793210400001234,53522907,2458289.729583513,58289.229074100003,19.1693115,0.0658707023,0,zr,226.83014180000001,55.747327300000002,1.13900006,-0.0829999968,20180620229039,793,0xa,0x4,20.7000008,26.2355309,0.0265034344,0.125742421,1.43107472e-05,30,1.08000004,2
793210400001234,53523656,2458289.7370716436,58289.236562500002,19.2635269,0.0708610639,0,zr,226.83018509999999,55.747192200000001,0.603999972,0.0649999976,20180620236528,793,0xa,0x4,21.2199993,26.2476387,0.0275464561,0.116602272,1.54984973e-05,30,1.08500004,2
793210400001234,53525579,2458289.7563070226,58289.255798600003,19.1644783,0.0656243563,0,zr,226.83019669999999,55.747152100000001,1.153,0.0280000009,20180620255764,793,0xa,0x4,21.2600002,26.2437248,0.0232604146,0.116047546,1.10477467e-05,30,1.10399997,2
793210400001234,53625891,2458290.7593827522,58290.258911999998,19.1659622,0.0656999126,0,zr,226.8302195,55.7472031,0.625,-0.050999999,20180621258889,793,0xa,0x4,21.3199997,26.2295723,0.0275598653,0.114785723,1.55398229e-05,30,1.11099994,2
793210400001234,53634288,2458290.8433494614,58290.342881899996,19.2151012,0.0682510957,0,zr,226.83018530000001,55.747185199999997,0.796999991,0.0500000007,20180621342882,793,0xa,0x4,21.4200001,26.2154465,0.0220373087,0.114284448,9.91350043e-06,30,1.33299994,2
793210400001234,53724571,2458291.7461512233,58291.245717600003,19.2840042,0.0719937906,0,zr,226.83023009999999,55.747200499999998,0.73299998,-0.0829999968,20180622245683,793,0xa,0x4,21.0400009,26.238308,0.0238021053,0.120968491,1.15396306e-05,30,1.09800005,2
793210400001234,53726315,2458291.7635926646,58291.2631597,19.1288319,0.0638355613,0,zr,226.83022579999999,55.747169499999998,0.81400001,-0.103,20180622263125,793,0xa,0x4,21.1800003,26.2482662,0.0247516688,0.116247445,1.25231636e-05,30,1.12100005,2
793210400001234,53726456,2458291.7649931102,58291.264560199998,19.2639084,0.0708820149,0,zr,226.83017709999999,55.747167599999997,0.662,0.104000002,20180622264514,793,0xa,0x4,21.2199993,26.256197,0.0224212781,0.119031779,1.02461454e-05,30,1.12300003,1
793210400001234,53727901,2458291.7794485674,58291.279016200002,19.2740173,0.0714391917,0,zr,226.8302789,55.747134500000001,0.526000023,0.0590000004,20180622278981,793,0xa,0x4,21.2199993,26.2542706,0.0227728952,0.11439281,1.06607195e-05,30,1.14900005,2
793210400001234,53824518,2458292.745581144,58292.245185200001,19.2401924,0.0695913956,0,zr,226.83013729999999,55.747190699999997,0.677999973,0.125,20180623245139,793,0xa,0x4,21.1000004,26.2546062,0.0253826659,0.1173869,1.30682938e-05,30,1.10099995,2
793210400001234,53825854,2458292.7589371409,58292.258541700001,19.2733879,0.0714043751,0,zr,226.83018720000001,55.747161300000002,1.03799999,0.0469999984,20180623258542,793,0xa,0x4,21.1599998,26.259779,0.0221724957,0.117076375,1.00113666e-05,30,1.11800003,2
793210400001234,53829884,2458292.7992365058,58292.298842600001,19.1775513,0.0662928671,0,zr,226.8302099,55.747185700000003,1.01400006,-0.119000003,20180623298773,793,0xa,0x4,21.1800003,26.2569561,0.0271017868,0.11856585,1.54449281e-05,30,1.20099998,2
793210400001234,53924517,2458293.7455317886,58293.2451736,19.1876125,0.0668120235,0,zr,226.8301433,55.747192400000003,0.850000024,-0.115999997,20180624245162,793,0xa,0x4,20.9799995,26.2609673,0.0259813517,0.11520125,1.38026326e-05,30,1.10399997,2
793210400001234,53926457,2458293.764929255,58293.264571799999,19.1808128,0.0664607212,0,zr,226.8301998,55.747164900000001,1.26300001,-0.0879999995,20180624264572,793,0xa,0x4,21.1499996,26.2631035,0.0224838629,0.112507902,1.05111176e-05,30,1.13199997,2
793210400001234,53928798,2458293.7883426617,58293.287986099996,19.1985302,0.0673799738,0,zr,226.8302205,55.747187500000003,0.335999995,-0.0390000008,20180624287986,793,0xa,0x4,20.8799992,26.2637844,0.0239949282,0.112678684,1.18537137e-05,30,1.17999995,2
793210400001234,54024137,2458294.7416978343,58294.241377300001,19.3227406,0.0741847828,0,zr,226.830217,55.7471581,0.351999998,-0.0350000001,20180625241354,793,0xa,0x4,21.2399998,26.2774448,0.0259114858,0.107199147,1.38843016e-05,30,1.10300004,1
793210400001234,54024329,2458294.7436190592,58294.243298599999,19.1990376,0.0674064532,0,zr,226.83018509999999,55.747166300000004,0.737999976,0.0289999992,20180625243299,793,0xa,0x4,21.1700001,26.2717247,0.0266281515,0.114198521,1.47304318e-05,30,1.10500002,2
793210400001234,54026491,2458294.7652386357,58294.264919000001,19.2225704,0.0686474219,0,zr,226.83026580000001,55.747207699999997,0.57099998,0.00999999978,20180625264919,793,0xa,0x4,20.9400005,26.2589149,0.0242846031,0.118374199,1.20208642e-05,30,1.13800001,2
793210400001234,54027961,2458294.7799371751,58294.279618100001,19.2792053,0.0717267916,0,zr,226.8302257,55.747185399999999,1.34800005,-0.0289999992,20180625279595,793,0xa,0x4,21.0799999,26.2565479,0.0253462344,0.119632222,1.31372153e-05,30,1.16700006,2
793210400001234,54124697,2458295.7472616793,58295.246979199997,19.2204418,0.0685342178,0,zr,226.83027870000001,55.747173600000004,0.855000019,0.0170000009,20180626246956,793,0xa,0x4,21.0799999,26.254425,0.0250584595,0.113988258,1.28155216e-05,30,1.11300004,2
793210400001234,54128092,2458295.7812070837,58295.280925899999,19.2230892,0.0686750188,0,zr,226.83025230000001,55.747155499999998,0.958000004,0.0179999992,20180626280926,793,0xa,0x4,20.9400005,26.2410393,0.0251949243,0.112530276,1.29734754e-05,30,1.17700005,2
793210400001234,54130982,2458295.810106473,58295.3098264,19.1632061,0.0655596703,0,zr,226.83016739999999,55.747162799999998,0.671000004,0.0219999999,20180626309803,793,0xa,0x4,20.8099995,26.2410774,0.0237573236,0.106621698,1.16325946e-05,30,1.25899994,2
793210400001234,54224605,2458296.746297841,58296.246053199997,19.24119,0.069645226,0,zr,226.8302008,55.747161400000003,0.414999992,-0.0199999996,20180627246030,793,0xa,0x4,20.9699993,26.2646389,0.0258950442,0.102778576,1.38279856e-05,30,1.11600006,2
793210400001234,54228118,2458296.781423897,58296.281180600003,19.2178135,0.0683948025,0,zr,226.83020210000001,55.747183800000002,0.533999979,0.0689999983,20180627281157,793,0xa,0x4,20.9599991,26.2372341,0.0245146435,0.112165101,1.22832225e-05,30,1.18400002,2
793210400001234,54328099,2458297.7812008169,58297.280995399997,19.235363,0.0693314448,0,zr,226.83020200000001,55.747127300000002,0.749000013,-0.0280000009,20180628280972,793,0xa,0x4,20.5300007,26.239397,0.0261867829,0.119201325,1.39432514e-05,30,1.19000006,2
793210400001234,54330092,2458297.8011305491,58297.300925900003,19.3477287,0.0756319016,0,zr,226.83019100000001,55.7471739,0.42899999,-0.0879999995,20180628300903,793,0xa,0x4,20.4799995,26.2407055,0.0292573236,0.117750473,1.75068908e-05,30,1.24800003,1
793210400001234,54330185,2458297.8020565151,58297.301851900003,19.1475563,0.0647690147,0,zr,226.8302042,55.747158399999996,0.483999997,0.0769999996,20180628301840,793,0xa,0x4,20.4200001,26.2316513,0.027168965,0.118546464,1.50933392e-05,30,1.25100005,2
793210400001234,54331986,2458297.8200650201,58297.319861099997,19.1510525,0.0649447665,0,zr,226.83024,55.747223499999997,1.18900001,-0.0329999998,20180628319838,793,0xa,0x4,20.4500008,26.2210331,0.0308228824,0.121444173,1.96920973e-05,30,1.31599998,2
793210400001234,54426224,2458298.7624136326,58298.262245400001,19.1875839,0.0668105334,0,zr,226.8302253,55.747172200000001,0.846000016,-0.103,20180629262234,793,0xa,0x4,20.9300003,26.2268925,0.0266633704,0.114228614,1.45840186e-05,30,1.153,2
793210400001234,54428515,2458298.7853178508,58298.2851505,19.3658028,0.0766953826,0,zr,226.83019329999999,55.747223400000003,0.841000021,-0.112000003,20180629285116,793,0xa,0x4,20.5900002,26.2289886,0.0256615262,0.120653898,1.35401679e-05,30,1.20799994,2
793210400001234,54430750,2458298.8076664992,58298.307500000003,19.3194942,0.0739987493,0,zr,226.8303196,55.747213899999998,0.202000007,-0.0160000008,20180629307419,793,0xa,0x4,20.4200001,26.2155609,0.0293895714,0.123214744,1.76465255e-05,30,1.27900004,2
793210400001234,54632380,2458300.8238979839,58300.3238079,19.2567673,0.0704909191,0,zr,226.83016989999999,55.747159199999999,1.07700002,0,20180701323808,793,0xa,0x4,20.8500004,26.1402569,0.0261055958,0.119869173,1.41307282e-05,30,1.36899996,2
793210400001234,54634825,2458300.8483414436,58300.348252299998,19.2450562,0.0698541775,0,zr,226.83018799999999,55.747165099999997,0.808000028,0.0890000015,20180701348229,793,0xa,0x4,20.8500004,26.1384583,0.0290618315,0.111517765,1.73509288e-05,30,1.5,2
793210400001234,54830752,2458302.8075381038,58302.307523099997,19.1194038,0.0633707941,0,zr,226.83018899999999,55.747255299999999,0.418000013,-0.0719999969,20180703307500,793,0xa,0x4,20.6599998,26.196928,0.0287430491,0.134840071,1.71378688e-05,30,1.32200003,2
793210400001234,54832347,2458302.8234865968,58302.323472199998,19.0994987,0.0624006465,0,zr,226.830252,55.747217499999998,1.21599996,-0.0560000017,20180703323437,793,0xa,0x4,20.6800003,26.1869831,0.0307851881,0.135811388,1.95814027e-05,30,1.39400005,2
793210400001234,54834017,2458302.8401873494,58302.340173600001,19.3210716,0.0740890801,0,zr,226.83020239999999,55.7472706,0.887000024,-0.116999999,20180703340139,793,0xa,0x4,20.5900002,26.1873436,0.0301230904,0.132511094,1.8800507e-05,30,1.48399997,2
793210400001234,55018512,2458304.685071432,58304.185127299999,19.2262402,0.06884294,0,zr,226.8302138,55.747184799999999,1.24199998,-0.0759999976,20180705185046,793,0xa,0x4,21.7199993,26.2146358,0.0254760068,0.114081137,1.31412717e-05,30,1.07700002,1
793210400001234,55018652,2458304.6864718795,58304.186527799997,19.2319145,0.0691463724,0,zr,226.83020619999999,55.747173400000001,1.38199997,-0.0359999985,20180705186493,793,0xa,0x4,21.7199993,26.2162952,0.0278854612,0.107003622,1.57047962e-05,30,1.07799995,2
793210400001234,55034879,2458304.8487341921,58304.348796300001,19.2416534,0.06967026,0,zr,226.8302023,55.747188700000002,0.331999987,-0.0170000009,20180705348773,793,0xa,0x4,21.3199997,26.1708107,0.0241539869,0.108812869,1.20972263e-05,30,1.57500005,2
793210400001234,55037200,2458304.8719392987,58304.372002299999,19.2595844,0.0706449896,0,zr,226.83015889999999,55.747194800000003,0.646000028,0.0160000008,20180705371921,793,0xa,0x4,21.0699997,26.1687469,0.0239823498,0.107542083,1.18553662e-05,30,1.76100004,2
793210400001234,55320502,2458307.7048536479,58307.205023100003,19.1990547,0.0674073845,0,zr,226.8302176,55.747168500000001,0.61500001,0.064000003,20180708204977,793,0xa,0x4,21.6700001,26.1542397,0.0244302023,0.10631346,1.23197151e-05,30,1.10099995,1
793210400001234,55424076,2458308.7405556608,58308.240763900001,19.2459946,0.0699050426,0,zr,226.8302339,55.747184699999998,0.976999998,0.147,20180709240741,793,0xa,0x4,21.6200008,26.1433201,0.0248437375,0.114877254,1.26592886e-05,30,1.16499996,2
793210400001234,55431717,2458308.816964766,58308.317175900003,19.243248,0.0697564259,0,zr,226.8302013,55.747160000000001,0.978999972,0.0430000015,20180709317153,793,0xa,0x4,21.4099998,26.0873375,0.0234278645,0.115667902,1.10825831e-05,30,1.44599998,2
793210400001234,55718173,2458311.6814184193,58311.181736099999,19.2744656,0.0714640021,0,zr,226.83015689999999,55.747156500000003,0.40200001,-0.0219999999,20180712181736,793,0xa,0x4,21.6299992,26.0978642,0.0265515465,0.112784289,1.41972259e-05,30,1.08800006,1
793210400001234,56124356,2458315.7430979568,58315.243564800003,19.2765121,0.0715773702,0,zr,226.83023879999999,55.747184400000002,0.305999994,-0.00200000009,20180716243553,793,0xa,0x4,20.75,25.7306747,0.0310245417,0.128120393,1.9938705e-05,30,1.22099996,2
793210400001234,56124447,2458315.7440123218,58315.244479200002,19.1744995,0.0661362037,0,zr,226.83019540000001,55.747171899999998,0.694999993,-0.0469999984,20180716244468,793,0xa,0x4,20.8400002,25.7387409,0.0294564683,0.115989134,1.77865513e-05,30,1.22399998,1
793210400001234,56131991,2458315.8194493381,58315.319919000001,19.2134151,0.0681619719,0,zr,226.83020759999999,55.747129999999999,0.754000008,0.0869999975,20180716319896,793,0xa,0x4,21.2000008,25.954298,0.0318276696,0.118376367,2.08255442e-05,30,1.58299994,2
793210400001234,56134605,2458315.845582569,58315.346053200003,19.2381516,0.069481425,0,zr,226.8302204,55.747157299999998,0.367000014,-0.0430000015,20180716346030,793,0xa,0x4,20.9699993,25.9828091,0.0263864063,0.12380629,1.41590535e-05,30,1.79999995,2
793210400001234,56521721,2458319.7166007846,58319.2172106,19.0928764,0.0620812699,0,zr,226.8301032,55.747204500000002,1.64300001,0.174999997,20180720217164,793,0xa,0x4,20.1399994,26.2244263,0.0319515467,0.113372035,2.07994017e-05,30,1.17900002,1
793210400001234,56722122,2458321.7205462917,58321.221226900001,19.2013397,0.0675268546,0,zr,226.83021489999999,55.747199600000002,1.01300001,0.0260000005,20180722221215,793,0xa,0x4,21.0599995,26.2356377,0.0257312562,0.109737627,1.35940718e-05,30,1.204,2
793210400001234,56723679,2458321.7361128349,58321.236793999997,19.2345142,0.0692858472,0,zr,226.83015800000001,55.747206200000001,0.64200002,-0.00600000005,20180722236759,793,0xa,0x4,21.0799999,26.2387295,0.0234538652,0.108701408,1.12467096e-05,30,1.25100005,2
793210400001234,56725844,2458321.7577671679,58321.258449100002,19.2341099,0.0692641363,0,zr,226.83020210000001,55.747176699999997,1.44400001,-0.165000007,20180722258414,793,0xa,0x4,21,26.2322884,0.0239395294,0.111922964,1.17684349e-05,30,1.33299994,2
793210400001234,56824248,2458322.741772077,58322.242488399999,19.2381268,0.069480136,0,zr,226.83022879999999,55.7471587,0.76700002,-0.0939999968,20180723242454,793,0xa,0x4,21.3299999,26.2804966,0.0235235281,0.110560156,1.11430036e-05,30,1.27999997,2
793210400001234,56826506,2458322.7643522811,58322.265069399997,19.2831001,0.0719434395,0,zr,226.83028680000001,55.747169100000001,0.559000015,0.0280000009,20180723265035,793,0xa,0x4,21.1700001,26.2653866,0.0222470295,0.107567094,1.00304651e-05,30,1.375,1
793210400001234,56826598,2458322.7652666462,58322.265983800004,19.3027515,0.0730462819,0,zr,226.8302358,55.747164499999997,0.351999998,-0.0280000009,20180723265972,793,0xa,0x4,21.1399994,26.2590313,0.0251066536,0.10764835,1.28555748e-05,30,1.37899995,2
793210400001234,56827805,2458322.7773380168,58322.2780556,19.3035107,0.0730892271,0,zr,226.83021120000001,55.747169300000003,0.888999999,-0.0460000001,20180723278021,793,0xa,0x4,21.1800003,26.2597637,0.0245487504,0.111175865,1.23055934e-05,30,1.44099998,2
793210400001234,56922863,2458323.7278837543,58323.228634300001,19.2758465,0.0715404451,0,zr,226.8302128,55.747163399999998,1.09099996,-0.0729999989,20180724228611,793,0xa,0x4,21.1200008,26.2317848,0.0264017601,0.110920615,1.42819617e-05,30,1.24199998,2
793210400001234,56924630,2458323.7455567331,58323.246307900001,19.2081184,0.0678826869,0,zr,226.83019229999999,55.747166100000001,0.402999997,-0.0149999997,20180724246273,793,0xa,0x4,21.0599995,26.2149448,0.0237839818,0.113671817,1.16269348e-05,30,1.30499995,2
793210400001234,57017899,2458324.6782098357,58324.178993100002,19.2251682,0.0687857792,0,zr,226.8303276,55.747146600000001,0.879000008,0.238000005,20180725178970,793,0xa,0x4,20.2099991,25.9126949,0.0377174057,0.120068818,2.93973098e-05,30,1.12899995,2
793210400001234,57021672,2458324.7159399195,58324.216724500002,19.303299,0.0730772242,32768,zr,226.83020880000001,55.747171999999999,0.783999979,-0.414999992,20180725216725,793,0xa,0x4,19.5200005,25.4807205,0.0442817658,0.102673538,4.90550883e-05,30,1.21399999,2
793210400001234,57328427,2458327.7833822137,58327.284270800003,18.9218483,0.0543928221,0,zr,226.82994909999999,55.747200200000002,0.596000016,0.00999999978,20180728284259,793,0xa,0x4,19.4699993,26.0233364,0.0416102,0.0866051465,4.12790068e-05,30,1.56400001,2
793210400001234,57329814,2458327.7972590374,58327.298148100002,19.1091423,0.0628687739,32768,zr,226.8298088,55.747058199999998,0.819000006,0.0920000002,20180728298137,793,0xa,0x4,19.3899994,25.9484692,0.0563748106,0.0920904502,7.89003243e-05,30,1.66799998,2
793210400001234,57428337,2458328.7824577694,58328.283379599998,19.2205658,0.068540819,0,zr,226.8302812,55.747150699999999,0.629999995,-0.0289999992,20180729283368,793,0xa,0x4,20.6000004,26.1477699,0.0266771391,0.102950126,1.44916366e-05,30,1.57700002,1
793210400001234,57718182,2458331.6808121875,58331.181828699999,19.1916046,0.0670191422,0,zr,226.8302243,55.747167500000003,0.419,-0.00100000005,20180801181782,793,0xa,0x4,21.5499992,26.1618538,0.0256338809,0.107070349,1.36260305e-05,30,1.17299998,1
793210400001234,57825738,2458332.7563332971,58332.257384299999,19.3296013,0.0745794401,0,zr,226.83025420000001,55.747156199999999,0.5,-0.0460000001,20180802257373,793,0xa,0x4,21.2900009,26.1508293,0.0240371209,0.112643972,1.19311835e-05,30,1.47899997,2
793210400001234,57830627,2458332.8052205043,58332.306273100003,19.2231178,0.0686765388,0,zr,226.83020590000001,55.747157999999999,0.370000005,0.0529999994,20180802306262,793,0xa,0x4,20.8700008,26.1071568,0.0273841061,0.113058887,1.52348048e-05,30,1.87,2
793210400001234,58016259,2458334.6614815909,58334.162592599998,19.1590462,0.0653485283,0,zr,226.83020959999999,55.747176600000003,0.924000025,-0.074000001,20180804162593,793,0xa,0x4,21.2800007,26.1963234,0.0282125194,0.111688562,1.64924604e-05,30,1.148,1
793210400001234,58319922,2458337.6980204927,58337.1992245,19.2512741,0.0701915473,0,zr,226.83021450000001,55.747177600000001,0.683000028,-0.0109999999,20180807199190,793,0xa,0x4,21.5799999,26.2333889,0.0246252175,0.117869623,1.23234531e-05,30,1.27100003,1
793210400001234,58618145,2458340.680166468,58340.181458300001,19.1877041,0.0668167844,0,zr,226.8301591,55.747169499999998,0.463,-0.0649999976,20180810181447,793,0xa,0x4,21.0200005,25.9323273,0.0239405688,0.107418008,1.17140644e-05,30,1.23800004,1
793210400001234,58915622,2458343.654851174,58343.156226899999,19.2901554,0.0723374858,0,zr,226.8302262,55.747135399999998,1.097,-0.0439999998,20180813156030,793,0xa,0x4,21.4400005,26.1965046,0.0267146528,0.111081347,1.46997772e-05,30,1.18900001,1
793210400001234,59217458,2458346.6731264526,58346.174583300002,19.2294807,0.069016099,0,zr,226.83025090000001,55.747166300000004,0.944000006,-0.0890000015,20180816174444,793,0xa,0x4,21.4599991,26.1767693,0.0253365766,0.106292598,1.3211692e-05,30,1.26999998,1
793210400001234,59523746,2458349.735930468,58349.237465300001,19.1153183,0.0631703883,0,zr,226.8302237,55.747174700000002,0.797999978,0.0829999968,20180819237442,793,0xa,0x4,20.8799992,26.1699448,0.0235739648,0.0992385447,1.15169787e-05,30,1.66499996,1
793210400001234,59523837,2458349.736844745,58349.238379599999,19.1979847,0.0673514679,0,zr,226.83023420000001,55.747138300000003,0.739000022,-0.0960000008,20180819238368,793,0xa,0x4,20.9599991,26.1595287,0.024195144,0.100925639,1.20659988e-05,30,1.67299998,2
793210400001234,59526577,2458349.7642399473,58349.265775499996,19.2829189,0.0719333515,0,zr,226.83020350000001,55.7471593,0.492000014,-0.0930000022,20180819265752,793,0xa,0x4,20.8999996,26.1316299,0.0252061542,0.105941497,1.3169969e-05,30,1.94099998,2
793210400001234,59614415,2458350.642598121,58350.144155100003,19.1345634,0.0641198233,0,zr,226.83023109999999,55.747146499999999,0.381000012,-0.0109999999,20180820144144,793,0xa,0x4,20.8600006,26.2318821,0.0323293321,0.113729954,2.14586271e-05,30,1.20700002,2
793210400001234,59615783,2458350.656278281,58350.157835600003,19.2196045,0.06848979,0,zr,226.8301922,55.747136099999999,0.337000012,0.00300000003,20180820157836,793,0xa,0x4,21.2999992,26.217865,0.0239942577,0.110120416,1.18107964e-05,30,1.24899995,2
793210400001234,59618094,2458350.6793912076,58350.180949100002,19.2237949,0.0687125996,0,zr,226.83018029999999,55.747157899999998,1.09300005,-0.0689999983,20180820180914,793,0xa,0x4,21.4099998,26.2261257,0.0255668908,0.112172477,1.34395405e-05,30,1.33800006,2
793210400001234,59714350,2458351.6419259221,58351.1435069,19.2047653,0.0677064434,0,zr,226.830173,55.747166800000002,0.734000027,0.00200000009,20180821143426,793,0xa,0x4,21.0900002,26.247963,0.0303811412,0.110549666,1.90347309e-05,30,1.21300006,2
793210400001234,59715202,2458351.6504443167,58351.1520255,19.1903687,0.0669549331,0,zr,226.83018989999999,55.747154000000002,0.782999992,-0.0260000005,20180821152014,793,0xa,0x4,21.3199997,26.2686005,0.0241129771,0.108661249,1.20005989e-05,30,1.23899996,2
793210400001234,59718082,2458351.6792399171,58351.180821800001,19.1675491,0.0657807887,0,zr,226.8301788,55.747159199999999,0.638999999,0.118000001,20180821180752,793,0xa,0x4,21.2800007,26.2378883,0.0246978272,0.110949971,1.25440038e-05,30,1.35000002,2
793210400001234,59822275,2458352.7211482301,58352.222754599999,19.359026,0.0762949809,0,zr,226.83026179999999,55.747143899999998,1.01100004,0.0949999988,20180822222731,793,0xa,0x4,20.7000008,26.1671162,0.0241242554,0.0958068743,1.20013692e-05,30,1.61399996,2
793210400001234,59823402,2458352.7324211593,58352.234027799997,19.2199287,0.0685070008,0,zr,226.83023349999999,55.747154199999997,0.540000021,-0.0170000009,20180822234028,793,0xa,0x4,20.7299995,26.1511421,0.0321889371,0.100483656,2.12260384e-05,30,1.70500004,2
793210400001234,59826125,2458352.7596427049,58352.261250000003,19.3486347,0.0756848678,0,zr,226.83016649999999,55.747189599999999,0.758000016,-0.0689999983,20180822261250,793,0xa,0x4,20.5300007,26.1550579,0.0281693563,0.100608721,1.63732766e-05,30,1.98500001,2
793210400001234,59914287,2458353.6412429269,58353.142870399999,19.1129684,0.0630554557,0,zr,226.83019039999999,55.747165299999999,0.672999978,-0.023,20180823142847,793,0xa,0x4,20.7700005,26.2494736,0.0268021077,0.107905164,1.47540904e-05,30,1.227,2
793210400001234,59915078,2458353.649159343,58353.150786999999,19.1795464,0.0663955063,0,zr,226.830195,55.747149700000001,0.57099998,-0.0960000008,20180823150764,793,0xa,0x4,20.9500008,26.2440281,0.0238381457,0.109772779,1.17040718e-05,30,1.25300002,2
793210400001234,59915273,2458353.6511037978,58353.152731499998,19.1412811,0.0644546747,0,zr,226.83018440000001,55.7471739,0.268999994,0.0109999999,20180823152720,793,0xa,0x4,21.0300007,26.2318134,0.0247125737,0.116004884,1.26318882e-05,30,1.25999999,1
793210400001234,59917399,2458353.6723649041,58353.173993099997,19.2016945,0.0675454438,0,zr,226.8301979,55.7471867,1.14300001,0.00999999978,20180823173993,793,0xa,0x4,21.0599995,26.2472916,0.0255866535,0.110606357,1.3486936e-05,30,1.34399998,2
793210400001234,59923628,2458353.7346550515,58353.236284699997,19.1115589,0.0629866347,0,zr,226.83023940000001,55.747163499999999,0.952000022,-0.137999997,20180823236273,793,0xa,0x4,20.8600006,26.2187347,0.0246263444,0.108661108,1.23974642e-05,30,1.75,2
793210400001234,59926196,2458353.7603373481,58353.261967600003,19.2073135,0.0678403601,0,zr,226.83019250000001,55.747208200000003,0.782000005,-0.0780000016,20180823261956,793,0xa,0x4,20.8099995,26.1906185,0.0252662376,0.105822235,1.31515271e-05,30,2.02800012,2
793210400001234,59926288,2458353.7612516247,58353.262881900002,19.1326313,0.064023912,0,zr,226.830163,55.747169999999997,1.01800001,-0.0130000003,20180823262882,793,0xa,0x4,20.7700005,26.1870575,0.0243557133,0.110923968,1.21199446e-05,30,2.03999996,1
793210400001234,60018189,2458354.6802472537,58354.181898100003,19.1260777,0.0636994615,0,zr,226.83021360000001,55.747215500000003,0.949000001,0.0529999994,20180824181887,793,0xa,0x4,20.75,26.2193851,0.024573572,0.111243978,1.24609642e-05,30,1.39400005,2
793210400001234,60020219,2458354.7005477878,58354.2021991,19.155056,0.0651466995,0,zr,226.83017580000001,55.747164900000001,0.726000011,-0.0299999993,20180824202188,793,0xa,0x4,20.4699993,26.2193623,0.0294218101,0.108135253,1.78938353e-05,30,1.50899994,2
793210400001234,60021491,2458354.7132673985,58354.214918999998,19.2376595,0.0694549829,0,zr,226.83020450000001,55.747139500000003,0.421999991,-0.0130000003,20180824214919,793,0xa,0x4,20.1399994,26.1188965,0.0358648039,0.11627882,2.65889812e-05,30,1.59599996,2
793210400001234,60024359,2458354.7419472472,58354.243599499998,19.0901203,0.0619488396,0,zr,226.83029089999999,55.747129100000002,0.786000013,-0.123999998,20180824243588,793,0xa,0x4,20.6900005,26.2096348,0.0333215557,0.108470306,2.27471282e-05,30,1.847,2
793210400001234,60123873,2458355.737064342,58355.238738400003,19.2155857,0.068276763,0,zr,226.8302789,55.747194200000003,0.845000029,0.164000005,20180825238738,793,0xa,0x4,20.5699997,26.1330357,0.0466538556,0.108589195,4.45890619e-05,30,1.82500005,2
793210400001234,60221812,2458356.7164299963,58356.218124999999,19.3639622,0.0765864253,0,zr,226.83017570000001,55.7471842,0.610000014,-0.0790000036,20180826218102,793,0xa,0x4,20.5100002,26.2174072,0.0283440705,0.10923931,1.67656472e-05,30,1.66299999,2
793210400001234,60221910,2458356.7174137705,58356.219108800004,19.3002014,0.0729022697,0,zr,226.8300959,55.747164599999998,0.827000022,0.179000005,20180826219062,793,0xa,0x4,20.4899998,26.2276554,0.0298300106,0.111947231,1.84351302e-05,30,1.671,1
793210400001234,60224245,2458356.7407581634,58356.242453699997,19.2812309,0.0718393773,0,zr,226.83013729999999,55.747199700000003,0.555000007,0.144999996,20180826242419,793,0xa,0x4,20.2700005,26.2168617,0.0300975498,0.111968458,1.87292426e-05,30,1.89300001,2
793210400001234,60520563,2458359.7038808544,58359.205636600003,19.0085602,0.0581584312,32768,zr,226.82992540000001,55.7472189,0.545000017,0.0439999998,20180829205613,793,0xa,0x4,19.7399998,25.7023201,0.0712063089,0.0871892422,0.00011395332,30,1.62899995,2
793210400001234,60522222,2458359.7204661337,58359.222222199998,18.9500904,0.0555902049,32768,zr,226.83022399999999,55.747149999999998,0.713999987,-0.064000003,20180829222211,793,0xa,0x4,19.7600002,25.7309952,0.0462639481,0.0957204551,4.63173237e-05,30,1.77100003,2
793210400001234,60523817,2458359.7364149103,58359.2381713,19.1177483,0.0632895157,0,zr,226.8301744,55.747230999999999,0.907999992,-0.191,20180829238148,793,0xa,0x4,19.7000008,25.8526268,0.0443139039,0.0928160772,4.23719284e-05,30,1.93700004,2
793210400001234,60523912,2458359.7373639937,58359.239120400001,19.2620926,0.0707823858,0,zr,226.83025280000001,55.747155200000002,1.25300002,-0.0949999988,20180829239097,793,0xa,0x4,19.8199997,25.9308205,0.0397939533,0.0880257413,3.32771706e-05,30,1.94799995,1
793210400001234,60714285,2458361.6410663361,58361.142858799998,19.0998516,0.062417727,0,zr,226.8301951,55.747185399999999,1.32500005,-0.0810000002,20180831142859,793,0xa,0x4,21.2800007,26.2852459,0.0234456081,0.100947194,1.12816924e-05,30,1.30900002,2
793210400001234,60724689,2458361.7451036531,58361.246898099998,19.2512169,0.0701884329,0,zr,226.8302103,55.747161300000002,0.472000003,0.0719999969,20180831246863,793,0xa,0x4,20.6599998,26.2221012,0.0256037675,0.103577636,1.34424581e-05,30,2.09200001,2
793210400001234,60814550,2458362.6436986281,58362.145509299997,19.3618431,0.0764611661,32768,zr,226.83018730000001,55.747179600000003,0.948000014,-0.105999999,20180901145498,793,0xa,0x4,20.8500004,25.9980907,0.0310209394,0.109962881,1.97260033e-05,30,1.33000004,1
793210400001234,61114165,2458365.6397934491,58365.1416551,19.1499691,0.0648902804,0,zr,226.83018749999999,55.747160899999997,1.204,0.144999996,20180904141655,793,0xa,0x4,21.5300007,26.1753826,0.0242058374,0.117157213,1.19954711e-05,30,1.34899998,1
793210400001234,61413952,2458368.6376181021,58368.139525500002,19.2173634,0.068370901,0,zr,226.8301917,55.747169100000001,0.437999994,0.00999999978,20180907139491,793,0xa,0x4,21.5900002,26.2456989,0.0224729739,0.109891921,1.03497123e-05,30,1.37699997,1
793210400001234,61414142,2458368.6395161739,58368.141423599998,19.2289009,0.0689850599,0,zr,226.83017749999999,55.747185500000001,0.264999986,0.0160000008,20180907141366,793,0xa,0x4,21.4099998,26.224226,0.0260938555,0.115757845,1.39752847e-05,30,1.38600004,2
793210400001234,61416096,2458368.6590528819,58368.160960599998,19.1729012,0.0660542771,0,zr,226.83018229999999,55.747200300000003,1.02900004,0.0199999996,20180907160926,793,0xa,0x4,21.2600002,26.2214241,0.0253115501,0.106936753,1.32101868e-05,30,1.49000001,2
793210400001234,61418555,2458368.6836475148,58368.185555600001,19.2382488,0.0694866776,0,zr,226.83022980000001,55.747177000000001,1.08800006,0.0120000001,20180907185521,793,0xa,0x4,21.0699997,26.218853,0.0264078919,0.101538144,1.43501347e-05,30,1.65900004,2
793210400001234,61512542,2458369.6235069428,58369.125428200001,19.2915516,0.0724157766,0,zr,226.8301937,55.747156400000001,0.39199999,-0.0280000009,20180908125428,793,0xa,0x4,20.6800003,26.2218285,0.0304470044,0.114590161,1.90167211e-05,30,1.32700002,2
793210400001234,61513128,2458369.629363358,58369.131284700001,19.1888638,0.0668768883,0,zr,226.8301687,55.747176500000002,0.509000003,-0.00899999961,20180908131250,793,0xa,0x4,21.2800007,26.2292404,0.0233046804,0.110275984,1.11219724e-05,30,1.35099995,2
793210400001234,61516052,2458369.6585990386,58369.160520799996,19.1680012,0.0658038333,0,zr,226.8301907,55.747151700000003,0.887000024,-0.050999999,20180908160451,793,0xa,0x4,21.5100002,26.1985512,0.0233202409,0.110577822,1.12533298e-05,30,1.50399995,2
793210400001234,61613798,2458370.6360512129,58370.137986100002,19.2214546,0.0685880855,0,zr,226.8302151,55.7472128,1.17999995,0.152999997,20180909137986,793,0xa,0x4,21.0400009,26.2497177,0.0284001976,0.115574345,1.65999809e-05,30,1.39499998,2
793210400001234,61615405,2458370.6521157878,58370.154050899997,19.265501,0.0709695145,0,zr,226.830173,55.747163299999997,0.978999972,-0.0149999997,20180909154028,793,0xa,0x4,20.9699993,26.2367954,0.0282877181,0.115080193,1.64648154e-05,30,1.48199999,2
793210400001234,61712423,2458371.6222885512,58371.124236099997,19.2569084,0.0704986751,0,zr,226.83018860000001,55.7471575,1.19200003,-0.194000006,20180910124132,793,0xa,0x4,20.6499996,26.2581596,0.026797628,0.112238459,1.4811214e-05,30,1.34500003,1
793210400001234,61714026,2458371.6383184423,58371.140266199996,19.2021446,0.0675690621,0,zr,226.83020769999999,55.7471605,0.583000004,0.0260000005,20180910140197,793,0xa,0x4,21.5799999,26.2615318,0.021959411,0.108788252,9.90751141e-06,30,1.421,2
793210400001234,61716135,2458371.6594061633,58371.161354199998,19.1389408,0.06433779,0,zr,226.83017190000001,55.747162400000001,0.751999974,-0.0939999968,20180910161273,793,0xa,0x4,21.4500008,26.2625389,0.0232597161,0.106388651,1.11832369e-05,30,1.54400003,2
793210400001234,61813824,2458372.636280749,58372.138240699998,19.266016,0.0709978417,0,zr,226.83018949999999,55.747166499999999,0.56400001,-0.0710000023,20180911138229,793,0xa,0x4,21.4599991,26.2832375,0.0234110896,0.109063566,1.1283867e-05,30,1.42400002,2
793210400001234,61815724,2458372.6552852113,58372.157245399998,19.2044334,0.0676890463,0,zr,226.83018089999999,55.747188800000004,0.656000018,-0.0590000004,20180911157211,793,0xa,0x4,21.2800007,26.2719765,0.0208803546,0.103331909,8.98078179e-06,30,1.53499997,2
793210400001234,61912999,2458373.6280285534,58373.129999999997,19.1705189,0.065932408,0,zr,226.8302171,55.747184500000003,0.490999997,-0.0350000001,20180912129977,793,0xa,0x4,21.0400009,26.2588997,0.0230573304,0.111578897,1.09653311e-05,30,1.39600003,2
793210400001234,61916135,2458373.6593823773,58373.161354199998,19.2404613,0.0696059167,0,zr,226.83016979999999,55.7471794,0.739000022,-0.0860000029,20180912161343,793,0xa,0x4,20.8899994,26.2519207,0.022831412,0.103213154,1.08881814e-05,30,1.58099997,2
793210400001234,62411854,2458378.6165218134,58378.118541700002,19.2895393,0.0723030418,0,zr,226.83018139999999,55.747194100000002,0.948000014,-0.101999998,20180917118426,793,0xa,0x4,21,26.2598782,0.0268078446,0.110270582,1.48132003e-05,30,1.40699995,2
793210400001234,62413396,2458378.6319498769,58378.133969900002,19.163187,0.0655586943,0,zr,226.83017559999999,55.747162699999997,0.689999998,0.00700000022,20180917133947,793,0xa,0x4,21.3899994,26.2476978,0.0252031032,0.111411579,1.3037572e-05,30,1.49199998,2
793210400001234,62711457,2458381.6125304583,58381.114571799997,19.2987938,0.0728228688,0,zr,226.8302104,55.747168000000002,0.587000012,-0.0469999984,20180920114502,793,0xa,0x4,20.6599998,26.2672272,0.0287546087,0.108893834,1.69684208e-05,30,1.42900002,1
793210400001234,69553561,2458450.0346111772,58449.535613400003,19.4523315,0.0819842368,0,zr,226.8301505,55.747196500000001,0.479000002,-0.0430000015,20181127535602,793,0xa,0x4,20.6800003,26.2046204,0.0296387486,0.109967031,1.78520495e-05,30,1.95299995,1
793210400001234,73355572,2458488.0561539531,58487.555729200001,19.3906803,0.0781823024,0,zr,226.8301994,55.747169700000001,0.740999997,-0.0170000009,20190104555718,793,0xa,0x4,21.5,26.2654572,0.0230967775,0.108620994,1.09348639e-05,30,1.19700003,1
793210400001234,75155395,2458506.0550598088,58505.553958299999,19.4026299,0.0789061114,0,zr,226.83007939999999,55.747145400000001,1.53799999,-0.0659999996,20190122553947,793,0xa,0x4,20.0499992,26.2782955,0.0317223519,0.10599871,2.07632347e-05,30,1.11099994,1
793210400001234,75449202,2458508.9932303266,58508.492025500003,19.3835754,0.0777548999,0,zr,226.83018759999999,55.747133900000001,0.754000008,-0.103,20190125491991,793,0xa,0x4,20.4400005,26.2610111,0.0292820111,0.115793817,1.72841555e-05,30,1.22000003,1
793210400001234,75755343,2458512.0547471391,58511.553437499999,19.3664761,0.0767352805,0,zr,226.8301817,55.747189200000001,0.686999977,-0.0920000002,20190128553403,793,0xa,0x4,21.1299992,26.1338501,0.0234658122,0.106354013,1.12819553e-05,30,1.09300005,1
793210400001234,77251538,2458527.0171510451,58526.515381899997,19.3539867,0.0759985447,0,zr,226.8301639,55.747191399999998,0.851000011,-0.0260000005,20190212515370,793,0xa,0x4,20.7399998,26.179451,0.0275194068,0.110450514,1.53716028e-05,30,1.09099996,1
793210400001234,78043506,2458534.9370389874,58534.435069400002,19.2385693,0.0695039481,0,zr,226.8305732,55.747189400000003,0.486000001,-0.0329999998,20190220435035,793,0xa,0x4,19.4400005,26.2229042,0.0439288057,0.133698687,4.46604827e-05,30,1.18299997,2
793210400001234,78447269,2458538.9747556522,58538.472696800003,19.4485512,0.0817461908,0,zr,226.8302506,55.747285400000003,0.786000013,-0.173999995,20190224472685,793,0xa,0x4,20.0300007,25.7799664,0.0377290212,0.126365483,2.95931022e-05,30,1.10000002,2
793210400001234,78448796,2458538.9900221797,58538.487963,19.5124092,0.0858521312,0,zr,226.83020819999999,55.747179199999998,0.731999993,0.0359999985,20190224487928,793,0xa,0x4,19.9200001,25.7438793,0.0400009342,0.118153386,3.49594993e-05,30,1.08599997,2
793210400001234,78451988,2458539.0219441527,58538.519884300003,19.2300072,0.0690442324,32768,zr,226.83015520000001,55.747263599999997,0.745999992,-0.463999987,20190224519861,793,0xa,0x4,19.4599991,25.5437527,0.0458655208,0.131297678,5.31629958e-05,30,1.07500005,1
793210400001234,78452078,2458539.0228468562,58538.520787000001,19.5307369,0.0870646611,32768,zr,226.83043599999999,55.747302699999999,0.640999973,-0.264999986,20190224520787,793,0xa,0x4,19.5599995,25.5904427,0.0498556495,0.126643911,5.96451682e-05,30,1.07500005,2
793210400001234,78535173,2458539.8538131001,58539.351736099998,19.336731,0.0749917328,32768,zr,226.8303191,55.747275199999997,1.01499999,-0.108000003,20190225351725,793,0xa,0x4,20.0799999,25.5951214,0.060245838,0.121315226,7.50521212e-05,30,1.44599998,2
793210400001234,78536729,2458539.8693690412,58539.3672917,19.3543472,0.0760196969,32768,zr,226.830082,55.747233700000002,1.28400004,-0.172000006,20190225367292,793,0xa,0x4,20.0799999,25.5718288,0.0372489914,0.120853521,2.89581112e-05,30,1.36800003,2
793210400001234,78651835,2458541.0204570438,58540.518356499997,19.3375683,0.075040251,0,zr,226.83019049999999,55.747202799999997,1.02699995,0.0250000004,20190226518356,793,0xa,0x4,21.0699997,26.2422638,0.027237257,0.122179568,1.56821734e-05,30,1.07500005,2
793210400001234,78749018,2458541.9923046869,58541.490185199997,19.3548622,0.0760499388,0,zr,226.8301798,55.747284700000002,0.723999977,-0.0500000007,20190227490150,793,0xa,0x4,21.0499992,26.2445755,0.0275324304,0.125801936,1.58245457e-05,30,1.08000004,2
793210400001234,78749250,2458541.9946195348,58541.4925,19.4015083,0.0788379014,0,zr,226.8301209,55.747297500000002,0.340999991,-0.0489999987,20190227492488,793,0xa,0x4,21.0400009,26.2451973,0.0269431323,0.127655387,1.48674808e-05,30,1.079,1
793210400001234,78754186,2458542.0439838786,58541.541863400002,19.3409042,0.0752340704,0,zr,226.83017849999999,55.747326600000001,1.68400002,0.115999997,20190227541863,793,0xa,0x4,20.9699993,26.2623405,0.028244447,0.129369751,1.60672589e-05,30,1.08399999,2
793210400001234,78945208,2458543.9542393303,58543.452083299999,19.2566509,0.0704846084,32768,zr,226.830039,55.747216799999997,0.617999971,0.0140000004,20190301452083,793,0xa,0x4,19.3600006,24.0711956,0.129742697,0.107064426,0.000481912488,30,1.10800004,2
793210400001234,78946590,2458543.9680590811,58543.465902800002,19.5205193,0.0863868445,32768,zr,226.8300308,55.747285400000003,0.680000007,0.0209999997,20190301465903,793,0xa,0x4,20.5400009,25.2499676,0.0428796709,0.0973374993,3.73877738e-05,30,1.09300005,2
793210400001234,79347380,2458547.976031533,58547.473807900002,19.3963223,0.0785232857,0,zr,226.83017459999999,55.7471648,0.55400002,0.0850000009,20190305473773,793,0xa,0x4,21.5499992,26.2548161,0.0234842356,0.112140022,1.12593525e-05,30,1.08000004,2
793210400001234,79350561,2458548.0078375274,58547.505613399997,19.4161587,0.079733178,0,zr,226.8302137,55.747159600000003,0.727999985,-0.0540000014,20190305505602,793,0xa,0x4,21.6299992,26.2526588,0.025046654,0.110551462,1.28307156e-05,30,1.07599998,2
793210400001234,79350700,2458548.0092264488,58547.507002300001,19.3250351,0.0743165687,0,zr,226.83023209999999,55.747149399999998,1.03900003,0.00200000009,20190305506968,793,0xa,0x4,21.6700001,26.2635555,0.0224360768,0.106914662,1.02402246e-05,30,1.07599998,1
793210400001234,80242664,2458556.928980968,58556.426643500003,19.4207344,0.0800146908,0,zr,226.83025749999999,55.747157399999999,0.838,-0,20190314426609,793,0xa,0x4,21.1800003,26.2471066,0.0230252966,0.109731413,1.07053156e-05,30,1.097,1
793210400001234,80252038,2458557.0227202936,58556.520381900002,19.3516293,0.0758602023,0,zr,226.83009960000001,55.747177600000001,1.074,-0.128999993,20190314520370,793,0xa,0x4,21.0499992,26.2470303,0.0224511176,0.110380195,1.01763353e-05,30,1.102,2
793210400001234,80338246,2458557.8848118493,58557.382465299997,19.4619179,0.0825905055,0,zr,226.83011619999999,55.747200599999999,0.535000026,0.00600000005,20190315382454,793,0xa,0x4,20.7199993,26.1526051,0.0272855554,0.112840407,1.52065077e-05,30,1.15999997,2
793210400001234,80340590,2458557.908249578,58557.405902799997,19.272089,0.071332559,0,zr,226.83008079999999,55.747132100000002,1.02900004,-0.0480000004,20190315405856,793,0xa,0x4,20.3700008,26.1236629,0.0321301296,0.117475204,2.1102469e-05,30,1.11899996,2
793210400001234,80343149,2458557.9338401151,58557.431493099997,19.4431038,0.0814044401,0,zr,226.8300533,55.747248999999996,0.157000005,-0.00400000019,20190315431470,793,0xa,0x4,20.8199997,26.2477818,0.0272544809,0.114198633,1.52990197e-05,30,1.09000003,2
793210400001234,80435100,2458558.853362035,58558.351006899997,19.3260021,0.07437215,0,zr,226.83026390000001,55.7471338,0.713,-0.0930000022,20190316351007,793,0xa,0x4,20.6299992,26.2322979,0.0308674648,0.117579028,1.9503681e-05,30,1.23399997,2
793210400001234,80436728,2458558.8696353822,58558.367280099999,19.4252243,0.08029183,0,zr,226.83018480000001,55.747205800000003,1.01699996,-0.144999996,20190316367257,793,0xa,0x4,20.8199997,26.2365837,0.0291835535,0.119842574,1.71826523e-05,30,1.18900001,2
793210400001234,80637381,2458560.8761905348,58560.373819400003,19.3286896,0.0745268613,0,zr,226.83011089999999,55.747173099999998,0.676999986,-0.105999999,20190318373796,793,0xa,0x4,20.6499996,26.2550907,0.0492041893,0.122381225,4.93739535e-05,30,1.16100001,2
793210400001234,80640486,2458560.907232468,58560.404861100003,19.3709908,0.0770032406,0,zr,226.83017709999999,55.747153599999997,0.556999981,0.0340000018,20190318404861,793,0xa,0x4,20.9599991,26.2665501,0.0237289183,0.112788603,1.1436e-05,30,1.10899997,2
793210400001234,80640822,2458560.9106005938,58560.408229200002,19.3109035,0.073508516,0,zr,226.83016520000001,55.747160100000002,0.572000027,0.0160000008,20190318408206,793,0xa,0x4,20.9300003,26.2463799,0.0257609524,0.11518994,1.34354477e-05,30,1.10500002,1
793210400001234,80642803,2458560.9304039418,58560.428032399999,19.3546829,0.0760394335,0,zr,226.83015219999999,55.747150699999999,0.666999996,0.149000004,20190318428032,793,0xa,0x4,21.0400009,26.2732887,0.0241447315,0.113597289,1.1791094e-05,30,1.08599997,2
793210400001234,80734387,2458561.8462551301,58561.343877300002,19.3418789,0.0752907395,0,zr,226.8302516,55.747143800000003,0.565999985,0.0130000003,20190319343854,793,0xa,0x4,20.6499996,26.225153,0.0263011381,0.11447148,1.40963757e-05,30,1.23099995,2
793210400001234,80736454,2458561.8669265755,58561.364548600002,19.4046326,0.0790280402,0,zr,226.83026749999999,55.747134000000003,0.483999997,-0.0460000001,20190319364525,793,0xa,0x4,20.6399994,26.2190399,0.0275421105,0.114517413,1.54699865e-05,30,1.176,2
793210400001234,80740462,2458561.9070078479,58561.404629600001,19.3548222,0.0760476291,0,zr,226.8302296,55.747265499999997,0.47299999,-0.0949999988,20190319404606,793,0xa,0x4,20.0499992,26.2213631,0.0347123854,0.112097234,2.43225459e-05,30,1.10599995,2
793210400001234,81332153,2458567.8239449072,58567.3215394,19.487114,0.0842037648,0,zr,226.83020250000001,55.7472371,0.865999997,-0.0399999991,20190325321539,793,0xa,0x4,20.9300003,26.1844082,0.0255668089,0.11910627,1.33253061e-05,30,1.24899995,2
793210400001234,81336658,2458567.8689912502,58567.366585600001,19.4379425,0.0810817927,0,zr,226.830207,55.7471684,0.97299999,-0.0890000015,20190325366574,793,0xa,0x4,21.0499992,26.1902809,0.023910692,0.118864208,1.17534792e-05,30,1.13800001,2
793210400001234,81338690,2458567.8893154114,58567.386909699999,19.3805275,0.0775722042,0,zr,226.83018680000001,55.7471575,0.916000009,-0.0979999974,20190325386898,793,0xa,0x4,21.0100002,26.201786,0.0247523002,0.112689056,1.2604105e-05,30,1.10800004,2
793210400001234,81338784,2458567.8902529115,58567.3878472,19.2535038,0.070312947,0,zr,226.8302511,55.747153599999997,1.18200004,-0.0520000011,20190325387824,793,0xa,0x4,21.0100002,26.2017632,0.0248914957,0.11615254,1.26337254e-05,30,1.10699999,1
793210400001234,81430774,2458568.8101509009,58568.307743099998,19.2905159,0.0723577142,32768,zr,226.8301232,55.747230000000002,1.14199996,-0.257999986,20190326307731,793,0xa,0x4,20.2600002,25.5302238,0.0402535796,0.132029414,3.31594965e-05,30,1.28699994,2
793210400001234,81537048,2458569.8728956832,58569.370486100001,19.2914104,0.0724078193,0,zr,226.83016330000001,55.747174600000001,1.18499994,-0.0549999997,20190327370486,793,0xa,0x4,21.0100002,26.0501251,0.0234354455,0.112968862,1.10395067e-05,30,1.12300003,2
793210400001234,81539222,2458569.8946318175,58569.392222199996,19.3759651,0.0772995427,0,zr,226.83014679999999,55.747182500000001,0.783999979,-0.0250000004,20190327392199,793,0xa,0x4,21.2199993,26.067297,0.0225627776,0.111627482,1.0493759e-05,30,1.09599996,2
793210400001234,81836981,2458572.8722252734,58572.369814799997,19.4298267,0.0805768818,32768,zr,226.83016019999999,55.7471867,0.712000012,-0.0240000002,20190330369780,793,0xa,0x4,20.6499996,25.5141792,0.0296134409,0.103951797,1.78794289e-05,30,1.11199999,1
793210400001234,81842512,2458572.9275377439,58572.425127299997,19.4259644,0.0803376064,0,zr,226.8302075,55.747146899999997,0.472000003,-0.0430000015,20190330425116,793,0xa,0x4,21.5699997,26.1493073,0.0268480349,0.101030059,1.46834045e-05,30,1.07500005,2
793210400001234,81844246,2458572.9448757302,58572.442465300002,19.3377819,0.0750526413,0,zr,226.8301597,55.747185199999997,0.72299999,-0.103,20190330442465,793,0xa,0x4,21.3899994,26.0902004,0.0231697764,0.105539441,1.09100638e-05,30,1.07700002,2
793210400001234,81940753,2458573.9099440929,58573.407534700003,19.3293991,0.0745677575,0,zr,226.83021009999999,55.7471763,0.55400002,-0.00700000022,20190331407535,793,0xa,0x4,21.4500008,26.2078362,0.0232362561,0.112033337,1.09727453e-05,30,1.07799995,2
793210400001234,81941984,2458573.9222588749,58573.419849500002,19.4215317,0.0800638571,0,zr,226.83022679999999,55.7471909,0.330000013,0.0280000009,20190331419826,793,0xa,0x4,21.0499992,26.1520042,0.0236664861,0.107784159,1.13848564e-05,30,1.07500005,2
793210400001234,81945561,2458573.9580227239,58573.455613400001,19.4348774,0.0808907747,0,zr,226.83018390000001,55.747204099999998,0.967000008,-0.00499999989,20190331455602,793,0xa,0x4,21.2700005,26.2175083,0.0238314755,0.111188158,1.14926315e-05,30,1.08500004,2
793210400001234,82043341,2458574.935822017,58574.433414400002,19.3221474,0.0741507262,0,zr,226.8301467,55.747161800000001,1.07000005,0.0689999983,20190401433414,793,0xa,0x4,21.2900009,25.9787369,0.024887016,0.110239998,1.2542162e-05,30,1.07599998,2
793210400001234,82045519,2458574.9576043659,58574.455196800001,19.3012047,0.0729588494,0,zr,226.83014750000001,55.747218099999998,0.680999994,-0.107000001,20190401455197,793,0xa,0x4,20.7900009,25.6546154,0.0287001692,0.109347016,1.67982471e-05,30,1.08700001,2
793210400001234,82138084,2458575.8832502449,58575.380844899999,19.3466854,0.0755709484,32768,zr,226.83015889999999,55.747171299999998,0.432999998,0.0280000009,20190402380810,793,0xa,0x4,20.4099998,25.1730766,0.0441717878,0.107879236,4.00269637e-05,30,1.09099996,2
793210400001234,82140313,2458575.905541888,58575.403136599998,19.3396683,0.0751622096,0,zr,226.8301735,55.747162899999999,0.939999998,-0.0329999998,20190402403137,793,0xa,0x4,21.8099995,26.2309284,0.0252886023,0.105035864,1.31338493e-05,30,1.07799995,1
793210400001234,82140403,2458575.9064446846,58575.404039399997,19.3024368,0.0730284899,0,zr,226.8301645,55.747178300000002,0.694000006,0.023,20190402404039,793,0xa,0x4,21.75,26.2227116,0.0231791697,0.110003449,1.10290111e-05,30,1.07700002,2
793210400001234,82142730,2458575.9297084217,58575.427303199998,19.3496075,0.0757417902,0,zr,226.8302108,55.747168799999997,1.09300005,0.0480000004,20190402427292,793,0xa,0x4,21.9400005,26.2351227,0.0284275189,0.104468063,1.65007987e-05,30,1.07500005,2
793210400001234,82342145,2458577.9238567483,58577.421458299999,19.6207504,0.0932428762,32768,zr,226.83016889999999,55.7470912,0.865999997,-0.193000004,20190404421447,793,0xa,0x4,20.3299999,24.8725166,0.0395454578,0.100753449,3.20018844e-05,30,1.07500005,2
793210400001234,82636086,2458580.8632517476,58580.360868099997,19.3969498,0.0785612687,0,zr,226.83011550000001,55.747160000000001,0.819000006,-0.0820000023,20190407360868,793,0xa,0x4,21.5100002,26.2435989,0.0228663813,0.106772386,1.062503e-05,30,1.097,2
793210400001234,82637987,2458580.8822562359,58580.379872700003,19.3272724,0.0744452104,0,zr,226.83014349999999,55.747168899999998,1.11600006,-0.108999997,20190407379873,793,0xa,0x4,21.3199997,26.241869,0.0237850528,0.112977482,1.14558716e-05,30,1.08200002,2
793210400001234,82638077,2458580.8831590242,58580.380775500002,19.3435879,0.0753902718,0,zr,226.8302784,55.747198099999999,0.920000017,-0.0839999989,20190407380775,793,0xa,0x4,21.0900002,26.2341843,0.0259362776,0.114154309,1.37356838e-05,30,1.08200002,1
793210400001234,82647579,2458580.9781815452,58580.475798599997,19.2884235,0.072240606,0,zr,226.83023470000001,55.747188999999999,0.671000004,-0.0149999997,20190407475787,793,0xa,0x4,21.1399994,26.1452255,0.0257052463,0.11339204,1.33092672e-05,30,1.13100004,2
793210400001234,82737355,2458581.8759304364,58581.373553199999,19.2666206,0.0710310712,0,zr,226.83017169999999,55.747181400000002,0.358999997,-0.0320000015,20190408373530,793,0xa,0x4,21.1299992,26.0350704,0.0243616942,0.120264269,1.20745253e-05,30,1.08399999,2
793210400001234,82741486,2458581.9172380627,58581.414861099998,19.3335571,0.0748078823,0,zr,226.83022700000001,55.747173500000002,0.606000006,-0.0659999996,20190408414861,793,0xa,0x4,20.9699993,25.9323101,0.0283660758,0.112176865,1.63855348e-05,30,1.07599998,2
793210400001234,82827645,2458582.7788292216,58582.276458300003,19.6441669,0.0949113742,32768,zr,226.8301347,55.747191899999997,0.947000027,0.0489999987,20190409276458,793,0xa,0x4,20.6100006,25.615963,0.05578316,0.111426093,6.39651189e-05,30,1.26300001,2
793210400001234,82841484,2458582.9172194502,58582.414849499997,19.4003849,0.0787696689,0,zr,226.8302162,55.747148899999999,0.935000002,-0.00700000022,20190409414815,793,0xa,0x4,21.8199997,26.2431259,0.0244091693,0.106010564,1.2268305e-05,30,1.07700002,2
793210400001234,82843642,2458582.9387933877,58582.436423599996,19.4412422,0.081287913,0,zr,226.830242,55.747162199999998,0.239999995,0.0320000015,20190409436412,793,0xa,0x4,21.5200005,26.2440243,0.0242516119,0.112248428,1.20196701e-05,30,1.08899999,2
793210400001234,82930343,2458583.8058006414,58583.303437499999,19.5061245,0.0854398757,0,zr,226.8302679,55.747232199999999,1.00699997,0.0520000011,20190410303438,793,0xa,0x4,20.5900002,26.1668396,0.0289217848,0.117492631,1.6921249e-05,30,1.17799997,2
793210400001234,82932406,2458583.8264254848,58583.324062500003,19.5124092,0.0858521312,0,zr,226.83026649999999,55.7472493,0.360000014,-0.0199999996,20190410324039,793,0xa,0x4,20.6499996,26.1540718,0.0268874541,0.118328258,1.45633203e-05,30,1.13600004,2
793210400001234,82933829,2458583.8406614899,58583.3382986,19.4250393,0.0802804083,0,zr,226.8301697,55.747112899999998,0.708999991,-0.0149999997,20190410338287,793,0xa,0x4,20.7199993,26.1254959,0.0295504574,0.116464734,1.78716491e-05,30,1.11399996,2
793210400001234,82934108,2458583.8434508694,58583.341088000001,19.4284496,0.0804915056,0,zr,226.82996790000001,55.747171299999998,0.875999987,0.0579999983,20190410341065,793,0xa,0x4,20.5200005,26.1168346,0.0305677503,0.121609986,1.90226328e-05,30,1.11099994,1
793210400001234,83036657,2458584.8689284842,58584.3665741,19.5043449,0.0853235349,0,zr,226.83025050000001,55.7472025,0.834999979,-0.0419999994,20190411366574,793,0xa,0x4,21.0799999,26.2031078,0.0260138493,0.115334101,1.36754852e-05,30,1.08399999,2
793210400001234,83037754,2458584.8799005956,58584.377546299998,19.4423218,0.0813554898,0,zr,226.8301697,55.7471763,0.698000014,0.0579999983,20190411377546,793,0xa,0x4,21.2900009,26.2169418,0.0225467123,0.10565459,1.02707263e-05,30,1.07799995,2
793210400001234,83040490,2458584.9072614638,58584.4049074,19.2872581,0.0721754283,0,zr,226.83016710000001,55.747147699999999,0.319999993,-0.00999999978,20190411404884,793,0xa,0x4,21.4400005,26.2120857,0.0231008343,0.107555851,1.0843115e-05,30,1.07599998,2
793210400001234,83132886,2458585.8312115101,58585.328865700001,19.3913155,0.0782206357,0,zr,226.83016019999999,55.747150599999998,0.5,0.0260000005,20190412328843,793,0xa,0x4,21.5599995,26.1888409,0.022237787,0.108259149,1.00354982e-05,30,1.12,2
793210400001234,83141598,2458585.9183288137,58585.415983799998,19.3878326,0.0780107155,0,zr,226.830174,55.7471666,0.833999991,0.0590000004,20190412415972,793,0xa,0x4,21.5499992,26.1624985,0.0222815052,0.108605154,1.00026846e-05,30,1.08099997,2
793210400001234,83232149,2458586.823829446,58586.321493099997,19.204052,0.0676690415,0,zr,226.830139,55.747171399999999,0.652999997,-0.0469999984,20190413321493,793,0xa,0x4,21.2700005,26.1926842,0.0247945581,0.118669897,1.25100205e-05,30,1.12699997,2
793210400001234,83232486,2458586.827197412,58586.324861100002,19.381834,0.0776504651,0,zr,226.8301932,55.747175200000001,1.13800001,-0.00100000005,20190413324850,793,0xa,0x4,21.3299999,26.2144165,0.0233424883,0.109863162,1.10202955e-05,30,1.12199998,1
793210400001234,83234680,2458586.849141703,58586.346805599998,19.4237137,0.0801984891,0,zr,226.830196,55.747158900000002,1.06099999,-0.0260000005,20190413346771,793,0xa,0x4,21.25,26.2102757,0.0226474404,0.108171113,1.03731281e-05,30,1.09500003,2
793210400001234,83236443,2458586.8667688314,58586.364432900002,19.3502464,0.0757791921,0,zr,226.8301405,55.7471873,0.74000001,0.0350000001,20190413364398,793,0xa,0x4,21.2000008,26.2078609,0.0236202702,0.110511608,1.13029791e-05,30,1.08200002,2
793210400001234,83339071,2458587.8930430692,58587.390717599999,19.2385216,0.0695013851,0,zr,226.8302003,55.7471478,0.961000025,-0.126000002,20190414390718,793,0xa,0x4,20.5100002,25.8021507,0.0309717804,0.11136996,1.95200992e-05,30,1.07500005,2
793210400001234,83340128,2458587.9036100483,58587.401284699998,19.3539314,0.0759953186,32768,zr,226.83030289999999,55.747234900000002,0.699000001,-0.0599999987,20190414401262,793,0xa,0x4,20.2700005,25.6863899,0.0340213813,0.116382681,2.35849038e-05,30,1.07700002,2
793210400001234,83343630,2458587.9386328817,58587.436307900003,19.4164124,0.079748705,32768,zr,226.83015119999999,55.747196899999999,1.36199999,-0.108000003,20190414436273,793,0xa,0x4,20.4899998,25.6060429,0.0306727588,0.118157737,1.9122981e-05,30,1.102,2
793210400001234,83435267,2458588.8549886527,58588.352673599999,19.3952332,0.0784573257,0,zr,226.83017860000001,55.747180200000003,0.893000007,-0.0850000009,20190415352639,793,0xa,0x4,20.9899998,26.0997467,0.0261047073,0.114944212,1.37349325e-05,30,1.08500004,2
793210400001234,83437187,2458588.8741898402,58588.371874999997,19.3159561,0.0737964809,32768,zr,226.8301185,55.747209499999997,0.254000008,0.0309999995,20190415371875,793,0xa,0x4,20.0200005,25.5545216,0.0596308857,0.0983115286,7.60549301e-05,30,1.07599998,2
793210400001234,83530575,2458589.808056457,58589.305752300002,19.3236866,0.0742390454,32768,zr,226.8300783,55.747195499999997,0.50999999,-0.108000003,20190416305718,793,0xa,0x4,19.4500008,25.4863033,0.0632777438,0.0847982392,0.000101352067,30,1.13999999,2
793210400001234,83739255,2458591.8948362791,58591.392557899999,19.3362007,0.0749609768,0,zr,226.83020930000001,55.747171100000003,0.740999997,0.0120000001,20190418392558,793,0xa,0x4,20.5100002,26.2247868,0.0292039234,0.120833583,1.7332366e-05,30,1.07799995,2
793210400001234,83741026,2458591.9125443436,58591.4102662,19.3129921,0.0736274049,0,zr,226.83024449999999,55.747202100000003,0.340000004,-0,20190418410231,793,0xa,0x4,20.3199997,26.2126141,0.0320987739,0.12129055,2.09810369e-05,30,1.08800006,2
793210400001234,83742098,2458591.9232618045,58591.420983800002,19.3584671,0.076262027,0,zr,226.83026910000001,55.747171999999999,0.448000014,-0.0900000036,20190418420961,793,0xa,0x4,20.25,26.2121124,0.0305471532,0.112760276,1.89253478e-05,30,1.09800005,2
793210400001234,83836774,2458592.870008511,58592.367743100003,19.5905933,0.0911314189,0,zr,226.83010479999999,55.747207699999997,1.18900001,-0.00400000019,20190419367708,793,0xa,0x4,19.9699993,26.0105419,0.0518665202,0.102968134,5.59127548e-05,30,1.07500005,2
793210400001234,83935565,2458593.8579113875,58593.355659699999,19.355999,0.0761167854,0,zr,226.83020690000001,55.747170599999997,0.683000028,-0.0879999995,20190420355660,793,0xa,0x4,20.5599995,26.2150116,0.0274303649,0.121443197,1.53134861e-05,30,1.07700002,2
793210400001234,83938633,2458593.8885822501,58593.386331000002,19.4150009,0.0796620175,0,zr,226.8301932,55.7472007,1.01199996,0.0189999994,20190420386331,793,0xa,0x4,20.9599991,26.2476826,0.0302067325,0.107698895,1.86905472e-05,30,1.07799995,2
793210400001234,83941547,2458593.9177253363,58593.415474499998,19.2820778,0.0718864799,0,zr,226.83025889999999,55.7471453,0.802999973,-0.0430000015,20190420415440,793,0xa,0x4,20.6100006,26.2507629,0.0258991141,0.104127295,1.37246689e-05,30,1.09800005,2
793210400001234,84035377,2458594.8560103178,58594.353773100003,19.4653072,0.0828058496,0,zr,226.83011200000001,55.747264100000002,0.379000008,0.0649999976,20190421353762,793,0xa,0x4,20.2000008,26.1987915,0.0289985482,0.119051144,1.70510029e-05,30,1.07700002,2
793210400001234,84228962,2458596.791837065,58596.289629600004,19.398674,0.0786657706,0,zr,226.8301616,55.747162299999999,0.680000007,0.075000003,20190423289595,793,0xa,0x4,21.1100006,26.2082672,0.0263182092,0.121011481,1.39415843e-05,30,1.13499999,2
793210400001234,84230120,2458596.8034109804,58596.301203700001,19.235487,0.0693380982,0,zr,226.83016470000001,55.747203399999997,0.665000021,-0.0979999974,20190423301204,793,0xa,0x4,20.7299995,26.2143631,0.037499968,0.111987688,2.83105146e-05,30,1.11600006,1
793210400001234,84230725,2458596.8094640877,58596.3072569,19.3130474,0.0736305937,0,zr,226.83023420000001,55.747167699999999,0.861000001,-0.0270000007,20190423307257,793,0xa,0x4,20.9500008,26.2087193,0.0260212757,0.111752383,1.36629005e-05,30,1.10800004,2
793210400001234,84231858,2458596.8207950108,58596.318588000002,19.3372517,0.07502193,0,zr,226.830162,55.747167699999999,0.727999985,0.0469999984,20190423318588,793,0xa,0x4,21.1599998,26.204155,0.0251720455,0.112094425,1.27905587e-05,30,1.09599996,2
793210400001234,84333672,2458597.838914962,58597.336724499997,19.3330994,0.0747814104,0,zr,226.83013439999999,55.747166,0.423000008,-0.0560000017,20190424336725,793,0xa,0x4,21.3799992,26.2130451,0.0253053531,0.109290026,1.30917724e-05,30,1.08000004,2
793210400001234,84337104,2458597.8732315931,58597.371041699997,19.3746033,0.0772182718,0,zr,226.83016090000001,55.747183700000001,0.76700002,-0.0839999989,20190424371042,793,0xa,0x4,21.4400005,26.226469,0.0261847079,0.11052756,1.40029615e-05,30,1.07599998,2
793210400001234,84339271,2458597.8949094336,58597.392719900003,19.3317947,0.0747060403,0,zr,226.83020780000001,55.747159600000003,1.12800002,-0.0900000036,20190424392685,793,0xa,0x4,21.4099998,26.2258224,0.0244839936,0.10975112,1.22836764e-05,30,1.08700001,2
793210400001234,84430993,2458598.812104668,58598.3099306,19.352335,0.0759015828,0,zr,226.83015040000001,55.7471453,0.801999986,-0.00800000038,20190425309907,793,0xa,0x4,21.8299999,26.1908817,0.0273642503,0.106334247,1.51813656e-05,30,1.09899998,2
793210400001234,84542837,2458599.9308813666,58599.428379600002,19.3720951,0.0770688951,0,zr,226.8301836,55.747157399999999,0.686999977,-0.0769999996,20190426428299,793,0xa,0x4,21.8500004,27.2859097,0.0216410328,0.109653726,9.58670171e-06,90,1.13800001,2
793210400001234,85138827,2458605.8903140537,58605.388275500001,19.3564777,0.0761449784,0,zr,226.8301898,55.747193000000003,1.27600002,-0.00600000005,20190502388264,793,0xa,0x4,21.3400002,26.0912113,0.026334269,0.111021921,1.39994272e-05,30,1.10399997,2
793210400001234,85229863,2458606.8006534092,58606.298634300001,19.3619423,0.076467067,0,zr,226.83020640000001,55.747153300000001,0.563000023,-0.0109999999,20190503298611,793,0xa,0x4,21.6000004,26.1868782,0.0225286074,0.109871425,1.04015207e-05,30,1.08899999,2
793210400001234,85231986,2458606.8218797548,58606.319861099997,19.3434448,0.0753819495,0,zr,226.8301932,55.7471435,0.586000025,0.0820000023,20190503319838,793,0xa,0x4,21.7199993,26.1767292,0.0234092809,0.113982275,1.1211956e-05,30,1.07700002,2
793210400001234,85234464,2458606.8466593158,58606.344641199998,19.372364,0.0770849288,0,zr,226.8302051,55.747184799999999,1.00399995,0.0289999992,20190503344641,793,0xa,0x4,21.7600002,26.1921101,0.0248349756,0.112153582,1.27117519e-05,30,1.07599998,1
793210400001234,85236070,2458606.8627237701,58606.360705999999,19.3220539,0.0741453841,0,zr,226.8301778,55.7471587,0.990999997,-0.118000001,20190503360706,793,0xa,0x4,21.7700005,26.1872063,0.0225791428,0.108768344,1.04333667e-05,30,1.08200002,2
793210400001234,85324173,2458607.7437345712,58607.241736099997,19.4006424,0.0787853152,0,zr,226.83016689999999,55.747198099999999,0.472000003,-0.0540000014,20190504241736,793,0xa,0x4,21.0300007,26.1598244,0.0263768714,0.118548259,1.42457202e-05,30,1.16999996,2
793210400001234,85334393,2458607.8459314308,58607.343935199999,19.450634,0.0818772912,0,zr,226.83019780000001,55.747183399999997,1.05700004,-0.0649999976,20190504343935,793,0xa,0x4,21.75,26.2070866,0.0257088486,0.109445445,1.3589417e-05,30,1.07599998,2
793210400001234,85337346,2458607.8754561748,58607.3734606,19.3755341,0.0772737935,0,zr,226.83017359999999,55.747165699999996,0.367000014,0.0710000023,20190504373426,793,0xa,0x4,21.9099998,26.1985455,0.0241484456,0.103464007,1.20103132e-05,30,1.09399998,2
793210400001234,85435126,2458608.8532352382,58608.351261600001,19.319685,0.0740096718,0,zr,226.8301184,55.747137100000003,0.755999982,-0.0500000007,20190505351250,793,0xa,0x4,21.2800007,26.1084213,0.0240209531,0.112983599,1.17725385e-05,30,1.08000004,2
793210400001234,85437393,2458608.8759083161,58608.373935199998,19.3005886,0.0729240626,0,zr,226.83020210000001,55.74718,0.637000024,0.0219999999,20190505373900,793,0xa,0x4,21.0699997,26.008337,0.0254881494,0.112374008,1.33247813e-05,30,1.097,2
793210400001234,85439623,2458608.8982110019,58608.396238399997,19.4736042,0.083335191,0,zr,226.83017910000001,55.747211700000001,0.593999982,0.0320000015,20190505396215,793,0xa,0x4,21.1200008,26.1423645,0.0255690645,0.112282403,1.32689784e-05,30,1.12600005,2
793210400001234,85822611,2458612.7279929211,58612.226111099997,19.2951984,0.0726204887,0,zr,226.83017609999999,55.747150599999998,1.03699994,0.0280000009,20190509226111,793,0xa,0x4,21.8899994,26.1726494,0.0246739574,0.11014729,1.23937034e-05,30,1.17400002,2
793210400001234,85824137,2458612.7432587501,58612.241377300001,19.3451023,0.0754785538,0,zr,226.83019250000001,55.747156599999997,0.583999991,-0.0149999997,20190509241354,793,0xa,0x4,21.8899994,26.1787128,0.0253678858,0.107421316,1.30129401e-05,30,1.14300001,2
793210400001234,85834733,2458612.8492168472,58612.347338,19.3866596,0.0779401436,0,zr,226.83014660000001,55.747162199999998,1.08299994,0.100000001,20190509346863,793,0xa,0x4,21.9799995,26.1822777,0.0231347363,0.111024119,1.08486111e-05,30,1.08399999,2
793210400001234,85834824,2458612.8501195242,58612.348240699997,19.3926811,0.0783030316,0,zr,226.83018379999999,55.747172800000001,0.757000029,-0.0130000003,20190509348241,793,0xa,0x4,22.0400009,26.1852627,0.0257601682,0.110732719,1.34031425e-05,30,1.08500004,1
793210400001234,86218716,2458616.6889447528,58616.187164399998,19.2867069,0.0721446574,0,zr,226.83019329999999,55.747175599999998,0.578999996,-0.0500000007,20190513187164,793,0xa,0x4,21.1200008,26.1164227,0.0269745924,0.115162358,1.47781175e-05,30,1.25100005,2
793210400001234,86230797,2458616.8097516811,58616.3079745,19.3936424,0.0783611536,0,zr,226.83018179999999,55.747148299999999,0.179000005,0.023,20190513307975,793,0xa,0x4,21.3799992,26.1760521,0.0237112902,0.107963733,1.15088615e-05,30,1.07500005,2
793210400001234,86230886,2458616.8106428538,58616.308865699997,19.4357567,0.0809455663,0,zr,226.83019160000001,55.747182899999999,0.74000001,-0.074000001,20190513308866,793,0xa,0x4,21.3700008,26.170187,0.0284578279,0.111190431,1.66000718e-05,30,1.07500005,1
793210400001234,86236680,2458616.8685812061,58616.366805600002,19.3433266,0.0753750727,0,zr,226.83017709999999,55.747182000000002,0.708000004,-0.0370000005,20190513366771,793,0xa,0x4,21.3500004,26.1659279,0.0230099019,0.114119023,1.07952992e-05,30,1.11399996,2
793210400001234,86329890,2458617.8006511042,58617.298900499998,19.3744659,0.0772100985,0,zr,226.83018469999999,55.747152100000001,0.481000006,0.00300000003,20190514298900,793,0xa,0x4,21.3299999,26.1941509,0.0288002882,0.105457567,1.71910269e-05,30,1.07500005,2
793210400001234,86430740,2458618.8091305024,58618.307407400003,19.3533916,0.0759636238,0,zr,226.83027709999999,55.747188800000004,1.21800005,0.0120000001,20190515307234,793,0xa,0x4,21.0100002,26.1658535,0.0269698836,0.0993077606,1.50118494e-05,30,1.07500005,2
793210400001234,86532856,2458619.8302596011,58619.328564800002,19.4542408,0.0821046233,0,zr,226.8301452,55.747194299999997,0.665000021,0.00300000003,20190516328565,793,0xa,0x4,20.4400005,26.1576252,0.029850224,0.110450581,1.82514777e-05,30,1.08399999,1
793210400001234,86532996,2458619.8316600649,58619.329965299999,19.2810593,0.0718298331,0,zr,226.83021289999999,55.747167599999997,0.349000007,0.104000002,20190516329919,793,0xa,0x4,20.2800007,26.076395,0.03458637,0.113359056,2.43339837e-05,30,1.08500004,2
793210400001234,86534188,2458619.8435810152,58619.341886599999,19.2549343,0.0703909323,0,zr,226.83021220000001,55.747319599999997,0.961000025,-0.0680000037,20190516341887,793,0xa,0x4,20,26.0784168,0.034316171,0.117077895,2.39156125e-05,30,1.09500003,2
793210400001234,87336697,2458627.8684361964,58627.3669792,19.3869419,0.0779571384,0,zr,226.83019709999999,55.747183800000002,1.36500001,0.0579999983,20190524366979,793,0xa,0x4,21.5100002,26.1882038,0.0263270196,0.102543965,1.42546833e-05,30,1.16799998,2
793210400001234,87429346,2458628.7948885993,58628.293460599998,19.3048592,0.0731655285,0,zr,226.8302012,55.747180399999998,0.540000021,0.0460000001,20190525293148,793,0xa,0x4,21.6900005,26.1703568,0.0253477506,0.104217775,1.30980416e-05,30,1.079,2
793210400001234,87429436,2458628.7957913699,58628.294363399997,19.4072571,0.0791880339,0,zr,226.83018569999999,55.747189599999999,1.20799994,-0.0480000004,20190525294363,793,0xa,0x4,21.7000008,26.1717358,0.0270789079,0.106898151,1.48531499e-05,30,1.079,1
793210400001234,87431631,2458628.8177466779,58628.316319400001,19.3556366,0.0760954767,0,zr,226.83019780000001,55.7471709,1.06099999,-0.0289999992,20190525316285,793,0xa,0x4,21.6499996,26.1631298,0.0237581711,0.104114935,1.15776947e-05,30,1.09399998,2
793210400001234,87828010,2458632.7814039215,58632.280104199999,19.3140869,0.0736898407,0,zr,226.83018480000001,55.7471745,0.941999972,-0.0540000014,20190529280081,793,0xa,0x4,21.5499992,26.1756401,0.0248788632,0.115761623,1.27083349e-05,30,1.07799995,1
793210400001234,88125842,2458635.7596263965,58635.2584259,19.3238697,0.0742495805,0,zr,226.8301998,55.747175800000001,1.32799995,0.0450000018,20190601258426,793,0xa,0x4,21.8600006,26.198513,0.0252928026,0.111260101,1.31870056e-05,30,1.07500005,1
793210400001234,88423784,2458638.7389458157,58638.237847199998,19.4089699,0.0792926624,0,zr,226.8301955,55.7471867,0.957000017,-0.0399999991,20190604237847,793,0xa,0x4,21.7700005,26.1859894,0.0226021819,0.109334417,1.05288482e-05,30,1.07599998,2
793210400001234,88425518,2458638.756283218,58638.255185200003,19.3790169,0.0774818435,0,zr,226.83018300000001,55.747165000000003,0.550999999,0.00300000003,20190604255162,793,0xa,0x4,21.8199997,26.1776752,0.0223592073,0.112656534,1.02911963e-05,30,1.07500005,2
793210400001234,88425699,2458638.7580886539,58638.2569907,19.3389015,0.0751176849,0,zr,226.83014919999999,55.7471751,0.202000007,-0.0160000008,20190604256991,793,0xa,0x4,21.8199997,26.1776314,0.0230895095,0.113031805,1.09797002e-05,30,1.07599998,1
793210400001234,88427383,2458638.7749283724,58638.273830999999,19.4071465,0.0791813433,0,zr,226.83017430000001,55.7471611,0.474000007,0.0189999994,20190604273831,793,0xa,0x4,21.8799992,26.1771374,0.0240691826,0.107232846,1.1917823e-05,30,1.08200002,2
793210400001234,88528375,2458639.7848122837,58639.283750000002,19.3222313,0.0741555765,0,zr,226.83018190000001,55.747157299999998,0.465999991,-0.00899999961,20190605283738,793,0xa,0x4,21.8799992,26.1913185,0.0235482566,0.108539276,1.12916205e-05,30,1.09200001,2
793210400001234,88530907,2458639.8101354954,58639.309074099998,19.3272305,0.0744428113,0,zr,226.83018250000001,55.747154799999997,0.218999997,0.00100000005,20190605309051,793,0xa,0x4,21.8199997,26.1825104,0.0238780305,0.111917078,1.16268575e-05,30,1.12199998,2
793210400001234,88532254,2458639.8236072212,58639.322546299998,19.4211369,0.080039531,0,zr,226.8302123,55.747167099999999,0.936999977,-0.101999998,20190605322546,793,0xa,0x4,21.8299999,26.1765003,0.0233263019,0.107838042,1.11001054e-05,30,1.14400005,2
793210400001234,88624057,2458640.741607504,58640.240578700003,19.3779106,0.0774157047,0,zr,226.8301884,55.747180700000001,1.02699995,-0.0219999999,20190606240498,793,0xa,0x4,21.8400002,26.1868458,0.0261527337,0.106888451,1.39085369e-05,30,1.07500005,2
793210400001234,88626932,2458640.7703564935,58640.2693287,19.4968033,0.0848317519,0,zr,226.8301481,55.747171199999997,0.731999993,-0.0289999992,20190606269294,793,0xa,0x4,21.7299995,26.1889114,0.0231288932,0.111535855,1.08730364e-05,30,1.08299994,2
793210400001234,88629173,2458640.792763107,58640.2917361,19.4073162,0.0791916773,0,zr,226.83020809999999,55.747144300000002,0.97299999,0.164000005,20190606291701,793,0xa,0x4,21.8299999,26.1708927,0.0241201352,0.112524793,1.16531792e-05,30,1.10300004,2
793210400001234,88728899,2458641.7899849624,58641.288993100003,19.4272614,0.0804178864,0,zr,226.83020010000001,55.747180299999997,0.536000013,-0.0500000007,20190607288993,793,0xa,0x4,22.0100002,26.2084694,0.0243105143,0.106584072,1.20751583e-05,30,1.102,2
793210400001234,88730351,2458641.8045098451,58641.303518499997,19.3958015,0.0784917474,0,zr,226.83017000000001,55.747175300000002,0.661000013,0.0829999968,20190607303484,793,0xa,0x4,22.0400009,26.2181816,0.0247652885,0.101777777,1.22765914e-05,30,1.12199998,1
793210400001234,88730447,2458641.8054705132,58641.3044792,19.3755646,0.0772756413,0,zr,226.83019830000001,55.747157899999998,0.556999981,0.0439999998,20190607304444,793,0xa,0x4,22.0400009,26.2129097,0.0260294024,0.107847579,1.35526607e-05,30,1.12300003,2
793210400001234,88732043,2458641.8214305434,58641.320439800002,19.4172287,0.0797988847,0,zr,226.8301793,55.7471593,1.278,-0.0320000015,20190607320440,793,0xa,0x4,21.9799995,26.200346,0.0229918566,0.106104232,1.06568368e-05,30,1.15100002,2
793210400001234,88926987,2458643.7707940978,58643.269872700002,19.3249493,0.0743116289,0,zr,226.83019519999999,55.747166800000002,0.620999992,-0.0450000018,20190609269850,793,0xa,0x4,21.5100002,26.2198029,0.0226025879,0.106449261,1.03625443e-05,30,1.08899999,2
793210400001234,88929089,2458643.7918118434,58643.290891199998,19.4240952,0.0802220628,0,zr,226.8302161,55.747150099999999,0.799000025,-0.103,20190609290868,793,0xa,0x4,21.5200005,26.2079487,0.0242564455,0.109038502,1.18221615e-05,30,1.11099994,2
793210400001234,89026650,2458644.7673902325,58644.266504599997,19.4944363,0.0846780017,0,zr,226.8301749,55.747133400000003,1.06299996,0.0260000005,20190610266505,793,0xa,0x4,21.3999996,26.2065468,0.0244616047,0.112368271,1.22890742e-05,30,1.08899999,1
793210400001234,89026740,2458644.7682929966,58644.267407400002,19.3381805,0.0750758201,0,zr,226.8301707,55.7471715,0.89200002,0.0439999998,20190610267407,793,0xa,0x4,21.4099998,26.2042923,0.02564626,0.106963411,1.34665333e-05,30,1.08899999,2
793210400001234,89028972,2458644.7906069891,58644.289722200003,19.3285179,0.0745169669,0,zr,226.8302271,55.7471885,0.32100001,-0.0480000004,20190610289699,793,0xa,0x4,21.3700008,26.1990891,0.0237022098,0.113528796,1.13178066e-05,30,1.11399996,2
793210400001234,89031055,2458644.8114396352,58644.310555600001,19.3036919,0.0730994791,0,zr,226.83022690000001,55.747168100000003,0.765999973,0.111000001,20190610310532,793,0xa,0x4,21.5599995,26.1995945,0.0241523311,0.108087264,1.19483193e-05,30,1.14699996,2
793210400001234,89222072,2458646.7215441409,58646.220729200002,19.3353348,0.0749108419,0,zr,226.83020429999999,55.747165299999999,0.973999977,-0.075000003,20190612220729,793,0xa,0x4,21.3400002,26.2175388,0.0267643835,0.111534968,1.46009015e-05,30,1.07500005,2
793210400001234,89223910,2458646.7399230707,58646.2391088,19.4183178,0.0798658952,0,zr,226.8301941,55.747183300000003,0.38499999,0.0520000011,20190612239074,793,0xa,0x4,21.1900005,26.158186,0.0297768749,0.106718495,1.81603482e-05,30,1.07700002,2
793210400001234,89324344,2458647.7442267719,58647.243449100002,19.4564629,0.0822449774,0,zr,226.8302237,55.747169800000002,1.20099998,0.00499999989,20190613243414,793,0xa,0x4,21.0300007,26.2005196,0.0236979499,0.117163844,1.1452641e-05,30,1.079,2
793210400001234,89324531,2458647.7460901029,58647.245312500003,19.425457,0.0803062767,0,zr,226.8301822,55.747160800000003,0.699000001,-0.0700000003,20190613245278,793,0xa,0x4,21.2199993,26.2055702,0.0265964102,0.105778553,1.44038268e-05,30,1.08000004,1
793210400001234,89326584,2458647.7666217512,58647.265844900001,19.3300533,0.0746054947,0,zr,226.8302023,55.747156699999998,0.573000014,0.0599999987,20190613265810,793,0xa,0x4,21.1299992,26.2037392,0.0258427337,0.116248123,1.35658829e-05,30,1.09500003,2
793210400001234,89328991,2458647.7906949627,58647.289919000003,19.4186821,0.0798882693,0,zr,226.83011479999999,55.747169599999999,0.809000015,0.149000004,20190613289907,793,0xa,0x4,21.0300007,26.2093945,0.0234265737,0.108552285,1.12234966e-05,30,1.12600005,2
793210400001234,89420780,2458648.7085432685,58648.207800900003,19.4825764,0.0839111507,0,zr,226.83015879999999,55.747162500000002,0.750999987,-0.158000007,20190614207801,793,0xa,0x4,20.3199997,26.1893845,0.0277223866,0.120643988,1.57428112e-05,30,1.07599998,2
793210400001234,89421775,2458648.7184966044,58648.217754600002,19.4300079,0.0805881247,0,zr,226.8302486,55.747188899999998,0.762000024,0.0299999993,20190614217720,793,0xa,0x4,20.7199993,26.178791,0.027269423,0.123626634,1.5177784e-05,30,1.07500005,2
793210400001234,89424184,2458648.7425814169,58648.241840299997,19.4498482,0.0818277746,0,zr,226.83017699999999,55.747201500000003,0.697000027,-0.0399999991,20190614241806,793,0xa,0x4,20.8199997,26.2043591,0.0243041776,0.109989718,1.19217402e-05,30,1.08000004,2
793210400001234,89524253,2458649.7432390312,58649.242534700003,19.4150505,0.0796651021,0,zr,226.8302415,55.747158900000002,0.86500001,-0.172999993,20190615242535,793,0xa,0x4,20.8299999,26.1699543,0.0258455928,0.10964746,1.3597617e-05,30,1.08200002,2
793210400001234,89526391,2458649.7646155399,58649.263912000002,19.3806896,0.0775819197,0,zr,226.83022460000001,55.747161499999997,0.84799999,0.0430000015,20190615263912,793,0xa,0x4,20.8400002,26.1762295,0.0249657966,0.110764988,1.26207397e-05,30,1.09899998,2
793210400001234,89529035,2458649.7910613576,58649.290358799997,19.3691025,0.0768910572,0,zr,226.8302328,55.747182000000002,0.549000025,-0.0299999993,20190615290359,793,0xa,0x4,20.7800007,26.1605492,0.0330497175,0.107112676,2.19131452e-05,30,1.13600004,2
793210400001234,89624364,2458650.7443131749,58650.243645800001,19.4394379,0.0811751857,0,zr,226.83014180000001,55.747149399999998,0.907000005,-0.0299999993,20190616243634,793,0xa,0x4,20.9799995,26.2000713,0.034300942,0.108867027,2.40740665e-05,30,1.08399999,2
793210400001234,89626515,2458650.7658170797,58650.265150500003,19.3498554,0.0757562965,0,zr,226.8302731,55.747156699999998,0.75,0.0299999993,20190616265150,793,0xa,0x4,20.9599991,26.2081814,0.0292416364,0.110154092,1.7459126e-05,30,1.10300004,2
793210400001234,89626605,2458650.7667197422,58650.266053200001,19.5859451,0.0908097327,0,zr,226.83020200000001,55.747177100000002,0.680000007,-0.0390000008,20190616266053,793,0xa,0x4,20.9899998,26.2002716,0.0285083596,0.106999144,1.66482478e-05,30,1.10399997,1
793210400001234,89728490,2458651.7855361844,58651.284907399997,19.2354069,0.0693338066,0,zr,226.83017649999999,55.747163299999997,0.898999989,-0.128000006,20190617284884,793,0xa,0x4,20.6200008,26.2189312,0.0295275748,0.123238206,1.76135691e-05,30,1.13600004,2
793210400001234,89828223,2458652.7828255016,58652.282233799997,19.5105782,0.0857318416,0,zr,226.8301889,55.7471654,0.405999988,0.0240000002,20190618282234,793,0xa,0x4,20.8500004,26.172617,0.0309012681,0.114394516,1.92941588e-05,30,1.13600004,2
793210400001234,89829875,2458652.799341083,58652.298750000002,19.2806759,0.0718084872,0,zr,226.83022539999999,55.747154199999997,0.617999971,0.0900000036,20190618298750,793,0xa,0x4,20.8199997,26.1701775,0.0276052877,0.108678341,1.53117271e-05,30,1.16799998,2
793210400001234,89832118,2458652.8217708357,58652.321180600004,19.3362007,0.0749609768,0,zr,226.8301754,55.747169900000003,0.458000004,0.00899999961,20190618321169,793,0xa,0x4,20.7600002,26.1541119,0.0269642361,0.117428809,1.46933353e-05,30,1.22599995,2
793210400001234,89919427,2458653.6948284758,58653.194270799999,19.4914169,0.0844821557,32768,zr,226.8302668,55.747444600000001,1.273,-0.0520000011,20190619194236,793,0xa,0x4,20.5599995,26.8953915,0.04126928,0.113469362,5.32236845e-05,30,1.07599998,1
793210400001234,89919517,2458653.6957312599,58653.195173599997,19.3787327,0.0774648041,0,zr,226.83015750000001,55.747185100000003,1.12899995,-0.193000004,20190619195174,793,0xa,0x4,21.2199993,26.1677647,0.025480032,0.113235302,1.32666437e-05,30,1.07599998,2
793210400001234,89921760,2458653.7181610256,58653.217604199999,19.3627853,0.0765168667,0,zr,226.83025559999999,55.747190099999997,0.883000016,0.123000003,20190619217604,793,0xa,0x4,21.0100002,26.1631775,0.025041867,0.122421466,1.26314044e-05,30,1.07599998,2
793210400001234,90018737,2458654.6878932533,58654.187372699998,19.3632736,0.076545693,0,zr,226.8302405,55.747207099999997,0.867999971,-0.0700000003,20190620187361,793,0xa,0x4,21.3099995,26.1594486,0.0257297345,0.116785802,1.35386927e-05,30,1.07799995,2
793210400001234,90020276,2458654.7032861752,58654.202766199996,19.384304,0.0777986199,0,zr,226.83016620000001,55.747204699999998,0.962000012,0.0359999985,20190620202708,793,0xa,0x4,21.7299995,26.1685123,0.0259493347,0.113106437,1.35617374e-05,30,1.07500005,2
793210400001234,90022341,2458654.7239336069,58654.223414400003,19.3843079,0.0777988359,0,zr,226.83019340000001,55.747155399999997,0.737999976,-0.0649999976,20190620223403,793,0xa,0x4,21.4799995,26.1751251,0.0240498949,0.108385049,1.17102754e-05,30,1.079,2
793210400001234,90118277,2458655.6832610341,58655.182777800001,19.3681183,0.0768326148,0,zr,226.8302425,55.7471283,0.537999988,-0.0270000007,20190621182778,793,0xa,0x4,21.0400009,26.2025108,0.0253668446,0.116199426,1.31119468e-05,30,1.07799995,2
793210400001234,90120541,2458655.7058990789,58655.205416700002,19.3382378,0.0750791281,0,zr,226.8301975,55.747191800000003,1.22899997,-0.00200000009,20190621205405,793,0xa,0x4,20.7199993,26.1996078,0.028077418,0.112742156,1.61013577e-05,30,1.07500005,2
793210400001234,90122457,2458655.7250534534,58655.224571799998,19.3624191,0.0764952451,0,zr,226.83005410000001,55.747196700000003,0.56400001,-0.00100000005,20190621224572,793,0xa,0x4,20.6800003,26.1837826,0.0298382081,0.115036972,1.82098356e-05,30,1.08099997,2
793210400001234,90326607,2458657.7664812235,58657.266076400003,19.3700962,0.0769500956,0,zr,226.83016029999999,55.7471994,0.967999995,-0.075000003,20190623266053,793,0xa,0x4,21.2600002,26.186224,0.0287225824,0.108267896,1.67268645e-05,30,1.13100004,1
793210400001234,90424126,2458658.7416296271,58658.2412616,19.3467712,0.0755759701,0,zr,226.8301945,55.7471867,0.827000022,-0.0170000009,20190624241181,793,0xa,0x4,21.9099998,26.1959267,0.0251441989,0.10834989,1.29513464e-05,30,1.10099995,2
793210400001234,90624086,2458660.7411604989,58660.240868100002,19.3356323,0.0749280304,0,zr,226.83020519999999,55.747158300000002,1.28400004,-0.0670000017,20190626240845,793,0xa,0x4,21.8899994,26.2128677,0.0238209162,0.108717188,1.1685559e-05,30,1.10699999,1
793210400001234,90624181,2458660.7421094626,58660.241817100003,19.4724693,0.0832626149,0,zr,226.83019709999999,55.747157000000001,0.861999989,-0.0370000005,20190626241794,793,0xa,0x4,21.9300003,26.2247047,0.0238426998,0.104097389,1.17179998e-05,30,1.10800004,2
793210400001234,90720725,2458661.7075126898,58661.207256900001,19.3729458,0.0771195516,0,zr,226.83015739999999,55.747183,1.16199994,0.0309999995,20190627207187,793,0xa,0x4,21.6000004,26.1959057,0.024230117,0.107448913,1.1920778e-05,30,1.08000004,2
793210400001234,90731070,2458661.8109578397,58661.310705999997,19.3301048,0.0746084526,0,zr,226.83019859999999,55.747180700000001,0.805999994,-0.057,20190627310706,793,0xa,0x4,21.4099998,26.1893177,0.023736611,0.112914704,1.13670176e-05,30,1.27100003,2
793210400001234,90823984,2458662.7400661418,58662.239849500002,19.4104118,0.0793808624,0,zr,226.83022510000001,55.747175800000001,0.601999998,-0.0719999969,20190628239850,793,0xa,0x4,21.6900005,26.2076073,0.0232066885,0.108683661,1.11225954e-05,30,1.11300004,2
793210400001234,90920408,2458663.704265675,58663.204085600002,19.3430405,0.0753584057,0,zr,226.8301745,55.747172900000002,0.52700001,0.0299999993,20190629204086,793,0xa,0x4,21.2700005,26.1330681,0.0236784779,0.111843914,1.13056794e-05,30,1.08200002,1
793210400001234,90920498,2458663.7051684419,58663.204988400001,19.4074001,0.079196766,0,zr,226.830195,55.747169900000003,0.589999974,0.0329999998,20190629204988,793,0xa,0x4,21.3899994,26.1214218,0.0242089685,0.104351126,1.17794916e-05,30,1.08200002,2
793210400001234,90931034,2458663.8105232171,58663.3103472,19.4218845,0.0800856203,0,zr,226.8302635,55.747145000000003,0.927999973,-0.104999997,20190629310347,793,0xa,0x4,20.9200001,26.1700096,0.0315892026,0.11538776,2.00859104e-05,30,1.28900003,2
793210400001234,91126590,2458665.7660046611,58665.265902799998,19.3245468,0.07428848,0,zr,226.8302075,55.7471727,0.764999986,-0.0140000004,20190701265868,793,0xa,0x4,21.8299999,26.2036629,0.0260553062,0.106680505,1.37637708e-05,30,1.17400002,2
793210400001234,91321836,2458667.7183959926,58667.218368100002,19.3549156,0.0760530978,0,zr,226.83020350000001,55.747163899999997,0.70599997,-0.0890000015,20190703218368,793,0xa,0x4,21.7999992,26.224369,0.0262352619,0.108899623,1.40623633e-05,30,1.10300004,1
793210400001234,91418234,2458668.6823409223,58668.182349499999,19.3039093,0.0731117502,0,zr,226.8301793,55.747173099999998,0.915000021,-0.0199999996,20190704182350,793,0xa,0x4,21.7600002,26.2179241,0.0267699696,0.104113817,1.47359215e-05,30,1.07799995,2
793210400001234,91630603,2458670.80594132,58670.3060301,19.388176,0.0780313835,0,zr,226.83018609999999,55.747150300000001,0.61500001,0.0460000001,20190706306030,793,0xa,0x4,21.6299992,26.1652374,0.0226686113,0.113201216,1.05058643e-05,30,1.34899998,1
793210400001234,92220533,2458676.7050263397,58676.205335600003,19.452877,0.0820185691,0,zr,226.8301903,55.747149100000001,1.5,0.00499999989,20190712205255,793,0xa,0x4,20.8500004,26.180563,0.0261328351,0.120597996,1.41161163e-05,30,1.11800003,1
793210400001234,92519452,2458679.6941062231,58679.194525500003,19.3944645,0.0784108192,0,zr,226.8301883,55.747174399999999,0.758000016,-0.0689999983,20190715194456,793,0xa,0x4,21.0699997,26.2333279,0.0264275689,0.109692484,1.43010157e-05,30,1.11399996,1
793210400001234,92824174,2458682.7412177962,58682.241747699998,19.3074036,0.0733097047,0,zr,226.83021220000001,55.7471709,0.763999999,0.0130000003,20190718241736,793,0xa,0x4,21.1299992,26.2112751,0.0250353273,0.109538563,1.2829536e-05,30,1.23300004,1
793210400001234,93717378,2458691.6729421099,58691.173784699997,19.3812065,0.0776129067,0,zr,226.83022009999999,55.747146999999998,0.745000005,-0.075000003,20190727173762,793,0xa,0x4,21.6200008,26.1445122,0.0227281153,0.10887973,1.04308529e-05,30,1.13300002,1
793210400001234,94018409,2458694.6831539678,58694.184097199999,19.4156303,0.0797006637,0,zr,226.83023610000001,55.747175400000003,0.481999993,0.0500000007,20190730184097,793,0xa,0x4,21.6299992,26.1866322,0.0257255007,0.109930195,1.36062326e-05,30,1.16799998,1
793210400001234,94418355,2458698.6824807366,58698.183553199997,19.5241928,0.0866299495,32768,zr,226.83021249999999,55.747130400000003,0.853999972,0.143000007,20190803183553,793,0xa,0x4,20.5200005,25.6623116,0.0305302441,0.115775041,1.91694635e-05,30,1.19299996,1
793210400001234,95117741,2458705.6761346068,58705.177419,19.3774834,0.0773901343,0,zr,226.8301707,55.747156500000003,0.735000014,0.00700000022,20190810177338,793,0xa,0x4,21.2099991,26.1693211,0.0233585518,0.114925027,1.11747322e-05,30,1.22899997,1
793210400001234,95727873,2458711.7772855554,58711.278738399997,19.1604576,0.0654200837,0,zr,226.8301246,55.7471745,0.541000009,-0.123000003,20190816278727,793,0xa,0x4,20.2800007,26.142292,0.0285551026,0.127016023,1.66413938e-05,30,1.96899998,2
793210400001234,97015476,2458724.6530186404,58724.154768499997,19.4594555,0.0824344158,0,zr,226.83022099999999,55.747176899999999,1.05999994,-0.0379999988,20190829154745,793,0xa,0x4,21.5400009,26.1894474,0.026869189,0.10203997,1.46593302e-05,30,1.33200002,1
793210400001234,97422033,2458728.7185102599,58728.220335600003,19.3419552,0.0752951726,0,zr,226.8302559,55.747178699999999,0.546999991,-0.063000001,20190902220312,793,0xa,0x4,21.0400009,26.0195694,0.0278460886,0.117316753,1.58919829e-05,30,1.84000003,2
793210400001234,97822076,2458732.7188736731,58732.220763899997,19.4574432,0.0823070183,0,zr,226.8301467,55.747103600000003,0.256000012,0.0260000005,20190906220764,793,0xa,0x4,20.7700005,26.0314465,0.0308910441,0.123995058,1.95371831e-05,30,1.96200001,2
793210400001234,97921603,2458733.7141252141,58733.216030099997,19.4635124,0.0826917887,0,zr,226.83015850000001,55.7471502,0.903999984,-0.0379999988,20190907216030,793,0xa,0x4,20.7000008,26.0992374,0.0277760644,0.120973878,1.5800184e-05,30,1.93900001,2
793210400001234,97921854,2458733.7166367751,58733.2185417,19.3247566,0.074300535,0,zr,226.83013930000001,55.747149700000001,1.08099997,-0.166999996,20190907218484,793,0xa,0x4,20.6000004,26.1043682,0.0278291926,0.106326021,1.59089159e-05,30,1.96800005,1
793210400001234,98317885,2458737.6768969027,58737.178854199999,19.3573914,0.076198712,0,zr,226.83026029999999,55.747224899999999,0.300000012,-0.0260000005,20190911178843,793,0xa,0x4,20.1000004,26.1100636,0.0331149027,0.120430529,2.24067262e-05,30,1.68700004,1
793210400001234,99511908,2458749.6170295505,58749.119085600003,19.4276733,0.080443427,0,zr,226.83014610000001,55.747190699999997,0.785000026,-0.155000001,20190923119063,793,0xa,0x4,20.8299999,26.0875912,0.028358141,0.119761713,1.63883979e-05,30,1.49699998,1
793210400001234,100711358,2458761.6115261517,58761.113588,19.6381721,0.0944817811,0,zr,226.83029450000001,55.747148000000003,0.58099997,0.0529999994,20191005113553,793,0xa,0x4,20.7600002,26.1001778,0.028284004,0.122079462,1.64514222e-05,30,1.68900001,1
793210400001234,101111387,2458765.6118347081,58765.113877299998,19.5726204,0.0898929983,0,zr,226.83004389999999,55.747185000000002,0.465000004,-0.0270000007,20191009113866,793,0xa,0x4,20.6499996,26.0973892,0.0282572918,0.118778393,1.62304405e-05,30,1.78799999,1
793210400001234,108455748,2458839.0573557122,58838.557488400002,18.9654636,0.0562536903,32768,zr,226.8301505,55.747300500000001,0.674000025,-0.333999991,20191221557488,793,0xa,0x4,19.1499996,24.9331417,0.0512215234,0.108361684,7.94635562e-05,30,1.32700002,1
793210400001234,109651281,2458851.0131474975,58850.512812499997,19.3927479,0.0783070624,0,zr,226.83009250000001,55.747139900000001,1.454,-0.0579999983,20200102512708,793,0xa,0x4,20.5699997,26.2709637,0.0286009088,0.118816525,1.65707024e-05,30,1.38,1
793210400001234,109955399,2458854.054446721,58853.553993100002,19.3640671,0.0765926391,0,zr,226.83018240000001,55.7471757,0.73299998,-0.0130000003,20200105553958,793,0xa,0x4,21.5699997,26.3151875,0.0267143399,0.10513901,1.44981877e-05,30,1.20200002,1
793210400001234,110249820,2458856.9996416746,58856.498205999997,19.373745,0.077167131,0,zr,226.8302625,55.747273700000001,0.419999987,-0.00899999961,20200108497743,793,0xa,0x4,20.7000008,28.2435226,0.0266077425,0.140351281,1.43779807e-05,180,1.37199998,2
793210400001234,110257120,2458857.0717741749,58856.571203699998,19.5826607,0.0905830339,0,zr,226.83009029999999,55.747214100000001,1.09800005,-0.0179999992,20200108571169,793,0xa,0x4,20.8600006,26.2971992,0.0274879094,0.111899167,1.52831017e-05,30,1.14499998,1
793210400001234,110549377,2458859.9944556272,58859.493773100003,19.4894638,0.0843556523,0,zr,226.83014230000001,55.747153300000001,0.703000009,-0.111000001,20200111493750,793,0xa,0x4,20.7099991,26.2867451,0.0344117209,0.114850834,2.39069122e-05,30,1.35500002,1
793210400001234,111048725,2458864.9881277103,58864.4872569,19.3722534,0.0770783275,0,zr,226.83016470000001,55.747173199999999,1.78499997,-0.0579999983,20200116487257,793,0xa,0x4,21.2600002,26.2767296,0.0246839989,0.104986094,1.2360767e-05,30,1.324,2
793210400001234,111050834,2458865.0092165065,58864.508344900001,19.6052704,0.0921537653,0,zr,226.8301898,55.747183100000001,0.638000011,-0.0170000009,20200116508333,793,0xa,0x4,20.7399998,25.9397163,0.0289766919,0.100543112,1.68673578e-05,30,1.24800003,2
793210400001234,111855310,2458873.0542650465,58872.553101899997,19.5037174,0.0852824748,0,zr,226.83017820000001,55.747175499999997,1.625,-0.142000005,20200124553079,793,0xa,0x4,21.4899998,26.1799965,0.0266014896,0.0988084152,1.41928294e-05,30,1.10599995,1
793210400001234,112154902,2458876.0502947415,58875.5490278,19.3600101,0.076353021,0,zr,226.83016989999999,55.7471934,0.653999984,-0.0769999996,20200127549005,793,0xa,0x4,20.8199997,26.2944183,0.0305099208,0.102647699,1.89347866e-05,30,1.10099995,1
793210400001234,112255314,2458877.0544491569,58876.5531481,19.5332928,0.0872349516,0,zr,226.83017179999999,55.747163999999998,0.360000014,0.0149999997,20200128553137,793,0xa,0x4,21.7600002,26.3134365,0.0285589471,0.105241485,1.66151603e-05,30,1.09399998,2
793210400001234,112256979,2458877.0710933232,58876.5697917,19.4622688,0.0826128274,0,zr,226.83016839999999,55.747199199999997,0.675000012,0.0439999998,20200128569780,793,0xa,0x4,21.5200005,26.309536,0.0251622796,0.106683865,1.29361679e-05,30,1.08200002,2
793210400001234,112455090,2458879.0522706653,58878.550902800001,19.4232197,0.0801680163,0,zr,226.83012930000001,55.747223699999999,0.460999995,0.0199999996,20200130550903,793,0xa,0x4,20.1100006,26.0631771,0.0338934101,0.113956489,2.32770944e-05,30,1.09099996,1
793210400001234,112650641,2458881.0078437952,58880.506412000002,19.4558983,0.0822093487,0,zr,226.83023420000001,55.747196799999998,0.90200001,0.0610000007,20200201506412,793,0xa,0x4,21.2399998,26.2936459,0.0259801187,0.111448191,1.36531507e-05,30,1.14400005,2
793210400001234,112653976,2458881.0412013861,58880.539768499999,19.505043,0.0853691399,0,zr,226.83016509999999,55.747157899999998,0.630999982,-0.0769999996,20200201539757,793,0xa,0x4,21.0799999,26.2938843,0.0263995379,0.116787471,1.40345037e-05,30,1.097,2
793210400001234,112755733,2458882.0588035621,58881.557337999999,19.4389877,0.0811470449,0,zr,226.83016979999999,55.747151500000001,0.551999986,-0.0280000009,20200202557303,793,0xa,0x4,21.4300003,26.3109169,0.0261959452,0.104868121,1.39066979e-05,30,1.08099997,1
793210400001234,112952493,2458884.0264581414,58883.524930599997,19.2903786,0.0723500401,0,zr,226.8301883,55.747132499999999,1.30700004,-0.0869999975,20200204524931,793,0xa,0x4,20.4400005,26.2754555,0.0287911538,0.111305915,1.68439929e-05,30,1.10399997,2
793210400001234,112955207,2458884.0536001972,58883.552071799997,19.4992676,0.0849921331,0,zr,226.83008939999999,55.747231200000002,1.15799999,0.0649999976,20200204552072,793,0xa,0x4,20.6299992,26.2892799,0.0282388963,0.109799318,1.632967e-05,30,1.08099997,2
793210400001234,113054649,2458885.0480521927,58884.546493100002,19.3853626,0.0778621882,0,zr,226.8301826,55.747188600000001,1.13199997,-0.0419999994,20200205546470,793,0xa,0x4,20.6399994,26.2479343,0.0279098935,0.112359531,1.58056682e-05,30,1.08299994,1
793210400001234,113055427,2458885.0558301355,58884.554270799999,19.3319206,0.0747133419,0,zr,226.83012959999999,55.747222600000001,0.888000011,0.00200000009,20200205554271,793,0xa,0x4,20.7900009,26.2904987,0.0259810947,0.103966966,1.36667386e-05,30,1.079,2
793210400001234,113151928,2458886.0208711135,58885.519282399997,19.4378567,0.0810764357,0,zr,226.83013450000001,55.747149700000001,0.81400001,-0.0689999983,20200206519271,793,0xa,0x4,20.9899998,26.2967148,0.0255224258,0.112493664,1.34065567e-05,30,1.10399997,2
793210400001234,113153715,2458886.038742058,58885.537152800003,19.3525257,0.0759127736,0,zr,226.83014900000001,55.747228100000001,0.667999983,0.0219999999,20200206537130,793,0xa,0x4,20.9500008,26.2924557,0.0256152619,0.116751932,1.32525629e-05,30,1.08700001,2
793210400001234,113252385,2458887.0254730699,58886.523854200001,19.4044266,0.0790154785,0,zr,226.83019440000001,55.747155399999997,0.924000025,0.0560000017,20200207523854,793,0xa,0x4,21.2099991,26.3259716,0.0350887477,0.102847032,2.49052027e-05,30,1.09599996,2
793210400001234,113255152,2458887.0531474976,58886.551527800002,19.3830681,0.0777244419,0,zr,226.830229,55.747192099999999,0.665000021,-0.057,20200207551516,793,0xa,0x4,21.2199993,26.3113747,0.0289621204,0.115995012,1.70064795e-05,30,1.07799995,2
793210400001234,113350689,2458888.0085460451,58887.5068981,19.3662987,0.0767247528,0,zr,226.83017380000001,55.7471788,0.215000004,-0.0379999988,20200208506852,793,0xa,0x4,20.8600006,26.313858,0.0348547101,0.10433232,2.45112733e-05,30,1.11300004,2
793210400001234,113352965,2458888.0313014197,58887.529652800004,19.3761826,0.0773124844,0,zr,226.8301463,55.747194399999998,0.959999979,0.0189999994,20200208529653,793,0xa,0x4,20.9799995,26.3155746,0.0297599696,0.114828877,1.79127474e-05,30,1.08899999,2
793210400001234,113354570,2458888.0473550903,58887.545705999997,19.4273987,0.08042638,0,zr,226.8302004,55.747171700000003,0.805999994,0.143999994,20200208545694,793,0xa,0x4,20.9699993,26.3049965,0.0335009731,0.116450273,2.2618864e-05,30,1.079,1
793210400001234,113447192,2458888.9735973519,58888.471921299999,19.430439,0.0806148946,0,zr,226.8301859,55.747157199999997,0.587000012,-0.229000002,20200209471887,793,0xa,0x4,19.9099998,26.2955093,0.0329049677,0.11958085,2.21642713e-05,30,1.16900003,2
793210400001234,113451311,2458889.0147906542,58888.513113399997,19.3217907,0.0741302818,0,zr,226.8302424,55.747255699999997,0.661000013,-0.189999998,20200209512986,793,0xa,0x4,19.6100006,26.3052292,0.0369735956,0.12040738,2.86843933e-05,30,1.102,2
793210400001234,113751762,2458892.0193892764,58891.517627300003,19.4327087,0.080755882,0,zr,226.83019780000001,55.747174399999999,0.643000007,-0.0549999997,20200212517581,793,0xa,0x4,21.1000004,26.2995358,0.0281235687,0.112679429,1.62965007e-05,30,1.09000003,2
793210400001234,113751846,2458892.0202225996,58891.518460599997,19.356699,0.0761579499,0,zr,226.83019239999999,55.747177899999997,0.893999994,0.00400000019,20200212518461,793,0xa,0x4,21.1700001,26.3015251,0.025466498,0.112526238,1.33366348e-05,30,1.09000003,1
793210400001234,113752131,2458892.0230814819,58891.521319400003,19.4318542,0.0807027593,0,zr,226.83012969999999,55.7471745,0.549000025,0.0560000017,20200212521319,793,0xa,0x4,21.0499992,26.3047028,0.0243079942,0.109783649,1.21953635e-05,30,1.09000003,2
793210400001234,113851729,2458893.0190809048,58892.517291700002,19.2939415,0.0725498199,0,zr,226.83023270000001,55.747181900000001,0.810000002,0.075000003,20200213517268,793,0xa,0x4,21.0799999,26.2810917,0.0263566077,0.115872376,1.41916344e-05,30,1.08800006,2
793210400001234,113853493,2458893.0367202861,58892.534930599999,19.4901772,0.0844018608,0,zr,226.83018089999999,55.747162400000001,1.03600001,-0.0780000016,20200213534930,793,0xa,0x4,21.1299992,26.3073273,0.0259636939,0.105142519,1.3738254e-05,30,1.07799995,2
793210400001234,113952013,2458894.0219549299,58893.520138899999,19.412735,0.0795231238,0,zr,226.830206,55.747150699999999,0.818000019,0.0289999992,20200214520116,793,0xa,0x4,21.2700005,26.2946987,0.0265842285,0.109859049,1.43728867e-05,30,1.08399999,2
793210400001234,113953244,2458894.0342584597,58893.532442099997,19.4582596,0.0823586211,0,zr,226.83016309999999,55.747153400000002,0.558000028,0.0820000023,20200214532442,793,0xa,0x4,21.3999996,26.2945728,0.0256407857,0.109240502,1.33835638e-05,30,1.07799995,2
793210400001234,113953334,2458894.0351612843,58893.533344900003,19.4016113,0.0788441375,0,zr,226.83015380000001,55.747153699999998,0.833000004,0.0189999994,20200214533333,793,0xa,0x4,21.3400002,26.2909241,0.026664963,0.109910503,1.44606411e-05,30,1.07700002,1
793210400001234,114051484,2458895.0166916368,58894.514849500003,19.4888573,0.0843164921,0,zr,226.8302114,55.747186200000002,0.748000026,-0.0450000018,20200215514838,793,0xa,0x4,21.25,26.2969723,0.0253549162,0.111069918,1.3047711e-05,30,1.08500004,2
793210400001234,114053663,2458895.0384746101,58894.536631900002,19.4282093,0.0804765895,0,zr,226.83012930000001,55.747159000000003,0.896000028,0.136000007,20200215536597,793,0xa,0x4,21.2399998,26.295557,0.0256593991,0.111680403,1.33739613e-05,30,1.07599998,2
793210400001234,114449465,2458898.9965942721,58898.4946528,19.4472351,0.0816635042,0,zr,226.83014420000001,55.747171299999998,0.287999988,0.0140000004,20200219494618,793,0xa,0x4,21.7600002,26.3034134,0.0296364836,0.100649185,1.80894167e-05,30,1.09300005,2
793210400001234,114451143,2458899.0133770769,58898.511435200002,19.5652065,0.0893865079,0,zr,226.8301347,55.747164300000001,0.522000015,0.0989999995,20200219511435,793,0xa,0x4,21.7800007,26.2953224,0.0272720512,0.103198923,1.51051472e-05,30,1.08099997,1
793210400001234,114451372,2458899.0156688308,58898.513726899997,19.4479752,0.0817100033,0,zr,226.83015159999999,55.747165699999996,0.598999977,0.0320000015,20200219513715,793,0xa,0x4,21.7600002,26.3101845,0.0265393946,0.101897225,1.44623e-05,30,1.08000004,2
793210400001234,114453407,2458899.0360165192,58898.534074100004,19.4152718,0.0796787068,0,zr,226.83014080000001,55.747158200000001,0.899999976,0.0560000017,20200219534016,793,0xa,0x4,21.7299995,26.3077126,0.0256501734,0.10334795,1.33594094e-05,30,1.07500005,2
793210400001234,114548377,2458899.9857379459,58899.483773100001,19.3923626,0.0782838166,0,zr,226.83015599999999,55.747163700000002,0.595000029,0.0540000014,20200220483773,793,0xa,0x4,21.3700008,26.2999554,0.0258900002,0.10854578,1.35622768e-05,30,1.10099995,2
793210400001234,114550484,2458900.0068148412,58899.504849500001,19.4534836,0.0820568502,0,zr,226.83017169999999,55.747184300000001,0.60799998,0.0850000009,20200220504838,793,0xa,0x4,21.3199997,26.2968159,0.0256867129,0.105234288,1.31858005e-05,30,1.08299994,2
793210400001234,114550664,2458900.0086088823,58899.506643499997,19.3729267,0.0771184266,0,zr,226.8302013,55.7471417,0.437999994,-0.0419999994,20200220506644,793,0xa,0x4,21.3600006,26.2942886,0.0236632023,0.107582241,1.12725538e-05,30,1.08200002,1
793210400001234,114647508,2458900.9770687306,58900.475080999997,19.4270496,0.0804048181,0,zr,226.8301845,55.747157600000001,0.405999988,0.0500000007,20200221475058,793,0xa,0x4,20.9400005,25.9513569,0.0282192063,0.107658155,1.60810923e-05,30,1.10800004,2
793210400001234,114647785,2458900.9798465939,58900.477858799997,19.4243317,0.0802367181,0,zr,226.83019150000001,55.747183399999997,0.948000014,0.0130000003,20200221477836,793,0xa,0x4,21.3600006,26.1877747,0.0255358443,0.109993726,1.32052701e-05,30,1.10500002,1
793210400001234,114649293,2458900.9949279469,58900.492939800002,19.4795113,0.0837140158,32768,zr,226.83009949999999,55.747129700000002,0.354000002,0.0140000004,20200221492917,793,0xa,0x4,19.9500008,25.073885,0.0445866883,0.0922087729,4.17847987e-05,30,1.09000003,2
793210400001234,114650603,2458901.0080185439,58900.506030099998,19.4107475,0.0794013515,0,zr,226.83016040000001,55.747155300000003,0.643999994,-0.0930000022,20200221505995,793,0xa,0x4,21.0499992,25.9245834,0.0290692057,0.102216043,1.73353619e-05,30,1.08099997,2
793210400001234,114941116,2458903.9132212615,58903.411168999999,19.497303,0.0848642439,0,zr,226.83015330000001,55.747176500000002,0.79400003,-0.0419999994,20200224411100,793,0xa,0x4,21.6700001,26.2724648,0.0279971845,0.103074871,1.5915959e-05,30,1.22000003,2
793210400001234,114942542,2458903.9274807675,58903.425428199997,19.430851,0.0806404278,0,zr,226.83018820000001,55.747182299999999,1.329,-0.107000001,20200224425208,793,0xa,0x4,21.5599995,26.2694454,0.0248517133,0.110868774,1.24873732e-05,30,1.18200004,2
793210400001234,114945577,2458903.9578287206,58903.455775499999,19.3592606,0.0763088167,0,zr,226.83018749999999,55.747176600000003,0.666000009,0.00899999961,20200224455671,793,0xa,0x4,21.6000004,26.2865944,0.0265776441,0.103016287,1.41357332e-05,30,1.12300003,2
793210400001234,114946250,2458903.9645533659,58903.462500000001,19.4501114,0.0818443447,0,zr,226.83016839999999,55.747164499999997,1.27600002,0.0920000002,20200224462500,793,0xa,0x4,21.6399994,26.2925453,0.0272576734,0.105800405,1.49446432e-05,30,1.11399996,2
793210400001234,114949486,2458903.9969151574,58903.4948611,19.5166702,0.0861327052,0,zr,226.83014439999999,55.747174299999998,0.777999997,0.0309999995,20200224494838,793,0xa,0x4,21.7600002,26.2928581,0.0273631793,0.102341227,1.52871053e-05,30,1.08299994,2
793210400001234,114950839,2458904.010445545,58903.508391199997,19.4488964,0.0817679316,0,zr,226.83013510000001,55.747163299999997,0.635999978,0.0489999987,20200224508356,793,0xa,0x4,21.6200008,26.2961826,0.0257927123,0.0995260328,1.35738901e-05,30,1.07700002,2
793210400001234,114950928,2458904.0113367615,58903.509282400002,19.4547844,0.0821389332,0,zr,226.83017340000001,55.7471903,1.05299997,-0.0810000002,20200224509282,793,0xa,0x4,21.6299992,26.2970676,0.026647104,0.108455673,1.44828491e-05,30,1.07599998,1
793210400001234,115051871,2458905.0207906542,58904.518715300001,19.4814186,0.0838366449,0,zr,226.8302118,55.747186300000003,1.01699996,0.157000005,20200225518715,793,0xa,0x4,21.3099995,26.2915764,0.0253990851,0.110282831,1.32027972e-05,30,1.07500005,1
793210400001234,115053028,2458905.0323649915,58904.530289399998,19.3882504,0.0780358315,0,zr,226.83021009999999,55.747180499999999,1.45700002,-0.0410000011,20200225530278,793,0xa,0x4,20.7999992,26.2835274,0.0292409938,0.116140172,1.7701168e-05,30,1.07700002,2
793210400001234,115248642,2458906.9885381591,58906.486423599999,19.3724556,0.0770903826,0,zr,226.83021020000001,55.7471909,0.776000023,-0.0460000001,20200227486424,793,0xa,0x4,20.5100002,26.0648479,0.0292192101,0.116776407,1.72032105e-05,30,1.08299994,2
793210400001234,115250814,2458907.0102630821,58906.508148100002,19.3758011,0.0772897229,0,zr,226.8302229,55.747143800000003,0.992999971,0.063000001,20200227508113,793,0xa,0x4,20.6100006,26.0230999,0.0263935253,0.115998633,1.41791397e-05,30,1.07500005,2
793210400001234,115250905,2458907.0111658988,58906.5090509,19.4762516,0.0835047737,0,zr,226.8302127,55.7471879,0.647000015,-0.128999993,20200227509051,793,0xa,0x4,20.6599998,25.9956131,0.0276458412,0.116620824,1.54105546e-05,30,1.07500005,1
793210400001234,115449402,2458908.9961799905,58908.494027799999,19.4284916,0.0804940984,0,zr,226.83016810000001,55.747165000000003,0.568000019,0.00600000005,20200229494016,793,0xa,0x4,21.4899998,26.2962761,0.0247661248,0.100983456,1.26523637e-05,30,1.07700002,1
793210400001234,115748774,2458911.9899468496,58911.487743099999,19.4749832,0.0834234878,0,zr,226.83031589999999,55.747213000000002,0.973999977,0.00499999989,20200303487743,793,0xa,0x4,20.3600006,26.2649937,0.0326903351,0.113662742,2.1639582e-05,30,1.07599998,1
793210400001234,115748864,2458911.9908495592,58911.488645799996,19.4840279,0.0840046108,0,zr,226.83040819999999,55.747224699999997,0.800999999,-0.00300000003,20200303488646,793,0xa,0x4,20.6100006,26.2661114,0.0279923044,0.118385106,1.59712672e-05,30,1.07599998,2
793210400001234,115751255,2458912.0147620556,58911.512557900001,19.4871826,0.0842082277,0,zr,226.83035630000001,55.747114400000001,0.944999993,-0.0979999974,20200303512477,793,0xa,0x4,20.6100006,26.2736187,0.0281382538,0.115098797,1.60222589e-05,30,1.07700002,2
793210400001234,115847388,2458912.9761084374,58912.4738889,19.4672318,0.0829284042,0,zr,226.8301548,55.747165099999997,1.33200002,0.180999994,20200304473854,793,0xa,0x4,21.4300003,26.2807274,0.0249332935,0.109670699,1.25921279e-05,30,1.08099997,1
793210400001234,115847568,2458912.9779024632,58912.475682900003,19.4464664,0.0816152841,0,zr,226.8302037,55.747177499999999,1.28100002,0.0500000007,20200304475683,793,0xa,0x4,21.4200001,26.2819805,0.0240956992,0.105512202,1.16641295e-05,30,1.08000004,2
793210400001234,115946260,2458913.9648389486,58913.462604200002,19.3999786,0.0787449926,0,zr,226.8302296,55.747129299999997,0.465000004,-0.0219999999,20200305462593,793,0xa,0x4,21.1000004,25.954752,0.0260814521,0.111599974,1.38356081e-05,30,1.08599997,2
793210400001234,115946440,2458913.9666444766,58913.464409699998,19.461628,0.0825721323,0,zr,226.8301846,55.7471812,0.762000024,-0.057,20200305464410,793,0xa,0x4,21.1000004,25.9644032,0.0260622818,0.110595718,1.38637397e-05,30,1.08399999,1
793210400001234,116051370,2458915.0159539562,58914.513703700002,19.4231873,0.0801660269,32768,zr,226.83018720000001,55.747209699999999,1.11000001,-0.023,20200306513669,793,0xa,0x4,21.3700008,26.3374996,0.0285843406,0.112475045,1.65268048e-05,30,1.08099997,2
793210400001234,116051466,2458915.0169146713,58914.514664399998,19.4888992,0.0843191743,0,zr,226.83018759999999,55.747163299999997,0.764999986,0.0309999995,20200306514630,793,0xa,0x4,21.7800007,26.2842083,0.0276308265,0.100007817,1.55283014e-05,30,1.08099997,1
793210400001234,116054651,2458915.0487669259,58914.546516199996,19.4118919,0.0794714093,0,zr,226.83017340000001,55.747175499999997,0.558000028,0.0780000016,20200306546505,793,0xa,0x4,21.7000008,26.2882328,0.0282965954,0.106193051,1.61977187e-05,30,1.10899997,2
793210400001234,116142283,2458915.9250986981,58915.422835600002,19.3769627,0.0773590952,0,zr,226.83018129999999,55.747198099999999,0.147,0.023,20200307422812,793,0xa,0x4,19.6399994,25.7764492,0.0473667979,0.105204694,4.89113081e-05,30,1.12399995,2
793210400001234,116153006,2458916.0323339868,58915.530069400003,19.2679214,0.0711026639,32768,zr,226.83024140000001,55.7471739,0.796000004,0.0860000029,20200307529988,793,0xa,0x4,20.0200005,25.2795219,0.116293155,0.0703358725,0.000277673447,30,1.09399998,1
793210400001234,118242024,2458936.9226539955,58936.420243100001,19.3934097,0.0783470348,0,zr,226.83015879999999,55.747179099999997,1.12399995,0.0399999991,20200328420243,793,0xa,0x4,21.6200008,26.2693443,0.0287041925,0.10791482,1.67956714e-05,30,1.07599998,2
793210400001234,118242114,2458936.9235566952,58936.421145799999,19.3907318,0.0781853944,0,zr,226.83018329999999,55.747169399999997,0.728999972,0.104999997,20200328421146,793,0xa,0x4,21.6700001,26.279644,0.0272460636,0.10228052,1.5131659e-05,30,1.07599998,1
793210400001234,118244859,2458936.9510103967,58936.4485995,19.4285736,0.080499202,0,zr,226.83019920000001,55.747168299999998,0.728999972,0.0560000017,20200328448600,793,0xa,0x4,21.6399994,26.270504,0.0273816846,0.100252002,1.52729754e-05,30,1.07799995,2
793210400001234,118542780,2458939.9302089931,58939.427800899997,19.5335999,0.0872553885,32768,zr,226.8302204,55.747107499999998,0.60799998,0.0930000022,20200331427801,793,0xa,0x4,20.4899998,25.613802,0.0341779925,0.119772717,2.38884586e-05,30,1.07500005,1
793210400001234,118741489,2458941.917298743,58941.414895800001,19.4733219,0.0833171979,0,zr,226.83007649999999,55.747190000000003,0.800000012,0.0130000003,20200402414884,793,0xa,0x4,21.1000004,26.2605629,0.0273209084,0.112328023,1.52478078e-05,30,1.07500005,2
793210400001234,118742924,2458941.9316505967,58941.429247699998,19.419796,0.0799568966,0,zr,226.83012389999999,55.7471611,1.08899999,0.0540000014,20200402429248,793,0xa,0x4,21.2000008,26.2583065,0.0287814755,0.109266467,1.69122632e-05,30,1.07700002,2
793210400001234,118743015,2458941.9325533891,58941.430150499997,19.4087029,0.0792763457,0,zr,226.8301764,55.747204400000001,1.50800002,-0.0520000011,20200402430139,793,0xa,0x4,21.2299995,26.2581444,0.029400453,0.109979562,1.75033711e-05,30,1.07700002,1
793210400001234,118946901,2458943.9714110806,58943.469016199997,19.398592,0.0786608458,0,zr,226.83017670000001,55.747149100000001,0.69599998,0.0370000005,20200404469016,793,0xa,0x4,21.1299992,26.2559776,0.0241298433,0.110511541,1.17356885e-05,30,1.11199999,1
793210400001234,119037967,2458944.8820663337,58944.379675900003,19.4510174,0.0819013938,0,zr,226.83017749999999,55.747080599999997,0.561999977,0.0219999999,20200405379676,793,0xa,0x4,19.9500008,26.2621956,0.0321182348,0.127347961,2.15929958e-05,30,1.08500004,2
793210400001234,119040925,2458944.9116495703,58944.409259300002,19.3464069,0.0755547285,0,zr,226.83022149999999,55.747226499999996,0.707000017,0.152999997,20200405409259,793,0xa,0x4,20.1599998,26.2737141,0.0287425276,0.113696367,1.72092277e-05,30,1.07500005,2
793210400001234,120044954,2458954.9518542038,58954.449548600001,19.3092155,0.0734125674,0,zr,226.830152,55.747202000000001,0.433999985,-0.0209999997,20200415449549,793,0xa,0x4,21,26.2581997,0.0261272471,0.113786206,1.39000485e-05,30,1.12699997,1
793210400001234,120049686,2458954.9991684384,58954.496863400003,19.409893,0.0793491453,0,zr,226.83017359999999,55.747166200000002,0.865999997,0.115999997,20200415496840,793,0xa,0x4,21.1599998,26.2558708,0.0264101047,0.111324847,1.41696664e-05,30,1.23500001,2
793210400001234,120142896,2458955.9312638282,58955.4289699,19.3630486,0.0765324309,0,zr,226.83029920000001,55.747171700000003,0.611000001,-0.0909999982,20200416428935,793,0xa,0x4,21.0300007,26.2653675,0.0252212677,0.114575617,1.28688198e-05,30,1.10300004,1
793210400001234,120142988,2458955.9321782216,58955.4298843,19.3969803,0.0785631388,0,zr,226.83007040000001,55.7471709,1.21099997,-0.188999996,20200416429884,793,0xa,0x4,20.6599998,26.2632122,0.027527649,0.115737788,1.54687059e-05,30,1.10399997,2
793210400001234,120232677,2458956.829053496,58956.326770799998,19.371109,0.077010259,0,zr,226.83020490000001,55.747174100000002,0.792999983,0.0379999988,20200417326759,793,0xa,0x4,21.4799995,26.1856766,0.0265264232,0.108877435,1.41857754e-05,30,1.10300004,1
793210400001234,120232767,2458956.829956288,58956.327673599997,19.3894539,0.078108348,0,zr,226.8301884,55.747138200000002,0.60799998,0.0179999992,20200417327674,793,0xa,0x4,21.3400002,26.0960522,0.0247054882,0.110061668,1.22583751e-05,30,1.10099995,2
793210400001234,120234324,2458956.8455231902,58956.3432407,19.3116035,0.0735483244,0,zr,226.83015940000001,55.747168000000002,0.773999989,0.104999997,20200417343218,793,0xa,0x4,21.4899998,26.1543598,0.0338485129,0.0976858139,2.32166822e-05,30,1.08700001,2
793210400001234,120741645,2458961.9186679702,58961.416458300002,19.411993,0.0794776231,0,zr,226.83004790000001,55.747234300000002,0.586000025,-0.00600000005,20200422416424,793,0xa,0x4,20.3500004,26.2441254,0.030894557,0.108422577,2.02750889e-05,30,1.10699999,2
793210400001234,120742745,2458961.9296631981,58961.427453700002,19.3276577,0.0744674578,0,zr,226.8301022,55.747165600000002,0.972000003,0.0160000008,20200422427454,793,0xa,0x4,20.4200001,26.2229443,0.0306104347,0.112416863,1.87947298e-05,30,1.12199998,1
793210400001234,120743483,2458961.9370473707,58961.434838000001,19.5633736,0.0892616361,0,zr,226.83015660000001,55.747241500000001,1.49899995,-0.0480000004,20200422434826,793,0xa,0x4,20.7399998,26.2293758,0.0284416135,0.110946849,1.63631103e-05,30,1.13399994,2
793210400001234,120829931,2458962.8015125105,58962.299317099998,19.372303,0.0770813078,0,zr,226.8301333,55.747176699999997,1.01400006,0.0900000036,20200423299294,793,0xa,0x4,21.6200008,26.2758484,0.0280800555,0.107585303,1.59821957e-05,30,1.11699998,2
793210400001234,120832187,2458962.8240700448,58962.321875000001,19.4585228,0.0823753029,0,zr,226.83018580000001,55.747177499999999,1.23399997,-0.0320000015,20200423321875,793,0xa,0x4,21.4899998,26.2654209,0.0270954836,0.106415525,1.50156393e-05,30,1.09099996,2
793210400001234,121027790,2458964.7800668818,58964.277905100003,19.4623718,0.0826193392,0,zr,226.83018279999999,55.747166,0.556999981,-0.00999999978,20200425277882,793,0xa,0x4,21.7900009,26.2476997,0.0242491011,0.107853591,1.20177856e-05,30,1.14199996,2
793210400001234,121041053,2458964.9126918572,58964.410532399997,19.4531612,0.0820365474,0,zr,226.83019959999999,55.747154700000003,0.893000007,-0.0670000017,20200425410532,793,0xa,0x4,21.7900009,26.2593651,0.026457848,0.108622558,1.42935814e-05,30,1.11000001,2
793210400001234,121041143,2458964.9135946385,58964.411435200003,19.399786,0.0787332579,0,zr,226.830208,55.747177800000003,0.600000024,-0.0399999991,20200425411435,793,0xa,0x4,21.7299995,26.2519379,0.0250019245,0.111651428,1.27766452e-05,30,1.11099994,1
793210400001234,121131754,2458965.8196895118,58965.317546300001,19.4661331,0.0828584135,0,zr,226.8301912,55.747180800000002,0.785000026,-0.0170000009,20200426317546,793,0xa,0x4,21.75,26.288414,0.0260352194,0.109717146,1.37531197e-05,30,1.08800006,2
793210400001234,121134222,2458965.8443649686,58965.342222200001,19.3913021,0.0782197714,0,zr,226.83015839999999,55.747159199999999,0.870000005,-0.0759999976,20200426342222,793,0xa,0x4,21.7999992,26.2814579,0.0240607467,0.109284103,1.17905211e-05,30,1.07599998,2
793210400001234,121234782,2458966.8499482921,58966.347824099998,19.4655724,0.0828227624,0,zr,226.83018820000001,55.747167300000001,0.995999992,0.0199999996,20200427347824,793,0xa,0x4,21.0599995,25.8285866,0.0263300035,0.107585572,1.41170949e-05,30,1.07500005,2
793210400001234,121236586,2458966.8679919541,58966.365868100002,19.4242191,0.0802297145,0,zr,226.8302003,55.747156500000003,0.504999995,-0.0149999997,20200427365856,793,0xa,0x4,21.8700008,26.2506409,0.0235312358,0.104937553,1.13742317e-05,30,1.07799995,2
793210400001234,121334831,2458967.850415343,58967.348310200003,19.4162369,0.0797379315,0,zr,226.83012389999999,55.7471678,1.31500006,0.0590000004,20200428348275,793,0xa,0x4,21.5900002,26.263176,0.025289882,0.11059878,1.29861673e-05,30,1.07500005,2
793210400001234,121334921,2458967.8513181261,58967.349213000001,19.5361519,0.0874257758,0,zr,226.83015689999999,55.747157399999999,0.771000028,0.0399999991,20200428349201,793,0xa,0x4,21.7000008,26.2830906,0.0280335192,0.103916459,1.59934643e-05,30,1.07500005,1
793210400001234,121337151,2458967.8736208929,58967.371516200001,19.3518829,0.0758750886,0,zr,226.83016649999999,55.7471709,1.31799996,0.0309999995,20200428371516,793,0xa,0x4,21.5499992,26.2748756,0.0270313974,0.107118636,1.48972658e-05,30,1.08200002,2
793210400001234,121438913,2458968.8912166259,58968.389131900003,19.525753,0.0867334157,0,zr,226.83020099999999,55.7471733,0.77700001,0.101000004,20200429389120,793,0xa,0x4,22.0400009,26.318718,0.0283472035,0.0990399644,1.63472378e-05,30,1.09800005,2
793210400001234,121440703,2458968.9091213662,58968.407036999997,19.4799156,0.0837399885,0,zr,226.8301998,55.747166,0.801999986,0.0450000018,20200429407037,793,0xa,0x4,22.0599995,26.3389683,0.0284413286,0.106457345,1.63282421e-05,30,1.12,2
793210400001234,121534449,2458969.8465561676,58969.344490700001,19.2523727,0.0702513531,32768,zr,226.83013790000001,55.7471636,0.859000027,-0.108999997,20200430344491,793,0xa,0x4,20.3899994,25.1448383,0.0404269584,0.0950455517,3.46972374e-05,30,1.07500005,2
793210400001234,121636793,2458970.8699840787,58970.367939800002,19.3027878,0.073048301,0,zr,226.83016789999999,55.747156400000001,0.533999979,0.0879999995,20200501367940,793,0xa,0x4,21.7099991,26.326889,0.0248006471,0.106132507,1.25975594e-05,30,1.08500004,2
793210400001234,121638700,2458970.8890461754,58970.387002299998,19.4139023,0.0795946568,0,zr,226.8301841,55.747162099999997,0.586000025,0.0590000004,20200501386991,793,0xa,0x4,21.8400002,26.3142757,0.025114255,0.10713461,1.28975298e-05,30,1.102,2
793210400001234,121638797,2458970.8900183551,58970.387974500001,19.4196129,0.0799455866,0,zr,226.83016620000001,55.747160200000003,0.569000006,-0.00400000019,20200501387951,793,0xa,0x4,21.7399998,26.3319874,0.0251906458,0.106191978,1.28922366e-05,30,1.10300004,1
793210400001234,121737028,2458971.87231238,58971.370289400002,19.5237064,0.0865977183,0,zr,226.83017559999999,55.747166700000001,1.43499994,0.109999999,20200502370289,793,0xa,0x4,21.2800007,26.3055477,0.0248263497,0.107463248,1.25635952e-05,30,1.08800006,2
793210400001234,121738603,2458971.8880527373,58971.386030100002,19.4135494,0.0795730278,0,zr,226.83017939999999,55.747177100000002,0.588,0.0160000008,20200502386030,793,0xa,0x4,21.2700005,26.2978058,0.0237533189,0.111193791,1.15029707e-05,30,1.10399997,2
793210400001234,121838383,2458972.8858319004,58972.383830999999,19.4585972,0.0823800638,0,zr,226.83014800000001,55.747168000000002,0.901000023,-0.0769999996,20200503383831,793,0xa,0x4,21.3500004,26.295723,0.0281918924,0.105523221,1.60391173e-05,30,1.10399997,2
793210400001234,121927879,2458973.7807772607,58973.278796300001,19.361084,0.0764164031,0,zr,226.83014180000001,55.747124700000001,0.393000007,0.0520000011,20200504278796,793,0xa,0x4,21,26.290041,0.0233418457,0.112988852,1.11103391e-05,30,1.10399997,1
793210400001234,121930380,2458973.8057882958,58973.303807900003,19.3126793,0.0736096203,0,zr,226.8301797,55.747190699999997,0.736999989,-0.074000001,20200504303808,793,0xa,0x4,21.0699997,26.3086357,0.026100358,0.112921372,1.38820642e-05,30,1.08299994,2
793210400001234,121932475,2458973.8267368288,58973.324756900001,19.3973408,0.0785849616,0,zr,226.8302262,55.747157700000002,0.347000003,0.0149999997,20200504324745,793,0xa,0x4,21.1000004,26.3167171,0.0287796557,0.106040061,1.69276227e-05,30,1.07500005,1
793210400001234,121932568,2458973.8276628051,58973.325682900002,19.3839741,0.0777787864,0,zr,226.83017899999999,55.747192099999999,1.176,-0.101000004,20200504325683,793,0xa,0x4,21.1200008,26.3033276,0.025909422,0.109048285,1.37057532e-05,30,1.07500005,2
793210400001234,122028818,2458974.7901408714,58974.288182900003,19.4491062,0.0817811191,0,zr,226.83016610000001,55.747180800000002,0.856000006,-0.023,20200505288183,793,0xa,0x4,20.9799995,26.292387,0.027598748,0.111004658,1.56202386e-05,30,1.09200001,1
793210400001234,122029949,2458974.8014484127,58974.299490700003,19.3053684,0.0731943548,0,zr,226.83018490000001,55.747179699999997,0.675000012,-0.0240000002,20200505299491,793,0xa,0x4,20.75,26.2975216,0.0274740718,0.118498586,1.54006975e-05,30,1.08399999,2
793210400001234,122032868,2458974.8306376445,58974.328680600003,19.5477543,0.0882041305,0,zr,226.83021360000001,55.747160600000001,0.611000001,-0.0430000015,20200505328681,793,0xa,0x4,20.9200001,26.3040352,0.0326863974,0.113897339,2.19746471e-05,30,1.07500005,2
793210400001234,122138931,2458975.8912493982,58975.389317100002,19.4466476,0.0816266686,0,zr,226.8302238,55.747204000000004,0.600000024,-0.115999997,20200506389317,793,0xa,0x4,20.7099991,26.3099518,0.0253373254,0.117541209,1.30818253e-05,30,1.12300003,2
793210400001234,122140621,2458975.9081471949,58975.406215299998,19.6494141,0.0952886939,0,zr,226.8301524,55.7472037,0.660000026,-0.00499999989,20200506406204,793,0xa,0x4,20.4699993,26.2008133,0.0295250826,0.112301491,1.79022791e-05,30,1.15199995,2
793210400001234,122227394,2458976.7758580428,58976.2739468,19.3359795,0.074948132,0,zr,226.830152,55.747145400000001,0.597000003,0.0379999988,20200507273947,793,0xa,0x4,20.6700001,26.335186,0.0268719513,0.107699998,1.46374932e-05,30,1.10099995,2
793210400001234,122229753,2458976.7994453791,58976.297534700003,19.3615952,0.0764465183,0,zr,226.83019949999999,55.747157799999997,0.774999976,0.116999999,20200507297535,793,0xa,0x4,20.1200008,26.1768951,0.0412132777,0.111140825,3.44132022e-05,30,1.08099997,1
793210400001234,122229894,2458976.8008574471,58976.298946800001,19.096199,0.0622413047,0,zr,226.83028289999999,55.747136699999999,0.528999984,0.0820000023,20200507298947,793,0xa,0x4,20.0300007,26.1556492,0.0361094438,0.117855817,2.6535432e-05,30,1.08099997,2
793210400001234,122230951,2458976.8114242838,58976.3095139,19.3767586,0.0773468465,0,zr,226.8303507,55.747240400000003,0.492000014,-0.00600000005,20200507309514,793,0xa,0x4,19.8899994,26.1911469,0.0365736671,0.124608487,2.78845673e-05,30,1.07700002,1
793210400001234,122325686,2458977.7587507819,58977.256863399998,19.3298473,0.0745936036,0,zr,226.83017599999999,55.7471368,0.303000003,0.0680000037,20200508256863,793,0xa,0x4,20.5200005,26.1643963,0.0273437463,0.116259813,1.52994435e-05,30,1.11899996,2
793210400001234,122427010,2458978.7719664928,58978.270104199997,19.342207,0.0753098056,0,zr,226.83016660000001,55.747176199999998,1.09800005,0.0540000014,20200509270104,793,0xa,0x4,21.1499996,26.28162,0.0296592098,0.110819347,1.76624144e-05,30,1.09899998,2
793210400001234,122427937,2458978.7812370621,58978.279374999998,19.4017792,0.0788543597,0,zr,226.83017330000001,55.747186399999997,0.542999983,-0.0540000014,20200509279375,793,0xa,0x4,21.1800003,26.298233,0.0270216912,0.110491753,1.46991115e-05,30,1.09000003,2
793210400001234,122532686,2458979.8286990034,58979.326863399998,19.3050156,0.0731743649,0,zr,226.8302185,55.747169800000002,0.912,-0.0460000001,20200510326863,793,0xa,0x4,21.3199997,26.2553425,0.0288330689,0.105847143,1.68706174e-05,30,1.07700002,2
793210400001234,122628896,2458980.7907807329,58980.288969900001,19.5193233,0.0863077417,0,zr,226.83019909999999,55.747177200000003,0.712000012,0.112999998,20200511288970,793,0xa,0x4,21.5499992,26.2902508,0.0231729802,0.111538656,1.10071433e-05,30,1.08000004,2
793210400001234,122629994,2458980.8017526511,58980.299942099999,19.4485435,0.0817457438,0,zr,226.83009630000001,55.747154799999997,0.870999992,0.100000001,20200511299942,793,0xa,0x4,21.3899994,26.2793808,0.0241568889,0.114284158,1.18845846e-05,30,1.07599998,2
793210400001234,122726668,2458981.7684750152,58981.266689800002,19.514679,0.0860014707,0,zr,226.83015140000001,55.747154100000003,0.60799998,0.0879999995,20200512266690,793,0xa,0x4,21.1499996,26.2905235,0.0239321273,0.112887993,1.15819739e-05,30,1.09399998,2
793210400001234,122727954,2458981.78133348,58981.279548600003,19.4063816,0.079134658,0,zr,226.8302118,55.747133499999997,0.485000014,-0.0350000001,20200512279549,793,0xa,0x4,20.9200001,26.2857323,0.0265376959,0.117394976,1.43073157e-05,30,1.08399999,2
793210400001234,123127901,2458985.7806917219,58985.279016200002,19.4747658,0.0834096074,0,zr,226.8302094,55.747196600000002,1.05700004,0.0179999992,20200516279016,793,0xa,0x4,21.6499996,26.2721176,0.0252209269,0.108980648,1.2903065e-05,30,1.079,2
793210400001234,123127995,2458985.7816291992,58985.279953700003,19.4138069,0.0795888081,0,zr,226.83015109999999,55.747156199999999,1.21300006,0.0140000004,20200516279954,793,0xa,0x4,21.7000008,26.2831573,0.0263788048,0.108148463,1.41389146e-05,30,1.07799995,1
793210400001234,123228262,2458986.7842742745,58986.282627300003,19.4546051,0.0821276382,0,zr,226.83015589999999,55.747184799999999,0.677999973,0.0149999997,20200517282627,793,0xa,0x4,21.7000008,26.2913914,0.025130013,0.110609353,1.28154543e-05,30,1.07700002,2
793210400001234,123230320,2458986.8048523879,58986.303205999997,19.5233517,0.0865742564,0,zr,226.83018039999999,55.747161900000002,0.816999972,-0.0549999997,20200517303206,793,0xa,0x4,21.9200001,26.3207912,0.0261678975,0.104558595,1.39250524e-05,30,1.07599998,2
793210400001234,123331107,2458987.8126936764,58987.311076400001,19.4563751,0.0822394788,0,zr,226.83016889999999,55.747171799999997,1.26199996,0.0430000015,20200518311076,793,0xa,0x4,22.1900005,26.3520794,0.027449267,0.0987084806,1.52273979e-05,30,1.079,2
793210400001234,123332108,2458987.8227049843,58987.321087999997,19.4527245,0.0820089579,0,zr,226.83015399999999,55.747170799999999,1.28999996,-0.0189999994,20200518321088,793,0xa,0x4,22.2000008,26.3355179,0.0297677983,0.0982244462,1.80873449e-05,30,1.08500004,2
793210400001234,123725986,2458991.76136033,58991.259861099999,19.3924122,0.0782868341,0,zr,226.8301495,55.747190699999997,0.654999971,-0.0329999998,20200522259850,793,0xa,0x4,21.6599998,26.3052807,0.0249003265,0.105813608,1.26174964e-05,30,1.08000004,1
793210400001234,123726078,2458991.7622862021,58991.260786999999,19.4064369,0.0791380033,0,zr,226.83015739999999,55.747186900000003,1.24399996,0.116999999,20200522260787,793,0xa,0x4,21.8299999,26.3033943,0.0254744627,0.106700443,1.32686337e-05,30,1.079,2
793210400001234,123728020,2458991.7817069078,58991.280208299999,19.3928833,0.0783152729,0,zr,226.83019350000001,55.7471903,0.699999988,0.00800000038,20200522280197,793,0xa,0x4,21.7299995,26.2983494,0.0266432334,0.111175969,1.45150079e-05,30,1.07500005,2
793210400001234,123826825,2458992.7697204156,58992.268252299997,19.424818,0.0802667663,0,zr,226.83016029999999,55.747157999999999,0.870000005,0.0829999968,20200523268252,793,0xa,0x4,21.8600006,26.2934055,0.0286540426,0.100939356,1.65896981e-05,30,1.07599998,2
793210400001234,123828039,2458992.7818612349,58992.280393499997,19.4195709,0.0799430162,0,zr,226.8301625,55.7472043,0.418000013,0.0390000008,20200523280382,793,0xa,0x4,21.5799999,26.2723198,0.0244878624,0.110509858,1.21386856e-05,30,1.07500005,2
793210400001234,123928817,2458993.7896075551,58993.288171300002,19.4120865,0.0794833824,0,zr,226.83013550000001,55.747188700000002,1.89300001,0.0309999995,20200524288171,793,0xa,0x4,21.4099998,26.3057327,0.0279158913,0.109837458,1.58130351e-05,30,1.07700002,2
793210400001234,123930603,2458993.807465795,58993.3060301,19.4376793,0.0810653567,0,zr,226.83018319999999,55.7471727,1.23500001,0.0810000002,20200524306030,793,0xa,0x4,21.6800003,26.2753239,0.0245404113,0.110488437,1.21383982e-05,30,1.08500004,2
793210400001234,124029693,2458994.7983372789,58994.296932899997,19.4722004,0.0832454637,0,zr,226.83017029999999,55.747163299999997,1.16999996,0.167999998,20200525296933,793,0xa,0x4,21.9400005,26.2921276,0.0303760804,0.101891913,1.88753747e-05,30,1.08200002,1
793210400001234,124030270,2458994.804112494,58994.302708299998,19.4286861,0.0805061385,0,zr,226.83020089999999,55.747174299999998,0.568000019,-0.0599999987,20200525302546,793,0xa,0x4,21.8999996,26.2904949,0.0269799083,0.109240927,1.49203252e-05,30,1.08500004,2
793210400001234,124126504,2458995.7664197511,58995.265046300003,19.4119892,0.0794773996,0,zr,226.8302065,55.747156199999999,1.34300005,0.136999995,20200526265046,793,0xa,0x4,21.9200001,26.29356,0.0264955424,0.104479827,1.44554633e-05,30,1.07500005,2
793210400001234,124128128,2458995.7826576289,58995.281284700002,19.4386292,0.0811246485,0,zr,226.83017419999999,55.747161400000003,0.764999986,-0.0149999997,20200526281273,793,0xa,0x4,21.8999996,26.2861176,0.0269032251,0.100077815,1.48575882e-05,30,1.07599998,2
793210400001234,124226684,2458996.7681814088,58996.266840299999,19.4173775,0.0798080564,0,zr,226.83021170000001,55.747169800000002,1.17799997,-0.0240000002,20200527266829,793,0xa,0x4,21.8099995,26.3083057,0.0250510946,0.100953348,1.28097508e-05,30,1.07500005,2
793210400001234,124228915,2458996.7904954846,58996.289155099999,19.3405857,0.0752154887,0,zr,226.83018820000001,55.747162699999997,1.00600004,0.0489999987,20200527289155,793,0xa,0x4,21.8299999,26.3011551,0.0238621943,0.107243218,1.18105991e-05,30,1.08000004,2
793210400001234,124326689,2458997.7682065926,58997.266898100002,19.4353104,0.080917716,0,zr,226.83017079999999,55.747169800000002,1.028,-0.0860000029,20200528266898,793,0xa,0x4,21.8799992,26.2851772,0.026862774,0.104279295,1.48232766e-05,30,1.07500005,2
793210400001234,124328491,2458997.786226905,58997.284918999998,19.4326382,0.0807515085,0,zr,226.8302162,55.747141300000003,0.721000016,0.0900000036,20200528284919,793,0xa,0x4,21.8899994,26.2883472,0.0268452298,0.107889317,1.46342618e-05,30,1.08000004,2
793210400001234,124328585,2458997.7871643733,58997.285856499999,19.4048576,0.0790417716,0,zr,226.8301945,55.747147499999997,0.690999985,-0.0450000018,20200528285856,793,0xa,0x4,21.7399998,26.3084774,0.0238771178,0.100062221,1.15370503e-05,30,1.08000004,1
793210400001234,124428164,2458998.7829185715,58998.281643499999,19.3613796,0.0764338523,0,zr,226.83017100000001,55.747164400000003,0.407999992,0.0179999992,20200529281644,793,0xa,0x4,21.8099995,26.2975044,0.0248412266,0.105137579,1.25116594e-05,30,1.079,2
793210400001234,124430214,2458998.8034155904,58998.302141200002,19.4084358,0.0792600363,0,zr,226.83019640000001,55.7471721,0.966000021,-0.0759999976,20200529302130,793,0xa,0x4,21.7099991,26.2972031,0.0236970074,0.100407071,1.146666e-05,30,1.09300005,2
793210400001234,124530583,2458999.8070743112,58999.305833300001,19.4604836,0.0824995413,0,zr,226.83027240000001,55.747198099999999,1.32299995,-0.0920000002,20200530305822,793,0xa,0x4,20.7800007,26.2957401,0.0258937571,0.114753783,1.36118115e-05,30,1.09899998,2
793210400001234,124532143,2458999.822675684,58999.3214352,19.4245491,0.0802501142,0,zr,226.83012550000001,55.747197100000001,0.869000018,0.0759999976,20200530321354,793,0xa,0x4,20.9500008,26.2846794,0.0275863279,0.117924795,1.54355166e-05,30,1.11899996,2
793210400001234,124636353,2459000.8647355959,59000.363530100003,19.2434082,0.0697650611,32768,zr,226.82992960000001,55.747112100000002,0.384000003,-0.248999998,20200531363530,793,0xa,0x4,19.5900002,25.2647438,0.0434305407,0.09840931,4.55842455e-05,30,1.21200001,1
793210400001234,124724001,2459001.7411874565,59001.240011599999,19.3192177,0.0739829242,0,zr,226.8301869,55.747164900000001,0.906000018,0.057,20200601240012,793,0xa,0x4,21.25,26.234766,0.0268968791,0.108256921,1.4803828e-05,30,1.07700002,2
793210400001234,124726878,2459001.7699595774,59001.268784699998,19.3002739,0.0729063004,0,zr,226.83017960000001,55.7471903,0.990999997,0.0560000017,20200601268785,793,0xa,0x4,21.0100002,26.1325779,0.0326145999,0.109560587,2.20409402e-05,30,1.07799995,2
793210400001234,125024060,2459004.7416746295,59004.240601899997,19.3214149,0.0741087496,0,zr,226.8301902,55.747151100000004,0.92900002,0.0719999969,20200604240602,793,0xa,0x4,20.5499992,26.3328342,0.0407341607,0.125132427,3.39855651e-05,30,1.07500005,2
793210400001234,125024153,2459004.7426120937,59004.241539399998,19.2889671,0.0722710267,0,zr,226.83013099999999,55.747168100000003,0.523000002,-0.0379999988,20200604241539,793,0xa,0x4,20.9599991,26.3164101,0.0273409542,0.104764111,1.53952169e-05,30,1.07500005,1
793210400001234,125025835,2459004.7594286152,59004.258356500002,19.3423977,0.0753209069,0,zr,226.83017659999999,55.747116800000001,0.901000023,0.0469999984,20200604258356,793,0xa,0x4,20.8099995,26.3057728,0.0288273357,0.119452655,1.71284446e-05,30,1.07700002,2
793210400001234,125126071,2459005.7617547414,59005.260717600002,19.4115829,0.0794524997,0,zr,226.83022990000001,55.7471526,0.670000017,-0.0960000008,20200605260718,793,0xa,0x4,20.9699993,26.330574,0.0292718634,0.103720404,1.73865556e-05,30,1.079,2
793210400001234,125521693,2459009.7178297131,59009.216932900003,19.4032536,0.0789440572,0,zr,226.83018029999999,55.7472244,0.67900002,-0.063000001,20200609216910,793,0xa,0x4,20.8999996,26.339325,0.0248053409,0.116667919,1.25656534e-05,30,1.07700002,1
793210400001234,125521787,2459009.7187671778,59009.217870400003,19.3492908,0.0757232904,0,zr,226.8301165,55.747223699999999,1.03400004,0.0430000015,20200609217859,793,0xa,0x4,20.6700001,26.3363895,0.0303010978,0.118194848,1.87349124e-05,30,1.07700002,2
793210400001234,125724829,2459011.7491220781,59011.248298600003,19.4413967,0.0812976062,0,zr,226.83017369999999,55.747173500000002,0.603999972,0.0579999983,20200611248299,793,0xa,0x4,21.7099991,26.2975235,0.0245699342,0.110443838,1.23779701e-05,30,1.08000004,2
793210400001234,125726788,2459011.7687046644,59011.267881899999,19.3469315,0.0755853653,0,zr,226.83014299999999,55.747171100000003,0.853999972,-0.0179999992,20200611267870,793,0xa,0x4,21.7199993,26.2193069,0.0244956668,0.109710559,1.23572408e-05,30,1.09399998,2
793210400001234,125824413,2459012.7449191385,59012.244131899999,19.4922104,0.0845335275,0,zr,226.83017240000001,55.747167099999999,1.05900002,0.061999999,20200612244132,793,0xa,0x4,21.9500008,26.3694668,0.02757659,0.0998893976,1.55613343e-05,30,1.08000004,2
793210400001234,125824555,2459012.746342788,59012.245555599999,19.4691849,0.0830528736,0,zr,226.83020300000001,55.747161200000001,0.611999989,0.0379999988,20200612245544,793,0xa,0x4,21.8999996,26.356514,0.0264144465,0.113292158,1.42206072e-05,30,1.08000004,1
793210400001234,125826174,2459012.7625342943,59012.261747700002,19.4274426,0.080429107,0,zr,226.8301549,55.7471575,0.768999994,-0.00200000009,20200612261748,793,0xa,0x4,21.8999996,26.3707714,0.0242269281,0.10678564,1.19999504e-05,30,1.09099996,2
793210400001234,125931837,2459013.8191275303,59013.318379600001,19.4521828,0.0819748417,0,zr,226.83017939999999,55.747162500000002,1.08299994,0.0529999994,20200613318380,793,0xa,0x4,21.6499996,26.3324642,0.0234691259,0.112881809,1.11382251e-05,30,1.18700004,2
793210400001234,126024188,2459014.7426006175,59014.241886600001,19.3969154,0.0785591677,0,zr,226.83018860000001,55.747162600000003,0.60799998,0.0520000011,20200614241887,793,0xa,0x4,21.3899994,26.3381462,0.0228831694,0.108583987,1.06388907e-05,30,1.08099997,2
793210400001234,126224386,2459016.7445057128,59016.243865700002,19.4489632,0.0817721263,0,zr,226.83018559999999,55.747175200000001,1.69000006,-0.0820000023,20200616243854,793,0xa,0x4,21.4500008,26.1559505,0.0252101887,0.112271719,1.29402897e-05,30,1.08599997,1
793210400001234,126224479,2459016.7454316774,59016.244791700003,19.4483662,0.0817345753,0,zr,226.8301812,55.7471824,1.03100002,0.123999998,20200616244792,793,0xa,0x4,21.2600002,26.0683231,0.0230413601,0.114810929,1.08115482e-05,30,1.08700001,2
793210400001234,126424932,2459018.7498940364,59018.249328700003,19.3951874,0.0784545839,0,zr,226.83020260000001,55.747176699999997,1.30299997,-0.00999999978,20200618249329,793,0xa,0x4,21.9599991,26.3451443,0.0262605604,0.108232759,1.41287846e-05,30,1.09500003,2
793210400001234,126522629,2459019.7268250915,59019.226296300003,19.4413567,0.081295073,0,zr,226.8302372,55.747173500000002,0.63499999,-0.0149999997,20200619226285,793,0xa,0x4,21.8500004,26.3107567,0.0259899814,0.105931692,1.38693658e-05,30,1.08000004,2
793210400001234,126523765,2459019.7381788632,59019.237650499999,19.4663029,0.082869269,0,zr,226.8301922,55.747175499999997,0.856999993,0.0209999997,20200619237650,793,0xa,0x4,21.8700008,26.3105068,0.025259601,0.105335958,1.30046819e-05,30,1.08700001,2
793210400001234,126625605,2459020.7565433541,59020.256053199999,19.481102,0.0838162452,0,zr,226.83014349999999,55.747169200000002,0.56400001,0.0320000015,20200620256042,793,0xa,0x4,21.8899994,26.300478,0.0268355999,0.104031473,1.47791225e-05,30,1.10800004,2
793210400001234,126822877,2459022.7291889987,59022.228773100003,19.389431,0.0781069919,0,zr,226.8301376,55.747154899999998,0.788999975,-0.0419999994,20200622228762,793,0xa,0x4,21.7199993,26.3295574,0.0256033614,0.113307402,1.34072452e-05,30,1.08700001,2
793210400001234,126823880,2459022.7392234197,59022.238807900001,19.4694061,0.0830670148,0,zr,226.8301635,55.747151500000001,0.718999982,0,20200622238808,793,0xa,0x4,21.7600002,26.3357582,0.0264563356,0.109628849,1.44500036e-05,30,1.09500003,2
793210400001234,126920648,2459023.7068604929,59023.206481499998,19.53162,0.0871234834,0,zr,226.83016169999999,55.747156099999998,0.651000023,0.00899999961,20200623206470,793,0xa,0x4,21.8500004,26.324192,0.0239075776,0.105341122,1.17518575e-05,30,1.07700002,2
793210400001234,126920741,2459023.707797958,59023.207418999998,19.4199944,0.0799690783,0,zr,226.8301573,55.747150099999999,1.227,0.0280000009,20200623207419,793,0xa,0x4,21.9099998,26.3266048,0.025022693,0.10570436,1.28719448e-05,30,1.07700002,1
793210400001234,126930123,2459023.8016137891,59023.301238400003,19.4063625,0.0791334808,0,zr,226.83017469999999,55.747177200000003,0.833999991,0.0599999987,20200623301238,793,0xa,0x4,21.7999992,26.3328705,0.023806069,0.105311461,1.1643262e-05,30,1.21399999,2
793210400001234,127022804,2459024.7283843728,59024.228044000003,19.5855675,0.0907836258,32768,zr,226.8302103,55.747150900000001,0.552999973,-0.0839999989,20200624228044,793,0xa,0x4,20.8199997,25.6568241,0.0590728745,0.100765549,7.13541885e-05,30,1.09000003,2
793210400001234,127023585,2459024.7361965724,59024.235856500003,19.5515938,0.0884630755,0,zr,226.8301744,55.74718,0.568000019,0.0149999997,20200624235845,793,0xa,0x4,21.6599998,26.2687721,0.0259877928,0.109649025,1.37951165e-05,30,1.09800005,2
793210400001234,127117939,2459025.679702464,59025.179398100001,19.4215603,0.0800656229,0,zr,226.83017509999999,55.747165600000002,0.497999996,-0.0170000009,20200625179398,793,0xa,0x4,21.5100002,26.1538639,0.0295892451,0.112365127,1.77873062e-05,30,1.07599998,2
793210400001234,127120542,2459025.7057315786,59025.205428200003,19.5006256,0.0850807056,0,zr,226.83020239999999,55.747177000000001,0.129999995,-0.00800000038,20200625205417,793,0xa,0x4,21.5300007,26.1292381,0.0285621416,0.10265068,1.66455175e-05,30,1.07799995,2
793210400001234,127225940,2459026.7596731423,59026.259409699996,19.4417572,0.0813201293,32768,zr,226.8302463,55.7471763,0.829999983,0.194999993,20200626259410,793,0xa,0x4,20.0300007,25.1552448,0.0817943215,0.115958177,0.000139639247,30,1.13800001,2
793210400001234,127318173,2459027.681964593,59027.181736099999,19.4783497,0.0836393684,0,zr,226.8302157,55.747154500000001,0.772000015,0.0939999968,20200627181736,793,0xa,0x4,21.3600006,26.2577496,0.0237954129,0.105647005,1.15733528e-05,30,1.07500005,2
793210400001234,127328576,2459027.7859884249,59027.285763899999,19.4918213,0.0845083371,0,zr,226.8301506,55.747164400000003,0.338,0.00600000005,20200627285706,793,0xa,0x4,21.3700008,26.2133675,0.0236314479,0.101632617,1.15098301e-05,30,1.20099998,2
793210400001234,127422834,2459028.7285337066,59028.228344900002,19.431385,0.0806735903,0,zr,226.83024140000001,55.747180399999998,1.00100005,-0.128000006,20200628228345,793,0xa,0x4,21.2900009,26.2837944,0.0233469345,0.116661161,1.11023837e-05,30,1.10099995,2
793210400001234,127424296,2459028.7431512484,59028.242962999997,19.390646,0.0781802088,0,zr,226.83020490000001,55.747163899999997,0.621999979,0.0780000016,20200628242951,793,0xa,0x4,21.4599991,26.3061028,0.0244870614,0.103097387,1.22109677e-05,30,1.12,2
793210400001234,127522062,2459029.7207761635,59029.220625000002,19.3176136,0.0738911331,0,zr,226.82998029999999,55.7473448,0.75,-0.00800000038,20200629220625,793,0xa,0x4,20.1599998,26.3108692,0.0324775465,0.113172382,2.15692689e-05,30,1.09599996,2
793210400001234,127722589,2459031.7259663986,59031.225891200003,19.4665966,0.0828879401,0,zr,226.83021429999999,55.747179099999997,0.657000005,0.050999999,20200701225891,793,0xa,0x4,21.1399994,26.2936401,0.0241175499,0.112930007,1.177374e-05,30,1.10800004,2
793210400001234,127736866,2459031.8687387258,59031.368669000003,19.2620945,0.0707824528,0,zr,226.83025269999999,55.747171399999999,0.848999977,-0.0610000007,20200701368657,793,0xa,0x4,20.7800007,26.2457638,0.0276919566,0.115697682,1.55040652e-05,30,1.64900005,2
793210400001234,127822527,2459032.7253151671,59032.225277799997,19.3711643,0.0770135894,0,zr,226.83016019999999,55.747209900000001,1.41600001,-0.0599999987,20200702225266,793,0xa,0x4,21.0699997,26.3299732,0.0238587447,0.116949633,1.15132207e-05,30,1.11099994,1
793210400001234,127822671,2459032.7267503184,59032.226712999996,19.3847656,0.0778263062,0,zr,226.8302137,55.747155100000001,0.537,-0.0480000004,20200702226701,793,0xa,0x4,21.0699997,26.3366928,0.0238820817,0.11664819,1.15508728e-05,30,1.11300004,2
793210400001234,127832305,2459032.8230892308,59032.323055599998,19.4527607,0.0820112899,0,zr,226.83015420000001,55.747147400000003,0.843999982,-0.050999999,20200702322963,793,0xa,0x4,20.8899994,26.2895069,0.0319769643,0.120100066,2.11041879e-05,30,1.38600004,2
793210400001234,127918243,2459033.6824317877,59033.182430599998,19.2984638,0.0728042573,0,zr,226.83023990000001,55.7471824,0.623000026,-0.057,20200703182431,793,0xa,0x4,20.9200001,26.330616,0.0243491419,0.112276837,1.20044542e-05,30,1.07799995,2
793210400001234,127935283,2459033.8528302894,59033.352835600002,19.4326897,0.0807546899,0,zr,226.8303277,55.747132999999998,1.05499995,0.0659999996,20200703352824,793,0xa,0x4,20.4500008,26.2946301,0.0278261565,0.116585143,1.56698188e-05,30,1.57299995,2
793210400001234,128031677,2459034.8167291111,59034.316770799996,19.4006119,0.0787834227,0,zr,226.830198,55.747172499999998,0.510999978,-0.0970000029,20200704316771,793,0xa,0x4,20.8299999,26.3050995,0.0262515489,0.117722452,1.40586153e-05,30,1.38199997,2
793210400001234,128039574,2459034.8956959816,59034.395740699998,19.2446251,0.069830887,0,zr,226.83020999999999,55.747150499999996,0.81400001,0.218999997,20200704395683,793,0xa,0x4,20.4300003,26.263752,0.0313051604,0.115756541,1.99048245e-05,30,1.98800004,2
793210400001234,128130513,2459035.8050599592,59035.305138900003,19.2813759,0.0718474686,0,zr,226.83018029999999,55.747204600000003,1.22899997,-0.240999997,20200705305139,793,0xa,0x4,20.5,26.3175602,0.0310440492,0.115827084,1.98259022e-05,30,1.34200001,2
793210400001234,128130607,2459035.805997428,59035.306076399997,19.4856663,0.0841103271,0,zr,226.83023109999999,55.747164699999999,0.903999984,-0.164000005,20200705306076,793,0xa,0x4,20.4300003,26.3028526,0.0301802047,0.114033967,1.87937949e-05,30,1.34599996,1
793210400001234,128136759,2459035.8675112738,59035.3675926,19.3827152,0.0777032748,0,zr,226.83018060000001,55.747106299999999,0.971000016,0.104000002,20200705367593,793,0xa,0x4,20.2299995,26.2707253,0.0383174308,0.114468344,2.96793787e-05,30,1.73000002,2
793210400001234,128226497,2459036.7648618645,59036.264976899998,19.4274769,0.0804312378,0,zr,226.83010630000001,55.747154799999997,0.897000015,0.128000006,20200706264977,793,0xa,0x4,20.9599991,26.3202839,0.0296897292,0.110596649,1.79320123e-05,30,1.21200001,2
793210400001234,128228267,2459036.7825578949,59036.282673599999,19.4469147,0.0816434324,0,zr,226.83020110000001,55.7471636,0.42899999,0.0160000008,20200706282674,793,0xa,0x4,20.9599991,26.3242569,0.0254004803,0.1121962,1.30674844e-05,30,1.26600003,1
793210400001234,128235993,2459036.8598119458,59036.359930600003,19.5040436,0.0853038281,0,zr,226.83026989999999,55.747194100000002,0.709999979,-0.0359999985,20200706359919,793,0xa,0x4,20.5,26.2832279,0.0289348345,0.119185217,1.68627394e-05,30,1.68799996,2
793210400001234,128320018,2459037.7000350934,59037.200185200003,19.2211552,0.068572171,0,zr,226.8307428,55.747211100000001,0.893000007,0.400000006,20200707200185,793,0xa,0x4,19.7700005,26.3115883,0.0380396321,0.115196206,2.97966762e-05,30,1.09800005,2
793210400001234,128320112,2459037.7009725417,59037.201122699997,19.4357796,0.080946967,0,zr,226.83042810000001,55.7472414,0.800999999,0.0370000005,20200707201123,793,0xa,0x4,20.3700008,26.3281555,0.0332641043,0.122810483,2.26404954e-05,30,1.09899998,1
793210400001234,128336233,2459037.8621817152,59037.362337999999,19.3430958,0.0753615946,0,zr,226.83023489999999,55.747144599999999,0.748000026,-0.0270000007,20200707362338,793,0xa,0x4,20.7900009,26.306179,0.0281278025,0.120388925,1.5866086e-05,30,1.73199999,2
793210400001234,128419792,2459038.6977406908,59038.197928200003,19.4215565,0.0800654069,0,zr,226.83017559999999,55.747178699999999,1.00300002,-0.0649999976,20200708197928,793,0xa,0x4,21.4300003,26.339735,0.0240695849,0.112762384,1.18106891e-05,30,1.09800005,2
793210400001234,128419886,2459038.698678155,59038.198865699997,19.4997787,0.0850254521,0,zr,226.83014209999999,55.747161800000001,0.546000004,0.0189999994,20200708198866,793,0xa,0x4,21.5300007,26.3409309,0.0251830295,0.113353826,1.29349482e-05,30,1.09899998,1
793210400001234,128439153,2459038.8913445566,59038.3915394,19.4862976,0.0841510296,0,zr,226.83025369999999,55.747102300000002,0.453000009,0.172000006,20200708391493,793,0xa,0x4,20.3600006,26.2624664,0.0288089849,0.123012707,1.69485611e-05,30,2.0710001,2
793210400001234,128522077,2459039.7205497711,59039.220775499998,19.4151115,0.0796688274,0,zr,226.8302194,55.747155499999998,0.981000006,-0.0250000004,20200709220775,793,0xa,0x4,21.9300003,26.3432369,0.0266691409,0.111632667,1.466094e-05,30,1.13199997,2
793210400001234,128524023,2459039.7400050345,59039.2402315,19.4484825,0.0817419291,0,zr,226.8301448,55.747174399999999,0.97299999,0.0199999996,20200709240174,793,0xa,0x4,21.6200008,26.3414974,0.0235362072,0.109280363,1.13808146e-05,30,1.16999996,1
793210400001234,128525450,2459039.7542752973,59039.254502299998,19.355835,0.0761071146,0,zr,226.8301726,55.7471812,1.26300001,0.116999999,20200709254502,793,0xa,0x4,21.6200008,26.3463631,0.0256459191,0.108926013,1.36022618e-05,30,1.20500004,2
793210400001234,128636681,2459040.8665486025,59040.366817100003,19.4468479,0.0816392452,0,zr,226.83013879999999,55.747166999999997,0.897000015,0.074000001,20200710366817,793,0xa,0x4,21.0400009,26.2509193,0.0235537384,0.112500206,1.13499136e-05,30,1.85099995,2
793210400001234,128724089,2459041.7405903302,59041.240891200003,19.4255066,0.0803092942,0,zr,226.83024610000001,55.747163299999997,0.48300001,0.0130000003,20200711240752,793,0xa,0x4,21.7700005,26.2828808,0.0247398708,0.0979816467,1.25283768e-05,30,1.18499994,2
793210400001234,128725731,2459041.7570133093,59041.257314800001,19.3550129,0.0760588273,0,zr,226.83015169999999,55.747179099999997,0.990999997,0.0540000014,20200711257303,793,0xa,0x4,21.6800003,26.2722931,0.0317161381,0.109343186,2.05584856e-05,30,1.22899997,1
793210400001234,128822306,2459042.7227298897,59042.2230671,19.3547382,0.0760426596,0,zr,226.8301912,55.747159199999999,0.649999976,0.0379999988,20200712223067,793,0xa,0x4,21.7600002,26.2870426,0.0245639104,0.108408116,1.23830214e-05,30,1.15100002,2
793210400001234,128823523,2459042.7348938361,59042.235231500003,19.389698,0.0781230778,0,zr,226.8301922,55.747165699999996,0.836000025,0.0780000016,20200712235220,793,0xa,0x4,21.4500008,26.284771,0.0242953375,0.107915215,1.20962941e-05,30,1.17799997,2
793210400001234,128823616,2459042.7358312993,59042.236169000003,19.364872,0.0766402408,0,zr,226.8301534,55.747160200000003,0.917999983,0.0659999996,20200712236169,793,0xa,0x4,21.6399994,26.2759457,0.0242043454,0.110270642,1.2076257e-05,30,1.17999995,1
793210400001234,128924675,2459043.7463843441,59043.246759299996,19.4977551,0.0848937109,0,zr,226.83021049999999,55.747170099999998,0.379999995,-0.0219999999,20200713246759,793,0xa,0x4,21.6499996,26.2839432,0.0257668514,0.110720307,1.36577419e-05,30,1.21399999,2
793210400001234,128925582,2459043.7554465067,59043.255821799998,19.3418198,0.0752873346,0,zr,226.83021859999999,55.747175200000001,0.550000012,0.0540000014,20200713255822,793,0xa,0x4,21.7600002,26.2862453,0.0247906633,0.104791068,1.25218412e-05,30,1.24100006,1
793210400001234,128926162,2459043.7612448903,59043.261620400001,19.3949127,0.0784379244,0,zr,226.830209,55.747173799999999,0.674000025,-0.074000001,20200713261620,793,0xa,0x4,21.7199993,26.2829113,0.0259970725,0.103792362,1.37121388e-05,30,1.25999999,2
793210400001234,129022216,2459044.721753641,59044.222164400002,19.3656216,0.0766846538,0,zr,226.83016090000001,55.747161599999998,0.865999997,-0.103,20200714222164,793,0xa,0x4,21.6000004,26.3170815,0.0237624403,0.107346192,1.15029234e-05,30,1.16100001,2
793210400001234,129023324,2459044.7328295317,59044.233240699999,19.3447571,0.0754584596,0,zr,226.8301759,55.747164599999998,0.825999975,-0.0350000001,20200714233241,793,0xa,0x4,21.6599998,26.3161507,0.0234149601,0.11155811,1.10994515e-05,30,1.18599999,2
793210400001234,129120115,2459045.7007108619,59045.201157399999,19.4198112,0.0799578428,0,zr,226.8301999,55.747160200000003,0.361999989,0.00400000019,20200715201111,793,0xa,0x4,21.8099995,26.3270416,0.0252933837,0.107030444,1.30009939e-05,30,1.12699997,2
793210400001234,129121831,2459045.7178630307,59045.218310199998,19.4225159,0.0801245198,0,zr,226.83019229999999,55.747160899999997,0.345999986,0.0270000007,20200715218299,793,0xa,0x4,21.6100006,26.321064,0.0236700773,0.107530065,1.15453977e-05,30,1.15799999,2
793210400001234,129220136,2459046.7008827664,59046.201365699999,19.4162941,0.0797414482,0,zr,226.8301721,55.747182299999999,0.60799998,0.00400000019,20200716201354,793,0xa,0x4,21.5699997,26.325222,0.0235810075,0.113408379,1.13308824e-05,30,1.13199997,2
793210400001234,129220230,2459046.7018202329,59046.2023032,19.396637,0.0785423443,0,zr,226.83018519999999,55.747177299999997,0.745000005,0.023,20200716202303,793,0xa,0x4,21.5499992,26.3345642,0.0250142403,0.110204056,1.28254323e-05,30,1.13399994,1
793210400001234,129322188,2459047.721366717,59047.221886599997,19.4306507,0.0806279927,0,zr,226.83019150000001,55.747167900000001,0.620999992,-0.0140000004,20200717221887,793,0xa,0x4,21.8099995,26.3351803,0.0235971808,0.108910307,1.14472587e-05,30,1.17799997,2
793210400001234,129332144,2459047.8209232674,59047.321446800001,19.4218159,0.0800813511,0,zr,226.830185,55.747195099999999,0.709999979,-0.075000003,20200717321447,793,0xa,0x4,21.2700005,26.2977638,0.0266262311,0.108994566,1.42667723e-05,30,1.62199998,2
793210400001234,129420313,2459048.7025813921,59048.203136600001,19.3556423,0.0760958269,0,zr,226.83019719999999,55.747159099999998,0.768000007,0.0649999976,20200718203113,793,0xa,0x4,21.8299999,26.3366852,0.0261131302,0.105505861,1.38688674e-05,30,1.14499998,2
793210400001234,129517774,2459049.6771530015,59049.177743100001,19.3641567,0.0765979216,0,zr,226.8302205,55.747177700000002,0.765999973,0.0199999996,20200719177720,793,0xa,0x4,21.6700001,26.3384857,0.0271008853,0.107617624,1.50182022e-05,30,1.10899997,2
793210400001234,129517866,2459049.6780788694,59049.178669000001,19.4944458,0.0846786126,0,zr,226.8302176,55.747156099999998,0.412,0.0289999992,20200719178669,793,0xa,0x4,21.7199993,26.329752,0.023816159,0.110976398,1.15407893e-05,30,1.11099994,1
793210400001234,129535328,2459049.8526905444,59049.353286999998,19.5148087,0.0860100165,0,zr,226.8302304,55.747206499999997,0.31400001,-0.00100000005,20200719353287,793,0xa,0x4,21.0599995,26.2651978,0.0248979311,0.109933816,1.26578616e-05,30,1.97099996,2
793210400001234,129626979,2459050.7691627019,59050.269791699997,19.4436455,0.0814383477,0,zr,226.83015639999999,55.747149399999998,0.342999995,-0.0520000011,20200720269780,793,0xa,0x4,21.3199997,26.3062363,0.0246709362,0.113822348,1.24202352e-05,30,1.36699998,2
793210400001234,129630912,2459050.8084899792,59050.309120400001,19.39254,0.078294538,0,zr,226.8301089,55.7471842,0.688000023,0.0500000007,20200720309109,793,0xa,0x4,21.3799992,26.2930393,0.0257320814,0.104414925,1.33188096e-05,30,1.59200001,2
793210400001234,129724995,2459051.7492900663,59051.249953699997,19.4328613,0.0807653666,0,zr,226.83019010000001,55.747162500000002,1.28499997,0.125,20200721249954,793,0xa,0x4,21.4699993,26.2857628,0.0244544614,0.110747814,1.22950823e-05,30,1.296,2
793210400001234,129734912,2459051.8484532149,59051.349120400002,19.4002666,0.0787624344,0,zr,226.83025689999999,55.747117299999999,0.709999979,0.141000003,20200721349120,793,0xa,0x4,21.1200008,26.2169857,0.0254469514,0.113399506,1.31410397e-05,30,1.98599994,2
793210400001234,129824841,2459052.7477157083,59052.248414399997,19.3639908,0.0765881315,0,zr,226.8302194,55.747193899999999,0.319000006,-0.00899999961,20200722248368,793,0xa,0x4,21.7000008,26.3314381,0.0232537501,0.106453456,1.13216829e-05,30,1.29999995,2
793210400001234,129824935,2459052.7486531748,59052.249351899998,19.4053173,0.0790697411,0,zr,226.83018519999999,55.7471538,0.763000011,0.057,20200722249352,793,0xa,0x4,21.7199993,26.3257999,0.0246029161,0.109237172,1.2301919e-05,30,1.30400002,1
793210400001234,129826703,2459052.7663376452,59052.267036999998,19.4258842,0.0803326741,0,zr,226.83018759999999,55.747180100000001,0.709999979,0.0450000018,20200722267037,793,0xa,0x4,21.5699997,26.3133507,0.0243015625,0.113394,1.18962653e-05,30,1.37899995,2
793210400001234,130034788,2459054.8471102491,59054.347881900001,19.3722134,0.0770759955,0,zr,226.83022099999999,55.747176899999999,1.09099996,-0.0480000004,20200724347870,793,0xa,0x4,21.1700001,26.2547817,0.0251349285,0.110300653,1.27620451e-05,30,2.07200003,2
793210400001234,130132810,2459055.8272966309,59055.328101899999,19.3175926,0.0738899037,0,zr,226.83015370000001,55.747130599999998,1.028,0.0540000014,20200725328102,793,0xa,0x4,21.3400002,26.2472343,0.0241149869,0.111698985,1.16419042e-05,30,1.87399995,2
793210400001234,130518071,2459059.6797829391,59059.1807176,19.3605652,0.076385729,0,zr,226.83017269999999,55.747160700000002,0.736000001,-0.0599999987,20200729180706,793,0xa,0x4,21.4400005,26.3450108,0.025615206,0.106070228,1.34896081e-05,30,1.15999997,2
793210400001234,130531993,2459059.8189912681,59059.319930600002,19.4694538,0.0830700621,0,zr,226.8302056,55.747164599999998,0.469000012,0.0289999992,20200729319896,793,0xa,0x4,20.7099991,26.2699394,0.027323097,0.115850516,1.49110083e-05,30,1.903,2
793210400001234,130619765,2459060.6966824201,59060.197650499998,19.2763119,0.0715662688,0,zr,226.8302042,55.747200999999997,0.989000022,0.0189999994,20200730197650,793,0xa,0x4,21.2099991,26.3083115,0.0289875194,0.113245226,1.717749e-05,30,1.20700002,2
793210400001234,130726567,2459061.7646684544,59061.265671300003,19.2816162,0.0718607977,0,zr,226.83021339999999,55.7471709,0.572000027,0.0179999992,20200731265671,793,0xa,0x4,21.0900002,26.2654915,0.0294320695,0.109776847,1.74301222e-05,30,1.50399995,2
793210400001234,130731456,2459061.8135557398,59061.3145602,19.3872547,0.0779759288,0,zr,226.83020859999999,55.747183,0.407000005,0.0289999992,20200731314514,793,0xa,0x4,20.8799992,26.2291183,0.0268035363,0.111831963,1.46361626e-05,30,1.90400004,2
793210400001234,130821878,2459062.7177512073,59062.218784700002,19.4353256,0.0809186846,0,zr,226.8301836,55.747178699999999,0.825999975,-0.141000003,20200801218773,793,0xa,0x4,21.0100002,26.2966213,0.0288885534,0.110433161,1.69709983e-05,30,1.29100001,2
793210400001234,130916177,2459063.6607072926,59063.161770799998,19.396986,0.0785634294,0,zr,226.8302171,55.747155499999998,1.07599998,0.101000004,20200802161771,793,0xa,0x4,21,26.3084698,0.0285248831,0.111226968,1.65791735e-05,30,1.14400005,2
793210400001234,130917753,2459063.6764706881,59063.1775347,19.3172417,0.073869884,0,zr,226.83022349999999,55.747145199999999,0.611000001,0.0439999998,20200802177523,793,0xa,0x4,21.0599995,26.3316364,0.0284992363,0.10872142,1.64144876e-05,30,1.17700005,1
793210400001234,130929305,2459063.7919878731,59063.293055599999,19.6649132,0.0964108631,0,zr,226.83035910000001,55.747101100000002,0.510999978,0.173999995,20200802293056,793,0xa,0x4,20.4300003,26.2712479,0.0307826288,0.122503839,1.92232419e-05,30,1.74699998,2
793210400001234,131028333,2459064.7822344,59064.283333300002,19.0780125,0.0613704436,0,zr,226.8301711,55.747146499999999,0.824000001,-0.0790000036,20200803283333,793,0xa,0x4,20.2700005,26.24049,0.033541631,0.127087533,2.26238481e-05,30,1.68700004,2
793210400001234,131118049,2459065.6793709258,59065.180497699999,19.2969627,0.0727197379,0,zr,226.83020519999999,55.747175900000002,1.40900004,-0.0659999996,20200804180498,793,0xa,0x4,20.8299999,26.3162441,0.0256734826,0.114444889,1.35286518e-05,30,1.19700003,2
793210400001234,131221841,2459066.7172556613,59066.218414399998,19.3890171,0.0780820698,0,zr,226.83025230000001,55.747165099999997,1.13300002,-0.0489999987,20200805218414,793,0xa,0x4,20.8199997,26.2888508,0.024993144,0.119673684,1.26904615e-05,30,1.33299994,2
793210400001234,131316190,2459067.6607222897,59067.1619097,19.3827648,0.0777062774,0,zr,226.8301663,55.747184400000002,0.69599998,-0.0430000015,20200806161910,793,0xa,0x4,21.4699993,26.3247223,0.024403695,0.106528394,1.2148942e-05,30,1.16600001,2
793210400001234,131327935,2459067.7781608677,59067.279351899997,19.4407539,0.0812574327,0,zr,226.83000530000001,55.747198300000001,0.717000008,-0.0960000008,20200806279352,793,0xa,0x4,20.6200008,26.2853222,0.0267391447,0.118658558,1.44822525e-05,30,1.72300005,1
793210400001234,131330348,2459067.802292035,59067.303483800002,19.3756523,0.0772808343,0,zr,226.8302242,55.747166399999998,0.546000004,-0.0869999975,20200806303322,793,0xa,0x4,20.6399994,26.2891998,0.0256140549,0.11182747,1.34251732e-05,30,1.96200001,2
793210400001234,131424233,2459068.7411181121,59068.242337999996,19.2956009,0.0726430789,0,zr,226.8302008,55.747185500000001,0.620000005,-0.0659999996,20200807242338,793,0xa,0x4,21,26.3014545,0.0291198064,0.117726445,1.70151143e-05,30,1.47899997,2
793210400001234,131426268,2459068.7614646917,59068.262685200003,19.2541676,0.0703491345,0,zr,226.8301779,55.747144499999997,0.639999986,-0.0529999994,20200807262685,793,0xa,0x4,20.8600006,26.3130569,0.0250636265,0.112192847,1.26771229e-05,30,1.61199999,2
793210400001234,131618460,2459070.683329483,59070.184606499999,19.3651066,0.0766541511,0,zr,226.8301433,55.747157100000003,0.559000015,0,20200809184537,793,0xa,0x4,21.7399998,26.3261681,0.0291248914,0.107331954,1.71365955e-05,30,1.24899995,2
793210400001234,131717692,2459071.6756156771,59071.176921300001,19.4670086,0.0829142034,0,zr,226.83019530000001,55.747162799999998,1.13999999,0.0890000015,20200810176898,793,0xa,0x4,21.6599998,26.3152504,0.025392659,0.105824947,1.31841507e-05,30,1.23300004,2
793210400001234,131819684,2459072.6955056861,59072.196840299999,19.2967415,0.0727072507,0,zr,226.8301835,55.7471642,0.649999976,-0.0540000014,20200811196840,793,0xa,0x4,21.3999996,26.2688732,0.0239172429,0.114922747,1.1701879e-05,30,1.31200004,2
793210400001234,131917550,2459073.6741473046,59073.175509300003,19.3441086,0.0754206404,0,zr,226.83018809999999,55.747191399999998,0.833000004,0.0419999994,20200812175498,793,0xa,0x4,21.4200001,26.3111153,0.0234776475,0.107996546,1.12907592e-05,30,1.24600005,2
793210400001234,132122295,2459075.7215334261,59075.222951399999,19.4148712,0.0796541125,0,zr,226.830187,55.747179099999997,1.19200003,-0.0900000036,20200814222951,793,0xa,0x4,21.2600002,26.1671143,0.0276250448,0.109599076,1.53970068e-05,30,1.477,2
793210400001234,132124210,2459075.7406880008,59075.242106500002,19.435463,0.0809272155,0,zr,226.83022560000001,55.747188399999999,1.09800005,-0.180000007,20200814242106,793,0xa,0x4,21.2000008,26.1662426,0.0235698782,0.11386916,1.12367561e-05,30,1.60099995,2
793210400001234,132219944,2459076.698000419,59076.199444400001,19.3287964,0.0745330453,0,zr,226.83021579999999,55.747154700000003,0.522000015,0.0549999997,20200815199444,793,0xa,0x4,21.5799999,26.1948166,0.0281100217,0.0994382128,1.62055203e-05,30,1.37,2
793210400001234,132315947,2459077.6580100842,59077.159479200003,19.434267,0.0808527842,0,zr,226.83022539999999,55.747150300000001,0.802999973,0.103,20200816159479,793,0xa,0x4,21.5200005,26.2113972,0.0272219442,0.107771471,1.51534714e-05,30,1.23000002,2
793210400001234,132519982,2459079.6983052427,59079.199826399999,19.3385639,0.0750980228,0,zr,226.8302008,55.7471429,0.73299998,0.0340000018,20200818199815,793,0xa,0x4,21.4500008,26.1553459,0.0269709714,0.101750664,1.46358861e-05,30,1.41100001,2
793210400001234,132522574,2459079.7242188766,59079.2257407,19.4860573,0.0841355622,0,zr,226.8301649,55.747168100000003,0.712000012,0.149000004,20200818225741,793,0xa,0x4,21.2800007,26.1324959,0.0281117503,0.114634648,1.60748423e-05,30,1.56299996,2
793210400001234,132617638,2459080.6748435702,59080.176388899999,19.2886925,0.0722556114,0,zr,226.8301984,55.747143000000001,1.04799998,-0.0460000001,20200819176377,793,0xa,0x4,21.0100002,25.9166374,0.0299879722,0.110418774,1.83175016e-05,30,1.31799996,2
793210400001234,132718155,2459081.679981167,59081.181550900001,19.3335342,0.0748065859,0,zr,226.83020769999999,55.747158800000001,0.547999978,0.0500000007,20200820181551,793,0xa,0x4,21.1200008,26.0358982,0.0266008601,0.11561542,1.41086966e-05,30,1.35099995,2
793210400001234,132818641,2459082.6848183749,59082.186412000003,19.3821163,0.0776674002,0,zr,226.8301405,55.747206400000003,1.20200002,-0.162,20200821186412,793,0xa,0x4,21.0200005,25.9962864,0.0284881964,0.122129381,1.6478165e-05,30,1.38499999,2
793210400001234,132825945,2459082.7578606098,59082.259456,19.487793,0.0842476636,0,zr,226.83014399999999,55.747124399999997,0.611999989,0.0869999975,20200821259444,793,0xa,0x4,20.6399994,25.8724709,0.0272208042,0.125360772,1.49078687e-05,30,1.92900002,2
793210400001234,133020004,2459084.6984063582,59084.2000463,19.4553757,0.0821762756,0,zr,226.83014840000001,55.747172499999998,0.605000019,-0.104999997,20200823200046,793,0xa,0x4,20.9200001,26.0833817,0.0256737471,0.121375673,1.35886257e-05,30,1.48699999,2
793210400001234,133117892,2459085.6772619272,59085.178923599997,19.3929539,0.0783195198,0,zr,226.830219,55.747169,0.871999979,-0.075000003,20200824178924,793,0xa,0x4,20.9200001,26.2742882,0.0265081637,0.116935164,1.41576957e-05,30,1.38900006,2
793210400001234,133118898,2459085.6873195977,59085.188981500003,19.3617363,0.0764548928,0,zr,226.83017409999999,55.747160999999998,1.16799998,-0.108999997,20200824188981,793,0xa,0x4,21.1599998,26.2659798,0.0248776209,0.11631652,1.25961351e-05,30,1.44000006,2
793210400001234,133316153,2459087.6598352492,59087.161539399996,19.2590656,0.0706165433,0,zr,226.83021869999999,55.747173699999998,0.479000002,0.0399999991,20200826161539,793,0xa,0x4,21.0400009,26.1531162,0.0259823781,0.120647393,1.37770394e-05,30,1.33500004,2
793210400001234,133720133,2459091.699546868,59091.201330999997,19.3298645,0.0745946318,0,zr,226.83020930000001,55.747138300000003,0.702000022,-0.114,20200830201319,793,0xa,0x4,20.6900005,26.2969246,0.0246585086,0.116164133,1.23309201e-05,30,1.62300003,2
793210400001234,143452104,2459189.0203334545,59188.521041699998,19.4576149,0.0823178887,0,zr,226.8302655,55.747115800000003,0.43900001,-0.064000003,20201205521030,793,0xa,0x4,20.3899994,26.2778702,0.0319958515,0.121531501,2.09377213e-05,30,1.84300005,1
793210400001234,144151765,2459196.0172001012,59195.517650499998,19.2100792,0.0679859519,0,zr,226.83048070000001,55.746962099999998,0.675999999,0.100000001,20201212517639,793,0xa,0x4,19.6200008,26.0352879,0.0435752235,0.117974691,4.09361455e-05,30,1.70000005,1
793210400001234,144551457,2459200.0142733189,59199.514571799999,19.4283981,0.0804883391,0,zr,226.83017129999999,55.7472134,0.485000014,-0.0260000005,20201216514572,793,0xa,0x4,20.5900002,26.2864151,0.030204609,0.116080828,1.83910124e-05,30,1.63699996,1
793210400001234,144853350,2459203.0333247334,59202.533506899999,19.286726,0.0721457303,0,zr,226.83017369999999,55.747120700000004,0.967000008,0.0399999991,20201219533507,793,0xa,0x4,20.25,26.2973995,0.0329503641,0.121801369,2.16941717e-05,30,1.46000004,1
793210400001234,145051273,2459205.0126261278,59204.512731499999,19.4450188,0.0815244168,0,zr,226.830198,55.747183800000002,1.39600003,-0.0529999994,20201221512732,793,0xa,0x4,21.3099995,26.2926006,0.0256994218,0.113912575,1.3570927e-05,30,1.55299997,1
793210400001234,146346928,2459217.969683615,59217.469282400001,19.405426,0.0790763423,0,zr,226.830251,55.747227199999998,0.856999993,0.0900000036,20210103469271,793,0xa,0x4,20.8299999,26.2914257,0.0291791949,0.113838024,1.72295768e-05,30,1.60899997,1
793210400001234,146549988,2459220.0003645429,59219.499884299999,19.5471134,0.088160947,0,zr,226.83025610000001,55.747163200000003,0.967999995,-0.0189999994,20210105499884,793,0xa,0x4,20.8400002,26.3025227,0.0256577116,0.116892718,1.34337797e-05,30,1.39300001,1
793210400001234,146753266,2459222.0332209799,59221.532661999998,19.4499245,0.0818325728,0,zr,226.8303286,55.747160399999999,0.588,-0.0810000002,20210107532662,793,0xa,0x4,20.8299999,26.0862751,0.0245085768,0.10873244,1.22838655e-05,30,1.24300003,1
793210400001234,146949297,2459223.9936089185,59223.492974499997,19.6270332,0.0936880186,0,zr,226.83023650000001,55.747041400000001,1.16799998,-0.063000001,20210109492951,793,0xa,0x4,20.4899998,26.3153305,0.0269410219,0.112403527,1.45782769e-05,30,1.37399995,1
793210400001234,147350829,2459228.0090858154,59227.508298599998,19.4309006,0.0806435347,0,zr,226.8301816,55.747154700000003,0.603999972,-0.0810000002,20210113508264,793,0xa,0x4,20.6800003,26.1633244,0.027936453,0.10776832,1.58118601e-05,30,1.26900005,1
793210400001234,147553040,2459230.0312681426,59229.530405099998,19.2870483,0.072163716,0,zr,226.8301822,55.747177000000001,0.633000016,-0.00499999989,20210115530405,793,0xa,0x4,20.5599995,26.3307915,0.0299633313,0.123578645,1.83500233e-05,30,1.18799996,1
793210400001234,147749202,2459231.9929612214,59231.492025500003,19.4416733,0.0813149065,0,zr,226.83018319999999,55.7471611,0.833000004,0.0480000004,20210117491968,793,0xa,0x4,21.6000004,26.312315,0.0237741005,0.105834283,1.1645423e-05,30,1.28799999,1
793210400001234,149444775,2459248.9492715918,59248.447754599998,19.5975227,0.091612868,0,zr,226.8301725,55.747220599999999,0.335000008,0.00999999978,20210203447743,793,0xa,0x4,21.0900002,26.3280907,0.0242105294,0.115452267,1.20270815e-05,30,1.27999997,1
793210400001234,149643184,2459250.9334184863,59250.4318403,19.4467754,0.0816346854,0,zr,226.8301903,55.747202299999998,0.61500001,0.0299999993,20210205431840,793,0xa,0x4,20.5799999,26.3191071,0.0325282253,0.112509578,2.14284755e-05,30,1.32000005,1
793210400001234,149851311,2459253.0147539987,59252.513113399997,19.4928303,0.0845737159,0,zr,226.83021350000001,55.747159099999998,0.786000013,0.0350000001,20210207513102,793,0xa,0x4,21.8500004,26.3462353,0.0266681947,0.10699036,1.47571664e-05,30,1.10699999,1
793210400001234,150245253,2459256.9542879229,59256.452534700002,19.4859848,0.0841308683,0,zr,226.8301544,55.747174399999999,1.01699996,-0.0359999985,20210211452535,793,0xa,0x4,21.5799999,26.3405132,0.0233101137,0.110308588,1.10524352e-05,30,1.199,1
793210400001234,150641053,2459260.9123911327,59260.410532399997,19.5712738,0.0898008645,32768,zr,226.83027179999999,55.747104,1.426,-0.175999999,20210215410521,793,0xa,0x4,20.1399994,25.5284767,0.0348887816,0.110842958,2.50680168e-05,30,1.29700005,1
793210400001234,150946903,2459263.9709741604,59263.469039399999,19.6038551,0.0920547694,0,zr,226.82997069999999,55.747247600000001,0.593999982,0.0560000017,20210218469039,793,0xa,0x4,20.2999992,26.3488026,0.0316196904,0.114147499,2.02209703e-05,30,1.12600005,1
793210400001234,151131039,2459265.8123714747,59265.310393500004,19.6151962,0.0928507745,0,zr,226.83014679999999,55.747095100000003,0.707000017,-0.074000001,20210220310347,793,0xa,0x4,20.5400009,26.2743206,0.0270599499,0.124665335,1.50953456e-05,30,1.847,1
793210400001234,151343456,2459267.936585879,59267.434560200003,19.6216946,0.0933096558,0,zr,226.8301324,55.747147400000003,1.07299995,-0.0149999997,20210222434560,793,0xa,0x4,20.8500004,26.3490276,0.0363611355,0.115238778,2.69646571e-05,30,1.16900003,1
793210400001234,151537002,2459269.8720899192,59269.370023099997,19.5085506,0.0855988786,32768,zr,226.8301592,55.747172599999999,0.671000004,0.0599999987,20210224370023,793,0xa,0x4,20.7999992,26.0877419,0.0767646432,0.112527452,0.00012052813,30,1.36199999,1
793210400001234,151744694,2459271.9490530379,59271.446944399999,19.463953,0.0827197358,0,zr,226.83018659999999,55.747153099999998,0.749000013,0.116999999,20210226446944,793,0xa,0x4,20.1200008,26.3352985,0.0306975897,0.10681165,1.90614865e-05,30,1.12600005,1
793210400001234,151947692,2459273.9790683333,59273.476921300004,19.5780888,0.0902682096,0,zr,226.83027609999999,55.7472578,0.740999997,-0.166999996,20210228476910,793,0xa,0x4,20.2800007,26.2953091,0.0299745537,0.116874307,1.8345354e-05,30,1.08599997,1
793210400001234,152140449,2459275.9066719031,59275.404490699999,19.5056686,0.0854100809,0,zr,226.83017419999999,55.747192200000001,0.681999981,-0.0439999998,20210302404479,793,0xa,0x4,20.8099995,26.3237705,0.0256819297,0.115481138,1.35761711e-05,30,1.18900001,1
793210400001234,152140734,2459275.9095307528,59275.407349499998,19.4678459,0.0829675198,0,zr,226.8302032,55.747166100000001,0.917999983,-0.0350000001,20210302407338,793,0xa,0x4,20.8299999,26.3429394,0.0245506056,0.114836998,1.23912996e-05,30,1.18200004,3
793210400001234,152446633,2459278.9685618849,59278.466331000003,19.5544357,0.0886551589,0,zr,226.83015090000001,55.747195699999999,1.24699998,0.00100000005,20210305466319,793,0xa,0x4,20.9400005,26.3374653,0.0261824112,0.116842724,1.40379943e-05,30,1.08500004,3
793210400001234,152446780,2459278.9700318016,59278.467800899998,19.500946,0.0851015449,0,zr,226.8302558,55.747216899999998,1.051,-0.126000002,20210305467789,793,0xa,0x4,20.9699993,26.3419762,0.0237984508,0.114642009,1.17024847e-05,30,1.08399999,1
793210400001234,152643089,2459280.9331508796,59280.430891199998,19.614399,0.0927946791,0,zr,226.83021629999999,55.7471575,0.773999989,-0.0309999995,20210307430891,793,0xa,0x4,20.7800007,26.1986351,0.0247470625,0.109868608,1.23388336e-05,30,1.11399996,3
793210400001234,153638297,2459290.8853420094,59290.382974499997,19.5926876,0.0912767053,0,zr,226.8301501,55.747163700000002,0.614000022,-0.057,20210317382975,793,0xa,0x4,21.7399998,26.3245564,0.0239316039,0.11115136,1.15855401e-05,30,1.14699996,3
793210400001234,153739204,2459291.8944234215,59291.392048599999,19.6512451,0.095420666,0,zr,226.83013270000001,55.747172399999997,1.45099998,0.170000002,20210318392049,793,0xa,0x4,21.5,26.1904526,0.0251686499,0.108713724,1.29360442e-05,30,1.12699997,1
793210400001234,153838532,2459292.8877054527,59292.385324100003,19.6230316,0.0934042409,0,zr,226.83016240000001,55.7471648,0.981000006,-0.109999999,20210319385324,793,0xa,0x4,21.7900009,26.2842159,0.0274626911,0.109742768,1.54274385e-05,30,1.13300002,3
793210400001234,154138407,2459295.8864712031,59295.384074100002,19.5939846,0.0913667828,0,zr,226.8302808,55.747139500000003,1.36199999,0.195999995,20210322383900,793,0xa,0x4,21,26.2669811,0.0275518056,0.115407206,1.55510534e-05,30,1.12199998,3
793210400001234,154238798,2459296.8903871425,59296.387986100002,19.3951721,0.0784536451,0,zr,226.83019139999999,55.747217900000003,0.796999991,0.370999992,20210323387986,793,0xa,0x4,19.7399998,26.2543354,0.0403188281,0.119844541,3.44752516e-05,30,1.11300004,3
793210400001234,154339032,2459297.8927284139,59297.390324100001,19.5031281,0.0852440074,0,zr,226.83010999999999,55.7471782,1.65400004,0.0289999992,20210324390266,793,0xa,0x4,20.8999996,26.2983074,0.0249977354,0.113878556,1.26276309e-05,30,1.10599995,3
793210400001234,154339525,2459297.8976589274,59297.3952546,19.6507874,0.0953876674,0,zr,226.83013130000001,55.747199999999999,0.847000003,0.115000002,20210324395197,793,0xa,0x4,20.8600006,26.2939358,0.0260722991,0.122750901,1.38013111e-05,30,1.10099995,1
793210400001234,154441064,2459298.9130550576,59298.410648099998,19.6178188,0.0930357054,0,zr,226.83012170000001,55.747161599999998,0.381000012,-0.00899999961,20210325410648,793,0xa,0x4,20.1800003,25.8510284,0.0373490341,0.0971113816,2.82515903e-05,30,1.08500004,3
793210400001234,154643560,2459300.9380120519,59300.435601899997,19.6748028,0.0971327201,0,zr,226.830262,55.747107200000002,0.823000014,-0.337000012,20210327435590,793,0xa,0x4,20.1599998,26.2989311,0.0326592326,0.119924709,2.18417754e-05,30,1.07599998,1
793210400001234,154643653,2459300.9389495365,59300.436539399998,19.6735897,0.0970438868,0,zr,226.83049560000001,55.7472238,0.745000005,-0.305000007,20210327436539,793,0xa,0x4,19.9799995,26.3027344,0.0343526267,0.116607577,2.43452159e-05,30,1.07599998,3
793210400001234,154741665,2459301.9190658117,59301.416655100002,19.4863052,0.084151566,0,zr,226.830254,55.747270999999998,0.643000007,-0.0839999989,20210328416644,793,0xa,0x4,20.25,26.3326588,0.0302846022,0.119814023,1.86315356e-05,30,1.07799995,3
793210400001234,154840266,2459302.9050726555,59302.402662,19.5600433,0.0890352651,0,zr,226.83019490000001,55.747132999999998,0.405999988,-0.00100000005,20210329402650,793,0xa,0x4,20.7700005,26.34519,0.0325911976,0.114254743,2.15487216e-05,30,1.08399999,1
793210400001234,154840359,2459302.9060101542,59302.403599500001,19.5069733,0.0854954496,0,zr,226.83015789999999,55.747162600000003,0.426999986,-0.00800000038,20210329403600,793,0xa,0x4,20.8099995,26.3221416,0.0307381749,0.11887566,1.91830532e-05,30,1.08299994,3
793210400001234,154943482,2459303.9372363011,59303.4348264,19.4105682,0.0793904141,0,zr,226.83022629999999,55.747113200000001,1.01800001,0.00499999989,20210330434815,793,0xa,0x4,20.4699993,26.2930374,0.0281750765,0.118991196,1.64598205e-05,30,1.07700002,3
793210400001234,155130452,2459305.806932203,59305.304525500003,19.2928333,0.0724876449,32768,zr,226.83030600000001,55.747128099999998,0.400999993,-0.114,20210401304456,793,0xa,0x4,20.3700008,25.8974571,0.104740195,0.121047229,0.000227922603,30,1.23899996,1
793210400001234,155134371,2459305.846121931,59305.343715299998,19.5701275,0.0897224247,0,zr,226.8301405,55.747180899999996,1.10699999,-0.184,20210401343692,793,0xa,0x4,20.9300003,26.3123455,0.0263245776,0.111698784,1.40312168e-05,30,1.14400005,3
793210400001234,155244548,2459306.9478897727,59306.445486099998,19.6329117,0.0941061825,0,zr,226.83022639999999,55.747170500000003,1.26199996,-0.0799999982,20210402445486,793,0xa,0x4,21.5100002,26.303299,0.0296260398,0.111782752,1.8119772e-05,30,1.08399999,3
793210400001234,155336905,2459307.8714514626,59307.369050900001,19.6314011,0.0939985812,0,zr,226.83017229999999,55.747162500000002,0.763999999,0.193000004,20210403369051,793,0xa,0x4,21.7700005,26.3489475,0.0241733678,0.103323199,1.20473314e-05,30,1.10000002,3
793210400001234,155336998,2459307.8723889603,59307.369988400002,19.6042671,0.0920835286,0,zr,226.83019039999999,55.747139799999999,0.930999994,0.152999997,20210403369988,793,0xa,0x4,21.6599998,26.3277969,0.0254626963,0.107043028,1.32863015e-05,30,1.09899998,1
793210400001234,155443362,2459308.9360189885,59308.433622700002,19.5561237,0.088769421,0,zr,226.8301726,55.747175800000001,0.509000003,-0.00100000005,20210404433623,793,0xa,0x4,21.6599998,26.3274155,0.0242294371,0.111853145,1.19869137e-05,30,1.08099997,3
793210400001234,155538667,2459309.8890700242,59309.386678199997,19.5468349,0.088142246,0,zr,226.83014549999999,55.7471763,0.709999979,0.0160000008,20210405386678,793,0xa,0x4,21.25,26.2673912,0.0228289347,0.111521192,1.06959324e-05,30,1.08200002,3
793210400001234,155538761,2459309.8900075182,59309.387615699998,19.5620937,0.0891746134,0,zr,226.8301955,55.747172599999999,0.583999991,-0.0149999997,20210405387616,793,0xa,0x4,21.4300003,26.3066502,0.0245223604,0.110986091,1.23552682e-05,30,1.08099997,1
793210400001234,155640814,2459310.9105344759,59310.408148100003,19.7153397,0.100139096,0,zr,226.8302448,55.747185399999999,0.70599997,0.023,20210406408148,793,0xa,0x4,21.5699997,26.3104877,0.0242680199,0.111888304,1.1908468e-05,30,1.07599998,3
793210400001234,155747506,2459311.9774493491,59311.475069400003,19.5841827,0.0906879678,0,zr,226.83017129999999,55.747184699999998,0.449999988,-0.0370000005,20210407475000,793,0xa,0x4,21.8099995,26.3313522,0.0240012296,0.100347206,1.18119897e-05,30,1.13300002,3
793210400001234,155747696,2459311.9793475396,59311.4769676,19.6100349,0.092487812,0,zr,226.83018820000001,55.747138499999998,0.69599998,0.0900000036,20210407476956,793,0xa,0x4,21.8099995,26.3312187,0.0261826348,0.108901262,1.40726597e-05,30,1.13600004,1
793210400001234,155838913,2459312.8915057662,59312.389131900003,19.606163,0.0922162831,0,zr,226.83017150000001,55.747173400000001,0.499000013,0.0520000011,20210408389132,793,0xa,0x4,21.3500004,26.3204918,0.02451564,0.112114824,1.23137388e-05,30,1.07799995,3
793210400001234,155942754,2459313.9299125839,59313.427546300001,19.6139927,0.0927660614,32768,zr,226.83021059999999,55.747161300000002,0.628000021,0.063000001,20210409427500,793,0xa,0x4,20.8999996,25.7712841,0.0304224789,0.113806911,1.89517687e-05,30,1.08500004,3
793210400001234,155942848,2459313.9308500746,59313.428483800002,19.6864834,0.0979911238,0,zr,226.83017820000001,55.747195699999999,1.33500004,0.00700000022,20210409428472,793,0xa,0x4,20.9300003,25.796793,0.0271962564,0.114172608,1.53173296e-05,30,1.08599997,1
793210400001234,156045184,2459314.9541984145,59314.451840299997,19.6095295,0.09245231,0,zr,226.83019469999999,55.747163200000003,0.688000023,0.0170000009,20210410451840,793,0xa,0x4,21.7900009,26.317873,0.0259965248,0.102709003,1.40171896e-05,30,1.11099994,3
793210400001234,156240725,2459316.9095975533,59316.407256899998,19.5888977,0.0910139829,0,zr,226.83016409999999,55.747148699999997,0.25999999,-0.0149999997,20210412407188,793,0xa,0x4,22.1200008,26.3145599,0.0274671149,0.104458995,1.53721285e-05,30,1.079,3
793210400001234,156341526,2459317.9175968859,59317.415266199998,19.6052437,0.0921519324,0,zr,226.8301385,55.747201500000003,0.59799999,0.00300000003,20210413415255,793,0xa,0x4,21.8999996,26.3214264,0.0262840483,0.103916913,1.42278313e-05,30,1.08399999,3
793210400001234,156536704,2459319.8693581638,59319.367048599997,19.6179886,0.0930477455,0,zr,226.83004109999999,55.747205299999997,0.574000001,0.023,20210415367049,793,0xa,0x4,20.8500004,26.3100605,0.0270167794,0.118711114,1.48886375e-05,30,1.079,3
793210400001234,156828540,2459322.7876786087,59322.285405100003,19.564333,0.0893269777,0,zr,226.83020189999999,55.747169300000003,1.25699997,-0.114,20210418285394,793,0xa,0x4,21.3999996,26.264946,0.0238370169,0.111605898,1.17229993e-05,30,1.16799998,1
793210400001234,157026303,2459324.7652785075,59324.263032399998,19.4918118,0.0845077336,0,zr,226.8302338,55.747130499999997,0.713,0.0860000029,20210420263021,793,0xa,0x4,20.9200001,26.277565,0.0237235315,0.118962206,1.15070152e-05,30,1.20899999,1
793210400001234,157430216,2459328.8043472916,59328.302164399996,19.5434017,0.0879114419,0,zr,226.83020619999999,55.747176400000001,1.01900005,0.264999986,20210424302153,793,0xa,0x4,20.9400005,26.2919312,0.0265604276,0.112602346,1.45725162e-05,30,1.11099994,1
793210400001234,157524871,2459329.7508819741,59329.248715299997,19.5259838,0.0867487639,0,zr,226.83013489999999,55.747169700000001,1.01600003,-0.177000001,20210425248715,793,0xa,0x4,20.6399994,26.2792988,0.0255298279,0.117253512,1.32937512e-05,30,1.21099997,2
793210400001234,157542520,2459329.927371914,59329.425208300003,19.5804329,0.0904295221,0,zr,226.83020590000001,55.747179600000003,1.01100004,0.00400000019,20210425425208,793,0xa,0x4,20.9799995,26.2995663,0.0283065401,0.111789301,1.64571447e-05,30,1.13100004,2
793210400001234,158032171,2459334.8237842158,59334.321712999998,19.5865765,0.0908533111,0,zr,226.8302406,55.747213199999997,0.589999974,0.0860000029,20210430321701,793,0xa,0x4,21.1000004,26.3211632,0.0263658203,0.121402614,1.42312583e-05,30,1.08000004,2
793210400001234,158037195,2459334.8740262063,59334.371956000003,19.6541367,0.0956294686,0,zr,226.8302908,55.747129200000003,1.01699996,0.00100000005,20210430371956,793,0xa,0x4,20.9899998,26.312458,0.026001066,0.120954379,1.37643392e-05,30,1.08599997,1
793210400001234,158041542,2459334.9174975147,59334.415428200002,19.4435978,0.0814353526,0,zr,226.8302233,55.747151500000001,0.296999991,-0.0590000004,20210430415428,793,0xa,0x4,21.1499996,26.3151741,0.0278512537,0.114693709,1.58600578e-05,30,1.13800001,2
793210400001234,158129969,2459335.8017502716,59335.299699100004,19.5552998,0.0887136534,0,zr,226.8302396,55.747122699999998,0.829999983,-0.00100000005,20210501299699,793,0xa,0x4,20.8999996,26.1269302,0.0269848034,0.115267389,1.48892577e-05,30,1.09300005,2
793210400001234,158232915,2459336.8311846047,59336.3291551,19.6693153,0.0967316404,0,zr,226.830172,55.747171000000002,1.079,0.172999993,20210502329155,793,0xa,0x4,21.7399998,26.2925129,0.0260051657,0.10486266,1.37521029e-05,30,1.07599998,2
793210400001234,158234730,2459336.8493323191,59336.347303199997,19.5187302,0.0862686187,0,zr,226.830128,55.747165699999996,0.912,0.0289999992,20210502347292,793,0xa,0x4,21.7900009,26.301321,0.0255362298,0.10804189,1.34922548e-05,30,1.07700002,1
793210400001234,158236250,2459336.8645287929,59336.362500000003,19.6179962,0.0930482447,0,zr,226.8301486,55.747173500000002,0.451000005,0.0599999987,20210502362488,793,0xa,0x4,21.3299999,26.2883072,0.0233759657,0.112190813,1.12611078e-05,30,1.08399999,2
793210400001234,158428168,2459338.7836766439,59338.281689800002,19.6211815,0.093273297,0,zr,226.8301898,55.747153900000001,0.268000007,-0.0189999994,20210504281690,793,0xa,0x4,21.7199993,26.2897644,0.0236326363,0.103502832,1.15085213e-05,30,1.10300004,2
793210400001234,158439020,2459338.8921927139,59338.390208299999,19.5465813,0.0881251618,0,zr,226.8301486,55.7471654,0.481999993,0.0350000001,20210504390162,793,0xa,0x4,21.5,26.2928753,0.0259537697,0.11063876,1.37283787e-05,30,1.11600006,2
793210400001234,158530236,2459339.8043248476,59339.302361100003,19.6004162,0.0918145478,0,zr,226.83018770000001,55.747170400000002,0.822000027,-0.0500000007,20210505302350,793,0xa,0x4,21.8600006,26.299036,0.0272761341,0.105022095,1.53152614e-05,30,1.08299994,1
793210400001234,158530328,2459339.8052507271,59339.303287000002,19.6544113,0.0956492648,0,zr,226.83016370000001,55.7471654,0.577000022,-0.0850000009,20210505303287,793,0xa,0x4,21.8199997,26.3180332,0.0269715991,0.107266672,1.48736826e-05,30,1.08299994,2
793210400001234,158534799,2459339.8499604068,59339.347997700002,19.5278244,0.0868709683,0,zr,226.83020329999999,55.747138399999997,1.16100001,0.163000003,20210505347917,793,0xa,0x4,21.8999996,26.2884827,0.0262250621,0.111561097,1.40930033e-05,30,1.08000004,2
793210400001234,158631225,2459340.8141972604,59340.312256899997,19.5555744,0.0887322202,0,zr,226.83019880000001,55.747167500000003,1.051,0.0280000009,20210506312245,793,0xa,0x4,21.7199993,26.3098888,0.0242509283,0.107507281,1.19960623e-05,30,1.07799995,2
793210400001234,158643414,2459340.9360809792,59340.434143500002,19.5564098,0.0887888148,0,zr,226.83018759999999,55.747169399999997,0.49000001,0.0469999984,20210506434144,793,0xa,0x4,21.7399998,26.2939892,0.0237631965,0.106000938,1.14368568e-05,30,1.21700001,2
793210400001234,158722082,2459341.7227406446,59341.220821800001,19.57967,0.0903770104,0,zr,226.8301768,55.747181599999998,0.959999979,-0.050999999,20210507220810,793,0xa,0x4,21.6599998,26.2832108,0.0246539954,0.104466818,1.24660537e-05,30,1.19799995,2
793210400001234,158728932,2459341.7912459304,59341.289328699997,19.5354671,0.0873800665,0,zr,226.83019859999999,55.747170799999999,0.731000006,-0.0149999997,20210507289317,793,0xa,0x4,21.8299999,26.3132915,0.0250628423,0.109539211,1.28315751e-05,30,1.08800006,1
793210400001234,158729167,2459341.7935953769,59341.291678200003,19.6614323,0.0961578786,0,zr,226.83019719999999,55.747147200000001,0.860000014,0.0149999997,20210507291667,793,0xa,0x4,21.8400002,26.3131676,0.0265701897,0.107083961,1.4229875e-05,30,1.08599997,2
793210400001234,158830924,2459342.8111402779,59342.309247700003,19.5868683,0.0908735022,0,zr,226.8301434,55.747165299999999,0.70599997,0.0780000016,20210508309236,793,0xa,0x4,21.7199993,26.2800636,0.0245287083,0.105927609,1.22238844e-05,30,1.07700002,2
793210400001234,158842525,2459342.9271443179,59342.425254599999,19.5541706,0.0886371732,0,zr,226.83015470000001,55.747179000000003,0.964999974,0.0170000009,20210508425255,793,0xa,0x4,21.9400005,26.2825413,0.0282749124,0.104271494,1.63223031e-05,30,1.20799994,2
793210400001234,158930046,2459343.8023311193,59343.300463,19.5244579,0.0866475627,0,zr,226.83020730000001,55.747147699999999,1.01699996,-0.0520000011,20210509300463,793,0xa,0x4,21.8199997,26.2551212,0.0257304311,0.10301961,1.35280588e-05,30,1.079,2
793210400001234,158932078,2459343.8226546128,59343.320786999997,19.5639801,0.0893029496,0,zr,226.83023549999999,55.747160800000003,0.708999991,0.074000001,20210509320787,793,0xa,0x4,21.5100002,26.2392349,0.0254566185,0.110928006,1.32355153e-05,30,1.07599998,1
793210400001234,158934182,2459343.8436957886,59343.341828700002,19.6663837,0.0965179503,0,zr,226.8301711,55.747148199999998,0.734000027,-0.0979999974,20210509341829,793,0xa,0x4,21.5799999,26.2498665,0.0239420738,0.10543222,1.18524058e-05,30,1.08299994,2
793210400001234,159038755,2459344.889398627,59344.387557900001,19.5420151,0.0878183842,0,zr,226.830096,55.747188700000002,0.731999993,0.0930000022,20210510387546,793,0xa,0x4,21.8500004,26.2753792,0.0250096824,0.102854773,1.28313641e-05,30,1.13699996,2
793210400001234,159132921,2459345.8310295595,59345.329212999997,19.5121212,0.0858332515,0,zr,226.83017240000001,55.747182100000003,1.01699996,0.0930000022,20210511329201,793,0xa,0x4,21.7600002,26.2906361,0.0256617088,0.105695277,1.33979793e-05,30,1.079,1
793210400001234,159530892,2459349.8106334158,59349.308923600001,19.5330696,0.0872200951,0,zr,226.83018039999999,55.747163,0.795000017,0.0850000009,20210515308924,793,0xa,0x4,21.8899994,26.2964439,0.0243314672,0.10917858,1.21091807e-05,30,1.07700002,1
793210400001234,159829208,2459352.7937084991,59352.292083300003,19.4963608,0.0848029926,0,zr,226.83018559999999,55.747191200000003,1.40100002,-0.140000001,20210518292060,793,0xa,0x4,21.5100002,26.2557583,0.025169909,0.109887064,1.28296206e-05,30,1.07599998,1
793210400001234,160027879,2459354.7803630978,59354.278796300001,19.5934219,0.0913276896,0,zr,226.8301859,55.747178900000002,1.03400004,-0.0469999984,20210520278796,793,0xa,0x4,20.4599991,26.2966423,0.0280672349,0.118913449,1.62600718e-05,30,1.07700002,1
793210400001234,160433020,2459358.831651255,59358.330208300002,19.5988407,0.0917046368,0,zr,226.83019179999999,55.747202799999997,0.635999978,0.150000006,20210524330208,793,0xa,0x4,20.6100006,26.2620106,0.0284054875,0.123652421,1.64911798e-05,30,1.10899997,3
793210400001234,160433114,2459358.832588729,59358.331145800003,19.5022202,0.0851846933,0,zr,226.83020869999999,55.747168000000002,0.419,-0.0799999982,20210524331146,793,0xa,0x4,20.6299992,26.253376,0.0296479166,0.122885309,1.78915216e-05,30,1.11000001,1
793210400001234,160524326,2459359.7446781206,59359.243263900004,19.5109386,0.0857555568,0,zr,226.8301811,55.747175400000003,0.802999973,-0.128999993,20210525243264,793,0xa,0x4,20.7299995,26.2775021,0.0299064647,0.112965062,1.82087533e-05,30,1.08599997,3
793210400001234,160736383,2459361.8651773487,59361.363831000002,19.521759,0.0864688307,0,zr,226.83024169999999,55.747152300000003,0.782000005,-0.0250000004,20210527363819,793,0xa,0x4,21.0200005,26.3375263,0.0313083567,0.113635674,2.00489794e-05,30,1.18400002,1
793210400001234,160828258,2459362.7838974865,59362.282580999999,19.3658142,0.0766960904,32768,zr,226.83054619999999,55.747315,1.34800005,-0.182999998,20210528282581,793,0xa,0x4,20.1900005,26.6122341,0.0671323538,0.126628548,9.28336594e-05,30,1.079,3
793210400001234,160936305,2459363.8643365963,59363.363055599999,19.4803696,0.0837691799,0,zr,226.83021959999999,55.747183700000001,1.35300004,-0.0370000005,20210529363044,793,0xa,0x4,21.2800007,26.3467598,0.0261562504,0.106911451,1.40949242e-05,30,1.19500005,3
793210400001234,160936494,2459363.8662230363,59363.364942100001,19.5036583,0.0852786675,0,zr,226.83024219999999,55.747156400000001,0.610000014,0.0719999969,20210529364942,793,0xa,0x4,21.2299995,26.3258095,0.0251301192,0.109980792,1.29834025e-05,30,1.20000005,1
793210400001234,161033284,2459364.834096048,59364.332847199999,19.5231285,0.0865594149,0,zr,226.83019999999999,55.747180700000001,0.922999978,-0.108000003,20210530332847,793,0xa,0x4,21.5,26.3112869,0.0271289703,0.10797096,1.49780089e-05,30,1.13699996,3
793210400001234,161140273,2459365.9039445031,59365.402731499998,19.428524,0.0804960802,0,zr,226.83015230000001,55.74718,0.266000003,-0.023,20210531402720,793,0xa,0x4,21.3099995,26.2486286,0.0239820126,0.108476877,1.16986794e-05,30,1.34800005,3
793210400001234,161140366,2459365.9048819756,59365.403668999999,19.4825001,0.0839062408,0,zr,226.83018010000001,55.747139300000001,0.252000004,0.0140000004,20210531403657,793,0xa,0x4,21.3099995,26.2505589,0.025810793,0.113933735,1.36894805e-05,30,1.352,1
793210400001234,161235966,2459366.8608451034,59366.359664399999,19.5986271,0.0916897729,0,zr,226.8301945,55.747178300000002,0.51700002,0.0700000003,20210601359653,793,0xa,0x4,21.4599991,26.2720375,0.0255550407,0.110987417,1.32700707e-05,30,1.20799994,3
793210400001234,161336412,2459367.8652668903,59367.364120400001,19.4375,0.0810542032,0,zr,226.83018089999999,55.747162799999998,0.838,-0.0399999991,20210602364120,793,0xa,0x4,21.5300007,26.2837143,0.0253309812,0.108280823,1.30390463e-05,30,1.22800004,3
793210400001234,161336812,2459367.8692713459,59367.368125000001,19.5774841,0.0902266651,0,zr,226.8301682,55.747218199999999,0.47299999,0.101000004,20210602368032,793,0xa,0x4,21.0799999,26.1603394,0.0252904519,0.120953359,1.30023172e-05,30,1.24000001,1
793210400001234,161430249,2459368.8036142937,59368.302499999998,19.5344048,0.0873091593,0,zr,226.830186,55.747168000000002,0.878000021,0.0179999992,20210603302500,793,0xa,0x4,21.8400002,26.2917919,0.025638517,0.109898046,1.3522962e-05,30,1.10800004,3
793210400001234,161732704,2459371.8280574642,59371.327048599996,19.5150909,0.0860286206,0,zr,226.83017340000001,55.747187400000001,0.879000008,-0.0480000004,20210606327037,793,0xa,0x4,21.7299995,26.3136024,0.0231911652,0.104955278,1.10377896e-05,30,1.16199994,1
793210400001234,161924578,2459373.7467278447,59373.245787,19.5718479,0.0898401067,0,zr,226.8301865,55.747216299999998,1.01600003,-0.0869999975,20210608245775,793,0xa,0x4,21.4300003,26.3092232,0.025967326,0.111141123,1.39364911e-05,30,1.07700002,1
793210400001234,162020408,2459374.7049921555,59374.204085600002,19.2942104,0.0725649595,32768,zr,226.83011590000001,55.747208000000001,0.875,0.0710000023,20210609203900,793,0xa,0x4,20.3400002,25.6308174,0.040108338,0.110580057,3.35632758e-05,30,1.08500004,2
793210400001234,162123722,2459375.738091589,59375.237222199998,19.5466919,0.0881326199,0,zr,226.8301807,55.747133900000001,0.731000006,0.0130000003,20210610237153,793,0xa,0x4,21.3099995,26.3252258,0.02496849,0.11492788,1.29048167e-05,30,1.07700002,1
793210400001234,162228230,2459376.7831347575,59376.282303200001,19.500555,0.085076049,0,zr,226.83015019999999,55.747166999999997,0.717000008,0.0829999968,20210611282245,793,0xa,0x4,21.6800003,26.3220024,0.0249865837,0.106472798,1.27683934e-05,30,1.11000001,3
793210400001234,162228418,2459376.7850212897,59376.284189799997,19.4900703,0.0843949169,0,zr,226.83021840000001,55.7471788,1.44799995,0.167999998,20210611284178,793,0xa,0x4,21.6100006,26.3184814,0.0237702392,0.107777081,1.14869363e-05,30,1.11300004,2
793210400001234,162324709,2459377.7478913707,59377.247094899998,19.4914627,0.0844850913,0,zr,226.8302171,55.747124700000001,0.899999976,0.0520000011,20210612247083,793,0xa,0x4,21.6599998,26.3338013,0.0276935976,0.107486621,1.58556741e-05,30,1.08200002,1
793210400001234,162324901,2459377.7498125955,59377.249016200003,19.5464058,0.0881133676,0,zr,226.830195,55.747173400000001,0.758000016,-0.0560000017,20210612249005,793,0xa,0x4,21.7299995,26.3367443,0.0254210159,0.105422154,1.3402836e-05,30,1.08299994,3
793210400001234,162426342,2459378.7641852172,59378.263425899997,19.6229095,0.093395628,0,zr,226.83020189999999,55.747154999999999,1.10500002,0.0799999982,20210613263414,793,0xa,0x4,21.5499992,26.3275108,0.0246220045,0.114386097,1.24134604e-05,30,1.09500003,2
793210400001234,162426435,2459378.7651111805,59378.264351899998,19.557209,0.0888429284,0,zr,226.83015889999999,55.747166800000002,0.735000014,0.0450000018,20210613264352,793,0xa,0x4,21.5699997,26.3328114,0.0242627934,0.110809512,1.21281173e-05,30,1.09599996,3
793210400001234,162534512,2459379.845846863,59379.345127300003,19.5464382,0.0881155357,0,zr,226.83018949999999,55.747170300000001,0.504999995,-0.0540000014,20210614345127,793,0xa,0x4,21.5799999,26.3153095,0.0248634983,0.114638269,1.25556689e-05,30,1.27199996,1
793210400001234,162534606,2459379.8467843267,59379.346064799996,19.4607964,0.0825193524,0,zr,226.83018749999999,55.747187799999999,0.437999994,-0.0370000005,20210614346053,793,0xa,0x4,21.4099998,26.3266907,0.0245195832,0.107998639,1.21584644e-05,30,1.27600002,3
793210400001234,162621857,2459380.7192637911,59380.218576400002,19.1501255,0.0648981482,32768,zr,226.83024839999999,55.747165600000002,0.547999978,-0.0900000036,20210615218565,793,0xa,0x4,19.8299999,25.0170078,0.0722602382,0.123738907,0.000119001656,30,1.07599998,2
793210400001234,162737219,2459381.8728437335,59381.372199099998,19.5825901,0.0905780941,32768,zr,226.830208,55.747227799999997,0.822000027,0.0410000011,20210616372199,793,0xa,0x4,20.5,25.6485367,0.0449559279,0.123688884,4.11134351e-05,30,1.40900004,1
793210400001234,162832398,2459382.8245908031,59382.323981499998,19.6587639,0.0959643498,0,zr,226.8302247,55.747166700000001,1.10399997,0.108000003,20210617323982,793,0xa,0x4,21.1599998,26.1385212,0.0242880378,0.118079409,1.20625027e-05,30,1.23099995,2
793210400001234,162920567,2459383.7062477763,59383.205671299998,19.4810982,0.0838160217,32768,zr,226.83023080000001,55.747168799999997,0.689999998,-0.175999999,20210618205648,793,0xa,0x4,20.8199997,26.071764,0.0700813532,0.102407351,0.00010105531,30,1.07599998,1
793210400001234,163126576,2459385.766263295,59385.265763900003,19.5487423,0.0882707089,0,zr,226.83035820000001,55.747178099999999,0.66900003,-0.127000004,20210620265752,793,0xa,0x4,20.8899994,26.2842731,0.0250343848,0.11234206,1.27070443e-05,30,1.12100005,1
793210400001234,163126670,2459385.7672007591,59385.266701400004,19.5534306,0.0885871947,0,zr,226.8301999,55.7471131,0.512000024,-0.063000001,20210620266690,793,0xa,0x4,20.8400002,26.284996,0.0246368945,0.120020889,1.2302753e-05,30,1.12300003,3
793210400001234,163220295,2459386.7034156024,59386.202951400002,19.651865,0.0954653993,0,zr,226.8301223,55.747159099999998,0.712000012,0.112999998,20210621202940,793,0xa,0x4,20.7800007,26.2703686,0.0262163877,0.114276178,1.39921212e-05,30,1.07599998,3
793210400001234,163220388,2459386.7043530717,59386.203888900003,19.5450783,0.08802405,0,zr,226.8302151,55.747141300000003,0.456,0.0920000002,20210621203889,793,0xa,0x4,20.8400002,26.271616,0.0252685286,0.114280596,1.30668968e-05,30,1.07599998,2
793210400001234,163630062,2459390.8009346039,59390.300625000003,19.5022926,0.0851894394,0,zr,226.8301616,55.747175200000001,0.476000011,0.0340000018,20210625300544,793,0xa,0x4,20.9200001,26.3276882,0.0268551093,0.108593307,1.46211378e-05,30,1.22599995,3
793210400001234,163630203,2459390.8023465523,59390.302037000001,19.5166836,0.0861335695,0,zr,226.83022980000001,55.747182199999997,0.876999974,0.0260000005,20210625302025,793,0xa,0x4,20.9200001,26.3200417,0.0295863263,0.109685242,1.78620849e-05,30,1.23000002,2
793210400001234,163730665,2459391.8069266286,59391.306655100001,19.4835167,0.0839717388,0,zr,226.8301567,55.747129899999997,0.488000005,-0.0320000015,20210626306655,793,0xa,0x4,20.8299999,26.3084278,0.028817663,0.115563251,1.67830585e-05,30,1.25300002,1
793210400001234,163730760,2459391.8078756947,59391.307604200003,19.6441593,0.0949107781,0,zr,226.83025240000001,55.7471441,0.444000006,-0.0309999995,20210626307593,793,0xa,0x4,20.8299999,26.2980919,0.0263275877,0.119892612,1.40696347e-05,30,1.25600004,3
793210400001234,163832663,2459392.826864785,59392.326631900003,19.5977726,0.0916302204,0,zr,226.8302703,55.7471715,0.921999991,0.133000001,20210627326632,793,0xa,0x4,20.9099998,26.2503738,0.0263852049,0.117496856,1.40063366e-05,30,1.33800006,2
793210400001234,163832756,2459392.827802245,59392.327569399997,19.4781475,0.0836264268,0,zr,226.83017760000001,55.747174200000003,0.458999991,0.0399999991,20210627327569,793,0xa,0x4,21,26.2607765,0.0257727914,0.107045308,1.32688401e-05,30,1.34200001,3
793210400001234,163924127,2459393.7414713562,59393.2412731,19.5873566,0.0909073055,0,zr,226.8302827,55.747206499999997,1.36500001,0.185000002,20210628241262,793,0xa,0x4,21.3700008,26.2849159,0.0238734055,0.115043275,1.15529529e-05,30,1.11800003,1
793210400001234,163924221,2459393.742408819,59393.242210600001,19.5588303,0.0889528841,0,zr,226.83021160000001,55.747187199999999,0.521000028,-0.057,20210628242211,793,0xa,0x4,21.3899994,26.2854061,0.0226585548,0.109989859,1.0507496e-05,30,1.11899996,3
793210400001234,164031078,2459394.810944689,59394.310787000002,19.5893173,0.0910430402,0,zr,226.83025760000001,55.747178300000002,0.488000005,0.0549999997,20210629310787,793,0xa,0x4,21.0900002,26.0636349,0.0348304026,0.109942876,2.47015651e-05,30,1.296,3
793210400001234,164031173,2459394.8118937514,59394.311736099997,19.5186081,0.0862605199,0,zr,226.83019239999999,55.747151100000004,0.852999985,-0.0500000007,20210629311725,793,0xa,0x4,21.1399994,26.075901,0.0286652688,0.115711041,1.68225342e-05,30,1.29999995,2
793210400001234,164222204,2459396.7221338805,59396.222048600001,19.5006962,0.0850852951,0,zr,226.8301773,55.747155599999999,1.102,0.0500000007,20210701222002,793,0xa,0x4,21.8700008,26.2791786,0.0289853178,0.106632195,1.71174233e-05,30,1.10399997,2
793210400001234,164222298,2459396.7230713451,59396.222986100001,19.5893822,0.0910474956,0,zr,226.83019569999999,55.747159500000002,0.74000001,0.112999998,20210701222986,793,0xa,0x4,21.7099991,26.2658653,0.0260050241,0.101856917,1.39789918e-05,30,1.10500002,3
793210400001234,164334807,2459397.8481212733,59397.348078700001,19.5763741,0.0901504233,0,zr,226.83017330000001,55.747207000000003,0.704999983,-0.0659999996,20210702348079,793,0xa,0x4,21.3500004,26.2383976,0.023671791,0.111506097,1.14537042e-05,30,1.51900005,1
793210400001234,164335097,2459397.8510146635,59397.350972200002,19.5612125,0.0891147181,0,zr,226.83018849999999,55.747193799999998,0.797999978,0.0850000009,20210702350972,793,0xa,0x4,21.4200001,26.2188854,0.0275202915,0.106926382,1.52674038e-05,30,1.53799999,3
793210400001234,164522214,2459399.7221129579,59399.2221412,19.5862465,0.0908305719,0,zr,226.83023829999999,55.747180100000001,0.330000013,0.0140000004,20210704222141,793,0xa,0x4,21.5100002,26.2877922,0.023838358,0.112595797,1.16415094e-05,30,1.11399996,3
793210400001234,164621714,2459400.7170753991,59400.217141200003,19.5531235,0.0885664001,0,zr,226.83017290000001,55.747151199999998,0.746999979,0.0500000007,20210705217141,793,0xa,0x4,21.5499992,26.294899,0.0225090999,0.109169051,1.04496548e-05,30,1.11099994,3
793210400001234,164622145,2459400.7213923335,59400.221458300002,19.6060524,0.0922085196,0,zr,226.83018079999999,55.747182600000002,1.10399997,0.172999993,20210705221447,793,0xa,0x4,21.6399994,26.2886467,0.0259297043,0.106322199,1.38717123e-05,30,1.11699998,1
793210400001234,164728699,2459401.7868845607,59401.286990699999,19.6215763,0.0933012143,0,zr,226.83019519999999,55.747152800000002,0.862999976,0.119000003,20210706286921,793,0xa,0x4,21.3899994,26.3049145,0.0253197122,0.111646347,1.29484588e-05,30,1.27900004,3
793210400001234,164921466,2459403.7144858837,59403.214664400002,19.6710224,0.0968562663,0,zr,226.83025079999999,55.747185100000003,0.745000005,-0.0780000016,20210708214664,793,0xa,0x4,21.5200005,26.2535076,0.0247311145,0.111655384,1.25085498e-05,30,1.11800003,3
793210400001234,165021792,2459404.717712143,59404.2179282,19.7289391,0.101164803,0,zr,226.83028110000001,55.747153500000003,1.13300002,0.155000001,20210709217917,793,0xa,0x4,21.4699993,26.2269154,0.0252419822,0.105395935,1.29976979e-05,30,1.12699997,1
793210400001234,165226388,2459406.7635966125,59406.263888900001,19.5210609,0.0864226148,0,zr,226.83018480000001,55.74718,1.02900004,0.0649999976,20210711263889,793,0xa,0x4,21.3400002,26.1836586,0.0243126024,0.111186355,1.21069224e-05,30,1.24699998,1
793210400001234,165422003,2459408.7196700945,59408.220034700003,19.6614227,0.0961571857,0,zr,226.83028089999999,55.747161699999999,0.816999972,0.063000001,20210713220023,793,0xa,0x4,21.4400005,26.0654221,0.0281800628,0.111639395,1.62723791e-05,30,1.14999998,1
793210400001234,165624422,2459410.7437856523,59410.244224499998,19.6029205,0.0919894204,0,zr,226.83026290000001,55.747171899999998,1.03699994,-0.0240000002,20210715244213,793,0xa,0x4,21.2399998,26.0955753,0.0272124037,0.10825967,1.51675831e-05,30,1.22099996,1
793210400001234,166421923,2459418.7185126408,59418.219236099998,19.5261078,0.0867569894,0,zr,226.8302095,55.747166900000003,0.552999973,-0.157000005,20210723219236,793,0xa,0x4,19.8500004,25.6950378,0.0417822972,0.120657392,4.00877398e-05,30,1.21200001,3
793210400001234,167021746,2459424.7165380809,59424.217465299997,19.5361176,0.0874234736,0,zr,226.83017889999999,55.7471666,0.541000009,-0.0649999976,20210729217465,793,0xa,0x4,21.5799999,26.2715092,0.0253534503,0.106829464,1.31352117e-05,30,1.25600004,3
793210400001234,167224251,2459426.7415179717,59426.242511600001,19.5841789,0.090687722,0,zr,226.83020479999999,55.747162899999999,0.920000017,0.0769999996,20210731242500,793,0xa,0x4,21.3799992,26.1981583,0.0246672574,0.108381823,1.23099198e-05,30,1.37600005,3
793210400001234,167320052,2459427.6994962441,59427.200520799997,19.6306381,0.0939442739,0,zr,226.83020519999999,55.747163700000002,0.690999985,0.0250000004,20210801200521,793,0xa,0x4,21.5300007,26.2742386,0.0239677373,0.105031893,1.16889305e-05,30,1.22899997,3
793210400001234,167320146,2459427.7004453116,59427.201469899999,19.6213627,0.0932861194,0,zr,226.8301745,55.747158499999998,0.688000023,0.00400000019,20210801201458,793,0xa,0x4,21.4500008,26.2649307,0.0243913401,0.108100682,1.21396979e-05,30,1.23199999,1
793210400001234,167420469,2459428.7036424298,59428.204699100002,19.7127972,0.0999482721,0,zr,226.83016000000001,55.747190400000001,1.00899994,0.0399999991,20210802204687,793,0xa,0x4,21.0900002,26.2502728,0.02647149,0.118290655,1.41523824e-05,30,1.25,3
793210400001234,167622046,2459430.7193429312,59430.220462999998,19.6217346,0.0933124423,0,zr,226.83017269999999,55.747161400000003,0.616999984,-0.0540000014,20210804220463,793,0xa,0x4,21.1299992,26.2690125,0.0291972905,0.115296222,1.72865766e-05,30,1.32799995,3
793210400001234,168018083,2459434.6795931072,59434.180833300001,19.507185,0.0855093524,0,zr,226.83015800000001,55.747179899999999,0.799000025,0.0759999976,20210808180833,793,0xa,0x4,21.6900005,26.2952194,0.026112983,0.112073086,1.38944433e-05,30,1.227,1
793210400001234,168219896,2459436.6976708765,59436.198969899997,19.5369034,0.0874760598,0,zr,226.83017950000001,55.747202100000003,0.813000023,0.0399999991,20210810198970,793,0xa,0x4,21.4699993,26.2028904,0.0260758046,0.105977185,1.38927126e-05,30,1.30700004,1
793210400001234,168520121,2459439.6998319724,59439.201215300003,19.4960232,0.0847810656,0,zr,226.83019100000001,55.747173799999999,0.901000023,-0.0670000017,20210813201215,793,0xa,0x4,21.0100002,26.0644341,0.0259437673,0.115961432,1.37526322e-05,30,1.35000002,1
793210400001234,168717906,2459441.6776258359,59441.179062499999,19.6665344,0.0965288952,0,zr,226.8301907,55.747180899999996,0.810000002,-0.130999997,20210815179051,793,0xa,0x4,21.1700001,26.1685505,0.0291092452,0.108798034,1.71439879e-05,30,1.28400004,1
793210400001234,169324767,2459447.7460847036,59447.247673600003,19.5489006,0.0882814005,0,zr,226.83022690000001,55.747166700000001,0.749000013,0.169,20210821247674,793,0xa,0x4,19.7900009,26.1561546,0.0368913114,0.119418874,2.84721027e-05,30,1.79900002,1
793210400001234,169423916,2459448.7375546638,59448.239166699997,19.4678936,0.0829705521,0,zr,226.83027530000001,55.747246400000002,0.537999988,0.0500000007,20210822239144,793,0xa,0x4,20,26.1680031,0.036455173,0.119568199,2.72104589e-05,30,1.74600005,3
793210400001234,169517320,2459449.671572655,59449.173205999999,19.5501652,0.0883666128,0,zr,226.8302965,55.747171399999999,0.703000009,-0.173999995,20210823173206,793,0xa,0x4,20.7800007,26.2153149,0.0259706154,0.114739999,1.35882819e-05,30,1.347,3
793210400001234,169617821,2459450.6765617714,59450.178217599998,19.6164341,0.0929380655,0,zr,226.83017280000001,55.747164300000001,1.16600001,-0.226999998,20210824178137,793,0xa,0x4,20.6800003,26.0727901,0.0328383856,0.121092983,2.19370941e-05,30,1.38199997,1
793210400001234,169618040,2459450.6787492228,59450.1804051,19.5110703,0.0857641697,0,zr,226.83018179999999,55.747203599999999,0.538999975,-0.0410000011,20210824180278,793,0xa,0x4,20.6299992,26.075304,0.0289718285,0.123451978,1.69551422e-05,30,1.39300001,3
793210400001234,169716493,2459451.6632532263,59451.164930600004,19.5455017,0.0880525112,0,zr,226.83020210000001,55.747135900000004,0.59799999,0.0419999994,20210825164919,793,0xa,0x4,21.4200001,26.2324581,0.0273947809,0.116485246,1.51319937e-05,30,1.33500004,3
793210400001234,169824164,2459452.7399431434,59452.241643499998,19.6219025,0.0933243334,32768,zr,226.8302363,55.747176799999998,0.546000004,-0.00899999961,20210826241644,793,0xa,0x4,20.5100002,26.0245419,0.158668756,0.12287055,0.000505008968,30,1.875,1
793210400001234,169916486,2459453.6631416166,59453.164861099998,19.5140324,0.0859589279,0,zr,226.8301822,55.747143899999998,0.977999985,0.138999999,20210827164757,793,0xa,0x4,21.5599995,26.2950535,0.0279293209,0.106322117,1.57645645e-05,30,1.35899997,3
793210400001234,170116186,2459455.6601040284,59455.161863399997,19.5321999,0.08716207,0,zr,226.83024399999999,55.747164599999998,0.680999994,-0.0649999976,20210829161852,793,0xa,0x4,21.6000004,26.2782345,0.0275511742,0.105337054,1.54984755e-05,30,1.37,3
793210400001234,170519402,2459459.6921946323,59459.194027799997,19.5000305,0.0850418434,0,zr,226.83023840000001,55.747199299999998,0.963,0.166999996,20210902194028,793,0xa,0x4,21.2999992,26.2776299,0.0235184561,0.108148523,1.13269343e-05,30,1.62300003,3
793210400001234,170716086,2459461.6590023502,59461.1608681,19.5108147,0.0857474208,0,zr,226.83009899999999,55.747279900000002,1.02600002,0.0299999993,20210904160856,793,0xa,0x4,20.4699993,26.2895889,0.0403468646,0.118093126,3.24921239e-05,30,1.44700003,3
793210400001234,171915609,2459473.6540857623,59473.156099500004,19.6683807,0.0966634676,0,zr,226.83022450000001,55.747200200000002,0.686999977,0.0989999995,20210916156088,793,0xa,0x4,20.9799995,26.2940617,0.0267933607,0.1186058,1.44288379e-05,30,1.62600005,1
793210400001234,172617585,2459480.6737982174,59480.175856499998,19.6234303,0.0934325308,0,zr,226.83033119999999,55.747241199999998,0.419999987,-0.0390000008,20210923175856,793,0xa,0x4,20.3299999,26.2093086,0.0338678062,0.126002356,2.32667098e-05,30,1.99300003,1
793210400001234,173215917,2459486.6571072075,59486.159178200003,19.4635849,0.082696408,0,zr,226.83012840000001,55.7471915,0.816999972,0.0370000005,20210929159178,793,0xa,0x4,20.5799999,26.2573833,0.0300758965,0.120169021,1.96664514e-05,30,1.99000001,1
793210400001234,173416091,2459488.6588444221,59488.160914400003,19.626873,0.0936766714,0,zr,226.8302511,55.747177600000001,0.711000025,-0.148000002,20211001160903,793,0xa,0x4,20.8700008,26.2208748,0.027702162,0.122925177,1.55804646e-05,30,2.079,1
793210400001234,184648976,2459600.9908399149,59600.489768500003,19.4258213,0.0803287625,0,zr,226.83022349999999,55.747200900000003,0.384000003,0.0189999994,20220121489757,793,0xa,0x4,20.9400005,26.342371,0.0241092443,0.112913959,1.2052752e-05,30,1.25999999,1
793210400001234,186941087,2459623.9126788988,59623.4108796,19.5069046,0.0854909942,0,zr,226.83021070000001,55.7471715,0.699999988,-0.0769999996,20220213410868,793,0xa,0x4,20.9300003,26.3277912,0.0238429196,0.109745972,1.16026795e-05,30,1.31900001,1
793210400001234,187142790,2459625.9297574088,59625.427905099998,19.2904739,0.0723553747,0,zr,226.83026839999999,55.7470991,0.404000014,-0.0549999997,20220215427870,793,0xa,0x4,20.6499996,26.3542652,0.0259017814,0.111391135,1.40240809e-05,30,1.24000001,1
793210400001234,187447587,2459628.977808048,59628.475879600002,19.4327164,0.0807563215,0,zr,226.83020809999999,55.747201599999997,0.643000007,-0.127000004,20220218475868,793,0xa,0x4,20.2399998,26.3502579,0.0318279639,0.11889755,2.11319129e-05,30,1.11699998,1
793210400001234,187651878,2459631.0207614093,59630.518784699998,19.3923683,0.0782841668,0,zr,226.8302065,55.747177999999998,0.991999984,-0.0340000018,20220220518715,793,0xa,0x4,21.2000008,26.3600636,0.0245946366,0.111821406,1.24188118e-05,30,1.07700002,1
793210400001234,188345836,2459637.9604912833,59637.4583681,19.5284309,0.0869112164,32768,zr,226.83016359999999,55.747201099999998,0.85799998,0.0799999982,20220227458322,793,0xa,0x4,21.3999996,26.3039436,0.0232855957,0.111230731,1.11644767e-05,30,1.10800004,1
793210400001234,188544756,2459639.9497293676,59639.447569399999,19.4057121,0.0790937841,0,zr,226.8302898,55.747368299999998,0.573000014,0.0599999987,20220301447396,793,0xa,0x4,20.1299992,26.3292713,0.0336403586,0.121528044,2.35194784e-05,30,1.11399996,1
793210400001234,188733068,2459641.8328754408,59641.330682899999,19.4361401,0.0809694007,32768,zr,226.83021679999999,55.747182600000002,0.879999995,0.238999993,20220303330671,793,0xa,0x4,20.4699993,25.6791039,0.256292701,0.140851453,0.00134028797,30,1.46800005,1
793210400001234,192141122,2459675.9136145678,59675.411226900003,19.559742,0.089014791,0,zr,226.8302156,55.747174299999998,0.649999976,-0.00200000009,20220406411215,793,0xa,0x4,21.4400005,26.2809792,0.02545573,0.109004892,1.32852356e-05,30,1.07599998,1
793210400001234,192341038,2459677.9127571988,59677.410381900001,19.5096779,0.0856727734,0,zr,226.8301883,55.747178599999998,1.18200004,-0.0529999994,20220408410370,793,0xa,0x4,21.3500004,26.2913094,0.0229733717,0.109622374,1.08427876e-05,30,1.07700002,1
793210400001234,192522011,2459679.7224774947,59679.220115700002,19.4457912,0.0815728679,0,zr,226.8302472,55.747180399999998,0.300000012,0.0170000009,20220410220104,793,0xa,0x4,21.0900002,26.2565765,0.0233235639,0.114463821,1.11305344e-05,30,1.50899994,1
793210400001234,192834478,2459682.8471138291,59682.3447801,19.4543934,0.082114242,0,zr,226.83019400000001,55.747174700000002,0.523999989,-0.0920000002,20220413344780,793,0xa,0x4,20.7299995,26.3134747,0.026196178,0.111336708,1.3851005e-05,30,1.097,1
793210400001234,193035581,2459684.8581225672,59684.355810200002,19.6017284,0.0919061527,0,zr,226.83013339999999,55.747173799999999,0.823000014,0.050999999,20220415355799,793,0xa,0x4,20.7600002,26.3128223,0.0257094894,0.112468489,1.35949213e-05,30,1.08399999,1
793210400001234,193634679,2459690.8490279056,59690.346793999997,19.5737114,0.0899677351,0,zr,226.83015700000001,55.747225499999999,0.453999996,0.0469999984,20220421346782,793,0xa,0x4,21.25,26.2987556,0.0243255273,0.109558403,1.21503326e-05,30,1.08000004,1
793210400001234,193927749,2459693.7796876086,59693.277499999997,19.4466171,0.0816247165,0,zr,226.83025330000001,55.747180299999997,0.600000024,0.0130000003,20220424277488,793,0xa,0x4,20.9899998,26.2249985,0.024285851,0.117516644,1.20778041e-05,30,1.15199995,2
793210400001234,193932592,2459693.828112721,59693.325925899997,19.5459499,0.0880826563,0,zr,226.83013589999999,55.747132100000002,0.667999983,-0.0829999968,20220424325914,793,0xa,0x4,20.8199997,26.2432804,0.0266689435,0.115626797,1.45003132e-05,30,1.08800006,2
793210400001234,194024170,2459694.7438726546,59694.241701400002,19.528059,0.0868864954,0,zr,226.83017670000001,55.747197200000002,0.681999981,0.00200000009,20220425241690,793,0xa,0x4,21.3199997,26.1932564,0.0247750022,0.111871876,1.2451841e-05,30,1.23300004,2
793210400001234,194030747,2459694.8096470507,59694.307476900001,19.5194092,0.086313419,0,zr,226.8300964,55.747150300000001,0.70599997,0.0410000011,20220425307477,793,0xa,0x4,21.4400005,26.2098942,0.0261047129,0.114733748,1.42044682e-05,30,1.102,1
793210400001234,194031181,2459694.8139871703,59694.311817100002,19.5271149,0.0868237764,0,zr,226.83018490000001,55.747205200000003,0.912,-0.0480000004,20220425311817,793,0xa,0x4,21.2900009,26.2064838,0.0237214994,0.111184627,1.15859611e-05,30,1.09800005,2
793210400001234,194131075,2459695.8129048324,59695.3107523,19.5145645,0.0859939307,0,zr,226.83019759999999,55.747174299999998,1.03999996,0.00999999978,20220426310741,793,0xa,0x4,21.4799995,26.101923,0.0292055998,0.10786812,1.76697886e-05,30,1.09599996,2
793210400001234,194331854,2459697.8206572379,59697.318541699999,19.6175518,0.093016848,0,zr,226.8301812,55.7471599,0.762000024,0.0780000016,20220428318530,793,0xa,0x4,21.8600006,26.2500401,0.0259869862,0.105296753,1.40315715e-05,30,1.08500004,2
793210400001234,194440516,2459698.9072565539,59698.405162000003,19.5183678,0.0862447023,0,zr,226.83019139999999,55.747163,0.838999987,-0.00100000005,20220429405150,793,0xa,0x4,21.2800007,26.2376671,0.024936242,0.115248606,1.26385157e-05,30,1.11699998,2
793210400001234,194527572,2459699.7778064613,59699.275729200002,19.5952625,0.0914555937,0,zr,226.83020429999999,55.747163899999997,0.980000019,0.0170000009,20220430275694,793,0xa,0x4,21.5900002,26.2808495,0.0243864805,0.108029433,1.2325826e-05,30,1.12600005,2
793210400001234,194536445,2459699.8665314871,59699.364456000003,19.6164932,0.0929421932,0,zr,226.83017100000001,55.747169,0.809000015,0.0860000029,20220430364444,793,0xa,0x4,21.5599995,26.279007,0.0233217254,0.107733026,1.12751331e-05,30,1.08099997,2
793210400001234,194536539,2459699.867468968,59699.365393499997,19.5954266,0.0914669484,0,zr,226.8301845,55.747170599999997,1.051,0.152999997,20220430365394,793,0xa,0x4,21.6399994,26.2818871,0.0271151606,0.102924004,1.52335342e-05,30,1.08200002,1
793210400001234,194628386,2459700.7859224197,59700.283865700003,19.5995235,0.0917522609,0,zr,226.8302142,55.747182199999997,0.754999995,0.0430000015,20220501283854,793,0xa,0x4,21.2800007,26.2701035,0.0253423508,0.110348113,1.32236491e-05,30,1.11099994,2
793210400001234,194641684,2459700.9188942658,59700.4168403,19.6137657,0.0927500278,0,zr,226.83019870000001,55.747180800000002,0.843999982,0.0769999996,20220501416829,793,0xa,0x4,21.4899998,26.2862644,0.0226695016,0.108779609,1.06802454e-05,30,1.14400005,2
793210400001234,194835339,2459702.8554040235,59702.353391199998,19.6770134,0.0972946659,0,zr,226.83024069999999,55.747151199999998,0.926999986,-0.00899999961,20220503353322,793,0xa,0x4,21.2199993,26.2593098,0.0243910365,0.113213576,1.20564773e-05,30,1.08000004,2
793210400001234,194835432,2459702.8563415003,59702.354328699999,19.5582085,0.0889107436,0,zr,226.83018559999999,55.747182899999999,0.301999986,0.00800000038,20220503354317,793,0xa,0x4,21.4200001,26.2645035,0.0229190607,0.112638511,1.0640606e-05,30,1.08000004,1
793210400001234,194836489,2459702.8669083677,59702.364895799998,19.6236382,0.0934472159,0,zr,226.83013740000001,55.747205200000003,0.912999988,0.0419999994,20220503364884,793,0xa,0x4,21.4300003,26.2651024,0.0246955082,0.112564892,1.24503295e-05,30,1.08599997,2
793210400001234,195322644,2459707.7283473266,59707.226446799999,19.5914612,0.0911915898,0,zr,226.8300687,55.747163,1.05499995,-0.0960000008,20220508226447,793,0xa,0x4,20.4500008,26.3128891,0.0296986997,0.119842716,1.80277893e-05,30,1.17900002,2
793210400001234,195330552,2459707.8074194249,59707.305520800001,19.613903,0.0927597806,0,zr,226.8302951,55.74718,0.999000013,0.0340000018,20220508305509,793,0xa,0x4,20.6399994,26.3223934,0.0260844249,0.118326381,1.38727646e-05,30,1.07799995,2
793210400001234,195330645,2459707.8083568979,59707.306458300001,19.7250919,0.100873798,0,zr,226.8301811,55.747224099999997,0.739000022,-0.0419999994,20220508306458,793,0xa,0x4,21.0200005,26.3256016,0.0244743116,0.11428722,1.22160473e-05,30,1.07799995,1
793210400001234,195334869,2459707.8505896823,59707.3486921,19.7000618,0.0989970639,0,zr,226.83020429999999,55.747101700000002,0.465999991,0.0450000018,20220508348681,793,0xa,0x4,21.2099991,26.3326454,0.0242296699,0.10496632,1.20447266e-05,30,1.08500004,1
793210400001234,195334962,2459707.8515271493,59707.349629600001,19.6144505,0.0927982926,0,zr,226.83016509999999,55.747205999999998,1.05700004,-0.103,20220508349618,793,0xa,0x4,21.0499992,26.3249702,0.023738347,0.111203626,1.1530502e-05,30,1.08500004,2
793210400001234,195336460,2459707.8665036852,59707.364606499999,19.7176285,0.10031113,0,zr,226.8299896,55.747182500000001,0.980000019,0.0170000009,20220508364606,793,0xa,0x4,20.9400005,26.3190632,0.02916242,0.115211315,1.71671254e-05,30,1.09800005,2
793210400001234,195340504,2459707.9069424905,59707.405046300002,19.6725636,0.0969689116,0,zr,226.8302602,55.747173799999999,1.08599997,0.111000001,20220508405035,793,0xa,0x4,21.25,26.3191204,0.0243274719,0.107709005,1.21140038e-05,30,1.15799999,2
793210400001234,195425734,2459708.7592247454,59708.257349500003,19.6391392,0.0945509449,0,zr,226.8302233,55.747220599999999,0.93599999,0.0909999982,20220509257338,793,0xa,0x4,20.8999996,26.3243942,0.024719581,0.115194827,1.25377419e-05,30,1.11699998,2
793210400001234,195430192,2459708.8037954504,59708.301921300001,19.5274887,0.086848639,0,zr,226.83023689999999,55.747209099999999,0.564999998,0.023,20220509301898,793,0xa,0x4,20.5200005,26.3186741,0.027525831,0.122170933,1.54843801e-05,30,1.079,2
793210400001234,195439314,2459708.8950199811,59708.393148100004,19.6441364,0.0949091464,0,zr,226.83017269999999,55.747157000000001,0.533999979,-0.00700000022,20220509393044,793,0xa,0x4,21.1900005,26.3225517,0.0251402352,0.105479404,1.30929402e-05,30,1.14100003,2
793210400001234,195442896,2459708.930840882,59708.4289699,19.7375546,0.101819046,0,zr,226.83031389999999,55.747104299999997,1.06799996,-0.0350000001,20220509428958,793,0xa,0x4,20.9200001,26.3139381,0.0248403065,0.107193202,1.26823206e-05,30,1.22399998,2
793210400001234,195520131,2459709.7031710176,59709.201319400003,19.3837414,0.0777648464,0,zr,226.8301769,55.747190500000002,1.15400004,0.0900000036,20220510201308,793,0xa,0x4,20.8600006,26.3297081,0.0233343188,0.101124689,1.10460751e-05,30,1.23099995,2
793210400001234,195526982,2459709.7716763145,59709.269826399999,19.5676441,0.089552775,0,zr,226.83015889999999,55.747180299999997,0.839999974,-0.0350000001,20220510269653,793,0xa,0x4,20.9799995,26.2775936,0.0250392444,0.107534558,1.26867453e-05,30,1.09899998,2
793210400001234,195535210,2459709.8539543389,59709.352106500002,19.6661873,0.0965036303,0,zr,226.83023510000001,55.747166800000002,0.768999994,-0.179000005,20220510352106,793,0xa,0x4,21.0100002,26.1782646,0.0253681019,0.103466429,1.31577408e-05,30,1.09099996,1
793210400001234,195536157,2459709.8634216958,59709.361574100003,19.5082855,0.0855814442,0,zr,226.83020339999999,55.747183999999997,0.944999993,-0.0419999994,20220510361551,793,0xa,0x4,20.9899998,26.2115421,0.0257165376,0.10604199,1.34276042e-05,30,1.10000002,2
793210400001234,195540881,2459709.9106657906,59709.4088194,19.5645351,0.0893407762,0,zr,226.83010859999999,55.747138700000001,0.638999999,0.0170000009,20220510408796,793,0xa,0x4,20.8899994,26.0886955,0.0266845152,0.110964358,1.45079093e-05,30,1.17900002,2
793210400001234,195541078,2459709.9126333371,59709.410787000001,19.5123062,0.0858453959,0,zr,226.8302328,55.747168700000003,0.532000005,-0.00700000022,20220510410787,793,0xa,0x4,21.2700005,26.2533455,0.025863599,0.103280596,1.37268653e-05,30,1.18299997,1
793210400001234,195626189,2459710.7637227038,59710.261898099998,19.5087013,0.0856087357,0,zr,226.83027559999999,55.747238099999997,0.474000007,-0.0469999984,20220511261887,793,0xa,0x4,20.1100006,26.3007202,0.0366137996,0.122747101,2.72719681e-05,30,1.10399997,2
793210400001234,195636690,2459710.8687316054,59710.366909700002,19.7623806,0.103723638,0,zr,226.83023299999999,55.747184300000001,0.586000025,0.105999999,20220511366898,793,0xa,0x4,20.6900005,26.3224106,0.0254371483,0.107504077,1.30868084e-05,30,1.10899997,2
793210400001234,195728803,2459711.7898303615,59711.2880324,19.6802406,0.0975316018,0,zr,226.83011149999999,55.747116300000002,0.375999987,-0.0979999974,20220512288021,793,0xa,0x4,20.2299995,26.3062401,0.0305957906,0.119050153,1.91638555e-05,30,1.08099997,2
793210400001234,195730740,2459711.8092048694,59711.307407400003,19.4557018,0.0821969062,0,zr,226.8305392,55.746980299999997,1.00600004,0.172000006,20220512307338,793,0xa,0x4,20,26.3086586,0.0330710523,0.114764273,2.22398321e-05,30,1.07599998,1
793210400001234,195731483,2459711.816635252,59711.314837999998,19.5225983,0.0865243748,0,zr,226.8304866,55.747209900000001,0.791999996,-0.0410000011,20220512314780,793,0xa,0x4,19.7700005,26.2915382,0.0436611697,0.126557425,3.89289889e-05,30,1.07599998,2
793210400001234,195737211,2459711.8739138399,59711.3721181,19.6059437,0.09220092,0,zr,226.83009319999999,55.747218099999998,0.994000018,-0.197999999,20220512372106,793,0xa,0x4,20.3899994,26.3060055,0.0311648156,0.111091241,1.95810717e-05,30,1.12,2
793210400001234,195841210,2459712.9138746723,59712.4121065,19.3944149,0.0784078613,0,zr,226.83019419999999,55.747197100000001,1.13499999,-0.150000006,20220513412106,793,0xa,0x4,20.6700001,26.27985,0.0297551081,0.119664185,1.82389886e-05,30,1.20700002,2
793210400001234,195924739,2459713.7491414975,59713.247395799997,19.463726,0.0827053413,0,zr,226.8302276,55.747199999999999,0.685000002,0.057,20220514247222,793,0xa,0x4,20.6299992,26.2881126,0.0320641026,0.123883411,2.12877894e-05,30,1.11199999,2
793210400001234,195938552,2459713.8872627481,59713.385520800002,19.662241,0.0962165743,0,zr,226.83021049999999,55.747170599999997,1.14199996,-0.0549999997,20220514385509,793,0xa,0x4,20.8500004,26.302742,0.0329196118,0.109062605,2.22250655e-05,30,1.15199995,2
793210400001234,196018631,2459714.6880394304,59714.186319400003,19.5373268,0.0875043496,0,zr,226.8302109,55.747149800000003,0.393999994,0.063000001,20220515186157,793,0xa,0x4,20.6599998,26.2849674,0.0304897558,0.109715223,1.9124931e-05,30,1.23500001,2
793210400001234,196041532,2459714.9170378195,59714.415324100002,19.7569141,0.103301778,0,zr,226.8301879,55.747176699999997,0.853999972,-0.184,20220515415312,793,0xa,0x4,20.7299995,26.2976265,0.0272990651,0.108709462,1.52089697e-05,30,1.23199999,2
793210400001234,196322037,2459717.7220049496,59717.220370399999,19.5157719,0.0860734656,0,zr,226.83017939999999,55.747136500000003,0.66900003,-0.075000003,20220518220359,793,0xa,0x4,21.2399998,26.27145,0.0263006147,0.109645352,1.41278279e-05,30,1.13600004,2
793210400001234,196324079,2459717.7424325589,59717.240798600003,19.5297165,0.0869967416,0,zr,226.8301797,55.747222800000003,0.721000016,0.00800000038,20220518240799,793,0xa,0x4,21.1299992,26.2774963,0.0298958607,0.10672237,1.81901396e-05,30,1.10699999,1
793210400001234,196528203,2459719.7836112571,59719.282036999997,19.6170044,0.092978254,0,zr,226.83011619999999,55.747165199999998,0.98299998,0.100000001,20220520282037,793,0xa,0x4,21.3500004,26.3079529,0.026457388,0.109505795,1.417572e-05,30,1.07599998,1
793210400001234,196534800,2459719.849581589,59719.348009300003,19.4167309,0.0797683299,0,zr,226.83029260000001,55.747219100000002,1.29299998,-0.0719999969,20220520347998,793,0xa,0x4,20.7999992,26.2994862,0.0268519577,0.115625314,1.46550519e-05,30,1.11699998,1
793210400001234,197040971,2459724.9111275817,59724.409710599997,19.6254368,0.09357474,0,zr,226.83017899999999,55.747161599999998,0.419999987,0.0450000018,20220525409711,793,0xa,0x4,21.6000004,26.2708511,0.0269118715,0.112010852,1.48363206e-05,30,1.30599999,1
793210400001234,197238952,2459726.8908791905,59726.389525500002,19.5744686,0.0900197178,0,zr,226.8302391,55.747184500000003,0.714999974,-0.00700000022,20220527389514,793,0xa,0x4,21.8099995,26.3229752,0.0284181479,0.114214137,1.67120488e-05,30,1.25399995,1
793210400001234,197821947,2459732.7206391003,59732.219479200001,19.5956039,0.091479294,0,zr,226.8301457,55.747173500000002,1.15400004,0.166999996,20220602219468,793,0xa,0x4,21.5,26.3243561,0.0247878022,0.108999632,1.27800513e-05,30,1.08800006,1
793210400001234,198221810,2459736.7191232638,59736.218101899998,19.6170349,0.0929804444,0,zr,226.8302004,55.747175499999997,0.569999993,0.0460000001,20220606218090,793,0xa,0x4,21.7299995,26.3418427,0.0260264184,0.109473117,1.39549975e-05,30,1.08200002,1
793210400001234,198425968,2459738.76063663,59738.259687500002,19.6143627,0.0927920789,0,zr,226.830119,55.7471496,0.209000006,0.00700000022,20220608259664,793,0xa,0x4,21,26.2870598,0.0241312217,0.116992615,1.18365933e-05,30,1.08200002,1
793210400001234,198632831,2459740.8291852064,59740.328310199999,19.5162277,0.0861035585,0,zr,226.8301854,55.747154500000001,0.778999984,-0.0839999989,20220610328310,793,0xa,0x4,21.2600002,26.2890835,0.0270415563,0.111981735,1.49258103e-05,30,1.18900001,1
793210400001234,198828505,2459742.785862051,59742.285057900001,19.5883751,0.0909777582,0,zr,226.83026989999999,55.747206800000001,0.617999971,-0.0719999969,20220612285058,793,0xa,0x4,20.7399998,26.3092422,0.02743214,0.115557708,1.54761274e-05,30,1.11699998,1
793210400001234,199430908,2459748.8096676609,59748.309085599998,19.5555687,0.0887318179,0,zr,226.8301768,55.747207799999998,0.853999972,0.0120000001,20220618309086,793,0xa,0x4,20.7600002,26.3161755,0.0255124606,0.111667752,1.35774198e-05,30,1.19500005,1
793210400001234,199825755,2459752.7579919593,59752.257557899997,19.5894012,0.0910488218,0,zr,226.83019730000001,55.747138800000002,0.751999974,0.064000003,20220622257500,793,0xa,0x4,21.5499992,26.2490807,0.0235818345,0.114667028,1.16129022e-05,30,1.11600006,1
793210400001234,200530732,2459759.8074936052,59759.307326399998,19.5521107,0.0884979442,0,zr,226.83022510000001,55.747164699999999,0.912,0.0370000005,20220629307315,793,0xa,0x4,21.6100006,26.2909603,0.0242185239,0.110372327,1.21241901e-05,30,1.28100002,1
793210400001234,200722133,2459761.7214256423,59761.221331000001,19.6132965,0.0927170664,0,zr,226.8302156,55.747183999999997,0.916000009,0.105999999,20220701221319,793,0xa,0x4,21.7299995,26.3302021,0.024937477,0.109724157,1.27809071e-05,30,1.102,1
793210400001234,200928153,2459763.7815559851,59763.281539399999,19.4780388,0.0836193934,0,zr,226.8301362,55.747178099999999,0.654999971,-0.0799999982,20220703281528,793,0xa,0x4,20.6599998,26.3318615,0.0459891781,0.118117742,4.32472079e-05,30,1.23199999,1
793210400001234,201122483,2459765.7247811859,59765.224838000002,19.4745426,0.0833953246,0,zr,226.83021690000001,55.747169,1.41700006,0.103,20220705224792,793,0xa,0x4,21.5300007,26.3281479,0.0258498825,0.10796278,1.37624875e-05,30,1.12,1
793210400001234,201820510,2459772.7047863496,59772.205104200002,19.4481792,0.0817228183,0,zr,226.830208,55.747195499999997,0.600000024,-0.0879999995,20220712205104,793,0xa,0x4,20.8700008,26.303997,0.0254278649,0.112160906,1.33476242e-05,30,1.11899996,1
793210400001234,201824145,2459772.7411390929,59772.241458299999,19.5991192,0.0917240828,0,zr,226.8302205,55.747206900000002,1.42700005,-0.0280000009,20220712241458,793,0xa,0x4,20.9500008,26.3019714,0.0249209777,0.109546095,1.28351139e-05,30,1.19000006,1
793210400001234,201826153,2459772.7612194438,59772.261539400002,19.5375729,0.0875207782,0,zr,226.83021170000001,55.747160000000001,0.42899999,-0.00800000038,20220712261528,793,0xa,0x4,20.9699993,26.3124733,0.0294150822,0.111237764,1.79413983e-05,30,1.24600005,2
793210400001234,201927774,2459773.7773856288,59773.277743099999,19.4547977,0.0821397603,0,zr,226.83021529999999,55.7471295,0.930000007,0.125,20220713277731,793,0xa,0x4,20.6000004,26.2775345,0.0324896537,0.116077229,2.13631356e-05,30,1.31400001,2
793210400001234,202019638,2459774.6959976819,59774.196388900004,19.556675,0.0888067335,0,zr,226.8302152,55.747182500000001,0.802999973,0.133000001,20220714196389,793,0xa,0x4,20.9400005,26.289465,0.0267748814,0.105952427,1.45549875e-05,30,1.11500001,1
793210400001234,202026248,2459774.7620947347,59774.262488400003,19.5220413,0.0864874423,0,zr,226.83021299999999,55.7471405,0.488000005,-0.0219999999,20220714262488,793,0xa,0x4,20.6499996,26.2665501,0.0268659145,0.106065333,1.47238125e-05,30,1.26800001,1
793210400001234,202123891,2459775.7384826001,59775.238912000001,19.476963,0.083550401,0,zr,226.8302291,55.747168799999997,0.753000021,0.0960000008,20220715238900,793,0xa,0x4,21.0900002,26.2817688,0.0257665422,0.102361262,1.36187764e-05,30,1.204,2
793210400001234,202228072,2459776.7802618165,59776.2807292,19.4813709,0.0838335827,0,zr,226.8302443,55.747182000000002,0.746999979,0.0920000002,20220716280729,793,0xa,0x4,21.1499996,26.3020782,0.0283284374,0.106153004,1.6376951e-05,30,1.36099994,2
793210400001234,202232388,2459776.8234199206,59776.323888899999,19.5900707,0.0910952315,0,zr,226.83023259999999,55.747172800000001,0.910000026,-0.145999998,20220716323877,793,0xa,0x4,20.9799995,26.2487564,0.0287645068,0.111832984,1.69881332e-05,30,1.60899997,1
793210400001234,202524343,2459779.7428632607,59779.243437500001,19.5935154,0.0913341418,0,zr,226.83020690000001,55.747180700000001,0.386000007,0.0460000001,20220719243426,793,0xa,0x4,21.3400002,26.2782803,0.0228674226,0.10551735,1.05960762e-05,30,1.25,1
793210400001234,202532516,2459779.8245847891,59779.325162000001,19.488575,0.0842982158,0,zr,226.83020619999999,55.7471599,0.976999998,0.135000005,20220719325162,793,0xa,0x4,20.9300003,26.2310543,0.0248464085,0.107463352,1.26149125e-05,30,1.68200004,1
793210400001234,202926517,2459783.7644572291,59783.265173599997,19.5044956,0.0853333622,0,zr,226.8302127,55.747198400000002,0.68599999,0.0700000003,20220723265162,793,0xa,0x4,21.6399994,26.282114,0.0273082796,0.105117574,1.51623763e-05,30,1.37699997,1
793210400001234,203120188,2459785.7011032156,59785.2018866,19.6173286,0.0930011272,0,zr,226.83017229999999,55.747174600000001,0.949000001,0.0949999988,20220725201887,793,0xa,0x4,21.6599998,26.2849159,0.0244986452,0.107793294,1.22872234e-05,30,1.17999995,1
793210400001234,203328209,2459787.7812405941,59787.282094900002,19.5390205,0.0876176953,0,zr,226.83021629999999,55.747163,0.647000015,-0.0359999985,20220727282083,793,0xa,0x4,21.4300003,26.1935635,0.0250598658,0.103383407,1.28389993e-05,30,1.52900004,1
793210400001234,203522064,2459789.7197289052,59789.220648100003,19.5377846,0.0875349641,0,zr,226.8301639,55.747166900000003,1.11099994,0.0430000015,20220729220637,793,0xa,0x4,21.5200005,26.2413712,0.0273741838,0.109205388,1.52444882e-05,30,1.26499999,1
793210400001234,203720069,2459791.6997101144,59791.200694400002,19.5187263,0.0862683803,0,zr,226.83020500000001,55.7471952,0.917999983,0.0549999997,20220731200694,793,0xa,0x4,21.3199997,26.1034966,0.0267173853,0.102909438,1.4700815e-05,30,1.21899998,1
793210400001234,204026146,2459794.7603875273,59794.261469899997,19.3548126,0.0760470629,0,zr,226.8302085,55.747160899999997,0.697000027,-0.0670000017,20220803261458,793,0xa,0x4,20.8999996,26.1630459,0.0296265297,0.118112952,1.77912389e-05,30,1.51999998,1
793210400001234,204421334,2459798.7121409732,59798.213344900003,19.3574657,0.0762030557,0,zr,226.83024380000001,55.747169100000001,0.624000013,-0.0280000009,20220807213333,793,0xa,0x4,21.1200008,26.2861443,0.0256498773,0.114948921,1.33829762e-05,30,1.329,1
793210400001234,205220064,2459806.699217617,59806.200648099999,19.4797001,0.0837261155,0,zr,226.83021350000001,55.747176000000003,1.65900004,-0.0960000008,20220815200556,793,0xa,0x4,21.3099995,26.2534809,0.0264322441,0.110886894,1.4258786e-05,30,1.36899996,1
793210400001234,216953456,2459924.0340164313,59923.534560200002,19.4572906,0.0822973698,0,zr,226.83023969999999,55.7472031,0.700999975,-0.0399999991,20221210534537,793,0xa,0x4,20.7299995,26.2893829,0.0274597928,0.121710479,1.52889916e-05,30,1.62100005,1
793210400001234,217654680,2459931.0465267822,59930.546805600003,19.472538,0.0832670256,0,zr,226.830263,55.747306299999998,0.739000022,-0.0219999999,20221217546794,793,0xa,0x4,20.2000008,26.2967758,0.0325523466,0.119860105,2.18875193e-05,30,1.42499995,1
793210400001234,218152592,2459936.0258397171,59935.525925900001,19.4716759,0.0832119286,0,zr,226.83021880000001,55.747210099999997,0.742999971,0.0419999994,20221222525914,793,0xa,0x4,21.5799999,26.2981606,0.0284308754,0.10999275,1.64672692e-05,30,1.46399999,1
793210400001234,218351599,2459938.0159868635,59937.515995399997,19.4514809,0.0819306001,0,zr,226.8302104,55.747160200000003,0.244000003,-0.0209999997,20221224515984,793,0xa,0x4,21.1100006,26.3001308,0.0244799163,0.116883516,1.22358761e-05,30,1.49000001,1
793210400001234,221239291,2459966.8940112195,59966.392916700002,19.5893745,0.0910470039,0,zr,226.83065479999999,55.747053600000001,0.769999981,0.180000007,20230122392905,793,0xa,0x4,19.9200001,26.2673073,0.0411961153,0.113963753,3.44082e-05,30,1.82799995,1
793210400001234,226243173,2460016.9340629703,60016.431736099999,19.5779114,0.0902560726,0,zr,226.830231,55.747239999999998,0.412999988,0.0920000002,20230313431725,793,0xa,0x4,21.0499992,26.2770214,0.0251211878,0.120441042,1.28038319e-05,30,1.09599996,1
793210400001234,226745195,2460021.9543275065,60021.451955999997,19.9400215,0.118175693,0,zr,226.83013600000001,55.747111400000001,0.828999996,0.0489999987,20230318451933,793,0xa,0x4,20.6200008,26.3110695,0.0310045909,0.118586421,1.95698667e-05,30,1.07700002,1
793210400001234,227841395,2460032.9163690195,60032.4139583,19.5939102,0.0913615599,0,zr,226.83027749999999,55.747245599999999,1.61600006,-0.0289999992,20230329413935,793,0xa,0x4,21.5300007,26.300209,0.0276123937,0.11589893,1.56936621e-05,30,1.079,1
793210400001234,228834436,2460042.846740833,60042.3443634,19.5912266,0.0911753029,0,zr,226.83028759999999,55.747104899999997,0.589999974,-0.0890000015,20230408344352,793,0xa,0x4,20.8600006,26.2605743,0.0297841337,0.118656352,1.80962688e-05,30,1.11500001,1
793210400001234,229028229,2460044.7846551095,60044.282291700001,19.5372009,0.0874958932,0,zr,226.830231,55.747191000000001,1.25600004,-0.0710000023,20230410282280,793,0xa,0x4,21.25,26.3169498,0.0238588601,0.112599269,1.18415801e-05,30,1.23599994,1
793210400001234,229932116,2460053.8234355077,60053.321169000003,19.6746826,0.097123906,0,zr,226.8303865,55.747214999999997,0.894999981,0.0350000001,20230419321134,793,0xa,0x4,20.5900002,26.2938919,0.0295838546,0.118273951,1.77639467e-05,30,1.10599995,1
793210400001234,230138296,2460055.8852002653,60055.382962999996,19.6592083,0.0959965065,0,zr,226.83022360000001,55.747194800000003,0.522000015,0.0260000005,20230421382951,793,0xa,0x4,21.6100006,26.3296661,0.0270908251,0.106505603,1.50809155e-05,30,1.07799995,1
793210400001234,230342556,2460057.9277728433,60057.425567099999,19.5660992,0.0894473717,0,zr,226.83024259999999,55.747169499999998,0.67900002,-0.0579999983,20230423425567,793,0xa,0x4,21.1499996,25.961771,0.0353995413,0.107172906,2.57598222e-05,30,1.12100005,1
793210400001234,230530541,2460059.8075912544,60059.305416700001,19.5230923,0.0865570456,0,zr,226.83017960000001,55.747140999999999,1.17999995,-0.123000003,20230425305405,793,0xa,0x4,21.0699997,26.2528629,0.0256654192,0.11706578,1.36607041e-05,30,1.10500002,1
793210400001234,230940714,2460063.9092406197,60063.407141199998,19.5363998,0.0874423459,0,zr,226.8302218,55.7471891,1.09800005,-0.0979999974,20230429407130,793,0xa,0x4,21.3999996,26.2941475,0.0252230056,0.112352788,1.31871811e-05,30,1.11800003,1
793210400001234,231123222,2460065.7342851399,60065.2322222,19.6036758,0.0920421779,0,zr,226.8301937,55.747191999999998,1.20899999,0.0810000002,20230501231991,793,0xa,0x4,21.0400009,26.2714386,0.0247535259,0.111227028,1.25752213e-05,30,1.21500003,2
793210400001234,231140253,2460065.9045941648,60065.402534699999,19.5060806,0.0854370669,0,zr,226.83024180000001,55.747207799999998,0.878000021,0.0170000009,20230501402512,793,0xa,0x4,21.0599995,26.2657776,0.0247893892,0.112255111,1.26263703e-05,30,1.12,1
793210400001234,231140347,2460065.9055316462,60065.4034722,19.529541,0.0869850814,0,zr,226.8302334,55.747200300000003,0.675999999,-0.0649999976,20230501403472,793,0xa,0x4,21.0300007,26.2682285,0.0257176701,0.112478614,1.37111756e-05,30,1.12100005,2
793210400001234,231846740,2460072.969308381,60072.4674074,19.4440689,0.0814648569,0,zr,226.83026229999999,55.747178300000002,1.28600001,0.118000001,20230508467407,793,0xa,0x4,20.9200001,26.2692337,0.0257489011,0.111355208,1.34126794e-05,30,1.35000002,2
793210400001234,231930428,2460073.8061629683,60073.3042824,19.6258621,0.0936049372,0,zr,226.83020819999999,55.747161400000003,1.05900002,0.136999995,20230509304271,793,0xa,0x4,21.2000008,26.2630196,0.0294058267,0.115891792,1.76617104e-05,30,1.07799995,2
793210400001234,231930521,2460073.8071004418,60073.305219900001,19.6043968,0.0920926332,0,zr,226.83018860000001,55.7471958,1.15900004,0.0320000015,20230509305220,793,0xa,0x4,21.1200008,26.2645931,0.0288250558,0.118550524,1.69058621e-05,30,1.07799995,1
793210400001234,231941604,2460073.9179194928,60073.416041700002,19.5568867,0.0888211206,0,zr,226.83014660000001,55.7471599,1.11600006,-0.303000003,20230509415926,793,0xa,0x4,20.6599998,26.2142944,0.0288531017,0.116618536,1.68914339e-05,30,1.18799996,2
793210400001234,232330223,2460077.804011961,60077.302233800001,19.625391,0.0935714543,0,zr,226.8301965,55.747169900000003,1.20700002,0.023,20230513302234,793,0xa,0x4,21.2900009,26.2900543,0.0271655377,0.115392432,1.51607019e-05,30,1.07599998,2
793210400001234,232330318,2460077.8049610304,60077.303182900003,19.5074387,0.0855259821,0,zr,226.83011339999999,55.747224799999998,0.616999984,-0.0599999987,20230513303171,793,0xa,0x4,21.2399998,26.2820835,0.0261244439,0.117448352,1.40789234e-05,30,1.07599998,1
793210400001234,232332356,2460077.8253423888,60077.323564799997,19.4845161,0.0840361267,0,zr,226.83015829999999,55.747225999999998,0.888000011,-0.00100000005,20230513323542,793,0xa,0x4,21.2399998,26.2821827,0.0283158701,0.115087576,1.65177007e-05,30,1.079,2
793210400001234,232540719,2460079.9089203109,60079.407199100002,19.5481205,0.0882287845,0,zr,226.8301812,55.747160700000002,1.13300002,-0.0340000018,20230515407188,793,0xa,0x4,21.3999996,26.2657394,0.0256360918,0.115656778,1.37026936e-05,30,1.20700002,1
793210400001234,233028351,2460084.7851003688,60084.2835185,19.6511288,0.0954123363,0,zr,226.83019540000001,55.747163,0.601000011,-0.0790000036,20230520283507,793,0xa,0x4,21.5599995,26.2448463,0.0268477816,0.113204084,1.50020105e-05,30,1.07599998,1
793210400001234,233426520,2460088.7666692045,60088.265208299999,19.6639805,0.0963430628,0,zr,226.8302079,55.747202700000003,0.864000022,0.00300000003,20230524265208,793,0xa,0x4,21.5900002,26.3056602,0.027350219,0.113125503,1.536321e-05,30,1.07799995,1
793210400001234,233632256,2460090.8239654792,60090.322569399999,19.7603321,0.10356535,0,zr,226.8301505,55.747345099999997,0.757000029,0.0379999988,20230526322558,793,0xa,0x4,20.6299992,26.2697601,0.0297418181,0.122631013,1.80489315e-05,30,1.10399997,1
793210400001234,234822937,2460102.7303699516,60102.229375000003,19.3978519,0.078615956,32768,zr,226.83020500000001,55.747143700000002,1.14499998,-0.0729999989,20230607229352,793,0xa,0x4,20.0799999,25.5634747,0.0629954934,0.109640166,8.11621721e-05,30,1.07700002,1
793210400001234,235535084,2460109.8515830375,60109.3508449,19.6095238,0.0924519002,0,zr,226.8301721,55.747191399999998,0.977999985,0.0769999996,20230614350845,793,0xa,0x4,21.5699997,26.2677612,0.024154922,0.109988213,1.19049673e-05,30,1.28799999,1
793210400001234,236033141,2460114.8319654437,60114.331412,19.6384277,0.0945000276,0,zr,226.83018029999999,55.747172399999997,0.805000007,0.00800000038,20230619331400,793,0xa,0x4,21.4200001,26.3180008,0.0229297485,0.113702565,1.09199e-05,30,1.26699996,1
793210400001234,236430258,2460118.8029852286,60118.302581000004,19.4958649,0.0847707689,0,zr,226.83018620000001,55.747181300000001,0.808000028,-0.123000003,20230623302581,793,0xa,0x4,21.3899994,26.3152962,0.0235816874,0.113790087,1.14226632e-05,30,1.21200001,1
793210400001234,237022099,2460124.7211756525,60124.220995399999,19.6914177,0.0983557329,0,zr,226.83031220000001,55.7472286,0.879000008,-0.0780000016,20230629220984,793,0xa,0x4,20.9300003,26.3120232,0.0265851412,0.117902033,1.44412106e-05,30,1.09500003,1
793210400001234,237233861,2460126.8387110499,60126.3386111,19.7052994,0.0993872881,0,zr,226.83019540000001,55.747200200000002,0.414000005,0.0140000004,20230701338600,793,0xa,0x4,20.75,26.2620201,0.0278191864,0.114663556,1.56978858e-05,30,1.44099998,1
793210400001234,237432508,2460128.8251057584,60128.325081000003,19.4417171,0.0813176781,0,zr,226.83010999999999,55.747222999999998,0.579999983,-0.0579999983,20230703325069,793,0xa,0x4,20.2299995,26.2932758,0.0351548381,0.116450377,2.51789261e-05,30,1.39900005,1
793210400001234,238229680,2460136.7965310356,60136.296805600003,19.6676559,0.096610643,0,zr,226.83026749999999,55.7471836,0.737999976,0.0989999995,20230711296794,793,0xa,0x4,21.5300007,26.2943668,0.0247477721,0.110272825,1.25330362e-05,30,1.36899996,1
793210400001234,238420438,2460138.7040413939,60138.204386600002,19.6133194,0.0927186534,0,zr,226.830207,55.747194899999997,0.5,-0.0520000011,20230713204387,793,0xa,0x4,21.5,26.2102337,0.0265859887,0.105417728,1.46205621e-05,30,1.12100005,1
793210400001234,238625724,2460140.7568247057,60140.257245399996,19.5777969,0.0902482122,0,zr,226.83021099999999,55.747151600000002,0.592000008,0.0670000017,20230715257188,793,0xa,0x4,21.2299995,26.2917519,0.0251402706,0.121079393,1.28824013e-05,30,1.25699997,1
793210400001234,238934436,2460143.8438305147,60143.3443634,19.7119827,0.0998872295,0,zr,226.83022489999999,55.747139900000001,0.463999987,-0.0520000011,20230718344363,793,0xa,0x4,21.2999992,26.2605534,0.0230747666,0.10710384,1.08753702e-05,30,1.82299995,1
793210400001234,240523966,2460159.7385910125,60159.239664399996,19.6326885,0.0940902978,0,zr,226.83024280000001,55.747152999999997,1.40199995,-0.248999998,20230803239664,793,0xa,0x4,20.7099991,26.2981758,0.0276163444,0.120359235,1.54517729e-05,30,1.39499998,1
793210400001234,240928016,2460163.7789638676,60163.280162000003,19.6771851,0.0973072499,0,zr,226.83022159999999,55.747179899999999,0.686999977,0.0659999996,20230807280150,793,0xa,0x4,21.0100002,26.2724857,0.0259842724,0.124284111,1.37022416e-05,30,1.73399997,1
793210400001234,241724585,2460171.744431532,60171.245856499998,19.6107216,0.0925360173,0,zr,226.83015470000001,55.747142400000001,1.15600002,0.00499999989,20230815245845,793,0xa,0x4,21.0400009,26.2583218,0.0260162819,0.113756619,1.38274245e-05,30,1.63300002,1
793210400001234,242424155,2460178.7399504557,60178.241550899998,19.7032623,0.0992354229,0,zr,226.8301036,55.7472019,0.884000003,0.0130000003,20230822241551,793,0xa,0x4,21.2700005,26.2720222,0.0242302157,0.114923567,1.2691451e-05,30,1.75399995,1
793210400001234,244020351,2460194.701614155,60194.203518499999,19.7232742,0.100736499,0,zr,226.83025409999999,55.747205299999997,0.925999999,0.171000004,20230907203507,793,0xa,0x4,20.9400005,26.2747593,0.0257271752,0.118526511,1.33798994e-05,30,1.80799997,1
793210400001234,253753542,2460292.0349872019,60291.535428199997,19.6002998,0.0918063968,0,zr,226.8302754,55.7472037,0.750999987,-0.0160000008,20231213535428,793,0xa,0x4,21.0699997,26.2838001,0.0269399714,0.117996767,1.47537658e-05,30,1.56099999,1
793210400001234,255757763,2460312.0779752461,60311.577638900002,19.6833038,0.0977568328,0,zr,226.83027709999999,55.747194999999998,0.764999986,0.00899999961,20240102577384,793,0xa,0x4,20.7299995,26.3308792,0.0270759482,0.118794836,1.49120333e-05,30,1.16600001,1
793210400001234,257251312,2460327.0140330247,60326.513124999998,19.7268257,0.101004831,32768,zr,226.83018530000001,55.747213600000002,0.361999989,0.0460000001,20240117513125,793,0xa,0x4,20.3199997,25.1583462,0.0400468335,0.0944231153,3.33343232e-05,30,1.22500002,1
793210400001234,259749092,2460351.9926587441,60351.490925899998,19.6264305,0.0936451852,0,zr,226.83013249999999,55.7471818,0.662999988,0.0450000018,20240211490914,793,0xa,0x4,21.1800003,26.316021,0.0233902931,0.114002027,1.12488069e-05,30,1.125,1
793210400001234,260146622,2460355.9680671236,60355.466226899996,19.7185555,0.100380816,0,zr,226.83013170000001,55.7472414,0.764999986,-0.00300000003,20240215466215,793,0xa,0x4,21.0100002,26.314312,0.0268153846,0.115133695,1.46374114e-05,30,1.148,1
793210400001234,264235335,2460396.855766763,60396.353356500003,19.6015053,0.0918905959,0,zr,226.83019250000001,55.747290300000003,0.361999989,0,20240327353333,793,0xa,0x4,20.75,26.3109913,0.0255673658,0.113574438,1.32563027e-05,30,1.14999998,1
793210400001234,264443628,2460398.9386952589,60398.436284700001,19.4120827,0.0794830918,0,zr,226.83020540000001,55.747248300000003,1.06599998,-0.177000001,20240329436285,793,0xa,0x4,20.6000004,26.3057518,0.0285887234,0.127810881,1.66681457e-05,30,1.07700002,1
793210400001234,265036949,2460404.8718862855,60404.369490700003,19.6194172,0.0931485817,0,zr,226.83020139999999,55.747204400000001,0.867999971,0.0599999987,20240404369363,793,0xa,0x4,21.5400009,26.3171425,0.0257714074,0.114750311,1.35325281e-05,30,1.09599996,1
793210400001234,266045665,2460414.9589722273,60414.456655100003,19.6196251,0.0931633338,0,zr,226.830161,55.747243500000003,0.967000008,-0.0299999993,20240414456644,793,0xa,0x4,21.2199993,26.3104,0.0241530742,0.11153277,1.18682783e-05,30,1.13499999,1
793210400001234,268245093,2460436.9528691527,60436.450937499998,19.5385971,0.0875892863,0,zr,226.8301793,55.747200100000001,0.827000022,0.0579999983,20240506450880,793,0xa,0x4,20.8799992,26.3084049,0.024387015,0.103813663,1.19800598e-05,30,1.27199996,1
793210400001234,268726418,2460441.7660020166,60441.2641898,19.4390011,0.0811478645,0,zr,226.83010379999999,55.747204000000004,0.690999985,0.00300000003,20240511264190,793,0xa,0x4,20.6599998,26.2672234,0.0285412744,0.123927772,1.66221216e-05,30,1.10000002,1
793210400001234,268936568,2460443.8674394884,60443.365682900003,19.4782581,0.0836334676,0,zr,226.8302319,55.747200599999999,0.769999981,0.0219999999,20240513365671,793,0xa,0x4,21.3299999,26.2802334,0.0252206307,0.116821066,1.29595119e-05,30,1.11699998,1
793210400001234,269534017,2460449.8417614116,60449.340173600001,19.6167717,0.0929618627,0,zr,226.8302612,55.747152499999999,0.764999986,-0.0250000004,20240519340162,793,0xa,0x4,21.0499992,26.2998371,0.0256280117,0.116540037,1.33232988e-05,30,1.10500002,1
793210400001234,269734076,2460451.8422919055,60451.3407639,19.6130695,0.0927010402,0,zr,226.8302329,55.747156099999998,0.644999981,0.0590000004,20240521340752,793,0xa,0x4,20.7800007,26.2620354,0.0271020513,0.103241257,1.50021206e-05,30,1.11300004,1
793210400001234,272530538,2460479.8059460535,60479.305381899998,19.355608,0.0760937929,0,zr,226.83020629999999,55.747166100000001,0.808000028,-0.0390000008,20240618305370,793,0xa,0x4,20.8400002,26.3143005,0.0242518373,0.1171057,1.19505639e-05,30,1.18900001,1
793210400001234,272729800,2460481.798498861,60481.298009300001,19.4987698,0.0849597603,0,zr,226.8302286,55.747146100000002,0.893000007,-0.195999995,20240620297986,793,0xa,0x4,20.7900009,26.3224468,0.0269039422,0.110690683,1.47442979e-05,30,1.18499994,1
793210400001234,272926225,2460483.7626725966,60483.262256900001,19.4462032,0.0815987587,0,zr,226.83027559999999,55.747163299999997,0.460000008,-0.0939999968,20240622262245,793,0xa,0x4,20.7399998,26.3255463,0.0270069297,0.116606332,1.50591422e-05,30,1.125,1
793210400001234,275730128,2460511.8006555648,60511.301284699999,19.3885918,0.0780564323,0,zr,226.8302147,55.747146700000002,0.640999973,-0.0280000009,20240720301285,793,0xa,0x4,20.5499992,26.1864853,0.0364242755,0.110057123,2.71489826e-05,30,1.53900003,1
793210400001234,276329938,2460517.7985493499,60517.299386600003,19.371563,0.0770372674,0,zr,226.8303172,55.747217499999998,0.335000008,-0.0359999985,20240726299375,793,0xa,0x4,20.6100006,26.1123371,0.0280665383,0.127689496,1.60875152e-05,30,1.64100003,1
793210400001234,276532465,2460519.8237474402,60519.324652800002,19.4110184,0.0794179961,0,zr,226.83020479999999,55.747182600000002,0.430999994,-0.0270000007,20240728324653,793,0xa,0x4,20.7399998,26.2681713,0.0269192792,0.112996131,1.48246618e-05,30,1.92299998,1
793210400001234,281718072,2460571.6786976671,60571.180729200001,19.4577465,0.0823261887,0,zr,226.8302511,55.7471958,0.810000002,-0.0280000009,20240918180729,793,0xa,0x4,19.8199997,26.2591686,0.0393080898,0.119024687,3.20318759e-05,30,1.90199995,1
793310400010864,47338723,2458227.8894956466,58227.3872338,19.2784519,0.0754100159,0,zi,226.83027290000001,55.7472098,0.653999984,-0.101999998,20180419387222,793,0xa,0x4,20.75,25.705452,0.0205649771,0.200293958,1.07454989e-05,30,1.07700002,2
793310400010864,47834365,2458232.8458435419,58232.343657400001,19.1827183,0.0701986402,0,zi,226.83023439999999,55.747157999999999,0.744000018,0.0649999976,20180424343623,793,0xa,0x4,20.8999996,25.7027187,0.0199890975,0.197492063,1.05029849e-05,30,1.07700002,2
793310400010864,49530024,2458249.8020664104,58249.300243099999,19.0897141,0.0654783994,0,zi,226.83017129999999,55.747237400000003,1.11699998,-0.145999998,20180511300232,793,0xa,0x4,20.1399994,25.6917152,0.0266210046,0.196654499,1.83613774e-05,30,1.07500005,2
793310400010864,50038841,2458254.8901006044,58254.388414399997,19.2117939,0.0717429072,0,zi,226.83016459999999,55.747186300000003,0.58099997,-0.0649999976,20180516388414,793,0xa,0x4,21.0799999,25.697794,0.017870754,0.192529887,8.04970387e-06,30,1.16799998,2
793310400010864,50721886,2458261.7203503856,58261.218865700001,19.2173233,0.0720403269,0,zi,226.8301812,55.747187400000001,0.545000017,0.0299999993,20180523218854,793,0xa,0x4,20.4300003,25.6493244,0.0238847621,0.197166935,1.4692595e-05,30,1.11500001,2
793310400010864,50933369,2458263.8351107556,58263.333692100001,19.2481556,0.0737211928,0,zi,226.8301371,55.747154199999997,0.903999984,0.0869999975,20180525333657,793,0xa,0x4,20.6499996,25.709156,0.0230984837,0.195527494,1.34112015e-05,30,1.11399996,2
793310400010864,51324628,2458267.7475771243,58267.246284699999,19.2653408,0.0746745914,0,zi,226.83024349999999,55.747152200000002,0.85799998,-0.0399999991,20180529246238,793,0xa,0x4,20.6200008,25.6853409,0.0234664287,0.188096225,1.44632986e-05,30,1.07700002,2
793310400010864,51836321,2458272.8643376972,58272.363217600003,19.1324615,0.0676069036,0,zi,226.8302108,55.747173400000001,1.09099996,-0.100000001,20180603363148,793,0xa,0x4,20.9500008,25.6884613,0.0200589262,0.190012276,1.07296155e-05,30,1.23000002,2
793310400010864,52317833,2458277.6792848092,58277.178333299998,19.2635956,0.0745772272,0,zi,226.83019150000001,55.747137500000001,0.569000006,0.00899999961,20180608178310,793,0xa,0x4,20.5300007,25.6835957,0.0195644144,0.185387745,9.99714939e-06,30,1.11000001,2
793310400010864,52817686,2458282.6776344026,58282.176863399996,19.2527313,0.0739739239,0,zi,226.83018229999999,55.747182500000001,1.17999995,-0,20180613176840,793,0xa,0x4,21.1100006,25.7097321,0.0228933394,0.192162395,1.3615524e-05,30,1.09599996,2
793310400010864,53618155,2458290.6820245637,58290.181550900001,19.2400723,0.0732768998,0,zi,226.83020930000001,55.747209599999998,1.25,-0.135000005,20180621181528,793,0xa,0x4,20.8299999,25.6680717,0.0220086835,0.190599784,1.27707772e-05,30,1.07599998,2
793310400010864,54034906,2458294.849378915,58294.349062499998,19.3165035,0.0775838494,0,zi,226.83017140000001,55.747141499999998,0.578000009,-0.0450000018,20180625349051,793,0xa,0x4,20.6499996,25.6945038,0.0210033301,0.191383973,1.11470235e-05,30,1.41199994,2
793310400010864,54530195,2458299.802084811,58299.301956000003,19.2129917,0.0718072504,0,zi,226.83022930000001,55.747190199999999,0.644999981,0.0549999997,20180630301933,793,0xa,0x4,20.0900002,25.6469917,0.0286575705,0.205178469,2.10358285e-05,30,1.26900005,2
793310400010864,54939043,2458303.8904138263,58303.390439800001,19.3633518,0.0803420022,0,zi,226.83032600000001,55.7473296,0.796999991,-0.0489999987,20180704390417,793,0xa,0x4,20.0400009,25.6233521,0.0279933102,0.180689991,1.98767466e-05,30,1.91999996,2
793310400010864,56624484,2458320.7442032541,58320.244849499999,19.448555,0.0855935663,0,zi,226.83016480000001,55.7471836,0.906000018,-0.143999994,20180721244826,793,0xa,0x4,20.5799999,25.6525555,0.0234863982,0.198680133,1.43245379e-05,30,1.26900005,2
793310400010864,57129800,2458325.7971877339,58325.298009300001,19.2942581,0.0763058141,0,zi,226.830354,55.7471654,0.916999996,0.175999999,20180726297986,793,0xa,0x4,20.2299995,25.5992584,0.0255292896,0.1973847,1.74413854e-05,30,1.62399995,2
793310400010864,57731931,2458331.8182960781,58331.319317100002,19.2791748,0.0754507259,0,zi,226.8301883,55.747191700000002,0.894999981,0.0820000023,20180801319306,793,0xa,0x4,20.3299999,25.5291748,0.0241298955,0.20222877,1.54524951e-05,30,1.98599994,2
793310400010864,58216398,2458336.6628088146,58336.163981500002,19.2576485,0.0742464215,0,zi,226.83013800000001,55.747172900000002,0.472000003,0.074000001,20180806163947,793,0xa,0x4,20.7299995,25.7136478,0.0216294918,0.194470018,1.18311427e-05,30,1.16199994,2
793310400010864,58615988,2458340.6585930996,58340.159884300003,19.1630745,0.0691739842,0,zi,226.8301472,55.747142799999999,1.18200004,-0.0160000008,20180810159861,793,0xa,0x4,20.5100002,25.4740734,0.0248624664,0.1970575,1.61763692e-05,30,1.17799997,2
793310400010864,59115386,2458345.6524358219,58345.153865699998,19.1710281,0.0695870519,0,zi,226.83019569999999,55.747204099999998,0.933000028,-0.166999996,20180815153819,793,0xa,0x4,20.5799999,25.6580276,0.023496177,0.196860954,1.4307273e-05,30,1.19700003,2
793310400010864,59621777,2458350.7162189954,58350.217777799997,19.2921143,0.0761837438,0,zi,226.83022410000001,55.747161400000003,0.483999997,0.0160000008,20180820217755,793,0xa,0x4,21.0200005,25.6531143,0.0257552769,0.19081296,1.67356775e-05,30,1.53999996,2
793310400010864,60914063,2458363.638808426,58363.140636600001,19.2737694,0.0751465783,0,zi,226.8301993,55.747188399999999,0.795000017,-0.164000005,20180902140637,793,0xa,0x4,20.7199993,25.6027699,0.0211126022,0.199223936,1.10101419e-05,30,1.32200003,2
793310400010864,61313408,2458367.6321929521,58367.134085600002,19.3274994,0.0782230869,0,zi,226.83019920000001,55.747168799999997,1.04799998,-0.118000001,20180906134086,793,0xa,0x4,20.6800003,25.6574993,0.0228220169,0.200074032,1.30791486e-05,30,1.34000003,2
793310400010864,62512025,2458379.6182268956,58379.120254599999,19.3751907,0.0810534284,0,zi,226.83021550000001,55.747155900000003,1.03600001,-0.0219999999,20180918120255,793,0xa,0x4,20.7700005,25.7101917,0.0250037163,0.188708127,1.59827323e-05,30,1.42999995,2
793310400010864,78455195,2458539.0540165156,58538.551956000003,19.6656456,0.100376062,0,zi,226.8303344,55.747144300000002,0.414000005,0.0379999988,20190224551944,793,0xa,0x4,20.1399994,25.4346447,0.0285799671,0.192300588,2.07271714e-05,30,1.08599997,2
793310400010864,79344714,2458547.9493644102,58547.447141199998,19.5721741,0.0937626138,0,zi,226.83020149999999,55.747184599999997,0.939999998,0.0590000004,20190305447141,793,0xa,0x4,20.6399994,25.6921749,0.0196572933,0.198529661,9.98299038e-06,30,1.10099995,2
793310400010864,80252820,2458557.0305444649,58556.528206000003,19.5916615,0.0951103494,0,zi,226.83017409999999,55.747177999999998,0.82099998,-0.182999998,20190314528206,793,0xa,0x4,20.5499992,25.6916618,0.0206173956,0.197032228,1.09494395e-05,30,1.11099994,2
793310400010864,80630574,2458560.8081113007,58560.305740700001,19.4022655,0.0827025026,0,zi,226.8301252,55.747244600000002,0.293000013,-0.0219999999,20190318305741,793,0xa,0x4,20.4200001,25.6742649,0.0242680442,0.197035879,1.51932254e-05,30,1.38800001,2
793310400010864,82738532,2458581.8877012581,58581.385324100003,19.310091,0.0772133842,0,zi,226.8302176,55.747183200000002,1.08599997,0.00400000019,20190408385324,793,0xa,0x4,21.0300007,25.5780907,0.0226855278,0.193787977,1.29837117e-05,30,1.07799995,2
793310400010864,83231049,2458586.8128341488,58586.310497699997,19.4044037,0.0828340724,0,zi,226.83023650000001,55.747158300000002,0.787,-0.0680000037,20190413310475,793,0xa,0x4,20.8199997,25.6374035,0.019120371,0.192097813,9.42300539e-06,30,1.14600003,2
793310400010864,84238458,2458596.8867892604,58596.384583300001,19.3657017,0.0804827362,0,zi,226.83013819999999,55.7471861,0.699999988,0.0260000005,20190423384549,793,0xa,0x4,20.7199993,25.6537018,0.0186598189,0.193986028,8.99776296e-06,30,1.08000004,2
793310400010864,86232379,2458616.8255730588,58616.323796299999,19.4239693,0.0840467587,0,zi,226.83017860000001,55.747158200000001,0.633000016,0.00100000005,20190513323796,793,0xa,0x4,21.0200005,25.6299686,0.0294074155,0.18106775,2.18997375e-05,30,1.07799995,2
793310400010864,87343026,2458627.9317211946,58627.430266199997,19.3053493,0.0769404843,0,zi,226.83017100000001,55.747175300000002,0.639999986,-0.0309999995,20190524430243,793,0xa,0x4,21,25.6213493,0.0246157292,0.196753994,1.58231342e-05,30,1.37899995,2
793310400010864,88117960,2458635.6808096413,58635.179606500002,19.466856,0.086761646,0,zi,226.8301275,55.747165199999998,0.852999985,-0.00600000005,20190601179595,793,0xa,0x4,20.9599991,25.6138554,0.0205990765,0.188845769,1.0559218e-05,30,1.14100003,2
793310400010864,88631121,2458640.8122416134,58640.311215299997,19.3781567,0.0812325776,0,zi,226.83021790000001,55.747199899999998,1.20200002,0.0610000007,20190606311215,793,0xa,0x4,21.0499992,25.624157,0.0215450097,0.190520406,1.17165519e-05,30,1.12899995,2
793310400010864,89024809,2458644.748976598,58644.248090300003,19.4329796,0.0846106336,0,zi,226.83019039999999,55.747124200000002,0.254999995,0.023,20190610248090,793,0xa,0x4,20.8400002,25.6569805,0.0193201695,0.188613996,9.41578401e-06,30,1.07799995,2
793310400010864,89823915,2458652.7397484123,58652.239155099996,19.243618,0.0734714642,0,zi,226.83017599999999,55.747188999999999,1.01999998,0.186000004,20190618239155,793,0xa,0x4,20.6000004,25.6166191,0.023622103,0.188903362,1.37494308e-05,30,1.08500004,2
793310400010864,90317704,2458657.6774567934,58657.177048600002,19.4930382,0.0884576067,0,zi,226.8301903,55.747147699999999,1.00899994,0.145999998,20190623177049,793,0xa,0x4,20.9699993,25.606039,0.0253457632,0.183398068,1.66516475e-05,30,1.07799995,2
793310400010864,90717773,2458661.6779884067,58661.1777315,19.5903511,0.0950192362,0,zi,226.83025860000001,55.7472633,0.763000011,-0.112000003,20190627177731,793,0xa,0x4,20.3400002,25.6723518,0.0269902069,0.19475922,1.86948582e-05,30,1.07500005,2
793310400010864,91529732,2458669.7972756638,58669.297326400003,19.4104481,0.0832069516,0,zi,226.8302018,55.747176699999997,0.523999989,-0.050999999,20190705297303,793,0xa,0x4,20.9400005,25.6574478,0.0206354614,0.18953979,1.07110045e-05,30,1.30200005,2
793310400010864,94915836,2458703.6571429274,58703.158368099997,19.4165497,0.0835849941,0,zi,226.83017599999999,55.747109199999997,0.754999995,0.0759999976,20190808158368,793,0xa,0x4,20.6200008,25.5815506,0.0221404303,0.187960759,1.23536774e-05,30,1.16600001,2
793310400010864,95623636,2458710.7349404893,58710.236365700002,19.4291039,0.0843676701,0,zi,226.8302041,55.7471386,1.63800001,-0.105999999,20190815236366,793,0xa,0x4,20.5200005,25.6571045,0.022812048,0.188165113,1.31953129e-05,30,1.56599998,2
793310400010864,96515947,2458719.6578345336,58719.159479200003,19.5028305,0.0890994295,0,zi,226.83013500000001,55.747222600000001,0.426999986,-0.061999999,20190824159456,793,0xa,0x4,20.7299995,25.5768299,0.0210113749,0.192015409,1.08839358e-05,30,1.29700005,2
793310400010864,97121687,2458725.7151044807,58725.216874999998,19.4192238,0.083751142,0,zi,226.83007029999999,55.747195099999999,0.860000014,-0.189999998,20190830216875,793,0xa,0x4,20.3500004,25.5712242,0.0246877,0.201162815,1.54809986e-05,30,1.73099995,2
793310400010864,97913270,2458733.6308046789,58733.1327083,19.3240051,0.0780194253,0,zi,226.8302529,55.747181599999998,1.05599999,-0.0469999984,20190907132708,793,0xa,0x4,20.4799995,25.595005,0.023511067,0.196400657,1.42874678e-05,30,1.34300005,2
793310400010864,110851011,2458863.0112597463,58862.510115700003,19.4310493,0.0844895616,0,zi,226.8302032,55.747183,0.927999973,-0.142000005,20200114510046,793,0xa,0x4,20.8199997,26.8890495,0.0183072463,0.185559273,8.34606544e-06,90,1.25999999,2
793310400010864,110951571,2458864.0168993841,58863.515717599999,19.3855057,0.081678085,0,zi,226.8301817,55.747176799999998,0.624000013,0.023,20200115515706,793,0xa,0x4,21.3500004,26.9585056,0.025982935,0.188096121,1.73040862e-05,90,1.23300004,2
793310400010864,110953836,2458864.0395507421,58863.538368100002,19.3863792,0.0817312002,0,zi,226.83017419999999,55.747171299999998,0.991999984,0.0350000001,20200115538345,793,0xa,0x4,21.3999996,26.9683781,0.0217902791,0.18806304,1.2078377e-05,90,1.17299998,2
793310400010864,111053392,2458865.0351433917,58864.5339236,19.4499226,0.0856803358,0,zi,226.83018190000001,55.747148899999999,0.727999985,0.00200000009,20200116533854,793,0xa,0x4,21.4699993,26.9529228,0.0187393352,0.18745707,8.98113467e-06,90,1.17700005,2
793310400010864,112244723,2458876.9488784531,58876.447233799998,19.4401569,0.0850622952,0,zi,226.83014879999999,55.7471611,0.497000009,0.0340000018,20200128447211,793,0xa,0x4,21.5200005,26.9201565,0.0154023189,0.190013781,5.98324868e-06,90,1.35500002,2
793310400010864,112249642,2458876.9980699401,58876.496423600001,19.5108471,0.0896279588,0,zi,226.83020869999999,55.7471593,1.11699998,-0.0299999993,20200128496424,793,0xa,0x4,21.3799992,26.9408474,0.0141873779,0.192599609,5.07290179e-06,90,1.18900001,2
793310400010864,112656060,2458881.0623826878,58880.560601899997,19.492115,0.088397257,0,zi,226.83011669999999,55.747166100000001,0.843999982,-0.0939999968,20200201560590,793,0xa,0x4,21.3299999,26.9431152,0.0157290343,0.194793954,6.4772189e-06,90,1.08099997,2
793310400010864,112657262,2458881.074408473,58880.572627299996,19.4644985,0.086610347,0,zi,226.8302084,55.747174600000001,0.99000001,-0.0359999985,20200201572627,793,0xa,0x4,20.8099995,26.9424992,0.016368743,0.192716822,6.71036787e-06,90,1.07599998,2
793310400010864,113035381,2458884.8557196944,58884.353819399999,19.4128895,0.0833580121,0,zi,226.8303641,55.747295399999999,0.675999999,-0.0560000017,20200205353808,793,0xa,0x4,20.1299992,26.9048901,0.0206992272,0.193981871,1.08514096e-05,90,1.84399998,2
793310400010864,113036783,2458884.8697363422,58884.367835600002,19.361372,0.0802235901,0,zi,226.83020769999999,55.747172499999998,0.728999972,0.0140000004,20200205367824,793,0xa,0x4,20.1399994,26.9143715,0.0211725049,0.193799675,1.13477317e-05,90,1.71500003,2
793310400010864,113135149,2458885.8534238581,58885.351493100003,19.4758282,0.0873394981,0,zi,226.83027190000001,55.747255500000001,0.901000023,0.229000002,20200206351424,793,0xa,0x4,20.1100006,26.7498283,0.0189522207,0.190492705,9.47066837e-06,90,1.84000003,2
793310400010864,113140888,2458885.9108214327,58885.408888899998,19.2356548,0.0730351508,0,zi,226.83032610000001,55.7471757,1.00199997,-0.0489999987,20200206408866,793,0xa,0x4,20.0300007,26.7206554,0.0208048411,0.199346498,1.08326358e-05,90,1.421,2
793310400010864,113235497,2458886.8569378639,58886.354976900002,19.3417454,0.0790586323,0,zi,226.83022099999999,55.747200999999997,0.832000017,-0.0270000007,20200207354977,793,0xa,0x4,20.8400002,26.9277458,0.0182202738,0.192553505,8.20245987e-06,90,1.77999997,2
793310400010864,113239148,2458886.8934435816,58886.391481500003,19.3480759,0.0794326812,0,zi,226.8301854,55.747180899999996,1.023,-0.00600000005,20200207391470,793,0xa,0x4,21.0400009,26.933075,0.017360162,0.191901818,7.43747751e-06,90,1.50399995,2
793310400010864,113436123,2458888.8632584061,58888.361238400001,19.5503426,0.0922721401,0,zi,226.83018340000001,55.747154000000002,0.38499999,0.0590000004,20200209361215,793,0xa,0x4,20.3799992,26.9213428,0.0195432939,0.186876088,9.62711783e-06,90,1.67900002,2
793310400010864,113439052,2458888.8925416702,58888.3905208,19.5464668,0.0920097083,0,zi,226.8302434,55.7470888,0.495000005,0.0160000008,20200209390509,793,0xa,0x4,20.2700005,26.9304657,0.0163342431,0.191711858,6.85490477e-06,90,1.477,2
793310400010864,113634616,2458890.8482455825,58890.346168999997,19.3048515,0.0769118667,0,zi,226.8302577,55.747129899999997,1.245,-0.194999993,20200211346134,793,0xa,0x4,20.1100006,26.9018517,0.0225845594,0.194161087,1.29602595e-05,90,1.76100004,2
793310400010864,113639182,2458890.8939066012,58890.391828699998,19.479435,0.0875727981,0,zi,226.83012310000001,55.747151299999999,0.335999995,0.0219999999,20200211391794,793,0xa,0x4,20.1200008,26.9164352,0.0196587369,0.196358025,9.57348584e-06,90,1.43900001,2
793310400010864,113735050,2458891.8526138128,58891.350509299999,19.4627476,0.0864981338,0,zi,226.83024639999999,55.747177600000001,1.03799999,0.101999998,20200212350498,793,0xa,0x4,20.5799999,26.9147472,0.0157810226,0.190607637,6.48450668e-06,90,1.70000005,2
793310400010864,113741351,2458891.9156247871,58891.413518499998,19.4643993,0.0866039991,0,zi,226.8302965,55.7471423,1.02999997,0.0560000017,20200212413519,793,0xa,0x4,20.3799992,26.9333992,0.0167223997,0.189463571,7.03550722e-06,90,1.32500005,2
793310400010864,113847709,2458892.979230233,58892.477094900001,19.3925171,0.0821052417,0,zi,226.8301913,55.747174200000003,0.925000012,-0.0939999968,20200213477072,793,0xa,0x4,21.2000008,26.9415169,0.0192529131,0.191025093,9.6877402e-06,90,1.13800001,2
793310400010864,113849856,2458893.0007007197,58892.4985648,19.3580265,0.0800239146,0,zi,226.83018490000001,55.747172999999997,0.828000009,0.119999997,20200213498518,793,0xa,0x4,21.0400009,26.9350262,0.0164570715,0.188487411,6.73559862e-06,90,1.10599995,2
793310400010864,113940469,2458893.9068592442,58893.4046991,19.3336678,0.0785838217,0,zi,226.830209,55.747152499999999,0.921000004,0.108999997,20200214404699,793,0xa,0x4,21.3199997,26.9466686,0.0215838384,0.188971221,1.24278185e-05,90,1.33800006,2
793310400010864,114043166,2458894.9338538661,58894.431666700002,19.3924999,0.0821041539,0,zi,226.83021360000001,55.747167099999999,1.03900003,0.00499999989,20200215431597,793,0xa,0x4,21.4599991,26.9484997,0.019498134,0.185167894,9.66785865e-06,90,1.23199999,2
793310400010864,114044968,2458894.9518751432,58894.449687499997,19.436182,0.0848118514,0,zi,226.83022170000001,55.747193299999999,0.666999996,-0.00600000005,20200215449653,793,0xa,0x4,21.3099995,26.9441814,0.0149198985,0.192936018,5.66664357e-06,90,1.18299997,2
793310400010864,115036385,2458904.8662735405,58904.363854199997,19.4795265,0.0875786766,0,zi,226.8301922,55.747174299999998,1.68400002,0.0260000005,20200225363819,793,0xa,0x4,21.3500004,26.9085274,0.0140917171,0.192001984,5.00755914e-06,90,1.38699996,2
793310400010864,115040638,2458904.9088091385,58904.406388900003,19.323761,0.0780051947,0,zi,226.83022629999999,55.747163700000002,0.81400001,-0.0329999998,20200225406366,793,0xa,0x4,20.9599991,26.9127617,0.0153172147,0.191563502,5.92609058e-06,90,1.22599995,2
793310400010864,115136383,2458905.8662706683,58905.363831000002,19.4600525,0.0863256678,0,zi,226.82967769999999,55.747256399999998,0.97299999,0.493000001,20200226363808,793,0xa,0x4,19.9099998,26.895052,0.0250140019,0.199074939,1.61004791e-05,90,1.375,2
793310400010864,115241195,2458906.9144163178,58906.411956000004,19.4458008,0.0854189545,0,zi,226.83018050000001,55.747178599999998,0.463999987,-0.0450000018,20200227411933,793,0xa,0x4,21.3299999,26.9267998,0.0172725823,0.190320536,7.43011196e-06,90,1.19500005,2
793310400010864,115254712,2458907.0495925611,58906.547129600003,19.3388252,0.0788867176,0,zi,226.8301027,55.7471727,0.855000019,-0.0900000036,20200227547130,793,0xa,0x4,20.6000004,26.8668251,0.0154703669,0.195728227,6.15684121e-06,90,1.08800006,2
793310400010864,115730728,2458911.8098280514,58911.307280100002,19.44063,0.0850921646,0,zi,226.83014399999999,55.747127200000001,1.20599997,0.0309999995,20200303307257,793,0xa,0x4,20.25,26.8736305,0.0222645756,0.190145046,1.2961892e-05,90,1.61099994,2
793310400010864,115734937,2458911.8519236576,58911.349374999998,19.3674812,0.0805894881,0,zi,226.8303228,55.747219800000003,0.890999973,-0.0500000007,20200303349352,793,0xa,0x4,20.3299999,26.8894806,0.0185191389,0.195577994,8.61710214e-06,90,1.36600006,2
793310400010864,115837238,2458912.8749494259,58912.372384299997,19.3945503,0.0822294429,0,zi,226.8302056,55.7471593,1.02999997,-0.075000003,20200304372280,793,0xa,0x4,21.0200005,26.9175491,0.0143673168,0.188342333,5.2060991e-06,90,1.26400006,2
793310400010864,115838278,2458912.8853546917,58912.382789399999,19.4283257,0.0843189433,0,zi,226.83025180000001,55.747194999999998,1.11600006,-0.0370000005,20200304382755,793,0xa,0x4,21.1200008,26.9163246,0.0140622472,0.188489258,5.07713548e-06,90,1.23099995,2
793310400010864,115938967,2458913.8922567437,58913.389675899998,19.4850883,0.0879395306,0,zi,226.83021529999999,55.7471934,1.26800001,-0.0379999988,20200305389653,793,0xa,0x4,20.5100002,26.503088,0.0237516444,0.185110778,1.42658419e-05,90,1.204,2
793310400010864,115940614,2458913.9087269013,58913.4061458,19.5092602,0.0895231292,0,zi,226.83020260000001,55.747182700000003,0.363000005,0.0670000017,20200305406123,793,0xa,0x4,20.8199997,26.6272602,0.0202771965,0.186552539,1.08071254e-05,90,1.16400003,2
793310400010864,116028449,2458914.7870847695,58914.284490700004,19.3965111,0.0823494494,0,zi,226.8301692,55.747152800000002,1.07200003,-0.149000004,20200306284398,793,0xa,0x4,20.6599998,26.7255116,0.0359490104,0.186967686,3.32911004e-05,90,1.727,2
793310400010864,116128353,2458915.786138407,58915.283530100001,19.2912426,0.0761340931,0,zi,226.8302291,55.747165899999999,0.512000024,0.0469999984,20200307283530,793,0xa,0x4,20.25,26.6462421,0.0253507476,0.187921003,1.61614571e-05,90,1.71200001,2
793310400010864,116134877,2458915.8513823613,58915.348773099999,19.4381409,0.084935233,0,zi,226.8301165,55.747213899999998,0.788999975,-0.109999999,20200307348773,793,0xa,0x4,20.6800003,26.8081398,0.0185711849,0.183215812,8.86114503e-06,90,1.32099998,2
793310400010864,118236728,2458936.8700382006,58936.367280099999,19.4122601,0.0833190382,0,zi,226.83019849999999,55.747182100000003,0.558000028,-0.0560000017,20200328367257,793,0xa,0x4,21.4899998,26.9322605,0.0230799746,0.187099218,1.39458125e-05,90,1.12100005,2
793310400010864,118239223,2458936.8949919101,58936.392233799997,19.3741207,0.0809889361,0,zi,226.83020139999999,55.747173699999998,0.819000006,-0.0350000001,20200328392199,793,0xa,0x4,21.4300003,26.9231205,0.0190730747,0.18929866,9.59995123e-06,90,1.09200001,2
793310400010864,118632995,2458940.8327069748,58940.329953699998,19.2670898,0.074772343,32768,zi,226.8302272,55.747181099999999,0.412,-0.136999995,20200401329954,793,0xa,0x4,19.9200001,25.838089,0.0370211191,0.190194279,3.43431166e-05,90,1.16900003,2
793310400010864,118732819,2458941.8309448231,58941.328194399997,19.4616909,0.0864305198,0,zi,226.83017910000001,55.747155200000002,0.300999999,0.0160000008,20200402328171,793,0xa,0x4,21.0400009,26.9086914,0.0141161466,0.194130048,5.039597e-06,90,1.16700006,2
793310400010864,118735090,2458941.8536531553,58941.350902799997,19.3866386,0.0817469358,0,zi,226.83026190000001,55.7471642,0.899999976,-0.0729999989,20200402350880,793,0xa,0x4,20.9500008,26.9066391,0.0141091077,0.194561645,5.0667918e-06,90,1.125,2
793310400010864,119029988,2458944.8026223327,58944.299884300002,19.4179955,0.0836747289,0,zi,226.83020809999999,55.747182899999999,0.513999999,-0.0140000004,20200405299861,793,0xa,0x4,20.7399998,26.8959961,0.014766207,0.18697454,5.69280564e-06,90,1.21800005,2
793310400010864,119033063,2458944.8333744882,58944.330636600003,19.4128838,0.0833576471,0,zi,226.830218,55.747171199999997,1.26600003,0.0949999988,20200405330613,793,0xa,0x4,20.6399994,26.9008827,0.0157814771,0.192136601,6.52835342e-06,90,1.14600003,2
793310400010864,119948358,2458953.9859045241,58953.483588000003,19.3490219,0.0794886723,0,zi,226.83032979999999,55.7471484,0.894999981,0.0979999974,20200414483553,793,0xa,0x4,20.6800003,25.6920223,0.0231635738,0.199032098,1.40226812e-05,30,1.19000006,2
793310400010864,119951518,2458954.0175013691,58953.515185199998,19.3133545,0.0774016678,0,zi,226.83022399999999,55.747086699999997,1.03299999,-0.245000005,20200414515185,793,0xa,0x4,19.7800007,25.6803551,0.0338162854,0.188789994,2.97944334e-05,30,1.28699994,2
793310400010864,120034162,2458954.8439272591,58954.341620400002,19.6401329,0.0985336751,0,zi,226.8301931,55.747171999999999,0.514999986,-0.064000003,20200415341597,793,0xa,0x4,20.9599991,25.6991329,0.0261085089,0.197829768,1.73039043e-05,30,1.09300005,2
793310400010864,120036259,2458954.8648992176,58954.362592600002,19.5898399,0.0949836969,0,zi,226.83017620000001,55.7472104,0.800000012,0.155000001,20200415362593,793,0xa,0x4,20.8199997,25.6958389,0.0271514393,0.202283427,1.87382739e-05,30,1.079,2
793310400010864,120136201,2458955.864308652,58955.362013899998,19.4388466,0.0849796906,0,zi,226.8301256,55.747173699999998,0.527999997,0.0540000014,20200416362014,793,0xa,0x4,20.8700008,25.7118454,0.0240235701,0.196341828,1.46461907e-05,30,1.07799995,2
793310400010864,120138491,2458955.8872134718,58955.384918999996,19.4323769,0.0845727772,0,zi,226.8301256,55.747199100000003,0.481999993,-0.0930000022,20200416384919,793,0xa,0x4,20.9699993,25.7183762,0.0238190759,0.197718233,1.44019004e-05,30,1.07500005,2
793310400010864,120838277,2458962.8849718552,58962.382777799998,19.5091705,0.0895172283,0,zi,226.8301405,55.747101299999997,0.728999972,0.133000001,20200423382743,793,0xa,0x4,20.9599991,25.7051697,0.0241547376,0.191792518,1.50767937e-05,30,1.08099997,2
793310400010864,121030430,2458964.8064669291,58964.304305600002,19.5079632,0.0894375294,0,zi,226.83017079999999,55.747134199999998,0.933000028,-0.115999997,20200425304271,793,0xa,0x4,21.2999992,25.6999626,0.0237797797,0.192753166,1.49674988e-05,30,1.10300004,2
793310400010864,121032150,2458964.8236656273,58964.321504599997,19.3714161,0.0808259919,0,zi,226.83019519999999,55.747160899999997,0.81400001,0.0820000023,20200425321482,793,0xa,0x4,21.25,25.7004166,0.0206896458,0.189539999,1.0819017e-05,30,1.08700001,2
793310400010864,121136327,2458965.8654178842,58965.3632755,19.3806858,0.0813856572,0,zi,226.8301927,55.747176899999999,0.834999979,0.00600000005,20200426363275,793,0xa,0x4,21.2800007,25.7196865,0.0216715392,0.191472888,1.19137267e-05,30,1.07599998,2
793310400010864,121138129,2458965.8834383558,58965.381296300002,19.4997406,0.0888964459,0,zi,226.8301644,55.747174600000001,0.456999987,0.0170000009,20200426381273,793,0xa,0x4,21.3899994,25.7227402,0.0212923232,0.19508335,1.12136595e-05,30,1.08500004,2
793310400010864,121229958,2458966.8017083928,58966.299583300002,19.5564137,0.092684567,32768,zi,226.8301601,55.747133699999999,0.648999989,-0.00700000022,20200427299583,793,0xa,0x4,20.1399994,24.8934135,0.0364012793,0.186468005,3.42832172e-05,30,1.102,2
793310400010864,121232140,2458966.8235251931,58966.321400499997,19.2495537,0.0737983286,32768,zi,226.8302089,55.747078100000003,0.307000011,-0.0680000037,20200427321400,793,0xa,0x4,19.5599995,24.0985527,0.0376436189,0.184341222,3.80010279e-05,30,1.08299994,2
793310400010864,121329608,2458967.7981941425,58967.296088000003,19.5109501,0.0896347314,0,zi,226.83019519999999,55.7471721,1.05799997,-0.103,20200428296088,793,0xa,0x4,21,25.7019501,0.0228010565,0.194728062,1.30319659e-05,30,1.10300004,2
793310400010864,121331597,2458967.818077961,58967.315972199998,19.4277344,0.0842819512,0,zi,226.83018960000001,55.747196700000003,0.493999988,-0.0379999988,20200428315903,793,0xa,0x4,20.9200001,25.6917343,0.0273076799,0.192110538,1.83796892e-05,30,1.08500004,2
793310400010864,121431879,2458968.8208824266,58968.318796300002,19.5964928,0.0954470411,0,zi,226.8301314,55.747164699999999,0.850000024,0.0610000007,20200429318796,793,0xa,0x4,21.3700008,25.7374935,0.0228628218,0.191456646,1.30025392e-05,30,1.08200002,2
793310400010864,121433918,2458968.8412755234,58968.339189799997,19.5520592,0.0923885852,0,zi,226.83018269999999,55.747162199999998,0.252999991,0.050999999,20200429339190,793,0xa,0x4,21.3199997,25.74506,0.0226683281,0.187217265,1.24459766e-05,30,1.07500005,2
793310400010864,121525670,2458969.75876864,58969.256701400001,19.5208893,0.0902939215,32768,zi,226.8302516,55.747155599999999,0.648000002,-0.0209999997,20200430256701,793,0xa,0x4,20.5400009,25.4338894,0.0343403257,0.188110456,3.13317505e-05,30,1.15699995,2
793310400010864,121527373,2458969.7758052982,58969.273738399999,19.5725269,0.0937868655,0,zi,226.83019279999999,55.747167699999999,0.703999996,0.0949999988,20200430273681,793,0xa,0x4,21.0799999,25.7465267,0.0208897199,0.189056501,1.14720033e-05,30,1.12600005,2
793310400010864,121632155,2458970.8235961501,58970.3215509,19.4312935,0.08450488,0,zi,226.83020579999999,55.7471672,0.992999971,-0.0109999999,20200501321551,793,0xa,0x4,20.8799992,25.7522945,0.0202661008,0.186729163,1.05445997e-05,30,1.07799995,2
793310400010864,121633771,2458970.839764812,58970.337719900002,19.4508858,0.0857415199,0,zi,226.83019440000001,55.7471715,0.532999992,-0.0109999999,20200501337708,793,0xa,0x4,21.0799999,25.7758865,0.0259257015,0.185716584,1.69241303e-05,30,1.07500005,2
793310400010864,121731990,2458971.8219314604,58971.3199074,19.5260468,0.0906375945,0,zi,226.83022589999999,55.747196799999998,0.912,-0.147,20200502319907,793,0xa,0x4,20.7299995,25.7310467,0.021259062,0.194684565,1.13961287e-05,30,1.07799995,2
793310400010864,121733883,2458971.8408546601,58971.338831000001,19.5274391,0.0907305777,0,zi,226.83011980000001,55.747150900000001,0.633000016,-0.0710000023,20200502338819,793,0xa,0x4,20.7900009,25.7444382,0.0196610335,0.193250582,1.00302532e-05,30,1.07500005,2
793310400010864,121831831,2458972.8203125498,58972.318310199997,19.4909668,0.088322334,0,zi,226.83017570000001,55.747139500000003,1.02900004,-0.147,20200503318310,793,0xa,0x4,20.8700008,25.7529678,0.0230570678,0.186217725,1.34775928e-05,30,1.07700002,2
793310400010864,121834072,2458972.8427310544,58972.340729199997,19.4256458,0.0841514021,0,zi,226.8301682,55.7471678,0.708000004,-0.101000004,20200503340729,793,0xa,0x4,20.9500008,25.7166462,0.023667587,0.189303696,1.43247225e-05,30,1.07599998,2
793310400010864,121938060,2458973.8825805616,58973.380601899997,19.3836899,0.0815678164,0,zi,226.83020869999999,55.747198500000003,1.00699997,-0.0460000001,20200504380556,793,0xa,0x4,20.5699997,25.7386894,0.0197205134,0.191822678,1.01065716e-05,30,1.10399997,2
793310400010864,121940137,2458973.9033554913,58973.401377299997,19.4008865,0.0826177523,0,zi,226.83018730000001,55.747161499999997,0.874000013,-0.0430000015,20200504401319,793,0xa,0x4,20.75,25.7528877,0.0197862629,0.182232246,9.90131775e-06,30,1.13300002,2
793310400010864,122038375,2458974.8857057695,58974.383750000001,19.4345665,0.0847102925,0,zi,226.83019250000001,55.747152900000003,0.60799998,-0.0469999984,20200505383692,793,0xa,0x4,20.6599998,25.7355671,0.0247977376,0.185930222,1.56239548e-05,30,1.11099994,2
793310400010864,122136305,2458975.8649885291,58975.363055599999,19.5251083,0.0905749872,0,zi,226.8301874,55.747139900000001,0.870000005,-0.143999994,20200506363056,793,0xa,0x4,20.5499992,25.7541084,0.0205893554,0.190135032,1.0999056e-05,30,1.09099996,2
793310400010864,122237931,2458976.8812258071,58976.3793171,19.5593147,0.0928822383,0,zi,226.8302669,55.747157799999997,0.56400001,-0.0439999998,20200507379317,793,0xa,0x4,20.3999996,25.6973152,0.0262613557,0.186252996,1.78491628e-05,30,1.11199999,2
793310400010864,122240231,2458976.9042229452,58976.402314799998,19.363903,0.080374971,0,zi,226.8301946,55.747178699999999,1.43499994,-0.211999997,20200507402303,793,0xa,0x4,20.4300003,25.7639027,0.020922441,0.187096521,1.10544697e-05,30,1.14999998,2
793310400010864,122327650,2458977.7783915028,58977.276504599999,19.5805264,0.0943382159,0,zi,226.83017889999999,55.747162500000002,0.984000027,0.254999995,20200508276505,793,0xa,0x4,20.0699997,25.6005268,0.0271501131,0.185330942,1.98163361e-05,30,1.09500003,2
793310400010864,122329517,2458977.7970600482,58977.295173600003,19.7071037,0.103429481,0,zi,226.830231,55.747163100000002,1.17799997,0.0329999998,20200508295174,793,0xa,0x4,20.1299992,25.5861034,0.0268191304,0.182394117,1.80176648e-05,30,1.08099997,2
793310400010864,122432098,2458978.823018434,58978.320983799997,19.5241642,0.0905120149,0,zi,226.83021590000001,55.747208700000002,0.850000024,0.0989999995,20200509320984,793,0xa,0x4,20.9400005,26.4751644,0.0182827525,0.190413341,8.15367548e-06,60,1.07500005,2
793310400010864,122433604,2458978.8380759601,58978.3360417,19.4843636,0.0878924355,0,zi,226.83018899999999,55.747175400000003,0.968999982,-0.0260000005,20200509336030,793,0xa,0x4,20.6299992,26.4823627,0.0189970564,0.183570862,8.8979732e-06,60,1.079,2
793310400010864,122538811,2458979.8901210404,58979.388113399997,19.3531685,0.0797347575,0,zi,226.8302132,55.7471709,1.074,0.0710000023,20200510388113,793,0xa,0x4,21.1599998,26.4631691,0.0186889935,0.189004719,8.62051184e-06,60,1.13800001,2
793310400010864,122634881,2458980.850802287,58980.348819400002,19.3577766,0.0800089911,0,zi,226.8301376,55.747191200000003,1.14999998,-0.120999999,20200511348819,793,0xa,0x4,21.0499992,26.5177765,0.0148191322,0.190291435,5.66767267e-06,60,1.09099996,2
793310400010864,122636627,2458980.8682555342,58980.3662731,19.408226,0.0830696821,0,zi,226.83024119999999,55.747147300000002,0.841000021,0.0520000011,20200511366273,793,0xa,0x4,21.0900002,26.5052261,0.0176216681,0.188545823,7.86102555e-06,60,1.10899997,2
793310400010864,122734434,2458981.8462970727,58981.344340299998,19.478796,0.08753144,0,zi,226.8301165,55.747188899999998,0.574000001,0.0430000015,20200512344340,793,0xa,0x4,20.2600002,26.4887962,0.0204763208,0.196175769,1.0585165e-05,60,1.09000003,2
793310400010864,122736841,2458981.8703705352,58981.3684144,19.5008526,0.0889694691,0,zi,226.83025459999999,55.747147900000002,0.750999987,-0.0439999998,20200512368414,793,0xa,0x4,21.0400009,26.4968529,0.0171036981,0.189776152,7.35697813e-06,60,1.11600006,2
793310400010864,123131942,2458985.8212692947,58985.319421300002,19.457283,0.0861488134,0,zi,226.83018469999999,55.747176600000003,1.03999996,-0.063000001,20200516319421,793,0xa,0x4,21.4300003,26.4702835,0.0159307197,0.195265889,6.48090281e-06,60,1.08000004,2
793310400010864,123133956,2458985.8414076236,58985.339560200002,19.3673611,0.0805822685,0,zi,226.8302051,55.7471745,0.764999986,0.0790000036,20200516339549,793,0xa,0x4,21.3999996,26.4613609,0.0185165945,0.192761734,8.5807078e-06,60,1.09500003,2
793310400010864,123232078,2458986.8226064933,58986.320786999997,19.4831734,0.0878151804,0,zi,226.83018749999999,55.747166100000001,0.592000008,0.00400000019,20200517320787,793,0xa,0x4,21.4500008,26.4991722,0.0185935069,0.185160235,8.72756027e-06,60,1.08299994,2
793310400010864,123234292,2458986.8447470553,58986.3429282,19.4920578,0.0883935243,0,zi,226.83021289999999,55.7471648,0.856000006,-0.129999995,20200517342928,793,0xa,0x4,21.4699993,26.509058,0.0238356888,0.185010418,1.42172275e-05,60,1.10099995,2
793310400010864,123325765,2458987.7594429371,58987.257650500003,19.456501,0.0860989243,0,zi,226.8301597,55.747179600000003,0.875999987,-0.0439999998,20200518257650,793,0xa,0x4,21.2199993,26.5205002,0.0250529815,0.187008291,1.59981137e-05,60,1.08800006,2
793310400010864,123328131,2458987.7831111546,58987.281319399997,19.3565216,0.0799341947,0,zi,226.83019569999999,55.747155300000003,0.623000026,0.0780000016,20200518281319,793,0xa,0x4,21.6200008,26.5265217,0.0241815709,0.182007715,1.46745188e-05,60,1.07599998,2
793310400010864,123734199,2458991.8436610191,58991.341990699999,19.4495296,0.0856553614,0,zi,226.83021880000001,55.7471636,0.356999993,0.0270000007,20200522341979,793,0xa,0x4,21.4899998,26.5025291,0.0210459121,0.187017277,1.11630216e-05,60,1.11699998,2
793310400010864,123736049,2458991.8621674427,58991.3604977,19.4871864,0.0880759954,0,zi,226.83019830000001,55.747191100000002,0.63499999,0.0790000036,20200522360451,793,0xa,0x4,21.5799999,26.5281868,0.0231680088,0.191468894,1.33977555e-05,60,1.148,2
793310400010864,123835883,2458992.8604698996,58992.358830999998,19.4764938,0.0873824805,0,zi,226.8302147,55.7471806,0.407999992,-0.0299999993,20200523358819,793,0xa,0x4,21.1100006,26.4704933,0.0165390242,0.189617023,6.83142025e-06,60,1.14999998,2
793310400010864,123838812,2458992.8897629771,58992.388124999998,19.3935204,0.0821664855,0,zi,226.83017219999999,55.747180999999998,0.912,0.116999999,20200523388113,793,0xa,0x4,20.9300003,26.4665203,0.0161354356,0.196332619,6.6906573e-06,60,1.22000003,2
793310400010864,124034512,2458994.8467037496,58994.345127300003,19.5410385,0.091643177,0,zi,226.83018899999999,55.7471587,0.879999995,0.0320000015,20200525345116,793,0xa,0x4,21.4400005,26.4750385,0.0202241931,0.19134064,1.00864372e-05,60,1.13499999,2
793310400010864,124036475,2458994.8663327182,58994.364756900002,19.4599342,0.0863181278,0,zi,226.83022209999999,55.747170599999997,0.961000025,-0.107000001,20200525364757,793,0xa,0x4,21.5,26.4929333,0.0201328769,0.189706549,1.01888836e-05,60,1.17400002,2
793310400010864,124136414,2458995.8656873605,58995.364143500003,19.4056759,0.0829124227,0,zi,226.8302467,55.747168799999997,0.379000008,0.00800000038,20200526364144,793,0xa,0x4,21.6200008,26.4796753,0.0233655348,0.192124277,1.38117457e-05,60,1.17900002,2
793310400010864,124138165,2458995.8831983907,58995.381655099998,19.4188633,0.0837286785,0,zi,226.8302151,55.747157299999998,0.368000001,-0.0179999992,20200526381644,793,0xa,0x4,21.5900002,26.4748631,0.019279154,0.189310029,9.38770518e-06,60,1.22500002,2
793310400010864,124236261,2458996.8641272951,58996.362615700004,19.4363785,0.0848242268,0,zi,226.83021220000001,55.747149399999998,0.704999983,-0.0520000011,20200527362616,793,0xa,0x4,21.5699997,26.5043774,0.021788476,0.189702958,1.23055233e-05,60,1.18200004,2
793310400010864,124332207,2458997.8235520888,58997.322071800001,19.4545307,0.0859733373,0,zi,226.8301893,55.747176099999997,0.846000016,-0.0329999998,20200528322049,793,0xa,0x4,21.5699997,26.4725304,0.02136226,0.188113764,1.15689327e-05,60,1.11199999,2
793310400010864,124334070,2458997.8421856742,58997.340706000003,19.4103909,0.0832034126,0,zi,226.83017480000001,55.747155599999999,0.537,-0.0430000015,20200528340706,793,0xa,0x4,21.4899998,26.4843903,0.0239471421,0.193074033,1.45455742e-05,60,1.14199996,2
793310400010864,124438468,2458998.8861327418,58998.384687500002,19.5528412,0.0924416855,0,zi,226.83020669999999,55.747166700000001,0.778999984,0.164000005,20200529384676,793,0xa,0x4,21.2399998,26.4668407,0.0153862666,0.190492585,6.0024604e-06,60,1.25999999,2
793310400010864,124440401,2458998.9054607921,58998.404016200002,19.5110435,0.0896409601,0,zi,226.83024649999999,55.747165000000003,0.833000004,0.0560000017,20200529404005,793,0xa,0x4,21.4200001,26.4680424,0.0176268574,0.190883264,8.27065924e-06,60,1.33299994,2
793310400010864,124536381,2458999.8652320686,58999.363819400001,19.3643341,0.0804008171,0,zi,226.83017050000001,55.747160700000002,0.887000024,-0.108000003,20200530363819,793,0xa,0x4,20.7600002,26.234333,0.018500125,0.190423518,8.4265439e-06,60,1.20599997,2
793310400010864,124538328,2458999.8846990094,58999.383286999997,19.3307514,0.0784130841,0,zi,226.8301965,55.747161200000001,0.959999979,-0.0149999997,20200530383287,793,0xa,0x4,20.9699993,26.487751,0.0153622255,0.190073565,5.81089307e-06,60,1.26499999,2
793310400010864,124720005,2459001.7014087136,59001.200057900001,19.3475761,0.0794030428,0,zi,226.83023829999999,55.747211399999998,0.361000001,0.00400000019,20200601199595,793,0xa,0x4,20.7299995,26.4495754,0.0183763932,0.203208834,8.89536932e-06,60,1.10699999,2
793310400010864,124730543,2459001.8067870382,59001.305439800002,19.4903336,0.0882810354,0,zi,226.83018820000001,55.747191999999998,0.791999996,-0.149000004,20200601305428,793,0xa,0x4,21.2000008,26.432333,0.020101944,0.185899109,9.96884319e-06,60,1.10500002,2
793310400010864,125031718,2459004.8184311623,59004.317187499997,19.522234,0.0903834179,0,zi,226.83017039999999,55.747208100000002,1.43299997,-0.109999999,20200604317188,793,0xa,0x4,20.9500008,26.4812336,0.0165258199,0.191735819,6.77638445e-06,60,1.13399994,2
793310400010864,125034498,2459004.8462310871,59004.3449884,19.456234,0.0860819072,0,zi,226.8302032,55.747199000000002,0.510999978,-0.0109999999,20200604344988,793,0xa,0x4,20.9200001,26.4922333,0.0183356144,0.192166433,8.28368138e-06,60,1.19200003,2
793310400010864,125436343,2459008.8645384591,59008.363437499997,19.299633,0.0766127631,0,zi,226.83023560000001,55.747222600000001,1.58599997,-0.0670000017,20200608363438,793,0xa,0x4,20.6000004,26.537632,0.0174261592,0.190095484,7.83431551e-06,60,1.28100002,2
793310400010864,125439105,2459008.8921531574,59008.391053200001,19.6368942,0.0983017758,0,zi,226.83041940000001,55.747271099999999,0.725000024,-0.105999999,20200608390984,793,0xa,0x4,20.2199993,26.5318947,0.0224117171,0.19580771,1.29624314e-05,60,1.398,2
793310400010864,125530347,2459009.804539511,59009.303472200001,19.4798012,0.0875964984,0,zi,226.83022249999999,55.7472067,0.497999996,0.0710000023,20200609303472,793,0xa,0x4,20.8199997,26.5388012,0.0164715648,0.195355237,6.84991255e-06,60,1.13399994,2
793310400010864,125532363,2459009.8247008794,59009.323634300003,19.4281445,0.0843076035,0,zi,226.83016720000001,55.747196700000003,1.21599996,-0.0810000002,20200609323634,793,0xa,0x4,20.8099995,26.540144,0.0167572852,0.187875643,7.27254701e-06,60,1.17400002,2
793310400010864,125736598,2459011.8669765797,59011.365983800002,19.4530106,0.0858765766,0,zi,226.83023030000001,55.747170599999997,0.409000009,0.0520000011,20200611365972,793,0xa,0x4,21.1800003,26.4630108,0.0182968415,0.194124714,8.21953472e-06,60,1.32200003,2
793310400010864,125834182,2459012.8427859591,59012.341828700002,19.425087,0.0841164887,0,zi,226.83019830000001,55.747157799999997,0.953999996,-0.0199999996,20200612341829,793,0xa,0x4,21.4799995,26.5420876,0.0174601525,0.19250977,8.07197557e-06,60,1.245,2
793310400010864,125836350,2459012.8644633559,59012.363506900001,19.5550728,0.0925933272,0,zi,226.83021740000001,55.747174200000003,0.527999997,-0.0399999991,20200612363495,793,0xa,0x4,21.2700005,26.5340729,0.0171842799,0.191543803,7.85912107e-06,60,1.32299995,2
793310400010864,125926247,2459013.7634005058,59013.262476900003,19.5368271,0.0913597867,0,zi,226.8301889,55.747176699999997,0.934000015,-0,20200613262477,793,0xa,0x4,21.5200005,26.5418282,0.0152165992,0.18854326,6.03538865e-06,60,1.09399998,2
793310400010864,126028399,2459014.7848791699,59014.283993099998,19.4485207,0.0855913684,0,zi,226.8301913,55.747179099999997,0.474000007,-0.0170000009,20200614283970,793,0xa,0x4,21.3500004,26.5335197,0.0148741612,0.192346811,5.77523724e-06,60,1.12399995,2
793310400010864,126030798,2459014.8088712799,59014.307986100001,19.5253372,0.0905902535,0,zi,226.8302175,55.747173600000004,0.426999986,-0.023,20200614307975,793,0xa,0x4,21.4599991,26.5373363,0.0160119049,0.18888326,6.52710469e-06,60,1.16900003,2
793310400010864,126120491,2459015.7057711016,59015.204919000003,19.3903389,0.0819722787,0,zi,226.8301712,55.747177100000002,1.13,0.0670000017,20200615204919,793,0xa,0x4,21.5,26.4863396,0.0174740776,0.193733692,7.93024174e-06,60,1.07599998,2
793310400010864,126228347,2459016.7842843458,59016.283472199997,19.4940338,0.0885226652,0,zi,226.830117,55.747154399999999,0.34799999,-0.0560000017,20200616283461,793,0xa,0x4,21.2099991,26.2440338,0.0181005057,0.185376436,8.50643573e-06,60,1.13199997,2
793310400010864,126318079,2459017.6815773966,59017.180798599999,19.5479851,0.0921124667,0,zi,226.83018079999999,55.7471788,0.765999973,0.0250000004,20200617180799,793,0xa,0x4,21.3799992,26.5189857,0.0176398996,0.191552907,7.88737998e-06,60,1.08399999,2
793310400010864,126320355,2459017.7043311535,59017.203553200001,19.516346,0.0899920985,0,zi,226.83018369999999,55.747163899999997,0.356000006,-0.0329999998,20200617203553,793,0xa,0x4,21.6700001,26.5183449,0.018972978,0.190595418,8.86767612e-06,60,1.07500005,2
793310400010864,126428111,2459018.7818488535,59018.281111099997,19.4504318,0.0857126713,0,zi,226.8301994,55.747168899999998,0.893000007,-0.0419999994,20200618281100,793,0xa,0x4,21.6399994,26.5164318,0.0216568895,0.189680219,1.2438587e-05,60,1.13800001,2
793310400010864,126431435,2459018.815088396,59018.3143519,19.41856,0.0837098509,0,zi,226.83014230000001,55.747183100000001,1.02900004,-0.0160000008,20200618313750,793,0xa,0x4,21.2099991,26.4965591,0.0168342404,0.192170694,6.86220164e-06,60,1.21200001,2
793310400010864,126517293,2459019.6736441981,59019.172939800002,19.4883595,0.0881523713,0,zi,226.8301889,55.7471575,0.354000002,-0.0160000008,20200619172940,793,0xa,0x4,21.2700005,26.5023594,0.0258296486,0.18624419,1.75151217e-05,60,1.08599997,2
793310400010864,126520657,2459019.7072772412,59019.206574099997,19.5022163,0.0890590698,0,zi,226.83021489999999,55.747172499999998,0.630999982,0.0320000015,20200619206574,793,0xa,0x4,21.4799995,26.4952164,0.0239368938,0.185795292,1.47418605e-05,60,1.07500005,2
793310400010864,126629719,2459020.7978613069,59020.297199100001,19.4340096,0.084675312,0,zi,226.83016649999999,55.747186200000002,0.660000026,-0.0340000018,20200620297199,793,0xa,0x4,21.5499992,26.4880104,0.0185015015,0.193665951,8.8845909e-06,60,1.18200004,2
793310400010864,126632233,2459020.8229992506,59020.322337999998,19.4750099,0.0872866809,0,zi,226.8301543,55.747188399999999,0.785000026,-0.0270000007,20200620322338,793,0xa,0x4,21.4200001,26.4860096,0.0175737124,0.18991591,7.90813101e-06,60,1.25300002,2
793310400010864,126717400,2459021.6746338545,59021.174004599998,19.4942322,0.0885355994,0,zi,226.83020070000001,55.747162099999997,0.615999997,-0.0540000014,20200621174005,793,0xa,0x4,21.1599998,26.4962311,0.025442997,0.191887736,1.69895193e-05,60,1.08200002,2
793310400010864,126828136,2459022.7819532137,59022.281365700001,19.4441223,0.085312739,0,zi,226.8301787,55.747169800000002,0.903999984,-0.0520000011,20200622281343,793,0xa,0x4,21.5100002,26.533123,0.0156651717,0.188659236,6.22578136e-06,60,1.15900004,2
793310400010864,126829776,2459022.7983530904,59022.297766199998,19.4346733,0.0847170353,0,zi,226.830229,55.747172399999997,0.546999991,-0.0520000011,20200622297755,793,0xa,0x4,21.4200001,26.537674,0.0148724681,0.192128077,5.72673662e-06,60,1.19700003,2
793310400010864,126926313,2459023.7636870528,59023.263136599999,19.3432045,0.0791446865,0,zi,226.8301759,55.747186499999998,0.853999972,-0.0599999987,20200623263113,793,0xa,0x4,21.3600006,26.5252056,0.015876472,0.191848829,6.532508e-06,60,1.13,2
793310400010864,126928041,2459023.780966497,59023.280416699999,19.4578247,0.0861834288,0,zi,226.83018010000001,55.747156799999999,1.13800001,-0.00300000003,20200623280394,793,0xa,0x4,21.4300003,26.5298252,0.0153011419,0.192607194,6.17787964e-06,60,1.16299999,2
793310400010864,127032287,2459024.823380766,59024.322870399999,19.4624596,0.0864797384,32768,zi,226.83021740000001,55.747130800000001,0.74000001,0.00800000038,20200624322870,793,0xa,0x4,20.6800003,25.8594589,0.0274234358,0.187516272,1.91080617e-05,60,1.29299998,2
793310400010864,127126275,2459025.7632294083,59025.2627546,19.549696,0.0922283381,0,zi,226.83015080000001,55.747152700000001,0.674000025,-0.0680000037,20200625262755,793,0xa,0x4,21.6599998,26.5196953,0.0249258392,0.187124699,1.57056384e-05,60,1.13900006,2
793310400010864,127127626,2459025.7767358935,59025.276261600004,19.4462395,0.0854467377,0,zi,226.8301917,55.747159099999998,0.856999993,-0.0439999998,20200625276250,793,0xa,0x4,21.7199993,26.5452385,0.015588738,0.191104189,5.96972586e-06,60,1.16499996,2
793310400010864,127229974,2459026.8001809069,59026.2997454,19.4294319,0.0843881965,0,zi,226.83017000000001,55.747171600000001,0.684000015,-0.0199999996,20200626299745,793,0xa,0x4,21.5400009,26.5424309,0.0164120514,0.193105072,6.97349651e-06,60,1.23300004,2
793310400010864,127233875,2459026.8391840081,59026.338750000003,19.4872284,0.0880787075,0,zi,226.83014660000001,55.7471575,0.495999992,0.0419999994,20200626338750,793,0xa,0x4,21.5699997,26.5402279,0.0166713111,0.193468004,6.98717304e-06,60,1.38300002,2
793310400010864,127330098,2459027.801381351,59027.3009838,19.495369,0.0886099935,0,zi,226.83013510000001,55.747170099999998,1.32599998,0.00300000003,20200627300984,793,0xa,0x4,21.4200001,26.4133682,0.0154927867,0.193466499,6.44149577e-06,60,1.245,2
793310400010864,127331885,2459027.8192510679,59027.318854199999,19.5012989,0.0889987499,0,zi,226.83022729999999,55.747172499999998,0.966000021,-0.0430000015,20200627318796,793,0xa,0x4,21.3099995,26.4172993,0.0149755655,0.192230806,5.68232326e-06,60,1.30900002,2
793310400010864,127427706,2459028.7774207527,59028.277060200002,19.4058018,0.0829202086,0,zi,226.83015839999999,55.747181300000001,0.518000007,0.00400000019,20200628277049,793,0xa,0x4,21.1000004,26.4608021,0.0151888803,0.19332251,6.11033965e-06,60,1.18599999,2
793310400010864,127429561,2459028.7959732451,59028.295613399998,19.4406509,0.0850934386,0,zi,226.8302735,55.747189300000002,0.800000012,0.0280000009,20200628295602,793,0xa,0x4,20.8700008,26.4606514,0.0168729108,0.193182573,7.32717035e-06,60,1.23699999,2
793310400010864,127517378,2459029.6741112708,59029.173784699997,19.5171356,0.0900444612,0,zi,226.83018989999999,55.747217200000001,0.723999977,-0.063000001,20200629173681,793,0xa,0x4,20.1700001,26.5191345,0.0208088644,0.199230656,1.1260543e-05,60,1.07500005,2
793310400010864,127519909,2459029.6994228116,59029.199097199999,19.5204964,0.0902677551,0,zi,226.83021389999999,55.747222999999998,0.611999989,-0.00300000003,20200629199086,793,0xa,0x4,20.5100002,26.4954967,0.0176535901,0.192672968,8.10290931e-06,60,1.08000004,2
793310400010864,127726075,2459031.7609997778,59031.260752299997,19.4080391,0.0830581337,0,zi,226.83017939999999,55.747186900000003,0.884000003,0.00499999989,20200701260752,793,0xa,0x4,21.2700005,26.4770393,0.0212437548,0.189766124,1.12574307e-05,60,1.16700006,2
793310400010864,127727981,2459031.7800615509,59031.2798148,19.5187531,0.0901518837,0,zi,226.83021160000001,55.747169399999997,0.549000025,-0.0189999994,20200701279815,793,0xa,0x4,21.1900005,26.4827538,0.0189127289,0.192790061,9.49811965e-06,60,1.21500003,2
793310400010864,127825972,2459032.7599318707,59032.259722199997,19.4004154,0.0825888366,0,zi,226.83023,55.747166,0.598999977,-0.0350000001,20200702259722,793,0xa,0x4,21.1599998,26.5264149,0.0181276184,0.189288884,8.45998966e-06,60,1.171,2
793310400010864,127827869,2459032.7789010433,59032.278692100001,19.4124336,0.0833298117,0,zi,226.83018190000001,55.747163299999997,0.488999993,-0.0219999999,20200702278681,793,0xa,0x4,21.1599998,26.5334339,0.018028073,0.189884633,8.20637979e-06,60,1.21899998,2
793310400010864,127926317,2459033.7633430306,59033.263171300001,19.3065987,0.0770123005,0,zi,226.8302487,55.747178900000002,0.533999979,0.0379999988,20200703263160,793,0xa,0x4,21.2600002,26.5515976,0.0200676061,0.191053346,1.06093657e-05,60,1.18599999,2
793310400010864,127927437,2459033.7745462987,59033.274375000001,19.4163303,0.0835713819,0,zi,226.83017530000001,55.747188600000001,1.07099998,0.103,20200703274375,793,0xa,0x4,21.1100006,26.5483303,0.0155500742,0.186462626,6.27878444e-06,60,1.21500003,2
793310400010864,128025619,2459034.7563263397,59034.256192100001,19.3764668,0.0811304972,0,zi,226.83022299999999,55.747147900000002,0.485000014,-0.0560000017,20200704256181,793,0xa,0x4,20.75,26.5004673,0.0253042672,0.186897099,1.6574184e-05,60,1.176,2
793310400010864,128027555,2459034.7756890962,59034.275555599997,19.4074306,0.0830206126,0,zi,226.830152,55.747178099999999,1.27499998,-0.162,20200704275556,793,0xa,0x4,21,26.5054302,0.0211524814,0.191115066,1.11927502e-05,60,1.22599995,2
793310400010864,128123811,2459035.7382106287,59035.238113400002,19.4461231,0.0854394212,0,zi,226.83023220000001,55.747173099999998,1.00999999,0.0890000015,20200705238113,793,0xa,0x4,20.9400005,26.533123,0.0164068025,0.187147021,6.81308802e-06,60,1.14400005,2
793310400010864,128125598,2459035.756080349,59035.255983800002,19.3875141,0.0818002373,0,zi,226.8301975,55.747152100000001,0.999000013,-0.214000002,20200705255984,793,0xa,0x4,20.4099998,26.5185146,0.021653343,0.197890788,1.23932768e-05,60,1.18099999,2
793310400010864,128230069,2459036.80075162,59036.300694400001,19.4319859,0.0845482424,0,zi,226.8302042,55.747154399999999,0.802999973,0.023,20200706300683,793,0xa,0x4,20.75,26.528986,0.0175498668,0.191347167,8.02373415e-06,60,1.33500004,2
793310400010864,128231656,2459036.8166191131,59036.316562499997,19.3681526,0.0806297809,0,zi,226.8301793,55.747158200000001,0.349000007,-0.0280000009,20200706316562,793,0xa,0x4,20.9200001,26.527153,0.0171698928,0.190056622,7.29326121e-06,60,1.40799999,2
793310400010864,128328527,2459037.785298055,59037.285277800001,19.4685116,0.0868679583,0,zi,226.8301199,55.747201099999998,1.07099998,-0.0240000002,20200707285278,793,0xa,0x4,21.0699997,26.5265121,0.0170979761,0.187767193,7.3789206e-06,60,1.28499997,2
793310400010864,128329679,2459037.7968138219,59037.296794000002,19.5025063,0.089078106,0,zi,226.83016280000001,55.747152800000002,0.971000016,0.153999999,20200707296782,793,0xa,0x4,20.9300003,26.5255051,0.0173092838,0.195126206,7.74611181e-06,60,1.33000004,2
793310400010864,128430372,2459038.8037090036,59038.303726899998,19.2900867,0.0760684311,0,zi,226.83018759999999,55.747169900000003,0.508000016,-0.063000001,20200708303715,793,0xa,0x4,20.9500008,26.5390873,0.0166336838,0.193157449,7.02336411e-06,60,1.37199998,2
793310400010864,128431782,2459038.8178056637,59038.317824099999,19.3984489,0.0824682191,0,zi,226.830117,55.747183200000002,0.474000007,-0.0790000036,20200708317824,793,0xa,0x4,20.8899994,26.5324497,0.0160095301,0.189862683,6.43319299e-06,60,1.44299996,2
793310400010864,128527960,2459039.7795521622,59039.2796065,19.3610821,0.0802062824,0,zi,226.8301932,55.747162600000003,1.16400003,-0.105999999,20200709279606,793,0xa,0x4,21.2099991,26.5450821,0.0154431369,0.193483144,6.19333514e-06,60,1.28400004,2
793310400010864,128529900,2459039.7989495299,59039.299004599998,19.3955326,0.0822895393,0,zi,226.83023230000001,55.747159500000002,0.992999971,-0.156000003,20200709299005,793,0xa,0x4,21.2000008,26.5335331,0.0181665011,0.19091332,8.16472584e-06,60,1.36300004,2
793310400010864,128630030,2459040.8002085323,59040.300300900002,19.4166012,0.0835881829,0,zi,226.8301884,55.747179600000003,0.981999993,-0.112000003,20200710300301,793,0xa,0x4,21.2700005,26.4886017,0.0177717078,0.195102677,8.14265422e-06,60,1.38199997,2
793310400010864,128632465,2459040.8245595098,59040.324652800002,19.350296,0.0795642138,0,zi,226.8301318,55.747165299999999,0.893000007,0.0209999997,20200710324641,793,0xa,0x4,21.1399994,26.4702969,0.018239595,0.189159542,8.13971656e-06,60,1.51400006,2
793310400010864,128717348,2459041.6733590518,59041.173483799997,19.5515747,0.0923557431,0,zi,226.83015270000001,55.747186599999999,0.588,-0.0350000001,20200711173461,793,0xa,0x4,21.1000004,26.4605751,0.0164603591,0.19139193,7.113008e-06,60,1.08399999,2
793310400010864,128734057,2459041.8404476894,59041.340578700001,19.3842888,0.081604138,0,zi,226.83019669999999,55.747157799999997,0.735000014,-0.0680000037,20200711340532,793,0xa,0x4,21.2199993,26.3792877,0.0209378079,0.193902314,1.05433965e-05,60,1.64300001,2
793310400010864,128825790,2459042.7577402,59042.257905099999,19.4824448,0.0877678394,0,zi,226.8301816,55.747156799999999,0.670000017,0.0270000007,20200712257882,793,0xa,0x4,21.3099995,26.4464455,0.0161314607,0.194557846,6.76257105e-06,60,1.23899996,2
793310400010864,128827645,2459042.776292704,59042.276458300003,19.5067825,0.0893596113,0,zi,226.8301774,55.747176899999999,0.959999979,-0.023,20200712276458,793,0xa,0x4,21.4699993,26.441782,0.0204214677,0.192275584,1.03426428e-05,60,1.30299997,2
793310400010864,128917719,2459043.677000334,59043.177199099999,19.4576626,0.0861730799,0,zi,226.83018849999999,55.747164400000003,0.734000027,0.0179999992,20200713177199,793,0xa,0x4,21.3700008,26.4686623,0.0299431495,0.192736417,2.35913485e-05,60,1.09099996,2
793310400010864,128929894,2459043.7987435064,59043.298946800001,19.3406029,0.0789913461,0,zi,226.83018469999999,55.747177000000001,0.667999983,0.0460000001,20200713298947,793,0xa,0x4,21.5400009,26.4626026,0.0197002888,0.195343509,9.55398264e-06,60,1.41499996,2
793310400010864,129025658,2459044.7563471776,59044.2565856,19.3684311,0.0806465372,0,zi,226.8301774,55.747168899999998,0.856000006,-0.00400000019,20200714256586,793,0xa,0x4,21.2099991,26.4944305,0.0159837473,0.190638348,6.14821511e-06,60,1.25199997,2
793310400010864,129027872,2459044.7784876553,59044.278726899996,19.375473,0.0810704827,0,zi,226.83019039999999,55.747170599999997,0.365999997,-0.0390000008,20200714278715,793,0xa,0x4,21.3600006,26.4914742,0.0169687998,0.192848936,7.13919326e-06,60,1.33399999,2
793310400010864,129117577,2459045.6755035031,59045.1757755,19.3361702,0.0787306204,0,zi,226.83016839999999,55.747160000000001,1.03299999,0.131999999,20200715175764,793,0xa,0x4,21.5,26.5351696,0.0206754748,0.185081348,1.12164562e-05,60,1.09500003,2
793310400010864,129129789,2459045.7976169991,59045.297893499999,19.4337292,0.0846577138,0,zi,226.83015839999999,55.7471593,0.691999972,0,20200715297894,793,0xa,0x4,21.3400002,26.5027294,0.01727104,0.19406493,7.58080159e-06,60,1.43799996,2
793310400010864,129230413,2459046.8038188019,59046.304131899997,19.3685951,0.0806563422,0,zi,226.83021869999999,55.747177100000002,0.524999976,0.050999999,20200716304120,793,0xa,0x4,21.2700005,26.5035954,0.0197812933,0.193953127,9.60952457e-06,60,1.48899996,2
793310400010864,129232458,2459046.8242694419,59046.324583299996,19.3115349,0.077296637,0,zi,226.8301271,55.747184500000003,0.381999999,0.0149999997,20200716324572,793,0xa,0x4,21.1499996,26.4955349,0.018442221,0.193165123,8.31512443e-06,60,1.625,2
793310400010864,129317795,2459047.6776067279,59047.177951400001,19.3910942,0.0820183679,0,zi,226.83019150000001,55.747161900000002,0.407000005,-0.00700000022,20200717177951,793,0xa,0x4,21.6900005,26.5070934,0.0215973482,0.188066185,1.18088501e-05,60,1.10300004,2
793310400010864,129431288,2459048.8124963054,59048.312881899998,19.447403,0.0855204612,0,zi,226.83016749999999,55.747172300000003,0.446999997,-0.0120000001,20200718312824,793,0xa,0x4,21.5,26.5154018,0.0210045446,0.188386723,1.13615788e-05,60,1.58000004,2
793310400010864,129432383,2459048.8234450039,59048.323831000002,19.4769554,0.0874123722,0,zi,226.83013969999999,55.747165199999998,0.611000001,-0.0340000018,20200718323819,793,0xa,0x4,21.4300003,26.4949551,0.0177795459,0.190518245,7.87829867e-06,60,1.66199994,2
793310400010864,129526371,2459049.7632957082,59049.263715300003,19.3196945,0.0777688622,0,zi,226.83019239999999,55.747184099999998,0.469000012,0.00600000005,20200719263704,793,0xa,0x4,21.5400009,26.5056953,0.0160333291,0.194245175,6.74222429e-06,60,1.32799995,2
793310400010864,129528207,2459049.7816515439,59049.2820718,19.485508,0.0879668072,0,zi,226.83022360000001,55.7471934,0.675000012,-0.057,20200719282072,793,0xa,0x4,21.4099998,26.5005074,0.0158813521,0.194530427,6.36885579e-06,60,1.41299999,2
793310400010864,129632443,2459050.8239755402,59050.324432900001,19.4273224,0.0842561573,0,zi,226.83018490000001,55.7472025,1.15999997,0.179000005,20200720324421,793,0xa,0x4,21.0699997,26.4893227,0.0185864512,0.193820268,8.56760471e-06,60,1.71099997,2
793310400010864,129634281,2459050.8423544769,59050.342812499999,19.3260155,0.0781365111,0,zi,226.8301845,55.747171999999999,0.552999973,-0.0500000007,20200720342812,793,0xa,0x4,21.2099991,26.4780159,0.0161992051,0.192487642,6.4593155e-06,60,1.88499999,2
793310400010864,129725849,2459051.7580050733,59051.258495399998,19.4197788,0.0837856159,0,zi,226.8302099,55.747155900000003,0.848999977,0.00499999989,20200721258495,793,0xa,0x4,21.3099995,26.4727783,0.0172078516,0.197921142,7.65290952e-06,60,1.329,2
793310400010864,129727732,2459051.7768353997,59051.277326399999,19.4626236,0.0864901841,0,zi,226.83023059999999,55.747163200000003,0.563000023,0.0460000001,20200721277326,793,0xa,0x4,21.3400002,26.4736233,0.0209294595,0.191372514,1.08055783e-05,60,1.41600001,2
793310400010864,129819939,2459052.6988747562,59052.199398099998,19.4799709,0.0876074657,0,zi,226.83018920000001,55.747161499999997,0.676999986,-0.0390000008,20200722199398,793,0xa,0x4,21.2800007,26.5159702,0.0162992682,0.195465162,6.81180518e-06,60,1.15900004,2
793310400010864,129834387,2459052.8433488188,59052.343877300002,19.3899536,0.0819488019,0,zi,226.83021020000001,55.747178900000002,1.24100006,-0.0820000023,20200722343831,793,0xa,0x4,21.2900009,26.4909534,0.025257092,0.192319885,1.61027874e-05,60,1.95700002,2
793310400010864,129927637,2459053.7758163684,59053.276377299997,19.3964996,0.0823487118,0,zi,226.83020310000001,55.747169900000003,0.949000001,0.0149999997,20200723276366,793,0xa,0x4,21.5499992,26.5294991,0.020279821,0.186989307,1.01494006e-05,60,1.44000006,2
793310400010864,130029918,2459054.7985934676,59054.299189799996,19.4262905,0.0841916949,0,zi,226.83015510000001,55.747195499999997,0.662999988,0.0329999998,20200724299190,793,0xa,0x4,21.0699997,26.4962902,0.0170108527,0.190162063,7.13096142e-06,60,1.59899998,2
793310400010864,130031697,2459054.8163822424,59054.316979199997,19.5152302,0.0899181068,0,zi,226.83013320000001,55.747168500000001,0.574000001,0.0179999992,20200724316979,793,0xa,0x4,21.1499996,26.49123,0.016765235,0.189608261,6.9721159e-06,60,1.74100006,2
793310400010864,130125959,2459055.7589656287,59055.259594900002,19.4279175,0.0842934325,0,zi,226.83018390000001,55.747175900000002,0.49000001,0.0390000008,20200725259595,793,0xa,0x4,21.4699993,26.499918,0.0174691807,0.189954087,8.06254957e-06,60,1.38300002,2
793310400010864,130127603,2459055.7754002581,59055.276030100002,19.4065418,0.0829657689,0,zi,226.8302071,55.747182600000002,1.05900002,-0.0689999983,20200725276030,793,0xa,0x4,21.4400005,26.4945412,0.020509487,0.18940106,1.0386666e-05,60,1.46800005,2
793310400010864,130230127,2459056.8006083439,59056.301273099998,19.3196926,0.0777687207,0,zi,226.830251,55.747152,1.20899999,-0.137999997,20200726301273,793,0xa,0x4,20.6299992,26.4796925,0.0272551496,0.196487695,1.81267606e-05,60,1.65600002,2
793310400010864,130232726,2459056.8266028324,59056.327268499997,19.4324532,0.0845775679,0,zi,226.83012719999999,55.747324900000002,1.22599995,-0.105999999,20200726327257,793,0xa,0x4,20.2199993,26.4614525,0.0377580076,0.191887006,3.5660225e-05,60,1.89400005,2
793310400010864,130327635,2459057.7756565479,59057.276354200003,19.4002552,0.0825790316,0,zi,226.8301993,55.7471581,0.469999999,0.00300000003,20200727276354,793,0xa,0x4,21.3899994,26.4762554,0.0168213882,0.192551658,7.3117285e-06,60,1.50199997,2
793310400010864,130330000,2459057.7993015335,59057.300000000003,19.4590302,0.0862603858,0,zi,226.83014,55.747183499999998,0.809000015,-0.0500000007,20200727300000,793,0xa,0x4,21.25,26.4700298,0.0165182874,0.198422864,6.89987928e-06,60,1.66700006,2
793310400010864,130520024,2459059.6994813997,59059.2002431,19.4307671,0.0844718516,0,zi,226.83020550000001,55.747166300000004,0.560000002,-0.00700000022,20200729200243,793,0xa,0x4,21.3500004,26.5347672,0.0228110459,0.188849285,1.37832276e-05,60,1.20599997,2
793310400010864,130524605,2459059.7452899613,59059.246053199997,19.2731056,0.0751092955,0,zi,226.83015320000001,55.747175599999998,1.01499999,0.119000003,20200729246030,793,0xa,0x4,21.1000004,26.5421066,0.0171766505,0.192964211,7.43988994e-06,60,1.37100005,2
793310400010864,130624383,2459060.7430349998,59060.243831,19.421793,0.0839110538,0,zi,226.83023069999999,55.747204199999999,0.326000005,-0.057,20200730243831,793,0xa,0x4,21.1100006,26.4977932,0.0224636514,0.193510965,1.253349e-05,60,1.37300003,2
793310400010864,130626350,2459060.7627102453,59060.263506900003,19.3957024,0.0822999701,0,zi,226.83022,55.747178900000002,1.22099996,-0.155000001,20200730263495,793,0xa,0x4,21.0100002,26.4817028,0.0164334718,0.19023113,6.68560278e-06,60,1.47500002,2
793310400010864,130719430,2459061.6934787105,59061.194305600002,19.376688,0.0811438188,0,zi,226.8301707,55.747187599999997,0.639999986,-0.0469999984,20200731194306,793,0xa,0x4,21.1599998,26.4886875,0.0190395955,0.190668583,9.13011081e-06,60,1.20500004,2
793310400010864,130721307,2459061.7122511943,59061.213078699999,19.4529133,0.0858704373,0,zi,226.83017190000001,55.747187199999999,0.675999999,0.0240000002,20200731213032,793,0xa,0x4,21.1399994,26.4599133,0.0184317585,0.189663172,8.4116391e-06,60,1.26199996,2
793310400010864,130827650,2459062.7756428365,59062.276504599999,19.4631615,0.0865246281,0,zi,226.83018100000001,55.747153599999997,0.40200001,0.0299999993,20200801276505,793,0xa,0x4,20.6200008,26.4561615,0.0190787073,0.196300954,8.91366653e-06,60,1.59300005,2
793310400010864,130919891,2459063.6980209127,59063.198912,19.391777,0.0820600465,0,zi,226.83021289999999,55.747127399999997,0.495000005,0.00800000038,20200802198912,793,0xa,0x4,21,26.5067768,0.0224773493,0.191212445,1.21679241e-05,60,1.23399997,2
793310400010864,130921548,2459063.7145944797,59063.215486100002,19.3721523,0.0808702707,0,zi,226.83022869999999,55.747167099999999,0.381999999,0.0299999993,20200802215486,793,0xa,0x4,21.0599995,26.501152,0.0238840673,0.185966119,1.37222323e-05,60,1.28900003,2
793310400010864,131024090,2459064.7399788694,59064.240902799997,19.3439541,0.0791889504,0,zi,226.83020759999999,55.747127499999998,0.976000011,-0.0160000008,20200803240880,793,0xa,0x4,20.5900002,26.5009537,0.0164049827,0.193610996,6.59767875e-06,60,1.41199994,2
793310400010864,131025875,2459064.7578254989,59064.258750000001,19.3412056,0.0790268034,0,zi,226.8302147,55.747180899999996,0.991999984,0.0109999999,20200803258738,793,0xa,0x4,20.6399994,26.4652061,0.0176595245,0.188929245,7.75252192e-06,60,1.51199996,2
793310400010864,131127804,2459065.777087762,59065.278043999999,19.4242115,0.0840618536,0,zi,226.83022389999999,55.747236899999997,0.368999988,-0.0340000018,20200804278044,793,0xa,0x4,20.3500004,26.4592113,0.0204890631,0.195149004,1.0114526e-05,60,1.66700006,2
793310400010864,131129672,2459065.7957676775,59065.296724500004,19.3707047,0.0807831734,0,zi,226.83030780000001,55.747136099999999,1.08099997,-0.186000004,20200804296725,793,0xa,0x4,20.0900002,26.4537048,0.0220953971,0.196948722,1.24388125e-05,60,1.83299994,2
793310400010864,131225535,2459066.754372519,59066.255358800001,19.3047028,0.0769033805,0,zi,226.83022439999999,55.747169399999997,0.713,-0.0759999976,20200805255347,793,0xa,0x4,20.8999996,26.5027027,0.0180369578,0.194103152,8.14562372e-06,60,1.52499998,2
793310400010864,131228376,2459066.7827744293,59066.283761600003,19.4821434,0.0877483413,0,zi,226.83018240000001,55.747157700000002,0.870000005,0.0350000001,20200805283750,793,0xa,0x4,20.8799992,26.4761429,0.0181274172,0.192103088,7.99879399e-06,60,1.73699999,2
793310400010864,131323877,2459067.7377569424,59067.238773099998,19.4015541,0.0826587677,0,zi,226.83020819999999,55.747176699999997,0.577000022,-0.0149999997,20200806238773,793,0xa,0x4,21.2700005,26.5135536,0.0174821652,0.191429213,7.62582022e-06,60,1.44299996,2
793310400010864,131326482,2459067.7638094365,59067.264826400002,19.343956,0.0791890919,0,zi,226.8301639,55.747163200000003,0.319000006,-0.0350000001,20200806264826,793,0xa,0x4,21.1200008,26.501955,0.0182522796,0.186510071,8.19829165e-06,60,1.60800004,2
793310400010864,131428187,2459068.7808275162,59068.281875000001,19.4682007,0.0868480355,0,zi,226.83015370000001,55.747162299999999,0.795000017,-0.179000005,20200807281875,793,0xa,0x4,20.9699993,26.5002003,0.0162515994,0.193479896,6.52032941e-06,60,1.76900005,2
793310400010864,131430228,2459068.801231998,59068.302280099997,19.3240166,0.0780200437,0,zi,226.83023539999999,55.747182299999999,0.781000018,0.0719999969,20200807302280,793,0xa,0x4,20.7800007,26.5010166,0.0164277572,0.19677183,6.78443575e-06,60,1.98099995,2
793310400010864,131526302,2459069.7619442823,59069.263020799997,19.4220104,0.0839245692,0,zi,226.8301683,55.7471605,0.550000012,-0.0659999996,20200808263021,793,0xa,0x4,21.3799992,26.5050106,0.0190909114,0.18889454,9.27601832e-06,60,1.63499999,2
793310400010864,131528800,2459069.7869320312,59069.288009299999,19.5007076,0.08895991,0,zi,226.8301836,55.747177800000003,1.21599996,-0.0879999995,20200808287986,793,0xa,0x4,21.1000004,26.4997082,0.0159038808,0.193071768,6.24417362e-06,60,1.85500002,2
793310400010864,131626166,2459070.7605610145,59070.261666699997,19.3760796,0.0811071098,0,zi,226.83019279999999,55.7471794,1.13199997,-0.0410000011,20200809261667,793,0xa,0x4,21.2700005,26.5230789,0.0250032805,0.185797349,1.55095368e-05,60,1.64499998,2
793310400010864,131725668,2459071.7555554584,59071.2566898,19.5002956,0.0889329165,0,zi,226.8301744,55.747183300000003,0.625999987,0.0489999987,20200810256678,793,0xa,0x4,21.1800003,26.4942951,0.0162995961,0.191794127,6.92503863e-06,60,1.62800002,2
793310400010864,131727945,2459071.7783209933,59071.279455999997,19.4138908,0.0834200382,0,zi,226.8302012,55.747195099999999,0.717000008,0.0439999998,20200810279456,793,0xa,0x4,20.9899998,26.4938908,0.0208836272,0.193660349,1.08666136e-05,60,1.824,2
793310400010864,131826707,2459072.7659087759,59072.267071800001,19.383709,0.0815689787,0,zi,226.83021909999999,55.7471672,0.708999991,-0.0379999988,20200811267072,793,0xa,0x4,21.1900005,26.4417095,0.0167023204,0.198405296,6.89815215e-06,60,1.73500001,2
793310400010864,131828072,2459072.779565779,59072.2807292,19.5272369,0.0907171145,0,zi,226.8301735,55.747175300000002,0.280000001,0.0179999992,20200811280729,793,0xa,0x4,21.0799999,26.4292374,0.0160780381,0.198405758,6.71157295e-06,60,1.86399996,2
793310400010864,131926186,2459073.7606725665,59073.261863400003,19.4325809,0.0845856369,0,zi,226.83017760000001,55.747186999999997,0.727999985,-0.0500000007,20200812261863,793,0xa,0x4,21.3899994,26.477581,0.0215690527,0.192063019,1.18973085e-05,60,1.71300006,2
793310400010864,131928328,2459073.7820955599,59073.283286999998,19.3353882,0.07868471,0,zi,226.83022940000001,55.747181500000003,1.46200001,0.0109999999,20200812283275,793,0xa,0x4,21.1100006,26.4823875,0.0167528372,0.195176348,6.97321593e-06,60,1.91999996,2
793310400010864,132126748,2459075.766242811,59075.267488400001,19.4051857,0.0828822404,0,zi,226.83018770000001,55.747149399999998,0.409000009,0.0370000005,20200814267488,793,0xa,0x4,21.2099991,26.3551846,0.0324376039,0.191101044,2.66120387e-05,60,1.81400001,2
793310400010864,132224049,2459076.7392262165,59076.240497699997,19.42766,0.0842773244,32768,zi,226.83015499999999,55.747191600000001,0.908999979,-0.0410000011,20200815240486,793,0xa,0x4,20.5599995,25.7916603,0.0947658867,0.179852828,0.000233364743,60,1.60899997,2
793310400010864,132319490,2459077.6936109546,59077.1949074,19.3702641,0.0807566494,0,zi,226.8301854,55.7471338,0.178000003,0.00800000038,20200816194907,793,0xa,0x4,21.4200001,26.3532639,0.0274522565,0.188419953,1.90081973e-05,60,1.36199999,2
793310400010864,132524575,2459079.7444035737,59079.245752299998,19.4519386,0.0858084187,0,zi,226.83015739999999,55.747187400000001,0.797999978,0.0549999997,20200818245741,793,0xa,0x4,21.2000008,26.3219395,0.0171406623,0.199777424,7.44334648e-06,60,1.71599996,2
793310400010864,132526269,2459079.7613476394,59079.262696799997,19.4539375,0.0859356076,0,zi,226.83017369999999,55.747161499999997,1.255,-0.143000007,20200818262697,793,0xa,0x4,21.3199997,26.3239365,0.0209237132,0.194577619,1.12291345e-05,60,1.875,2
793310400010864,132624282,2459080.7414507093,59080.242824100002,19.342289,0.0790906921,0,zi,226.8301534,55.747157199999997,0.990999997,-0.0799999982,20200819242824,793,0xa,0x4,21.0400009,26.2982883,0.0186792258,0.19381617,8.85599911e-06,60,1.71399999,2
793310400010864,132626611,2459080.7647371222,59080.266111099998,19.4568634,0.086122036,0,zi,226.83014270000001,55.747163299999997,0.894999981,-0.0340000018,20200819266111,793,0xa,0x4,20.8500004,26.2738628,0.0200561658,0.197522551,9.97656753e-06,60,1.94200003,2
793310400010864,132716131,2459081.659923777,59081.161319400002,19.4879456,0.0881254375,0,zi,226.83023779999999,55.747171999999999,1.01199996,-0.0909999982,20200820161319,793,0xa,0x4,21.1599998,26.3149452,0.0198045541,0.191671371,1.00051502e-05,60,1.27100003,2
793310400010864,132726134,2459081.7599445167,59081.261342600003,19.4069786,0.08299274,0,zi,226.83031639999999,55.7471824,0.648999989,-0.0179999992,20200820261343,793,0xa,0x4,20.6399994,26.2859783,0.022227617,0.19256027,1.22238089e-05,60,1.91900003,2
793310400010864,132822777,2459082.7263567899,59082.227777799999,19.2929611,0.0762319267,0,zi,226.83019179999999,55.747140299999998,0.851999998,-0.0520000011,20200821227778,793,0xa,0x4,21.0300007,26.2439613,0.0173853766,0.197688922,7.71056148e-06,60,1.63699996,2
793310400010864,132824450,2459082.7430808856,59082.244502299996,19.396946,0.0823761001,0,zi,226.8301941,55.747173799999999,0.469000012,-0.0340000018,20200821244502,793,0xa,0x4,20.9099998,26.224947,0.0216381196,0.194646835,1.15215489e-05,60,1.77699995,2
793310400010864,133024012,2459084.7386600473,59084.2401273,19.4307365,0.084469907,0,zi,226.83024979999999,55.747141499999998,0.363999993,-0.023,20200823239977,793,0xa,0x4,21.0599995,26.2977371,0.0224850308,0.1969354,1.24801991e-05,60,1.78600001,2
793310400010864,133114326,2459085.641776639,59085.143263899998,19.5023575,0.0890683159,0,zi,226.83019279999999,55.747160100000002,0.801999986,0.0410000011,20200824143264,793,0xa,0x4,20.5900002,26.4623585,0.0195194762,0.193460792,9.87211843e-06,60,1.24800003,2
793310400010864,133319456,2459087.6930289473,59087.194560199998,19.3310699,0.0784317106,0,zi,226.83015879999999,55.7471648,0.558000028,-0.0759999976,20200826194549,793,0xa,0x4,20.6800003,26.3790703,0.0182340071,0.193153158,8.22610673e-06,60,1.50300002,2
793310400010864,133321631,2459087.7147876797,59087.216319400002,19.5492783,0.0921999812,0,zi,226.83017989999999,55.747156199999999,0.967000008,0.123000003,20200826216319,793,0xa,0x4,21,26.3292789,0.0231863186,0.190762579,1.28755182e-05,60,1.65400004,2
793310400010864,133516120,2459089.659632457,59089.161203700001,19.2965851,0.0764385462,0,zi,226.8301645,55.747182700000003,0.879999995,-0.023,20200828161204,793,0xa,0x4,20.9500008,26.3965855,0.01634272,0.193270668,7.14865018e-06,60,1.35699999,2
793310400010864,133519508,2459089.6935090693,59089.195080999998,19.4277248,0.0842813551,0,zi,226.83024409999999,55.747140899999998,0.958000004,-0.152999997,20200828195058,793,0xa,0x4,20.8500004,26.3647251,0.0244660806,0.193083093,1.60530271e-05,60,1.54100001,2
793310400010864,133714328,2459091.6416775994,59091.143286999999,19.3226719,0.0779418051,0,zi,226.83020690000001,55.747163899999997,0.672999978,0.0599999987,20200830143287,793,0xa,0x4,21.1299992,26.5246716,0.0161329657,0.191431612,6.99789462e-06,60,1.30499995,2
793310400010864,133715467,2459091.6530662798,59091.154675899998,19.4704208,0.0869908035,0,zi,226.83018910000001,55.747189300000002,0.74000001,-0.0170000009,20200830154676,793,0xa,0x4,21.1299992,26.5354214,0.0157252196,0.189276934,6.61809327e-06,60,1.35300004,2
793310400010864,143554043,2459190.0397684015,59189.540439800003,19.5421829,0.0917203426,0,zi,226.8301184,55.747245700000001,1.09500003,0.0839999989,20201206540428,793,0xa,0x4,20.5799999,25.6841831,0.0218414199,0.193462878,1.23292684e-05,30,1.648,2
793310400010864,145054730,2459205.0471991943,59204.547303200001,19.4350853,0.0847428739,0,zi,226.8301725,55.747167099999999,0.574999988,0.0170000009,20201221547211,793,0xa,0x4,21.0599995,25.767086,0.0196197815,0.192160323,9.629749e-06,30,1.36300004,2
793310400010864,146350930,2459218.0097084008,59217.509305599997,19.5248528,0.0905579701,0,zi,226.83020569999999,55.747183700000001,0.356999993,0.0480000004,20210103509306,793,0xa,0x4,20.4699993,25.6078529,0.0219823793,0.191738799,1.22205702e-05,30,1.375,2
793310400010864,147046686,2459224.9675351004,59224.466863399997,19.3054428,0.0769458264,0,zi,226.83026989999999,55.747118999999998,0.537999988,0.0930000022,20210110466863,793,0xa,0x4,19.7399998,25.7094421,0.0284509826,0.195255563,2.04541648e-05,30,1.49800003,2
793310400010864,147353315,2459228.0339478669,59227.533159699997,19.3825855,0.0815007687,0,zi,226.8301812,55.747201400000002,0.662999988,-0.0149999997,20210113533148,793,0xa,0x4,20.5300007,25.6605854,0.0195573159,0.199067801,9.73446276e-06,30,1.19500005,2
793310400010864,147652129,2459231.0221961727,59230.521296300001,19.4715328,0.0870624334,0,zi,226.83012199999999,55.747132499999999,1.00899994,0.0810000002,20210116521076,793,0xa,0x4,20.9599991,25.7815323,0.020776391,0.190364465,1.06444732e-05,30,1.20500004,2
793310400010864,149547277,2459249.9743266287,59249.472777800001,19.5788326,0.0942212269,0,zi,226.8302309,55.747298499999999,1.06299996,-0.075000003,20210204472778,793,0xa,0x4,20.0499992,25.7878323,0.0286991,0.19009608,2.13830663e-05,30,1.19599998,2
793310400010864,149834223,2459252.8438692568,59252.342233800002,19.5517502,0.0923676342,0,zi,226.8302012,55.747198300000001,0.94599998,-0.0729999989,20210207342234,793,0xa,0x4,20.9799995,25.7477512,0.0207363069,0.19545792,1.10953961e-05,30,1.88499999,2
793310400010864,150151015,2459256.0118774665,59255.510150499998,19.710619,0.103691764,0,zi,226.83014879999999,55.747160399999999,0.474999994,0.0179999992,20210210510139,793,0xa,0x4,21.1299992,25.7876186,0.0218255688,0.190197095,1.23937562e-05,30,1.10099995,2
793310400010864,150838954,2459262.8914570706,59262.389548599996,19.7684822,0.108083755,0,zi,226.83002590000001,55.747209699999999,1.125,-0.254000008,20210217389549,793,0xa,0x4,20.4599991,25.7524834,0.0186039526,0.192074895,8.78129686e-06,30,1.36000001,2
793310400010864,151134353,2459265.8455088479,59265.343530099999,19.5802536,0.0943193585,0,zi,226.8303411,55.747273300000003,1.24199998,0.0460000001,20210220343530,793,0xa,0x4,20.3799992,25.7582531,0.0230392069,0.196409136,1.38437572e-05,30,1.57099998,2
793310400010864,151440128,2459268.9033311945,59268.401284699998,19.6778908,0.101270288,0,zi,226.83017520000001,55.747161699999999,1.00100005,-0.126000002,20210223401285,793,0xa,0x4,20.9899998,25.7908897,0.0229698457,0.194792479,1.38211717e-05,30,1.25199997,2
793310400010864,151735236,2459271.854467825,59271.352361099998,19.6633358,0.100208163,0,zi,226.8306345,55.746922400000003,1.09200001,-0.367000014,20210226352361,793,0xa,0x4,19.7900009,25.7603359,0.0276576709,0.193238869,1.9896419e-05,30,1.421,2
793310400010864,152246844,2459276.9706482319,59276.468449100001,19.5101662,0.0895829722,0,zi,226.83015810000001,55.747202000000001,0.418000013,-0.075000003,20210303468449,793,0xa,0x4,20.7999992,25.7711658,0.0179477073,0.19121407,8.16111969e-06,30,1.08700001,2
793310400010864,152634733,2459280.8495964669,59280.347338,19.5639362,0.0931977481,0,zi,226.83023979999999,55.747102300000002,0.550000012,-0.101999998,20210307347326,793,0xa,0x4,20.6100006,25.6959362,0.020710947,0.191638812,1.07688584e-05,30,1.33099997,2
793310400010864,153645334,2459290.9557129522,59290.453344900001,19.6632462,0.100201666,0,zi,226.83025050000001,55.747166700000001,0.675999999,-0.135000005,20210317453345,793,0xa,0x4,21.0799999,25.7862453,0.0215770826,0.183423579,1.14809491e-05,30,1.07700002,2
793310400010864,154136864,2459295.8710428295,59295.368645800001,19.8797302,0.116915524,0,zi,226.83027609999999,55.747190000000003,0.575999975,0.144999996,20210322368646,793,0xa,0x4,20.7299995,25.7127304,0.019365672,0.187203169,9.51244147e-06,30,1.148,2
793310400010864,155238962,2459306.8920334438,59306.389629600002,19.7377777,0.10573563,0,zi,226.83012909999999,55.747174200000003,0.644999981,0.165000007,20210402389630,793,0xa,0x4,20.9500008,25.7587776,0.0239719357,0.185878292,1.44386349e-05,30,1.08500004,2
793310400010864,155543706,2459309.9394517746,59309.437060199998,19.6392612,0.0984712467,0,zi,226.8301917,55.747134099999997,1.551,-0.109999999,20210405437060,793,0xa,0x4,21.2600002,25.761261,0.0210324451,0.196026415,1.13462738e-05,30,1.08399999,2
793310400010864,155836351,2459312.865892543,59312.363518500002,19.6124153,0.096563749,0,zi,226.8301347,55.747154399999999,0.774999976,-0.107000001,20210408363518,793,0xa,0x4,21.0300007,25.7604141,0.0181696024,0.195010498,8.71020166e-06,30,1.09200001,2
793310400010864,156148950,2459315.9918514416,59315.489502299999,19.4459572,0.0854288489,32768,zi,226.83022130000001,55.747116499999997,1.079,-0.115999997,20210411489491,793,0xa,0x4,20.2600002,24.9049568,0.0310760885,0.189337447,2.47958196e-05,30,1.18400002,2
793310400010864,156734500,2459321.8472857126,59321.345000000001,19.7739372,0.108505055,0,zi,226.8303081,55.747162199999998,0.959999979,0.0850000009,20210417344988,793,0xa,0x4,20.9599991,25.7369366,0.0219341088,0.186007917,1.22039364e-05,30,1.08700001,2
793310400010864,157033228,2459324.8345252303,59324.332280100003,19.571106,0.0936892107,0,zi,226.83017770000001,55.7471259,1.00600004,-0.0560000017,20210420332268,793,0xa,0x4,20.8899994,25.7641068,0.0177851599,0.192438349,8.013767e-06,30,1.09099996,2
793310400010864,157438570,2459328.8878874904,59328.385706000001,19.589653,0.0949706733,0,zi,226.83018000000001,55.747182500000001,1.20799994,0.101000004,20210424385683,793,0xa,0x4,20.3999996,25.7386532,0.0219228324,0.193095446,1.25074448e-05,30,1.08399999,2
793310400010864,158042677,2459334.9288398805,59334.426770799997,19.5460548,0.0919818133,0,zi,226.8301845,55.7471599,0.286000013,-0.0309999995,20210430426759,793,0xa,0x4,20.8299999,25.7560558,0.0225137696,0.195503369,1.28160318e-05,30,1.15999997,2
793310400010864,158435023,2459338.8522168119,59338.350231500001,19.8460484,0.114189006,0,zi,226.83026509999999,55.747200800000002,1.449,-0.0759999976,20210504350232,793,0xa,0x4,20.6499996,25.7450485,0.019398367,0.190516427,9.75536932e-06,30,1.08000004,2
793310400010864,159034576,2459344.8476057006,59344.345763899997,19.620079,0.097105056,0,zi,226.83017169999999,55.747168199999997,0.666000009,0.0540000014,20210510345741,793,0xa,0x4,21.1800003,25.7390785,0.0209032968,0.187528878,1.12819243e-05,30,1.08700001,2
793310400010864,159928771,2459353.7893160325,59353.2877199,19.4693699,0.0869231522,0,zi,226.83022800000001,55.747165600000002,0.765999973,-0.131999999,20210519287720,793,0xa,0x4,20.6100006,25.7293701,0.0213699825,0.195780471,1.17974441e-05,30,1.07599998,2
793310400010864,160232016,2459356.8216671771,59356.320162000004,19.6179504,0.0969544798,0,zi,226.8302434,55.747100099999997,0.504999995,-0.0820000023,20210522320139,793,0xa,0x4,20.6000004,25.7619514,0.0193546284,0.186434135,9.29816633e-06,30,1.09200001,2
793310400010864,160534620,2459359.8476146543,59359.346203699999,19.4373989,0.0848884508,0,zi,226.83013170000001,55.747177600000001,0.898000002,-0.0970000029,20210525346192,793,0xa,0x4,20.6200008,25.7143993,0.0248012748,0.191772103,1.57637314e-05,30,1.13600004,2
793310400010864,160835048,2459362.851800364,59362.350486099996,19.3823204,0.0814847127,0,zi,226.83021890000001,55.747155399999997,0.398000002,0.0399999991,20210528350486,793,0xa,0x4,20.8799992,25.7653198,0.0244056303,0.196209311,1.52876928e-05,30,1.15999997,2
793310400010864,161332813,2459367.8292843383,59367.328136600001,19.4660645,0.0867108256,0,zi,226.8302625,55.747139500000003,0.602999985,0.0179999992,20210602328044,793,0xa,0x4,20.5499992,25.6160641,0.0199939571,0.195840463,1.03463472e-05,30,1.14300001,2
793310400010864,161919718,2459373.6981300809,59373.197187500002,19.5537529,0.0925036296,0,zi,226.83018989999999,55.747135200000002,0.402999997,-0.0670000017,20210608197176,793,0xa,0x4,20.6100006,25.7507534,0.017739905,0.195966437,7.98438123e-06,30,1.09200001,2
793310400010864,162220449,2459376.705325088,59376.204490700002,19.5791149,0.0942407325,0,zi,226.83022270000001,55.747148899999999,0.720000029,-0.175999999,20210611204294,793,0xa,0x4,21.2299995,25.7691154,0.0263924822,0.193131194,1.85303616e-05,30,1.08200002,2
793310400010864,162526543,2459379.7661623238,59379.265439800001,19.612196,0.0965482891,0,zi,226.8301883,55.747166499999999,0.751999974,-0.0120000001,20210614265428,793,0xa,0x4,21.0599995,25.6531963,0.0301595256,0.183066398,2.32942421e-05,30,1.10000002,2
793310400010864,163224226,2459386.7427312308,59386.242268499998,19.9078083,0.119222045,0,zi,226.83022299999999,55.747086899999999,1.45200002,-0.127000004,20210621242245,793,0xa,0x4,20.3700008,25.7338085,0.0206656661,0.197577894,1.12426424e-05,30,1.09599996,2
793310400010864,163734906,2459391.8493323973,59391.349062499998,19.5710068,0.0936824158,0,zi,226.8302071,55.7471824,0.676999986,-0.0960000008,20210626349062,793,0xa,0x4,20.5300007,25.7220058,0.0203168653,0.188624918,1.0596028e-05,30,1.43099999,2
793310400010864,164024828,2459394.7484470848,59394.248287000002,19.5343018,0.0911901295,0,zi,226.83023119999999,55.747144599999999,1.30599999,-0.127000004,20210629248275,793,0xa,0x4,21.0400009,25.6283016,0.0257052407,0.199014261,1.73919634e-05,30,1.13199997,2
793310400010864,164332509,2459397.8251360613,59397.325092599996,19.6766281,0.101177804,0,zi,226.83020049999999,55.747169999999997,1.35399997,0.101000004,20210702325093,793,0xa,0x4,20.9899998,25.711628,0.0235297102,0.191261694,1.432521e-05,30,1.39300001,2
793310400010864,164632062,2459400.8205552539,59400.320625,19.6196556,0.0970750898,0,zi,226.83020719999999,55.747143100000002,0.634000003,-0.0939999968,20210705320556,793,0xa,0x4,21.1900005,25.6986561,0.0208360944,0.194760188,1.12179378e-05,30,1.41100001,2
793310400010864,165019598,2459404.695768557,59404.195983799997,19.636694,0.0982874483,0,zi,226.83010859999999,55.747197700000001,1.43099999,-0.0869999975,20210709195972,793,0xa,0x4,21.0699997,25.681694,0.0212251861,0.197274506,1.16831252e-05,30,1.09899998,2
793310400010864,165526649,2459409.7660900061,59409.266493100004,19.7333374,0.105399311,0,zi,226.83012199999999,55.747158800000001,0.648999989,-0.00499999989,20210714266470,793,0xa,0x4,21.0499992,25.6023369,0.0248612184,0.193728238,1.62281922e-05,30,1.28400004,2
793310400010864,165819469,2459412.6941894223,59412.1946991,19.6980133,0.102753669,0,zi,226.8301482,55.747157100000003,0.497000009,0.0450000018,20210717194676,793,0xa,0x4,20.7900009,25.6550121,0.022920372,0.195028991,1.3846392e-05,30,1.125,2
793310400010864,166124620,2459415.7455847054,59415.2462037,19.7271748,0.104933999,0,zi,226.830287,55.7471812,0.75999999,-0,20210720246134,793,0xa,0x4,20.7700005,25.6971741,0.0227369033,0.187881857,1.35366545e-05,30,1.26999998,2
793310400010864,166428711,2459418.7863922389,59418.287118100001,19.2653198,0.0746734589,0,zi,226.83013879999999,55.747189599999999,0.372000009,0.0109999999,20210723287106,793,0xa,0x4,20.1599998,25.499321,0.027447002,0.188936621,1.9278983e-05,30,1.49699998,2
793310400010864,166832199,2459422.8211267111,59422.321990700002,19.8311386,0.112996504,0,zi,226.83021590000001,55.747146499999999,0.545000017,-0.064000003,20210727321991,793,0xa,0x4,20.5,25.6381397,0.020395359,0.18888028,1.09988559e-05,30,1.85899997,2
793310400010864,168617709,2459440.6756850416,59440.177094899998,19.6192665,0.0970475748,0,zi,226.83021020000001,55.7471459,0.829999983,-0.0489999987,20210814177083,793,0xa,0x4,20.9699993,25.6102657,0.0314045399,0.194392845,2.47639564e-05,30,1.26699996,2
793310400010864,170816391,2459462.6620305018,59462.163912000004,19.4396896,0.0850328282,0,zi,226.83020160000001,55.747133699999999,0.94599998,-0.0869999975,20210905163900,793,0xa,0x4,21.0300007,25.7216892,0.0232081693,0.194295004,1.41350774e-05,30,1.47899997,2
793310400010864,171116307,2459465.6611537165,59465.163078700003,19.9643555,0.123956949,0,zi,226.83018000000001,55.747150400000002,1.30200005,-0.217999995,20210908163067,793,0xa,0x4,20.7999992,25.6103554,0.020384619,0.19662188,1.07658097e-05,30,1.52400005,2
793310400010864,171717993,2459471.6779350629,59471.179930600003,19.5429745,0.0917737409,0,zi,226.83029379999999,55.747179699999997,0.546000004,0.108000003,20210914179931,793,0xa,0x4,20.1800003,25.6369743,0.0252001602,0.192893162,1.62868291e-05,30,1.778,2
793310400010864,172017542,2459474.6734060184,59474.175428199997,19.4655075,0.0866750255,0,zi,226.83016950000001,55.747175200000001,0.400000006,-0.119000003,20210917175417,793,0xa,0x4,20.5499992,25.6945076,0.0232626237,0.189380735,1.39011026e-05,30,1.81299996,2
793310400010864,173514618,2459489.6441121008,59489.146180600001,19.6767502,0.10118679,0,zi,226.83019830000001,55.747115100000002,0.545000017,0.0949999988,20211002146181,793,0xa,0x4,20.4899998,25.6647511,0.0217333958,0.193856657,1.21545118e-05,30,1.93499994,2
793310400010864,187048922,2459624.9910524301,59624.489224500001,19.5763874,0.0940525904,0,zi,226.83013360000001,55.747154999999999,0.490999997,-0.0820000023,20220214489213,793,0xa,0x4,20.8099995,25.8023872,0.0202821735,0.188591182,1.07242404e-05,30,1.11300004,2
793310400010864,188243181,2459636.9339203602,59636.431817099998,19.4234543,0.0840146318,0,zi,226.83014370000001,55.747196899999999,0.560000002,-0.0289999992,20220226431806,793,0xa,0x4,20.8199997,25.7844543,0.0187918171,0.188281968,8.96397341e-06,30,1.15400004,2
793310400010864,188643131,2459640.9334966862,59640.431319399999,19.4739265,0.0872167423,0,zi,226.83015649999999,55.747211299999996,0.968999982,0.0590000004,20220302431308,793,0xa,0x4,20.9200001,25.7829266,0.018626349,0.191517517,8.70200074e-06,30,1.13499999,2
793310400010864,191642201,2459670.9244209789,59670.422013900003,19.593483,0.0952371657,0,zi,226.83020569999999,55.747154399999999,0.549000025,0.0520000011,20220401422002,793,0xa,0x4,21.0499992,25.7204838,0.021870302,0.196366236,1.23540312e-05,30,1.07599998,2
793310400010864,192042604,2459674.9284345061,59674.426041699997,19.7219276,0.104538992,0,zi,226.83019469999999,55.747134199999998,0.879999995,-0.0540000014,20220405426030,793,0xa,0x4,20.8400002,25.7399273,0.0192690399,0.196192384,9.20480579e-06,30,1.079,2
793310400010864,192627481,2459680.7771678371,59680.274814800003,19.5229263,0.0904295519,0,zi,226.83035799999999,55.747049599999997,0.865999997,-0.061999999,20220411274699,793,0xa,0x4,20.1900005,25.7339268,0.0225212164,0.195938185,1.28300881e-05,30,1.24899995,2
793310400010864,192935420,2459683.8565247273,59683.354201399998,19.7577019,0.107254878,0,zi,226.8302147,55.7471204,0.735000014,-0.00600000005,20220414354201,793,0xa,0x4,20.8500004,25.7567024,0.0230491962,0.19266358,1.34166903e-05,30,1.08700001,2
793310400010864,193638568,2459690.8879162301,59690.3856829,19.5981865,0.0955653191,0,zi,226.83017079999999,55.747177899999997,0.958000004,-0.215000004,20220421385683,793,0xa,0x4,20.6700001,25.7261868,0.0184632111,0.193470716,8.83317989e-06,30,1.08000004,2
793310400010864,194230792,2459696.8100626455,59696.307928200004,19.6651096,0.100337118,0,zi,226.83024610000001,55.747170199999999,0.609000027,-0.104000002,20220427307917,793,0xa,0x4,20.5,25.7421093,0.0202667899,0.191096902,1.0432972e-05,30,1.09599996,2
793310400010864,194632531,2459700.8273683721,59700.325312499997,19.5862045,0.0947312638,0,zi,226.8301136,55.7471806,0.714999974,0.104999997,20220501325301,793,0xa,0x4,21.1299992,25.7422047,0.0221847631,0.186790407,1.25169172e-05,30,1.07799995,2
793310400010864,195832297,2459712.8247450767,59712.322974499999,19.3223991,0.0779259279,0,zi,226.83025219999999,55.747176500000002,1.27499998,-0.119000003,20220513322963,793,0xa,0x4,20.6000004,25.7493992,0.0223417263,0.191959545,1.32930963e-05,30,1.079,2
793310400010864,196337003,2459717.8716649325,59717.370034699998,19.5704002,0.0936407372,0,zi,226.83019110000001,55.747156400000001,0.583999991,-0.141000003,20220518370023,793,0xa,0x4,20.7000008,25.7113991,0.0237877052,0.193282947,1.39872227e-05,30,1.14300001,2
793310400010864,196928373,2459723.7851907974,59723.283738400001,19.5444069,0.0918704793,0,zi,226.8302774,55.747155100000001,1.02400005,0.101000004,20220524283715,793,0xa,0x4,20.7299995,25.6174068,0.0260732565,0.195776433,1.78933715e-05,30,1.07599998,2
793310400010864,197226435,2459726.7657096665,59726.264351899998,19.8107815,0.111382708,0,zi,226.8302151,55.747123500000001,0.603999972,-0.0130000003,20220527264340,793,0xa,0x4,20.9599991,25.7717819,0.0178403724,0.196799144,8.32080059e-06,30,1.07599998,2
793310400010864,198232282,2459736.8238417679,59736.322824100003,19.7445602,0.106250957,0,zi,226.83016190000001,55.747198300000001,0.319000006,0.00100000005,20220606322812,793,0xa,0x4,21.1800003,25.7495594,0.0205819458,0.195104539,1.11026065e-05,30,1.15199995,2
793310400010864,198532790,2459739.828816059,59739.327905099999,19.7028408,0.103112139,0,zi,226.8302171,55.747123299999998,0.727999985,-0.0909999982,20220609327894,793,0xa,0x4,20.7800007,25.7488403,0.0211733002,0.189101249,1.141142e-05,30,1.18099999,2
793310400010864,198821555,2459742.7163622966,59742.2155556,19.7148323,0.104006775,0,zi,226.83039629999999,55.747126999999999,0.754000008,-0.203999996,20220612215556,793,0xa,0x4,20.0599995,25.7488327,0.0242080018,0.194305658,1.48760846e-05,30,1.07700002,2
793310400010864,200231987,2459756.8201531894,59756.319872699998,19.6647949,0.10031423,0,zi,226.8301854,55.747179299999999,0.423000008,-0.0480000004,20220626319861,793,0xa,0x4,21.2000008,25.7697945,0.0226733815,0.193901509,1.31113211e-05,30,1.29700005,2
793310400010864,200524634,2459759.7465121411,59759.246342600003,19.6895714,0.102129295,0,zi,226.8302295,55.747188000000001,1.16600001,0.0829999968,20220629246296,793,0xa,0x4,21.0900002,25.726572,0.0207847543,0.198261201,1.10184719e-05,30,1.12800002,2
793310400010864,201130240,2459765.8023476279,59765.302407399999,19.6416893,0.0986452252,0,zi,226.8302291,55.7471836,0.666000009,0.114,20220705302407,793,0xa,0x4,20.9899998,25.7576904,0.0221383367,0.190866053,1.24401604e-05,30,1.32500005,2
793310400010864,202821994,2459782.7192623238,59782.219942099997,19.6347694,0.0981499255,0,zi,226.83012239999999,55.747186800000001,1.42700005,0.164000005,20220722219931,793,0xa,0x4,20.8400002,25.68577,0.0190204065,0.199087203,9.6913036e-06,30,1.20500004,2
793310400010864,203620209,2459790.701143289,59790.2020949,19.4907665,0.0883092582,0,zi,226.83019849999999,55.747178300000002,0.67900002,0.0379999988,20220730202095,793,0xa,0x4,20.75,25.6117668,0.0200319923,0.198892459,1.05679837e-05,30,1.21599996,2
793310400010864,204420197,2459798.7007756149,59798.201979199999,19.5462456,0.0919947103,0,zi,226.83015420000001,55.747181900000001,0.708000004,0.057,20220807201979,793,0xa,0x4,20.9099998,25.7342453,0.0206142832,0.192423791,1.11710042e-05,30,1.28499997,2
793310400010864,207120182,2459825.6999826566,59825.201828700003,19.7526073,0.106864795,0,zi,226.83008799999999,55.747123600000002,1.01300001,-0.163000003,20220903201817,793,0xa,0x4,20.7999992,25.645607,0.0186424777,0.196095362,8.96560869e-06,30,1.70099998,2
793310400010864,207620196,2459830.70004558,59830.201967599998,19.4600239,0.0863238499,0,zi,226.83026269999999,55.7471733,0.694999993,-0.194999993,20220908201956,793,0xa,0x4,19.9200001,25.6070232,0.0268323589,0.194376156,1.85849458e-05,30,1.82599998,2
793310400010864,208914391,2459843.6418645494,59843.143912,19.4323769,0.0845727772,0,zi,226.83020379999999,55.747167900000001,0.397000015,-0.0280000009,20220921143912,793,0xa,0x4,20.8199997,25.7433777,0.0224889461,0.192279398,1.29813825e-05,30,1.63199997,2
793310400010864,210214480,2459856.6427389397,59856.144803199997,19.5782509,0.0941810831,0,zi,226.8302793,55.747105699999999,0.721000016,0.0109999999,20221004144792,793,0xa,0x4,20.4500008,25.6392498,0.022618508,0.191750631,1.27116655e-05,30,1.97300005,2
793310400010864,211212400,2459866.6220029849,59866.124004600002,19.4139328,0.0834226236,0,zi,226.8301788,55.747128799999999,1.00699997,-0.194000006,20221014123993,793,0xa,0x4,20.2999992,25.6929321,0.0256371815,0.195239812,1.62175493e-05,30,2.05200005,2
793310400010864,227540483,2460029.9072459405,60029.404838000002,19.5732803,0.0938386768,0,zi,226.83029310000001,55.747266600000003,0.717999995,-0.061999999,20230326404838,793,0xa,0x4,20.8500004,25.7482815,0.0238284301,0.200427875,1.43043662e-05,30,1.08800006,2
793310400010864,228237225,2460036.8746621315,60036.372256900002,19.6419868,0.0986666083,0,zi,226.83002519999999,55.747056000000001,1.023,0.0450000018,20230402372245,793,0xa,0x4,20.6800003,25.7579861,0.021646861,0.195146248,1.1841259e-05,30,1.10099995,2
793310400010864,229538571,2460049.8880326641,60049.385717600002,19.8943062,0.118109114,0,zi,226.83020819999999,55.747212099999999,0.333999991,-0.0599999987,20230415385706,793,0xa,0x4,20.8799992,25.6983051,0.0284232944,0.192619324,2.07419544e-05,30,1.07599998,2
793310400010864,229934769,2460053.8499629679,60053.347696800003,19.2908707,0.0761129484,0,zi,226.82986589999999,55.7471636,1.324,0.0430000015,20230419347697,793,0xa,0x4,19.8899994,25.7358704,0.0283383019,0.196593791,2.03594736e-05,30,1.08299994,2
793310400010864,230540288,2460059.9050547811,60059.402881900001,19.6531563,0.0994707048,0,zi,226.83031819999999,55.7471642,0.56099999,0.0299999993,20230425402859,793,0xa,0x4,20.5100002,25.6861572,0.0217758752,0.195126593,1.22133606e-05,30,1.10000002,2
793310400010864,232133966,2460075.8414937826,60075.339664400002,19.5563469,0.0926800147,0,zi,226.83030740000001,55.747216100000003,0.944000006,0.156000003,20230511339641,793,0xa,0x4,20.7199993,25.7243481,0.022433741,0.191224366,1.29968421e-05,30,1.08399999,2
793310400010864,232529097,2460079.7926966227,60079.290972199997,19.4691467,0.0869088173,0,zi,226.83025649999999,55.747217200000001,0.624000013,-0.0610000007,20230515290961,793,0xa,0x4,20.7600002,25.7101479,0.0216293465,0.195567414,1.22807951e-05,30,1.07700002,2
793310400010864,233845378,2460092.9551120573,60092.453784700003,19.7023544,0.103075981,0,zi,226.83007370000001,55.747187199999999,0.518999994,-0.00100000005,20230528453762,793,0xa,0x4,20.9400005,25.7053547,0.0194777474,0.19453454,9.52094706e-06,30,1.57700002,2
793310400010864,236428130,2460118.7817129404,60118.281307899997,19.721611,0.104515269,0,zi,226.830207,55.747185000000002,1.28400004,0.0439999998,20230623281296,793,0xa,0x4,20.6599998,25.7656116,0.0196042024,0.195710808,9.67747565e-06,30,1.16100001,2
793310400010864,241118608,2460165.6848332421,60165.186088000002,19.721859,0.104533896,0,zi,226.8301998,55.747149899999997,0.896000028,-0.137999997,20230809186076,793,0xa,0x4,20.9300003,25.7008591,0.0192368738,0.192022175,9.9791032e-06,30,1.24699998,2
793310400010864,242017714,2460174.6756398533,60174.177141200002,19.9537811,0.123062693,0,zi,226.82993859999999,55.747136400000002,1.19700003,-0.217999995,20230818177130,793,0xa,0x4,20.5400009,25.7467804,0.0238315314,0.192675069,1.47491774e-05,30,1.30200005,2
793310400010864,242916247,2460183.6607678807,60183.162476899997,19.6122246,0.0965503082,0,zi,226.83024610000001,55.7471642,0.630999982,-0.125,20230827162465,793,0xa,0x4,20.5499992,25.7492256,0.018900577,0.196281314,9.30152783e-06,30,1.34200001,2
793310400010864,245314297,2460207.6409345865,60207.142974499999,19.6418991,0.0986602753,0,zi,226.83026630000001,55.747172300000003,1.16299999,-0.0540000014,20230920142963,793,0xa,0x4,20.6700001,25.7588997,0.0190018937,0.195552319,9.48937759e-06,30,1.60000002,2
793310400010864,256855135,2460323.0521139721,60322.551354199997,19.6008797,0.0957536101,0,zi,226.83021650000001,55.747129100000002,0.614000022,-0.00800000038,20240113551262,793,0xa,0x4,20.8299999,25.7718792,0.0186928883,0.196071774,8.68148163e-06,30,1.15799999,2
793310400010864,257142291,2460325.9237842001,60325.422916700001,19.6861248,0.101875253,0,zi,226.83020690000001,55.747199299999998,0.421999991,-0.0500000007,20240116422870,793,0xa,0x4,20.5300007,25.7221241,0.021738572,0.193663657,1.20773711e-05,30,1.71000004,2
1827101200004651,48235099,2458236.8531098329,58236.350995399996,19.528429,0.0818977803,0,zg,226.83024520000001,55.747174999999999,0.880999982,-0.00499999989,20180428350972,1827,0x1,0x2,20.1399994,26.2128906,0.0352864824,-0.00371753448,4.24305726e-05,30,1.10399997,2
1827101200004651,48235144,2458236.8535612314,58236.351446799999,19.4736023,0.0790307745,0,zg,226.8302314,55.747102599999998,0.375999987,-0.0680000037,20180428351435,1827,0x1,0x2,20.2900009,26.2120667,0.0381929055,-0.00541288871,4.51054075e-05,30,1.10399997,2
1827101200004651,72853991,2458483.0401475867,58482.539919000003,19.8969212,0.10276819,0,zg,226.83021400000001,55.747159199999999,0.63499999,0.0240000002,20181230539907,1827,0x1,0x2,21.0799999,26.2254143,0.0339677855,-0.0610245802,2.36054384e-05,30,1.29400003,2
1827101200004651,75249983,2458507.0009730561,58506.499838000003,19.5219154,0.0815532655,0,zg,226.82975049999999,55.747121200000002,0.68900001,-0.0719999969,20190123499826,1827,0x1,0x2,19.6800003,26.2536011,0.0450679436,-0.0599964522,9.19104787e-05,30,1.22500002,2
1827101200004651,76847928,2458522.9809372285,58522.479282400003,19.8038082,0.0972939357,0,zg,226.83017380000001,55.747146499999999,0.875999987,-0.130999997,20190208479271,1827,0x1,0x2,21.9400005,26.2165527,0.0245194063,-0.0543950088,1.18779089e-05,30,1.17499995,2
1827101200004651,81341089,2458567.9132969771,58567.410891200001,19.6067963,0.0861215591,0,zg,226.83013149999999,55.747216100000003,0.94599998,-0.057,20190325410891,1827,0x1,0x2,20.8600006,26.1653709,0.0355491601,-0.0174062643,2.75399634e-05,30,1.11099994,1
1827101200004651,88918782,2458643.6887484291,58643.187824100001,19.5714245,0.0841974318,0,zg,226.83024069999999,55.747175900000002,0.883000016,-0.115000002,20190609187789,1827,0x1,0x2,21.3299999,26.1877975,0.0298463106,-0.0597542562,1.80087591e-05,30,1.12300003,2
1827101200004651,124627920,2459000.7804097612,59000.279201400001,19.7475948,0.0940377116,0,zg,226.8302334,55.747161300000002,0.925999999,-0.129999995,20200531279155,1827,0x1,0x2,21,26.3059196,0.0335645229,-0.0703079328,2.48724209e-05,30,1.11199999,3
1827101200004651,159033248,2459344.8343305397,59344.332488400003,19.8555717,0.100327484,0,zg,226.83021729999999,55.7471654,0.349999994,-0.0289999992,20210510332477,1827,0x1,0x2,22.2800007,26.259985,0.0260926355,-0.0775465742,1.38662435e-05,30,1.11099994,2
1827101200004651,159033295,2459344.8347935276,59344.3329514,19.849968,0.099997744,0,zg,226.83026000000001,55.747167400000002,0.632000029,-0.064000003,20210510332951,1827,0x1,0x2,22.2199993,26.2643852,0.0247266851,-0.0735887364,1.24895869e-05,30,1.11099994,3
1827101200004651,163230408,2459386.804545979,59386.304085600001,19.8664646,0.100969255,0,zg,226.83005850000001,55.747126199999997,0.98299998,-0.0199999996,20210621303981,1827,0x1,0x2,20.6900005,26.2479649,0.0324208438,-0.0253634509,2.63675756e-05,30,1.24000001,2
1827101200004651,163230456,2459386.8050205624,59386.304560199998,19.8801575,0.101777241,0,zg,226.830128,55.747140100000003,0.866999984,0.109999999,20210621304560,1827,0x1,0x2,20.7600002,26.2636547,0.0338516235,-0.0461445376,2.91226897e-05,30,1.24100006,3
1827101200004651,236931015,2460123.8103652503,60123.310150500001,19.9997025,0.108861089,0,zg,226.83018939999999,55.747117899999999,0.81099999,-0.135000005,20230628310150,1827,0x1,0x2,21.2299995,26.2931633,0.0345872007,-0.0799118429,2.47400403e-05,30,1.31200004,2
1827201200007108,51230305,2458266.8043789151,58266.303055600001,19.1578178,0.0649643987,0,zr,226.83020780000001,55.747174100000002,0.757000029,-0.075000003,20180528303044,1827,0x1,0x2,20.6900005,26.1521244,0.0258930381,0.104423001,1.32989726e-05,30,1.12100005,2
1827201200007108,51230350,2458266.804830201,58266.303506900003,19.2051582,0.0673187375,0,zr,226.8301994,55.747166,1.47300005,-0.115000002,20180528303507,1827,0x1,0x2,20.7000008,26.1414509,0.0272364262,0.107057542,1.46677512e-05,30,1.12100005,2
1827201200007108,72250642,2458477.0064159078,58476.506423600003,19.3267269,0.0737382472,0,zr,226.8301902,55.747127900000002,0.961000025,0.109999999,20181224506343,1827,0x1,0x2,20.5300007,26.1354923,0.026880011,0.106194742,1.41293822e-05,30,1.52199996,2
1827201200007108,72751440,2458482.0145980772,58481.514409700001,19.3907242,0.0773381814,0,zr,226.8301199,55.747145699999997,0.806999981,0.0379999988,20181229514398,1827,0x1,0x2,20.6900005,26.1245327,0.0266831554,0.0997612253,1.42113186e-05,30,1.40799999,2
1827201200007108,75851858,2458513.0199300018,58512.518587999999,19.3818817,0.0768315941,32768,zr,226.8301889,55.747142400000001,0.871999979,-0.0869999975,20190129518576,1827,0x1,0x2,20.6900005,25.4218597,0.0463112816,0.102506071,4.26425031e-05,30,1.15499997,2
1827201200007108,78040817,2458534.9101402643,58534.408171299998,19.5504208,0.0869954675,0,zr,226.8302765,55.747226900000001,0.847000003,-0.456,20190220408148,1827,0x1,0x2,19.8899994,26.1141033,0.039391879,0.111751936,3.13385717e-05,30,1.26699996,1
1827201200007108,80425020,2458558.752562494,58558.2502083,19.3043709,0.0725167766,0,zr,226.83034430000001,55.747269000000003,0.751999974,0.291999996,20190316250174,1827,0x1,0x2,19.9500008,26.0621452,0.0409916565,0.124552235,3.33331445e-05,30,1.74399996,1
1827201200007108,82636835,2458580.8707400984,58580.368356500003,19.337471,0.0743319094,0,zr,226.83024169999999,55.747188700000002,0.425000012,0.0610000007,20190407368356,1827,0x1,0x2,21.0799999,26.1095295,0.0255209021,0.10870944,1.31037132e-05,30,1.11600006,1
1827201200007108,83523622,2458589.7385318391,58589.2362269,19.2357178,0.0688814446,0,zr,226.8301147,55.747149399999998,0.280000001,-0.0140000004,20190416236227,1827,0x1,0x2,20,25.818718,0.038691707,0.107263193,3.03492525e-05,30,1.34099996,1
1827201200007108,83830699,2458592.8092569266,58592.306990700003,19.3590279,0.0755360052,0,zr,226.8302343,55.747146100000002,0.606000006,-0.0810000002,20190419306991,1827,0x1,0x2,20.2099991,26.0979996,0.0297878459,0.105096512,1.77749189e-05,30,1.14499998,1
1827201200007108,83929924,2458593.8015001742,58593.299247700001,19.4597244,0.0813923925,0,zr,226.83020500000001,55.7471672,0.799000025,0.00499999989,20190420299248,1827,0x1,0x2,20.5900002,26.1375351,0.0265955832,0.102428518,1.40769998e-05,30,1.15199995,1
1827201200007108,84829098,2458602.7930851202,58602.290983799998,19.3956299,0.0776204765,0,zr,226.83003429999999,55.747189800000001,0.791000009,-0.0670000017,20190429290984,1827,0x1,0x2,21.0200005,26.098608,0.0255351961,0.115821868,1.30155713e-05,30,1.13100004,1
1827201200007108,85226835,2458606.7703762539,58606.268356499997,19.3758087,0.0764854252,0,zr,226.83021220000001,55.747164699999999,0.800000012,-0.0280000009,20190503268322,1827,0x1,0x2,21.7199993,26.0922947,0.0231465027,0.105952837,1.06523366e-05,30,1.14600003,1
1827201200007108,86328938,2458617.7911374611,58617.289386600001,19.3326492,0.0740649402,0,zr,226.83020769999999,55.7471441,1.20899999,-0.104000002,20190514289363,1827,0x1,0x2,21.3199997,26.0811176,0.0271103196,0.10018678,1.46512557e-05,30,1.10500002,1
1827201200007108,86420716,2458618.7088902337,58618.207164400003,19.3308067,0.0739631355,0,zr,226.830164,55.747174000000001,0.552999973,0.0140000004,20190515207164,1827,0x1,0x2,21.1000004,26.078331,0.0322687887,0.0902477577,2.03378804e-05,30,1.19500005,1
1827201200007108,88032466,2458634.8258962948,58634.324664400003,19.3439865,0.0746939778,0,zr,226.83018379999999,55.747134899999999,0.809000015,-0.0649999976,20190531324618,1827,0x1,0x2,21.7099991,26.0485039,0.0269492064,0.115500681,1.45387157e-05,30,1.15799999,2
1827201200007108,88032511,2458634.8263475811,58634.325115699998,19.3134212,0.0730090141,0,zr,226.8302218,55.747124800000002,0.456,0.0529999994,20190531325116,1827,0x1,0x2,21.8700008,26.0609379,0.0282572154,0.110600121,1.60250929e-05,30,1.15900004,3
1827201200007108,89226878,2458646.7695978936,58646.268784699998,19.3296165,0.0738974884,0,zr,226.83021189999999,55.747133599999998,0.832000017,0.0170000009,20190612268785,1827,0x1,0x2,20.9899998,26.0247402,0.0267668962,0.10371644,1.42913241e-05,30,1.12800002,2
1827201200007108,89731262,2458651.8132550437,58651.312627300002,19.4672203,0.0818436742,0,zr,226.8301855,55.7471873,0.63499999,0.0839999989,20190617312604,1827,0x1,0x2,20.4699993,26.1005039,0.0284925066,0.112858981,1.61884182e-05,30,1.22899997,2
1827201200007108,92322875,2458677.7284029112,58677.228750000002,19.4444027,0.0804765671,0,zr,226.8301696,55.747155200000002,0.681999981,-0.0299999993,20190713228657,1827,0x1,0x2,21.1299992,26.0938168,0.0268442705,0.10059797,1.44115274e-05,30,1.199,2
1827201200007108,92322920,2458677.7288542977,58677.229201399998,19.4301414,0.0796321332,0,zr,226.83019619999999,55.747125599999997,0.698000014,-0.0399999991,20190713229201,1827,0x1,0x2,21.1599998,26.092556,0.0257192813,0.106114447,1.32650048e-05,30,1.20000005,3
1827201200007108,121927927,2458973.7812517458,58973.279270799998,19.2873039,0.0715967938,0,zr,226.83014660000001,55.747167500000003,1.10599995,-0.155000001,20200504279271,1827,0x1,0x2,20.9500008,26.2095318,0.026957009,0.114146143,1.46869725e-05,30,1.12800002,2
1827201200007108,121927973,2458973.7817147388,58973.279733800002,19.3058548,0.0725972876,0,zr,226.8301127,55.747133599999998,0.866999984,0.057,20200504279734,1827,0x1,0x2,20.9500008,26.210083,0.0259132944,0.102575503,1.35952205e-05,30,1.12699997,3
1827201200007108,122028864,2458974.7906037611,58974.288645799999,19.4156513,0.0787820369,0,zr,226.83020440000001,55.7471739,1.32200003,0.0370000005,20200505288646,1827,0x1,0x2,20.75,26.2157288,0.0253933091,0.105407462,1.29876835e-05,30,1.11699998,2
1827201200007108,122028912,2458974.7910783496,58974.289120399997,19.3080788,0.0727181137,0,zr,226.83017960000001,55.747179000000003,0.552999973,-0.0170000009,20200505289120,1827,0x1,0x2,20.8400002,26.1971569,0.029697476,0.101274498,1.78805822e-05,30,1.11699998,3
1827201200007108,122230857,2458976.8104868173,58976.308576399999,19.3191299,0.0733210742,0,zr,226.83012249999999,55.747130499999997,0.666999996,-0.119000003,20200507308565,1827,0x1,0x2,19.7800007,26.0248089,0.0384361558,0.120935015,3.10246978e-05,30,1.10500002,2
1827201200007108,122230905,2458976.8109612949,58976.309050900003,19.3312092,0.0739853755,0,zr,226.83026749999999,55.747241699999996,0.439999998,-0.00400000019,20200507309039,1827,0x1,0x2,19.8299999,26.0809155,0.0368577354,0.108484119,2.94070342e-05,30,1.10500002,3
1827201200007108,151832489,2459272.8270212756,59272.324895799997,19.2272835,0.0684467703,0,zr,226.8302645,55.747100400000001,0.833000004,0.165999994,20210227324884,1827,0x1,0x2,19.9300003,26.1828804,0.0351617262,0.10814894,2.46201962e-05,30,1.53799999,2
1827201200007108,157426284,2459328.7650307398,59328.2628472,19.4017715,0.0779751837,0,zr,226.8301902,55.7471672,0.759000003,0.0460000001,20210424262847,1827,0x1,0x2,20.9699993,26.2016144,0.0253362302,0.108448096,1.31213719e-05,30,1.19700003,2
1827201200007108,157426331,2459328.7654937305,59328.263310200004,19.402441,0.0780138895,0,zr,226.83017670000001,55.747188000000001,0.688000023,-0.0270000007,20210424263310,1827,0x1,0x2,20.9500008,26.1982498,0.0255747698,0.104526617,1.31103416e-05,30,1.19599998,3
1827201200007108,160830547,2459362.8067902438,59362.305474499997,19.5930099,0.0897334665,0,zr,226.83017319999999,55.747169599999999,0.549000025,0.075000003,20210528305475,1827,0x1,0x2,21.0499992,26.2351322,0.0271679331,0.107790515,1.51477489e-05,30,1.12699997,2
1827201200007108,160830594,2459362.80726483,59362.305949100002,19.480341,0.0826387629,0,zr,226.83020859999999,55.747154999999999,0.911000013,-0.00700000022,20210528305949,1827,0x1,0x2,21.0300007,26.252491,0.024184972,0.10392528,1.19810511e-05,30,1.12699997,3
1827201200007108,188449980,2459639.001945952,59638.4998032,19.4706688,0.0820520148,0,zr,226.8301984,55.747169700000001,0.375,-0.0419999994,20220228499792,1827,0x1,0x2,21.5799999,26.2299156,0.0231481083,0.111101985,1.08174618e-05,30,1.10599995,2
1827201200007108,192830123,2459682.8035725476,59682.301238400003,19.5284653,0.0856105536,0,zr,226.83018240000001,55.747204099999998,0.31400001,0.0399999991,20220413301238,1827,0x1,0x2,20.7299995,26.2161465,0.0254148562,0.101326443,1.3153377e-05,30,1.18200004,2
1827201200007108,193037062,2459684.8729372029,59684.370625000003,19.5259686,0.0854542553,0,zr,226.8302893,55.7471216,0.963999987,0.101000004,20220415370613,1827,0x1,0x2,20.7099991,26.2460861,0.0256374478,0.103791259,1.33997901e-05,30,1.10599995,2
1827201200007108,196038496,2459714.8866798719,59714.3849653,19.4939651,0.0834711418,0,zr,226.8302893,55.747163100000002,0.189999998,-0.0320000015,20220515384942,1827,0x1,0x2,20.6700001,26.2072258,0.0311988164,0.105559163,1.97831505e-05,30,1.19099998,2
1827201200007108,198730989,2459741.8107353495,59741.309895799997,19.4922295,0.0833647102,0,zr,226.83021360000001,55.747180899999996,0.727999985,-0.0900000036,20220611309884,1827,0x1,0x2,21.0499992,26.1801739,0.0260418691,0.112260602,1.38859732e-05,30,1.18799996,2
1827201200007108,199036908,2459744.869813499,59744.369085600003,19.6759415,0.0952583179,0,zr,226.83020160000001,55.747226099999999,0.811999977,0.114,20220614369074,1827,0x1,0x2,20.3400002,26.22505,0.0274484903,0.0977769271,1.54021691e-05,30,1.39600003,2
1827201200007108,200132682,2459755.8271467984,59755.326828700003,19.5190468,0.0850220323,0,zr,226.83019619999999,55.747169999999997,0.537999988,0.0390000008,20220625326782,1827,0x1,0x2,21.4599991,26.239357,0.0212245993,0.105843224,9.22759227e-06,30,1.34599996,2
1827201200007108,201832641,2459772.8260896071,59772.326412000002,19.4553108,0.0811276957,0,zr,226.83019849999999,55.747164099999999,0.504000008,0.00300000003,20220712326400,1827,0x1,0x2,20.8199997,26.1956768,0.0264186785,0.104750529,1.40746097e-05,30,1.574,2
1827201200007108,229143418,2460045.9365437753,60045.434189799998,19.5556259,0.0873264223,0,zr,226.8302521,55.747177399999998,0.709999979,-0.0299999993,20230411434178,1827,0x1,0x2,21.2900009,26.2515907,0.022977829,0.0999573097,1.05466788e-05,30,1.12600005,2
1827201200007108,229741616,2460051.918460228,60051.416168999996,19.5768433,0.0886861682,0,zr,226.83016380000001,55.747160999999998,0.648999989,-0.0379999988,20230417416157,1827,0x1,0x2,21.8400002,26.2803917,0.0238479245,0.0972784832,1.16613683e-05,30,1.12399995,2
1827201200007108,230726768,2460061.7698249924,60061.2676852,19.5113487,0.0845435485,0,zr,226.83021669999999,55.747154700000003,0.404000014,-0.00400000019,20230427267674,1827,0x1,0x2,21.5100002,26.1902142,0.0228817798,0.105513737,1.06341295e-05,30,1.17400002,2
1827201200007108,230834729,2460062.8494114554,60062.347291700004,19.5491753,0.086916402,0,zr,226.83023779999999,55.7471478,0.94599998,-0.0549999997,20230428347292,1827,0x1,0x2,21.4500008,26.2079048,0.0214523468,0.101459488,9.25649783e-06,30,1.10599995,2
1827201200007108,230930390,2460063.806001931,60063.303900500003,19.5849972,0.0892131925,0,zr,226.83018569999999,55.747165099999997,0.811999977,0.114,20230429303866,1827,0x1,0x2,21.1800003,26.2175579,0.0226742812,0.100872174,1.04058736e-05,30,1.12,2
1827201200007108,231031883,2460064.820912444,60064.318830999997,19.644125,0.093108885,0,zr,226.83023650000001,55.747154700000003,0.490999997,0.0270000007,20230430318819,1827,0x1,0x2,21.3099995,26.219965,0.0242567062,0.0993042737,1.18456619e-05,30,1.11000001,2
1827201200007108,236622193,2460120.7222646344,60120.2219329,19.5681,0.088123776,0,zr,226.83017269999999,55.747180200000003,0.59799999,0.00200000009,20230625221933,1827,0x1,0x2,20.7600002,26.2963943,0.0244294312,0.0999911278,1.20892746e-05,30,1.11899996,2
