,oid,expid,hjd,mjd,mag,magerr,catflags,filtercode,ra,dec,chi,sharp,filefracday,field,ccdid,qid,limitmag,magzp,magzprms,clrcoeff,clrcounc,exptime,airmass,programid,flux,timedays,simulated_flux,simulated_mag,original_mag
0,576107200017179,44831109,2458202.8166797725,58202.3110995,18.8343163,0.0515151322,0,zg,186.3260738,18.3060566,0.758000016,0.0729999989,20180325311088,576,0x7,0x2,21.0100002,26.300045,0.0301823057,-0.0342345722,4.06753024e-05,30,1.04499996,1,0.10623643290835905,58202.3110995,0.10623643290835905,18.834316300000005,18.834316300000005
1,576107200017179,45126153,2458205.7670875676,58205.2615394,18.9136238,0.0545679778,0,zg,186.3260809,18.3060737,1.08200002,-0.109999999,20180328261493,576,0x7,0x2,20.0499992,26.3006134,0.0435874909,-0.0605455935,0.000131833978,30,1.11600006,1,0.09875304141756011,58205.2615394,0.09875304141756011,18.913623800000003,18.913623800000003
2,576107200017179,45131762,2458205.8231747393,58205.3176273,18.8541946,0.0522613861,0,zg,186.3260447,18.3060591,0.781000018,-0.050999999,20180328317616,576,0x7,0x2,20.5300007,26.2968616,0.0368625894,-0.0445831306,7.71349951e-05,30,1.03600001,1,0.10430909081585443,58205.3176273,0.10430909081585443,18.854194599999992,18.854194599999992
3,576107200017179,45630055,2458210.8060170305,58210.3005556,18.8635063,0.0526152477,0,zg,186.3259918,18.306071,0.97299999,-0.134000003,20180402300544,576,0x7,0x2,20.0400009,26.2161808,0.040514756,-0.0352979489,0.000133228226,30,1.03699994,1,0.10341832035528141,58210.3005556,0.10341832035528141,18.863506300000005,18.863506300000005
4,576107200017179,45632258,2458210.8280419684,58210.322581,18.8306236,0.0513778627,32768,zg,186.3259373,18.3059569,0.379999995,0.0949999988,20180402322535,576,0x7,0x2,19.0699997,25.7531376,0.0570651442,-0.0231986307,0.00107301038,30,1.03400004,1,0.10659836903616296,58210.322581,0.10659836903616296,18.830623600000003,18.830623600000003
5,576107200017179,47329747,2458227.8023597314,58227.2974769,18.8221684,0.051065173,0,zg,186.3260253,18.3060589,0.76700002,-0.0120000001,20180419297477,576,0x7,0x2,21.4899998,26.2699242,0.0288646445,-0.0433916897,3.37272977e-05,30,1.046,1,0.1074317474790995,58227.2974769,0.1074317474790995,18.822168400000002,18.822168400000002
6,576107200017179,47631612,2458230.820859231,58230.3161227,18.9197807,0.0548135601,32768,zg,186.3260362,18.3060534,1.14199996,-0.00899999961,20180422316076,576,0x7,0x2,21.0900002,26.0205975,0.0372311994,-0.0877096578,6.20090723e-05,30,1.08500004,1,0.09819462592109714,58230.3161227,0.09819462592109714,18.919780699999997,18.919780699999997
7,576107200017179,48024718,2458234.7517155022,58234.2471875,18.8110924,0.050658945,0,zg,186.3260654,18.3061262,0.959999979,-0.239999995,20180426247176,576,0x7,0x2,19.5499992,26.1300583,0.0398520343,-0.0185726881,0.000178251008,30,1.03299999,1,0.10853330796837626,58234.2471875,0.10853330796837626,18.8110924,18.8110924
8,576107200017179,48024763,2458234.7521668775,58234.2476389,18.8122139,0.0506999157,0,zg,186.3260118,18.3060748,0.314999998,-0.0370000005,20180426247627,576,0x7,0x2,19.7099991,26.1671944,0.0410042927,-0.0349505208,0.000185610872,30,1.03299999,1,0.1084212574894202,58234.2476389,0.1084212574894202,18.812213899999996,18.812213899999996
9,576107200017179,48218645,2458236.6908762027,58236.1864583,18.8684998,0.0528061725,0,zg,186.3260227,18.3060572,0.395000011,-0.128999993,20180428186447,576,0x7,0x2,19.6800003,26.2754574,0.0489834212,-0.0570295528,0.000254280603,30,1.09399998,1,0.10294377262886821,58236.1864583,0.10294377262886821,18.868499800000002,18.868499800000002
10,576107200017179,48822741,2458242.7314650854,58242.227419,18.8788433,0.0532041863,0,zg,186.3260517,18.3060465,0.779999971,0.0489999987,20180504227407,576,0x7,0x2,21.8600006,26.2897167,0.0271948576,-0.110976994,2.85950555e-05,30,1.03299999,1,0.10196771328993497,58242.227419,0.10196771328993497,18.878843299999993,18.878843299999993
11,576107200017179,49420842,2458248.7120636622,58248.2084259,18.8598671,0.0524766073,0,zg,186.3260391,18.3060649,1.11899996,-0.0280000009,20180510208414,576,0x7,0x2,21.75,26.2939491,0.0270118657,-0.0516112,2.9369894e-05,30,1.03400004,1,0.10376554226962009,58248.2084259,0.10376554226962009,18.859867099999995,18.859867099999995
12,576107200017179,51318754,2458267.689674749,58267.1875463,18.9731865,0.0569970012,0,zg,186.3258819,18.3061557,0.754999995,0.0560000017,20180529187535,576,0x7,0x2,19.7399998,26.2670536,0.0418734588,-0.0449080803,0.000155592686,30,1.046,3,0.09348144135624228,58267.1875463,0.09348144135624228,18.973186500000004,18.973186500000004
13,576107200017179,51319081,2458267.6929383837,58267.1908102,18.9807587,0.0573144481,0,zg,186.3260331,18.3060603,0.620000005,0.118000001,20180529190799,576,0x7,0x2,20.6000004,26.3026772,0.040741656,-0.0722109228,9.05452544e-05,30,1.04900002,1,0.09283174624864766,58267.1908102,0.09283174624864766,18.980758700000003,18.980758700000003
14,576107200017179,51822892,2458272.7306109923,58272.2289236,18.8617592,0.0525486693,0,zg,186.326047,18.3060568,0.633000016,-0.0209999997,20180603228900,576,0x7,0x2,21.6599998,26.2180996,0.0301256832,-0.0531230532,3.44896471e-05,30,1.15699995,3,0.10358486872680231,58272.2289236,0.10358486872680231,18.8617592,18.8617592
15,576107200017179,51923935,2458273.7409494612,58273.2393519,18.8595695,0.0524653196,0,zg,186.326033,18.3060382,0.660000026,0.0149999997,20180604239271,576,0x7,0x2,21.7000008,26.2678719,0.0289012771,-0.0908137932,3.16799378e-05,30,1.20500004,3,0.10379398827502706,58273.2393519,0.10379398827502706,18.8595695,18.8595695
16,576107200017179,52023322,2458274.7347380035,58274.2332292,18.8854771,0.0534612648,0,zg,186.3260219,18.3060439,1.19799995,0.0949999988,20180605233183,576,0x7,0x2,21.8799992,26.2579803,0.0273301061,-0.0587326065,2.79648393e-05,30,1.19200003,3,0.10134659452582258,58274.2332292,0.10134659452582258,18.885477099999996,18.885477099999996
17,576107200017179,52023417,2458274.7356869187,58274.2341782,18.8354607,0.0515577607,0,zg,186.3260409,18.3060601,0.38499999,0.0219999999,20180605234155,576,0x7,0x2,22.0,26.2616253,0.0272507202,-0.0693791136,2.77405343e-05,30,1.19599998,1,0.10612451536999153,58274.2341782,0.10612451536999153,18.83546069999999,18.83546069999999
18,576107200017179,52223697,2458276.738307922,58276.2369792,18.8948288,0.0538260639,0,zg,186.3260734,18.3060471,1.13600004,0.0270000007,20180607236921,576,0x7,0x2,21.7199993,26.284687,0.0300943349,-0.113299876,3.61072271e-05,30,1.23099995,3,0.10047742116178117,58276.2369792,0.10047742116178117,18.894828799999992,18.894828799999992
19,576107200017179,52319208,2458277.693325721,58277.1920833,18.8174591,0.0508920066,0,zg,186.326038,18.30607,0.702000022,-0.0529999994,20180608192049,576,0x7,0x2,21.5799999,26.2063293,0.0298678651,-0.0579479113,3.64657462e-05,30,1.09500003,3,0.10789873672335827,58277.1920833,0.10789873672335827,18.8174591,18.8174591
20,576107200017179,52319302,2458277.694263139,58277.1930208,18.8846054,0.0534273721,0,zg,186.3260529,18.3060407,0.514999986,0.0419999994,20180608193009,576,0x7,0x2,21.5799999,26.2169132,0.0277385041,-0.0686701089,3.07518458e-05,30,1.097,1,0.10142799486934236,58277.1930208,0.10142799486934236,18.884605400000005,18.884605400000005
21,576107200017179,52419113,2458278.6922861245,58278.1911343,18.8324852,0.051447019,0,zg,186.3260765,18.3060985,1.07000005,0.063000001,20180609191100,576,0x7,0x2,21.2800007,26.2275467,0.0354485773,-0.0315153264,5.12255428e-05,30,1.09899998,3,0.10641575239798988,58278.1911343,0.10641575239798988,18.8324852,18.8324852
22,576107200017179,52622868,2458280.729646771,58280.2286806,18.8549061,0.0522883274,0,zg,186.3260674,18.3060397,1.05299997,0.00999999978,20180611228669,576,0x7,0x2,21.8199997,26.276268,0.0309486929,-0.0824584886,3.7940179e-05,30,1.24300003,1,0.10424075782145524,58280.2286806,0.10424075782145524,18.8549061,18.8549061
23,576107200017179,52622961,2458280.7305841832,58280.2296181,18.9661465,0.0567036085,0,zg,186.3260541,18.3060527,0.342000008,0.0219999999,20180611229595,576,0x7,0x2,21.8099995,26.2702465,0.026468778,-0.0762253106,2.78089828e-05,30,1.24699998,3,0.09408955185302437,58280.2296181,0.09408955185302437,18.9661465,18.9661465
24,576107200017179,52723196,2458281.7328419955,58281.2319676,18.8436279,0.0518631451,0,zg,186.3260626,18.3060599,0.922999978,-0.0120000001,20180612231956,576,0x7,0x2,21.6100006,26.2672462,0.0332878157,-0.116768114,4.21686855e-05,30,1.27199996,3,0.10532921318656999,58281.2319676,0.10532921318656999,18.843627899999994,18.843627899999994
25,576107200017179,52823369,2458282.734474661,58282.2336921,18.9224529,0.054920502,0,zg,186.3260551,18.3060601,1.00300002,-0.00499999989,20180613233692,576,0x7,0x2,21.4599991,26.2687817,0.0313640274,-0.119556487,3.72143841e-05,30,1.296,3,0.09795324772946509,58282.2336921,0.09795324772946509,18.922452900000003,18.922452900000003
26,576107200017179,52924935,2458283.7500411593,58283.2493519,18.8675346,0.0527691916,0,zg,186.3260666,18.30605,0.768999994,-0.0419999994,20180614249340,576,0x7,0x2,21.5100002,26.243803,0.0359473228,-0.0836703107,5.08220619e-05,30,1.41400003,3,0.10303532848490092,58283.2493519,0.10303532848490092,18.867534599999992,18.867534599999992
27,576107200017179,52925026,2458283.750955374,58283.2502662,18.8456821,0.0519402772,0,zg,186.3260499,18.3060269,0.437000006,0.0189999994,20180614250266,576,0x7,0x2,21.4599991,26.2468071,0.0329945423,-0.0947236717,4.37225208e-05,30,1.41999996,1,0.10513011996700762,58283.2502662,0.10513011996700762,18.845682099999998,18.845682099999998
28,576107200017179,53021283,2458284.713436251,58284.2128356,18.9445496,0.055814188,0,zg,186.3260375,18.3060488,0.825999975,-0.0109999999,20180615212836,576,0x7,0x2,21.6299992,26.2395897,0.0340883136,-0.102579206,4.65625999e-05,30,1.22099996,3,0.09597987058204292,58284.2128356,0.09597987058204292,18.944549599999995,18.944549599999995
29,576107200017179,53223685,2458286.73726601,58286.2368519,18.9059429,0.0542633981,0,zg,186.3260767,18.3059994,1.61800003,0.0109999999,20180617236806,576,0x7,0x2,21.2800007,26.2643852,0.0327806883,-0.095948562,4.4837725e-05,30,1.38300002,1,0.09945413397463371,58286.2368519,0.09945413397463371,18.905942900000007,18.905942900000007
30,576107200017179,53819393,2458292.693799747,58292.1939352,18.8791676,0.0532167144,0,zg,186.3260572,18.3060733,0.777999997,0.0610000007,20180623193912,576,0x7,0x2,20.8199997,26.2449551,0.033660531,-0.0268578436,5.38776767e-05,30,1.23500001,1,0.10193726096534188,58292.1939352,0.10193726096534188,18.879167599999995,18.879167599999995
31,576107200017179,54417628,2458298.675600686,58298.1762847,18.7287636,0.0477560051,0,zg,186.3260641,18.3060447,0.89200002,0.0939999968,20180629176273,576,0x7,0x2,19.9500008,26.265419,0.0384206064,-0.109623097,0.000135306531,30,1.22899997,1,0.11708319363138954,58298.1762847,0.11708319363138954,18.7287636,18.7287636
32,576107200017179,54819307,2458302.6920308163,58302.1930787,18.8540726,0.0522567779,0,zg,186.3260327,18.3060702,1.28299999,-0.0390000008,20180703192986,576,0x7,0x2,21.3400002,26.1666946,0.0286164545,-0.026043877,3.54814365e-05,30,1.38399994,1,0.10432081228559878,58302.1930787,0.10432081228559878,18.854072600000002,18.854072600000002
33,576107200017179,55119598,2458305.6946673593,58305.1959838,18.8173065,0.0508864038,0,zg,186.3260099,18.3060325,0.810000002,-0.023,20180706195845,576,0x7,0x2,21.0100002,25.9281654,0.0340519212,-0.077732347,5.28130731e-05,30,1.46899998,1,0.10791390293436619,58305.1959838,0.10791390293436619,18.817306499999994,18.817306499999994
34,576107200017179,56717719,2458321.6745328857,58321.1771991,18.8870773,0.0535234772,0,zg,186.3260555,18.306045,0.414000005,-0.0359999985,20180722177083,576,0x7,0x2,20.1700001,25.9603939,0.0406506397,-0.0102373846,0.000120523822,30,1.72899997,1,0.10119733601460934,58321.1771991,0.10119733601460934,18.88707730000001,18.88707730000001
35,576107200017179,67652843,2458431.024965537,58430.5284375,18.8218327,0.0510528311,0,zg,186.3260697,18.3060713,0.61500001,-0.0149999997,20181108528438,576,0x7,0x2,21.1700001,26.1475639,0.0355024822,-0.0745246932,5.14758176e-05,30,2.05500007,1,0.10746496955782225,58430.5284375,0.10746496955782225,18.82183270000001,18.82183270000001
36,576107200017179,68448503,2458438.9821591433,58438.4850347,18.8460751,0.0519550666,0,zg,186.3260139,18.306061,1.06799996,0.0340000018,20181116485035,576,0x7,0x2,21.0499992,26.016264,0.0395806767,-0.0560018495,6.82704267e-05,30,2.5940001,3,0.10509207328463488,58438.4850347,0.10509207328463488,18.8460751,18.8460751
37,576107200017179,68750466,2458442.002031218,58441.5046644,18.8137207,0.0507550091,0,zg,186.3260649,18.3060678,1.07200003,-0.0189999994,20181119504664,576,0x7,0x2,20.9599991,25.982832,0.0373742431,-0.0575978085,6.4762462e-05,30,1.94200003,1,0.10827089330382043,58441.5046644,0.10827089330382043,18.813720699999998,18.813720699999998
38,576107200017179,68750557,2458442.0029455964,58441.5055787,18.8112926,0.050666254,0,zg,186.3260211,18.3060645,1.14600003,0.061999999,20181119505579,576,0x7,0x2,20.8799992,25.9534264,0.0407531224,-0.0449093804,7.97037646e-05,30,1.92700005,3,0.10851329724659661,58441.5055787,0.10851329724659661,18.811292599999994,18.811292599999994
39,576107200017179,68850657,2458443.0040230793,58442.5065741,18.7406082,0.0481612273,32768,zg,186.3260573,18.3060071,1.37600005,-0.0199999996,20181120506574,576,0x7,0x2,20.6299992,25.1505146,0.0559583455,-0.0259767529,0.000188340229,30,1.86699998,3,0.11581284222559787,58442.5065741,0.11581284222559787,18.740608200000004,18.740608200000004
40,576107200017179,69650606,2458451.0041975817,58450.5060648,18.8008957,0.0502883308,0,zg,186.3260784,18.306055,0.465000004,-0.0309999995,20181128506065,576,0x7,0x2,20.4899998,26.2162132,0.0367266871,-0.0393813252,7.84937583e-05,30,1.59599996,1,0.10955740073362244,58450.5060648,0.10955740073362244,18.800895700000005,18.800895700000005
41,576107200017179,69651736,2458451.0154948947,58450.5173611,18.8296986,0.0513435416,0,zg,186.3260083,18.3060435,0.331,0.0250000004,20181128517350,576,0x7,0x2,20.5900002,26.2423115,0.0372828953,-0.0488849245,7.34725982e-05,30,1.49000001,3,0.10668922490501935,58450.5173611,0.10668922490501935,18.829698599999993,18.829698599999993
42,576107200017179,70748427,2458461.983405089,58461.4842708,18.7629414,0.0489365011,0,zg,186.3260459,18.3060315,0.720000029,-0.0460000001,20181209484259,576,0x7,0x2,20.5499992,25.7562656,0.0403632671,-0.113893397,9.27874135e-05,30,1.51699996,1,0.11345494771376603,58461.4842708,0.11345494771376603,18.762941399999995,18.762941399999995
43,576107200017179,70748518,2458461.984319574,58461.4851852,18.6803913,0.0461430885,0,zg,186.3260685,18.3060427,0.579999983,0.0109999999,20181209485174,576,0x7,0x2,20.6700001,25.7421741,0.0392333977,-0.11208041,8.64348767e-05,30,1.50800002,3,0.12241749263513778,58461.4851852,0.12241749263513778,18.680391300000004,18.680391300000004
44,576107200017179,71050287,2458465.002288538,58464.5028704,18.8136177,0.0507512614,0,zg,186.3260272,18.3060576,0.791999996,-0.0379999988,20181212502859,576,0x7,0x2,21.3500004,26.2802258,0.0309556928,-0.121234693,3.90001114e-05,30,1.32099998,3,0.10828116507236668,58464.5028704,0.10828116507236668,18.8136177,18.8136177
45,576107200017179,71050378,2458465.003202924,58464.5037847,18.7525177,0.0485728085,32768,zg,186.3260373,18.3060578,0.513999999,0.0109999999,20181212503773,576,0x7,0x2,21.5,26.2797451,0.0351098776,-0.125613272,4.9392147e-05,30,1.31500006,1,0.11454942670993158,58464.5037847,0.11454942670993158,18.75251769999999,18.75251769999999
46,576107200017179,71154635,2458466.045871002,58465.5463542,18.8425255,0.0518217906,32768,zg,186.3260868,18.3060441,0.76700002,0.0189999994,20181213546343,576,0x7,0x2,21.3799992,26.3310966,0.0409916714,-0.141798332,6.83869657e-05,30,1.12899995,3,0.10543621329634473,58465.5463542,0.10543621329634473,18.8425255,18.8425255
47,576107200017179,71348126,2458467.9809617973,58467.4812616,18.9158039,0.0546547957,32768,zg,186.3261106,18.3059458,1.14100003,0.00100000005,20181215481250,576,0x7,0x2,19.8500004,24.4771576,0.0571474284,-0.0870853513,0.00040393899,30,1.40799999,1,0.09855494955845251,58467.4812616,0.09855494955845251,18.915803900000007,18.915803900000007
48,576107200017179,71349293,2458467.992641127,58467.4929398,18.9094849,0.0544036068,32768,zg,186.3260455,18.3060641,0.745000005,-0.023,20181215492928,576,0x7,0x2,20.4699993,24.9549274,0.0465217009,-0.0598355718,0.000135644266,30,1.33099997,3,0.09913021314993807,58467.4929398,0.09913021314993807,18.909484900000002,18.909484900000002
49,576107200017179,71551835,2458470.018250431,58469.5183565,18.8241959,0.0511399582,0,zg,186.3260217,18.3060532,0.963999987,-0.0689999983,20181217518356,576,0x7,0x2,21.6000004,26.2828369,0.0287537742,-0.0915826112,3.30330404e-05,30,1.18400002,3,0.10723131700857441,58469.5183565,0.10723131700857441,18.8241959,18.8241959
50,576107200017179,71750501,2458472.005094733,58471.5050116,18.8001251,0.0502604246,0,zg,186.3260472,18.306063,0.978999972,0.0480000004,20181219505000,576,0x7,0x2,21.2399998,26.2549019,0.0364673473,-0.0630563498,5.42849302e-05,30,1.21500003,3,0.10963518657144743,58471.5050116,0.10963518657144743,18.800125099999995,18.800125099999995
51,576107200017179,71750592,2458472.0060091163,58471.5059259,18.759613,0.0488200188,0,zg,186.3260942,18.3060578,0.996999979,-0.0109999999,20181219505926,576,0x7,0x2,21.0699997,26.2780972,0.0368616357,-0.0625209659,5.68010182e-05,30,1.21099997,1,0.11380328541654468,58471.5059259,0.11380328541654468,18.759612999999995,18.759612999999995
52,576107200017179,71852488,2458473.025064626,58472.5248843,18.7796097,0.0495248362,0,zg,186.326051,18.3060536,1.24899995,0.0170000009,20181220524838,576,0x7,0x2,21.4799995,26.2888203,0.0299183354,-0.0683796629,3.65574997e-05,30,1.13600004,3,0.1117264809489349,58472.5248843,0.1117264809489349,18.7796097,18.7796097
53,576107200017179,72850113,2458483.002260367,58482.5011343,18.8066311,0.0504964069,0,zg,186.3259887,18.30602,1.43599999,-0.0309999995,20181230500660,576,0x7,0x2,20.9400005,26.2612038,0.038953308,-0.0875505954,6.79113073e-05,30,1.12600005,1,0.10898018981595402,58482.5011343,0.10898018981595402,18.806631099999997,18.806631099999997
54,1571114100007455,72852648,2458483.0276099527,58482.5264815,18.8794746,0.0600814149,0,zg,186.3260514,18.3060861,0.89200002,0.0199999996,20181230526470,1571,0xe,0x1,20.6200008,26.2369823,0.0393791385,-0.0587474555,7.35523499e-05,30,1.08599997,2,0.10190844152007815,58482.5264815,0.10190844152007815,18.8794746,18.8794746
55,576107200017179,72852739,2458483.028524333,58482.5273958,18.7838478,0.049675744,0,zg,186.3261035,18.3060378,0.838999987,-0.00600000005,20181230527384,576,0x7,0x2,20.8199997,26.2434635,0.0365844518,-0.0582470447,6.20401479e-05,30,1.07099998,1,0.11129121403563845,58482.5273958,0.11129121403563845,18.783847799999997,18.783847799999997
56,576107200017179,73348509,2458487.986682185,58487.4850926,18.8256149,0.0511923954,0,zg,186.3260605,18.3060595,0.862999976,0.074000001,20190104485058,576,0x7,0x2,21.7600002,26.2737637,0.0285074152,-0.0562155806,3.17167032e-05,30,1.13199997,3,0.1070912628700897,58487.4850926,0.1070912628700897,18.825614899999998,18.825614899999998
57,576107200017179,73748300,2458491.9849629817,58491.4830093,18.8687515,0.0528158098,32768,zg,186.3261476,18.3060552,1.52199996,0.0480000004,20190108482998,576,0x7,0x2,20.3799992,25.8426533,0.0447269306,-0.0445092358,0.000134918868,30,1.10300004,3,0.10291991053023423,58491.4830093,0.10291991053023423,18.868751499999995,18.868751499999995
58,576107200017179,73749789,2458491.9998485334,58491.4978935,18.8612938,0.0525309145,0,zg,186.3260836,18.3060539,0.745999992,-0.0179999992,20190108497882,576,0x7,0x2,21.2299995,26.2771854,0.0310734641,-0.066876933,3.9773975e-05,30,1.07299995,1,0.10362927981986396,58491.4978935,0.10362927981986396,18.86129379999999,18.86129379999999
59,576107200017179,73852355,2458493.0256002764,58492.5235532,18.8193054,0.050959833,0,zg,186.3260484,18.3060369,0.467999995,0.0189999994,20190109523542,576,0x7,0x2,21.8600006,26.1097183,0.025357293,-0.0845814869,2.48468568e-05,30,1.03999996,3,0.1077154102846038,58492.5235532,0.1077154102846038,18.819305399999998,18.819305399999998
60,1571114100007455,73853725,2458493.039305208,58492.5372569,18.8526287,0.058978416,0,zg,186.326003,18.3060724,1.796,-0.0219999999,20190109537245,1571,0xe,0x1,21.7099991,26.3488827,0.0326195247,-0.0642711595,3.9937855e-05,30,1.05200005,2,0.10445963884753921,58492.5372569,0.10445963884753921,18.852628700000004,18.852628700000004
61,576107200017179,73854091,2458493.04296303,58492.5409144,18.8330402,0.0514676273,0,zg,186.3260682,18.3060543,1.02499998,0.0179999992,20190109540903,576,0x7,0x2,21.8400002,26.1845951,0.0302044675,-0.108030409,3.57341596e-05,30,1.03299999,1,0.10636136934459407,58492.5409144,0.10636136934459407,18.833040199999992,18.833040199999992
62,576107200017179,73953966,2458494.0418020445,58493.5396644,18.8202839,0.050995823,0,zg,186.3260384,18.3060459,0.513999999,0.0399999991,20190110539664,576,0x7,0x2,22.2000008,26.2940445,0.0258246139,-0.0808947906,2.6352378e-05,30,1.03299999,3,0.10761837746202492,58493.5396644,0.10761837746202492,18.8202839,18.8202839
63,1571114100007455,73955733,2458494.0594772142,58493.557338,18.8146706,0.0574557334,0,zg,186.3260183,18.3060487,1.14300001,0.0469999984,20190110557326,1571,0xe,0x1,22.0799999,26.2766514,0.0301281326,-0.0572017506,3.42142848e-05,30,1.06099999,2,0.10817620958183738,58493.557338,0.10817620958183738,18.814670599999992,18.814670599999992
64,576107200017179,73955778,2458494.059928651,58493.5577894,18.8198948,0.0509814881,0,zg,186.3260588,18.3060614,0.810000002,-0.0160000008,20190110557789,576,0x7,0x2,22.1299992,26.2819843,0.0278105177,-0.0740347728,3.07293849e-05,30,1.03799999,1,0.10765695203909204,58493.5577894,0.10765695203909204,18.819894800000007,18.819894800000007
65,576107200017179,74049590,2458494.9981250837,58494.4959028,18.8498001,0.0520953499,0,zg,186.3260515,18.3060527,1.33899999,-0.00400000019,20190111495891,576,0x7,0x2,21.8799992,26.2757435,0.0269771367,-0.0721540004,2.88713509e-05,30,1.06299996,3,0.10473213575625921,58494.4959028,0.10473213575625921,18.849800100000003,18.849800100000003
66,576107200017179,74049680,2458494.9990279614,58494.4968056,18.8360062,0.051578071,0,zg,186.3260757,18.3060517,1.02100003,-0.0320000015,20190111496806,576,0x7,0x2,21.8099995,26.286871,0.0282956604,-0.0890468508,3.21033112e-05,30,1.06200004,1,0.10607120925159826,58494.4968056,0.10607120925159826,18.836006200000007,18.836006200000007
67,576107200017179,74845609,2458502.959001302,58502.4560995,18.8111248,0.0506601185,0,zg,186.3260271,18.3060906,0.512000024,0.0329999998,20190119456065,576,0x7,0x2,20.3600006,26.13908,0.0361278318,-0.0449326783,8.21356007e-05,30,1.09599996,3,0.10853006921968614,58502.4560995,0.10853006921968614,18.81112480000001,18.81112480000001
68,576107200017179,74845710,2458502.96000838,58502.4571065,18.8666134,0.0527339764,0,zg,186.3260628,18.3059838,0.961000025,-0.057,20190119457049,576,0x7,0x2,20.25,26.1518307,0.0440151207,-0.0605625287,0.000128149783,30,1.09399998,1,0.1031227865817074,58502.4571065,0.1031227865817074,18.8666134,18.8666134
69,576107200017179,75145283,2458505.9559799787,58505.4528356,18.6938286,0.0465844348,0,zg,186.32598,18.3060814,0.666999996,-0.0540000014,20190122452824,576,0x7,0x2,19.5499992,26.2707291,0.0429341123,-0.0107631572,0.000246511539,30,1.08599997,3,0.12091176477879999,58505.4528356,0.12091176477879999,18.693828599999996,18.693828599999996
70,576107200017179,75145375,2458505.9568944382,58505.45375,18.8067379,0.0505002663,0,zg,186.3261492,18.3060578,1.31099999,-0.0280000009,20190122453738,576,0x7,0x2,19.7199993,26.3033676,0.041675806,-0.0482132845,0.000198510854,30,1.08399999,1,0.1089694703504039,58505.45375,0.1089694703504039,18.806737899999995,18.806737899999995
71,576107200017179,75250359,2458507.0068270178,58506.5035995,18.8270435,0.0512452088,0,zg,186.3261527,18.3061184,1.01800001,0.150000006,20190123503507,576,0x7,0x2,19.6900005,26.2881603,0.0429891422,-0.0168985315,0.00019058038,30,1.03299999,3,0.10695044600323064,58506.5035995,0.10695044600323064,18.827043499999995,18.827043499999995
72,1571114100007455,75251633,2458507.0195595287,58506.516331,18.9021225,0.0610289201,0,zg,186.3260299,18.3061857,0.633000016,0.177000001,20190123516319,1571,0xe,0x1,19.3600006,26.3207359,0.0435244404,-0.0669189692,0.000295036065,30,1.05700004,2,0.09980470148182471,58506.516331,0.09980470148182471,18.902122499999997,18.902122499999997
73,576107200017179,75251678,2458507.0200109677,58506.5167824,18.4828415,0.0402144529,0,zg,186.3259487,18.3060091,1.04499996,-0.0450000018,20190123516782,576,0x7,0x2,19.4400005,26.3066444,0.0420254581,-0.0384924486,0.000271884113,30,1.03499997,1,0.146846432432689,58506.5167824,0.146846432432689,18.4828415,18.4828415
74,576107200017179,75550437,2458510.0078341635,58509.504375,18.8728065,0.0529714748,0,zg,186.3260784,18.3061437,0.949000001,-0.0199999996,20190126504340,576,0x7,0x2,20.2600002,26.2947388,0.0402128026,-0.046661187,0.000101959668,30,1.03400004,1,0.10253624287229661,58509.504375,0.10253624287229661,18.872806500000003,18.872806500000003
75,576107200017179,75553336,2458510.036829454,58509.5333681,18.8156967,0.0508273914,0,zg,186.3260382,18.3059933,1.23199999,-0.0280000009,20190126533356,576,0x7,0x2,19.9899998,26.2670441,0.041712787,-0.0402605385,0.000150592532,30,1.05499995,3,0.1080740234584336,58509.5333681,0.1080740234584336,18.815696699999997,18.815696699999997
76,576107200017179,75744480,2458511.9484073473,58511.4448032,18.7648468,0.0490033552,0,zg,186.3260385,18.3060283,0.616999984,-0.0500000007,20190128444803,576,0x7,0x2,21.25,26.2479572,0.0316492394,-0.0580302551,4.27205741e-05,30,1.07000005,3,0.11325601589344915,58511.4448032,0.11325601589344915,18.764846800000008,18.764846800000008
77,576107200017179,76843240,2458522.9367525727,58522.4324074,18.7788429,0.0494975559,0,zg,186.3260281,18.3060732,1.16799998,0.0939999968,20190208432384,576,0x7,0x2,21.6100006,26.27244,0.0273593646,-0.0645184889,2.95389891e-05,30,1.04700005,1,0.11180541552362352,58522.4324074,0.11180541552362352,18.778842899999994,18.778842899999994
78,576107200017179,76843332,2458522.9376670267,58522.4333218,18.7827454,0.0496364273,0,zg,186.3260528,18.3061025,1.10300004,0.0780000016,20190208433322,576,0x7,0x2,21.4099998,26.2603779,0.0302023236,-0.045423124,3.63194595e-05,30,1.046,3,0.11140427072483715,58522.4333218,0.11140427072483715,18.782745400000003,18.782745400000003
79,1571114100007455,76846726,2458522.9716157913,58522.4672685,18.7861404,0.0563392863,0,zg,186.3260306,18.3061297,0.72299999,-0.101999998,20190208467268,1571,0xe,0x1,21.1900005,26.2550259,0.0354268998,-0.0235874411,4.89783997e-05,30,1.05400002,2,0.11105646359897232,58522.4672685,0.11105646359897232,18.7861404,18.7861404
80,576107200017179,77042376,2458524.928225125,58524.4237616,18.6820641,0.0461977459,0,zg,186.3260352,18.3060674,0.209000006,-0.00400000019,20190210423750,576,0x7,0x2,21.2900009,26.2641201,0.0335580446,-0.0514047034,4.48651117e-05,30,1.051,3,0.12222902852302472,58524.4237616,0.12222902852302472,18.682064099999998,18.682064099999998
81,576107200017179,77245818,2458526.9627618995,58526.4581829,18.7675056,0.049096778,0,zg,186.3260203,18.3060202,0.598999977,0.0260000005,20190212458183,576,0x7,0x2,20.8700008,26.0390625,0.0344641395,-0.0418070592,5.36472726e-05,30,1.03400004,1,0.11297900874370682,58526.4581829,0.11297900874370682,18.7675056,18.7675056
82,576107200017179,78431724,2458538.8223818447,58538.3172454,18.6542664,0.0452994891,32768,zg,186.3259963,18.306045,0.769999981,-0.165999994,20190224317199,576,0x7,0x2,20.0900002,25.525526,0.0438395776,-0.0759895742,0.000165671881,30,1.227,3,0.12539881716661422,58538.3172454,0.12539881716661422,18.654266400000004,18.654266400000004
83,576107200017179,78431815,2458538.823296181,58538.3181597,18.7950344,0.0500767156,32768,zg,186.3259924,18.3060228,0.546000004,-0.142000005,20190224318148,576,0x7,0x2,19.8600006,25.3342247,0.0473807976,-0.0710176006,0.000270943536,30,1.22300005,1,0.11015044093955079,58538.3181597,0.11015044093955079,18.7950344,18.7950344
84,576107200017179,78527641,2458539.7815844985,58539.276412,18.7227135,0.0475506,32768,zg,186.326075,18.3060843,1.43299997,0.143999994,20190225276412,576,0x7,0x2,20.25,24.9067574,0.0514051728,-0.0180644169,0.000211334351,30,1.45799994,3,0.11773744309451153,58539.276412,0.11773744309451153,18.722713500000005,18.722713500000005
85,576107200017179,78635716,2458540.8623759453,58540.3571644,18.7304382,0.0478130579,0,zg,186.3260518,18.306048,0.908999979,-0.0189999994,20190226357164,576,0x7,0x2,21.8899994,26.2998791,0.0307505056,-0.105100021,3.7783022e-05,30,1.08599997,3,0.11690274796769709,58540.3571644,0.11690274796769709,18.730438200000002,18.730438200000002
86,1571114100007455,78640982,2458540.915039811,58540.4098264,18.7023926,0.0531983562,0,zg,186.3260313,18.3060448,0.833999991,-0.0489999987,20190226409815,1571,0xe,0x1,21.3700008,26.164629,0.0369603895,-0.0725836158,5.15566353e-05,30,1.05200005,1,0.11996179623563617,58540.4098264,0.11996179623563617,18.702392600000003,18.702392600000003
87,576107200017179,78929655,2458543.8018593565,58543.2965509,18.6782169,0.0460721478,32768,zg,186.3260683,18.3060513,0.661000013,-0.050999999,20190301296539,576,0x7,0x2,20.5699997,25.3927345,0.0841285214,0.00916685909,0.000417401781,30,1.25999999,3,0.12266290336779097,58543.2965509,0.12266290336779097,18.678216900000002,18.678216900000002
88,576107200017179,78931238,2458543.817693257,58543.3123843,18.9661694,0.0567045584,32768,zg,186.3260135,18.305989,0.690999985,0.0340000018,20190301312373,576,0x7,0x2,20.1100006,25.1626549,0.045666758,-0.0254115462,0.000155387577,30,1.19099998,1,0.09408756736728481,58543.3123843,0.09408756736728481,18.966169400000005,18.966169400000005
89,576107200017179,79228931,2458546.7947103754,58546.2893171,18.7586746,0.0487872437,0,zg,186.3260926,18.3061292,0.967000008,-0.0710000023,20190304289317,576,0x7,0x2,20.9899998,26.1991005,0.037655592,-0.0326214731,6.28943671e-05,30,1.255,3,0.11390168792571129,58546.2893171,0.11390168792571129,18.7586746,18.7586746
90,576107200017179,79229023,2458546.795624802,58546.2902315,18.6711655,0.0458430089,0,zg,186.3260428,18.3060891,1.19700003,0.0320000015,20190304290220,576,0x7,0x2,20.9400005,26.2030296,0.0397561304,-0.0289874282,6.95445488e-05,30,1.25100005,1,0.12346213987756725,58546.2902315,0.12346213987756725,18.671165499999994,18.671165499999994
91,576107200017179,79333208,2458547.8375028227,58547.3320833,18.733036,0.0479017012,0,zg,186.3260722,18.3060622,1.82500005,-0.0579999983,20190305332083,576,0x7,0x2,21.4099998,26.2373199,0.031455297,-0.0398675092,3.96182404e-05,30,1.09899998,3,0.11662337353661242,58547.3320833,0.11662337353661242,18.73303599999999,18.73303599999999
92,576107200017179,80237443,2458556.8800062845,58556.3744329,18.6850491,0.0462954901,0,zg,186.3259381,18.3059036,1.48399997,0.0350000001,20190314374433,576,0x7,0x2,19.8999996,26.2587929,0.0492167398,-0.0280218124,0.000202265321,30,1.03299999,3,0.12189344740835573,58556.3744329,0.12189344740835573,18.685049100000008,18.685049100000008
93,576107200017179,80237533,2458556.8809089935,58556.3753356,18.6628342,0.0455740578,0,zg,186.325964,18.3058642,1.69500005,0.574999988,20190314375336,576,0x7,0x2,20.1700001,26.287447,0.0403212607,-0.0626191497,0.00011389541,30,1.03400004,1,0.12441315972081692,58556.3753356,0.12441315972081692,18.6628342,18.6628342
94,576107200017179,80531500,2458559.8205947834,58559.315,18.5938015,0.043418549,0,zg,186.3260101,18.3060355,1.01800001,-0.0649999976,20190317315000,576,0x7,0x2,20.5599995,26.2980042,0.03828457,-0.109644189,8.50835568e-05,30,1.06799996,1,0.13258042290617372,58559.315,0.13258042290617372,18.593801500000005,18.593801500000005
95,576107200017179,80531590,2458559.8214975875,58559.3159028,18.6861382,0.0463312231,0,zg,186.3260423,18.3060387,0.753000021,-0.0320000015,20190317315903,576,0x7,0x2,20.5799999,26.2839756,0.0393479131,-0.103920199,8.34583698e-05,30,1.06700003,3,0.12177123761879285,58559.3159028,0.12177123761879285,18.686138199999995,18.686138199999995
96,576107200017179,80625420,2458560.7598000304,58560.2542014,18.6575184,0.0454034656,0,zg,186.3260785,18.3060286,0.488999993,0.0610000007,20190318254201,576,0x7,0x2,20.3700008,26.2801304,0.0423651375,-0.110159136,0.000103419348,30,1.24100006,3,0.12502378422245994,58560.2542014,0.12502378422245994,18.657518400000008,18.657518400000008
97,1571114100007455,80729179,2458561.7973952773,58561.291794,18.8433514,0.0586023033,0,zg,186.3260186,18.3060484,0.400999993,-0.0340000018,20190319291736,1571,0xe,0x1,19.8999996,26.2175522,0.0378431641,-0.0528718643,0.000132480433,30,1.11300004,1,0.10535604036246952,58561.291794,0.10535604036246952,18.843351399999996,18.843351399999996
98,576107200017179,80731500,2458561.820601325,58561.315,18.717968,0.0473902188,0,zg,186.3260622,18.3060325,1.04799998,-0.167999998,20190319315000,576,0x7,0x2,19.6900005,26.2488174,0.0438898318,-0.0580725968,0.000216843269,30,1.05999994,3,0.11825317227324272,58561.315,0.11825317227324272,18.717968000000006,18.717968000000006
99,576107200017179,80816859,2458562.674201535,58562.1685995,18.1840172,0.0330020525,0,zg,186.3257574,18.3061593,0.470999986,0.074000001,20190320168090,576,0x7,0x2,17.9699993,26.0486507,0.0478525907,-0.0890548974,0.00215346739,30,2.01300001,1,0.1933717911508368,58562.1685995,0.1933717911508368,18.184017199999992,18.184017199999992
100,576107200017179,81327582,2458567.7814042536,58567.2758218,18.6396751,0.0448365323,0,zg,186.3260144,18.3060254,0.703999996,0.0140000004,20190325275822,576,0x7,0x2,21.0499992,26.1827908,0.0345398262,-0.0155833866,5.04961827e-05,30,1.102,3,0.1270954373727283,58567.2758218,0.1270954373727283,18.639675099999998,18.639675099999998
101,576107200017179,81329179,2458567.797376332,58567.291794,18.7117958,0.0471825898,0,zg,186.3260569,18.3060401,0.620000005,0.00100000005,20190325291748,576,0x7,0x2,20.9400005,26.1833363,0.037234176,-0.0115124695,6.31936418e-05,30,1.07099998,1,0.11892733307133076,58567.291794,0.11892733307133076,18.711795799999997,18.711795799999997
102,1571114100007455,81345039,2458567.955974501,58567.4503935,18.6456203,0.0511818789,0,zg,186.326008,18.3060758,0.352999985,0.0240000002,20190325450382,1571,0xe,0x1,20.1100006,26.1245995,0.0448683798,-0.0136284707,0.000139138545,30,1.352,1,0.1264013987940584,58567.4503935,0.1264013987940584,18.645620299999997,18.645620299999997
103,576107200017179,81831651,2458572.822038086,58572.3165162,18.7019081,0.0468522944,0,zg,186.3260378,18.3060539,0.595000029,0.00600000005,20190330316516,576,0x7,0x2,21.4500008,25.8797073,0.0324318781,-0.0966797993,4.36713854e-05,30,1.03400004,3,0.12001534005230705,58572.3165162,0.12001534005230705,18.701908100000004,18.701908100000004
104,576107200017179,81831741,2458572.822940872,58572.317419,18.7371006,0.0480407774,0,zg,186.3260582,18.3060554,1.25600004,0.00499999989,20190330317419,576,0x7,0x2,21.5100002,25.9191456,0.0328809358,-0.0830188245,4.4564953e-05,30,1.03400004,1,0.1161875944076685,58572.317419,0.1161875944076685,18.737100599999998,18.737100599999998
105,576107200017179,81929824,2458573.803746059,58573.2982407,18.7197304,0.0474496894,0,zg,186.3260213,18.3060328,0.837000012,-0.00600000005,20190331298229,576,0x7,0x2,21.1800003,26.2186604,0.0347718038,-0.065606162,4.94243395e-05,30,1.04299998,3,0.11806137583764653,58573.2982407,0.11806137583764653,18.719730399999996,18.719730399999996
106,576107200017179,82129160,2458575.7970758965,58575.2916088,18.8330536,0.0514681637,32768,zg,186.3260493,18.3060565,0.963999987,0.0590000004,20190402291609,576,0x7,0x2,21.4400005,25.7334347,0.0805741251,-0.0707615316,0.000260351138,30,1.04400003,1,0.10636005665597985,58575.2916088,0.10636005665597985,18.833053599999992,18.833053599999992
107,576107200017179,82129444,2458575.7999114394,58575.2944444,18.7347431,0.0479600616,0,zg,186.3260506,18.3060261,0.545000017,-0.00400000019,20190402294444,576,0x7,0x2,21.5699997,25.7325687,0.045692049,-0.0819518417,8.52880257e-05,30,1.04100001,3,0.11644015101025262,58575.2944444,0.11644015101025262,18.734743099999996,18.734743099999996
108,576107200017179,82625539,2458580.7607382275,58580.2553935,18.7275276,0.0477139466,0,zg,186.3260607,18.3060478,0.769999981,-0.0280000009,20190407255394,576,0x7,0x2,21.6599998,26.1898155,0.0290107671,-0.0696797445,3.38782156e-05,30,1.07200003,1,0.11721655680883661,58580.2553935,0.11721655680883661,18.727527599999995,18.727527599999995
109,576107200017179,82625629,2458580.761641002,58580.2562963,18.7867966,0.0497810468,0,zg,186.3260521,18.3060567,0.841000021,0.0370000005,20190407256296,576,0x7,0x2,21.6200008,26.2514877,0.0274715144,-0.0834217817,3.05084195e-05,30,1.07099998,3,0.11098936329112065,58580.2562963,0.11098936329112065,18.786796599999995,18.786796599999995
110,576107200017179,82729733,2458581.8026522137,58581.297338,18.7378006,0.0480648167,0,zg,186.3260404,18.3060468,0.731000006,0.0759999976,20190408297338,576,0x7,0x2,21.8500004,26.2152119,0.0292874333,-0.0644814,3.39155886e-05,30,1.03299999,3,0.11611270963985378,58581.297338,0.11611270963985378,18.737800600000007,18.737800600000007
111,576107200017179,82833107,2458582.836358696,58582.3310764,18.7860146,0.0497530885,0,zg,186.3260402,18.3060381,1.17999995,-0.0839999989,20190409331030,576,0x7,0x2,21.9400005,26.229969,0.0257497337,-0.0628068522,2.59956487e-05,30,1.05200005,3,0.11106933202176841,58582.3310764,0.11106933202176841,18.78601460000001,18.78601460000001
112,1571114100007455,83122616,2458585.7313533765,58585.226169,18.7039032,0.0532532334,0,zg,186.3260209,18.3060454,0.846000016,-0.0780000016,20190412226157,1571,0xe,0x1,21.3700008,26.2221432,0.0305263214,-0.0633225441,3.546058e-05,30,1.11300004,1,0.11979500776155382,58585.226169,0.11979500776155382,18.703903200000006,18.703903200000006
113,576107200017179,83225516,2458586.760308603,58586.255162,18.7334328,0.0479152612,0,zg,186.326056,18.3060524,0.647000015,0.0370000005,20190413255162,576,0x7,0x2,21.3099995,26.2169724,0.0352505855,-0.074975498,4.99742127e-05,30,1.04999995,3,0.11658075941058486,58586.255162,0.11658075941058486,18.733432799999996,18.733432799999996
114,576107200017179,83323297,2458587.7380837626,58587.2329745,18.7636433,0.0489611141,0,zg,186.3260645,18.306083,1.25300002,-0.0659999996,20190414232975,576,0x7,0x2,20.8899994,26.2219334,0.034467008,-0.0493695959,5.70073171e-05,30,1.07799995,3,0.11338162576655435,58587.2329745,0.11338162576655435,18.763643300000005,18.763643300000005
115,576107200017179,83427405,2458588.779118905,58588.2740509,18.4677658,0.0398027375,32768,zg,186.325976,18.3061006,0.60799998,0.0209999997,20190415274016,576,0x7,0x2,19.0300007,24.9416122,0.0453199558,-0.0444138348,0.000622817781,30,1.03400004,3,0.14889965105906683,58588.2740509,0.14889965105906683,18.467765800000002,18.467765800000002
116,576107200017179,83819061,2458592.695512441,58592.1906134,18.6118126,0.0439685658,32768,zg,186.3260289,18.3060324,0.444000006,-0.0370000005,20190419190613,576,0x7,0x2,19.7600002,26.0623779,0.0616754703,-0.0051954533,0.000382500002,30,1.14900005,3,0.1303992099071017,58592.1906134,0.1303992099071017,18.6118126,18.6118126
117,576107200017179,83820263,2458592.7075373963,58592.2026389,18.7197666,0.0474509373,0,zg,186.3260481,18.30603,0.272000015,-0.00800000038,20190419202627,576,0x7,0x2,19.9899998,26.240036,0.0418154188,-0.0420197956,0.00014310985,30,1.11399996,1,0.11805743956791452,58592.2026389,0.11805743956791452,18.719766600000007,18.719766600000007
118,576107200017179,84022851,2458594.733321276,58594.2285185,18.7543831,0.0486376658,0,zg,186.3260353,18.3060525,0.74000001,0.0160000008,20190421228519,576,0x7,0x2,20.5799999,26.2537155,0.0381268784,-0.0620958433,8.02538489e-05,30,1.05499995,3,0.11435278866578313,58594.2285185,0.11435278866578313,18.754383100000005,18.754383100000005
119,576107200017179,84222782,2458596.7325269924,58596.2278241,18.7284737,0.0477461368,0,zg,186.3260635,18.3060426,0.654999971,-0.0160000008,20190423227813,576,0x7,0x2,21.4799995,26.2528973,0.0317234546,-0.0852216855,4.0407871e-05,30,1.04999995,1,0.11711445992750602,58596.2278241,0.11711445992750602,18.728473700000002,18.728473700000002
120,576107200017179,84222872,2458596.7334297467,58596.2287269,18.7399559,0.0481388159,0,zg,186.3260911,18.3060583,0.505999982,0.0199999996,20190423228727,576,0x7,0x2,21.3899994,26.2434406,0.0340941846,-0.0688368604,4.52826462e-05,30,1.04900002,3,0.11588244238673444,58596.2287269,0.11588244238673444,18.739955900000005,18.739955900000005
121,576107200017179,84327285,2458597.7775073806,58597.2728588,18.7391243,0.048110228,0,zg,186.3260406,18.3060334,0.589999974,-0.00200000009,20190424272859,576,0x7,0x2,21.4099998,26.2267532,0.0356097743,-0.0627768785,4.9981445e-05,30,1.03699994,3,0.11597123444662134,58597.2728588,0.11597123444662134,18.739124300000007,18.739124300000007
122,576107200017179,84425379,2458598.758392604,58598.2537963,18.766489,0.049061019,0,zg,186.326053,18.3060606,0.595000029,0.0549999997,20190425253704,576,0x7,0x2,22.0699997,26.2071323,0.0283188634,-0.071482785,3.19606661e-05,30,1.03299999,3,0.11308484315082964,58598.2537963,0.11308484315082964,18.766489,18.766489
123,576107200017179,84621221,2458600.716698836,58600.2122106,18.7356682,0.0479917228,0,zg,186.3260519,18.3060531,0.324999988,0.0179999992,20190427212211,576,0x7,0x2,21.5699997,26.2287674,0.0304722246,-0.0585190058,3.71323622e-05,30,1.05499995,3,0.11634098059902391,58600.2122106,0.11634098059902391,18.7356682,18.7356682
124,576107200017179,84621312,2458600.7176131853,58600.213125,18.7073956,0.0470352508,0,zg,186.3260584,18.306056,0.646000028,0.0149999997,20190427213113,576,0x7,0x2,21.4300003,26.2393551,0.0312825665,-0.0790720508,3.95000898e-05,30,1.05400002,1,0.1194102919048861,58600.213125,0.1194102919048861,18.707395600000005,18.707395600000005
125,576107200017179,84723663,2458601.7410616847,58601.2366319,18.7877254,0.0498143137,0,zg,186.3260521,18.3060492,0.723999977,0.00400000019,20190428236632,576,0x7,0x2,21.9799995,26.2579956,0.0298095196,-0.0974269062,3.52321658e-05,30,1.03400004,3,0.11089445732818089,58601.2366319,0.11089445732818089,18.787725399999992,18.787725399999992
126,576107200017179,85521166,2458609.71559836,58609.2116667,18.7586861,0.0487876646,0,zg,186.3260395,18.3060501,0.934000015,0.00400000019,20190506211655,576,0x7,0x2,21.5,26.2381153,0.0357148945,-0.0871231556,4.95557651e-05,30,1.03499997,1,0.11390048149778839,58609.2116667,0.11390048149778839,18.7586861,18.7586861
127,576107200017179,85825459,2458612.7583176983,58612.2545949,18.7854061,0.0497313663,0,zg,186.3260526,18.3060539,0.486999989,-0.00100000005,20190509254595,576,0x7,0x2,21.9400005,26.1798534,0.028253004,-0.0692095757,3.09542957e-05,30,1.05799997,1,0.11113159818822041,58612.2545949,0.11113159818822041,18.785406099999996,18.785406099999996
128,576107200017179,86525165,2458619.754862926,58619.2516551,18.5933609,0.0434052274,0,zg,186.3260242,18.3060521,0.662,0.115999997,20190516251562,576,0x7,0x2,19.6100006,26.060564,0.0388099737,-0.0493774973,0.000170174477,30,1.08500004,1,0.13263423596711113,58619.2516551,0.13263423596711113,18.5933609,18.5933609
129,576107200017179,87419174,2458628.6942372425,58628.1917477,18.696146,0.0466610715,0,zg,186.3260505,18.3060395,0.975000024,0.00200000009,20190525191748,576,0x7,0x2,21.8400002,26.1495571,0.0264614392,-0.0723626316,2.78431708e-05,30,1.03900003,3,0.12065396541272512,58628.1917477,0.12065396541272512,18.69614599999999,18.69614599999999
130,576107200017179,87419265,2458628.6951399683,58628.1926505,18.7238159,0.04758792,0,zg,186.3260639,18.3060251,0.541000009,0.0480000004,20190525192650,576,0x7,0x2,21.8600006,26.160408,0.0324754156,-0.07731352,4.17085903e-05,30,1.03999996,1,0.11761795929533143,58628.1926505,0.11761795929533143,18.723815899999998,18.723815899999998
131,576107200017179,87922868,2458633.7307410003,58633.2286806,18.6848488,0.0462889224,0,zg,186.3260485,18.3060282,1.58800006,0.0189999994,20190530228646,576,0x7,0x2,21.7900009,26.1767521,0.0285667796,-0.0591215082,3.13397068e-05,30,1.12100005,1,0.12191593676594437,58633.2286806,0.12191593676594437,18.684848800000005,18.684848800000005
132,576107200017179,88021579,2458634.7177731907,58634.2157986,18.696701,0.0466794632,0,zg,186.3260604,18.3060365,0.750999987,0.023,20190531215787,576,0x7,0x2,21.7399998,26.1586647,0.0299050454,-0.0851834267,3.49879047e-05,30,1.09599996,3,0.12059230601648252,58634.2157986,0.12059230601648252,18.696700999999997,18.696700999999997
133,576107200017179,88119334,2458635.695234015,58635.1933449,18.7181187,0.0473952852,0,zg,186.3260376,18.3060362,0.81400001,0.0359999985,20190601193345,576,0x7,0x2,21.9599991,26.1853905,0.0259298813,-0.0756878927,2.63189268e-05,30,1.06099999,3,0.1182367598921498,58635.1933449,0.1182367598921498,18.718118699999998,18.718118699999998
134,576107200017179,88224872,2458636.750523169,58636.2487269,18.7001133,0.0467926189,0,zg,186.3260553,18.306029,1.204,0.0189999994,20190602248715,576,0x7,0x2,21.6700001,26.1568642,0.0310876798,-0.0727284178,3.7823429e-05,30,1.21800005,3,0.12021389810746567,58636.2487269,0.12021389810746567,18.700113300000005,18.700113300000005
135,576107200017179,88224965,2458636.751448987,58636.2496528,18.6549397,0.0453210026,0,zg,186.3260746,18.3060562,0.619000018,0.00600000005,20190602249641,576,0x7,0x2,21.7800007,26.1733952,0.0326232463,-0.0959792361,4.09578533e-05,30,1.222,1,0.12532107742703535,58636.2496528,0.12532107742703535,18.654939699999993,18.654939699999993
136,576107200017179,88321451,2458637.7162247966,58637.2145139,18.6949673,0.046622064,0,zg,186.3260496,18.3060372,0.975000024,0.00300000003,20190603214479,576,0x7,0x2,21.7600002,26.1459332,0.0282212663,-0.0780904889,3.08020608e-05,30,1.11199999,3,0.12078502123658318,58637.2145139,0.12078502123658318,18.694967299999995,18.694967299999995
137,576107200017179,88420575,2458638.7073751315,58638.2057523,18.6699905,0.0458049476,0,zg,186.326068,18.3060673,1.40900004,-0.0410000011,20190604205752,576,0x7,0x2,21.2900009,26.1767654,0.0354850478,-0.0667029321,4.8570073e-05,30,1.09800005,3,0.12359582478135304,58638.2057523,0.12359582478135304,18.669990500000004,18.669990500000004
138,576107200017179,88522916,2458639.7306981664,58639.2291667,18.7449989,0.0483124815,0,zg,186.3260548,18.3060398,0.731000006,0.0489999987,20190605229155,576,0x7,0x2,21.6100006,26.1605721,0.0271380618,-0.0578652956,2.95673253e-05,30,1.17299998,3,0.11534544264283621,58639.2291667,0.11534544264283621,18.744998900000006,18.744998900000006
139,576107200017179,88819833,2458642.6995975883,58642.1983333,18.7033978,0.0469018519,0,zg,186.3260706,18.3060327,0.65200001,-0.0450000018,20190608198322,576,0x7,0x2,21.4099998,26.2342625,0.0302727241,-0.0730191171,3.68495203e-05,30,1.10599995,1,0.11985078419257747,58642.1983333,0.11985078419257747,18.703397799999998,18.703397799999998
140,576107200017179,89218994,2458646.6908431263,58646.1899421,18.7345371,0.0479530059,0,zg,186.326064,18.3060644,0.949999988,-0.128999993,20190612189942,576,0x7,0x2,20.5499992,26.1265316,0.041544348,-0.0212371629,9.54705974e-05,30,1.11199999,1,0.11646224564675603,58646.1899421,0.11646224564675603,18.734537100000004,18.734537100000004
141,576107200017179,89517480,2458649.675430455,58649.1748032,18.6709023,0.0458344705,0,zg,186.3260677,18.3060773,0.425999999,-0.0850000009,20190615174664,576,0x7,0x2,20.2399998,26.1768227,0.0410952456,-0.0653876364,0.000115178249,30,1.09599996,1,0.12349207272320377,58649.1748032,0.12349207272320377,18.6709023,18.6709023
142,576107200017179,90123674,2458655.736816181,58655.2367477,18.7347469,0.0479601845,0,zg,186.3259934,18.306091,0.995999992,-0.00200000009,20190621236748,576,0x7,0x2,20.5699997,26.1320953,0.038322717,-0.0330532566,7.58449241e-05,30,1.45500004,1,0.11643974347866533,58655.2367477,0.11643974347866533,18.734746899999998,18.734746899999998
143,576107200017179,90420575,2458658.7055471484,58658.2057523,18.7046795,0.0469446033,0,zg,186.326059,18.3060286,0.931999981,0.0529999994,20190624205729,576,0x7,0x2,21.7700005,26.1441936,0.0282960758,-0.0673988312,3.29741015e-05,30,1.301,1,0.11970938509766892,58658.2057523,0.11970938509766892,18.704679500000005,18.704679500000005
144,576107200017179,90722806,2458661.7275842424,58661.2280671,18.657259,0.0453951471,0,zg,186.3260499,18.3060439,1.08299994,-0.0719999969,20190627228056,576,0x7,0x2,21.2999992,26.1525841,0.04000213,-0.092498146,6.71342059e-05,30,1.52100003,1,0.1250536580020766,58661.2280671,0.1250536580020766,18.657259000000003,18.657259000000003
145,576107200017179,91620625,2458670.7049547285,58670.20625,18.5947609,0.0434476323,0,zg,186.3260836,18.3060476,0.398000002,0.0109999999,20190706206250,576,0x7,0x2,20.6800003,26.0609779,0.0389897972,-0.00713058421,7.32982153e-05,30,1.546,1,0.132463321279411,58670.20625,0.132463321279411,18.594760900000004,18.594760900000004
146,576107200017179,92217451,2458676.672696137,58676.1745139,18.6760712,0.0460022651,0,zg,186.3260507,18.3060509,1.14199996,-0.169,20190712174514,576,0x7,0x2,20.5,26.1091061,0.0461854041,-0.0292755812,0.000124651371,30,1.41700006,1,0.12290555718738894,58676.1745139,0.12290555718738894,18.676071200000003,18.676071200000003
147,576107200017179,92517396,2458679.671896841,58679.1739699,18.5859756,0.0431822687,0,zg,186.3260495,18.3060501,0.602999985,0.00499999989,20190715173958,576,0x7,0x2,20.4300003,26.1481361,0.0438895933,-0.0576642267,0.000123416903,30,1.477,1,0.13353950436305928,58679.1739699,0.13353950436305928,18.585975600000005,18.585975600000005
148,576107200017179,93217829,2458686.675652553,58686.1782986,18.6870747,0.0463619903,0,zg,186.32606,18.3060424,0.763000011,0.0140000004,20190722178287,576,0x7,0x2,20.9799995,26.0487957,0.0307936911,-0.0361656249,4.04839848e-05,30,1.71899998,1,0.12166624932081223,58686.1782986,0.12166624932081223,18.687074700000004,18.687074700000004
149,576107200017179,93820135,2458692.698246021,58692.2013542,18.6916161,0.0465114154,0,zg,186.3260597,18.306047,0.861999989,-0.0649999976,20190728201354,576,0x7,0x2,20.4099998,25.7808247,0.0460503064,-0.0191720035,0.000119777047,30,2.48099995,1,0.12115840851727527,58692.2013542,0.12115840851727527,18.691616099999997,18.691616099999997
150,576107200017179,105051461,2458805.0118033206,58804.5146181,18.7430973,0.0482469089,0,zg,186.3261299,18.3058421,0.671999991,0.202000007,20191117514618,576,0x7,0x2,19.4699993,26.0755558,0.0433955789,-0.0351398811,0.000276901381,30,1.85300004,1,0.1155476400882015,58804.5146181,0.1155476400882015,18.743097299999995,18.743097299999995
151,576107200017179,106051303,2458815.0110551477,58814.5130324,18.7154884,0.0473066866,0,zg,186.3260386,18.305953,0.670000017,-0.0289999992,20191127512917,576,0x7,0x2,19.8400002,25.8121738,0.0477111004,-0.0543863066,0.000170888787,30,1.54400003,1,0.11852354701776975,58814.5130324,0.11852354701776975,18.715488400000005,18.715488400000005
152,576107200017179,107454782,2458829.0471277265,58828.5478241,18.5528736,0.0422003679,0,zg,186.326087,18.3061594,0.601000011,0.0960000008,20191211547824,576,0x7,0x2,19.8299999,26.3156548,0.0491856337,-0.028240893,0.0002137517,30,1.13499999,1,0.13767356549584694,58828.5478241,0.13767356549584694,18.552873600000005,18.552873600000005
153,576107200017179,107754847,2458832.048059106,58831.5484722,18.623682,0.0443357602,0,zg,186.3260763,18.30604,0.268000007,-0.023,20191214548472,576,0x7,0x2,20.1000004,26.3619556,0.0431273431,-0.0638416633,0.000134374146,30,1.11099994,1,0.12898143368467196,58831.5484722,0.12898143368467196,18.623681999999995,18.623681999999995
154,1571114100007455,107956444,2458834.0642226147,58833.5644444,18.4408054,0.0446217246,0,zg,186.3260313,18.3058658,0.35800001,0.00200000009,20191216564444,1571,0xe,0x1,19.3500004,26.3221207,0.0391589142,-0.0253549609,0.000206901677,30,1.08000004,3,0.15264333286751094,58833.5644444,0.15264333286751094,18.440805399999995,18.440805399999995
155,576107200017179,107956534,2458834.0651255017,58833.5653472,18.3287811,0.0362555012,0,zg,186.3260812,18.3059765,1.051,0.82099998,20191216565336,576,0x7,0x2,18.9300003,26.3521614,0.0460901782,-0.0405317023,0.000572034041,30,1.06599998,1,0.16923397680934815,58833.5653472,0.16923397680934815,18.328781100000008,18.328781100000008
156,576107200017179,108354681,2458838.046974565,58837.5468171,18.6533241,0.0452694334,0,zg,186.3260593,18.3062425,1.00199997,-0.00400000019,20191220546782,576,0x7,0x2,19.8299999,26.3223801,0.043708723,-0.0541946776,0.000169044244,30,1.079,1,0.12550769683382362,58837.5468171,0.12550769683382362,18.6533241,18.6533241
157,576107200017179,109254618,2458847.04719283,58846.5461806,18.5841522,0.0431274287,0,zg,186.3260861,18.3060601,0.602999985,-0.00800000038,20191229546181,576,0x7,0x2,21.6499996,26.3668995,0.0365224369,-0.120270662,5.35141553e-05,30,1.046,1,0.1337639608294378,58846.5461806,0.1337639608294378,18.5841522,18.5841522
158,576107200017179,109550318,2458850.0044723693,58849.5031829,18.5940628,0.043426495,0,zg,186.3260649,18.3060444,0.64200002,-0.0120000001,20200101503171,576,0x7,0x2,21.6100006,26.3514843,0.0335152224,-0.112723805,4.47580824e-05,30,1.102,1,0.13254851911964202,58849.5031829,0.13254851911964202,18.594062799999996,18.594062799999996
159,576107200017179,110145880,2458855.9606455695,58855.4588079,18.532999,0.04162433,0,zg,186.3260481,18.3060547,1.15400004,0.0410000011,20200107458750,576,0x7,0x2,21.0,26.3397713,0.0333299451,-0.0875210091,4.93078769e-05,30,1.18599999,2,0.14021691251506543,58855.4588079,0.14021691251506543,18.532998999999997,18.532998999999997
160,576107200017179,110254173,2458857.0436716587,58856.5417361,18.5532246,0.0422106124,0,zg,186.326093,18.3060649,1.09300005,-0.0480000004,20200108541736,576,0x7,0x2,21.6599998,26.3626423,0.0349339098,-0.12389005,4.88187834e-05,30,1.03299999,2,0.13762906517334716,58856.5417361,0.13762906517334716,18.5532246,18.5532246
161,576107200017179,110552228,2458860.0244815857,58859.5222801,18.566761,0.0426088311,0,zg,186.3260243,18.3060619,0.465999991,0.0280000009,20200111521701,576,0x7,0x2,20.5200005,26.3480778,0.0389310308,-0.0597181171,8.45087707e-05,30,1.03699994,1,0.13592382894018915,58859.5222801,0.13592382894018915,18.566761000000007,18.566761000000007
162,576107200017179,110552318,2458860.025384462,58859.5231829,18.5582275,0.0423572585,0,zg,186.3260608,18.306053,0.634000003,-0.0320000015,20200111523183,576,0x7,0x2,20.5300007,26.3764725,0.0355566218,-0.079212822,7.25477366e-05,30,1.03699994,2,0.13699635114100978,58859.5231829,0.13699635114100978,18.558227500000008,18.558227500000008
163,576107200017179,110554284,2458860.0450504986,58859.5428472,18.4452324,0.0391974822,0,zg,186.3260602,18.3060236,0.936999977,-0.0909999982,20200111542558,576,0x7,0x2,20.1800003,26.3717785,0.0398293585,-0.059169542,0.000110004534,30,1.03299999,2,0.1520222093933839,58859.5428472,0.1520222093933839,18.445232400000002,18.445232400000002
164,576107200017179,110746089,2458861.9632626954,58861.4608912,18.6503372,0.0451742485,0,zg,186.3259588,18.3061638,0.462000012,-0.0109999999,20200113460856,576,0x7,0x2,19.5799999,26.3302765,0.0382325128,-0.0470395088,0.000184602715,30,1.12600005,2,0.12585344846672267,58861.4608912,0.12585344846672267,18.650337200000003,18.650337200000003
165,576107200017179,110749747,2458861.999851575,58861.4974769,18.4309807,0.0388208218,0,zg,186.326159,18.3060698,0.782000005,0.0860000029,20200113497477,576,0x7,0x2,19.6499996,26.3445549,0.0422909185,-0.0491995066,0.00018210469,30,1.05400002,2,0.15403085282862944,58861.4974769,0.15403085282862944,18.4309807,18.4309807
166,576107200017179,110847975,2458862.982216743,58862.4797569,18.624712,0.0443678014,0,zg,186.3260775,18.3060266,1.051,0.0329999998,20200114479699,576,0x7,0x2,20.0699997,26.3309536,0.0443577096,-0.0603466816,0.000158992974,30,1.07700002,2,0.1288591315264293,58862.4797569,0.1288591315264293,18.624711999999995,18.624711999999995
167,576107200017179,111254417,2458867.0469829724,58866.5441782,18.5336533,0.0416431054,0,zg,186.3260958,18.3060473,0.412,-0.0170000009,20200118544144,576,0x7,0x2,21.2199993,26.3640938,0.0355726182,-0.116295651,5.23157432e-05,30,1.04299998,2,0.1401324386925381,58866.5441782,0.1401324386925381,18.533653300000005,18.533653300000005
168,576107200017179,111256454,2458867.067355064,58866.5645486,18.5299702,0.0415374152,0,zg,186.3260808,18.3060355,0.973999977,-0.0289999992,20200118564537,576,0x7,0x2,21.3700008,26.3651829,0.0318603106,-0.111817695,4.16636649e-05,30,1.06700003,2,0.14060861161848243,58866.5645486,0.14060861161848243,18.5299702,18.5299702
169,576107200017179,111344033,2458867.9432146726,58867.4403356,18.5734024,0.0428059362,0,zg,186.3260484,18.3060234,0.739000022,-0.0340000018,20200119440324,576,0x7,0x2,21.2099991,26.3305473,0.0404120609,-0.0814527571,6.6417153e-05,30,1.13800001,1,0.13509492669698142,58867.4403356,0.13509492669698142,18.5734024,18.5734024
170,576107200017179,111744268,2458871.9458877146,58871.4426852,18.6141701,0.0440412126,0,zg,186.3260645,18.3060467,0.81400001,0.00999999978,20200123442674,576,0x7,0x2,21.2900009,26.3383427,0.0412423462,-0.0915389434,6.81496531e-05,30,1.10300004,1,0.13011637635571774,58871.4426852,0.13011637635571774,18.614170100000003,18.614170100000003
171,576107200017179,111747923,2458871.9824415105,58871.4792361,18.5539989,0.0422332771,0,zg,186.3261002,18.306045,1.25300002,0.00499999989,20200123479236,576,0x7,0x2,21.2999992,26.3390045,0.0374933854,-0.0819596052,5.52540587e-05,30,1.04499996,2,0.13753094907982782,58871.4792361,0.13753094907982782,18.553998900000003,18.553998900000003
172,576107200017179,111937807,2458873.881432268,58873.3780787,18.5840664,0.0431248434,0,zg,186.3260596,18.3060607,0.689999998,0.0410000011,20200125377951,576,0x7,0x2,21.5900002,26.2541027,0.0380984172,-0.103443801,5.83438305e-05,30,1.34099996,2,0.13377453190672275,58873.3780787,0.13377453190672275,18.584066400000005,18.584066400000005
173,576107200017179,111941408,2458873.9174419716,58873.4140856,18.6097183,0.0439041592,0,zg,186.3260448,18.3060414,0.762000024,-0.00100000005,20200125414086,576,0x7,0x2,21.7700005,26.2081013,0.0358993411,-0.106553853,5.09327801e-05,30,1.16999996,2,0.13065098250437393,58873.4140856,0.13065098250437393,18.609718300000004,18.609718300000004
174,576107200017179,112145608,2458875.959599696,58875.456088,18.5701122,0.042708151,0,zg,186.3261185,18.3060556,0.310000002,-0.00600000005,20200127456088,576,0x7,0x2,21.3099995,26.3218822,0.0433809236,-0.104176156,7.60739058e-05,30,1.05799997,2,0.13550493742873346,58875.456088,0.13550493742873346,18.570112200000004,18.570112200000004
175,576107200017179,112145699,2458875.9605024625,58875.4569907,18.5943279,0.0434345156,0,zg,186.3261453,18.3060806,1.10099995,0.0199999996,20200127456991,576,0x7,0x2,21.3099995,26.3182354,0.0419490226,-0.0987634584,7.12220863e-05,30,1.05700004,1,0.13251615921234017,58875.4569907,0.13251615921234017,18.594327900000003,18.594327900000003
176,576107200017179,112239479,2458876.898373321,58876.3947917,18.5411644,0.0418597572,0,zg,186.3260451,18.3060365,1.49600005,0.0829999968,20200128394792,576,0x7,0x2,21.6499996,26.3030148,0.0399880745,-0.109765694,6.27470145e-05,30,1.21300006,2,0.13916635099854716,58876.3947917,0.13916635099854716,18.541164400000007,18.541164400000007
177,576107200017179,112250754,2458877.011136292,58876.5075463,18.5909023,0.0433308147,0,zg,186.3260619,18.3060558,1.52499998,-0.0649999976,20200128507523,576,0x7,0x2,21.7800007,26.3434906,0.0331292078,-0.114027277,4.28699095e-05,30,1.03699994,2,0.13293492044557356,58876.5075463,0.13293492044557356,18.590902300000003,18.590902300000003
178,576107200017179,112339523,2458877.898886639,58877.3952315,18.5419426,0.0418822952,0,zg,186.3260635,18.3060686,1.68400002,0.0120000001,20200129395232,576,0x7,0x2,21.0699997,26.2878017,0.0411100797,-0.0823166147,7.31224864e-05,30,1.20000005,2,0.1390666394374261,58877.3952315,0.1390666394374261,18.54194259999999,18.54194259999999
179,576107200017179,112352649,2458878.030157828,58877.5264931,18.592144,0.0433683768,32768,zg,186.3260908,18.3060669,1.079,0.0149999997,20200129526470,576,0x7,0x2,21.4599991,26.3407841,0.0381117612,-0.127768561,5.74201513e-05,30,1.05599999,2,0.13278297659616176,58877.5264931,0.13278297659616176,18.592143999999998,18.592143999999998
180,576107200017179,112448655,2458878.9902850185,58878.4865509,18.6001396,0.0436111204,0,zg,186.3261464,18.3060957,1.01699996,0.0120000001,20200130486551,576,0x7,0x2,21.1100006,26.3435192,0.0405879617,-0.0917368457,6.82573373e-05,30,1.03299999,1,0.13180872528106616,58878.4865509,0.13180872528106616,18.6001396,18.6001396
181,576107200017179,112448745,2458878.9911878873,58878.4874537,18.52495,0.0413938761,0,zg,186.3260831,18.3060219,0.825999975,-0.0149999997,20200130487454,576,0x7,0x2,21.0799999,26.3428478,0.0372478776,-0.0892839953,5.88530893e-05,30,1.03299999,2,0.14126025958784785,58878.4874537,0.14126025958784785,18.524949999999997,18.524949999999997
182,576107200017179,112452076,2458879.0245004767,58878.5207639,18.5675812,0.0426331125,0,zg,186.3260065,18.3060174,1.40199995,0.0289999992,20200130520752,576,0x7,0x2,20.9899998,26.3286133,0.0351822861,-0.0713682547,5.5116976e-05,30,1.05200005,2,0.1358211864888849,58878.5207639,0.1358211864888849,18.5675812,18.5675812
183,576107200017179,112646093,2458880.9648110857,58880.4609375,18.6391106,0.0448187217,0,zg,186.3260391,18.306042,1.09899998,0.0839999989,20200201460938,576,0x7,0x2,21.6800003,26.3368816,0.0390295759,-0.0924594626,6.15201498e-05,30,1.03999996,2,0.12716153448579734,58880.4609375,0.12716153448579734,18.639110600000002,18.639110600000002
184,576107200017179,112746145,2458881.965400853,58881.4614583,18.6031628,0.0437033512,0,zg,186.326061,18.3060456,0.354999989,-0.0149999997,20200202461458,576,0x7,0x2,21.7700005,26.3433743,0.031234175,-0.0948947445,3.83524348e-05,30,1.03799999,1,0.13144221832706607,58881.4614583,0.13144221832706607,18.6031628,18.6031628
185,576107200017179,112746236,2458881.9663037136,58881.4623611,18.5443859,0.041953139,0,zg,186.326078,18.3060443,1.06400001,0.112000003,20200202462361,576,0x7,0x2,21.8400002,26.3352489,0.0354796834,-0.0919410214,4.96377215e-05,30,1.03699994,2,0.13875404095403393,58881.4623611,0.13875404095403393,18.5443859,18.5443859
186,576107200017179,112748042,2458881.9843720496,58881.4804282,18.5728645,0.0427899398,0,zg,186.3260687,18.306051,0.566999972,0.063000001,20200202480370,576,0x7,0x2,21.8799992,26.3420238,0.0321240164,-0.0941235051,4.06354884e-05,30,1.03299999,2,0.13516187257606252,58881.4804282,0.13516187257606252,18.5728645,18.5728645
187,576107200017179,112943695,2458883.9410312576,58883.436956,18.533287,0.0416325852,0,zg,186.3261622,18.3060679,0.768000007,0.0370000005,20200204436944,576,0x7,0x2,20.6599998,26.29286,0.0378397852,-0.0641811639,7.41062904e-05,30,1.05499995,2,0.14017972381746274,58883.436956,0.14017972381746274,18.533286999999994,18.533286999999994
188,576107200017179,112947954,2458883.983626675,58883.4795486,18.5668545,0.042611625,0,zg,186.3261118,18.3060439,0.943000019,0.050999999,20200204479549,576,0x7,0x2,20.4699993,26.3027821,0.0405660942,-0.0714746788,8.85540358e-05,30,1.03299999,2,0.13591212413496895,58883.4795486,0.13591212413496895,18.566854499999998,18.566854499999998
189,576107200017179,113043960,2458884.94374733,58884.4396065,18.5466347,0.0420184471,0,zg,186.3260511,18.3060625,0.69599998,0.0320000015,20200205439606,576,0x7,0x2,20.5799999,26.347765,0.0351851732,-0.0782920346,6.27550471e-05,30,1.04900002,2,0.1384669480421221,58884.4396065,0.1384669480421221,18.54663469999999,18.54663469999999
190,576107200017179,113044230,2458884.9464442027,58884.4423032,18.5424576,0.0418972112,0,zg,186.3260895,18.3060469,1.44599998,-0.0140000004,20200205442303,576,0x7,0x2,20.5900002,26.3465805,0.0389226526,-0.0726388991,7.89463666e-05,30,1.046,1,0.1390006912485418,58884.4423032,0.1390006912485418,18.5424576,18.5424576
191,576107200017179,113142528,2458885.9294934734,58885.4252894,18.5186138,0.0412135832,0,zg,186.326149,18.306116,0.569000006,0.0140000004,20200206425289,576,0x7,0x2,20.2199993,26.3408508,0.046188172,-0.0573089346,0.000127951338,30,1.06299996,2,0.1420870442540401,58885.4252894,0.1420870442540401,18.518613800000004,18.518613800000004
192,576107200017179,113144303,2458885.9472376104,58885.4430324,18.6762142,0.0460069217,0,zg,186.3260646,18.3059492,1.23699999,0.0250000004,20200206442998,576,0x7,0x2,19.9599991,26.3684959,0.0438497141,-0.0862829313,0.000171281034,30,1.04299998,2,0.12288937062454218,58885.4430324,0.12288937062454218,18.676214199999997,18.676214199999997
193,576107200017179,113245827,2458886.962544578,58886.4582755,18.5470524,0.0420305766,0,zg,186.3260671,18.3060689,0.65200001,-0.0670000017,20200207458275,576,0x7,0x2,20.8999996,26.3467884,0.0326655172,-0.0566151477,5.22837217e-05,30,1.03299999,2,0.13841368784886277,58886.4582755,0.13841368784886277,18.547052400000005,18.547052400000005
194,576107200017179,113246020,2458886.9644774985,58886.4602083,18.4833164,0.0402275287,0,zg,186.3260618,18.3060507,1.10399997,-0.050999999,20200207460174,576,0x7,0x2,20.8999996,26.3276882,0.033040259,-0.0497914925,5.0442799e-05,30,1.03299999,2,0.14678221598568295,58886.4602083,0.14678221598568295,18.4833164,18.4833164
195,576107200017179,113342577,2458887.930104229,58887.4257755,18.4923897,0.0404780805,0,zg,186.3260444,18.3060665,0.995000005,0.0219999999,20200208425764,576,0x7,0x2,20.4699993,26.3433819,0.0408975668,-0.057191778,9.89551845e-05,30,1.05499995,1,0.14556069482598205,58887.4257755,0.14556069482598205,18.492389699999997,18.492389699999997
196,576107200017179,113342666,2458887.9309954843,58887.4266667,18.5229645,0.0413372666,0,zg,186.3260367,18.3060402,1.12600005,0.0289999992,20200208426667,576,0x7,0x2,20.3199997,26.3431606,0.0412306339,-0.0652486607,0.000105693267,30,1.05400002,2,0.14151882041709063,58887.4266667,0.14151882041709063,18.522964499999993,18.522964499999993
197,576107200017179,113343972,2458887.944051782,58887.4397222,18.4914722,0.0404526405,0,zg,186.326063,18.3060624,0.654999971,-0.0710000023,20200208439664,576,0x7,0x2,20.5499992,26.3454456,0.0364240855,-0.0618589297,7.46955193e-05,30,1.04100001,2,0.14568375269377926,58887.4397222,0.14568375269377926,18.491472199999997,18.491472199999997
198,576107200017179,113429606,2458888.800446084,58888.2960648,18.3040276,0.0356686339,0,zg,186.3260136,18.306024,0.782999992,-0.0329999998,20200209296065,576,0x7,0x2,19.3999996,26.2470741,0.0331591852,-0.0708692893,0.000184003162,30,1.70599997,2,0.1731366300065442,58888.2960648,0.1731366300065442,18.304027600000005,18.304027600000005
199,576107200017179,113834771,2458892.8523332854,58892.3477199,18.4935646,0.0405106843,0,zg,186.3260425,18.306077,1.35899997,0.0439999998,20200213347674,576,0x7,0x2,20.5,26.2942562,0.0342899412,-0.080220826,6.6522116e-05,30,1.22800004,2,0.14540326546050347,58892.3477199,0.14540326546050347,18.493564600000006,18.493564600000006
200,576107200017179,113838091,2458892.885529617,58892.3809144,18.4596615,0.0395836718,0,zg,186.3260414,18.3060509,1.09200001,-0.057,20200213380914,576,0x7,0x2,20.6800003,26.3254032,0.0400719382,-0.0707525462,8.29979035e-05,30,1.11399996,1,0.15001524651685852,58892.3809144,0.15001524651685852,18.459661500000003,18.459661500000003
201,576107200017179,113945996,2458893.964638574,58893.4599653,18.5356846,0.0417015553,0,zg,186.3260563,18.3060756,0.924000025,-0.00100000005,20200214459954,576,0x7,0x2,21.0200005,26.3157902,0.0351798385,-0.0633287281,5.5548735e-05,30,1.03600001,2,0.13987051050854804,58893.4599653,0.13987051050854804,18.535684600000003,18.535684600000003
202,576107200017179,114033518,2458894.8399043377,58894.3351852,18.5547085,0.0422540493,0,zg,186.3260655,18.3060783,1.71899998,0.0399999991,20200215335150,576,0x7,0x2,21.3400002,26.2913628,0.0322724767,-0.0852360874,4.2788477e-05,30,1.26100004,2,0.1374410929282106,58894.3351852,0.1374410929282106,18.554708499999997,18.554708499999997
203,576107200017179,114037217,2458894.876896978,58894.3721759,18.5714455,0.0427477583,0,zg,186.3260653,18.3060566,1.33700001,-0.0540000014,20200215372176,576,0x7,0x2,21.2099991,26.3192749,0.0340823457,-0.0747287124,4.76844252e-05,30,1.12300003,2,0.13533863750638728,58894.3721759,0.13533863750638728,18.571445500000003,18.571445500000003
204,576107200017179,114138407,2458895.8888468775,58895.3840741,18.5183372,0.041205734,0,zg,186.326061,18.306027,0.805000007,0.0170000009,20200216384062,576,0x7,0x2,21.5699997,26.3169537,0.0337792747,-0.0870004818,4.50527114e-05,30,1.08800006,1,0.1421232466785812,58895.3840741,0.1421232466785812,18.518337199999998,18.518337199999998
205,576107200017179,114139527,2458895.9000511453,58895.3952778,18.5856972,0.0431738757,0,zg,186.3260723,18.3060468,0.910000026,0.0460000001,20200216395197,576,0x7,0x2,21.4200001,26.3236809,0.0351452567,-0.0875222161,4.91704777e-05,30,1.06799996,2,0.13357375040247335,58895.3952778,0.13357375040247335,18.58569719999999,18.58569719999999
206,576107200017179,114140050,2458895.9052829104,58895.4005093,18.5277786,0.0414746515,0,zg,186.3260713,18.306035,0.975000024,-0.101000004,20200216400509,576,0x7,0x2,21.5400009,26.3354836,0.0355174243,-0.10090258,5.06664801e-05,30,1.05999994,2,0.14089272211919185,58895.4005093,0.14089272211919185,18.527778599999998,18.527778599999998
207,576107200017179,114438283,2458898.8877530396,58898.3828356,18.5534153,0.0422161967,32768,zg,186.3260773,18.3060573,1.13800001,0.0729999989,20200219382824,576,0x7,0x2,22.0400009,26.3250084,0.0408619009,-0.126875281,6.67507556e-05,30,1.07500005,2,0.13760489396323017,58898.3828356,0.13760489396323017,18.553415300000005,18.553415300000005
208,576107200017179,114439980,2458898.9047214254,58898.3998032,18.6162472,0.04410531,32768,zg,186.3260887,18.3060434,1.301,-0.00300000003,20200219399803,576,0x7,0x2,21.9799995,26.3431892,0.040746782,-0.139819562,6.5875669e-05,30,1.04999995,2,0.12986769129766443,58898.3998032,0.12986769129766443,18.616247199999997,18.616247199999997
209,576107200017179,114441949,2458898.924409836,58898.4194907,18.622818,0.0443088934,32768,zg,186.326074,18.3060511,0.541000009,0.0340000018,20200219419491,576,0x7,0x2,22.0200005,26.3348522,0.0409823321,-0.136836499,6.62195816e-05,30,1.03499997,1,0.129084114529666,58898.4194907,0.129084114529666,18.622818000000002,18.622818000000002
210,576107200017179,114442039,2458898.925312677,58898.4203935,18.6021786,0.0436733216,32768,zg,186.3260872,18.3060519,1.30900002,-0.0160000008,20200219420394,576,0x7,0x2,22.0300007,26.3490524,0.0379807353,-0.138478026,5.69752519e-05,30,1.03499997,2,0.131561422312463,58898.4203935,0.131561422312463,18.602178599999995,18.602178599999995
211,576107200017179,114540011,2458899.905079267,58899.4001157,18.5431252,0.0419165567,0,zg,186.326075,18.3060303,1.32700002,0.0909999982,20200220400116,576,0x7,0x2,21.8299999,26.3331223,0.0345103145,-0.11329633,4.73256041e-05,30,1.04700005,1,0.13891524845190037,58899.4001157,0.13891524845190037,18.5431252,18.5431252
212,576107200017179,114540103,2458899.9059937075,58899.4010301,18.5567436,0.0423136912,0,zg,186.3260773,18.3060646,0.48300001,0.0179999992,20200220401018,576,0x7,0x2,21.7399998,26.3248291,0.033997573,-0.109477706,4.61136697e-05,30,1.046,2,0.13718371513201974,58899.4010301,0.13718371513201974,18.556743599999997,18.556743599999997
213,576107200017179,114541890,2458899.923864906,58899.4189005,18.5491486,0.0420916267,0,zg,186.326081,18.3060391,0.819000006,0.0829999968,20200220418900,576,0x7,0x2,21.8500004,26.3332386,0.0330650099,-0.118107915,4.34178728e-05,30,1.03499997,2,0.13814671428183609,58899.4189005,0.13814671428183609,18.549148600000002,18.549148600000002
214,576107200017179,114633662,2458900.841625055,58900.3366204,18.5707588,0.0427273624,0,zg,186.3260727,18.3060301,1.17499995,0.0359999985,20200221336609,576,0x7,0x2,21.4599991,26.2943745,0.0380884446,-0.112573855,5.69765798e-05,30,1.18400002,2,0.13542426276075423,58900.3366204,0.13542426276075423,18.5707588,18.5707588
215,576107200017179,114635901,2458900.864021834,58900.3590162,18.564539,0.0425431393,0,zg,186.3260923,18.3060557,0.575999975,0.0320000015,20200221359005,576,0x7,0x2,21.75,26.315197,0.0369425304,-0.114607371,5.40120018e-05,30,1.11399996,2,0.13620228701128967,58900.3590162,0.13620228701128967,18.564539000000003,18.564539000000003
216,576107200017179,114637903,2458900.884045907,58900.3790394,18.5569305,0.0423191823,0,zg,186.3260861,18.3060408,0.748000026,0.0450000018,20200221379039,576,0x7,0x2,21.8500004,26.3316307,0.0372254699,-0.121698715,5.4135915e-05,30,1.07200003,2,0.13716010218667066,58900.3790394,0.13716010218667066,18.5569305,18.5569305
217,576107200017179,114933578,2458903.8409145186,58903.335787,18.5453568,0.0419813059,0,zg,186.3260723,18.3060635,1.04499996,-0.0799999982,20200224335775,576,0x7,0x2,21.7700005,26.2852478,0.0412305444,-0.118593916,6.75306219e-05,30,1.15799999,2,0.1386300181187327,58903.335787,0.1386300181187327,18.5453568,18.5453568
218,576107200017179,114935686,2458903.8619917454,58903.3568634,18.5941181,0.0434281603,0,zg,186.3260658,18.3060418,1.20799994,0.0240000002,20200224356863,576,0x7,0x2,21.7199993,26.3065186,0.0358550735,-0.104849204,5.16790569e-05,30,1.10000002,1,0.13254176817368465,58903.3568634,0.13254176817368465,18.594118099999996,18.594118099999996
219,576107200017179,114937528,2458903.8804184655,58903.3752894,18.5629349,0.0424958169,0,zg,186.3260578,18.306033,0.439999998,0.0130000003,20200224375278,576,0x7,0x2,21.7199993,26.3182049,0.0401270986,-0.110964231,6.37935082e-05,30,1.06500006,2,0.1364036651759145,58903.3752894,0.1364036651759145,18.562934899999995,18.562934899999995
220,576107200017179,115045880,2458904.963977936,58904.4588079,18.5065517,0.0408731773,0,zg,186.3260706,18.3060558,1.02499998,-0.0390000008,20200225458715,576,0x7,0x2,21.2299995,26.3064194,0.0371921845,-0.0836271942,5.66203998e-05,30,1.06400001,1,0.1436743761317217,58904.4588079,0.1436743761317217,18.506551699999996,18.506551699999996
221,576107200017179,115128950,2458905.7947024866,58905.2895023,18.4719849,0.0399174057,0,zg,186.3260243,18.3060442,1.09599996,0.0280000009,20200226289502,576,0x7,0x2,20.8099995,26.255312,0.044233188,-0.070264928,9.70095862e-05,30,1.34899998,2,0.14832215951117886,58905.2895023,0.14832215951117886,18.471984900000002,18.471984900000002
222,576107200017179,115129634,2458905.8015430346,58905.2963426,18.5032425,0.0407804176,0,zg,186.3260765,18.3060341,0.465000004,0.0299999993,20200226296343,576,0x7,0x2,20.7199993,26.2609329,0.0394104756,-0.0607162639,7.23680423e-05,30,1.30799997,2,0.14411294724554546,58905.2963426,0.14411294724554546,18.503242499999992,18.503242499999992
223,576107200017179,115130739,2458905.812596639,58905.3073958,18.5603352,0.0424192175,0,zg,186.3260358,18.3060402,1.25100005,0.00999999978,20200226307396,576,0x7,0x2,20.7399998,26.2773361,0.0451462604,-0.0719805881,9.9316203e-05,30,1.25,1,0.13673066310177473,58905.3073958,0.13673066310177473,18.560335200000004,18.560335200000004
224,576107200017179,115233383,2458906.839067668,58906.333831,18.5427818,0.041906599,0,zg,186.3260741,18.3060399,1.06500006,-0.0500000007,20200227333831,576,0x7,0x2,21.3500004,26.3118248,0.0376651585,-0.0827076286,5.68487703e-05,30,1.13800001,1,0.13895919194462955,58906.333831,0.13895919194462955,18.542781799999993,18.542781799999993
225,576107200017179,115235181,2458906.85705439,58906.3518171,18.5361252,0.0417142585,0,zg,186.3260724,18.3060521,0.824999988,-0.0199999996,20200227351817,576,0x7,0x2,21.4599991,26.3241501,0.0354811139,-0.0981520787,5.08052472e-05,30,1.09300005,2,0.1398137615081828,58906.3518171,0.1398137615081828,18.536125200000008,18.536125200000008
226,576107200017179,115431726,2458908.822569727,58908.3172685,18.5612507,0.04244617,0,zg,186.3260456,18.3060273,1.25899994,-0.064000003,20200229317269,576,0x7,0x2,21.2600002,26.3004456,0.0433124229,-0.100942902,7.65133227e-05,30,1.17499995,2,0.13661541948979733,58908.3172685,0.13661541948979733,18.561250699999995,18.561250699999995
227,576107200017179,115434002,2458908.8453250434,58908.3400231,18.5486736,0.0420777723,0,zg,186.3260811,18.3060084,1.25699997,0.120999999,20200229340023,576,0x7,0x2,21.6299992,26.286768,0.0330780037,-0.0958141461,4.33941423e-05,30,1.10699999,2,0.13820716547164458,58908.3400231,0.13820716547164458,18.548673599999994,18.548673599999994
228,576107200017179,115434092,2458908.8462278713,58908.3409259,18.6113567,0.0439545512,0,zg,186.3260793,18.3060507,1.426,-0.0140000004,20200229340926,576,0x7,0x2,21.6100006,26.3048534,0.0360445902,-0.0906961039,5.17057124e-05,30,1.10500002,1,0.13045397595670222,58908.3409259,0.13045397595670222,18.61135670000001,18.61135670000001
229,576107200017179,115525913,2458909.7644615835,58909.2591319,18.5757923,0.0428771563,0,zg,186.3261088,18.3060861,1.18900001,0.123999998,20200301259132,576,0x7,0x2,20.0900002,26.2593098,0.0383448675,-0.0775645822,0.000103348189,30,1.49399996,2,0.13479788558846084,58909.2591319,0.13479788558846084,18.575792299999996,18.575792299999996
230,576107200017179,115528336,2458909.788698524,58909.2833681,18.528717,0.0415015332,0,zg,186.326052,18.3059919,0.237000003,0.136999995,20200301283368,576,0x7,0x2,19.8600006,26.269062,0.0436496772,-0.0622740798,0.000183438809,30,1.32000005,2,0.14077100138236878,58909.2833681,0.14077100138236878,18.528716999999993,18.528716999999993
231,576107200017179,115739938,2458911.9047759306,58911.3993866,18.5638428,0.0425225869,0,zg,186.3261513,18.3060519,1.12600005,0.00200000009,20200303399387,576,0x7,0x2,21.2000008,26.3053398,0.0367204212,-0.0828964338,5.45441799e-05,30,1.03299999,1,0.13628965117950953,58911.3993866,0.13628965117950953,18.563842799999996,18.563842799999996
232,576107200017179,115827525,2458912.7806661744,58912.2752546,18.5302639,0.0415458195,0,zg,186.3260441,18.3060432,1.45099998,-0.0140000004,20200304275255,576,0x7,0x2,20.8799992,26.2550735,0.0359844342,-0.0524938442,5.92718752e-05,30,1.31900001,2,0.14057058105082632,58912.2752546,0.14057058105082632,18.5302639,18.5302639
233,576107200017179,115854364,2458913.049063927,58912.5436458,18.4865417,0.0403163508,0,zg,186.3260465,18.3060449,1.40699995,0.0359999985,20200304543553,576,0x7,0x2,21.3199997,26.1845989,0.0330467522,-0.0549406819,4.43318095e-05,30,1.55499995,2,0.14634683010972996,58912.5436458,0.14634683010972996,18.486541699999997,18.486541699999997
234,576107200017179,115929509,2458913.8005286087,58913.2950926,18.5565701,0.0423085839,0,zg,186.3260446,18.3060432,0.901000023,0.0489999987,20200305295081,576,0x7,0x2,21.0100002,26.2640285,0.0340383388,-0.0650088266,5.01678624e-05,30,1.20799994,2,0.13720563875978078,58913.2950926,0.13720563875978078,18.556570099999995,18.556570099999995
235,576107200017179,115931565,2458913.821096197,58913.3156597,18.516428,0.0411516428,0,zg,186.3260426,18.3060426,1.43200004,0.057,20200305315648,576,0x7,0x2,21.1100006,26.2717628,0.0305874273,-0.071104072,4.04423881e-05,30,1.13600004,2,0.14237338148118894,58913.3156597,0.14237338148118894,18.516427999999998,18.516427999999998
236,576107200017179,115933089,2458913.8363280557,58913.3308912,18.4700508,0.0398647971,0,zg,186.3260509,18.3060445,1.59099996,-0.0240000002,20200305330880,576,0x7,0x2,21.0699997,26.2710915,0.0336641595,-0.0633825362,4.69479965e-05,30,1.097,1,0.14858661191704364,58913.3308912,0.14858661191704364,18.470050800000003,18.470050800000003
237,576107200017179,116042380,2458914.9292690274,58914.4238079,18.5279999,0.041480992,0,zg,186.326083,18.306047,0.35800001,0.00600000005,20200306423808,576,0x7,0x2,20.5799999,26.02915,0.036375083,-0.0658121705,7.64424476e-05,30,1.05400002,2,0.1408640076101788,58914.4238079,0.1408640076101788,18.527999900000005,18.527999900000005
238,576107200017179,116042474,2458914.930206547,58914.4247454,18.5129051,0.0410520472,0,zg,186.3260894,18.306043,0.842000008,-0.0450000018,20200306424722,576,0x7,0x2,20.6900005,26.1708813,0.0383486263,-0.0800752193,7.95319647e-05,30,1.05499995,1,0.14283609220637444,58914.4247454,0.14283609220637444,18.512905100000005,18.512905100000005
239,576107200017179,116045681,2458914.962278917,58914.4568171,18.5534115,0.0422160849,0,zg,186.3260688,18.3060611,0.296999991,0.0320000015,20200306456806,576,0x7,0x2,20.8899994,26.2714691,0.0347907133,-0.063138932,5.62959685e-05,30,1.11600006,2,0.1376053755714793,58914.4568171,0.1376053755714793,18.553411500000003,18.553411500000003
240,576107200017179,116123613,2458915.741612158,58915.2361343,18.4900742,0.0404139608,0,zg,186.3260099,18.3060339,0.546999991,-0.0419999994,20200307236134,576,0x7,0x2,19.8899994,26.1513748,0.0408832245,-0.0449319929,0.000148451785,30,1.55499995,2,0.14587145672569196,58915.2361343,0.14587145672569196,18.490074200000002,18.490074200000002
241,576107200017179,116144446,2458915.949949657,58915.4444676,18.4527702,0.0393986069,0,zg,186.3260784,18.306066,1.08200002,-0.0460000001,20200307444468,576,0x7,0x2,20.2999992,26.3003578,0.0412006192,-0.0722178146,0.000107387415,30,1.09300005,1,0.15097043972454827,58915.4444676,0.15097043972454827,18.452770199999996,18.452770199999996
242,576107200017179,116144629,2458915.9517783923,58915.4462963,18.5355492,0.0416976772,0,zg,186.3260782,18.3060763,0.859000027,0.0790000036,20200307446285,576,0x7,0x2,20.3299999,26.2926483,0.0402016081,-0.0700709596,9.68422319e-05,30,1.097,2,0.13988795456906536,58915.4462963,0.13988795456906536,18.5355492,18.5355492
243,576107200017179,118228886,2458936.7944069356,58936.2888657,18.4530487,0.0394060425,0,zg,186.326068,18.3060516,0.723999977,-0.050999999,20200328288866,576,0x7,0x2,21.6800003,26.2757931,0.0372978523,-0.115058288,5.58076463e-05,30,1.05900002,2,0.15093171956833656,58936.2888657,0.15093171956833656,18.453048700000004,18.453048700000004
244,576107200017179,118228976,2458936.795309723,58936.2897685,18.4807777,0.0401577726,0,zg,186.3260735,18.3060529,0.994000018,0.0399999991,20200328289769,576,0x7,0x2,21.8700008,26.2687206,0.0396474451,-0.114771783,6.2719846e-05,30,1.05799997,1,0.14712582800122084,58936.2897685,0.14712582800122084,18.480777699999997,18.480777699999997
245,576107200017179,118231111,2458936.8166520265,58936.3111111,18.4667473,0.0397751294,0,zg,186.3260824,18.3060482,0.943000019,0.0379999988,20200328311100,576,0x7,0x2,21.7000008,26.2756882,0.0381061211,-0.102597646,5.88961702e-05,30,1.03799999,2,0.14903939536122643,58936.3111111,0.14903939536122643,18.4667473,18.4667473
246,576107200017179,118533768,2458939.843176141,58939.3376852,18.5135384,0.0410699248,0,zg,186.3260638,18.3060426,0.625,-0.00700000022,20200331337685,576,0x7,0x2,21.2000008,25.9005032,0.0369618908,-0.0763962194,6.07826078e-05,30,1.03799999,1,0.14275280151362882,58939.3376852,0.14275280151362882,18.51353840000001,18.51353840000001
247,576107200017179,118635311,2458940.858584315,58940.3531134,18.6835518,0.046246428,32768,zg,186.3261118,18.3060969,0.596000016,-0.119999997,20200401353102,576,0x7,0x2,19.1700001,24.2144375,0.063566491,-0.0439026095,0.0010948315,30,1.05400002,2,0.1220616622685728,58940.3531134,0.1220616622685728,18.683551799999996,18.683551799999996
248,576107200017179,118639398,2458940.89945156,58940.3939815,18.4849472,0.0402724184,0,zg,186.3260913,18.3060265,0.542999983,0.0450000018,20200401393970,576,0x7,0x2,21.25,26.0364685,0.0472486429,-0.0716882944,9.43244522e-05,30,1.13800001,1,0.146561911315558,58940.3939815,0.146561911315558,18.4849472,18.4849472
249,576107200017179,118724336,2458941.748820123,58941.2433681,18.4977264,0.0406263992,0,zg,186.3260359,18.3060212,0.709999979,0.0450000018,20200402243368,576,0x7,0x2,20.6299992,26.2936878,0.0424660742,-0.0823287144,9.32775001e-05,30,1.12399995,2,0.14484697840818941,58941.2433681,0.14484697840818941,18.497726399999998,18.497726399999998
250,576107200017179,118726631,2458941.771770928,58941.2663194,18.4998074,0.0406843908,0,zg,186.326079,18.3060632,0.563000023,0.0219999999,20200402266319,576,0x7,0x2,20.7099991,26.3048401,0.0388051793,-0.0570047908,7.05898055e-05,30,1.07299995,2,0.14456962017207708,58941.2663194,0.14456962017207708,18.4998074,18.4998074
251,576107200017179,118745662,2458941.962067659,58941.4566204,18.4574375,0.0395238176,0,zg,186.3261139,18.3060106,0.662,-0.0299999993,20200402456620,576,0x7,0x2,20.6299992,26.1829147,0.0417807288,-0.0663816407,9.33506963e-05,30,1.48300004,1,0.1503228496387624,58941.4566204,0.1503228496387624,18.457437500000005,18.457437500000005
252,576107200017179,120029716,2458954.802201323,58954.2971644,18.4706917,0.0398822054,0,zg,186.3260558,18.3060471,0.768000007,0.050999999,20200415297164,576,0x7,0x2,21.7299995,26.2744141,0.0362360254,-0.0920643955,5.24272982e-05,30,1.03799999,2,0.1484989285016386,58954.2971644,0.1484989285016386,18.470691699999996,18.470691699999996
253,576107200017179,120029806,2458954.8031039843,58954.2980671,18.4992256,0.0406681597,0,zg,186.3260372,18.3060628,1.06299996,0.00800000038,20200415298067,576,0x7,0x2,21.6800003,26.2761288,0.0401812345,-0.0905389935,6.38135461e-05,30,1.03900003,1,0.1446471096619992,58954.2980671,0.1446471096619992,18.499225599999995,18.499225599999995
254,576107200017179,120130016,2458955.8051566635,58955.300162,18.4836082,0.0402355678,0,zg,186.3260627,18.3060429,0.568000019,-0.00400000019,20200416300162,576,0x7,0x2,21.7800007,26.3025951,0.0358374007,-0.104164414,5.03672782e-05,30,1.04200006,1,0.14674277243082592,58955.300162,0.14674277243082592,18.4836082,18.4836082
255,576107200017179,120130106,2458955.806059425,58955.3010648,18.4814415,0.0401759967,0,zg,186.3260817,18.3060368,0.238000005,0.0120000001,20200416301065,576,0x7,0x2,21.7199993,26.301405,0.0335519724,-0.0948343128,4.48323844e-05,30,1.04299998,2,0.14703590535165778,58955.3010648,0.14703590535165778,18.481441499999995,18.481441499999995
256,576107200017179,120131810,2458955.82309579,58955.3181019,18.500885,0.0407144837,0,zg,186.3260829,18.3060478,0.527999997,-0.0179999992,20200416318090,576,0x7,0x2,21.6700001,26.3098011,0.0358485468,-0.116179995,5.04184536e-05,30,1.06200004,2,0.14442620509833204,58955.3181019,0.14442620509833204,18.500885000000004,18.500885000000004
257,576107200017179,120823297,2458962.737638833,58962.2329745,18.4514885,0.0393643156,0,zg,186.326057,18.3060454,0.757000029,-0.0309999995,20200423232940,576,0x7,0x2,21.8199997,26.2916336,0.0344418585,-0.0874811113,4.7361842e-05,30,1.04299998,1,0.15114876395131865,58962.2329745,0.15114876395131865,18.451488500000004,18.451488500000004
258,576107200017179,120931174,2458963.816354809,58963.3117477,18.4838371,0.0402418599,0,zg,186.326064,18.3060488,0.528999984,0.0240000002,20200424311678,576,0x7,0x2,21.6700001,26.2670135,0.0313122347,-0.0760229453,3.83694314e-05,30,1.08899999,1,0.1467118386920682,58963.3117477,0.1467118386920682,18.483837099999995,18.483837099999995
259,576107200017179,121123229,2458965.736793252,58965.2322917,18.4588261,0.0395611674,0,zg,186.3260499,18.3060409,0.84799999,0.0659999996,20200426232292,576,0x7,0x2,22.0499992,26.3044624,0.0276123248,-0.0823218301,2.96089984e-05,30,1.03799999,1,0.1501307174410201,58965.2322917,0.1501307174410201,18.458826100000003,18.458826100000003
260,1571114100007455,121322569,2458967.7300814674,58967.2256944,18.4429264,0.0446841866,0,zg,186.3260425,18.3060525,0.286000013,0.0170000009,20200428225671,1571,0xe,0x1,21.6499996,26.2881718,0.0341200307,-0.0870361254,4.69396509e-05,30,1.05400002,2,0.1523454331731747,58967.2256944,0.1523454331731747,18.442926399999997,18.442926399999997
261,576107200017179,121322704,2458967.7314355904,58967.2270486,18.4505844,0.039340131,0,zg,186.3260805,18.3060427,1.25999999,-0.0549999997,20200428227049,576,0x7,0x2,21.5900002,26.2997074,0.0324027203,-0.110729374,4.1755553e-05,30,1.03699994,1,0.1512746789837921,58967.2270486,0.1512746789837921,18.450584400000004,18.450584400000004
262,1571114100007455,121322795,2458967.7323383363,58967.2279514,18.4524899,0.0449672379,0,zg,186.3260588,18.3060543,0.782000005,0.00700000022,20200428227951,1571,0xe,0x1,21.3899994,26.2917957,0.0373036191,-0.0813027471,5.68668293e-05,30,1.05400002,3,0.15100942016652255,58967.2279514,0.15100942016652255,18.452489899999996,18.452489899999996
263,576107200017179,121429807,2458968.802402152,58968.2980787,18.4565964,0.0395011939,0,zg,186.3260643,18.3060487,0.596000016,-0.00499999989,20200429298079,576,0x7,0x2,21.75,26.3329487,0.0321677029,-0.0842417926,4.19182325e-05,30,1.08899999,1,0.15043934712219206,58968.2980787,0.15043934712219206,18.456596400000002,18.456596400000002
264,576107200017179,121727606,2458971.7802044805,58971.2760648,18.4539127,0.039429199,0,zg,186.3260539,18.3060637,0.769999981,-0.0209999997,20200502276065,576,0x7,0x2,20.7600002,26.3406315,0.0352929831,-0.059567932,6.10616917e-05,30,1.06500006,1,0.15081165989594394,58971.2760648,0.15081165989594394,18.453912699999997,18.453912699999997
265,576107200017179,122020844,2458974.712397967,58974.2084491,18.383009,0.037587557,0,zg,186.3260587,18.3060565,0.474999994,0.00300000003,20200505208449,576,0x7,0x2,20.3700008,26.2944221,0.032946974,-0.0584256053,7.5240896e-05,30,1.03699994,1,0.16098907312829389,58974.2084491,0.16098907312829389,18.38300900000001,18.38300900000001
266,576107200017179,122317230,2458977.676049769,58977.1723032,18.346323,0.0366793387,32768,zg,186.3260745,18.3060392,0.802999973,-0.0879999995,20200508172292,576,0x7,0x2,19.8099995,25.7446613,0.0430288203,-0.0200841296,0.00017509982,30,1.06599998,1,0.1665216862358139,58977.1723032,0.1665216862358139,18.346323000000005,18.346323000000005
267,576107200017179,122619048,2458980.694017439,58980.1904861,18.4828529,0.0402147844,0,zg,186.326052,18.3060467,0.801999986,-0.0599999987,20200511190486,576,0x7,0x2,22.2000008,26.3121853,0.0301825833,-0.105293207,3.60756567e-05,30,1.03799999,1,0.14684489058436948,58980.1904861,0.14684489058436948,18.482852900000005,18.482852900000005
268,576107200017179,123222410,2458986.727184048,58986.2241088,18.4603176,0.0396013372,0,zg,186.3260558,18.3060448,0.981000006,-0.0309999995,20200517224109,576,0x7,0x2,21.8899994,26.3182755,0.0305683501,-0.0812945738,3.82252074e-05,30,1.04999995,1,0.1499246211235502,58986.2241088,0.1499246211235502,18.460317600000003,18.460317600000003
269,576107200017179,123716920,2458991.6718799034,58991.1692014,18.4250507,0.0386655219,0,zg,186.3260538,18.3060553,0.180999994,0.00300000003,20200522169190,576,0x7,0x2,21.9200001,26.309021,0.0357239433,-0.0810560212,4.97647889e-05,30,1.03400004,1,0.15487442964009376,58991.1692014,0.15487442964009376,18.425050700000007,18.425050700000007
270,576107200017179,124023207,2458994.734495549,58994.2320718,18.4633751,0.0396838523,0,zg,186.326065,18.306043,1.41700006,-0.0219999999,20200525232072,576,0x7,0x2,21.9599991,26.2922745,0.0263337959,-0.0824186057,2.72510242e-05,30,1.10000002,1,0.1495030180684944,58994.2320718,0.1495030180684944,18.4633751,18.4633751
271,576107200017179,124320399,2458997.7061639377,58997.2039931,18.3790951,0.0374892429,0,zg,186.3260516,18.3060387,0.279000014,0.0170000009,20200528203993,576,0x7,0x2,21.7800007,26.2994595,0.0273715742,-0.0791233182,3.02726057e-05,30,1.06299996,1,0.1615704594641091,58997.2039931,0.1615704594641091,18.379095099999994,18.379095099999994
272,576107200017179,125019221,2459004.693768388,59004.1922106,18.4311218,0.0388245508,0,zg,186.3260409,18.3060649,0.799000025,0.125,20200604192211,576,0x7,0x2,20.4599991,26.3236637,0.0391227566,-0.0479143858,9.29673988e-05,30,1.07500005,1,0.1540108366027149,59004.1922106,0.1540108366027149,18.431121799999993,18.431121799999993
273,576107200017179,125523335,2459009.734459816,59009.2333565,18.3585148,0.0369778872,0,zg,186.3260684,18.3060914,1.46599996,0.0179999992,20200609233356,576,0x7,0x2,20.6800003,26.3279991,0.0377790742,-0.0576396175,7.22365585e-05,30,1.24300003,1,0.16466226309544096,59009.2333565,0.16466226309544096,18.358514800000002,18.358514800000002
274,576107200017179,126020174,2459014.702396488,59014.2017477,18.4452629,0.0391982757,0,zg,186.3260583,18.3060613,0.745000005,0.00700000022,20200614201736,576,0x7,0x2,21.6100006,26.3519001,0.0335216373,-0.0780155659,4.54561887e-05,30,1.16999996,1,0.15201793891567492,59014.2017477,0.15201793891567492,18.445262899999996,18.445262899999996
275,576107200017179,126619872,2459020.6988226743,59020.1987269,18.3826656,0.037578918,0,zg,186.3260647,18.3060302,0.597000003,0.0410000011,20200620198727,576,0x7,0x2,21.8199997,26.2927246,0.0302060246,-0.0916119963,3.67069078e-05,30,1.222,1,0.16103999930265797,59020.1987269,0.16103999930265797,18.382665600000003,18.382665600000003
276,576107200017179,126921534,2459023.7151646814,59023.2153472,18.3691883,0.0372418985,0,zg,186.3260651,18.3060523,0.76700002,0.0320000015,20200623215347,576,0x7,0x2,21.7800007,26.2887039,0.0310063958,-0.0764187425,3.86835418e-05,30,1.35500002,1,0.16305145552050257,59023.2153472,0.16305145552050257,18.369188299999998,18.369188299999998
277,576107200017179,127221770,2459026.717249763,59026.2177083,18.4057426,0.0381654426,32768,zg,186.32609,18.3060045,1.13399994,0.142000005,20200626217708,576,0x7,0x2,20.4599991,25.8422737,0.0867840201,-0.0175933335,0.000443890865,30,1.42799997,1,0.15765326158109425,59026.2177083,0.15765326158109425,18.405742600000004,18.405742600000004
278,576107200017179,127819755,2459032.696555329,59032.1975579,18.3968563,0.0379381664,0,zg,186.3260696,18.3060447,0.605000019,0.0670000017,20200702197546,576,0x7,0x2,20.2399998,26.229702,0.0378338993,-0.0411450341,8.76613703e-05,30,1.40100002,1,0.158948882892648,59032.1975579,0.158948882892648,18.396856300000003,18.396856300000003
279,576107200017179,128323509,2459037.7336407555,59037.2350926,18.2339382,0.0340762101,0,zg,186.3260485,18.306103,1.07099998,0.00499999989,20200707235093,576,0x7,0x2,19.3099995,26.1227856,0.0404876694,-0.0381712727,0.000296142796,30,1.98800004,1,0.1846820641847726,59037.2350926,0.1846820641847726,18.233938200000004,18.233938200000004
280,576107200017179,128621534,2459040.7136348165,59040.2153472,18.3735924,0.0373515934,0,zg,186.3260385,18.3060367,1.08700001,0.00800000038,20200710215312,576,0x7,0x2,21.1299992,26.226635,0.0356036015,-0.0592457466,5.21275251e-05,30,1.80400002,1,0.1623914052561629,59040.2153472,0.1623914052561629,18.3735924,18.3735924
281,576107200017179,141451199,2459169.0090766186,59168.5119907,18.3719559,0.0373107828,0,zg,186.3260483,18.306034,1.472,-0.0790000036,20201115511991,576,0x7,0x2,21.0799999,26.2448235,0.0376914553,-0.0620023496,5.95223028e-05,30,1.94799995,1,0.1626363578658837,59168.5119907,0.1626363578658837,18.371955899999996,18.371955899999996
282,576107200017179,141649533,2459170.992578952,59170.4953356,18.3186035,0.0360126458,0,zg,186.3260523,18.3060364,0.653999984,0.00700000022,20201117495324,576,0x7,0x2,21.0599995,26.202528,0.0416042991,-0.0726382658,7.40824325e-05,30,2.16300011,1,0.17082782050269815,59170.4953356,0.17082782050269815,18.318603500000002,18.318603500000002
283,576107200017179,141948975,2459173.98724459,59173.4897569,18.3033524,0.03565282,0,zg,186.3260254,18.3060465,1.296,-0.0850000009,20201120489757,576,0x7,0x2,21.0200005,26.0520573,0.0360969305,-0.0280788634,5.49120923e-05,30,2.10800004,1,0.17324433407793255,59173.4897569,0.17324433407793255,18.3033524,18.3033524
284,576107200017179,142352822,2459178.0260579544,59177.5282292,18.407526,0.0382112712,0,zg,186.3260506,18.3060547,0.703000009,-0.0199999996,20201124528218,576,0x7,0x2,21.3600006,26.338604,0.0376014039,-0.0994195268,5.83607252e-05,30,1.46200001,1,0.15739451729309303,59177.5282292,0.15739451729309303,18.407525999999997,18.407525999999997
285,576107200017179,142647761,2459180.975700896,59180.4776157,18.3900223,0.0377645791,0,zg,186.3261183,18.3059811,0.829999983,0.372999996,20201127477616,576,0x7,0x2,19.0599995,26.2301273,0.0505153835,-0.0561046936,0.00058967236,30,1.97599995,1,0.15995251755352904,59180.4776157,0.15995251755352904,18.39002229999999,18.39002229999999
286,576107200017179,143054309,2459185.0415380704,59184.5430903,18.3369617,0.0364523456,0,zg,186.3260893,18.3060257,0.693000019,-0.0219999999,20201201542766,576,0x7,0x2,20.5799999,26.388134,0.0381770134,-0.0922780484,8.46384355e-05,30,1.24800003,1,0.16796365631366894,59184.5430903,0.16796365631366894,18.336961699999996,18.336961699999996
287,576107200017179,143252414,2459187.0227711694,59186.5241435,18.2629547,0.034723267,0,zg,186.3262979,18.3058517,0.573000014,0.836000025,20201203524132,576,0x7,0x2,18.7999992,26.3486366,0.0403228551,-0.0537599325,0.000495736545,30,1.32000005,1,0.17981177161935424,59186.5241435,0.17981177161935424,18.2629547,18.2629547
288,576107200017179,143453964,2459189.0384539124,59188.5396412,18.3878727,0.0377102122,0,zg,186.326045,18.3060605,0.623000026,0.0109999999,20201205539618,576,0x7,0x2,20.6499996,26.3573151,0.0374412872,-0.0519909486,7.41723416e-05,30,1.21500003,1,0.16026951400772166,59188.5396412,0.16026951400772166,18.387872699999996,18.387872699999996
289,576107200017179,143946464,2459193.963912759,59193.4646412,18.4339314,0.0388984345,0,zg,186.3260746,18.3060669,1.08800006,0.0140000004,20201210464641,576,0x7,0x2,20.9599991,26.2554207,0.0348665416,-0.0710174888,5.33291277e-05,30,1.65499997,1,0.1536128122402149,59193.4646412,0.1536128122402149,18.4339314,18.4339314
290,576107200017179,144555131,2459200.0511674187,59199.5513194,18.3809204,0.037535049,0,zg,186.3260604,18.3060501,1.26699996,0.0160000008,20201216551319,576,0x7,0x2,21.4500008,26.3863602,0.0339213908,-0.0843385383,4.65027879e-05,30,1.08700001,2,0.16129906131284039,59199.5513194,0.16129906131284039,18.3809204,18.3809204
291,576107200017179,144644937,2459200.949308462,59200.449375,18.3005199,0.0355865359,32768,zg,186.3261122,18.306041,1.49300003,-0.197999999,20201217449375,576,0x7,0x2,20.25,25.2032108,0.0460113175,-0.069537811,0.000165540958,30,1.61300004,1,0.17369688896769767,59200.449375,0.17369688896769767,18.300519900000005,18.300519900000005
292,576107200017179,144851862,2459203.018753451,59202.5186227,18.3831444,0.0375909433,0,zg,186.3260915,18.3060304,1.00699997,0.00100000005,20201219518623,576,0x7,0x2,21.2399998,26.3685322,0.0328104347,-0.0738624334,4.45108199e-05,30,1.15100002,2,0.16096899775338,59202.5186227,0.16096899775338,18.3831444,18.3831444
293,576107200017179,144952711,2459204.027345008,59203.5271181,18.3482552,0.0367264375,0,zg,186.3260731,18.3060561,1.32200003,0.0,20201220527118,576,0x7,0x2,20.9899998,26.37467,0.0362275243,-0.0776195079,5.61462439e-05,30,1.11800003,1,0.16622560412032203,59203.5271181,0.16622560412032203,18.348255200000004,18.348255200000004
294,576107200017179,144952853,2459204.02875715,59203.5285301,18.3883209,0.0377215408,0,zg,186.3260006,18.3060616,1.653,0.00600000005,20201220528530,576,0x7,0x2,21.0100002,26.3629742,0.0344785191,-0.0526357926,5.17770568e-05,30,1.11500001,2,0.16020336721133738,59203.5285301,0.16020336721133738,18.388320900000004,18.388320900000004
295,576107200017179,145047017,2459204.970490361,59204.4701736,18.3420944,0.0365765616,0,zg,186.3260357,18.3060549,0.65200001,0.0,20201221470174,576,0x7,0x2,21.5699997,26.3402328,0.032364022,-0.0917041823,4.23178099e-05,30,1.34899998,2,0.16717150025997388,59204.4701736,0.16717150025997388,18.3420944,18.3420944
296,576107200017179,145254152,2459207.042041837,59206.5415278,18.301342,0.0356057659,32768,zg,186.3260426,18.3060242,1.15199995,-0.174999997,20201223541528,576,0x7,0x2,19.8999996,24.7944088,0.0455305278,-0.065955244,0.000211204053,30,1.07000005,1,0.1735654185754703,59206.5415278,0.1735654185754703,18.301341999999998,18.301341999999998
297,576107200017179,146344040,2459217.9419429763,59217.4404051,18.4501667,0.0393289849,0,zg,186.3261096,18.306052,0.657999992,0.0240000002,20210103440405,576,0x7,0x2,20.5,26.3600636,0.0378049575,-0.07045836,8.40899593e-05,30,1.31500006,1,0.15133288795692756,59217.4404051,0.15133288795692756,18.450166700000004,18.450166700000004
298,576107200017179,146748276,2459221.9846731983,59221.4827662,18.4237595,0.0386318192,0,zg,186.3260527,18.3060697,0.735000014,-0.0379999988,20210107482755,576,0x7,0x2,21.2600002,26.3505821,0.032936208,-0.0822835267,4.46479062e-05,30,1.10599995,1,0.15505872193706327,59221.4827662,0.15505872193706327,18.423759499999996,18.423759499999996
299,576107200017179,146940342,2459223.905505285,59223.4034259,18.4175606,0.0384705216,0,zg,186.3260398,18.3060667,0.656000018,0.00800000038,20210109403426,576,0x7,0x2,20.8299999,26.3170643,0.0359967016,-0.0822346732,6.8281086e-05,30,1.45599997,1,0.15594654593593013,59223.4034259,0.15594654593593013,18.417560599999995,18.417560599999995
300,576107200017179,147146645,2459225.968720529,59225.4664583,18.3996925,0.0380105078,0,zg,186.3260947,18.306051,1.13399994,-0.023,20210111466458,576,0x7,0x2,21.0699997,26.3380814,0.0360652097,-0.0675692037,5.44591239e-05,30,1.12,1,0.1585342126258154,59225.4664583,0.1585342126258154,18.399692500000008,18.399692500000008
301,576107200017179,147346369,2459227.9661286706,59227.4636921,18.4461422,0.0392216779,0,zg,186.3260648,18.3060512,0.768000007,0.0320000015,20210113463692,576,0x7,0x2,21.5799999,26.2771397,0.0309678037,-0.0893487707,3.96133073e-05,30,1.11300004,1,0.1518948747122112,59227.4636921,0.1518948747122112,18.446142200000004,18.446142200000004
302,576107200017179,147745728,2459231.9600565773,59231.4572801,18.4457264,0.0392106064,0,zg,186.3260528,18.3060439,1.25699997,0.0390000008,20210117457280,576,0x7,0x2,21.9699993,26.3886013,0.026424082,-0.0951825008,2.8614013e-05,30,1.102,1,0.1519530564177062,59231.4572801,0.1519530564177062,18.445726400000005,18.445726400000005
303,576107200017179,149635765,2459250.8618338085,59250.3576505,18.4799728,0.0401357003,0,zg,186.3260909,18.3060328,0.699000001,0.0179999992,20210205357650,576,0x7,0x2,20.8400002,26.3571796,0.0387295187,-0.0933081359,7.19245363e-05,30,1.27400005,1,0.14723493874527763,59250.3576505,0.14723493874527763,18.479972800000006,18.479972800000006
304,576107200017179,149848767,2459252.991990523,59252.4876736,18.5104389,0.040982496,0,zg,186.3260653,18.306036,1.09000003,-0.075000003,20210207487674,576,0x7,0x2,22.0,26.3849163,0.0289125703,-0.088826403,3.42831663e-05,30,1.04200006,1,0.14316090660056363,59252.4876736,0.14316090660056363,18.510438900000004,18.510438900000004
305,576107200017179,150249089,2459256.9954433283,59256.4908912,18.4897594,0.0404052585,0,zg,186.3260752,18.3060567,0.722000003,-0.0560000017,20210211490891,576,0x7,0x2,21.7800007,26.390152,0.0286421534,-0.102869473,3.34740544e-05,30,1.05799997,1,0.14591375704885137,59256.4908912,0.14591375704885137,18.489759400000004,18.489759400000004
306,576107200017179,150648552,2459260.990286015,59260.4855208,18.634304,0.0446675606,32768,zg,186.3260791,18.3060473,0.763000011,0.0560000017,20210215485521,576,0x7,0x2,20.0900002,25.196579,0.0441916622,-0.0860831887,0.000162846583,30,1.06599998,1,0.1277257319070251,59260.4855208,0.1277257319070251,18.634304000000007,18.634304000000007
307,576107200017179,150935821,2459263.8631221172,59263.3582176,18.5516396,0.042164281,0,zg,186.3261017,18.3060862,0.65200001,-0.0160000008,20210218358218,576,0x7,0x2,20.3799992,26.3552132,0.0405637734,-0.0436825864,0.000101136851,30,1.13199997,1,0.13783012816728257,59263.3582176,0.13783012816728257,18.55163960000001,18.55163960000001
308,576107200017179,151139942,2459265.9044175465,59265.3994213,18.5272408,0.0414592773,0,zg,186.3260445,18.3060575,0.338999987,-0.0250000004,20210220399421,576,0x7,0x2,21.7900009,26.4083633,0.0284004845,-0.091802828,3.33512653e-05,30,1.04499996,1,0.14096252809498927,59265.3994213,0.14096252809498927,18.52724080000001,18.52724080000001
309,576107200017179,151543614,2459269.941305191,59269.4361458,18.5380688,0.0417702869,0,zg,186.3260534,18.3060558,0.298999995,0.00200000009,20210224436134,576,0x7,0x2,21.0400009,26.3794193,0.0343457386,-0.0825896487,5.60745684e-05,30,1.03900003,1,0.1395637017375968,59269.4361458,0.1395637017375968,18.538068799999998,18.538068799999998
310,576107200017179,151739943,2459271.9046627395,59271.3994329,18.6851177,0.0462977514,0,zg,186.3260706,18.3060062,0.684000015,-0.0480000004,20210226399433,576,0x7,0x2,19.6599998,26.4136887,0.0403198935,-0.0883241072,0.000179736293,30,1.03400004,1,0.12188574606589729,59271.3994329,0.12188574606589729,18.6851177,18.6851177
311,576107200017179,152129901,2459275.804368346,59275.2990162,18.6825314,0.0462130234,0,zg,186.3260399,18.3060571,0.856000006,-0.0599999987,20210302299016,576,0x7,0x2,20.0900002,26.3585873,0.0447067209,-0.0700280145,0.000156111302,30,1.22800004,1,0.1221764325656911,59275.2990162,0.1221764325656911,18.682531399999995,18.682531399999995
312,576107200017179,152222226,2459276.7276460766,59276.2222685,18.5425415,0.0418996289,0,zg,186.3260712,18.3060661,0.921000004,-0.0199999996,20210303222199,576,0x7,0x2,21.2399998,26.2145977,0.0343380645,-0.0667743757,4.84209595e-05,30,1.86500001,2,0.13898995041908385,59276.2222685,0.13898995041908385,18.54254149999999,18.54254149999999
313,576107200017179,152429873,2459278.8041684944,59278.2987384,18.4794197,0.0401205309,0,zg,186.3260671,18.3060499,0.834999979,-0.0270000007,20210305298727,576,0x7,0x2,21.4300003,26.3546543,0.033319924,-0.077958405,4.53297653e-05,30,1.19500005,2,0.1473099628537299,59278.2987384,0.1473099628537299,18.4794197,18.4794197
314,576107200017179,152431811,2459278.823543963,59278.3181134,18.5353241,0.0416911878,0,zg,186.3260665,18.3060628,0.388000011,0.0199999996,20210305318090,576,0x7,0x2,21.5300007,26.3807201,0.0311369412,-0.104025915,4.00464378e-05,30,1.13,1,0.13991695981256885,59278.3181134,0.13991695981256885,18.535324100000004,18.535324100000004
315,576107200017179,152435449,2459278.8599221343,59278.3544907,18.5073414,0.0408953428,0,zg,186.3260512,18.3060894,0.860000014,0.0299999993,20210305354491,576,0x7,0x2,21.0100002,26.3736,0.0402791202,-0.0607228093,6.82601021e-05,30,1.05599999,2,0.14356991392218113,59278.3544907,0.14356991392218113,18.507341399999994,18.507341399999994
316,576107200017179,152637452,2459280.8800011976,59280.3745255,18.534832,0.0416770205,0,zg,186.3260851,18.306113,0.822000027,-0.0120000001,20210307374502,576,0x7,0x2,21.0200005,26.2851448,0.0359142795,-0.0721861795,5.58047723e-05,30,1.03499997,2,0.13998039026787362,59280.3745255,0.13998039026787362,18.534832,18.534832
317,576107200017179,152639807,2459280.9035548773,59280.3980787,18.5050049,0.0408297703,32768,zg,186.3260572,18.3060288,0.72299999,0.00300000003,20210307398079,576,0x7,0x2,21.2900009,26.1971931,0.0365424417,-0.10382358,5.71743694e-05,30,1.03400004,2,0.14387920848764363,59280.3980787,0.14387920848764363,18.505004899999996,18.505004899999996
318,576107200017179,153629806,2459290.8036642508,59290.2980671,18.4917774,0.0404610932,0,zg,186.3260483,18.3060653,0.712000012,-0.0170000009,20210317298044,576,0x7,0x2,21.7700005,26.3590374,0.0285474248,-0.0954778194,3.27346424e-05,30,1.09800005,2,0.1456428068061032,59290.2980671,0.1456428068061032,18.491777399999997,18.491777399999997
319,576107200017179,153729688,2459291.8024870707,59291.2968866,18.5254364,0.0414077602,0,zg,186.3260605,18.3060554,0.467000008,-0.0299999993,20210318296887,576,0x7,0x2,21.75,26.3669682,0.0327571258,-0.105034992,4.32278648e-05,30,1.09399998,2,0.14119699044221415,59291.2968866,0.14119699044221415,18.525436399999997,18.525436399999997
320,576107200017179,153729782,2459291.803424573,59291.2978241,18.5237198,0.0413587987,0,zg,186.3260728,18.3060526,0.555999994,-0.0399999991,20210318297824,576,0x7,0x2,21.8600006,26.3572216,0.0263127461,-0.0869165361,2.79366413e-05,30,1.09200001,1,0.14142040609313639,59291.2978241,0.14142040609313639,18.523719800000002,18.523719800000002
321,576107200017179,153829761,2459292.8032178627,59292.2976157,18.5033035,0.0407821164,0,zg,186.326089,18.3060486,1.16100001,-0.00700000022,20210319297616,576,0x7,0x2,21.5400009,26.3216782,0.0319632553,-0.0902113914,4.17176743e-05,30,1.08700001,2,0.1441048507642811,59292.2976157,0.1441048507642811,18.50330350000001,18.50330350000001
322,576107200017179,153833289,2459292.8384957025,59292.3328935,18.5236511,0.0413568281,0,zg,186.3260596,18.30605,0.713,-0.0460000001,20210319332894,576,0x7,0x2,21.7700005,26.3251801,0.0289707892,-0.0893209502,3.41960877e-05,30,1.03900003,2,0.14142935475786672,59292.3328935,0.14142935475786672,18.523651100000002,18.523651100000002
323,576107200017179,153929190,2459293.797511924,59293.2919097,18.5378017,0.041762583,0,zg,186.3260515,18.3060597,0.328999996,-0.0179999992,20210320291910,576,0x7,0x2,21.5100002,26.3813381,0.0309413318,-0.0906234607,3.89356501e-05,30,1.09300005,2,0.13959803977498367,59293.2919097,0.13959803977498367,18.537801699999996,18.537801699999996
324,576107200017179,154024656,2459294.7521632453,59294.2465625,18.5213432,0.0412911288,0,zg,186.3260333,18.3060341,1.34200001,0.00600000005,20210321246562,576,0x7,0x2,20.8299999,26.2615929,0.0390775427,-0.0605307445,6.91805835e-05,30,1.23099995,2,0.1417303044399969,59294.2465625,0.1417303044399969,18.521343199999997,18.521343199999997
325,576107200017179,154038584,2459294.8914453387,59294.3858449,18.5318756,0.0415920466,0,zg,186.3260626,18.3060619,1.94200003,-0.0520000011,20210321385845,576,0x7,0x2,21.5,26.3164253,0.0305644758,-0.124666229,3.83615188e-05,30,1.05599999,2,0.1403620685842218,59294.3858449,0.1403620685842218,18.5318756,18.5318756
326,576107200017179,154127850,2459295.784104427,59295.2785069,18.4640045,0.0397008732,0,zg,186.3260464,18.3060753,0.842000008,-0.0109999999,20210322278507,576,0x7,0x2,20.3999996,26.2831192,0.0442931764,-0.0531295538,0.000120289718,30,1.11199999,2,0.14941637646032718,59295.2785069,0.14941637646032718,18.46400450000001,18.46400450000001
327,576107200017179,154131527,2459295.8208751935,59295.3152778,18.4416485,0.0391022973,0,zg,186.3260816,18.306037,1.06599998,0.0500000007,20210322315278,576,0x7,0x2,20.9300003,26.2866573,0.0351887345,-0.060333427,5.52916208e-05,30,1.04799998,2,0.15252484769635224,59295.3152778,0.15252484769635224,18.441648500000007,18.441648500000007
328,576107200017179,154227359,2459296.779192269,59296.2735995,18.5318012,0.0415899269,0,zg,186.3260731,18.3060709,0.60799998,-0.0130000003,20210323273588,576,0x7,0x2,20.6000004,26.3133984,0.0405000523,-0.0634581223,8.85885311e-05,30,1.11699998,2,0.14037168721503282,59296.2735995,0.14037168721503282,18.531801199999997,18.531801199999997
329,576107200017179,154426303,2459298.768610865,59298.2630324,18.4001541,0.0380222909,0,zg,186.326073,18.3060489,0.528999984,0.0989999995,20210325263032,576,0x7,0x2,19.8299999,25.8287945,0.046328757,-0.0586308464,0.000210167345,30,1.13100004,2,0.15846682624010974,59298.2630324,0.15846682624010974,18.4001541,18.4001541
330,576107200017179,154433136,2459298.8369435803,59298.3313657,18.52384,0.0413621999,0,zg,186.3260354,18.3060583,0.518999994,0.0520000011,20210325331366,576,0x7,0x2,20.4599991,26.3043747,0.042861741,-0.0617365465,0.000108215296,30,1.03299999,2,0.14140475054824253,59298.3313657,0.14140475054824253,18.52384,18.52384
331,576107200017179,154433327,2459298.8388533634,59298.3332755,18.4485283,0.0392852314,0,zg,186.32608,18.3060498,0.437999994,-0.0390000008,20210325333252,576,0x7,0x2,20.5499992,26.2675915,0.0386084579,-0.0666235611,8.59733482e-05,30,1.03199995,1,0.15156142502976958,59298.3332755,0.15156142502976958,18.4485283,18.4485283
332,576107200017179,154815302,2459302.658552901,59302.1530208,18.3573742,0.0369498134,0,zg,186.3260591,18.3060884,0.587000012,-0.114,20210329152998,576,0x7,0x2,19.2399998,26.1588402,0.0473861843,-0.0150978928,0.000344020984,30,1.83899999,2,0.16483533687077848,59302.1530208,0.16483533687077848,18.357374200000002,18.357374200000002
333,576107200017179,154850840,2459303.0139294607,59302.5084028,18.5273781,0.0414632,0,zg,186.3260947,18.30601,0.596000016,0.0399999991,20210329508403,576,0x7,0x2,19.3400002,26.1295433,0.0458427146,-0.0431816615,0.000372287206,30,1.97599995,2,0.14094470338643722,59302.5084028,0.14094470338643722,18.5273781,18.5273781
334,576107200017179,154928527,2459303.790792012,59303.2852778,18.5558319,0.0422869474,0,zg,186.3260676,18.3060665,0.25999999,0.0219999999,20210330285266,576,0x7,0x2,20.2399998,26.3663902,0.0414389074,-0.054965809,0.000124301747,30,1.05700004,2,0.1372989575992617,59303.2852778,0.1372989575992617,18.55583190000001,18.55583190000001
335,576107200017179,155021443,2459304.7199308057,59304.2144329,18.4684849,0.0398222432,0,zg,186.3260407,18.3060511,0.843999982,0.0130000003,20210331214433,576,0x7,0x2,20.1399994,26.2662983,0.0443404056,-0.0373019315,0.000156658876,30,1.25300002,2,0.1488010651519821,59304.2144329,0.1488010651519821,18.4684849,18.4684849
336,576107200017179,155025886,2459304.7643628204,59304.2588657,18.6164055,0.0441102087,0,zg,186.3260902,18.3060519,0.944999993,-0.145999998,20210331258866,576,0x7,0x2,20.3999996,26.3143673,0.041383218,-0.0718626305,9.9393721e-05,30,1.10000002,1,0.12984875800904602,59304.2588657,0.12984875800904602,18.616405500000006,18.616405500000006
337,1571114100007455,155036776,2459304.873261318,59304.3677662,18.3740444,0.0427109152,0,zg,186.3258946,18.3060883,1.18499994,-0.0109999999,20210331367755,1571,0xe,0x1,19.0499992,26.3233223,0.0566125922,-0.0180400908,0.000656832184,30,1.102,2,0.16232381458514888,59304.3677662,0.16232381458514888,18.374044399999995,18.374044399999995
338,1571114100007455,155036824,2459304.873735811,59304.3682407,18.6793633,0.0523696057,0,zg,186.3260969,18.3060762,1.16900003,0.500999987,20210331368241,1571,0xe,0x1,18.9599991,26.3455982,0.0508698672,-0.0259238705,0.000524224364,30,1.10300004,3,0.12253345522093075,59304.3682407,0.12253345522093075,18.6793633,18.6793633
339,576107200017179,155043769,2459304.943190577,59304.4376968,18.5043106,0.040810328,0,zg,186.3260985,18.3061551,0.709999979,0.0299999993,20210331437685,576,0x7,0x2,19.1399994,26.2734394,0.0460487828,-0.0538113937,0.000510718906,30,1.30700004,2,0.14397124491514254,59304.4376968,0.14397124491514254,18.504310600000004,18.504310600000004
340,576107200017179,155127807,2459305.783556346,59305.2780787,18.5471382,0.0420330763,32768,zg,186.3260338,18.3060647,0.768000007,-0.112000003,20210401278079,576,0x7,0x2,20.4699993,25.8548317,0.074823916,-0.0584321916,0.000323323853,30,1.05999994,2,0.13840275017806183,59305.2780787,0.13840275017806183,18.5471382,18.5471382
341,576107200017179,155227346,2459306.7789176474,59306.2734606,18.5646038,0.0425450765,32768,zg,186.3260668,18.3060496,0.455000013,-0.0160000008,20210402273310,576,0x7,0x2,21.7099991,26.3513241,0.0287947692,-0.141491488,3.43824649e-05,30,1.06200004,2,0.1361941582920047,59306.2734606,0.1361941582920047,18.564603800000008,18.564603800000008
342,576107200017179,155236543,2459306.870894861,59306.3654398,18.5393906,0.0418084636,0,zg,186.3260751,18.3060587,0.968999982,0.0759999976,20210402365440,576,0x7,0x2,21.3999996,26.3200111,0.0309298597,-0.0796690956,3.9184255e-05,30,1.07500005,2,0.13939389708939073,59306.3654398,0.13939389708939073,18.539390599999997,18.539390599999997
343,576107200017179,155329146,2459307.796904284,59307.2914699,18.5692711,0.0426832139,0,zg,186.3260698,18.3060358,0.686999977,0.0520000011,20210403291470,576,0x7,0x2,21.9300003,26.3808899,0.0280690566,-0.104836889,3.23443128e-05,30,1.03999996,2,0.13560995129881823,59307.2914699,0.13560995129881823,18.5692711,18.5692711
344,576107200017179,155329817,2459307.803605529,59307.2981713,18.5213661,0.0412917696,0,zg,186.3260621,18.3060572,0.654999971,-0.023,20210403298171,576,0x7,0x2,21.9899998,26.3767624,0.0312750712,-0.0973342136,4.02269252e-05,30,1.03600001,1,0.14172731514137143,59307.2981713,0.14172731514137143,18.5213661,18.5213661
345,576107200017179,155331554,2459307.820977829,59307.315544,18.5695133,0.0426903889,0,zg,186.3260585,18.3060426,0.676999986,0.0250000004,20210403315498,576,0x7,0x2,21.9699993,26.3572311,0.026012443,-0.0832768157,2.77373856e-05,30,1.03199995,2,0.13557970355823135,59307.315544,0.13557970355823135,18.569513300000004,18.569513300000004
346,576107200017179,155441361,2459308.9190185857,59308.4136111,18.5407486,0.041847717,0,zg,186.3260727,18.3060342,1.09300005,0.0320000015,20210404413600,576,0x7,0x2,21.2999992,26.3201885,0.0316083506,-0.0755392238,4.18237832e-05,30,1.23899996,2,0.1392196571793128,59308.4136111,0.1392196571793128,18.540748599999993,18.540748599999993
347,576107200017179,155520660,2459309.7119961334,59309.2066088,18.51334,0.0410642996,0,zg,186.3260619,18.3060441,0.865999997,-0.0680000037,20210405206609,576,0x7,0x2,21.4699993,26.1135616,0.0333630554,-0.0990860239,4.59889525e-05,30,1.22599995,2,0.14277888956665225,59309.2066088,0.14277888956665225,18.513339999999992,18.513339999999992
348,576107200017179,155530821,2459309.8136023157,59309.3082176,18.586441,0.0431962647,0,zg,186.3260602,18.3060561,0.693000019,-0.0299999993,20210405308218,576,0x7,0x2,21.6399994,26.3562927,0.0306751058,-0.0928652659,3.88519074e-05,30,1.03199995,1,0.13348227502241583,59309.3082176,0.13348227502241583,18.586441,18.586441
349,576107200017179,155531681,2459309.8222015896,59309.3168171,18.5638161,0.042521812,0,zg,186.3260496,18.3060632,1.10899997,0.0160000008,20210405316817,576,0x7,0x2,21.6299992,26.2255478,0.0319232084,-0.0913145542,4.29591419e-05,30,1.03400004,2,0.1362930028025032,59309.3168171,0.1362930028025032,18.563816100000004,18.563816100000004
350,576107200017179,155623384,2459310.739202395,59310.2338426,18.5371704,0.0417443961,0,zg,186.326062,18.3060642,0.470999986,-0.0130000003,20210406233785,576,0x7,0x2,21.6200008,26.3245182,0.0312692933,-0.102880016,4.01254802e-05,30,1.12100005,2,0.1396792324883875,59310.2338426,0.1396792324883875,18.5371704,18.5371704
351,576107200017179,155636549,2459310.870853849,59310.3654977,18.5569096,0.042318549,32768,zg,186.3260685,18.3060482,0.819000006,0.0160000008,20210406365220,576,0x7,0x2,21.2099991,25.8563137,0.0399897955,-0.0913752094,6.77241551e-05,30,1.097,2,0.13716274249074625,59310.3654977,0.13716274249074625,18.556909600000004,18.556909600000004
352,576107200017179,155723585,2459311.7411878556,59311.2358565,18.5207844,0.041275233,0,zg,186.3260495,18.3060551,1.31400001,0.074000001,20210407235856,576,0x7,0x2,21.6100006,26.2141647,0.0340320803,-0.0806383789,4.79148403e-05,30,1.10899997,2,0.14180326809181934,59311.2358565,0.14180326809181934,18.520784400000004,18.520784400000004
353,576107200017179,155724815,2459311.753490703,59311.2481597,18.5725079,0.0427793339,0,zg,186.3260762,18.306034,1.13800001,0.00300000003,20210407248160,576,0x7,0x2,21.5799999,26.3152351,0.0305692069,-0.0862279683,3.79764278e-05,30,1.08200002,1,0.13520627253217468,59311.2481597,0.13520627253217468,18.572507899999998,18.572507899999998
354,576107200017179,155727452,2459311.779855741,59311.2745255,18.5581684,0.0423555039,0,zg,186.3260582,18.3060351,0.771000028,0.0219999999,20210407274525,576,0x7,0x2,21.7399998,26.2988224,0.0301184431,-0.0997482091,3.68097208e-05,30,1.04499996,2,0.13700380848164304,59311.2745255,0.13700380848164304,18.558168399999992,18.558168399999992
355,576107200017179,155833028,2459312.835587948,59312.3302894,18.5370655,0.0417413712,0,zg,186.3260451,18.3060276,0.972000003,-0.0130000003,20210408330255,576,0x7,0x2,21.5,26.359478,0.0340027399,-0.0777871534,4.80592062e-05,30,1.04900002,2,0.13969272845478906,59312.3302894,0.13969272845478906,18.537065500000004,18.537065500000004
356,576107200017179,155924791,2459313.753186324,59313.2479167,18.5340385,0.0416542105,0,zg,186.326061,18.3060499,0.813000023,0.0120000001,20210409247917,576,0x7,0x2,21.7000008,26.3074474,0.0296960734,-0.0841127113,3.63874387e-05,30,1.07299995,2,0.14008273100030055,59313.2479167,0.14008273100030055,18.5340385,18.5340385
357,576107200017179,155925802,2459313.763290102,59313.2580208,18.5147705,0.0411047228,0,zg,186.3260477,18.3060415,0.323000014,-0.0160000008,20210409257998,576,0x7,0x2,21.5300007,26.2171059,0.0319476165,-0.0827881172,4.2005955e-05,30,1.05700004,1,0.1425908966553198,59313.2580208,0.1425908966553198,18.514770500000004,18.514770500000004
358,576107200017179,155927407,2459313.779342888,59313.2740741,18.597168,0.0435207002,0,zg,186.3260575,18.3060419,0.619000018,0.0560000017,20210409274074,576,0x7,0x2,21.3799992,26.014101,0.0358551592,-0.10406258,5.2902913e-05,30,1.04100001,2,0.132169972610546,59313.2740741,0.132169972610546,18.597168000000003,18.597168000000003
359,576107200017179,156025027,2459314.755514384,59314.2502778,18.5868015,0.0432071052,0,zg,186.3260518,18.3060383,1.01600003,-0.0189999994,20210410250220,576,0x7,0x2,21.9899998,26.3694649,0.0311792977,-0.0957335681,3.99879245e-05,30,1.06400001,2,0.13343796188995344,59314.2502778,0.13343796188995344,18.5868015,18.5868015
360,576107200017179,156039620,2459314.901435313,59314.3962037,18.5421982,0.0418896787,0,zg,186.3260721,18.3060563,0.681999981,-0.00200000009,20210410396204,576,0x7,0x2,21.7000008,26.3274574,0.0278139226,-0.0873901844,3.10600299e-05,30,1.23399997,2,0.13903390473702124,59314.3962037,0.13903390473702124,18.542198199999994,18.542198199999994
361,576107200017179,156127728,2459315.782481275,59315.2772801,18.531395,0.041578263,32768,zg,186.3260587,18.3060402,1.19200003,0.194999993,20210411277280,576,0x7,0x2,20.2399998,24.9038391,0.058181148,-0.0734675378,0.000261320791,30,1.03499997,1,0.14042421346083012,59315.2772801,0.14042421346083012,18.531394999999996,18.531394999999996
362,576107200017179,156323755,2459317.7426871294,59317.2375579,18.5529289,0.0422019698,0,zg,186.3260694,18.3060385,1.13699996,0.0820000023,20210413237558,576,0x7,0x2,22.1299992,26.353548,0.0297810398,-0.101619333,3.71070491e-05,30,1.07200003,1,0.137666553521616,59317.2375579,0.137666553521616,18.552928900000005,18.552928900000005
363,576107200017179,156726999,2459321.7749637216,59321.27,18.5365658,0.0417269692,0,zg,186.3260722,18.3060493,1.17700005,0.0890000015,20210417270000,576,0x7,0x2,22.0599995,26.3290901,0.0338300876,-0.101725742,4.71056264e-05,30,1.03299999,1,0.1397570355323221,59321.27,0.1397570355323221,18.536565799999998,18.536565799999998
364,576107200017179,156927931,2459323.7841897765,59323.2793171,18.5003109,0.0406984687,0,zg,186.3260577,18.3060559,0.875,-0.00100000005,20210419279306,576,0x7,0x2,21.2900009,26.3346863,0.0354032926,-0.0812852904,5.0810977e-05,30,1.03400004,1,0.14450259290705858,59323.2793171,0.14450259290705858,18.500310899999995,18.500310899999995
365,576107200017179,157017283,2459324.6776659763,59324.1728356,18.538147,0.0417725593,0,zg,186.3260872,18.3060701,0.426999986,-0.00400000019,20210420172812,576,0x7,0x2,20.8500004,26.2865295,0.0364298485,-0.0552740954,6.18636695e-05,30,1.19599998,3,0.1395536500432693,59324.1728356,0.1395536500432693,18.538147000000002,18.538147000000002
366,576107200017179,157132329,2459325.8280729773,59325.3232986,18.5592651,0.0423877351,0,zg,186.3260709,18.3060471,0.54400003,-0.0240000002,20210421323299,576,0x7,0x2,20.9899998,26.332901,0.03055715,-0.0729069039,4.2520609e-05,30,1.09399998,1,0.13686549107361615,59325.3232986,0.13686549107361615,18.559265099999998,18.559265099999998
367,576107200017179,157132423,2459325.8290104303,59325.3242361,18.4932175,0.0405010246,0,zg,186.3260689,18.3060491,1.26499999,-0.00300000003,20210421324236,576,0x7,0x2,20.8999996,26.3314228,0.0358101688,-0.0642360821,5.9285212e-05,30,1.09599996,3,0.14544975699444632,59325.3242361,0.14544975699444632,18.493217500000007,18.493217500000007
368,576107200017179,158021444,2459334.718728254,59334.2144444,18.5600243,0.0424100645,0,zg,186.3260479,18.3060463,0.897000015,-0.00300000003,20210430214433,576,0x7,0x2,21.8700008,26.3313408,0.0280286018,-0.0831840336,3.21990628e-05,30,1.04200006,1,0.13676982146257086,59334.2144444,0.13676982146257086,18.560024300000002,18.560024300000002
369,576107200017179,158021538,2459334.719665698,59334.2153819,18.5479527,0.0420568064,0,zg,186.326051,18.3060386,0.976999998,-0.00600000005,20210430215382,576,0x7,0x2,21.9300003,26.3282108,0.0294156,-0.0764958858,3.57884383e-05,30,1.04200006,3,0.13829896183017623,59334.2153819,0.13829896183017623,18.547952700000003,18.547952700000003
370,576107200017179,158125390,2459335.758120656,59335.2539005,18.5228558,0.0413341783,0,zg,186.3260659,18.3060497,0.61500001,0.0450000018,20210501253854,576,0x7,0x2,21.3400002,26.1171837,0.0342151262,-0.0733677819,4.74716289e-05,30,1.03699994,3,0.14153298948116644,59335.2539005,0.14153298948116644,18.522855799999995,18.522855799999995
371,576107200017179,158225784,2459336.7620046292,59336.2578472,18.590662,0.0433235765,0,zg,186.3260662,18.306054,1.75699997,0.0460000001,20210502257836,576,0x7,0x2,21.7099991,26.3284836,0.0321368612,-0.0875220597,4.23663587e-05,30,1.04200006,3,0.13296434545371832,59336.2578472,0.13296434545371832,18.590662000000002,18.590662000000002
372,576107200017179,158225878,2459336.762942072,59336.2587847,18.5725937,0.0427818894,0,zg,186.3260918,18.306039,1.245,0.0350000001,20210502258785,576,0x7,0x2,21.5300007,26.3262997,0.0323729441,-0.088605389,4.27662962e-05,30,1.04299998,1,0.13519558831645756,59336.2587847,0.13519558831645756,18.57259369999999,18.57259369999999
373,576107200017179,158429763,2459338.8016653014,59338.2976389,18.5533161,0.0422132984,0,zg,186.3260836,18.3060531,0.588999987,0.0289999992,20210504297639,576,0x7,0x2,21.2600002,26.3079319,0.0327298939,-0.0874513909,4.42271048e-05,30,1.11800003,3,0.1376174670256712,59338.2976389,0.1376174670256712,18.553316099999996,18.553316099999996
374,576107200017179,158431027,2459338.8143033665,59338.3102778,18.5410557,0.0418566205,0,zg,186.3260579,18.3060483,0.91900003,-0.0579999983,20210504310278,576,0x7,0x2,21.5799999,26.2944374,0.0300858263,-0.0762557462,3.7076883e-05,30,1.15499997,1,0.1391802845300639,59338.3102778,0.1391802845300639,18.54105570000001,18.54105570000001
375,576107200017179,158521233,2459339.7163041495,59339.212338,18.5189571,0.0412233211,0,zg,186.3260604,18.3060452,0.43900001,0.0240000002,20210505212338,576,0x7,0x2,22.0,26.328392,0.0291821342,-0.0952228606,3.51177223e-05,30,1.03499997,3,0.14204212471351696,59339.212338,0.14204212471351696,18.5189571,18.5189571
376,576107200017179,158622556,2459340.729465411,59340.2255671,18.5704651,0.0427186191,0,zg,186.3260629,18.3060485,0.913999975,-0.00600000005,20210506225567,576,0x7,0x2,21.8999996,26.3080902,0.0292811412,-0.0762280896,3.53258874e-05,30,1.03199995,1,0.13546090102139668,59340.2255671,0.13546090102139668,18.5704651,18.5704651
377,576107200017179,158622815,2459340.732057836,59340.2281597,18.5871506,0.0432176255,0,zg,186.3260603,18.3060413,0.531000018,-0.0130000003,20210506228148,576,0x7,0x2,21.8299999,26.3199139,0.0298787374,-0.0909596309,3.68442234e-05,30,1.03299999,3,0.13339506408100427,59340.2281597,0.13339506408100427,18.587150599999994,18.587150599999994
378,576107200017179,158831766,2459342.8214167096,59342.317662,18.5746002,0.0428416133,0,zg,186.326079,18.3060533,0.876999974,-0.0590000004,20210508317662,576,0x7,0x2,21.6000004,26.2570763,0.0333818123,-0.0858655274,4.56472189e-05,30,1.22500002,3,0.13494597018615417,59342.317662,0.13494597018615417,18.5746002,18.5746002
379,576107200017179,158832997,2459342.83373074,59342.3299769,18.5741062,0.0428269133,0,zg,186.3260694,18.3060676,0.563000023,0.0170000009,20210508329977,576,0x7,0x2,21.5900002,26.2523479,0.0318400078,-0.090808548,4.1047897e-05,30,1.28499997,1,0.13500738333317527,59342.3299769,0.13500738333317527,18.574106199999996,18.574106199999996
380,576107200017179,158925332,2459343.7570108534,59343.2533218,18.5864563,0.0431967303,0,zg,186.3260646,18.3060443,0.349999994,0.0399999991,20210509253322,576,0x7,0x2,21.8799992,26.2632179,0.0294915102,-0.10130439,3.59758924e-05,30,1.05799997,3,0.13348039402737422,59343.2533218,0.13348039402737422,18.586456300000002,18.586456300000002
381,576107200017179,159029037,2459344.7939855866,59344.2903704,18.5502758,0.0421244726,0,zg,186.3260586,18.3060425,0.801999986,-0.0170000009,20210510290370,576,0x7,0x2,21.9599991,26.2836304,0.0326473564,-0.0960292518,4.34587455e-05,30,1.14400005,1,0.1380033662284933,59344.2903704,0.1380033662284933,18.5502758,18.5502758
382,576107200017179,159029178,2459344.7953974833,59344.2917824,18.5820255,0.0430635884,0,zg,186.3260506,18.3060571,1.21300006,0.104999997,20210510291782,576,0x7,0x2,21.8500004,26.2775993,0.0299400277,-0.0999609903,3.73198855e-05,30,1.148,3,0.13402622951552337,59344.2917824,0.13402622951552337,18.582025500000007,18.582025500000007
383,576107200017179,159123927,2459345.7436855533,59345.2392708,18.5483475,0.0420682952,0,zg,186.3260584,18.3060419,0.713,-0.00300000003,20210511239259,576,0x7,0x2,22.4699993,28.29282,0.0172723904,-0.0810700357,1.23551545e-05,180,1.04799998,2,0.13824868211759675,59345.2392708,0.13824868211759675,18.5483475,18.5483475
384,576107200017179,159237180,2459346.8752692863,59346.3718056,18.5135002,0.0410688445,0,zg,186.3260515,18.3060488,0.967999995,-0.0670000017,20210512371782,576,0x7,0x2,21.3199997,26.132885,0.0323252045,-0.0679379776,4.2250882e-05,30,1.72899997,3,0.14275782414520977,59346.3718056,0.14275782414520977,18.513500200000003,18.513500200000003
385,576107200017179,159237274,2459346.876206716,59346.3727431,18.5026588,0.040764071,0,zg,186.3260471,18.3060453,0.680999994,-0.0500000007,20210512372743,576,0x7,0x2,21.4699993,26.1259747,0.032047797,-0.0655188188,4.1447347e-05,30,1.74100006,1,0.1441904442861919,59346.3727431,0.1441904442861919,18.5026588,18.5026588
386,576107200017179,159425400,2459348.7573279026,59348.2540046,18.5589542,0.0423785821,0,zg,186.3260669,18.3060446,0.184,-0.0140000004,20210514254005,576,0x7,0x2,21.9699993,26.3184204,0.0315190889,-0.100958571,4.01185898e-05,30,1.08099997,3,0.1369046880478604,59348.2540046,0.1369046880478604,18.558954199999995,18.558954199999995
387,576107200017179,159426704,2459348.7703709095,59348.2670486,18.5796566,0.0429926217,0,zg,186.3260475,18.3060633,0.967000008,-0.0120000001,20210514267049,576,0x7,0x2,21.9799995,26.2961464,0.0298527386,-0.0820955932,3.59773439e-05,30,1.10899997,1,0.13431897221555553,59348.2670486,0.13431897221555553,18.5796566,18.5796566
388,576107200017179,159521109,2459349.714350146,59349.2110995,18.5928116,0.0433885828,0,zg,186.3260747,18.3060525,0.675000012,-0.00700000022,20210515211088,576,0x7,0x2,21.6499996,26.3266106,0.030696556,-0.111794643,3.86162501e-05,30,1.03499997,3,0.1327013557871953,59349.2110995,0.1327013557871953,18.592811599999997,18.592811599999997
389,576107200017179,159820805,2459352.7110735774,59352.2080556,18.5610046,0.0424389057,0,zg,186.3260589,18.3060576,1.24199998,0.0700000003,20210518208056,576,0x7,0x2,20.9899998,26.2688026,0.0347748697,-0.0581378825,5.540649e-05,30,1.03799999,3,0.13664638913533325,59352.2080556,0.13664638913533325,18.561004599999997,18.561004599999997
390,576107200017179,159923368,2459353.736617247,59353.2336806,18.5796471,0.0429923423,0,zg,186.3260488,18.3060429,0.344000012,0.0179999992,20210519233634,576,0x7,0x2,20.8700008,26.3064442,0.032493718,-0.0597696193,4.92389663e-05,30,1.06900001,3,0.1343201474879777,59353.2336806,0.1343201474879777,18.579647099999995,18.579647099999995
391,576107200017179,160030912,2459354.81197084,59354.3091204,18.3825283,0.0375754684,0,zg,186.3260422,18.3060607,0.623000026,0.144999996,20210520309120,576,0x7,0x2,19.6800003,26.2527924,0.0429292805,-0.0389546379,0.000221135007,30,1.35500002,3,0.16106036538229201,59354.3091204,0.16106036538229201,18.382528299999997,18.382528299999997
392,576107200017179,160031005,2459354.8129082676,59354.3100579,18.4477024,0.039263241,0,zg,186.3260919,18.306055,0.816999972,0.0829999968,20210520310058,576,0x7,0x2,19.5599995,26.226366,0.0409812443,-0.00518608093,0.000189600687,30,1.36099994,1,0.15167675894005386,59354.3100579,0.15167675894005386,18.447702400000004,18.447702400000004
393,576107200017179,160320509,2459357.7077068533,59357.2050926,18.8348541,0.0515351556,0,zg,186.3261409,18.3058325,0.819999993,-0.210999995,20210523205058,576,0x7,0x2,19.5699997,26.232439,0.0417823382,-0.0508093126,0.000185870915,30,1.046,1,0.10618382362300766,59357.2050926,0.10618382362300766,18.834854099999994,18.834854099999994
394,576107200017179,160423305,2459358.7355845408,59358.2330556,18.6923351,0.0465351269,0,zg,186.3259652,18.30604,0.896000028,0.0599999987,20210524233056,576,0x7,0x2,19.7700005,26.2979488,0.0407201648,-0.0529375151,0.000157962553,30,1.09399998,3,0.12107820113577121,59358.2330556,0.12107820113577121,18.6923351,18.6923351
395,576107200017179,160525552,2459359.7579642166,59359.2555208,18.4519043,0.0393754095,0,zg,186.3260223,18.3060089,0.970000029,-0.0370000005,20210525255521,576,0x7,0x2,19.9200001,26.2255211,0.046607133,-0.023287762,0.000180467396,30,1.16400003,3,0.1510908902034831,59359.2555208,0.1510908902034831,18.451904300000002,18.451904300000002
396,576107200017179,160525790,2459359.760348312,59359.2579051,18.5113564,0.0410083309,0,zg,186.3259847,18.3060075,0.648999989,-0.0170000009,20210525257905,576,0x7,0x2,20.1700001,26.2432861,0.0479927175,-0.036626976,0.000169420964,30,1.17200005,1,0.14303997976011348,59359.2579051,0.14303997976011348,18.511356400000004,18.511356400000004
397,576107200017179,160726096,2459361.7632343625,59361.2609606,18.6072922,0.043829713,0,zg,186.3260691,18.3060399,0.731999993,0.0759999976,20210527260961,576,0x7,0x2,20.6000004,26.3620358,0.0410944559,-0.0668895543,9.59352255e-05,30,1.204,3,0.13094325124499762,59361.2609606,0.13094325124499762,18.607292199999996,18.607292199999996
398,576107200017179,160818172,2459362.6839195928,59362.1817245,18.5433044,0.0419217348,0,zg,186.326074,18.3060554,0.166999996,-0.00300000003,20210528181713,576,0x7,0x2,21.8799992,26.3979034,0.0294725783,-0.113482326,3.57841564e-05,30,1.03799999,3,0.1388923224794677,59362.1817245,0.1388923224794677,18.543304400000004,18.543304400000004
399,576107200017179,160818266,2459362.684857012,59362.182662,18.6122379,0.0439816639,0,zg,186.326061,18.3060451,1.33299994,0.0560000017,20210528182662,576,0x7,0x2,21.9200001,26.3882847,0.0287912562,-0.104583055,3.37883394e-05,30,1.03900003,1,0.13034814048240215,59362.182662,0.13034814048240215,18.612237900000004,18.612237900000004
400,576107200017179,160921303,2459363.7151387497,59363.2130324,18.5163307,0.0411488786,0,zg,186.3260538,18.3060529,0.760999978,0.00999999978,20210529213009,576,0x7,0x2,21.75,26.3807335,0.0311700329,-0.0944220126,3.94404524e-05,30,1.08099997,3,0.142386141072977,59363.2130324,0.142386141072977,18.516330700000005,18.516330700000005
401,576107200017179,161128741,2459365.7893450665,59365.287419,18.5055923,0.0408462547,0,zg,186.3260569,18.306035,0.588999987,-0.0,20210531287419,576,0x7,0x2,21.2199993,26.2055855,0.0365905948,-0.0681134835,5.71004857e-05,30,1.41199994,1,0.1438013886738111,59365.287419,0.1438013886738111,18.505592299999996,18.505592299999996
402,576107200017179,161223555,2459366.7373985928,59366.2355556,18.5214729,0.0412948243,0,zg,186.3260577,18.3060378,0.700999975,-0.0610000007,20210601235556,576,0x7,0x2,21.5499992,26.2877579,0.0303482786,-0.0886184797,3.77364122e-05,30,1.16100001,3,0.1417133746162656,59366.2355556,0.1417133746162656,18.5214729,18.5214729
403,576107200017179,161324746,2459367.7492191033,59367.2474653,18.5386448,0.0417869464,0,zg,186.3260614,18.3060272,0.384000003,-0.0370000005,20210602247465,576,0x7,0x2,21.7099991,26.268734,0.0286071859,-0.0743631199,3.30052644e-05,30,1.21700001,1,0.13948968065227954,59367.2474653,0.13948968065227954,18.538644800000007,18.538644800000007
404,576107200017179,161324932,2459367.7510823337,59367.2493287,18.5340519,0.0416545905,0,zg,186.3260333,18.3060498,0.485000014,-0.0289999992,20210602249329,576,0x7,0x2,21.8199997,26.275116,0.026255643,-0.0899163261,2.78201878e-05,30,1.22500002,3,0.14008100213006164,59367.2493287,0.14008100213006164,18.5340519,18.5340519
405,576107200017179,161521219,2459369.713778456,59369.2121991,18.5306454,0.0415567532,0,zg,186.326067,18.3060529,0.481000006,0.0260000005,20210604212199,576,0x7,0x2,21.7399998,26.3089676,0.0299992282,-0.0896221623,3.70188063e-05,30,1.11600006,1,0.14052119681196548,59369.2121991,0.14052119681196548,18.530645400000004,18.530645400000004
406,576107200017179,161719385,2459371.695256006,59371.1938542,18.5847282,0.043144729,0,zg,186.3260794,18.3060479,0.665000021,-0.0160000008,20210606193854,576,0x7,0x2,21.8500004,26.3375568,0.0305903219,-0.0921302438,3.8474147e-05,30,1.08599997,1,0.1336930157811659,59371.1938542,0.1336930157811659,18.584728199999994,18.584728199999994
407,576107200017179,161925809,2459373.7593056257,59373.2580903,18.5829659,0.0430918075,0,zg,186.3261002,18.3060401,1.18700004,-0.0579999983,20210608258090,576,0x7,0x2,21.5100002,26.2775898,0.0355460495,-0.0796579346,5.16231194e-05,30,1.36000001,1,0.13391019424100606,59373.2580903,0.13391019424100606,18.582965899999998,18.582965899999998
408,576107200017179,162125736,2459375.7583946306,59375.2573611,18.5124187,0.0410383232,0,zg,186.3260498,18.3060558,0.781000018,-0.00800000038,20210610257361,576,0x7,0x2,21.1399994,26.2855988,0.0309456643,-0.0595343299,4.02679543e-05,30,1.39199996,1,0.14290009581927904,59375.2573611,0.14290009581927904,18.512418700000005,18.512418700000005
409,576107200017179,162222144,2459376.7223923355,59376.2214468,18.5895805,0.0432909206,0,zg,186.3260818,18.3060765,0.977999985,0.0,20210611221447,576,0x7,0x2,21.2099991,26.3291168,0.0371465012,-0.081940949,5.83933834e-05,30,1.21000004,3,0.13309685699998555,59376.2214468,0.13309685699998555,18.589580500000004,18.589580500000004
410,576107200017179,162624547,2459380.7460506894,59380.2454745,18.4018383,0.0380653627,32768,zg,186.3259483,18.3059955,1.09300005,0.156000003,20210615245475,576,0x7,0x2,19.3799992,24.6988316,0.0528447479,-0.0327034853,0.000496735622,30,1.40499997,3,0.15822120217959884,59380.2454745,0.15822120217959884,18.4018383,18.4018383
411,576107200017179,162728052,2459381.7810016214,59381.2805208,18.47369,0.0399638936,32768,zg,186.3260758,18.3059371,0.805000007,0.0439999998,20210616280509,576,0x7,0x2,19.4099998,24.7598076,0.0525565669,-0.0472305901,0.000541239278,30,1.78600001,1,0.1480894090238062,59381.2805208,0.1480894090238062,18.473689999999998,18.473689999999998
412,576107200017179,163022696,2459384.7271766895,59384.2269676,18.5038815,0.0407983102,32768,zg,186.3260565,18.3059903,1.00300002,-0.141000003,20210619226968,576,0x7,0x2,19.6200008,26.0655003,0.08818838,-0.0423687547,0.000900399056,30,1.35300004,1,0.14402815585756226,59384.2269676,0.14402815585756226,18.5038815,18.5038815
413,576107200017179,163120840,2459385.708521343,59385.2084028,18.6036644,0.0437186807,0,zg,186.326064,18.3060295,1.32599998,0.0689999983,20210620208403,576,0x7,0x2,20.3099995,26.2468948,0.037289314,-0.0631334782,8.87602946e-05,30,1.26300001,3,0.13138150727320216,59385.2084028,0.13138150727320216,18.603664400000007,18.603664400000007
414,576107200017179,163229127,2459386.791291665,59386.2912731,18.4097118,0.0382675566,0,zg,186.3260327,18.3059993,0.433999985,0.0140000004,20210621291273,576,0x7,0x2,19.4300003,26.0199814,0.0428425819,-0.0500367433,0.000280235894,30,2.22199988,1,0.1570779699920354,59386.2912731,0.1570779699920354,18.409711800000004,18.409711800000004
415,576107200017179,163327869,2459387.77861965,59387.2786921,18.42799,0.0387424156,0,zg,186.3261329,18.3060394,0.386999995,0.0410000011,20210622278681,576,0x7,0x2,19.5300007,25.9257336,0.0449708402,-0.0182179362,0.000247582066,30,2.01900005,3,0.15445572132335597,59387.2786921,0.15445572132335597,18.42799,18.42799
416,576107200017179,163619565,2459390.6953189047,59390.1956597,18.6255341,0.0443934128,0,zg,186.3260656,18.306025,0.372000009,-0.0260000005,20210625195648,576,0x7,0x2,20.4500008,26.2996044,0.0398291089,-0.0539150052,9.17694997e-05,30,1.26800001,3,0.1287615986306768,59390.1956597,0.1287615986306768,18.625534100000003,18.625534100000003
417,576107200017179,163619707,2459390.6967308675,59390.1970718,18.6009521,0.0436359011,0,zg,186.3260165,18.3060756,0.823000014,-0.0489999987,20210625197060,576,0x7,0x2,20.3999996,26.3068562,0.0447921939,-0.0557021871,0.000123156758,30,1.27499998,1,0.131710124417225,0.0,0.131710124417225,18.600952099999994,18.600952099999994
418,576107200017179,163825780,2459392.7572709857,59392.2578009,18.6445026,0.0449890718,0,zg,186.3260772,18.3060231,1.05299997,-0.0299999993,20210627257801,576,0x7,0x2,20.0400009,26.1136703,0.0475646816,-0.035485547,0.000174807763,30,1.89499998,3,0.12653158841728332,2.0,0.12653158841728332,18.644502600000003,18.644502600000003
419,576107200017179,163825921,2459392.758682938,59392.259213,18.5483723,0.0420690216,0,zg,186.3258829,18.3060163,0.467000008,-0.0209999997,20210627259213,576,0x7,0x2,19.6900005,26.1098804,0.0447667278,-0.0325691663,0.000193764194,30,1.91799998,1,0.13824552432646298,2.0,10.69179424153681,13.827373519061332,18.548372300000004
420,576107200017179,163928995,2459393.7893294105,59393.2899537,18.4301682,0.0387995169,32768,zg,186.3260645,18.3060248,0.773999989,-0.0170000009,20210628289954,576,0x7,0x2,19.3500004,25.8662319,0.0429031253,0.0413630717,0.000365402142,30,2.73300004,3,0.15414616344134402,3.0,10.707694880651692,13.825760031688397,18.430168200000004
421,576107200017179,164224879,2459396.747903,59396.2487963,18.5153637,0.0411215164,0,zg,186.3260644,18.3060552,0.458999991,-0.0149999997,20210701248785,576,0x7,0x2,21.0100002,25.9885616,0.0336816013,-0.0464434251,4.94996857e-05,30,1.926,3,0.14251301234333522,6.0,15.01165722429076,13.458928402030715,18.5153637
422,576107200017179,164324490,2459397.7439240674,59397.2449074,18.540369,0.0418367535,0,zg,186.3260659,18.3060421,0.493999988,-0.0719999969,20210702244907,576,0x7,0x2,21.0100002,26.074688,0.0405907333,-0.0400639437,7.11410321e-05,30,1.90699995,3,0.139268340295111,7.0,17.61772580952186,13.285125383413707,18.54036899999999
423,576107200017179,178253090,2459537.028208969,59536.5309028,18.6027489,0.043690715,0,zg,186.3260069,18.3060633,0.973999977,-0.074000001,20211118530891,576,0x7,0x2,20.3600006,26.3111629,0.0411237068,-0.0840800405,0.000104144827,30,1.59500003,1,0.13149233575436511,146.0,17.321013445320812,13.303566752962638,18.6027489
424,576107200017179,179649657,2459550.995084607,59550.4965741,18.7645798,0.0489939824,0,zg,186.3260491,18.3060407,0.841000021,-0.129999995,20211202496574,576,0x7,0x2,20.3299999,24.9895267,0.161748365,-0.0592935272,0.00201842189,30,1.55599999,1,0.1132838707946574,160.0,0.35666008318153136,17.519363733691186,18.7645798
425,576107200017179,186933129,2459623.835934993,59623.3312963,18.66576,0.0456683077,0,zg,186.3260308,18.3060428,0.549000025,-0.0480000004,20220213331285,576,0x7,0x2,20.8400002,26.3402634,0.0344375297,-0.0918119848,5.77378414e-05,30,1.30299997,1,0.12407834726453636,233.0,0.32071360209518557,17.634706550992668,18.66576
426,576107200017179,187135341,2459625.8581592394,59625.3534144,18.6691074,0.0457764082,0,zg,186.3260771,18.3060171,1.25600004,0.0320000015,20220215353403,576,0x7,0x2,20.1000004,26.3626747,0.0396367535,-0.0523164049,0.000116044161,30,1.17700005,1,0.12369639421322853,235.0,0.20394902986802982,18.126195890416902,18.669107399999994
427,576107200017179,187640062,2459630.9056095895,59630.400625,18.6483364,0.0451106504,0,zg,186.3260488,18.3060433,0.582000017,-0.057,20220220400613,576,0x7,0x2,20.8500004,26.3958187,0.03668743,-0.0679394007,6.47277921e-05,30,1.04499996,1,0.12608558564451558,240.0,0.20469376809012693,18.122238448122296,18.648336399999998
428,576107200017179,188337277,2459637.878031846,59637.3727778,18.759903,0.0488301441,0,zg,186.3261325,18.3060322,0.936999977,-0.00700000022,20220227372766,576,0x7,0x2,20.9099998,26.3800316,0.0335483663,-0.0824889466,5.24186144e-05,30,1.05400002,1,0.1137728926328492,247.0,0.18846890236635164,18.21190074686627,18.759903
429,576107200017179,188439996,2459638.905252774,59638.3999653,18.7547836,0.0486516058,0,zg,186.3260775,18.3060354,0.458000004,-0.00999999978,20220228399838,576,0x7,0x2,21.0100002,26.3609352,0.0357985534,-0.0700967833,5.37045416e-05,30,1.03299999,2,0.11431061465906321,248.0,0.18396905832647,18.238138036607417,18.754783600000003
430,1571114100007455,188443258,2459638.9378695064,59638.432581,18.7889652,0.05644878,0,zg,186.3260281,18.3060497,0.800000012,-0.0329999998,20220228432569,1571,0xe,0x1,20.75,26.2701893,0.0388832502,-0.0615750067,6.77954667e-05,30,1.07000005,2,0.11076789944107278,248.0,0.1797454445775581,18.263355268633894,18.7889652
431,576107200017179,188443942,2459638.94471002,59638.4394213,18.8304768,0.0513724163,0,zg,186.3260536,18.3060807,0.688000023,-0.0309999995,20220228439410,576,0x7,0x2,20.9699993,26.1211319,0.03519639,-0.0520055555,5.51284684e-05,30,1.051,2,0.10661278294118177,248.0,0.17559032807766706,18.288748524294924,18.830476800000007
432,576107200017179,188534292,2459639.848244888,59639.3429282,18.6863556,0.0463383459,0,zg,186.3260823,18.3061274,0.787999988,0.0359999985,20220301342917,576,0x7,0x2,20.6900005,26.3630753,0.0367181748,-0.0605284497,6.6564935e-05,30,1.097,1,0.12174685746389667,249.0,0.19072440260038198,18.19898434189107,18.686355600000006
433,576107200017179,188735211,2459641.8574924017,59641.3521181,18.7679977,0.0491141081,0,zg,186.3260576,18.3060457,0.675999999,0.0170000009,20220303352106,576,0x7,0x2,21.8500004,26.37327,0.0295430757,-0.0881320611,3.54425974e-05,30,1.06799996,1,0.11292781364451629,251.0,0.18123365098854605,18.254402901281473,18.767997700000002
434,576107200017179,191635005,2459670.8555392064,59670.3500579,18.7426357,0.0482310131,0,zg,186.3260672,18.3060611,0.717000008,0.061999999,20220401350046,576,0x7,0x2,22.0900002,26.3554859,0.0305347871,-0.108457878,3.77099277e-05,30,1.04799998,2,0.11559677553204772,280.0,0.18258614359819084,18.246330460038003,18.7426357
435,576107200017179,191744822,2459671.9536878895,59671.4482292,18.7397537,0.0481318496,0,zg,186.3260786,18.3060553,0.941999972,0.0189999994,20220402448218,576,0x7,0x2,21.7999992,26.272007,0.0316448137,-0.0973018408,3.96862742e-05,30,1.40499997,2,0.11590402554085392,281.0,0.1672041019256665,18.341882681150544,18.7397537
436,576107200017179,191829797,2459672.8034145,59672.2979745,18.7361946,0.0480097309,0,zg,186.3260893,18.3060493,0.270999998,0.00700000022,20220403297963,576,0x7,0x2,22.1800003,26.3470745,0.0295577422,-0.110135667,3.61797865e-05,30,1.03600001,2,0.11628458840330128,282.0,0.16713900910211468,18.342305442282814,18.736194599999997
437,576107200017179,191829893,2459672.804375178,59672.2989352,18.7651081,0.0490125231,0,zg,186.3260705,18.3060404,1.01600003,-0.00999999978,20220403298924,576,0x7,0x2,22.2900009,26.3261814,0.0293266382,-0.103149749,3.54744079e-05,30,1.03600001,1,0.1132287622788097,282.0,0.16364289238350724,18.36525713240777,18.7651081
438,576107200017179,191933359,2459673.839015111,59673.3335995,18.7554836,0.0486759655,0,zg,186.326076,18.3060349,1.56900001,0.00400000019,20220404333588,576,0x7,0x2,21.6900005,26.1874294,0.0352341607,-0.104435563,5.01371214e-05,30,1.04100001,2,0.11423693963479721,283.0,0.16465106973949475,18.358588608319288,18.755483599999998
439,576107200017179,191933706,2459673.842475725,59673.3370602,18.7673378,0.049090866,0,zg,186.3260761,18.3060612,0.532999992,-0.0209999997,20220404337037,576,0x7,0x2,21.7199993,26.1904297,0.0325670429,-0.0968851298,4.32401175e-05,30,1.04400003,2,0.11299647094366398,283.0,0.162975593679872,18.369693570643157,18.7673378
440,576107200017179,192115291,2459675.6582853557,59675.1529167,18.7100735,0.047124844,0,zg,186.3260598,18.3060698,0.616999984,-0.0160000008,20220406152905,576,0x7,0x2,21.3999996,26.1256256,0.0296757221,-0.0520244911,3.73044277e-05,30,1.58000004,2,0.11911613684358481,285.0,0.16909525957979282,18.329671418131532,18.7100735
441,576107200017179,192133048,2459675.835849985,59675.3304861,18.6886177,0.0464126915,0,zg,186.3260494,18.3060583,0.714999974,0.00999999978,20220406330475,576,0x7,0x2,21.7099991,26.2891693,0.0294757262,-0.0612864755,3.52521856e-05,30,1.04299998,1,0.12149346546451281,285.0,0.17061810320822826,18.319937226204893,18.6886177
442,576107200017179,192136057,2459675.8659417494,59675.3605787,18.7584476,0.0487793423,0,zg,186.3260932,18.3060471,0.624000013,-0.0450000018,20220406360544,576,0x7,0x2,21.7600002,26.309536,0.0295181088,-0.10340976,3.56453347e-05,30,1.08500004,2,0.11392550437957714,285.0,0.1630501421232926,18.369197045758447,18.758447600000004
443,576107200017179,192238118,2459676.886514783,59676.3811806,18.7401695,0.048146151,0,zg,186.3260405,18.3060836,0.465000004,0.063000001,20220407381169,576,0x7,0x2,20.4799995,26.2550545,0.0427061208,-0.0460796431,0.000107444022,30,1.14400005,2,0.11585964674362183,286.0,0.16498428448733726,18.356393555911957,18.7401695
444,576107200017179,192323453,2459677.739845854,59677.234537,18.7200279,0.0474597551,0,zg,186.3260876,18.3060304,0.921999991,0.0219999999,20220408234525,576,0x7,0x2,20.6800003,26.2848015,0.0361882225,-0.0566409379,6.71702292e-05,30,1.10699999,2,0.11802903055195256,287.0,0.16673403437343873,18.344939353280814,18.720027899999998
445,576107200017179,192329737,2459677.802679659,59677.2973727,18.7656231,0.0490306094,0,zg,186.3260813,18.3060366,0.838,-0.00600000005,20220408297361,576,0x7,0x2,21.1000004,26.3237362,0.0347863436,-0.0848105699,5.14242347e-05,30,1.03199995,1,0.11317506692935819,287.0,0.1614654073957067,18.379801268260373,18.765623099999992
446,576107200017179,192334989,2459677.855201146,59677.3498958,18.7582512,0.0487724766,0,zg,186.3260385,18.3060518,0.933000028,-0.0130000003,20220408349884,576,0x7,0x2,21.2000008,26.3152504,0.0338949151,-0.0900726616,4.89060076e-05,30,1.07500005,2,0.1139461143516882,287.0,0.16223645481803667,18.37462888105467,18.758251199999997
447,576107200017179,192429598,2459678.8012596103,59678.2959838,18.7802887,0.0495489538,0,zg,186.3260776,18.3060359,0.92900002,0.0160000008,20220409295972,576,0x7,0x2,21.5699997,26.3424988,0.0326116309,-0.10350091,4.34272042e-05,30,1.03199995,2,0.11165663105011234,288.0,0.1599469715164608,18.39005994640734,18.780288699999993
448,576107200017179,192434083,2459678.8461076673,59678.3408333,18.755991,0.0486936532,0,zg,186.3260732,18.3060461,0.995000005,0.0289999992,20220409340822,576,0x7,0x2,21.3999996,26.334034,0.0320021473,-0.0991948396,4.18833042e-05,30,1.06500006,2,0.11418356545345183,288.0,0.16206413850910878,18.375782687595454,18.755991
449,576107200017179,192515789,2459679.6631411575,59679.1578935,18.7887688,0.0498516634,0,zg,186.3261079,18.3060455,0.57099998,-0.0280000009,20220410157338,576,0x7,0x2,20.7199993,26.2556801,0.0376794674,-0.0909501985,7.2145951e-05,30,1.43900001,2,0.11078793817893401,289.0,0.15866851123459094,18.398773132923104,18.788768800000007
450,576107200017179,192525839,2459679.7636355693,59679.2583912,18.7230015,0.0475603342,0,zg,186.3260481,18.3060618,0.764999986,-0.0439999998,20220410258380,576,0x7,0x2,21.1599998,26.3418388,0.0343834646,-0.0652780011,4.97521542e-05,30,1.05400002,1,0.11770621646079653,289.0,0.16518184478773476,18.355094219745432,18.723001500000002
451,576107200017179,192821417,2459682.7193174413,59682.2141782,18.6690903,0.045775827,0,zg,186.3260295,18.3061129,1.09099996,-0.123000003,20220413214167,576,0x7,0x2,20.1800003,26.338562,0.0390723124,-0.0755974352,0.000117386146,30,1.125,1,0.12369834240744737,292.0,0.17117397073438562,18.31640568714176,18.6690903
452,576107200017179,193427630,2459688.781192333,59688.2763079,18.6470985,0.0450713299,0,zg,186.3260311,18.306041,0.750999987,-0.00300000003,20220419276296,576,0x7,0x2,20.7000008,26.362484,0.0421012528,-0.0577202588,8.91266027e-05,30,1.03299999,1,0.1262294238600341,298.0,0.17251844119202422,18.307911186551145,18.64709849999999
453,576107200017179,193629989,2459690.8046838036,59690.2998958,18.7746201,0.0493478365,0,zg,186.326102,18.30604,1.02400005,-0.0659999996,20220421299884,576,0x7,0x2,21.4899998,26.3358383,0.0310432147,-0.0902593732,3.97956392e-05,30,1.05400002,1,0.1122411118183925,300.0,0.15627780518206624,18.41525674195463,18.7746201
454,576107200017179,194033853,2459694.843109259,59694.3385301,18.7583046,0.0487743504,0,zg,186.3260286,18.3060516,1.21700001,-0.050999999,20220425338495,576,0x7,0x2,21.1399994,26.2054005,0.0367808752,-0.0905086398,5.6885965e-05,30,1.16499996,1,0.11394051025296742,304.0,0.15726036460730186,18.408451804397977,18.758304599999995
455,576107200017179,194219453,2459696.699013105,59696.194537,18.7058868,0.0469848476,0,zg,186.3260687,18.3060551,0.768000007,0.00100000005,20220427194525,576,0x7,0x2,21.7999992,26.315609,0.0252820738,-0.0895145014,2.61595214e-05,30,1.08200002,1,0.11957634650471773,306.0,0.16151053949773908,18.379497830447356,18.705886799999995
456,576107200017179,194523569,2459699.73999231,59699.2356944,18.6892242,0.0464326516,0,zg,186.3260783,18.3060504,1.15400004,0.0540000014,20220430235694,576,0x7,0x2,21.7900009,26.3129177,0.0315783061,-0.0883012861,4.09823842e-05,30,1.03199995,1,0.12142561729880674,309.0,0.16269008343171898,18.371597295318217,18.689224200000005
457,576107200017179,194729829,2459701.8024692736,59701.2982986,18.6948051,0.046616707,0,zg,186.3261132,18.3060595,0.944999993,0.0240000002,20220502298299,576,0x7,0x2,21.2099991,26.2895031,0.0388052128,-0.0856836811,6.35821852e-05,30,1.10399997,1,0.12080306686665594,311.0,0.16109061000467284,18.382324434830416,18.694805100000004
458,576107200017179,194735061,2459701.8547807406,59701.3506134,18.7157574,0.0473157093,0,zg,186.3260259,18.3060925,1.01999998,0.0140000004,20220502350602,576,0x7,0x2,21.0100002,26.2213516,0.0347564891,-0.0793544278,5.23050003e-05,30,1.30400002,1,0.11849418547974881,311.0,0.15814829203598332,18.402338735000633,18.715757399999994
459,576107200017179,195825476,2459712.758185215,59712.2547685,18.7598114,0.0488269776,0,zg,186.3260559,18.3060527,0.382999986,-0.0500000007,20220513254769,576,0x7,0x2,20.4500008,26.343998,0.0573180132,-0.0572287962,0.000193774962,30,1.07599998,1,0.11378249168329088,322.0,0.15343659823952538,18.435177596441413,18.759811399999997
460,576107200017179,196025406,2459714.757328852,59714.2540625,18.6154289,0.0440800525,0,zg,186.3260871,18.3060789,0.518000007,0.0399999991,20220515254039,576,0x7,0x2,20.2199993,26.3286057,0.0456303544,-0.0475922227,0.000141070486,30,1.08500004,1,0.1299656071528802,324.0,0.1663728409456367,18.347293918522404,18.615428900000005
461,576107200017179,196327949,2459717.7825228716,59717.2794907,18.6582966,0.045428399,0,zg,186.3260615,18.3060479,0.400999993,-0.0329999998,20220518279456,576,0x7,0x2,20.7999992,26.292448,0.0434893481,-0.0598197579,9.34874988e-05,30,1.17799997,1,0.1249342056956635,327.0,0.1607913249789319,18.384343465079162,18.658296599999993
462,576107200017179,196822337,2459722.7260133135,59722.2233796,18.7094002,0.0471023247,0,zg,186.3260766,18.3060546,0.893999994,0.0649999976,20220523223218,576,0x7,0x2,21.6299992,26.3122501,0.0340472907,-0.0890965983,4.73154942e-05,30,1.06900001,1,0.11919002750625783,332.0,0.15424354388041814,18.42948251257696,18.709400199999997
463,576107200017179,196827711,2459722.7797473515,59722.2771181,18.7059135,0.0469857678,0,zg,186.3260646,18.3060346,1.10399997,0.0,20220523277118,576,0x7,0x2,21.3999996,26.2695923,0.03152477,-0.0795815811,4.09046697e-05,30,1.22399998,1,0.11957340596613929,332.0,0.15334259747120407,18.435842961251417,18.7059135
464,576107200017179,197022829,2459724.730765611,59724.2282986,18.7159367,0.0473217703,0,zg,186.3260686,18.3060431,1.25399995,0.0829999968,20220525228299,576,0x7,0x2,21.7900009,26.2667618,0.0260754786,-0.0726871341,2.71927274e-05,30,1.08800006,1,0.11847461879940452,334.0,0.15224381030446932,18.443650888039166,18.715936700000007
465,576107200017179,197222923,2459726.731534086,59726.2292361,18.6971169,0.0466932431,0,zg,186.3260729,18.3060711,0.774999976,0.0759999976,20220527229236,576,0x7,0x2,21.7800007,26.3467407,0.0302929301,-0.0629781336,3.74775154e-05,30,1.102,1,0.12054612100849682,336.0,0.15382000249291344,18.43246796485642,18.697116900000005
466,576107200017179,197619946,2459730.7014231817,59730.1994676,18.6954803,0.0466390587,0,zg,186.3260939,18.3060501,1.12699997,0.00899999961,20220531199456,576,0x7,0x2,21.8099995,26.3582897,0.0274683461,-0.0819916725,3.07957234e-05,30,1.06599998,1,0.12072796494654317,340.0,0.153516653048608,18.43461126651207,18.695480300000007
467,576107200017179,197818486,2459732.6866423474,59732.1848611,18.7165184,0.0473413616,0,zg,186.3260665,18.3060466,0.879000008,-0.0689999983,20220602184850,576,0x7,0x2,21.8299999,26.350462,0.0266277902,-0.0905016661,2.91028009e-05,30,1.05299997,1,0.11841116118681046,342.0,0.15025877677013225,18.45790037748923,18.716518400000005
468,576107200017179,198020656,2459734.708164376,59734.2065625,18.6833591,0.0462401435,0,zg,186.3260605,18.3060359,0.841000021,0.0399999991,20220604206551,576,0x7,0x2,21.3600006,26.1369743,0.032807,-0.067214638,4.50006446e-05,30,1.10000002,1,0.1220833280927901,344.0,0.15347456673724857,18.43490895992678,18.683359099999997
469,576107200017179,198223553,2459736.7369526075,59736.2355324,18.6512432,0.0452030897,0,zg,186.3260683,18.3060347,0.582000017,0.0140000004,20220606235532,576,0x7,0x2,21.1399994,26.345644,0.034185119,-0.0645131245,5.0635681e-05,30,1.20899999,1,0.12574847300094028,346.0,0.1566924551590573,18.412379786455737,18.651243200000003
470,576107200017179,198829562,2459742.796494991,59742.295625,18.5883904,0.0432549901,0,zg,186.3261212,18.3060644,0.526000023,-0.0579999983,20220612295625,576,0x7,0x2,19.5300007,26.142807,0.041245304,-0.038318716,0.000214493644,30,1.83599997,1,0.1332428274600981,352.0,0.16374844342781686,18.3645570491637,18.5883904
471,576107200017179,199329967,2459747.80008604,59747.2996759,18.6359501,0.0447192639,0,zg,186.3260451,18.3060672,0.853999972,-0.074000001,20220617299664,576,0x7,0x2,20.3600006,26.1050777,0.0431909002,-0.0104880938,0.000115303803,30,2.15100002,1,0.12753223184144918,357.0,0.1567738932173377,18.411815641367973,18.635950099999995
472,576107200017179,199525398,2459749.754211444,59749.2539815,18.6900501,0.0464598425,0,zg,186.326055,18.3060551,0.470999986,-0.0109999999,20220619253982,576,0x7,0x2,20.7900009,26.2444859,0.0347413234,-0.0461918414,6.00676212e-05,30,1.56299996,1,0.12133328613779389,359.0,0.14957716243007008,18.46283677466358,18.6900501
473,576107200017179,199719523,2459751.695282362,59751.1952315,18.6769295,0.0460302047,0,zg,186.326072,18.306045,0.990999997,0.0329999998,20220621195231,576,0x7,0x2,21.2000008,26.2615509,0.0354204327,-0.058004532,5.30775469e-05,30,1.21200001,1,0.1228084358478249,361.0,0.1506665844871712,18.45495764197387,18.676929499999993
474,576107200017179,200126356,2459755.763240723,59755.2635648,18.646843,0.0450632349,0,zg,186.3260899,18.3060515,0.823000014,0.0250000004,20220625263565,576,0x7,0x2,20.9200001,26.1952171,0.03749099,-0.0590050146,6.40788276e-05,30,1.88900006,1,0.126259132193186,365.0,0.15373892459900765,18.4330404028454,18.646842999999997
475,576107200017179,214951347,2459904.010919055,59903.5134722,18.6035156,0.0437141284,0,zg,186.32605,18.3060925,1.35500002,-0.0,20221120513461,576,0x7,0x2,21.0100002,26.2531586,0.0346491747,-0.0701241642,5.13099585e-05,30,1.74300003,1,0.13139951432490773,513.0,0.15814400237135334,18.402368185254566,18.6035156
476,576107200017179,215551760,2459910.0155602847,59909.5176042,18.5777225,0.0429347679,32768,zg,186.3259902,18.3061077,0.623000026,0.00300000003,20221126517604,576,0x7,0x2,20.9500008,26.3455753,0.0421071313,-0.134677917,8.25181851e-05,30,1.51900005,1,0.13455845750536383,519.0,0.1461990781879387,18.48763841419015,18.5777225
477,576107200017179,216049425,2459914.992656297,59914.4942593,18.5994205,0.0435892269,0,zg,186.3259061,18.3061446,0.105999999,-0.00700000022,20221201494248,576,0x7,0x2,20.3600006,26.2422123,0.0389971547,-0.0635741279,9.91750931e-05,30,1.61500001,1,0.13189605316901,524.0,0.14321550539161118,18.510024900226192,18.5994205
478,576107200017179,216946716,2459923.9663878423,59923.4671644,18.6952858,0.0466326289,0,zg,186.3260894,18.3061075,1.04200006,-0.0260000005,20221210467164,576,0x7,0x2,19.9400005,26.2687416,0.0415439419,-0.0469254591,0.000148136853,30,1.64300001,1,0.12074959422671717,533.0,0.1318113067146305,18.60011833639677,18.6952858
479,576107200017179,217649945,2459930.99934484,59930.499456,18.5733757,0.0428051576,0,zg,186.3260874,18.3060591,1.38,-0.0599999987,20221217499456,576,0x7,0x2,20.7800007,26.3371296,0.0384796411,-0.0819758251,7.02580946e-05,30,1.255,1,0.13509824893941788,540.0,0.14571745273631936,18.491221072991813,18.573375700000007
480,576107200017179,217943596,2459933.9361292245,59933.4359606,18.5789089,0.0429702662,32768,zg,186.3260753,18.3060816,0.619000018,-0.00999999978,20221220435949,576,0x7,0x2,20.5699997,25.6127014,0.0358913951,-0.0557768606,7.90226186e-05,30,1.68799996,1,0.13441150379371034,543.0,0.14470448098318292,18.49879505029262,18.578908899999995
481,576107200017179,218148643,2459935.9867993603,59935.4864352,18.5805016,0.0430179313,0,zg,186.3260589,18.3060572,0.718999982,-0.0109999999,20221222486424,576,0x7,0x2,21.7600002,26.349432,0.0255178139,-0.0748192668,2.6410451e-05,30,1.25199997,1,0.1342144759524423,545.0,0.1443721992172571,18.501291069702326,18.580501599999998
482,576107200017179,218353285,2459938.0334178475,59937.5328588,18.5820847,0.0430653766,0,zg,186.3260635,18.3060564,0.907999992,-0.050999999,20221224532859,576,0x7,0x2,21.4799995,26.3850689,0.0309551395,-0.0826515928,3.96930263e-05,30,1.08299994,1,0.13401892190576997,547.0,0.14408794521706816,18.503430879760693,18.582084700000003
483,576107200017179,221241269,2459966.9158355165,59966.4126968,18.6109314,0.0439414605,0,zg,186.3260971,18.3060413,0.898999989,-0.0270000007,20230122412535,576,0x7,0x2,20.7800007,26.3569889,0.038705416,-0.0679357201,7.11465764e-05,30,1.204,1,0.13050508684694861,576.0,0.14048656322133465,18.530913029217324,18.61093139999999
484,576107200017179,221442505,2459968.9283551667,59968.4250579,18.6282272,0.0444773808,0,zg,186.3260542,18.3060947,1.05499995,-0.0379999988,20230124425046,576,0x7,0x2,20.8999996,26.3693867,0.0334458947,-0.0881419331,4.91990468e-05,30,1.14100003,1,0.12844260940728752,578.0,0.1372733289717836,18.55603458563271,18.628227200000005
485,576107200017179,221844655,2459972.9501529345,59972.4465509,18.6492367,0.0451392531,0,zg,186.3260613,18.306064,1.0,-0.0370000005,20230128446470,576,0x7,0x2,21.1399994,26.1854591,0.0404872485,-0.0863099545,6.60494334e-05,30,1.06700003,1,0.12598107793664678,582.0,0.1347399290610152,18.576259214085518,18.649236699999996
486,576107200017179,222527364,2459979.7777248067,59979.2736458,18.5818672,0.0430588312,0,zg,186.3261242,18.3060277,0.566999972,-0.0879999995,20230204273646,576,0x7,0x2,19.4599991,26.0914707,0.042800568,-0.0782146603,0.000274707359,30,2.33800006,2,0.13404577192258696,589.0,0.14266352799587184,18.5142176007569,18.581867199999998
487,576107200017179,222535097,2459979.8550563874,59979.3509722,18.5647888,0.0425505377,0,zg,186.3260139,18.3060354,1.18599999,0.163000003,20230204350961,576,0x7,0x2,20.2099991,26.2856159,0.0414419472,-0.0589745007,0.000118319214,30,1.33599997,1,0.13617095396971085,589.0,0.14454999054173479,18.499954831025725,18.564788799999995
488,576107200017179,222535190,2459979.855993946,59979.3519097,18.55093,0.0421435684,0,zg,186.3260725,18.3060533,0.224000007,-0.0260000005,20230204351898,576,0x7,0x2,20.0699997,26.2876701,0.0409407876,-0.0526921265,0.0001395781,30,1.33000004,2,0.13792023866211575,589.0,0.1462992752341397,18.486894563404995,18.55093
489,576107200017179,222631625,2459980.8203971377,59980.31625,18.5643845,0.0425385982,0,zg,186.32607,18.3060432,0.819000006,-0.0939999968,20230205316250,576,0x7,0x2,20.1299992,26.3351688,0.0422877297,-0.0706950799,0.000139150128,30,1.59200001,2,0.13622166994293303,590.0,0.14460070651495696,18.499573962714415,18.564384499999996
490,576107200017179,223143939,2459985.943860162,59985.4393981,18.6177864,0.0441528894,0,zg,186.3260917,18.3060954,0.638999999,0.0599999987,20230210439271,576,0x7,0x2,20.2600002,26.3808537,0.0383260883,-0.051513996,9.07936555e-05,30,1.03699994,1,0.12968371407810825,595.0,0.1380294735861855,18.550070420788153,18.617786399999993
491,576107200017179,223150270,2459986.007174037,59985.5027083,18.7105331,0.047140263,0,zg,186.3260352,18.3060868,1.66900003,0.063000001,20230210502581,576,0x7,0x2,20.5,26.3881702,0.0320293233,-0.0617958978,5.57589919e-05,30,1.06900001,2,0.11906572479068847,595.0,0.1272480943095402,18.638371782537895,18.7105331
492,576107200017179,223938203,2459993.8869182267,59993.382037,18.6783714,0.0460771956,32768,zg,186.3260115,18.3060663,0.995999992,0.0289999992,20230218382025,576,0x7,0x2,19.9699993,24.9668674,0.155734196,-0.107475378,0.00230101054,30,1.079,2,0.12264544970809048,603.0,0.1308278192269422,18.608249744537595,18.678371399999996
493,576107200017179,224239396,2459996.8989866404,59996.3939699,18.6425896,0.0449285433,32768,zg,186.3261059,18.3060281,0.50999999,0.0560000017,20230221393958,576,0x7,0x2,20.0400009,24.5137978,0.070337683,-0.104335517,0.000489634403,30,1.04999995,1,0.1267547257648067,606.0,0.13468569539726907,18.57669631766955,18.6425896
494,576107200017179,224239490,2459996.899924186,59996.3949074,18.9510269,0.056079302,32768,zg,186.326006,18.3060154,1.579,-0.00600000005,20230221394907,576,0x7,0x2,20.2999992,24.7712975,0.115861908,-0.0426156744,0.00107165065,30,1.04900002,2,0.09540897716369054,606.0,0.10324872708400441,18.865288234743083,18.951026899999995
495,576107200017179,224246195,2459996.966975644,59996.461956,18.7038441,0.0469167456,0,zg,186.3260672,18.3060391,0.455000013,0.0549999997,20230221461829,576,0x7,0x2,21.8099995,26.3545799,0.0306959692,-0.0771551132,3.8740156e-05,30,1.05400002,2,0.11980152875405714,606.0,0.12764127867437103,18.635022134542403,18.703844100000005
496,576107200017179,226220791,2460016.713476875,60016.2079167,18.7425423,0.0482277721,32768,zg,186.3260899,18.3060843,0.845000029,0.0219999999,20230313207917,576,0x7,0x2,20.9799995,25.824461,0.0362475552,-0.0919797346,6.22429216e-05,30,1.70599997,2,0.11560672012373881,626.0,0.12344647004405268,18.671303310549398,18.742542300000004
497,576107200017179,226232564,2460016.831209728,60016.3256481,18.7487564,0.0484423749,32768,zg,186.3260139,18.3060445,0.643000007,-0.0359999985,20230313325648,576,0x7,0x2,19.7600002,24.7857952,0.0409441926,-0.0580894202,0.000194829074,30,1.06799996,1,0.11494694677166331,626.0,0.12221802753030944,18.68216182403301,18.748756399999998
498,576107200017179,226232659,2460016.832158837,60016.3265972,18.5944195,0.0434373021,32768,zg,186.3260992,18.3060609,0.972000003,-0.0359999985,20230313326597,576,0x7,0x2,19.75,24.8174553,0.0530274846,-0.0551518276,0.000320719497,30,1.06700003,2,0.13250497973052536,626.0,0.1397760604891715,18.536418010097684,18.594419500000008
499,1571114100007455,226735251,2460021.8581105196,60021.3525116,18.6393929,0.0509661064,0,zg,186.3260185,18.3061102,0.674000025,-0.057,20230318352512,1571,0xe,0x1,20.8299999,26.2116756,0.0410458036,-0.0234011263,7.13120971e-05,30,1.051,2,0.12712847577909855,631.0,0.13439955653774469,18.579005410674377,18.639392899999997
500,576107200017179,227644310,2460030.9486634424,60030.4431019,18.7184277,0.0474057011,0,zg,186.3260619,18.3060903,0.643000007,0.0170000009,20230327443090,576,0x7,0x2,21.25,26.3071995,0.0322209746,-0.0631056577,4.26250299e-05,30,1.26900005,2,0.1182031145552843,640.0,0.12534204338169125,18.654758073791747,18.7184277
501,576107200017179,227645874,2460030.96431135,60030.45875,18.7285233,0.0477478094,0,zg,186.3260672,18.3060595,0.964999974,0.061999999,20230327458750,576,0x7,0x2,21.1800003,26.2953033,0.0311969016,-0.0725956932,4.0125844e-05,30,1.36000001,1,0.11710910987608034,640.0,0.12401946179730171,18.666275394191935,18.7285233
502,576107200017179,227721361,2460031.7191633186,60031.2136111,18.6689568,0.0457715131,0,zg,186.3260311,18.306052,1.07099998,-0.0419999994,20230328213553,576,0x7,0x2,21.0200005,26.3314323,0.0351516791,-0.077029705,5.41583759e-05,30,1.30799997,2,0.12371355304878745,641.0,0.13062390497000884,18.609943343132052,18.668956799999997
503,576107200017179,227728612,2460031.7916740337,60031.2861227,18.7067394,0.0470133498,0,zg,186.3260302,18.3060593,0.640999973,0.0719999969,20230328286123,576,0x7,0x2,21.3099995,26.1524258,0.0399021879,-0.0695793256,6.40289581e-05,30,1.06599998,2,0.11948248321322408,641.0,0.12636814962574602,18.645905934296117,18.706739399999996
504,576107200017179,227815238,2460032.657923819,60032.1523843,18.8645763,0.0526561104,32768,zg,186.3260949,18.3060282,1.21399999,0.131999999,20230329151852,576,0x7,0x2,20.6599998,25.9542542,0.0367089175,-0.0442207083,6.92737667e-05,30,1.87,2,0.10331645114127334,642.0,0.11020211755379529,18.79452515089087,18.864576300000003
505,576107200017179,228229491,2460036.800386125,60036.294919,18.6990337,0.0467567965,0,zg,186.3260712,18.306069,0.370999992,0.0320000015,20230402294850,576,0x7,0x2,20.6700001,26.3557568,0.033326257,-0.0781557634,5.77066239e-05,30,1.03999996,2,0.12033349204744785,646.0,0.12719461166716,18.638828215680995,18.699033699999994
506,576107200017179,228233348,2460036.8389501236,60036.3334838,18.6844807,0.0462768897,0,zg,186.3260754,18.3060642,0.889999986,-0.143000007,20230402333472,576,0x7,0x2,20.5300007,26.3480949,0.0376363322,-0.0589648709,8.16291285e-05,30,1.03699994,1,0.12195727725400571,646.0,0.12872157748090565,18.625871616510942,18.6844807
507,576107200017179,228249178,2460036.9972453,60036.4917824,18.7428665,0.0482389405,0,zg,186.3261288,18.3060622,0.611000001,-0.0149999997,20230402491771,576,0x7,0x2,20.4300003,26.1697159,0.0409605205,-0.0513429567,9.85671359e-05,30,1.86000001,2,0.11557220519888757,646.0,0.12233650542578751,18.681109823490694,18.742866499999998
508,576107200017179,228825278,2460042.758105418,60042.2527894,18.8447323,0.0519045778,0,zg,186.3260649,18.3060344,0.398000002,0.0549999997,20230408252789,576,0x7,0x2,20.3999996,26.0833893,0.0399638079,-0.0763806924,0.000107273358,30,1.07099998,2,0.10522212783749586,652.0,0.11198642806439581,18.777086518634697,18.844732299999997
509,576107200017179,228927652,2460043.7818124094,60043.2765278,18.7588272,0.0487925746,0,zg,186.3260329,18.3060714,0.870999992,0.061999999,20230409276516,576,0x7,0x2,20.6499996,26.1429405,0.0336020626,-0.0559533872,6.45009059e-05,30,1.03999996,2,0.1138856801918951,653.0,0.1205087507503828,18.69745353905852,18.758827200000006
510,576107200017179,228932894,2460043.8342297566,60043.3289468,18.6661968,0.0456823818,0,zg,186.3260275,18.306048,0.619000018,-0.0120000001,20230409328935,576,0x7,0x2,20.7099991,26.2406864,0.0304347891,-0.0475590862,4.97845176e-05,30,1.04900002,1,0.12402843963385081,653.0,0.1306284266941854,18.60990575954674,18.6661968
511,576107200017179,228938097,2460043.886253491,60043.3809722,18.6948147,0.0466170236,0,zg,186.3260609,18.3060452,0.38499999,-0.0340000018,20230409380972,576,0x7,0x2,20.8700008,26.3114452,0.0376005471,-0.043615859,6.63550236e-05,30,1.15900004,2,0.1208019987395084,653.0,0.127401985799843,18.63705950662662,18.694814700000002
512,576107200017179,229029537,2460044.8006221876,60044.2953704,18.7557716,0.0486860126,0,zg,186.3260738,18.3060528,0.59799999,0.00400000019,20230410295347,576,0x7,0x2,21.3500004,26.349947,0.0288896617,-0.0673639104,3.48380381e-05,30,1.03199995,2,0.11420664141379852,654.0,0.12080662847413312,18.69477308997508,18.755771599999996
513,576107200017179,229033755,2460044.8428082867,60044.3375579,18.6826286,0.0462162271,0,zg,186.3260648,18.3060609,0.486999989,0.0130000003,20230410337546,576,0x7,0x2,21.2000008,26.3563519,0.0367510542,-0.0598986223,5.68783289e-05,30,1.06299996,2,0.1221654952702095,654.0,0.128742526375003,18.625694931897577,18.682628600000008
514,576107200017179,229133246,2460045.8376820763,60045.3324653,18.7108955,0.0471524075,0,zg,186.3260527,18.3060456,0.611000001,-0.0219999999,20230411332454,576,0x7,0x2,21.4799995,26.3497543,0.0256117377,-0.0556278452,2.67643918e-05,30,1.05999994,1,0.11902598933928622,655.0,0.12560302044407973,18.652499791894662,18.7108955
515,576107200017179,229133340,2460045.8386195437,60045.3334028,18.6795464,0.0461154953,0,zg,186.3260684,18.3060513,0.393999994,0.0140000004,20230411333403,576,0x7,0x2,21.6800003,26.3512001,0.0263977423,-0.055757001,2.777798e-05,30,1.06099999,2,0.12251279275812377,655.0,0.12906699456917692,18.62296200682622,18.6795464
516,576107200017179,229135976,2460045.864984322,60045.3597685,18.6716194,0.0458577275,0,zg,186.3260494,18.3060337,0.451999992,0.0370000005,20230411359768,576,0x7,0x2,21.5300007,26.3361816,0.0285955556,-0.0608351603,3.39747821e-05,30,1.11300004,2,0.12341053640996401,655.0,0.12996473822101717,18.615436159104597,18.671619400000004
517,576107200017179,229223821,2460046.7434024974,60046.2382176,18.7234192,0.0475745052,0,zg,186.326061,18.3060509,0.86500001,0.0689999983,20230412238218,576,0x7,0x2,21.9300003,26.3621063,0.02971627,-0.0761851147,3.58457582e-05,30,1.07799995,2,0.11766094171527036,656.0,0.12421514352632353,18.664563636223782,18.723419200000002
518,1571114100007455,229223916,2460046.7443515635,60046.2391667,18.7260132,0.0540639423,0,zg,186.3260545,18.3060601,0.693000019,-0.0450000018,20230412239167,1571,0xe,0x1,21.6200008,26.3256474,0.0364340693,-0.0758326948,5.29130921e-05,30,1.08700001,2,0.11738016617275251,656.0,0.12391166447814335,18.66721952300157,18.726013200000004
519,576107200017179,229535415,2460049.8592211306,60049.3541551,18.7253361,0.0476395153,0,zg,186.3260746,18.3060703,0.76700002,0.0410000011,20230415354144,576,0x7,0x2,21.7199993,26.252203,0.0286679007,-0.0711952299,3.33828248e-05,30,1.12699997,1,0.11745339104807005,659.0,0.12398488935346089,18.666578103027753,18.7253361
520,576107200017179,229731795,2460051.822935324,60051.3179514,18.7707462,0.0492109321,0,zg,186.3260571,18.3060621,0.797999978,0.0540000014,20230417317951,576,0x7,0x2,21.8500004,26.3500004,0.0292391386,-0.0839292407,3.45451081e-05,30,1.06200004,1,0.11264230270227431,661.0,0.11910643659104572,18.710161920801035,18.770746199999998
521,576107200017179,229937047,2460053.875366725,60053.3704745,18.7112503,0.0471643172,0,zg,186.3261066,18.3060199,0.772000015,-0.00800000038,20230419370475,576,0x7,0x2,21.0599995,26.3119926,0.0360059552,-0.0789451674,5.67196694e-05,30,1.22300005,1,0.11898710003864943,663.0,0.12540693756392618,18.654196093723563,18.711250299999996
522,576107200017179,230132199,2460055.8267903654,60055.3219907,18.7203083,0.0474692248,0,zg,186.3260746,18.3060623,1.01199996,-0.0399999991,20230421321991,576,0x7,0x2,21.7099991,26.346199,0.0283666085,-0.0749991089,3.24941175e-05,30,1.08899999,1,0.11799855255294925,665.0,0.12437457650771219,18.66317096251357,18.720308299999992
523,1571114100007455,230322599,2460057.7306997697,60057.2259954,18.6876144,0.0526648127,0,zg,186.3260589,18.3060783,1.11300004,-0.0140000004,20230423225984,1571,0xe,0x1,21.0799999,26.270092,0.037002679,-0.0636990517,5.51861995e-05,30,1.06500006,2,0.12160578623856916,667.0,0.12793847284964094,18.632497093967437,18.687614399999994
524,576107200017179,230329947,2460057.8041797928,60057.2994792,18.7258568,0.0476571545,0,zg,186.326057,18.3060413,1.12699997,-0.0560000017,20230423299468,576,0x7,0x2,21.8600006,26.3458576,0.0217730012,-0.0678067207,1.89066704e-05,30,1.05900002,1,0.117397075971122,667.0,0.12368689500680959,18.66919078180289,18.725856799999995
525,1571114100007455,230424921,2460058.7538641687,60058.249213,18.7719879,0.0557943098,0,zg,186.3260818,18.306088,0.43599999,0.0199999996,20230424249213,1571,0xe,0x1,21.2099991,26.2291985,0.0381972976,-0.0555050336,6.03233057e-05,30,1.051,2,0.11251355319821754,668.0,0.11880337223390512,18.7129280793258,18.771987899999992
526,576107200017179,230531887,2460059.8234713743,60059.3188773,18.7336922,0.0479241051,0,zg,186.326084,18.3060639,0.898999989,-0.0399999991,20230425318866,576,0x7,0x2,21.6499996,26.2947292,0.0309461188,-0.098192513,3.91136564e-05,30,1.10599995,1,0.11655290970214915,669.0,0.1228214691239279,18.676814280318204,18.7336922
527,576107200017179,230734199,2460061.846472803,60061.3419907,18.7006798,0.0468114316,0,zg,186.3260506,18.3060372,0.76700002,0.00499999989,20230427341979,576,0x7,0x2,21.5200005,26.2854557,0.0285841674,-0.0592936762,3.31581396e-05,30,1.19500005,1,0.12015119096954731,671.0,0.12639860584532805,18.645644290549818,18.700679799999996
528,1571114100007455,230822331,2460062.7277419604,60062.2233102,18.601757,0.0496844761,0,zg,186.3260597,18.3060822,0.552999973,0.00300000003,20230428223299,1571,0xe,0x1,20.6700001,26.1757851,0.0385573618,-0.0279189497,7.86222954e-05,30,1.05599999,2,0.13161251857857173,672.0,0.13781798646075188,18.55173524868888,18.601757
529,576107200017179,230918953,2460063.6939124297,60063.189537,18.7280502,0.047731705,0,zg,186.3260667,18.3060467,0.81099999,0.0379999988,20230429189537,576,0x7,0x2,21.1100006,26.3060646,0.0403570347,-0.0487630703,7.1058028e-05,30,1.08200002,1,0.11716015025989063,673.0,0.12334481415762448,18.67219776257935,18.728050200000006
530,1571114100007455,231022104,2460064.7253557593,60064.2210417,18.699995,0.0531113893,0,zg,186.3260532,18.3060913,1.03100002,-0.115999997,20230430221030,1571,0xe,0x1,20.5699997,26.2896748,0.0364268906,-0.0438718647,7.03306432e-05,30,1.05400002,2,0.12022699712624925,674.0,0.12639096903363914,18.645709891063184,18.699994999999994
531,576107200017179,231130443,2460065.808681117,60065.3044329,18.7413216,0.0481857471,0,zg,186.3260845,18.3060412,0.925999999,-0.101000004,20230501304433,576,0x7,0x2,20.2999992,26.2783756,0.0445173085,-0.0226134248,0.000132119749,30,1.11099994,1,0.11573677057619382,675.0,0.12188016173447364,18.68516744535497,18.7413216
532,576107200017179,231925739,2460073.761120266,60073.2573958,18.7729301,0.0492880456,0,zg,186.3260613,18.3060646,1.08000004,-0.00499999989,20230509257396,576,0x7,0x2,21.75,26.2801151,0.0287542623,-0.0826819465,3.32950694e-05,30,1.06200004,1,0.11241595648467091,683.0,0.11853887738832072,18.71534797505999,18.772930100000004
533,576107200017179,232325348,2460077.756920099,60077.2534838,18.7884293,0.0498394966,0,zg,186.3260726,18.3060388,0.56400001,-0.0219999999,20230513253461,576,0x7,0x2,21.8299999,26.3338051,0.0271876063,-0.100845195,2.96073304e-05,30,1.07299995,1,0.1108225859930241,687.0,0.11678563502046951,18.731526433620097,18.788429299999997
534,576107200017179,232526775,2460079.771039835,60079.2677546,18.7360992,0.0480064563,0,zg,186.3260719,18.3060595,1.10399997,0.0350000001,20230515267755,576,0x7,0x2,21.5200005,26.290163,0.0324194506,-0.0854460895,4.28166495e-05,30,1.11500001,1,0.11629480638910163,689.0,0.1221804390792162,18.68249579619839,18.736099200000005
535,576107200017179,232731208,2460081.8152114567,60081.3120833,18.7380714,0.0480740964,0,zg,186.32608,18.306058,0.640999973,-0.0289999992,20230517312049,576,0x7,0x2,21.5100002,26.2379875,0.0332391113,-0.0706660002,4.51832893e-05,30,1.31400001,1,0.11608375288155068,691.0,0.12193128801477311,18.6847120963186,18.738071400000003
536,576107200017179,232919767,2460083.700653794,60083.1976736,18.7889309,0.0498574674,0,zg,186.3260889,18.3060499,0.588,0.00700000022,20230519197674,576,0x7,0x2,21.9400005,26.2983723,0.0234696008,-0.0800671801,2.28513218e-05,30,1.03400004,1,0.11077139881683984,693.0,0.11658123635254643,18.73342835816843,18.788930900000004
537,576107200017179,233121684,2460085.719658808,60085.2168403,18.749548,0.0484697931,0,zg,186.3260797,18.3060474,1.03600001,-0.0430000015,20230521216840,576,0x7,0x2,21.8799992,26.2407207,0.0275631901,-0.0710422024,3.11357435e-05,30,1.051,1,0.11486317058365311,695.0,0.1206357052502724,18.696310331274212,18.749547999999997
538,576107200017179,233221478,2460086.717517546,60086.2147801,18.7869282,0.0497857779,0,zg,186.3260605,18.3060533,1.79100001,0.108000003,20230522214745,576,0x7,0x2,21.8099995,26.2883167,0.0272523407,-0.0719673038,2.98128234e-05,30,1.05200005,1,0.11097591129883552,696.0,0.1167115326763842,18.73221556917857,18.7869282
539,576107200017179,233330629,2460087.808944196,60087.3062963,18.7633972,0.048952505,0,zg,186.32608,18.3060544,0.49000001,-0.0460000001,20230523306285,576,0x7,0x2,21.8299999,26.2292118,0.0281714257,-0.0829421356,3.35518198e-05,30,1.38100004,1,0.11340732849303566,697.0,0.11912463773196114,18.709996017694102,18.763397200000007
540,576107200017179,233525740,2460089.7598932944,60089.2574074,18.7288494,0.047758922,0,zg,186.3260999,18.306056,0.503000021,-0.0109999999,20230525257396,576,0x7,0x2,21.6200008,26.281868,0.0305595864,-0.0846989378,3.73564326e-05,30,1.16499996,1,0.11707394153032812,699.0,0.12277303413148025,18.677242527895906,18.728849399999994
541,576107200017179,234718555,2460101.687003712,60101.1855556,18.7336464,0.0479225554,0,zg,186.3260834,18.3060477,0.635999978,0.0489999987,20230606185556,576,0x7,0x2,20.9200001,26.297699,0.0387915783,-0.0890433714,6.89572698e-05,30,1.06900001,1,0.11655782639907072,711.0,0.12222076974854008,18.682137463533387,18.733646400000005
542,576107200017179,234918626,2460103.6875294875,60103.1862616,18.756321,0.0487051569,0,zg,186.3260785,18.3060594,0.547999978,0.0340000018,20230608186262,576,0x7,0x2,21.8099995,26.3174725,0.0302683692,-0.0950331017,3.73953044e-05,30,1.079,1,0.11414886563348138,713.0,0.11960261381954,18.705648322712683,18.756321000000007
543,576107200017179,235122371,2460105.7247983296,60105.2237153,18.7512283,0.0485280715,0,zg,186.3260719,18.3060601,0.430999994,0.0500000007,20230610223704,576,0x7,0x2,21.7800007,26.3113098,0.0287643168,-0.0942149833,3.43616957e-05,30,1.20299995,1,0.11468554427493183,715.0,0.12010566659715216,18.70109125514346,18.7512283
544,576107200017179,235522739,2460109.7281125975,60109.2273958,18.6827888,0.0462214537,0,zg,186.3260713,18.3060659,0.964999974,-0.0260000005,20230614227384,576,0x7,0x2,21.4899998,26.2583427,0.0279156938,-0.0760308877,3.21223524e-05,30,1.26900005,1,0.12214747112356486,719.0,0.12753430989547018,18.635932408785216,18.682788800000004
545,576107200017179,235724842,2460111.748956725,60111.2484259,18.6925259,0.0465414189,0,zg,186.3260794,18.3060434,0.321999997,0.00600000005,20230616248426,576,0x7,0x2,21.5900002,26.251852,0.0291377008,-0.0838538557,3.40623737e-05,30,1.43700004,1,0.12105692553408912,721.0,0.12637820687288537,18.645819527374208,18.6925259
546,576107200017179,235925851,2460113.758863945,60113.2585185,18.7537575,0.0486158989,0,zg,186.3261163,18.3060441,0.453000009,0.0410000011,20230618258519,576,0x7,0x2,21.5799999,26.2256336,0.031285964,-0.0579171255,4.03919803e-05,30,1.574,1,0.11441869760260612,723.0,0.11970769658631701,18.704694814512187,18.7537575
547,576107200017179,236124506,2460115.745231458,60115.2450694,18.7401924,0.0481469296,0,zg,186.3260703,18.3060538,1.15699995,-0.0149999997,20230620245058,576,0x7,0x2,21.3799992,26.2810097,0.0325064361,-0.0636909753,4.51284068e-05,30,1.49899995,1,0.11585720309486142,725.0,0.1211142450902218,18.69201193363204,18.740192400000005
548,576107200017179,236326928,2460117.7692575892,60117.2692824,18.7588863,0.048794657,0,zg,186.3260575,18.3060101,0.616999984,-0.0540000014,20230622269282,576,0x7,0x2,20.9799995,26.1845837,0.0351824686,-0.0742686614,5.54313156e-05,30,1.84000003,1,0.1138794812086736,727.0,0.11910488750508798,18.710176041865303,18.758886299999993
549,576107200017179,237025738,2460124.7567177983,60124.2573843,18.6458588,0.0450320095,0,zg,186.3259991,18.3061008,0.958999991,-0.0810000002,20230629257384,576,0x7,0x2,19.8899994,26.1360416,0.0453457236,-0.0296784732,0.000183255484,30,1.95599997,1,0.126373635675716,734.0,0.13156772354727783,18.602126599080442,18.645858800000006
550,576107200017179,237220143,2460126.7005919865,60126.2014352,18.7094193,0.0471029691,0,zg,186.3260271,18.3060817,0.630999982,-0.0390000008,20230701201435,576,0x7,0x2,20.3099995,26.1731319,0.0476943217,-0.00683308532,0.000146601684,30,1.39199996,1,0.11918793076352109,736.0,0.1242748461131124,18.664041914915522,18.7094193
551,576107200017179,237420493,2460128.703906354,60128.2049306,18.6044693,0.0437432826,0,zg,186.3260396,18.3060755,1.13300002,-0.104000002,20230703204919,576,0x7,0x2,20.0799999,26.1922703,0.0499396361,-0.0433296449,0.000207375953,30,1.46000004,1,0.13128414496140384,738.0,0.1363411215239197,18.563432844685657,18.604469299999998
552,576107200017179,253554373,2460290.0430392404,60289.5437384,18.3719807,0.0373114087,32768,zg,186.3260277,18.3060466,0.894999981,-0.063000001,20231211543727,576,0x7,0x2,20.0799999,24.9941807,0.0429480784,-0.0681318566,0.00015564778,30,1.14699996,1,0.16263264302650127,899.0,0.1676599770436301,18.338926494104605,18.3719807
553,576107200017179,253648687,2460290.986264675,60290.486875,18.5197392,0.0412455276,0,zg,186.3260564,18.3060651,0.939999998,-0.0939999968,20231212486863,576,0x7,0x2,21.6399994,26.3175793,0.0291703045,-0.0809039026,3.35955847e-05,30,1.41799998,2,0.14193984283038621,900.0,0.145300050529131,18.49433558668236,18.519739199999997
554,576107200017179,253650519,2460291.004588217,60290.5051968,18.4399376,0.0390569828,0,zg,186.3260748,18.306051,0.72299999,-0.0359999985,20231212505185,576,0x7,0x2,21.5200005,26.3293896,0.0300677419,-0.0708682239,3.60572558e-05,30,1.29999995,2,0.1527653853837784,900.0,0.15611850447944844,18.416364044121245,18.4399376
555,576107200017179,253745585,2460291.955337685,60291.4558565,18.4576817,0.0395303816,0,zg,186.3260608,18.3060606,0.665000021,-0.0240000002,20231213455856,576,0x7,0x2,21.25,26.2650719,0.0341565609,-0.0787970424,4.75183078e-05,30,1.68700004,2,0.1502890433497042,901.0,0.15364216244537424,18.433723972403506,18.457681700000002
556,576107200017179,253748263,2460291.9821226457,60291.4826389,18.5355129,0.0416966118,0,zg,186.3260312,18.306034,1.04499996,-0.0109999999,20231213482627,576,0x7,0x2,20.9899998,26.3156166,0.0368178785,-0.0879093558,5.97020626e-05,30,1.42900002,1,0.1398926315961509,901.0,0.143238691551072,18.50984913702846,18.535512900000008
557,576107200017179,253748357,2460291.9830602314,60291.4835764,18.4568977,0.0395093001,0,zg,186.3260981,18.3060681,0.546999991,-0.00200000009,20231213483576,576,0x7,0x2,21.2199993,26.3204803,0.0374492779,-0.103004135,5.65304399e-05,30,1.42200005,2,0.15039760485889864,901.0,0.15374366481381974,18.433006926980305,18.456897700000006
558,576107200017179,254145365,2460295.953518072,60295.4536574,18.4638081,0.0396955572,32768,zg,186.3260972,18.3060543,1.22599995,-0.075000003,20231217453657,576,0x7,0x2,19.9799995,25.3392582,0.0479207821,-0.0764644668,0.000183867436,30,1.59000003,2,0.14944340699548622,905.0,0.15278946695040732,18.43976646065392,18.4638081
559,1571114100007455,255351121,2460308.01222162,60307.5112153,18.4823685,0.0458660573,32768,zg,186.3260669,18.3060401,0.402999997,0.00499999989,20231229511204,1571,0xe,0x1,19.0799999,25.3721809,0.0558107905,0.0193996876,0.000693086593,30,1.11099994,2,0.14691041988578232,917.0,0.1502285349057292,18.458118920408786,18.4823685
560,576107200017179,256847577,2460322.978146304,60322.4757755,18.4305801,0.0388103127,0,zg,186.3260869,18.3060554,0.630999982,0.00899999961,20240113475729,576,0x7,0x2,20.9799995,26.376894,0.0383214578,-0.0814368427,6.11216092e-05,30,1.09000003,1,0.15408769549838455,932.0,0.15732469607670246,18.408007746398177,18.430580100000007
561,576107200017179,256847679,2460322.9791648947,60322.476794,18.4349041,0.0389240645,0,zg,186.3260578,18.3060297,1.20299995,0.00100000005,20240113476736,576,0x7,0x2,21.1900005,26.3762569,0.0325433686,-0.0898183286,4.15050017e-05,30,1.08800006,2,0.15347525371519374,932.0,0.15661630899637197,18.412907538352705,18.434904100000004
562,576107200017179,256848454,2460322.9869201737,60322.4845486,18.417614,0.0384719037,0,zg,186.326063,18.3060629,0.765999973,0.00300000003,20240113484549,576,0x7,0x2,21.2000008,26.3780804,0.0296538156,-0.0882507339,3.50140108e-05,30,1.07299995,2,0.15593887617164104,932.0,0.15907993145281926,18.39596151205631,18.417614000000007
563,576107200017179,256943767,2460323.940127855,60323.4376736,18.3749828,0.0373863019,0,zg,186.3260679,18.3060246,0.976000011,-0.0120000001,20240114437662,576,0x7,0x2,20.7600002,26.3369942,0.0354724526,-0.0565982237,5.85851849e-05,30,1.19400001,2,0.1621835789930017,933.0,0.16532463427417993,18.35415607338789,18.374982800000005
564,576107200017179,256947193,2460323.9743901356,60323.4719329,18.4124393,0.0383379236,0,zg,186.3260608,18.3060462,0.796999991,0.0140000004,20240114471910,576,0x7,0x2,21.0300007,26.3828659,0.0353112966,-0.099544704,5.13072409e-05,30,1.09200001,2,0.15668386645422416,933.0,0.1598187307256774,18.3909308070154,18.412439299999996
565,576107200017179,257040508,2460324.907618513,60324.405081,18.4605942,0.0396087877,0,zg,186.3260436,18.3060658,1.05200005,-0.0399999991,20240115405081,576,0x7,0x2,21.3799992,26.3451614,0.0316328369,-0.113356471,3.99445707e-05,30,1.34300005,2,0.14988643148948433,934.0,0.15302129576093756,18.438120312043033,18.460594199999996
566,576107200017179,257050484,2460325.0073956125,60324.5048495,18.4305782,0.0388102792,32768,zg,186.3260485,18.3060502,0.870000005,-0.00800000038,20240115504838,576,0x7,0x2,21.2600002,26.4031849,0.0325712897,-0.126066729,4.34036228e-05,30,1.04100001,2,0.15408796514664466,934.0,0.15721666335884787,18.40875356270606,18.430578200000006
567,576107200017179,257154136,2460326.044000185,60325.5413657,18.4144173,0.0383890606,0,zg,186.3260597,18.3060474,0.504999995,-0.00800000038,20240116541354,576,0x7,0x2,21.5699997,26.3809452,0.0290026236,-0.0967539847,3.32963937e-05,30,1.03699994,1,0.15639867880894692,935.0,0.15952737702115014,18.392911938743588,18.414417300000004
568,576107200017179,258143115,2460335.934589368,60335.4311574,18.4480324,0.0392720141,0,zg,186.3260675,18.3060537,0.819000006,0.0469999984,20240126430938,576,0x7,0x2,19.8899994,26.3646259,0.0483227931,-0.0810303986,0.000184302873,30,1.11099994,1,0.15163066512429554,945.0,0.1547532221045479,18.425900749506972,18.448032399999995
569,576107200017179,258742152,2460341.925396459,60341.4215278,18.4512424,0.0393577181,0,zg,186.3260453,18.3060672,0.425999999,0.0179999992,20240201421516,576,0x7,0x2,20.6700001,26.3658733,0.0378632136,-0.0699932575,6.8505331e-05,30,1.09500003,1,0.15118302819220922,951.0,0.15424551175823698,18.429468660570514,18.451242400000005
570,576107200017179,259850423,2460353.008801801,60352.5042361,18.4864826,0.0403147377,0,zg,186.3260681,18.3060584,0.865999997,-0.0120000001,20240212504225,576,0x7,0x2,21.5100002,26.3904934,0.0268073212,-0.101826988,2.78419138e-05,30,1.08000004,1,0.14635479643988017,962.0,0.1493823724347798,18.464251618851343,18.486482599999995
571,576107200017179,260246368,2460356.968456175,60356.4636806,18.4925652,0.0404829383,0,zg,186.3260685,18.3060526,1.00800002,0.0979999974,20240216463657,576,0x7,0x2,22.1299992,26.3906631,0.0270892903,-0.102269001,2.85152e-05,30,1.04100001,1,0.1455371680822827,966.0,0.14850286553422337,18.470662915131335,18.492565199999994
572,576107200017179,260936744,2460363.87253003,60363.3674421,18.4028072,0.0380901769,32768,zg,186.3259815,18.3063603,0.588999987,0.0719999969,20240223367431,576,0x7,0x2,18.8799992,26.0889473,0.0504236743,-0.00185687898,0.00079646206,30,1.08299994,1,0.15808007016194542,973.0,0.16102392343306116,18.382773989375075,18.402807200000005
573,576107200017179,261526923,2460369.774534657,60369.2692361,18.4002247,0.0380240902,0,zg,186.3260813,18.3060598,0.81400001,-0.0359999985,20240229269225,576,0x7,0x2,20.9400005,26.2744522,0.0360558778,-0.0625102893,5.91533608e-05,30,1.43299997,2,0.15845652226926585,979.0,0.16136296223170385,18.380490355328043,18.400224700000003
574,576107200017179,261546146,2460369.9667744725,60369.4614699,18.452673,0.0393959917,0,zg,186.3260569,18.3060546,0.703999996,-0.0680000037,20240229461400,576,0x7,0x2,21.0100002,26.3624649,0.0373577885,-0.0759350136,6.02764558e-05,30,1.08800006,1,0.150983955883954,979.0,0.15385912986140515,18.432191820026752,18.452672999999997
575,576107200017179,261550238,2460370.007690109,60369.5023843,18.4421806,0.039116431,0,zg,186.3260825,18.306077,0.419999987,-0.00100000005,20240229502373,576,0x7,0x2,20.8799992,26.3347225,0.0359975696,-0.0512038246,6.05252244e-05,30,1.21200001,2,0.15245011629549357,979.0,0.15532529027294473,18.421894565254114,18.442180599999993
576,576107200017179,262039956,2460374.9049980985,60374.3995602,18.4674511,0.0397942066,0,zg,186.3260692,18.3060618,1.00199997,-0.00600000005,20240305399514,576,0x7,0x2,21.7000008,26.3143234,0.0295621734,-0.0847596824,3.35845034e-05,30,1.03299999,2,0.1489428157906344,984.0,0.15181798976808555,18.44669190848446,18.467451099999998
577,576107200017179,262048686,2460374.992303272,60374.4868634,18.4831924,0.0402241163,0,zg,186.3260693,18.3060699,0.700999975,0.0199999996,20240305486806,576,0x7,0x2,21.4200001,26.2870464,0.0312219821,-0.0939484686,3.75248819e-05,30,1.204,2,0.14679898067870306,984.0,0.14964864965239727,18.462317994105227,18.4831924
578,576107200017179,262535464,2460379.86017373,60379.3546412,18.4926376,0.0404849537,0,zg,186.3260737,18.3060659,1.00600004,-0.0489999987,20240310354618,576,0x7,0x2,21.5300007,26.262434,0.0325662903,-0.0776440427,4.25735816e-05,30,1.04100001,1,0.14552746357061805,989.0,0.14837713254431226,18.47158256528173,18.492637600000002
579,576107200017179,263433049,2460388.836099886,60388.3304977,18.4366035,0.0389688611,0,zg,186.326037,18.3060904,1.39300001,-0.123999998,20240319330451,576,0x7,0x2,20.8999996,26.3441925,0.0372583047,-0.0555286668,6.18234044e-05,30,1.04100001,1,0.15323522134240575,998.0,0.1560598728407526,18.41677187822028,18.436603499999997
580,576107200017179,263640517,2460390.9107732116,60390.4051736,18.4609509,0.0396183953,0,zg,186.3260837,18.3060643,1.005,-0.0480000004,20240321405174,576,0x7,0x2,20.7600002,26.3358212,0.0361349024,-0.0838413686,6.40099825e-05,30,1.09000003,1,0.14983719696233197,1000.0,0.14983719696233197,18.460950899999993,18.460950899999993
581,576107200017179,263840717,2460392.912766435,60392.4071759,18.475914,0.040024586,0,zg,186.3260833,18.3060682,1.01800001,0.0780000016,20240323407164,576,0x7,0x2,19.6900005,26.2868099,0.0361223482,-0.0583533421,0.000138583098,30,1.10699999,1,0.14778637615391135,1002.0,0.14778637615391135,18.475913999999996,18.475913999999996
582,576107200017179,264331626,2460397.8218026487,60397.3162616,18.5103054,0.0409787372,0,zg,186.3260482,18.3060455,0.444000006,-0.0419999994,20240328316250,576,0x7,0x2,20.5900002,26.3574524,0.0321145467,-0.0892983973,5.65844421e-05,30,1.03499997,1,0.14317851046785873,1007.0,0.14317851046785873,18.5103054,18.5103054
583,576107200017179,264933905,2460403.844478904,60403.3390509,18.5045223,0.0408162735,0,zg,186.3260684,18.3060646,0.184,0.00600000005,20240403339039,576,0x7,0x2,21.7199993,26.362709,0.0273067243,-0.0834143087,2.97283495e-05,30,1.04400003,1,0.14394317572007193,1013.0,0.14394317572007193,18.504522299999998,18.504522299999998
584,576107200017179,265332298,2460407.8283081697,60407.3229861,18.5452976,0.0419795774,0,zg,186.3260777,18.3060518,1.60399997,0.063000001,20240407322975,576,0x7,0x2,21.3600006,26.3496208,0.0369267091,-0.0947142914,5.44413961e-05,30,1.03999996,1,0.138637577156353,1017.0,0.138637577156353,18.545297600000005,18.545297600000005
585,576107200017179,265522333,2460409.7298115175,60409.2233333,18.5095863,0.0409584939,0,zg,186.3260372,18.3060772,0.372000009,0.0,20240409223322,576,0x7,0x2,21.8899994,28.591589,0.0193029996,-0.0949638933,1.44452351e-05,240,1.12600005,1,0.14327337123592582,1019.0,0.14327337123592582,18.509586300000002,18.509586300000002
586,576107200017179,265637155,2460410.8779907525,60410.3715509,18.5050869,0.0408320762,32768,zg,186.3260575,18.3060548,0.451999992,-0.0189999994,20240410371528,576,0x7,0x2,22.2900009,28.5991516,0.0163523722,-0.0927936882,1.05396575e-05,240,1.14400005,1,0.14386834245081784,1020.0,0.14386834245081784,18.505086900000002,18.505086900000002
587,576107200017179,265735297,2460411.859380013,60411.3529745,18.5134945,0.0410686769,32768,zg,186.3260629,18.3060534,0.986000001,-0.0480000004,20240411352975,576,0x7,0x2,22.4599991,28.5907516,0.0156983305,-0.0947213396,9.86056057e-06,240,1.10099995,1,0.14275857361062336,1021.0,0.14275857361062336,18.5134945,18.5134945
588,576107200017179,265834223,2460412.8473879746,60412.3422338,18.525568,0.0414115004,0,zg,186.326072,18.3060618,1.35599995,0.0250000004,20240412342222,576,0x7,0x2,21.8600006,26.3417969,0.0287803914,-0.115003377,3.3281889e-05,30,1.08399999,1,0.14117987726334916,1022.0,0.14117987726334916,18.525568,18.525568
589,576107200017179,266231987,2460416.8248675535,60416.3198727,18.4529915,0.0394045077,32768,zg,186.326178,18.3058538,1.07700002,0.164000005,20240416319873,576,0x7,0x2,19.3299999,25.5049191,0.0445038192,-0.0428644009,0.000371218979,30,1.06400001,1,0.15093967133575592,1026.0,0.15093967133575592,18.452991500000003,18.452991500000003
590,576107200017179,266422376,2460418.7286722437,60418.2237616,18.5066872,0.0408769958,0,zg,186.3260759,18.3060479,0.681999981,-0.0219999999,20240418223750,576,0x7,0x2,20.9699993,26.348917,0.0359292664,-0.0720595792,6.02816544e-05,30,1.07099998,1,0.14365644667230654,1028.0,0.14365644667230654,18.506687199999995,18.506687199999995
591,576107200017179,266628196,2460420.7867816132,60420.2819676,18.425005,0.0386643372,0,zg,186.3260674,18.3060588,1.20700002,-0.00800000038,20240420281944,576,0x7,0x2,20.3299999,26.3568344,0.041089613,-0.0867969841,0.000105879124,30,1.03699994,1,0.15488094863647975,1030.0,0.15488094863647975,18.42500499999999,18.42500499999999
592,576107200017179,266831687,2460422.8215878564,60422.316875,18.5598106,0.0424037874,0,zg,186.3261023,18.3060393,0.345999986,0.0280000009,20240422316875,576,0x7,0x2,20.1800003,26.3814411,0.0404641554,-0.0955752209,0.000122934536,30,1.08800006,1,0.13679674382850082,1032.0,0.13679674382850082,18.5598106,18.5598106
593,576107200017179,267029642,2460424.8010328454,60424.2964236,18.5058403,0.0408532061,0,zg,186.326127,18.3060223,0.512000024,0.00700000022,20240424296424,576,0x7,0x2,19.9899998,26.3242264,0.0471802615,-0.0991641954,0.000183813056,30,1.06200004,1,0.14376854582343296,1034.0,0.14376854582343296,18.505840299999996,18.505840299999996
594,576107200017179,267622199,2460430.7262601927,60430.2219907,18.4836636,0.0402370766,0,zg,186.3260827,18.3060538,0.680000007,0.00300000003,20240430221944,576,0x7,0x2,21.7700005,26.3608322,0.0272923764,-0.0924454853,3.00019528e-05,30,1.03699994,1,0.14673528502997008,1040.0,0.14673528502997008,18.483663599999993,18.483663599999993
595,576107200017179,267827707,2460432.7812135243,60432.2770718,18.5447235,0.0419629291,0,zg,186.3260802,18.3060625,1.023,-0.0419999994,20240502277060,576,0x7,0x2,21.6100006,26.28932,0.0295788702,-0.114292577,3.58340549e-05,30,1.06500006,1,0.1387109033281438,1042.0,0.1387109033281438,18.544723499999996,18.544723499999996
596,576107200017179,268029978,2460434.803791302,60434.2997801,18.5208473,0.0412770286,0,zg,186.3260845,18.306048,0.806999981,-0.0520000011,20240504299769,576,0x7,0x2,21.9300003,26.3220596,0.0285289194,-0.114640832,3.26683548e-05,30,1.125,1,0.14179505323524175,1044.0,0.14179505323524175,18.520847300000007,18.520847300000007
597,576107200017179,268327833,2460437.7821440496,60437.2783333,18.5567074,0.0423126407,0,zg,186.3260643,18.3060723,0.643000007,-0.0280000009,20240507278310,576,0x7,0x2,21.4699993,26.3680763,0.0289085433,-0.111125752,3.3540422e-05,30,1.09300005,1,0.13718828910979963,1047.0,0.13718828910979963,18.5567074,18.5567074
598,576107200017179,268429905,2460438.8027907605,60438.2990509,18.5103092,0.0409788303,0,zg,186.3260667,18.3060686,0.851999998,-0.0359999985,20240508299039,576,0x7,0x2,21.4899998,26.3104038,0.030838713,-0.0896447375,3.81759346e-05,30,1.15600002,1,0.14317800935406538,1048.0,0.14317800935406538,18.510309200000002,18.510309200000002
599,576107200017179,268628646,2460440.7900686986,60440.2864699,18.5417633,0.041877117,0,zg,186.3260262,18.3060457,0.456999987,-0.00499999989,20240510286470,576,0x7,0x2,21.4099998,26.3177986,0.0304898415,-0.0752700269,3.76275748e-05,30,1.13399994,1,0.13908960699374825,1050.0,0.13908960699374825,18.541763300000007,18.541763300000007
600,576107200017179,268821334,2460442.716803237,60442.2133449,18.5736046,0.0428119712,0,zg,186.3260615,18.3060614,1.09899998,-0.023,20240512213322,576,0x7,0x2,21.5599995,26.3072815,0.0297846831,-0.0466594733,3.59611186e-05,30,1.03299999,1,0.13506976989496416,1052.0,0.13506976989496416,18.573604600000003,18.573604600000003
601,576107200017179,269020758,2460444.7108902656,60444.207581,18.5352135,0.0416879952,0,zg,186.3260647,18.3060814,0.720000029,-0.0520000011,20240514207581,576,0x7,0x2,21.1499996,26.3284912,0.0298871305,-0.0689556375,3.75212367e-05,30,1.03299999,1,0.13993121337056594,1054.0,0.13993121337056594,18.535213500000005,18.535213500000005
602,576107200017179,269220763,2460446.7107950933,60446.2076389,18.5337105,0.0416447483,0,zg,186.3260537,18.3060704,0.589999974,-0.0379999988,20240516207639,576,0x7,0x2,20.8500004,26.2810307,0.0351216495,-0.055106964,5.68420874e-05,30,1.03499997,1,0.1401250562691465,1056.0,0.1401250562691465,18.533710500000005,18.533710500000005
603,576107200017179,269524167,2460449.744595772,60449.2416782,18.5795479,0.0429893769,0,zg,186.3260439,18.3060905,0.446999997,-0.0340000018,20240519241667,576,0x7,0x2,20.3899994,26.3310375,0.0356280841,-0.0413097106,7.63758653e-05,30,1.08500004,1,0.1343324204206657,1059.0,0.1343324204206657,18.5795479,18.5795479
604,576107200017179,269723219,2460451.734956217,60451.2321991,18.590292,0.0433123745,0,zg,186.3260763,18.3060337,0.458999991,0.074000001,20240521232188,576,0x7,0x2,20.1599998,26.3031006,0.0396221653,-0.076880306,0.000119936514,30,1.07700002,1,0.13300966510987736,1061.0,0.13300966510987736,18.590291999999998,18.590291999999998
605,576107200017179,270322608,2460457.728345159,60457.226088,18.5775108,0.0429284647,0,zg,186.3260659,18.3060621,0.656000018,-0.0280000009,20240527226088,576,0x7,0x2,21.6299992,26.3440075,0.031543307,-0.0899331123,3.97077347e-05,30,1.09800005,1,0.134584696662403,1067.0,0.134584696662403,18.57751079999999,18.57751079999999
606,576107200017179,270724706,2460461.7489696536,60461.2470602,18.5766487,0.0429027304,0,zg,186.3260866,18.3060389,0.495999992,0.0189999994,20240531247060,576,0x7,0x2,21.6499996,26.2849045,0.0286889542,-0.116371349,3.28936694e-05,30,1.19500005,1,0.13469160250393944,1071.0,0.13469160250393944,18.5766487,18.5766487
607,576107200017179,270919585,2460463.6975944503,60463.1958565,18.5716419,0.042753607,32768,zg,186.3261085,18.3060765,0.907999992,0.0109999999,20240602195856,576,0x7,0x2,21.4200001,26.345335,0.0367512405,-0.135854989,5.48178432e-05,30,1.07099998,1,0.13531415816753337,1073.0,0.13531415816753337,18.571641899999996,18.571641899999996
608,576107200017179,272119658,2460475.697236997,60475.1965856,18.5426655,0.0419032164,0,zg,186.3260987,18.3059954,0.736000001,0.0140000004,20240614196551,576,0x7,0x2,20.4899998,26.2939587,0.0359446742,-0.0707733333,8.11711507e-05,30,1.15199995,1,0.13897407753058771,1085.0,0.13897407753058771,18.54266549999999,18.54266549999999
609,576107200017179,272321237,2460477.7128385147,60477.2123727,18.6111107,0.0439469591,0,zg,186.3260832,18.3060587,0.344000012,-0.00600000005,20240616212373,576,0x7,0x2,20.6499996,26.3356915,0.0335630774,-0.0749082118,5.68857758e-05,30,1.23300004,1,0.13048353683327135,1087.0,0.13048353683327135,18.611110700000005,18.611110700000005
610,576107200017179,272620475,2460480.704946754,60480.2047569,18.6195965,0.044208955,0,zg,186.326095,18.3060246,1.13800001,0.0480000004,20240619204757,576,0x7,0x2,20.5900002,26.2902279,0.0361459069,-0.0824575126,7.67417587e-05,30,1.23599994,1,0.12946769021972793,1090.0,0.12946769021972793,18.619596499999993,18.619596499999993
611,576107200017179,272819556,2460482.695573318,60482.1955671,18.5266075,0.0414411835,0,zg,186.3260794,18.3060542,0.563000023,0.0250000004,20240621195567,576,0x7,0x2,20.5799999,26.3118801,0.0364764445,-0.0576712526,7.17674411e-05,30,1.21899998,1,0.1410447742330105,1092.0,0.1410447742330105,18.526607500000004,18.526607500000004
612,576107200017179,273219789,2460486.697531296,60486.1978935,18.580761,0.0430256799,0,zg,186.3260755,18.3060574,0.916999996,0.0250000004,20240625197894,576,0x7,0x2,21.2600002,26.2733212,0.0316851586,-0.0726369619,4.11971851e-05,30,1.28299999,1,0.13418241376617737,1096.0,0.13418241376617737,18.580761000000003,18.580761000000003
613,576107200017179,273422679,2460488.7262457903,60488.226794,18.6193638,0.044201754,0,zg,186.3260881,18.3060716,0.377999991,0.0299999993,20240627226794,576,0x7,0x2,21.2099991,26.2277164,0.026943488,-0.0638933256,3.01965629e-05,30,1.52499998,1,0.12949544130705973,1098.0,0.12949544130705973,18.619363799999995,18.619363799999995
0,576207200004306,46024339,2458214.7487570844,58214.2433912,18.6963997,0.0558017306,32768,zr,186.3260412,18.3060828,0.629000008,-0.023,20180406243368,576,0x7,0x2,19.7600002,25.4443417,0.0446346514,0.114215724,8.40995344e-05,30,1.10000002,1,0.12062577593638998,58214.2433912,0.12062577593638998,18.696399699999994,18.696399699999994
1,576207200004306,46326253,2458217.767811316,58217.2625347,18.7339287,0.0573583059,0,zr,186.3260164,18.3060436,0.513999999,0.0850000009,20180409262523,576,0x7,0x2,20.8999996,25.8737793,0.0328042023,0.106153712,4.25685648e-05,30,1.05299997,1,0.1165275243819389,58217.2625347,0.1165275243819389,18.7339287,18.7339287
2,576207200004306,46327844,2458217.783725213,58217.2784491,18.6830063,0.0552574061,0,zr,186.3260459,18.3060339,0.611999989,0.00700000022,20180409278368,576,0x7,0x2,21.2900009,26.194931,0.024952665,0.119802073,2.50546545e-05,30,1.03900003,1,0.12212300439397955,58217.2784491,0.12212300439397955,18.683006299999995,18.683006299999995
3,576207200004306,46425832,2458218.763565943,58218.2583218,18.7555542,0.0582764372,0,zr,186.325981,18.3060483,0.95599997,-0.112999998,20180410258310,576,0x7,0x2,20.8400002,26.0248871,0.0322272666,0.119834021,4.20548276e-05,30,1.05499995,2,0.11422951161895804,58218.2583218,0.11422951161895804,18.7555542,18.7555542
4,576207200004306,46521577,2458219.7209870056,58219.2157755,18.7109604,0.056400124,0,zr,186.3260269,18.3060557,1.00199997,-0.057,20180411215729,576,0x7,0x2,20.9400005,26.2639904,0.0281974282,0.118798971,3.25420842e-05,30,1.13699996,2,0.11901887476043783,58219.2157755,0.11901887476043783,18.710960399999998,18.710960399999998
5,576207200004306,46725644,2458221.7615842405,58221.2564468,18.7210732,0.0568198785,0,zr,186.3259071,18.3062701,0.485000014,0.114,20180413256435,576,0x7,0x2,20.0300007,26.0082932,0.0351226665,0.1285602,5.83536348e-05,30,1.04799998,1,0.11791545197390914,58221.2564468,0.11791545197390914,18.7210732,18.7210732
6,576207200004306,46825949,2458222.7645895034,58222.2594907,18.7395973,0.0575974584,0,zr,186.3260302,18.3060532,0.609000027,-0.0189999994,20180414259491,576,0x7,0x2,20.8400002,26.2437553,0.0306324791,0.11601907,3.82027138e-05,30,1.04299998,2,0.11592072268625679,58222.2594907,0.11592072268625679,18.739597300000007,18.739597300000007
7,576207200004306,47023413,2458224.7391503477,58224.2341319,18.7357368,0.0574344322,0,zr,186.3260317,18.3060497,0.772000015,-0.0219999999,20180416234120,576,0x7,0x2,21.2299995,26.1449089,0.0249913577,0.116047882,2.44818511e-05,30,1.06599998,2,0.11633363006663004,58224.2341319,0.11633363006663004,18.735736800000005,18.735736800000005
8,576207200004306,47026149,2458224.766510401,58224.2614931,18.7805634,0.0593579821,0,zr,186.3260584,18.3060633,0.367000014,-0.0379999988,20180416261482,576,0x7,0x2,20.7800007,26.0588665,0.0305213686,0.118142702,3.64188527e-05,30,1.03799999,1,0.11162838459705848,58224.2614931,0.11162838459705848,18.7805634,18.7805634
9,576207200004306,47028046,2458224.785479502,58224.280463,18.7634735,0.0586166531,0,zr,186.3260666,18.3060811,0.833999991,0.0149999997,20180416280451,576,0x7,0x2,20.9400005,26.1309319,0.0302817784,0.124497861,3.59846417e-05,30,1.03299999,1,0.11339935908473152,58224.280463,0.11339935908473152,18.763473499999996,18.763473499999996
10,576207200004306,47327076,2458227.7756479713,58227.2707639,18.6802711,0.0551469289,0,zr,186.3260274,18.3061164,1.13,-0.0939999968,20180419270752,576,0x7,0x2,20.5900002,25.9000912,0.0337693244,0.125409558,4.63195283e-05,30,1.03299999,1,0.12243104601679289,58227.2707639,0.12243104601679289,18.68027109999999,18.68027109999999
11,576207200004306,47623244,2458230.7371828626,58230.2324421,18.584341,0.0514233895,32768,zr,186.3260312,18.3060187,1.30999994,-0.178000003,20180422232442,576,0x7,0x2,20.1700001,25.5333099,0.197038472,0.074470751,0.00151876209,30,1.04799998,1,0.13374070247253456,58230.2324421,0.13374070247253456,18.584341000000002,18.584341000000002
12,576207200004306,47727528,2458231.779976905,58231.2752894,18.6815014,0.0551965795,0,zr,186.3260359,18.3060841,0.465000004,-0.00499999989,20180423275289,576,0x7,0x2,20.9200001,26.2658501,0.029601112,0.13007842,3.42479179e-05,30,1.03799999,2,0.12229239207288549,58231.2752894,0.12229239207288549,18.681501399999995,18.681501399999995
13,576207200004306,47919193,2458233.6965188216,58233.1919329,18.7345276,0.0573835038,0,zr,186.3260511,18.3060463,0.829999983,0.00700000022,20180425191910,576,0x7,0x2,20.7900009,26.2914391,0.0292499848,0.113248035,3.34993856e-05,30,1.10000002,1,0.1164632646752914,58233.1919329,0.1164632646752914,18.7345276,18.7345276
14,576207200004306,49117098,2458245.674833671,58245.1709838,18.6969376,0.0558237061,0,zr,186.3260261,18.3060601,0.716000021,-0.00400000019,20180507170961,576,0x7,0x2,21.4200001,26.2753983,0.0242545567,0.118312843,2.38996799e-05,30,1.07599998,1,0.12056602980786825,58245.1709838,0.12056602980786825,18.696937600000005,18.696937600000005
15,576207200004306,49423302,2458248.7366568022,58248.2330208,18.692709,0.0556511506,0,zr,186.3260181,18.3060755,0.550999999,0.0179999992,20180510233009,576,0x7,0x2,21.2700005,26.262867,0.0283148885,0.127314135,3.25336223e-05,30,1.04100001,1,0.1210365120542196,58248.2330208,0.1210365120542196,18.692709,18.692709
16,576207200004306,50018996,2458254.6931588408,58254.1899653,18.7588215,0.0584165342,0,zr,186.3260404,18.3060634,0.667999983,0.00499999989,20180516189965,576,0x7,0x2,21.6000004,26.285944,0.0264788028,0.110543855,2.82967849e-05,30,1.03400004,1,0.11388627808121604,58254.1899653,0.11388627808121604,18.758821500000003,18.758821500000003
17,576207200004306,50323104,2458257.7339971545,58257.2310417,18.765255,0.0586934388,0,zr,186.3260563,18.3060638,1.27900004,-0.141000003,20180519231007,576,0x7,0x2,21.3099995,26.2152996,0.0263878498,0.125875115,2.63049624e-05,30,1.06599998,1,0.1132134434749282,58257.2310417,0.1132134434749282,18.765255000000003,18.765255000000003
18,576207200004306,50618975,2458260.692473694,58260.1897569,18.6886902,0.0554876998,0,zr,186.3260068,18.3060787,0.453999996,-0.0199999996,20180522189745,576,0x7,0x2,20.7399998,26.2516384,0.0316714309,0.140035465,3.79159355e-05,30,1.03499997,1,0.12148535301313801,58260.1897569,0.12148535301313801,18.688690200000003,18.688690200000003
19,576207200004306,51329537,2458267.797489508,58267.2953704,18.6515121,0.0540002249,0,zr,186.3260615,18.30601,0.768999994,-0.00899999961,20180529295359,576,0x7,0x2,20.3999996,26.2335415,0.0417692065,0.116244346,6.5298038e-05,30,1.42999995,1,0.1257173332293037,58267.2953704,0.1257173332293037,18.651512099999998,18.651512099999998
20,576207200004306,51329628,2458267.7984037264,58267.2962847,18.5880775,0.0515630916,0,zr,186.3260542,18.3060394,1.10899997,-0.0829999968,20180529296285,576,0x7,0x2,20.2900009,26.2200642,0.0316968709,0.127000585,3.74263764e-05,30,1.43700004,3,0.13328123245083306,58267.2962847,0.13328123245083306,18.588077500000004,18.588077500000004
21,576207200004306,51518739,2458269.6893508155,58269.1873958,18.7092361,0.0563289188,0,zr,186.3260218,18.306086,0.878000021,-0.0320000015,20180531187396,576,0x7,0x2,20.8700008,26.2714043,0.0313836038,0.132161781,3.77344877e-05,30,1.051,3,0.11920804344935682,58269.1873958,0.11920804344935682,18.70923609999999,18.70923609999999
22,576207200004306,51616996,2458270.671834353,58270.1699653,18.7188568,0.0567275621,0,zr,186.3260562,18.3060498,1.06099999,-0.0260000005,20180601169954,576,0x7,0x2,21.1200008,26.2610874,0.0252882615,0.113588728,2.50250632e-05,30,1.03900003,1,0.11815640805816759,58270.1699653,0.11815640805816759,18.718856800000005,18.718856800000005
23,576207200004306,51617086,2458270.6727370736,58270.1708681,18.6842747,0.0553087071,0,zr,186.3260457,18.3060361,0.619000018,0.0540000014,20180601170868,576,0x7,0x2,21.0599995,26.2604942,0.0242064614,0.112144537,2.2403412e-05,30,1.03900003,3,0.12198041877079975,58270.1708681,0.12198041877079975,18.684274699999996,18.684274699999996
24,576207200004306,51818680,2458272.6884967457,58272.1868056,18.7138233,0.0565186217,0,zr,186.3260278,18.3060543,1.30499995,-0.104000002,20180603186794,576,0x7,0x2,21.5100002,26.2491074,0.0254453011,0.113658644,2.47172611e-05,30,1.06099999,3,0.118705455815444,58272.1868056,0.118705455815444,18.713823299999994,18.713823299999994
25,576207200004306,52019704,2458274.698560664,58274.1970486,18.7428894,0.0577368215,0,zr,186.3260519,18.3060593,1.00600004,-0.0489999987,20180605197002,576,0x7,0x2,21.5599995,26.3041859,0.0291814059,0.111771412,3.24459616e-05,30,1.08800006,3,0.1155697676126872,58274.1970486,0.1155697676126872,18.742889400000003,18.742889400000003
26,576207200004306,52019798,2458274.6994980783,58274.1979861,18.6986885,0.0558953397,0,zr,186.3260327,18.3060483,0.838999987,-0.0649999976,20180605197963,576,0x7,0x2,21.4300003,26.2969723,0.0238696057,0.11324241,2.18988916e-05,30,1.09000003,1,0.12037175707487002,58274.1979861,0.12037175707487002,18.698688499999996,18.698688499999996
27,576207200004306,52219717,2458276.6985082356,58276.1971759,18.7391338,0.0575778522,0,zr,186.3260467,18.3060478,1.38,-0.0560000017,20180607197153,576,0x7,0x2,21.7000008,26.309536,0.0251519997,0.110930435,2.60353736e-05,30,1.10000002,3,0.11597021972324661,58276.1971759,0.11597021972324661,18.739133799999998,18.739133799999998
28,576207200004306,52324403,2458277.7452770867,58277.2440394,18.7263584,0.0570405424,0,zr,186.326057,18.3060399,1.08200002,0.0729999989,20180608244016,576,0x7,0x2,21.4200001,26.2273636,0.0302583575,0.109381996,3.64379703e-05,30,1.278,1,0.11734285214339406,58277.2440394,0.11734285214339406,18.726358400000002,18.726358400000002
29,576207200004306,52324497,2458277.7462145,58277.2449769,18.7530251,0.0581682771,0,zr,186.3260544,18.3060598,0.813000023,0.0240000002,20180608244954,576,0x7,0x2,21.4099998,26.2130165,0.0284045693,0.10384538,3.28110946e-05,30,1.28299999,3,0.11449590652728514,58277.2449769,0.11449590652728514,18.753025099999995,18.753025099999995
30,576207200004306,52423384,2458278.734990519,58278.2338426,18.8029003,0.0603419393,0,zr,186.3260733,18.306073,1.21700001,-0.0489999987,20180609233831,576,0x7,0x2,21.0100002,26.238102,0.0246905871,0.0989224687,2.42620208e-05,30,1.24100006,3,0.10935531099242082,58278.2338426,0.10935531099242082,18.802900299999997,18.802900299999997
31,576207200004306,52620369,2458280.704660571,58280.2036921,18.6826477,0.0552429035,0,zr,186.326066,18.3060389,0.842000008,-0.0289999992,20180611203692,576,0x7,0x2,21.3899994,26.2670956,0.0284522437,0.104843482,3.24070643e-05,30,1.14699996,1,0.1221633461842488,58280.2036921,0.1221633461842488,18.682647699999997,18.682647699999997
32,576207200004306,52620554,2458280.7065123,58280.205544,18.7491074,0.0580010787,0,zr,186.326053,18.306045,0.824999988,-0.0489999987,20180611205532,576,0x7,0x2,21.25,26.2666206,0.0262469277,0.115280293,2.75838775e-05,30,1.15199995,3,0.11490979238996765,58280.205544,0.11490979238996765,18.749107400000007,18.749107400000007
33,576207200004306,52719305,2458281.6939335815,58281.1930556,18.7811966,0.0593856275,0,zr,186.3260145,18.3060617,0.689999998,-0.0549999997,20180612193056,576,0x7,0x2,21.4400005,26.2401676,0.0295517463,0.12172427,3.33473654e-05,30,1.12399995,3,0.1115633020423106,58281.1930556,0.1115633020423106,18.78119660000001,18.78119660000001
34,576207200004306,52819144,2458282.692233265,58282.1914468,18.7422905,0.0577114522,0,zr,186.3260395,18.3060703,0.825999975,-0.0299999993,20180613191435,576,0x7,0x2,21.3999996,26.2633762,0.0302114822,0.117343642,3.49691363e-05,30,1.12699997,3,0.11563353432388852,58282.1914468,0.11563353432388852,18.742290500000003,18.742290500000003
35,576207200004306,52919221,2458283.692905152,58283.1922106,18.7053967,0.0561706573,0,zr,186.3260296,18.3060602,1.20799994,-0.0890000015,20180614192211,576,0x7,0x2,21.4599991,26.281908,0.0250732023,0.11484424,2.51561814e-05,30,1.13699996,3,0.11963033530616332,58283.1922106,0.11963033530616332,18.7053967,18.7053967
36,576207200004306,52919313,2458283.693831069,58283.1931366,18.7163887,0.0566250198,0,zr,186.3260561,18.3060445,0.537999988,0.00600000005,20180614193125,576,0x7,0x2,21.5100002,26.3008804,0.0283635557,0.112846978,3.18729362e-05,30,1.13999999,1,0.11842530720578813,58283.1931366,0.11842530720578813,18.716388700000003,18.716388700000003
37,576207200004306,53020769,2458284.7082979255,58284.2076968,18.7237473,0.0569314174,0,zr,186.3260217,18.3060685,0.456,-0.0500000007,20180615207697,576,0x7,0x2,21.2399998,26.2433071,0.0238054115,0.105610639,2.25490476e-05,30,1.20000005,3,0.11762539097797713,58284.2076968,0.11762539097797713,18.723747300000007,18.723747300000007
38,576207200004306,53228280,2458286.7832107195,58286.2828009,18.6929035,0.0556590669,0,zr,186.3260275,18.3060328,1.09000003,-0.0329999998,20180617282801,576,0x7,0x2,20.6599998,26.2127838,0.0258050021,0.101375893,2.69713983e-05,30,1.86000001,1,0.12101483137987008,58286.2828009,0.12101483137987008,18.692903499999993,18.692903499999993
39,576207200004306,53823434,2458292.7342010876,58292.2343403,18.7381916,0.0575380623,0,zr,186.3260342,18.3060689,0.806999981,-0.125,20180623234317,576,0x7,0x2,20.6100006,26.2525043,0.0332279578,0.113962367,4.39804317e-05,30,1.49100006,1,0.11607090215897894,58292.2343403,0.11607090215897894,18.7381916,18.7381916
40,576207200004306,54123476,2458295.734353421,58295.2347685,18.7325516,0.0573003218,0,zr,186.3260768,18.3060734,1.06099999,-0.0649999976,20180626234745,576,0x7,0x2,20.6200008,26.2046223,0.0298004355,0.121762753,3.5358702e-05,30,1.57200003,1,0.11667541653358406,58295.2347685,0.11667541653358406,18.7325516,18.7325516
41,576207200004306,54425663,2458298.7559404843,58298.2566319,18.7572346,0.058348462,0,zr,186.3260232,18.3060571,0.996999979,-0.00600000005,20180629256620,576,0x7,0x2,20.0400009,26.1782036,0.0331027098,0.107980438,4.47658313e-05,30,1.97099996,1,0.11405285470629438,58298.2566319,0.11405285470629438,18.757234599999997,18.757234599999997
42,576207200004306,55118064,2458305.6793330386,58305.1806481,18.7558517,0.0582892001,0,zr,186.3260389,18.3060507,0.492000014,-0.00400000019,20180706180509,576,0x7,0x2,20.75,26.0740032,0.0252781585,0.112743475,2.56158546e-05,30,1.35699999,1,0.11419821614944667,58305.1806481,0.11419821614944667,18.7558517,18.7558517
43,576207200004306,68755777,2458442.055149002,58441.5577778,18.5867805,0.0515145622,32768,zr,186.3260692,18.3060255,1.02999997,-0.0450000018,20181119557766,576,0x7,0x2,19.7600002,25.5017567,0.0433502235,0.108886868,8.43657836e-05,30,1.37,1,0.13344054283391385,58441.5577778,0.13344054283391385,18.586780499999996,18.586780499999996
44,576207200004306,69349096,2458447.9888301874,58447.4909606,18.6435089,0.0536857769,0,zr,186.3260183,18.3060123,0.671000004,-0.00100000005,20181125490961,576,0x7,0x2,20.1299992,26.2290115,0.0393650532,0.106688417,6.38812271e-05,30,1.898,1,0.12664744712631312,58447.4909606,0.12664744712631312,18.643508899999993,18.643508899999993
45,576207200004306,69451526,2458449.0132245347,58448.5152662,18.7359009,0.0574413687,0,zr,186.3259834,18.3060377,0.75,0.0379999988,20181126515266,576,0x7,0x2,20.4099998,26.2375641,0.0304084979,0.10705822,3.75714772e-05,30,1.55900002,3,0.11631604853438686,58448.5152662,0.11631604853438686,18.735900899999997,18.735900899999997
46,576207200004306,69456033,2458449.058297887,58448.5603356,18.7266426,0.0570524707,0,zr,186.3260707,18.3060322,0.939999998,0.00300000003,20181126560324,576,0x7,0x2,20.6000004,26.2666607,0.0283743292,0.110809863,3.24582979e-05,30,1.24800003,3,0.11731214074761229,58448.5603356,0.11731214074761229,18.726642599999998,18.726642599999998
47,1571214100006217,69548689,2458449.984941222,58449.4868981,18.5106277,0.0451928042,32768,zr,186.3260546,18.3060528,0.874000013,-0.213,20181127486898,1571,0xe,0x1,19.9599991,25.8898582,0.0400758646,0.10205251,6.08386981e-05,30,1.87600005,2,0.14313601433930354,58449.4868981,0.14313601433930354,18.510627700000008,18.510627700000008
48,576207200004306,69552527,2458450.0233243266,58449.5252778,18.7594833,0.0584449507,0,zr,186.3260111,18.3060472,0.944999993,-0.0579999983,20181127525266,576,0x7,0x2,20.5300007,26.2624397,0.0307160392,0.117687203,3.83346742e-05,30,1.44700003,3,0.11381688095449134,58449.5252778,0.11381688095449134,18.759483299999992,18.759483299999992
49,576207200004306,70754622,2458462.04536704,58461.5462269,18.6143341,0.0525566228,0,zr,186.3259998,18.306037,0.810000002,-0.0529999994,20181209546215,576,0x7,0x2,21.1900005,26.2642937,0.0244814996,0.0970710143,2.40927966e-05,30,1.16299999,1,0.13009672381573634,58461.5462269,0.13009672381573634,18.6143341,18.6143341
50,576207200004306,71054725,2458465.046679258,58464.5472569,18.6772118,0.0550236963,0,zr,186.3260428,18.3060626,0.95599997,-0.119000003,20181212547245,576,0x7,0x2,21.0900002,26.2459717,0.0241936687,0.104708388,2.36172855e-05,30,1.13399994,3,0.12277650883406635,58464.5472569,0.12277650883406635,18.677211800000002,18.677211800000002
51,576207200004306,71151951,2458466.019028149,58465.5195139,18.7181377,0.0566976704,0,zr,186.3260457,18.3060367,0.810000002,-0.00499999989,20181213519514,576,0x7,0x2,21.1900005,26.3329506,0.0291729346,0.0833314136,3.43931279e-05,30,1.22300005,3,0.1182346908087281,58465.5195139,0.1182346908087281,18.718137699999993,18.718137699999993
52,576207200004306,71354697,2458468.0466856943,58467.5469792,18.644907,0.0537405722,0,zr,186.326035,18.306046,0.836000025,-0.0399999991,20181215546979,576,0x7,0x2,21.4200001,26.2289524,0.0260112472,0.118523002,2.66739025e-05,30,1.11300004,3,0.1264844684576802,58467.5469792,0.1264844684576802,18.644906999999996,18.644906999999996
53,576207200004306,71354789,2458468.0476000803,58467.5478935,18.6758041,0.054967083,0,zr,186.326045,18.306034,1.16999996,-0.00300000003,20181215547894,576,0x7,0x2,21.4300003,26.2378712,0.0247153305,0.111321129,2.45979136e-05,30,1.11099994,1,0.12293579668064693,58467.5478935,0.12293579668064693,18.6758041,18.6758041
54,576207200004306,71452682,2458469.026628301,58468.5268287,18.6777096,0.0550437532,0,zr,186.326037,18.3060326,0.926999986,-0.103,20181216526829,576,0x7,0x2,21.5400009,26.2862415,0.0296342336,0.115437388,3.55195261e-05,30,1.16400003,3,0.12272022984390359,58468.5268287,0.12272022984390359,18.677709600000007,18.677709600000007
55,576207200004306,71754584,2458472.0459319493,58471.5458449,18.7166862,0.0566373914,0,zr,186.326007,18.3060663,1.03400004,0.064000003,20181219545833,576,0x7,0x2,21.2600002,26.2775078,0.0249217469,0.116147436,2.53418802e-05,30,1.09099996,1,0.1183928622137847,58471.5458449,0.1183928622137847,18.716686200000005,18.716686200000005
56,576207200004306,72049655,2458474.9969190382,58474.4965509,18.753418,0.058185041,0,zr,186.3260262,18.3060111,0.535000026,-0.0820000023,20181222496551,576,0x7,0x2,20.4599991,26.2714825,0.0278385654,0.12102963,3.12923112e-05,30,1.21599996,1,0.11445448090020983,58474.4965509,0.11445448090020983,18.753418000000003,18.753418000000003
57,576207200004306,72049746,2458474.9978335258,58474.4974653,18.6701126,0.054738868,0,zr,186.3260463,18.3060491,0.578999996,-0.0160000008,20181222497465,576,0x7,0x2,20.5,26.2961502,0.0272522159,0.109049328,3.01688196e-05,30,1.21200001,3,0.12358192619197719,58474.4974653,0.12358192619197719,18.670112600000003,18.670112600000003
58,576207200004306,72246351,2458476.9640737595,58476.4635185,18.6654568,0.0545529202,0,zr,186.326053,18.3060473,0.726000011,-0.0350000001,20181224463507,576,0x7,0x2,20.7700005,26.2800579,0.0299990922,0.114472181,3.65469132e-05,30,1.36099994,1,0.12411300191464798,58476.4635185,0.12411300191464798,18.66545680000001,18.66545680000001
59,1571214100006217,72246396,2458476.964525202,58476.4639699,18.66959,0.0504578613,0,zr,186.3260565,18.3060352,0.981000006,-0.107000001,20181224463970,1571,0xe,0x1,20.7099991,26.1730461,0.0303833447,0.100458123,3.55764096e-05,30,1.36199999,2,0.12364142449368751,58476.4639699,0.12364142449368751,18.669589999999992,18.669589999999992
60,576207200004306,72847585,2458482.976980179,58482.4758565,18.6889954,0.0555000938,0,zr,186.3260221,18.3060785,0.524999976,0.0170000009,20181230475845,576,0x7,0x2,20.8199997,26.2761402,0.0261112209,0.107125707,2.7406224e-05,30,1.21099997,1,0.12145120832969232,58482.4758565,0.12145120832969232,18.688995400000003,18.688995400000003
61,576207200004306,73250290,2458487.0044040917,58486.5029051,18.6564751,0.0541962199,0,zr,186.3260478,18.3060546,0.600000024,-0.0359999985,20190103502894,576,0x7,0x2,21.25,26.2743645,0.0221146699,0.110849209,1.98058533e-05,30,1.09599996,1,0.12514397916775172,58486.5029051,0.12514397916775172,18.6564751,18.6564751
62,576207200004306,73250381,2458487.005318477,58486.5038194,18.7477264,0.057942301,0,zr,186.3260456,18.306051,0.500999987,-0.0390000008,20190103503808,576,0x7,0x2,21.2999992,26.2766418,0.0236758962,0.117037036,2.256277e-05,30,1.09399998,3,0.11505604466412284,58486.5038194,0.11505604466412284,18.747726399999998,18.747726399999998
63,576207200004306,73353071,2458488.032311401,58487.5307176,18.6791935,0.0551034808,0,zr,186.3260387,18.3060489,1.42200005,-0.104000002,20190104530718,576,0x7,0x2,21.4899998,26.2976742,0.0227226038,0.106106602,2.08117435e-05,30,1.04999995,3,0.12255261992009585,58487.5307176,0.12255261992009585,18.679193500000004,18.679193500000004
64,576207200004306,73754472,2458492.0466814586,58491.5447222,18.6516724,0.0540065244,0,zr,186.326049,18.3060331,1.10699999,0.0879999995,20190108544711,576,0x7,0x2,21.0799999,26.2406769,0.0262361951,0.115820445,2.74331032e-05,30,1.03299999,3,0.12569877347157662,58491.5447222,0.12569877347157662,18.651672400000002,18.651672400000002
65,576207200004306,73754562,2458492.0475843395,58491.545625,18.6516075,0.0540039875,0,zr,186.3260576,18.3060428,1.18499994,-0.0450000018,20190108545625,576,0x7,0x2,20.8299999,26.240612,0.0245571826,0.110349074,2.45420742e-05,30,1.03299999,1,0.12570628735403275,58491.545625,0.12570628735403275,18.651607500000004,18.651607500000004
66,576207200004306,73848162,2458492.983663712,58492.4816204,18.6198158,0.0527667738,0,zr,186.3260664,18.3060386,1.07799995,0.0900000036,20190109481609,576,0x7,0x2,21.25,26.0095654,0.0333346501,0.105175726,4.40899676e-05,30,1.10000002,3,0.12944154261853266,58492.4816204,0.12944154261853266,18.619815800000005,18.619815800000005
67,1571214100006217,73947554,2458493.977675933,58493.475544,18.7008991,0.0515755937,0,zr,186.326033,18.3060343,0.586000025,-0.00100000005,20190110475532,1571,0xe,0x1,21.5300007,26.1928692,0.0225766022,0.102270417,1.93081996e-05,30,1.11699998,2,0.12012692495059382,58493.475544,0.12012692495059382,18.700899100000008,18.700899100000008
68,576207200004306,73947599,2458493.978127372,58493.4759954,18.6706619,0.0547608621,0,zr,186.3260548,18.3060509,0.541999996,-0.00999999978,20190110475995,576,0x7,0x2,21.5699997,26.3187046,0.0325325318,0.100247905,4.23828969e-05,30,1.10699999,1,0.12351941894325928,58493.4759954,0.12351941894325928,18.670661899999992,18.670661899999992
69,576207200004306,73950362,2458494.005757138,58493.5036227,18.7072811,0.0562482774,0,zr,186.3260432,18.3060543,0.999000013,-0.074000001,20190110503611,576,0x7,0x2,21.6599998,26.3065319,0.0251912158,0.100721397,2.55116774e-05,30,1.05599999,3,0.1194228853869208,58493.5036227,0.1194228853869208,18.707281099999996,18.707281099999996
70,576207200004306,74054574,2458495.0479673836,58494.5457407,18.7018223,0.0560237877,0,zr,186.3260672,18.3060543,1.01100004,-0.0140000004,20190111545729,576,0x7,0x2,21.2900009,26.2761745,0.0226410851,0.077121295,2.061552e-05,30,1.03400004,1,0.1200248246057508,58494.5457407,0.1200248246057508,18.701822299999996,18.701822299999996
71,576207200004306,74054665,2458495.0488818665,58494.5466551,18.6647968,0.0545266494,0,zr,186.3260396,18.306059,0.354999989,0.00800000038,20190111546655,576,0x7,0x2,21.3600006,26.2501411,0.024243528,0.119830847,2.39392211e-05,30,1.03400004,3,0.12418847096796913,58494.5466551,0.12418847096796913,18.664796799999998,18.664796799999998
72,576207200004306,74854509,2458503.0480017248,58502.5450926,18.609169,0.0523595288,0,zr,186.3260424,18.3060476,0.356999993,-0.0520000011,20190119545093,576,0x7,0x2,20.6499996,26.1683292,0.0244831145,0.114200018,2.39940018e-05,30,1.04700005,3,0.13071709869508016,58502.5450926,0.13071709869508016,18.609169,18.609169
73,576207200004306,74854600,2458503.0489160977,58502.5460069,18.6666241,0.0545994602,0,zr,186.3260718,18.3060681,0.481000006,-0.00999999978,20190119545995,576,0x7,0x2,20.8400002,26.1927929,0.0250199214,0.114395954,2.52136742e-05,30,1.04799998,1,0.12397963687252717,58502.5460069,0.12397963687252717,18.6666241,18.6666241
74,1571214100006217,74947453,2458503.977522126,58503.474537,18.6856842,0.0510290116,0,zr,186.3260672,18.3060535,0.579999983,-0.0419999994,20190120474537,1571,0xe,0x1,19.8500004,25.9442692,0.0417540036,0.104380146,6.63791434e-05,30,1.07099998,2,0.12182216684245138,58503.474537,0.12182216684245138,18.685684200000004,18.685684200000004
75,576207200004306,74947499,2458503.9779851604,58503.475,18.6372299,0.0534405224,32768,zr,186.3261112,18.3060396,0.670000017,-0.00300000003,20190120475000,576,0x7,0x2,19.6800003,25.9638958,0.0397949964,0.0756991506,7.0179005e-05,30,1.05799997,1,0.1273819931435338,58503.475,0.1273819931435338,18.6372299,18.6372299
76,576207200004306,74948444,2458503.987430331,58503.4844444,18.5284748,0.0493853949,0,zr,186.3261039,18.3060002,0.349000007,-0.0250000004,20190120484433,576,0x7,0x2,19.5799999,25.9031506,0.0385338292,0.115364388,6.62329257e-05,30,1.04700005,3,0.14080240729800297,58503.4844444,0.14080240729800297,18.528474800000005,18.528474800000005
77,576207200004306,75152486,2458506.0280112214,58505.5248611,18.6531124,0.0540633202,0,zr,186.3259537,18.3060821,0.393999994,0.0399999991,20190122524861,576,0x7,0x2,19.7000008,26.2834549,0.0392935388,0.117711492,6.39695645e-05,30,1.03799999,1,0.12553217107518774,58505.5248611,0.12553217107518774,18.653112400000005,18.653112400000005
78,576207200004306,75152577,2458506.0289256843,58505.5257755,18.6140423,0.0525455065,0,zr,186.326038,18.3059182,0.689999998,0.0270000007,20190122525776,576,0x7,0x2,19.7399998,26.2783699,0.0370564424,0.124783322,5.65200353e-05,30,1.03799999,3,0.13013169301508798,58505.5257755,0.13013169301508798,18.6140423,18.6140423
79,576207200004306,75254969,2458507.05293024,58506.5496991,18.6457863,0.0537750237,0,zr,186.326063,18.3060864,0.425000012,-0.0189999994,20190123549676,576,0x7,0x2,19.7099991,26.2961903,0.0424184799,0.106695749,7.49839091e-05,30,1.06700003,3,0.12638207455290612,58506.5496991,0.12638207455290612,18.645786300000005,18.645786300000005
80,576207200004306,75548065,2458509.9841170674,58509.4806597,18.6495914,0.0539245419,0,zr,186.3260601,18.3060435,0.397000015,-0.0350000001,20190126480509,576,0x7,0x2,20.4200001,26.2723064,0.0284823906,0.119303249,3.29602444e-05,30,1.03699994,1,0.1259399278029632,58509.4806597,0.1259399278029632,18.6495914,18.6495914
81,576207200004306,75738921,2458511.892813019,58511.389213,18.6265221,0.0530250818,0,zr,186.3260288,18.3060367,0.658999979,-0.050999999,20190128389178,576,0x7,0x2,21.2600002,26.2639122,0.0249571763,0.107856795,2.44654602e-05,30,1.23500001,3,0.12864448123685548,58511.389213,0.12864448123685548,18.626522099999995,18.626522099999995
82,576207200004306,75945384,2458513.957592675,58513.4538426,18.4687786,0.0473092869,32768,zr,186.3260325,18.3060613,1.16199994,0.0170000009,20190130453843,576,0x7,0x2,20.0900002,24.6927757,0.228259191,0.0759126619,0.00216314313,30,1.051,3,0.1487608187623021,58513.4538426,0.1487608187623021,18.4687786,18.4687786
83,1571214100006217,75945571,2458513.9594678083,58513.4557176,18.8685913,0.058041539,32768,zr,186.326035,18.3059862,1.648,-0.118000001,20190130455694,1571,0xe,0x1,19.5499992,24.1257076,0.146284878,0.037887264,0.0011425718,30,1.06299996,2,0.10293509744767909,58513.4557176,0.10293509744767909,18.8685913,18.8685913
84,576207200004306,76042052,2458514.9243394984,58514.4205208,18.6853905,0.0553538837,32768,zr,186.3260592,18.3060365,1.329,0.00300000003,20190131420486,576,0x7,0x2,20.7099991,25.5047359,0.0332860686,0.10830164,4.42996025e-05,30,1.102,3,0.12185512513374877,58514.4205208,0.12185512513374877,18.685390500000004,18.685390500000004
85,576207200004306,76852788,2458523.0322328475,58522.5278819,18.6071072,0.0522810444,0,zr,186.3260616,18.3060335,0.254999995,0.00899999961,20190208527870,576,0x7,0x2,21.4099998,26.2524643,0.0232230686,0.109383188,2.20934016e-05,30,1.11099994,1,0.13096556473635396,58522.5278819,0.13096556473635396,18.607107199999994,18.607107199999994
86,576207200004306,76852879,2458523.033147303,58522.5287963,18.5917282,0.0516999438,0,zr,186.3260537,18.3060452,0.476999998,-0.00300000003,20190208528785,576,0x7,0x2,21.3799992,26.2540474,0.0227287337,0.115714863,2.07636331e-05,30,1.11300004,3,0.13283383769370508,58522.5287963,0.13283383769370508,18.5917282,18.5917282
87,576207200004306,77046704,2458524.9715146422,58524.4670486,18.5911694,0.0516789556,0,zr,186.3260427,18.3060551,1.25699997,0.0480000004,20190210467014,576,0x7,0x2,21.5599995,26.2735958,0.0267471839,0.112391323,2.87664407e-05,30,1.03499997,3,0.13290222138851202,58524.4670486,0.13290222138851202,18.591169400000005,18.591169400000005
88,576207200004306,77248405,2458526.988631329,58526.4840509,18.6428528,0.0536601096,0,zr,186.3259895,18.3060777,0.550000012,0.0410000011,20190212484039,576,0x7,0x2,20.0100002,25.8232517,0.040401794,0.113498524,6.48869827e-05,30,1.05200005,3,0.12672400209521012,58526.4840509,0.12672400209521012,18.642852800000007,18.642852800000007
89,576207200004306,77248589,2458526.9904717286,58526.4858912,18.5502987,0.0501704365,0,zr,186.3260139,18.306095,0.351999998,-0.0370000005,20190212485880,576,0x7,0x2,20.1399994,25.8686924,0.0354885682,0.132640615,5.05296521e-05,30,1.05400002,1,0.13800045553642495,58526.4858912,0.13800045553642495,18.550298700000006,18.550298700000006
90,576207200004306,78435857,2458538.86371445,58538.3585764,18.5836887,0.0513990596,32768,zr,186.3260427,18.3060581,0.867999971,-0.0379999988,20190224358542,576,0x7,0x2,19.75,25.7073936,0.0414238013,0.117963985,7.73938154e-05,30,1.09399998,3,0.13382107675800864,58538.3585764,0.13382107675800864,18.583688700000003,18.583688700000003
91,576207200004306,78437371,2458538.8788539297,58538.3737153,18.4346313,0.0461673848,32768,zr,186.3261066,18.3062677,0.718999982,0.138999999,20190224373681,576,0x7,0x2,19.0499992,25.2802582,0.0451953337,0.136711344,0.000164051569,30,1.06599998,1,0.15351382045849102,58538.3737153,0.15351382045849102,18.4346313,18.4346313
92,576207200004306,78533634,2458539.8415173544,58539.3363426,18.5601711,0.0505301841,0,zr,186.3260466,18.3060539,0.395000011,0.0289999992,20190225336308,576,0x7,0x2,20.4400005,25.7684097,0.0296138488,0.118215583,3.51652197e-05,30,1.14499998,3,0.1367513303664601,58539.3363426,0.1367513303664601,18.560171099999998,18.560171099999998
93,1571214100006217,78628910,2458540.794317901,58540.2891088,18.6365337,0.0493072495,0,zr,186.3260116,18.3060441,0.75999999,0.0170000009,20190226289097,1571,0xe,0x1,20.8299999,25.8086605,0.0306870304,0.0954256132,3.46563284e-05,30,1.35000002,1,0.12746369971485144,58540.2891088,0.12746369971485144,18.636533699999994,18.636533699999994
94,576207200004306,78933861,2458543.8439208735,58543.3386111,18.6465874,0.0538064651,0,zr,186.3260623,18.3060047,0.749000013,0.0410000011,20190301338600,576,0x7,0x2,20.7299995,26.0023918,0.0282738451,0.114371747,3.21551997e-05,30,1.10899997,1,0.12628885914988333,58543.3386111,0.12628885914988333,18.64658740000001,18.64658740000001
95,576207200004306,79331122,2458547.8166459054,58547.3112269,18.6356182,0.0533777624,0,zr,186.3260529,18.3060546,0.432000011,-0.0240000002,20190305311227,576,0x7,0x2,21.3600006,26.2576389,0.0230038296,0.109038278,2.14711963e-05,30,1.15600002,3,0.12757122328141515,58547.3112269,0.12757122328141515,18.635618200000003,18.635618200000003
96,1571214100006217,80422047,2458558.726062894,58558.2204745,18.6275883,0.049001012,0,zr,186.3259944,18.3059766,0.81400001,-0.0299999993,20190316220475,1571,0xe,0x1,19.6299992,26.1116905,0.048287712,0.098062858,9.30230599e-05,30,1.49199998,1,0.12851821352931872,58558.2204745,0.12851821352931872,18.627588300000006,18.627588300000006
97,576207200004306,80433699,2458558.8425799273,58558.3369907,18.6188583,0.0527300201,0,zr,186.3260056,18.306041,0.921999991,-0.0610000007,20190316336991,576,0x7,0x2,20.7299995,26.2559319,0.0268368013,0.11305324,2.91191045e-05,30,1.04499996,3,0.12955574618237695,58558.3369907,0.12955574618237695,18.618858299999992,18.618858299999992
98,576207200004306,80527038,2458559.775976441,58559.2703819,18.6209354,0.0528097972,0,zr,186.3260505,18.3060351,0.326000005,-0.0219999999,20190317270313,576,0x7,0x2,20.8899994,26.2348366,0.0247823317,0.113004789,2.50993999e-05,30,1.18400002,1,0.12930813262931662,58559.2703819,0.12930813262931662,18.6209354,18.6209354
99,576207200004306,80635700,2458560.8626013063,58560.3570023,18.5896854,0.0516233295,0,zr,186.3260546,18.3060396,1.09800005,-0.0960000008,20190318357002,576,0x7,0x2,20.8700008,26.2856503,0.0239191577,0.118351802,2.31133436e-05,30,1.03299999,3,0.13308399827261946,58560.3570023,0.13308399827261946,18.5896854,18.5896854
100,576207200004306,80733833,2458561.8439346673,58561.3383333,18.5553017,0.0503523573,0,zr,186.3260122,18.3060538,0.535000026,0.0610000007,20190319338333,576,0x7,0x2,20.3099995,26.2238789,0.0287099145,0.113312706,3.33455282e-05,30,1.03799999,3,0.13736602148106908,58561.3383333,0.13736602148106908,18.555301699999994,18.555301699999994
101,576207200004306,81331690,2458567.8224918367,58567.3169097,18.5907192,0.0516620949,0,zr,186.3260363,18.3060419,0.621999979,0.00300000003,20190325316910,576,0x7,0x2,21.1700001,26.2184486,0.023889916,0.117137864,2.31562917e-05,30,1.04100001,3,0.13295734065808976,58567.3169097,0.13295734065808976,18.590719200000002,18.590719200000002
102,576207200004306,81331781,2458567.8233946296,58567.3178125,18.5582275,0.050459139,0,zr,186.3260466,18.3060394,0.598999977,-0.0419999994,20190325317812,576,0x7,0x2,21.0,26.2129421,0.0239370186,0.112308212,2.35132593e-05,30,1.03999996,1,0.13699635114100978,58567.3178125,0.13699635114100978,18.558227500000008,18.558227500000008
103,576207200004306,81427717,2458568.7827495667,58568.2771759,18.5884743,0.051577948,0,zr,186.3260577,18.3060328,0.815999985,-0.0340000018,20190326277060,576,0x7,0x2,21.5499992,26.2231178,0.0248754434,0.111798786,2.51542951e-05,30,1.09300005,3,0.13323253155096818,58568.2771759,0.13323253155096818,18.588474299999994,18.588474299999994
104,576207200004306,81927444,2458573.779950171,58573.2744444,18.5989456,0.0519717783,0,zr,186.32604,18.3060643,0.63499999,0.0130000003,20190331274444,576,0x7,0x2,21.2600002,26.2125721,0.0258673765,0.115547642,2.67284868e-05,30,1.07200003,3,0.1319537569981269,58573.2744444,0.1319537569981269,18.5989456,18.5989456
105,576207200004306,82137040,2458575.8758705463,58575.3704051,18.5011272,0.0484215245,32768,zr,186.3260303,18.306016,0.572000027,0.0240000002,20190402370382,576,0x7,0x2,19.4599991,24.3497639,0.0638090745,0.120942175,0.00024732051,30,1.08299994,3,0.1443939908961741,58575.3704051,0.1443939908961741,18.501127200000006,18.501127200000006
106,576207200004306,82137133,2458575.8767964263,58575.371331,18.4527836,0.0467703193,32768,zr,186.3260806,18.3060429,0.374000013,-0.150999993,20190402371319,576,0x7,0x2,19.9899998,24.7993965,0.0454876237,0.102323964,9.19652375e-05,30,1.08399999,1,0.15096857648060424,58575.371331,0.15096857648060424,18.452783599999997,18.452783599999997
107,576207200004306,82627831,2458580.783654279,58580.2783102,18.6217041,0.052839376,0,zr,186.326029,18.306061,0.841000021,-0.064000003,20190407278310,576,0x7,0x2,21.4599991,26.2709007,0.0247447081,0.114615321,2.4477813e-05,30,1.04299998,3,0.12921661501926407,58580.2783102,0.12921661501926407,18.621704099999995,18.621704099999995
108,576207200004306,82627922,2458580.7845685547,58580.2792245,18.624054,0.0529298633,0,zr,186.326029,18.3060285,0.44600001,0.118000001,20190407279213,576,0x7,0x2,21.5900002,26.2562637,0.0240877345,0.108924352,2.31004287e-05,30,1.04299998,1,0.1289372490343807,58580.2792245,0.1289372490343807,18.624053999999994,18.624053999999994
109,1571214100006217,82634750,2458580.8528420953,58580.3475,18.6361427,0.0492938198,0,zr,186.3260633,18.3060592,0.759000003,-0.057,20190407347488,1571,0xe,0x1,21.0100002,26.1591053,0.0263226796,0.0822574273,2.60308552e-05,30,1.09800005,1,0.12750961075791925,58580.3475,0.12750961075791925,18.6361427,18.6361427
110,576207200004306,82725474,2458581.7600608873,58581.2547454,18.5824585,0.0513531938,0,zr,186.3260587,18.3060438,0.726000011,0.075000003,20190408254745,576,0x7,0x2,21.5499992,26.2332287,0.0248258859,0.116690472,2.48063061e-05,30,1.06900001,3,0.1339727894749439,58581.2547454,0.1339727894749439,18.582458499999994,18.582458499999994
111,576207200004306,82825126,2458582.756546415,58582.2512616,18.6163406,0.0526334681,0,zr,186.326025,18.3060435,0.958999991,0.0,20190409251123,576,0x7,0x2,21.6200008,26.2267761,0.022629356,0.107183658,2.02547453e-05,30,1.07000005,3,0.1298565199646966,58582.2512616,0.1298565199646966,18.616340599999994,18.616340599999994
112,1571214100006217,82826443,2458582.769717303,58582.2644329,18.5857296,0.047596667,0,zr,186.3260432,18.3060553,0.654999971,-0.0309999995,20190409264282,1571,0xe,0x1,21.3700008,26.1387291,0.0256898925,0.105546139,2.57998945e-05,30,1.06500006,1,0.13356976442049925,58582.2644329,0.13356976442049925,18.5857296,18.5857296
113,576207200004306,82927494,2458583.7801938546,58583.2749421,18.6381226,0.0534753203,0,zr,186.3261225,18.3060379,0.448000014,-0.00499999989,20190410274942,576,0x7,0x2,20.5699997,26.2100945,0.0300408471,0.112238288,3.64732077e-05,30,1.03999996,3,0.12727730181114527,58583.2749421,0.12727730181114527,18.638122599999996,18.638122599999996
114,576207200004306,82927584,2458583.7810966237,58583.2758449,18.6598282,0.0543291047,0,zr,186.326032,18.3060285,0.967999995,0.0500000007,20190410275845,576,0x7,0x2,20.75,26.208807,0.0252605639,0.120564662,2.57036518e-05,30,1.03900003,1,0.1247580907903088,58583.2758449,0.1247580907903088,18.6598282,18.6598282
115,576207200004306,83031604,2458584.821258211,58584.3160417,18.5837269,0.0514004827,0,zr,186.3260677,18.3060726,0.783999979,-0.0170000009,20190411316007,576,0x7,0x2,21.1900005,26.2064171,0.0274345875,0.112691849,3.05684698e-05,30,1.04200006,3,0.13381636854695236,58584.3160417,0.13381636854695236,18.583726899999995,18.583726899999995
116,576207200004306,83131068,2458585.815864244,58585.3106829,18.5702133,0.0508991517,0,zr,186.3260403,18.3060435,0.555999994,-0.00200000009,20190412310683,576,0x7,0x2,21.2299995,26.2053089,0.0224025417,0.119463347,2.0188334e-05,30,1.03999996,3,0.13549232026509364,58585.3106829,0.13549232026509364,18.5702133,18.5702133
117,576207200004306,83223221,2458586.7373580555,58586.2322106,18.7681065,0.0588166229,0,zr,186.3260603,18.3060519,0.912,-0.0610000007,20190413232211,576,0x7,0x2,21.2600002,26.1902447,0.0271454304,0.120333247,3.03656579e-05,30,1.08500004,3,0.11291649788431359,58586.2322106,0.11291649788431359,18.768106499999995,18.768106499999995
118,576207200004306,83225028,2458586.7554361834,58586.2502894,18.6663666,0.0545891896,0,zr,186.3260527,18.306064,1.00800002,-0.061999999,20190413250278,576,0x7,0x2,21.2299995,26.2045555,0.0255836044,0.118516356,2.66422139e-05,30,1.05599999,1,0.1240090441469577,58586.2502894,0.1240090441469577,18.666366599999996,18.666366599999996
119,576207200004306,83327503,2458587.780142335,58587.2750347,18.6261959,0.0530125163,0,zr,186.3260487,18.30605,0.370000005,0.00499999989,20190414275035,576,0x7,0x2,20.9200001,26.1849556,0.026224196,0.115214474,2.77226427e-05,30,1.03400004,3,0.12868313715904142,58587.2750347,0.12868313715904142,18.626195899999992,18.626195899999992
120,576207200004306,83433996,2458588.8450306305,58588.3399653,18.5941772,0.0517920218,32768,zr,186.3260663,18.3060528,0.896000028,-0.138999999,20190415339954,576,0x7,0x2,19.6499996,25.8782692,0.0610435009,0.0916593894,0.00016284539,30,1.09300005,3,0.13253455370918027,58588.3399653,0.13253455370918027,18.594177199999997,18.594177199999997
121,576207200004306,83527237,2458589.777399692,58589.2723727,18.5257263,0.0492875576,0,zr,186.3260909,18.3060145,0.763999999,0.0689999983,20190416272234,576,0x7,0x2,19.1000004,26.0458889,0.0381317288,0.120894097,7.99402987e-05,30,1.03400004,3,0.14115929478177633,58589.2723727,0.14115929478177633,18.525726299999995,18.525726299999995
122,576207200004306,83527336,2458589.7783950497,58589.2733681,18.5248051,0.0492547937,0,zr,186.3260404,18.3059903,0.282000005,0.0240000002,20190416273322,576,0x7,0x2,19.0300007,26.0219498,0.048458565,0.123711802,0.00014028055,30,1.03299999,1,0.14127911313388616,58589.2733681,0.14127911313388616,18.524805100000002,18.524805100000002
123,576207200004306,83825658,2458592.7614816343,58592.2565856,18.5665436,0.050763987,0,zr,186.3260156,18.3060343,0.735000014,-0.0280000009,20190419256586,576,0x7,0x2,19.9500008,26.2664833,0.036754787,0.127628133,5.44795912e-05,30,1.03600001,3,0.1359510480739941,58592.2565856,0.1359510480739941,18.566543599999996,18.566543599999996
124,576207200004306,83825748,2458592.7623843956,58592.2574884,18.6167717,0.0526499525,0,zr,186.3260439,18.3059958,0.298000008,0.0329999998,20190419257488,576,0x7,0x2,19.9500008,26.2377262,0.0362283103,0.107365876,5.30268226e-05,30,1.03600001,1,0.12980496965891325,58592.2574884,0.12980496965891325,18.616771700000008,18.616771700000008
125,1571214100006217,83927930,2458593.7841539257,58593.2793056,18.6408615,0.0494561717,0,zr,186.3260475,18.3061026,0.505999982,0.00700000022,20190420279306,1571,0xe,0x1,20.2600002,26.1442089,0.0328225978,0.0979143754,4.09727618e-05,30,1.05700004,1,0.12695663415959293,58593.2793056,0.12695663415959293,18.640861499999993,18.640861499999993
126,576207200004306,84225325,2458596.7579538897,58596.2532523,18.598875,0.0519690774,0,zr,186.3260238,18.3060408,0.838,-0.00700000022,20190423253252,576,0x7,0x2,21.0300007,26.2199669,0.0292060878,0.122253872,3.39241778e-05,30,1.03400004,3,0.13196233757054754,58596.2532523,0.13196233757054754,18.598875,18.598875
127,576207200004306,84225415,2458596.758856641,58596.2541551,18.586853,0.0515172817,0,zr,186.3260305,18.3060903,0.697000027,-0.0219999999,20190423254155,576,0x7,0x2,20.9599991,26.2219543,0.0380324423,0.118175864,5.70340017e-05,30,1.03299999,1,0.13343163264346838,58596.2541551,0.13343163264346838,18.586852999999998,18.586852999999998
128,1571214100006217,84324736,2458597.7520110225,58597.2473611,18.639492,0.0494089797,0,zr,186.3260272,18.3060554,1.00199997,-0.104000002,20190424247361,1571,0xe,0x1,21.5400009,26.1292686,0.0261209272,0.104092523,2.57495631e-05,30,1.05200005,1,0.12711687272399677,58597.2473611,0.12711687272399677,18.639491999999997,18.639491999999997
129,576207200004306,84333222,2458597.83686763,58597.3322222,18.601162,0.0520555563,0,zr,186.3260239,18.3060286,0.347000003,-0.0109999999,20190424332222,576,0x7,0x2,21.1700001,26.2144947,0.0214774031,0.115127541,1.86047509e-05,30,1.13499999,3,0.13168466401271886,58597.3322222,0.13168466401271886,18.601161999999995,18.601161999999995
130,576207200004306,84728498,2458601.789415387,58601.2849884,18.5863304,0.051497709,0,zr,186.3260573,18.3060346,0.796999991,-0.0120000001,20190428284977,576,0x7,0x2,21.6200008,26.2345333,0.0263131373,0.118282683,2.75923867e-05,30,1.05900002,3,0.1334958730690798,58601.2849884,0.1334958730690798,18.5863304,18.5863304
131,576207200004306,84828473,2458602.789102422,58602.2847338,18.5423145,0.0498815849,32768,zr,186.3260519,18.3060481,0.467000008,-0.0199999996,20190429284734,576,0x7,0x2,20.9599991,26.0042057,0.0320551954,0.118047148,4.17105766e-05,30,1.06200004,3,0.13901901274293862,58602.2847338,0.13901901274293862,18.542314499999996,18.542314499999996
132,1571214100006217,85220662,2458606.7107484364,58606.2066204,18.6341686,0.0492260754,0,zr,186.3260424,18.3060564,0.625,0.057,20190503206620,1571,0xe,0x1,21.6599998,26.115654,0.026237186,0.108700819,2.76295159e-05,30,1.05900002,1,0.1277416613219454,58606.2066204,0.1277416613219454,18.634168600000002,18.634168600000002
133,576207200004306,85220991,2458606.714046828,58606.209919,18.5882359,0.051569026,0,zr,186.3260468,18.3060378,0.889999986,-0.0410000011,20190503209896,576,0x7,0x2,21.7399998,26.2275944,0.0265565328,0.110055886,2.77369745e-05,30,1.04100001,1,0.1332617892313976,58606.209919,0.1332617892313976,18.588235899999994,18.588235899999994
134,576207200004306,85821115,2458612.714883253,58612.2111574,18.6083946,0.0523300283,0,zr,186.3260306,18.3060567,1.08700001,-0.0700000003,20190509211123,576,0x7,0x2,21.6800003,26.1828613,0.0251066405,0.116427876,2.49014411e-05,30,1.03299999,1,0.13081036576078242,58612.2111574,0.13081036576078242,18.608394600000004,18.608394600000004
135,576207200004306,86216842,2458616.6718662926,58616.1684259,18.6122646,0.0524775386,0,zr,186.3260379,18.3060389,0.903999984,-0.0209999997,20190513168426,576,0x7,0x2,20.8400002,26.1417007,0.0310253371,0.116927855,3.80048732e-05,30,1.05499995,1,0.13034493505133934,58616.1684259,0.13034493505133934,18.612264599999996,18.612264599999996
136,576207200004306,87430185,2458628.8043321683,58628.3018519,18.5652695,0.050717134,0,zr,186.3260516,18.3060544,0.391000003,-0.0359999985,20190525301852,576,0x7,0x2,21.3999996,26.1138916,0.0244276505,0.113463014,2.39792444e-05,30,1.38999999,1,0.13611067884110192,58628.3018519,0.13611067884110192,18.565269499999992,18.565269499999992
137,576207200004306,87430968,2458628.812167106,58628.3096875,18.5799522,0.0512599088,0,zr,186.3260406,18.3060265,0.374000013,-0.0460000001,20190525309688,576,0x7,0x2,21.2800007,26.1115532,0.0237427168,0.120188288,2.21518603e-05,30,1.449,3,0.134282407823992,58628.3096875,0.134282407823992,18.5799522,18.5799522
138,576207200004306,87920075,2458633.702815133,58633.2007523,18.5799751,0.0512607545,0,zr,186.3260577,18.3060412,1.08399999,-0.0,20190530200752,576,0x7,0x2,21.3500004,26.2154636,0.0295164175,0.124001682,3.43874526e-05,30,1.06299996,3,0.13427957561235795,58633.2007523,0.13427957561235795,18.579975100000006,18.579975100000006
139,576207200004306,87920165,2458633.703717854,58633.2016551,18.6123886,0.0524822772,0,zr,186.3260576,18.3060497,0.774999976,-0.0209999997,20190530201655,576,0x7,0x2,21.4599991,26.1998463,0.0242572464,0.116127558,2.33816936e-05,30,1.06500006,1,0.130330049438287,58633.2016551,0.130330049438287,18.612388599999996,18.612388599999996
140,576207200004306,88025732,2458634.759297341,58634.2573264,18.5792198,0.0512326546,0,zr,186.3260305,18.3060326,0.465999991,0.0359999985,20190531257326,576,0x7,0x2,21.5599995,26.1327744,0.0245218389,0.1124238,2.33689243e-05,30,1.23099995,3,0.13437302063928036,58634.2573264,0.13437302063928036,18.579219799999997,18.579219799999997
141,576207200004306,88123576,2458635.7376492745,58635.2357639,18.606432,0.0522554033,0,zr,186.3260388,18.3060386,1.01300001,-0.00999999978,20190601235764,576,0x7,0x2,21.7600002,26.2037716,0.0257798005,0.113021009,2.60249144e-05,30,1.15799999,3,0.13104703521740158,58635.2357639,0.13104703521740158,18.606432000000005,18.606432000000005
142,576207200004306,88220646,2458636.70826992,58636.2064699,18.5671844,0.0507875383,0,zr,186.3260639,18.3060555,0.549000025,-0.0350000001,20190602206458,576,0x7,0x2,21.6299992,26.2004166,0.0276605412,0.110786922,3.03378965e-05,30,1.08800006,1,0.13587083362780827,58636.2064699,0.13587083362780827,18.567184399999995,18.567184399999995
143,576207200004306,88220740,2458636.7092073373,58636.2074074,18.5823345,0.0513485707,0,zr,186.3260551,18.3060373,0.501999974,0.0289999992,20190602207384,576,0x7,0x2,21.6100006,26.1905689,0.0260846987,0.113446973,2.6863323e-05,30,1.09000003,3,0.13398809114261195,58636.2074074,0.13398809114261195,18.582334499999995,18.582334499999995
144,576207200004306,88319315,2458637.694872497,58637.1931597,18.5840645,0.0514130741,0,zr,186.326036,18.3060468,1.83899999,0.143000007,20190603193148,576,0x7,0x2,21.4899998,26.1681404,0.0216395147,0.11538092,1.87762107e-05,30,1.06900001,3,0.1337747660076319,58637.1931597,0.1337747660076319,18.584064500000004,18.584064500000004
145,576207200004306,88422770,2458638.729329163,58638.2277083,18.5665207,0.0507631525,0,zr,186.3260512,18.3060605,1.21399999,-0.0460000001,20190604227697,576,0x7,0x2,21.3400002,26.1727123,0.0226260182,0.126136407,2.00723243e-05,30,1.15900004,3,0.13595391554016023,58638.2277083,0.13595391554016023,18.566520700000005,18.566520700000005
146,576207200004306,88517532,2458639.676860408,58639.1753241,18.6266193,0.0530288592,0,zr,186.3260492,18.3060341,0.953999996,-0.0160000008,20190605175312,576,0x7,0x2,21.5300007,26.1842957,0.0239720922,0.113331564,2.25917065e-05,30,1.05200005,1,0.1286329649184149,58639.1753241,0.1286329649184149,18.62661930000001,18.62661930000001
147,576207200004306,88517624,2458639.677786225,58639.17625,18.6607056,0.0543639287,0,zr,186.3260449,18.306032,0.925000012,-0.0450000018,20190605176238,576,0x7,0x2,21.6599998,26.2024345,0.0270710066,0.114737369,2.94389502e-05,30,1.05299997,3,0.12465731259848746,58639.17625,0.12465731259848746,18.660705599999993,18.660705599999993
148,576207200004306,88822377,2458642.7250350676,58642.2237731,18.608799,0.05234541,0,zr,186.326039,18.3060527,1.24000001,-0.0359999985,20190608223773,576,0x7,0x2,21.4899998,26.2215919,0.0213885643,0.111041255,1.82631647e-05,30,1.18299997,1,0.1307616523981556,58642.2237731,0.1307616523981556,18.608798999999998,18.608798999999998
149,576207200004306,89222600,2458646.726904601,58646.2260069,18.5692081,0.0508620925,0,zr,186.326011,18.3060425,0.423000008,0.0719999969,20190612225995,576,0x7,0x2,20.3700008,26.1290112,0.0369101986,0.120056801,5.52266574e-05,30,1.23800004,1,0.13561782031411482,58646.2260069,0.13561782031411482,18.569208100000004,18.569208100000004
150,576207200004306,89521755,2458649.7181811947,58649.2175579,18.6890068,0.0555005297,0,zr,186.3260253,18.3060531,0.606999993,0.0370000005,20190615217558,576,0x7,0x2,20.4899998,26.1549892,0.0279521234,0.112281471,3.09434545e-05,30,1.23699999,1,0.1214499331244441,58649.2175579,0.1214499331244441,18.68900680000001,18.68900680000001
151,576207200004306,89827563,2458652.7759782015,58652.2756366,18.574337,0.0510515384,0,zr,186.3260625,18.3060484,0.549000025,-0.0189999994,20190618275625,576,0x7,0x2,20.2199993,26.065361,0.0323576145,0.125706792,4.26894476e-05,30,1.77900004,1,0.1349786872352732,58652.2756366,0.1349786872352732,18.574337000000007,18.574337000000007
152,576207200004306,90417906,2458658.678859825,58658.1790625,18.5699863,0.0508907996,0,zr,186.3260512,18.3060445,1.03299999,-0.0,20190624179062,576,0x7,0x2,21.3600006,26.1708908,0.0235424098,0.107879266,2.28781828e-05,30,1.17900002,1,0.13552065124642973,58658.1790625,0.13552065124642973,18.569986300000004,18.569986300000004
153,576207200004306,90719799,2458661.6975176255,58661.1979977,18.5834045,0.0513884798,0,zr,186.3260454,18.3060444,0.522000015,0.0659999996,20190627197998,576,0x7,0x2,21.3400002,26.1803589,0.0252552312,0.109675743,2.65968847e-05,30,1.30400002,1,0.1338561100633965,58661.1979977,0.1338561100633965,18.583404499999993,18.583404499999993
154,576207200004306,91322859,2458667.7275708504,58667.2285995,18.5524178,0.0502473824,0,zr,186.3260479,18.3060341,1.24800003,-0.064000003,20190703228600,576,0x7,0x2,20.9699993,26.1402035,0.0284940694,0.131930739,3.21922889e-05,30,1.70000005,1,0.13773137399897634,58667.2285995,0.13773137399897634,18.552417799999994,18.552417799999994
155,576207200004306,91920715,2458673.7055925815,58673.2071528,18.4949398,0.0482064337,0,zr,186.3260231,18.3060308,0.934000015,0.0860000029,20190709207153,576,0x7,0x2,20.9500008,26.1473198,0.0269193724,0.113225684,2.84662001e-05,30,1.64100003,1,0.14521921339622632,58673.2071528,0.14521921339622632,18.494939800000004,18.494939800000004
156,576207200004306,92219425,2458676.692439817,58676.1942593,18.4491615,0.0466492921,0,zr,186.3260181,18.3060601,0.453999996,-0.0250000004,20190712194248,576,0x7,0x2,20.3199997,26.1184921,0.0359063558,0.125411049,5.02444709e-05,30,1.59000003,1,0.1514730603653732,58676.1942593,0.1514730603653732,18.449161499999995,18.449161499999995
157,576207200004306,92320400,2458677.702098574,58677.2040046,18.5328598,0.0495420136,0,zr,186.3259954,18.3060364,1.43499994,-0.0839999989,20190713203993,576,0x7,0x2,20.6399994,26.1140175,0.0325810276,0.117515892,4.2477539e-05,30,1.73399997,3,0.1402348905887296,58677.2040046,0.1402348905887296,18.532859800000004,18.532859800000004
158,576207200004306,92520289,2458679.7008179766,58679.2028935,18.5157013,0.0489324592,0,zr,186.3260455,18.3060166,0.493000001,-0.023,20190715202882,576,0x7,0x2,20.3099995,26.143652,0.0334797315,0.125651464,4.51905253e-05,30,1.79200006,1,0.14246870608047732,58679.2028935,0.14246870608047732,18.515701299999996,18.515701299999996
159,576207200004306,103153041,2458786.0262809447,58785.5304167,18.4894447,0.0480163842,0,zr,186.3261334,18.3060621,0.64200002,-0.0140000004,20191029530382,576,0x7,0x2,20.1700001,26.0163651,0.038329374,0.125304595,5.83506262e-05,30,2.68099999,2,0.14595605619535743,58785.5304167,0.14595605619535743,18.4894447,18.4894447
160,576207200004306,103153531,2458786.0311770374,58785.5353125,18.5730286,0.0510031544,0,zr,186.3261004,18.3060536,1.45599997,-0.0810000002,20191029535289,576,0x7,0x2,20.1399994,26.0330238,0.0433165096,0.130271763,7.46490477e-05,30,2.523,2,0.13514144552655294,58785.5353125,0.13514144552655294,18.573028600000008,18.573028600000008
161,576207200004306,103154021,2458786.03608473,58785.5402199,18.5072441,0.0486352183,0,zr,186.3260708,18.3060441,0.721000016,-0.00800000038,20191029540185,576,0x7,0x2,20.1499996,26.0662422,0.040734306,0.108445287,6.54982796e-05,30,2.38400006,2,0.1435827807479574,58785.5402199,0.1435827807479574,18.5072441,18.5072441
162,576207200004306,103154511,2458786.0409808266,58785.5451157,18.4592438,0.0469871201,0,zr,186.3259776,18.3060653,0.512000024,-0.0599999987,20191029545093,576,0x7,0x2,19.6299992,26.0732441,0.0487419218,0.117423154,9.96090166e-05,30,2.25999999,2,0.1500729708730632,58785.5451157,0.1500729708730632,18.459243800000003,18.459243800000003
163,576207200004306,103353009,2458788.0260761674,58787.5300926,18.6844368,0.0553152673,0,zr,186.3263425,18.3061404,0.718999982,0.559000015,20191031530058,576,0x7,0x2,18.8500004,26.06287,0.0444047228,0.123669073,0.000136729825,30,2.51600003,2,0.1219622085003693,58787.5300926,0.1219622085003693,18.684436800000007,18.684436800000007
164,576207200004306,103353498,2458788.0309722754,58787.5349884,18.5007477,0.0484082773,32768,zr,186.3259142,18.3058414,0.788999975,0.393999994,20191031534954,576,0x7,0x2,18.8400002,26.0991859,0.0584965497,0.0913227424,0.000251189689,30,2.37800002,2,0.14444447009837438,58787.5349884,0.14444447009837438,18.500747699999998,18.500747699999998
165,576207200004306,103553199,2458790.0280988184,58789.5319907,18.5375061,0.0497085378,0,zr,186.3260091,18.3060285,0.462000012,-0.00899999961,20191102531956,576,0x7,0x2,20.5300007,26.0612526,0.0320911817,0.120564565,4.18761229e-05,30,2.31399989,2,0.13963605158509637,58789.5319907,0.13963605158509637,18.537506099999995,18.537506099999995
166,576207200004306,103553680,2458790.032914029,58789.5368056,18.5907841,0.0516645014,0,zr,186.3260493,18.30606,1.15499997,-0.0480000004,20191102536771,576,0x7,0x2,20.4799995,26.0765953,0.0336205512,0.124514908,4.5118617e-05,30,2.20000005,2,0.1329493933560859,58789.5368056,0.1329493933560859,18.5907841,18.5907841
167,576207200004306,103554164,2458790.0377522423,58789.5416435,18.5456829,0.0500032231,0,zr,186.326037,18.3060581,0.603999972,-0.0130000003,20191102541609,576,0x7,0x2,20.3199997,26.0965157,0.0318760946,0.119151011,4.06271029e-05,30,2.09699988,2,0.13858838695601622,58789.5416435,0.13858838695601622,18.545682899999996,18.545682899999996
168,576207200004306,103554645,2458790.042567353,58789.5464583,18.3383255,0.0431186855,32768,zr,186.3260313,18.3060553,0.38499999,0.0780000016,20191102546435,576,0x7,0x2,19.7199993,25.7170506,0.0819281712,0.111882068,0.000310250791,30,2.00399995,2,0.1677528085715532,58789.5464583,0.1677528085715532,18.338325500000003,18.338325500000003
169,576207200004306,103753556,2458792.0318047935,58791.5355671,18.5796471,0.0512485653,0,zr,186.3260415,18.3060406,1.16100001,0.0599999987,20191104535544,576,0x7,0x2,20.7299995,26.1118603,0.025548296,0.109547414,2.56704971e-05,30,2.10899997,2,0.1343201474879777,58791.5355671,0.1343201474879777,18.579647099999995,18.579647099999995
170,576207200004306,103754037,2458792.0366084166,58791.5403704,18.6347446,0.0533437692,0,zr,186.3260461,18.3060698,0.368000001,0.0219999999,20191104540336,576,0x7,0x2,20.75,26.0889969,0.0280613881,0.120556355,3.1092728e-05,30,2.01600003,2,0.12767391035021414,58791.5403704,0.12767391035021414,18.634744599999998,18.634744599999998
171,576207200004306,103754518,2458792.0414235373,58791.5451852,18.5398731,0.0497936457,0,zr,186.3260534,18.3060384,0.504000008,0.0399999991,20191104545150,576,0x7,0x2,20.6000004,26.139101,0.0287563372,0.120243013,3.25216788e-05,30,1.93200004,2,0.13933196435409742,58791.5451852,0.13933196435409742,18.5398731,18.5398731
172,576207200004306,103755002,2458792.0462617613,58791.5500231,18.4597492,0.0470041297,0,zr,186.3260827,18.3060686,1.00100005,-0.105999999,20191104549988,576,0x7,0x2,19.9899998,26.1439648,0.0383099951,0.11171177,5.80404994e-05,30,1.85500002,2,0.1500031295719444,58791.5500231,0.1500031295719444,18.459749199999997,18.459749199999997
173,576207200004306,103953715,2458794.0335246976,58793.5371528,18.5033569,0.0484992787,0,zr,186.3260804,18.3060329,0.888999999,0.0489999987,20191106537118,576,0x7,0x2,20.4200001,26.0834656,0.0448606685,0.104185149,7.86123928e-05,30,1.97500002,2,0.14409776339834485,58793.5371528,0.14409776339834485,18.503356899999993,18.503356899999993
174,576207200004306,103954194,2458794.038316631,58793.5419444,18.5679321,0.0508151054,0,zr,186.3260716,18.3060545,0.824000001,0.107000001,20191106541921,576,0x7,0x2,20.6700001,26.1011162,0.0365742892,0.1169836,5.3356478e-05,30,1.89499998,2,0.13577729741769165,58793.5419444,0.13577729741769165,18.5679321,18.5679321
175,576207200004306,103954674,2458794.0431202645,58793.5467477,18.5058289,0.0485856868,0,zr,186.326065,18.306057,0.620999992,-0.0140000004,20191106546713,576,0x7,0x2,20.4799995,26.1019936,0.0279040746,0.114435337,3.11394215e-05,30,1.82200003,2,0.14377005537061263,58793.5467477,0.14377005537061263,18.505828900000004,18.505828900000004
176,576207200004306,103955153,2458794.0479123,58793.5515394,18.5316315,0.0494980626,0,zr,186.3260172,18.3060782,0.952000022,-0.166999996,20191106551505,576,0x7,0x2,20.0499992,26.1118317,0.0362075567,0.115728974,5.25746946e-05,30,1.755,2,0.14039362895090166,58793.5515394,0.14039362895090166,18.531631499999996,18.531631499999996
177,576207200004306,104654005,2458801.0369344307,58800.5400579,18.5487633,0.0501147434,0,zr,186.3260269,18.3060561,0.505999982,-0.0390000008,20191113539722,576,0x7,0x2,20.4099998,26.1429749,0.0426185317,0.114525974,7.08029329e-05,30,1.66100001,1,0.13819574771602786,58800.5400579,0.13819574771602786,18.548763299999997,18.548763299999997
178,576207200004306,108052370,2458835.0235731415,58834.5237037,18.4645844,0.0471672416,0,zr,186.3258616,18.3058974,1.347,0.964999974,20191217523692,576,0x7,0x2,18.9400005,26.3396873,0.0468646772,0.103325203,0.000149752334,30,1.15999997,1,0.14933659334067634,58834.5237037,0.14933659334067634,18.4645844,18.4645844
179,576207200004306,108346214,2458837.962290533,58837.4621412,18.4009552,0.0450728945,0,zr,186.3260173,18.3060775,0.588,-0.0109999999,20191220462130,576,0x7,0x2,20.2399998,26.2875519,0.0339554809,0.116984136,4.63999131e-05,30,1.44099998,1,0.1583499461435786,58837.4621412,0.1583499461435786,18.40095519999999,18.40095519999999
180,576207200004306,108456937,2458839.069629955,58838.569375,18.5101585,0.0487374328,32768,zr,186.3260495,18.3060544,0.707000017,0.0949999988,20191221569375,576,0x7,0x2,19.5499992,25.2045288,0.0468508229,0.111410044,0.000109411296,30,1.04499996,1,0.14319788381659349,58838.569375,0.14319788381659349,18.510158499999996,18.510158499999996
181,1571214100006217,108456982,2458839.0700813867,58838.5698264,18.4476337,0.0432872958,32768,zr,186.3261217,18.3059266,0.495999992,0.0729999989,20191221569826,1571,0xe,0x1,19.2900009,25.0972939,0.0507551059,0.0859197304,0.000159722578,30,1.05900002,2,0.15168635659643626,58838.5698264,0.15168635659643626,18.447633700000004,18.447633700000004
182,1571214100006217,108457027,2458839.070532843,58838.5702778,18.3546867,0.0406520888,32768,zr,186.3260552,18.3061136,1.023,-0.0729999989,20191221570278,1571,0xe,0x1,19.2600002,25.1472912,0.0530500971,0.0959082767,0.000161488046,30,1.05900002,3,0.16524385570492542,58838.5702778,0.16524385570492542,18.354686699999995,18.354686699999995
183,576207200004306,109256702,2458847.0680397,58846.5670255,18.4609661,0.0470451266,0,zr,186.3260434,18.3060595,0.577000022,0.0649999976,20191229567026,576,0x7,0x2,21.3500004,26.3231201,0.0245097335,0.106902823,2.45934352e-05,30,1.03400004,1,0.1498350992986063,58846.5670255,0.1498350992986063,18.4609661,18.4609661
184,576207200004306,109854640,2458853.0479720654,58852.5464005,18.4709892,0.0473843291,0,zr,186.3260593,18.3060511,0.861999989,0.0340000018,20200104546389,576,0x7,0x2,21.5,26.3464565,0.0253512617,0.108488359,2.57246193e-05,30,1.03499997,1,0.1484582442369199,58852.5464005,0.1484582442369199,18.470989199999998,18.470989199999998
185,576207200004306,110154229,2458856.0441369647,58855.5422917,18.4215336,0.045738019,0,zr,186.3260521,18.3060481,0.588999987,0.0670000017,20200107542268,576,0x7,0x2,21.2900009,26.3331757,0.023554597,0.112978756,2.22090748e-05,30,1.03400004,1,0.15537693850363,58855.5422917,0.15537693850363,18.421533599999997,18.421533599999997
186,576207200004306,110546346,2458859.965656867,58859.4634606,18.4268875,0.0459129512,0,zr,186.3260513,18.3060367,0.721000016,-0.0890000015,20200111463461,576,0x7,0x2,20.7000008,26.2977924,0.0280459914,0.114831194,3.15161487e-05,30,1.13499999,2,0.15461264150306683,58859.4634606,0.15461264150306683,18.4268875,18.4268875
187,576207200004306,110548033,2458859.982533367,58859.4803356,18.4509029,0.0467074066,0,zr,186.3260459,18.3060518,0.532000005,-0.0160000008,20200111480312,576,0x7,0x2,20.7399998,26.3277493,0.0279678069,0.113517284,3.13710771e-05,30,1.09200001,2,0.15123030916467323,58859.4803356,0.15123030916467323,18.450902899999996,18.450902899999996
188,576207200004306,110548124,2458859.983447849,58859.48125,18.4252987,0.0458609462,0,zr,186.32603,18.3060328,0.671999991,-0.0480000004,20200111481238,576,0x7,0x2,20.7000008,26.2941113,0.0267850179,0.121542223,2.87186485e-05,30,1.09000003,1,0.15483905781394536,58859.48125,0.15483905781394536,18.425298700000006,18.425298700000006
189,576207200004306,110637876,2458860.881038411,58860.3787616,18.4459095,0.0465409271,0,zr,186.3260641,18.3059848,0.990999997,-0.0970000029,20200112378750,576,0x7,0x2,19.8700008,26.265686,0.0409369916,0.120112106,6.70398804e-05,30,1.63300002,2,0.15192743301248332,58860.3787616,0.15192743301248332,18.445909499999992,18.445909499999992
190,576207200004306,110639766,2458860.899940491,58860.397662,18.4874096,0.0479461737,0,zr,186.3260599,18.3060817,0.709999979,-0.0909999982,20200112397639,576,0x7,0x2,20.0100002,26.2762299,0.0348160192,0.123064399,4.80948329e-05,30,1.454,2,0.14622989225562363,58860.397662,0.14622989225562363,18.4874096,18.4874096
191,576207200004306,110837034,2458862.872797515,58862.3703472,18.5023422,0.0484638773,0,zr,186.3260207,18.3060291,0.490999997,0.0350000001,20200114370324,576,0x7,0x2,20.0200005,26.2575798,0.0324260145,0.134199068,4.14263668e-05,30,1.66600001,2,0.14423249626066126,58862.3703472,0.14423249626066126,18.502342200000008,18.502342200000008
192,576207200004306,110837574,2458862.8781914795,58862.3757407,18.5502529,0.0501687452,0,zr,186.3261023,18.3060302,0.828999996,0.00100000005,20200114375498,576,0x7,0x2,20.1100006,26.2615643,0.03860946,0.126052901,5.817493e-05,30,1.60599995,2,0.13800627698195367,58862.3757407,0.13800627698195367,18.550252899999997,18.550252899999997
193,576207200004306,111252215,2458867.0249557425,58866.5221528,18.448204,0.0466173179,0,zr,186.3260729,18.3060612,0.971000016,0.023,20200118521586,576,0x7,0x2,21.2299995,26.3223019,0.0240978431,0.114268556,2.36700762e-05,30,1.03299999,2,0.1516067018762052,58866.5221528,0.1516067018762052,18.448203999999997,18.448203999999997
194,576207200004306,111348156,2458867.9844449908,58867.4815625,18.4782677,0.0476324409,0,zr,186.3260656,18.3060477,0.912,0.0700000003,20200119481562,576,0x7,0x2,21.2099991,26.3217392,0.0223790128,0.109477907,2.00020968e-05,30,1.05400002,1,0.14746634627116015,58867.4815625,0.14746634627116015,18.478267699999996,18.478267699999996
195,576207200004306,111348246,2458867.985347866,58867.4824653,18.503418,0.0485014021,0,zr,186.3260583,18.3060478,0.563000023,0.0140000004,20200119482465,576,0x7,0x2,21.1700001,26.3219185,0.0228112154,0.112175561,2.07329886e-05,30,1.05299997,2,0.14408965449898478,58867.4824653,0.14408965449898478,18.503418000000003,18.503418000000003
196,576207200004306,111750134,2458872.0045497613,58871.5013426,18.4899025,0.0480321907,0,zr,186.3260584,18.3060642,0.680999994,-0.00499999989,20200123501343,576,0x7,0x2,20.8700008,26.3224316,0.0255406797,0.112881534,2.61631776e-05,30,1.03299999,2,0.14589452688724056,58871.5013426,0.14589452688724056,18.489902499999992,18.489902499999992
197,576207200004306,111750223,2458872.00544103,58871.5022338,18.4993134,0.0483583435,0,zr,186.3260797,18.3060432,0.68599999,0.0140000004,20200123502234,576,0x7,0x2,21.0200005,26.3278294,0.0235898793,0.112435684,2.22742274e-05,30,1.03299999,1,0.14463541298772267,58871.5022338,0.14463541298772267,18.4993134,18.4993134
198,576207200004306,111950737,2458874.010736283,58873.5073727,18.4979877,0.0483122468,0,zr,186.3260741,18.3060508,1.04400003,0.00700000022,20200125507338,576,0x7,0x2,21.25,26.3184166,0.0259542167,0.109687284,2.70010569e-05,30,1.03400004,2,0.1448121228316414,58873.5073727,0.1448121228316414,18.497987700000003,18.497987700000003
199,576207200004306,111952381,2458874.0271842475,58873.5238194,18.4711189,0.0473887436,0,zr,186.3260597,18.3060368,0.999000013,0.0480000004,20200125523785,576,0x7,0x2,21.3199997,26.3085079,0.0244450159,0.116973758,2.37163677e-05,30,1.04200006,2,0.14844051075418788,58873.5238194,0.14844051075418788,18.4711189,18.4711189
200,576207200004306,112152107,2458876.0245929733,58875.5210764,18.4323196,0.0460912623,0,zr,186.3260829,18.306069,0.620000005,0.0240000002,20200127521065,576,0x7,0x2,21.0300007,26.3066158,0.0278739966,0.116239391,3.08921335e-05,30,1.04400003,1,0.15384102329135801,58875.5210764,0.15384102329135801,18.432319599999992,18.432319599999992
201,576207200004306,112154202,2458876.0455436353,58875.5420255,18.5014343,0.0484322049,0,zr,186.3260959,18.3060523,0.577000022,0.00999999978,20200127542002,576,0x7,0x2,20.8600006,26.3046684,0.0295994487,0.109386556,3.4992001e-05,30,1.07099998,2,0.14435315489591455,58875.5420255,0.14435315489591455,18.501434299999993,18.501434299999993
202,576207200004306,112234767,2458876.851251694,58876.3476736,18.484333,0.0478403531,0,zr,186.3260398,18.3060552,0.409999996,0.0390000008,20200128347662,576,0x7,0x2,21.3899994,26.2834396,0.0269823633,0.116441771,2.88250631e-05,30,1.50800002,2,0.14664484471317354,58876.3476736,0.14664484471317354,18.484333,18.484333
203,576207200004306,112350565,2458878.0093229176,58877.5056597,18.4605198,0.0470301025,0,zr,186.3260683,18.3060628,0.635999978,0.023,20200129505590,576,0x7,0x2,21.5699997,26.3170357,0.024508873,0.111254483,2.38494085e-05,30,1.03699994,2,0.1498967027989802,58877.5056597,0.1498967027989802,18.460519800000007,18.460519800000007
204,576207200004306,112433583,2458878.8395565194,58878.3358333,18.4858055,0.0478909723,0,zr,186.3260604,18.3060762,0.684000015,0.0149999997,20200130335822,576,0x7,0x2,20.0799999,26.2686005,0.0444126911,0.111294694,7.92188366e-05,30,1.56799996,2,0.14644609646160087,58878.3358333,0.14644609646160087,18.485805500000005,18.485805500000005
205,576207200004306,112436050,2458878.8642343194,58878.3605093,18.41329,0.0454701595,0,zr,186.3260136,18.3060452,1.33800006,0.0419999994,20200130360498,576,0x7,0x2,20.3400002,26.2849979,0.0365947895,0.10695415,5.3607786e-05,30,1.36699998,1,0.15656114902071513,58878.3605093,0.15656114902071513,18.413289999999996,18.413289999999996
206,576207200004306,112552759,2458880.031400797,58879.5275926,18.4640141,0.0471479818,0,zr,186.3261108,18.3061024,0.813000023,0.00700000022,20200131527570,576,0x7,0x2,20.3999996,26.2914715,0.0335857049,0.125357419,4.55144145e-05,30,1.06500006,2,0.14941505533751154,58879.5275926,0.14941505533751154,18.464014100000007,18.464014100000007
207,576207200004306,112652032,2458881.0242018043,58880.5203241,18.476923,0.0475864932,0,zr,186.3260714,18.3060744,0.43900001,0.0240000002,20200201520312,576,0x7,0x2,21.2199993,26.3182869,0.0251069032,0.113504753,2.52163136e-05,30,1.05900002,2,0.14764909862218323,58880.5203241,0.14764909862218323,18.476922999999992,18.476922999999992
208,576207200004306,112652386,2458881.027743651,58880.5238657,18.4470787,0.0465798192,0,zr,186.3260429,18.3060453,1.78799999,0.0289999992,20200201523843,576,0x7,0x2,21.4300003,26.3292904,0.025353618,0.114167742,2.5709016e-05,30,1.06400001,2,0.15176391452260027,58880.5238657,0.15176391452260027,18.4470787,18.4470787
209,576207200004306,112731776,2458881.821698831,58881.3177662,18.3683968,0.0440439917,0,zr,186.3260685,18.3060448,0.815999985,-0.0520000011,20200202317766,576,0x7,0x2,20.9500008,26.2612801,0.0359184109,0.110073783,5.13774903e-05,30,1.67400002,2,0.16317036311374836,58881.3177662,0.16317036311374836,18.368396799999992,18.368396799999992
210,576207200004306,112733861,2458881.8425451824,58881.3386111,18.4820328,0.0477613583,0,zr,186.3260265,18.3060565,0.492000014,0.0240000002,20200202338600,576,0x7,0x2,21.25,26.2839737,0.0251721554,0.122064523,2.51428391e-05,30,1.46800005,2,0.1469558503069489,58881.3386111,0.1469558503069489,18.482032800000006,18.482032800000006
211,576207200004306,112753865,2458882.0426052124,58881.5386574,18.43647,0.0462280214,0,zr,186.3260574,18.3060563,0.338,0.0160000008,20200202538646,576,0x7,0x2,21.4500008,26.3227386,0.0263492186,0.111757331,2.80119111e-05,30,1.09599996,1,0.15325406400389166,58881.5386574,0.15325406400389166,18.436470000000007,18.436470000000007
212,576207200004306,112951921,2458884.023293686,58883.519213,18.5065041,0.0486093014,0,zr,186.3260361,18.3060716,0.953999996,-0.0170000009,20200204519213,576,0x7,0x2,20.4200001,26.2943878,0.0314874388,0.103364624,3.92886104e-05,30,1.06900001,2,0.14368067512975594,58883.519213,0.14368067512975594,18.506504099999994,18.506504099999994
213,576207200004306,112953804,2458884.042125917,58883.538044,18.4257717,0.0458764248,0,zr,186.3260542,18.3060133,0.731999993,-0.0309999995,20200204538032,576,0x7,0x2,20.4400005,26.2855492,0.0334176794,0.113323189,4.49626059e-05,30,1.10699999,2,0.15477161700915706,58883.538044,0.15477161700915706,18.425771700000006,18.425771700000006
214,576207200004306,113049629,2458885.000440801,58884.4962963,18.4319534,0.0460791886,0,zr,186.3260463,18.306075,1.204,-0.0270000007,20200205496296,576,0x7,0x2,20.2999992,26.3242874,0.0276923273,0.0983463749,3.06449765e-05,30,1.04400003,2,0.1538929199530193,58884.4962963,0.1538929199530193,18.431953400000005,18.431953400000005
215,576207200004306,113051532,2458885.0194698256,58884.5153241,18.4755116,0.0475383215,0,zr,186.3260538,18.3060349,1.03299999,-0.0350000001,20200205515324,576,0x7,0x2,20.6200008,26.2908173,0.0261171479,0.118522577,2.72680409e-05,30,1.06700003,2,0.14784115949744578,58884.5153241,0.14784115949744578,18.475511599999997,18.475511599999997
216,576207200004306,113051623,2458885.0203841855,58884.5162384,18.4244194,0.0458321832,0,zr,186.3260443,18.3060983,1.70700002,-0.0920000002,20200205516227,576,0x7,0x2,20.6100006,26.309679,0.026788488,0.10655088,2.85358237e-05,30,1.06900001,1,0.15496450737470935,58884.5162384,0.15496450737470935,18.424419399999998,18.424419399999998
217,576207200004306,113148738,2458885.99159233,58885.4873843,18.4795837,0.0476774648,0,zr,186.3260366,18.3060704,0.546000004,0.0120000001,20200206487373,576,0x7,0x2,20.6299992,26.3164158,0.0291109085,0.118077092,3.44692817e-05,30,1.03900003,2,0.14728771342582758,58885.4873843,0.14728771342582758,18.4795837,18.4795837
218,576207200004306,113150704,2458886.0112578725,58885.5070486,18.416378,0.0455702916,0,zr,186.3260456,18.3060736,0.370999992,0.0209999997,20200206507025,576,0x7,0x2,20.8299999,26.3031883,0.0264620017,0.124191776,2.85048482e-05,30,1.05900002,2,0.1561164977701695,58885.5070486,0.1561164977701695,18.416378,18.416378
219,576207200004306,113250824,2458887.0125128804,58886.5082407,18.3747139,0.0442413986,0,zr,186.3260526,18.3060413,0.564999998,-0.0140000004,20200207508241,576,0x7,0x2,20.8799992,26.3156948,0.0259993225,0.122143172,2.70171404e-05,30,1.06500006,2,0.16222375133426642,58886.5082407,0.16222375133426642,18.374713899999996,18.374713899999996
220,576207200004306,113253675,2458887.041033243,58886.5367593,18.4673939,0.0472623296,32768,zr,186.3260265,18.3060426,1.63100004,-0.0850000009,20200207536736,576,0x7,0x2,20.5900002,26.7234955,0.125852197,0.131981194,0.000781018753,30,1.125,2,0.1489506627735824,58886.5367593,0.1489506627735824,18.467393899999998,18.467393899999998
221,576207200004306,113348464,2458887.9889735226,58887.4846412,18.4022083,0.0451130569,0,zr,186.3260362,18.3060354,0.768999994,-0.0529999994,20200208484606,576,0x7,0x2,20.8199997,26.3585682,0.0362352319,0.113632932,5.23617346e-05,30,1.04100001,2,0.1581672923342209,58887.4846412,0.1581672923342209,18.402208300000005,18.402208300000005
222,576207200004306,113351591,2458888.020248618,58887.5159144,18.3831825,0.0445077159,0,zr,186.3260543,18.3060531,0.660000026,-0.00300000003,20200208515903,576,0x7,0x2,20.5900002,26.3167114,0.041078493,0.118248902,6.66636697e-05,30,1.08299994,1,0.16096334922551261,58887.5159144,0.16096334922551261,18.383182499999997,18.383182499999997
223,576207200004306,113443571,2458888.9401073297,58888.4357176,18.5321312,0.0495159663,0,zr,186.3260387,18.3060288,0.560000002,-0.122000001,20200209435579,576,0x7,0x2,20.0499992,26.3257904,0.0339661948,0.125357613,4.61401251e-05,30,1.04200006,2,0.1403290289545733,58888.4357176,0.1403290289545733,18.532131200000002,18.532131200000002
224,576207200004306,113445528,2458888.959680297,58888.4552894,18.51301,0.0488376655,0,zr,186.3260975,18.3060786,0.540000021,0.063000001,20200209455278,576,0x7,0x2,19.8999996,26.3345661,0.0363203511,0.109294251,5.28385317e-05,30,1.03299999,2,0.1428222925539325,58888.4552894,0.1428222925539325,18.51301,18.51301
225,576207200004306,113831033,2458892.814946918,58892.3103356,18.4182491,0.0456310548,0,zr,186.3259821,18.3061191,0.827000022,-0.0340000018,20200213310336,576,0x7,0x2,19.9899998,26.2689762,0.0346199758,0.110786103,4.78036818e-05,30,1.454,2,0.15584768659930154,58892.3103356,0.15584768659930154,18.418249100000004,18.418249100000004
226,576207200004306,113831688,2458892.8214982734,58892.3168866,18.3789101,0.0443731174,0,zr,186.3261139,18.3060591,0.649999976,-0.0320000015,20200213316887,576,0x7,0x2,20.1599998,26.2746277,0.0344469324,0.11540395,4.70083105e-05,30,1.40400004,1,0.16159799200981934,58892.3168866,0.16159799200981934,18.378910100000006,18.378910100000006
227,576207200004306,113832934,2458892.8339526695,58892.3293403,18.4602165,0.0470198654,0,zr,186.3260201,18.306066,0.853999972,0.00800000038,20200213329340,576,0x7,0x2,20.4500008,26.2769947,0.0310558248,0.106530346,3.84497216e-05,30,1.32299995,2,0.1499385822357002,58892.3293403,0.1499385822357002,18.460216499999994,18.460216499999994
228,576207200004306,113932291,2458893.8275826387,58893.3229167,18.3944969,0.0448665619,0,zr,186.3260456,18.3060435,1.09899998,0.0270000007,20200214322917,576,0x7,0x2,21.0900002,26.2731457,0.0279747434,0.116679862,3.13282471e-05,30,1.34500003,2,0.15929466833112935,58893.3229167,0.15929466833112935,18.3944969,18.3944969
229,576207200004306,113950446,2458894.0091432203,58893.5044676,18.4263268,0.0458945669,0,zr,186.3260638,18.3060303,0.490999997,0.0299999993,20200214504456,576,0x7,0x2,21.0100002,26.3198318,0.0245533977,0.110091865,2.39511483e-05,30,1.09300005,2,0.15469250776919405,58893.5044676,0.15469250776919405,18.42632679999999,18.42632679999999
230,576207200004306,114046506,2458894.9697952997,58894.4650694,18.399044,0.0450117178,0,zr,186.3260404,18.3060296,1.16400003,0.057,20200215465069,576,0x7,0x2,21.1499996,26.3000641,0.0251210742,0.11802195,2.55311606e-05,30,1.04100001,2,0.15862893190118502,58894.4650694,0.15862893190118502,18.399043999999996,18.399043999999996
231,576207200004306,114049167,2458894.9964054655,58894.4916782,18.3990211,0.0450109951,0,zr,186.3260543,18.3060422,1.10399997,-0.101999998,20200215491667,576,0x7,0x2,21.1599998,26.3072681,0.0239419173,0.124360241,2.32423299e-05,30,1.07299995,2,0.15863227768705288,58894.4916782,0.15863227768705288,18.39902109999999,18.39902109999999
232,576207200004306,114143453,2458895.9393123286,58895.434537,18.441618,0.0463983677,0,zr,186.32606,18.3060446,0.79400003,-0.0130000003,20200216434537,576,0x7,0x2,21.3099995,26.3109207,0.024575511,0.112801619,2.40474619e-05,30,1.03299999,2,0.15252913241411106,58895.434537,0.15252913241411106,18.441618,18.441618
233,576207200004306,114144245,2458895.947229427,58895.4424537,18.4210625,0.0457226299,0,zr,186.3260598,18.3060657,0.586000025,-0.0240000002,20200216442454,576,0x7,0x2,21.1700001,26.3032284,0.0246132147,0.115730517,2.43177838e-05,30,1.03299999,1,0.15544437105123746,58895.4424537,0.15544437105123746,18.421062499999998,18.421062499999998
234,576207200004306,114435899,2458898.8639094303,58898.3589931,18.4288235,0.0459764004,0,zr,186.3260673,18.30606,1.33000004,-0.0399999991,20200219358958,576,0x7,0x2,21.6700001,26.321743,0.0261638183,0.10844285,2.71403478e-05,30,1.12899995,2,0.15433719396785,58898.3589931,0.15433719396785,18.4288235,18.4288235
235,576207200004306,114437387,2458898.878794324,58898.3738773,18.4253769,0.0458635204,0,zr,186.3260608,18.3060492,0.91900003,-0.0270000007,20200219373877,576,0x7,0x2,21.7900009,26.3444061,0.0272099134,0.101752818,2.91992328e-05,30,1.09200001,1,0.1548279059538315,58898.3738773,0.1548279059538315,18.425376899999996,18.425376899999996
236,576207200004306,114446344,2458898.9683702546,58898.4634491,18.43256,0.046099145,0,zr,186.3260578,18.3060562,0.574000001,-0.00499999989,20200219463438,576,0x7,0x2,21.7800007,26.3474808,0.0250211731,0.111708537,2.48723572e-05,30,1.04900002,2,0.15380696410849723,58898.4634491,0.15380696410849723,18.432560000000002,18.432560000000002
237,576207200004306,114448589,2458898.9908133773,58898.4858912,18.4850578,0.0478652641,0,zr,186.3260716,18.3060372,0.640999973,-0.0430000015,20200219485833,576,0x7,0x2,21.7399998,26.3150711,0.0254573766,0.116131574,2.57036754e-05,30,1.08299994,2,0.14654698234686847,58898.4858912,0.14654698234686847,18.4850578,18.4850578
238,576207200004306,114544100,2458899.945972292,58899.4410069,18.35993,0.0437810682,0,zr,186.3260569,18.3060458,0.963999987,-0.0,20200220441007,576,0x7,0x2,21.5599995,26.3432217,0.0328785367,0.110719845,4.32341949e-05,30,1.03499997,1,0.16444777431954627,58899.4410069,0.16444777431954627,18.35993,18.35993
239,576207200004306,114544239,2458899.9473612537,58899.4423958,18.4361916,0.0462188572,0,zr,186.3260498,18.3060557,0.474000007,-0.00499999989,20200220442396,576,0x7,0x2,21.3999996,26.3075275,0.0232071225,0.11038243,2.15531418e-05,30,1.03600001,2,0.15329336581754804,58899.4423958,0.15329336581754804,18.436191599999994,18.436191599999994
240,576207200004306,114546819,2458899.9731609956,58899.4681944,18.425415,0.0458647646,0,zr,186.3260677,18.3060362,0.77700001,0.0270000007,20200220468171,576,0x7,0x2,21.5499992,26.319809,0.0230866689,0.107927024,2.12250725e-05,30,1.05799997,2,0.15482247292167103,58899.4681944,0.15482247292167103,18.425415000000008,18.425415000000008
241,576207200004306,114549435,2458899.9993196484,58899.4943519,18.4202423,0.0456959084,0,zr,186.3260599,18.3060532,0.600000024,0.0160000008,20200220494340,576,0x7,0x2,21.2900009,26.292696,0.0236928798,0.119504996,2.24652194e-05,30,1.10699999,2,0.15556184308707077,58899.4943519,0.15556184308707077,18.420242300000005,18.420242300000005
242,576207200004306,114641503,2458900.920042767,58900.4150347,18.5001869,0.0483887568,0,zr,186.3260725,18.306047,0.495000005,0.00200000009,20200221415035,576,0x7,0x2,21.0799999,26.124382,0.025429206,0.10525234,2.56233416e-05,30,1.03499997,2,0.14451909723351433,58900.4150347,0.14451909723351433,18.500186899999996,18.500186899999996
243,576207200004306,114643752,2458900.942532136,58900.4375231,18.4683475,0.0472946502,0,zr,186.3260595,18.3060415,0.358999997,0.0430000015,20200221437523,576,0x7,0x2,21.3999996,26.3113365,0.0245393347,0.108455732,2.38825342e-05,30,1.03499997,1,0.14881989712976074,58900.4375231,0.14881989712976074,18.4683475,18.4683475
244,576207200004306,114738380,2458901.8888570108,58901.3838079,18.4248505,0.0458462834,0,zr,186.3260622,18.3060481,0.421000004,-0.0329999998,20200222383808,576,0x7,0x2,21.3099995,26.2932587,0.0266375747,0.115782984,2.83435038e-05,30,1.05999994,2,0.15490298972628802,58901.3838079,0.15490298972628802,18.424850499999998,18.424850499999998
245,576207200004306,114739855,2458901.9036029284,58901.3985532,18.4321423,0.0460854173,0,zr,186.3260493,18.3060544,0.637000024,-0.0390000008,20200222398553,576,0x7,0x2,21.4500008,26.3125629,0.0258171894,0.113001339,2.67122196e-05,30,1.04400003,2,0.15386614747944982,58901.3985532,0.15386614747944982,18.432142300000002,18.432142300000002
246,576207200004306,114741890,2458901.923951077,58901.4189005,18.4199524,0.0456864759,0,zr,186.326058,18.3060523,0.433999985,0.0250000004,20200222418900,576,0x7,0x2,21.4599991,26.3121929,0.0267495178,0.114658929,2.8685412e-05,30,1.03299999,1,0.15560338485322592,58901.4189005,0.15560338485322592,18.419952399999993,18.419952399999993
247,576207200004306,114741980,2458901.9248538134,58901.4198032,18.4638481,0.0471423864,0,zr,186.3260642,18.3060501,1.02699995,-0.00200000009,20200222419803,576,0x7,0x2,21.4599991,26.3251133,0.0259538908,0.110726409,2.71453519e-05,30,1.03299999,2,0.14943790139832502,58901.4198032,0.14943790139832502,18.4638481,18.4638481
248,576207200004306,114744162,2458901.9466719194,58901.4416204,18.4562759,0.0468873903,0,zr,186.3260687,18.3060507,0.518000007,-0.00899999961,20200222441562,576,0x7,0x2,21.1000004,26.2985821,0.026616564,0.108184129,2.84357502e-05,30,1.03799999,2,0.15048376208016045,58901.4416204,0.15048376208016045,18.4562759,18.4562759
249,576207200004306,114746150,2458901.966556942,58901.4615046,18.4416714,0.0464001149,0,zr,186.3260361,18.3060654,0.911000013,-0.00300000003,20200222461493,576,0x7,0x2,21.1700001,26.2929974,0.0238754991,0.109741472,2.28023036e-05,30,1.05700004,2,0.15252163072508282,58901.4615046,0.15252163072508282,18.441671399999997,18.441671399999997
250,576207200004306,114937836,2458903.8834972847,58903.3783681,18.4170952,0.0455935523,0,zr,186.3260674,18.3060421,0.82099998,-0.050999999,20200224378368,576,0x7,0x2,21.5400009,26.3166409,0.0243835654,0.109432794,2.37591084e-05,30,1.05999994,2,0.15601340663333765,58903.3783681,0.15601340663333765,18.4170952,18.4170952
251,576207200004306,114941627,2458903.921403755,58903.4162731,18.3370781,0.0430807956,0,zr,186.3260366,18.30604,0.855000019,0.0759999976,20200224416273,576,0x7,0x2,21.6299992,26.3145466,0.0235177539,0.108494297,2.21406153e-05,30,1.03299999,2,0.16794565017043175,58903.4162731,0.16794565017043175,18.337078100000006,18.337078100000006
252,576207200004306,114943608,2458903.941219417,58903.436088,18.4381466,0.0462834425,0,zr,186.3260444,18.3060397,0.510999978,0.00999999978,20200224436076,576,0x7,0x2,21.6200008,26.3296432,0.0249648895,0.109877966,2.46025138e-05,30,1.03799999,2,0.15301759083839397,58903.436088,0.15301759083839397,18.438146600000003,18.438146600000003
253,576207200004306,114944258,2458903.947712665,58903.442581,18.3950615,0.044884529,0,zr,186.3260632,18.3060519,0.921000004,0.0710000023,20200224442546,576,0x7,0x2,21.5100002,26.3094654,0.0242945235,0.112411916,2.34611653e-05,30,1.04200006,2,0.15921185411818503,58903.442581,0.15921185411818503,18.395061500000004,18.395061500000004
254,576207200004306,114947453,2458903.9796698857,58903.474537,18.3967209,0.0449374691,0,zr,186.3260599,18.3060471,0.750999987,-0.0299999993,20200224474537,576,0x7,0x2,21.6100006,26.309248,0.0251662135,0.112608813,2.53676026e-05,30,1.08700001,2,0.15896870632735383,58903.474537,0.15896870632735383,18.3967209,18.3967209
255,576207200004306,114948186,2458903.986996564,58903.4818634,18.4314728,0.0460633896,0,zr,186.3260587,18.3060469,0.331,0.0189999994,20200224481806,576,0x7,0x2,21.5,26.3159161,0.0231063664,0.109389253,2.12536615e-05,30,1.10300004,2,0.1539610555726909,58903.4818634,0.1539610555726909,18.4314728,18.4314728
256,576207200004306,115047055,2458904.9757260685,58904.4705556,18.4504967,0.0466938652,0,zr,186.3260054,18.306053,0.948000014,0.00899999961,20200225470556,576,0x7,0x2,20.8199997,26.3070068,0.0324733034,0.109568872,4.25211074e-05,30,1.08500004,1,0.15128689864185899,58904.4705556,0.15128689864185899,18.450496699999995,18.450496699999995
257,576207200004306,115047238,2458904.9775548344,58904.4723843,18.4200039,0.0456881486,0,zr,186.3260295,18.3060539,1.28999996,0.0340000018,20200225472373,576,0x7,0x2,20.9699993,26.2924786,0.0246753544,0.117166102,2.43537397e-05,30,1.08800006,2,0.155596004253561,58904.4723843,0.155596004253561,18.420003900000005,18.420003900000005
258,576207200004306,115048255,2458904.9877288053,58904.4825579,18.4443703,0.0464897007,0,zr,186.3260404,18.3060402,0.883000016,0.0419999994,20200225482350,576,0x7,0x2,21.0,26.2867775,0.0282418597,0.123371661,3.21989501e-05,30,1.11199999,2,0.15214296652722453,58904.4825579,0.15214296652722453,18.444370299999996,18.444370299999996
259,576207200004306,115244409,2458906.9493376357,58906.4440972,18.4472466,0.046585422,0,zr,186.3260364,18.3060269,0.68599999,-0.00700000022,20200227444086,576,0x7,0x2,20.9899998,26.2825165,0.0279406197,0.116683424,3.10853138e-05,30,1.05200005,2,0.15174044732033412,58906.4440972,0.15174044732033412,18.447246599999993,18.447246599999993
260,576207200004306,115244592,2458906.9511663965,58906.4459259,18.443737,0.0464686714,0,zr,186.3260472,18.3060627,1.06700003,0.0869999975,20200227445914,576,0x7,0x2,20.9099998,26.186018,0.0284845848,0.11759875,3.2684693e-05,30,1.05400002,1,0.15223173601506565,58906.4459259,0.15223173601506565,18.44373699999999,18.44373699999999
261,576207200004306,115247601,2458906.981260004,58906.4760185,18.4583473,0.0469569638,0,zr,186.3260501,18.3060598,0.819000006,0.0320000015,20200227476019,576,0x7,0x2,20.8500004,26.1948185,0.0309468061,0.11798659,3.88067456e-05,30,1.10899997,2,0.1501969383511413,58906.4760185,0.1501969383511413,18.458347300000007,18.458347300000007
262,576207200004306,115444965,2458908.9549581357,58908.4496528,18.4323044,0.0460907556,0,zr,186.3260414,18.3060465,0.187999994,0.0170000009,20200229449641,576,0x7,0x2,21.5699997,26.3246136,0.0236234237,0.111250989,2.22475901e-05,30,1.06700003,1,0.15384317703727743,58908.4496528,0.15384317703727743,18.4323044,18.4323044
263,576207200004306,115445057,2458908.9558840636,58908.4505787,18.4448071,0.0465042479,0,zr,186.3260568,18.3060455,0.610000014,0.0350000001,20200229450556,576,0x7,0x2,21.4500008,26.3231068,0.023110887,0.106892198,2.11743954e-05,30,1.06799996,2,0.1520817705558706,58908.4505787,0.1520817705558706,18.4448071,18.4448071
264,576207200004306,115447606,2458908.981370936,58908.4760648,18.4856834,0.0478867479,32768,zr,186.3260619,18.306026,1.01499999,0.125,20200229476019,576,0x7,0x2,21.0200005,25.9360409,0.0457040407,0.112057626,8.32456135e-05,30,1.12300003,2,0.14646256646027647,58908.4760648,0.14646256646027647,18.485683399999992,18.485683399999992
265,576207200004306,115723552,2458911.7409057296,58911.2355208,18.6708031,0.0547664948,0,zr,186.32616,18.3063585,0.957000017,0.0689999983,20200303235509,576,0x7,0x2,19.3500004,26.171711,0.0530282147,0.132073343,0.000135108712,30,1.67900002,2,0.12350335628657469,58911.2355208,0.12350335628657469,18.670803099999993,18.670803099999993
266,576207200004306,115744636,2458911.951756249,58911.4463657,18.4499569,0.0466758311,0,zr,186.3260577,18.3060865,0.787,0.0480000004,20200303446366,576,0x7,0x2,20.8700008,26.2828064,0.0285951141,0.110981666,3.27562557e-05,30,1.07500005,1,0.15136213328142895,58911.4463657,0.15136213328142895,18.449956899999997,18.449956899999997
267,576207200004306,115744726,2458911.9526590724,58911.4472685,18.458498,0.0469620526,0,zr,186.3260628,18.3060863,0.708000004,-0.0120000001,20200303447269,576,0x7,0x2,20.75,26.2813511,0.0263765436,0.112856276,2.82211822e-05,30,1.07700002,2,0.15017609248845684,58911.4472685,0.15017609248845684,18.458498,18.458498
268,576207200004306,115841878,2458912.9241998577,58912.4187847,18.4050503,0.0452043191,0,zr,186.3260553,18.3060287,0.363999993,0.0199999996,20200304418750,576,0x7,0x2,21.2900009,26.2892838,0.0231822021,0.118802927,2.16290082e-05,30,1.04299998,2,0.15775381837983848,58912.4187847,0.15775381837983848,18.405050299999992,18.405050299999992
269,576207200004306,115844668,2458912.9521056325,58912.4466898,18.4657707,0.047207348,0,zr,186.3260462,18.3060453,0.67900002,0.00800000038,20200304446690,576,0x7,0x2,21.4200001,26.2918854,0.0224008542,0.106135219,2.02490137e-05,30,1.08099997,1,0.14917351390046044,58912.4466898,0.14917351390046044,18.4657707,18.4657707
270,576207200004306,115844759,2458912.953008454,58912.4475926,18.4236965,0.0458085798,0,zr,186.326064,18.3060527,0.720000029,-0.0140000004,20200304447593,576,0x7,0x2,21.4599991,26.2857456,0.0254672244,0.11417599,2.62559024e-05,30,1.08299994,2,0.15506771950282525,58912.4475926,0.15506771950282525,18.4236965,18.4236965
271,576207200004306,115942701,2458913.9324529734,58913.4270139,18.4072685,0.0452757142,0,zr,186.3260509,18.3060433,1.12899995,-0.064000003,20200305427002,576,0x7,0x2,20.8899994,26.0511532,0.039292749,0.112017192,6.11758151e-05,30,1.05400002,2,0.15743185038972354,58913.4270139,0.15743185038972354,18.407268500000008,18.407268500000008
272,576207200004306,115944442,2458913.949860766,58913.4444213,18.4382534,0.0462869443,0,zr,186.3260396,18.3060459,0.609000027,0.0109999999,20200305444387,576,0x7,0x2,21.2700005,26.1770878,0.0283811856,0.112561174,3.22295236e-05,30,1.08200002,2,0.1530025397837373,58913.4444213,0.1530025397837373,18.4382534,18.4382534
273,576207200004306,115944533,2458913.950775086,58913.4453356,18.447073,0.046579659,0,zr,186.3260615,18.3060456,0.907999992,-0.0500000007,20200305445324,576,0x7,0x2,21.1100006,26.1559238,0.0285705421,0.116572402,3.24277535e-05,30,1.08299994,1,0.15176471126915791,58913.4453356,0.15176471126915791,18.447072999999996,18.447072999999996
274,576207200004306,116037033,2458914.8757955898,58914.3703356,18.4519062,0.0467409678,0,zr,186.3260576,18.3060427,0.476000011,0.184,20200306370336,576,0x7,0x2,21.1800003,26.2633915,0.02752259,0.11609748,3.03371507e-05,30,1.03799999,2,0.15109062579999366,58914.3703356,0.15109062579999366,18.451906200000003,18.451906200000003
275,576207200004306,116037787,2458914.8833305524,58914.3778704,18.3814983,0.0444546342,0,zr,186.3260357,18.3060495,0.492000014,0.0140000004,20200306377870,576,0x7,0x2,21.0499992,26.2707157,0.0310652684,0.112210423,3.87656692e-05,30,1.03499997,1,0.16121323022050926,58914.3778704,0.16121323022050926,18.381498299999997,18.381498299999997
276,576207200004306,116037877,2458914.884233272,58914.3787731,18.4101181,0.0453676358,0,zr,186.3260312,18.3060487,0.79400003,0.0540000014,20200306378773,576,0x7,0x2,20.8299999,26.2213535,0.032374952,0.112860091,4.19766511e-05,30,1.03400004,2,0.1570191998791538,58914.3787731,0.1570191998791538,18.4101181,18.4101181
277,576207200004306,116139420,2458915.8996824804,58915.3942014,18.3853416,0.0445759557,0,zr,186.3260567,18.3060282,0.808000028,-0.0350000001,20200307394190,576,0x7,0x2,20.9099998,26.3158951,0.0494391546,0.109363288,9.65913059e-05,30,1.03400004,2,0.1606435748282649,58915.3942014,0.1606435748282649,18.385341599999997,18.385341599999997
278,576207200004306,116140274,2458915.908224349,58915.4027431,18.3316154,0.0429154336,0,zr,186.3260418,18.3060293,0.393000007,0.0280000009,20200307402743,576,0x7,0x2,20.3799992,26.1399212,0.0354198664,0.109208509,5.04142045e-05,30,1.03799999,2,0.1687927698845536,58915.4027431,0.1687927698845536,18.331615399999997,18.331615399999997
279,576207200004306,116140365,2458915.9091386665,58915.4036574,18.3351669,0.0430228524,0,zr,186.3260302,18.3060533,0.73299998,-0.0839999989,20200307403646,576,0x7,0x2,20.2000008,26.1434765,0.0362043567,0.111282125,5.21115289e-05,30,1.03799999,1,0.16824154193162774,58915.4036574,0.16824154193162774,18.335166899999997,18.335166899999997
280,576207200004306,118241288,2458936.918421355,58936.4128819,18.3703785,0.0441058278,0,zr,186.326044,18.3060517,0.950999975,-0.0780000016,20200328412859,576,0x7,0x2,21.4099998,26.2610893,0.0265252665,0.110604405,2.80431286e-05,30,1.16400003,1,0.16287281404889092,58936.4128819,0.16287281404889092,18.370378500000008,18.370378500000008
281,576207200004306,118241379,2458936.9193357415,58936.4137963,18.3888512,0.0446870849,0,zr,186.3260465,18.3060491,0.981000006,0.0149999997,20200328413785,576,0x7,0x2,21.4599991,26.2485905,0.0248778686,0.115596801,2.44584462e-05,30,1.16700006,2,0.16012513909166678,58936.4137963,0.16012513909166678,18.388851199999998,18.388851199999998
282,576207200004306,118243462,2458936.940168729,58936.4346296,18.3624058,0.0438577645,0,zr,186.3260563,18.3060481,1.01499999,-0.0649999976,20200328434630,576,0x7,0x2,21.4300003,26.2502251,0.0250831619,0.109477125,2.51091169e-05,30,1.25199997,2,0.16407321192504193,58936.4346296,0.16407321192504193,18.362405799999998,18.362405799999998
283,576207200004306,118535991,2458939.865409515,58939.359919,18.6496449,0.0539266579,32768,zr,186.326108,18.3060353,0.720000029,0.158999994,20200331359907,576,0x7,0x2,19.4200001,24.7342091,0.0537899621,0.117558278,0.000154630194,30,1.05900002,1,0.12593372222548804,58939.359919,0.12593372222548804,18.64964489999999,18.64964489999999
284,576207200004306,118737276,2458941.8782153786,58941.3727662,18.3442307,0.043298509,0,zr,186.3260455,18.3060322,0.894999981,0.0260000005,20200402372766,576,0x7,0x2,21.0100002,26.2906322,0.0252605677,0.118588068,2.56787589e-05,30,1.09099996,2,0.16684289616546574,58941.3727662,0.16684289616546574,18.344230700000004,18.344230700000004
285,576207200004306,120024861,2458954.753650031,58954.2486111,18.3785458,0.0443616882,0,zr,186.3260494,18.3060368,0.911000013,0.00300000003,20200415248600,576,0x7,0x2,21.5499992,26.2624493,0.0250236262,0.117730394,2.50599423e-05,30,1.04900002,2,0.16165222251789932,58954.2486111,0.16165222251789932,18.378545800000005,18.378545800000005
286,576207200004306,120025879,2458954.763834811,58954.2587963,18.3684044,0.044044245,0,zr,186.3260436,18.30605,0.395999998,0.064000003,20200415258785,576,0x7,0x2,21.3899994,26.2679424,0.0233533345,0.113973528,2.16564349e-05,30,1.03999996,1,0.16316922094826178,58954.2587963,0.16316922094826178,18.368404399999996,18.368404399999996
287,576207200004306,120025969,2458954.764737574,58954.2596991,18.3268242,0.042771019,0,zr,186.3260547,18.3060579,0.711000025,0.0460000001,20200415259699,576,0x7,0x2,21.4500008,26.2543354,0.0238979664,0.116646416,2.28532372e-05,30,1.03900003,2,0.16953927435438385,58954.2596991,0.16953927435438385,18.326824199999997,18.326824199999997
288,576207200004306,120123500,2458955.7399974493,58955.235,18.2892151,0.0416577905,0,zr,186.3260524,18.3060344,1.24800003,0.0939999968,20200416235000,576,0x7,0x2,21.6399994,26.2845345,0.0294314474,0.113331258,3.47524146e-05,30,1.06200004,2,0.1755148874870936,58955.235,0.1755148874870936,18.2892151,18.2892151
289,576207200004306,120126685,2458955.771847992,58955.2668519,18.3706551,0.044114463,0,zr,186.326068,18.3060501,0.933000028,0.023,20200416266852,576,0x7,0x2,21.5499992,26.3361187,0.0264637638,0.108592719,2.78902007e-05,30,1.03400004,2,0.1628313261790468,58955.2668519,0.1628313261790468,18.3706551,18.3706551
290,576207200004306,120126775,2458955.7727506533,58955.2677546,18.3423424,0.0432409048,0,zr,186.3260573,18.3060484,0.495000005,-0.0390000008,20200416267755,576,0x7,0x2,21.6200008,26.3007717,0.0282135028,0.109932885,3.15311008e-05,30,1.03400004,1,0.16713331990148664,58955.2677546,0.16713331990148664,18.3423424,18.3423424
291,576207200004306,120128119,2458955.786187579,58955.2811921,18.3702259,0.0441010706,0,zr,186.3260503,18.306021,0.939999998,-0.0680000037,20200416281181,576,0x7,0x2,21.1000004,26.2815056,0.0262539331,0.119977325,2.72280122e-05,30,1.03299999,1,0.16289570739815698,58955.2811921,0.16289570739815698,18.3702259,18.3702259
292,1571214100006217,120128210,2458955.7871019384,58955.2821065,18.369976,0.0410715491,0,zr,186.3260396,18.3060474,0.740999997,0.0890000015,20200416282095,1571,0xe,0x1,21.1299992,26.1881332,0.0275716428,0.102084532,2.90283242e-05,30,1.05400002,2,0.162933204832824,58955.2821065,0.162933204832824,18.369976,18.369976
293,1571214100006217,120128255,2458955.787553319,58955.2825579,18.3262177,0.0398854613,0,zr,186.3260417,18.3060497,1.079,-0.0410000011,20200416282558,1571,0xe,0x1,21.25,26.2023201,0.0262774918,0.100754932,2.65609651e-05,30,1.05400002,3,0.1696340066607604,58955.2825579,0.1696340066607604,18.326217699999994,18.326217699999994
294,1571214100006217,120226579,2458956.7707512323,58956.2657986,18.3478317,0.0404658094,0,zr,186.3260219,18.3060497,0.88499999,0.101999998,20200417265799,1571,0xe,0x1,21.4300003,26.1828594,0.0260227472,0.10268718,2.63230522e-05,30,1.05200005,2,0.16629045437970172,58956.2657986,0.16629045437970172,18.347831699999993,18.347831699999993
295,576207200004306,120828031,2458962.784974353,58962.2803125,18.2879601,0.0416212529,0,zr,186.3260631,18.3060635,0.896000028,0.0209999997,20200423280289,576,0x7,0x2,21.4099998,26.2759666,0.0237331223,0.122851312,2.24969426e-05,30,1.04100001,1,0.17571788204265404,58962.2803125,0.17571788204265404,18.2879601,18.2879601
296,576207200004306,121026945,2458964.7740110657,58964.269456,18.2950974,0.0418295264,0,zr,186.3260578,18.3060494,0.453000009,-0.0340000018,20200425269433,576,0x7,0x2,21.7399998,26.2947388,0.0269415807,0.11538405,2.90006101e-05,30,1.03799999,1,0.17456655444828317,58964.269456,0.17456655444828317,18.295097399999996,18.295097399999996
297,1571214100006217,121026990,2458964.7744624405,58964.2699074,18.337328,0.0401824452,0,zr,186.3260431,18.3060419,0.833000004,-0.0590000004,20200425269896,1571,0xe,0x1,21.5799999,26.1854076,0.0288248528,0.100117579,3.22855594e-05,30,1.06200004,2,0.16790699917199753,58964.2699074,0.16790699917199753,18.337328000000007,18.337328000000007
298,1571214100006217,121027035,2458964.7749138153,58964.2703588,18.3075752,0.0393934026,0,zr,186.3260554,18.3060564,0.823000014,-0.111000001,20200425270347,1571,0xe,0x1,21.5699997,26.1836548,0.027430132,0.101161331,2.95102764e-05,30,1.06200004,3,0.17257183615605162,58964.2703588,0.17257183615605162,18.307575199999995,18.307575199999995
299,576207200004306,121128668,2458965.7911882875,58965.2866898,18.4229622,0.0457846038,0,zr,186.3260498,18.3060478,0.731999993,-0.0430000015,20200426286690,576,0x7,0x2,21.6700001,26.3273602,0.0314457901,0.11310605,3.9629409e-05,30,1.05700004,1,0.1551726296452241,58965.2866898,0.1551726296452241,18.422962199999994,18.422962199999994
300,576207200004306,121420083,2458968.705162585,58968.2008333,18.32938,0.0428479873,0,zr,186.3260438,18.3060348,0.555000007,-0.0379999988,20200429200833,576,0x7,0x2,21.7600002,26.3551483,0.0238687024,0.10788101,2.24767391e-05,30,1.05999994,1,0.16914065185661925,58968.2008333,0.16914065185661925,18.329380000000008,18.329380000000008
301,576207200004306,121721251,2458971.7166553163,58971.2125116,18.3824425,0.0444843955,0,zr,186.3260373,18.306053,0.751999974,-0.0209999997,20200502212512,576,0x7,0x2,20.9699993,26.3385811,0.0274669025,0.114529409,3.11404692e-05,30,1.03999996,1,0.16107309363554828,58971.2125116,0.16107309363554828,18.382442500000003,18.382442500000003
302,576207200004306,122025291,2458974.756862596,58974.2529167,18.267355,0.0410270952,0,zr,186.3260458,18.3060767,0.558000028,0.0710000023,20200505252905,576,0x7,0x2,20.3099995,26.3017826,0.037004713,0.117478579,5.60793414e-05,30,1.046,1,0.1790845005300376,58974.2529167,0.1790845005300376,18.267355000000002,18.267355000000002
303,576207200004306,122428821,2458978.7918856316,58978.2882176,18.3110924,0.0423009731,0,zr,186.326052,18.3060331,0.524999976,0.00100000005,20200509288160,576,0x7,0x2,20.7800007,26.2151356,0.0293722153,0.118719488,3.49977599e-05,30,1.13199997,1,0.17201370095436477,58978.2882176,0.17201370095436477,18.3110924,18.3110924
304,576207200004306,122625306,2458980.7565938747,58980.2530671,18.318264,0.0425144657,0,zr,186.3260628,18.306041,0.574999988,0.00800000038,20200511253067,576,0x7,0x2,21.7900009,26.3099403,0.026482461,0.108997546,2.83189311e-05,30,1.06700003,1,0.17088124518649933,58980.2530671,0.17088124518649933,18.318263999999992,18.318263999999992
305,576207200004306,123722672,2458991.72939827,58991.2267245,18.2853584,0.041545663,0,zr,186.3260496,18.3060337,0.996999979,0.0170000009,20200522226725,576,0x7,0x2,21.8099995,26.3461208,0.0297932569,0.116640992,3.54460353e-05,30,1.07299995,1,0.17613945165737285,58991.2267245,0.17613945165737285,18.2853584,18.2853584
306,576207200004306,124020835,2458994.7107822536,58994.2083565,18.347271,0.0433914699,0,zr,186.3260537,18.3060526,0.476999998,-0.0209999997,20200525208356,576,0x7,0x2,21.5,26.301981,0.0244028829,0.117881909,2.4018138e-05,30,1.05799997,1,0.16637635290361522,58994.2083565,0.16637635290361522,18.347271,18.347271
307,576207200004306,126022906,2459014.7297087563,59014.2290625,18.2241192,0.0398143157,0,zr,186.3260552,18.3060574,0.213,-0.00999999978,20200614229062,576,0x7,0x2,21.3500004,26.3402138,0.027566703,0.115180634,3.07330702e-05,30,1.28999996,1,0.18635983617618665,59014.2290625,0.18635983617618665,18.224119199999997,18.224119199999997
308,576207200004306,126323619,2459017.736561314,59017.2361921,18.3018837,0.0420287587,0,zr,186.3260557,18.3060534,1.33700001,-0.0209999997,20200617236192,576,0x7,0x2,21.5499992,26.3312092,0.0242450852,0.109662995,2.33711271e-05,30,1.38399994,1,0.1734788441974499,59017.2361921,0.1734788441974499,18.301883699999998,18.301883699999998
309,576207200004306,126623732,2459020.7374185757,59020.2373264,18.2437286,0.0403587446,0,zr,186.3260579,18.3060623,0.462000012,-0.0450000018,20200620237326,576,0x7,0x2,21.4699993,26.2772331,0.0264505148,0.122501321,2.7908196e-05,30,1.454,1,0.18302421802639,59020.2373264,0.18302421802639,18.243728600000004,18.243728600000004
310,576207200004306,127821533,2459032.7143314076,59032.2153356,18.2707977,0.0411256328,0,zr,186.3260511,18.3060716,0.462000012,0.0560000017,20200702215336,576,0x7,0x2,20.4300003,26.2438278,0.0304191969,0.120958336,3.66544082e-05,30,1.54799998,1,0.17851755086701085,59032.2153356,0.17851755086701085,18.270797699999996,18.270797699999996
311,576207200004306,128620561,2459040.70390187,59040.2056134,18.2473984,0.0404616445,0,zr,186.3260393,18.3060483,0.59799999,0.0430000015,20200710205579,576,0x7,0x2,21.2600002,26.2962093,0.0248941127,0.117051668,2.42440292e-05,30,1.67799997,1,0.18240663850997474,59040.2056134,0.18240663850997474,18.2473984,18.2473984
312,576207200004306,130816368,2459062.6602347777,59062.1636806,18.2429008,0.0403355882,0,zr,186.3260312,18.3060061,0.612999976,0.0729999989,20200801163565,576,0x7,0x2,19.8799992,26.2251511,0.0355380476,0.123296872,5.22408591e-05,30,1.93400002,2,0.18316381475233812,59062.1636806,0.18316381475233812,18.242900799999994,18.242900799999994
313,576207200004306,130816863,2459062.665188128,59062.1686343,18.2198219,0.0396962725,0,zr,186.3260387,18.3060716,0.50999999,-0.0179999992,20200801168530,576,0x7,0x2,20.2399998,26.2122116,0.0373500697,0.137535274,5.64638758e-05,30,2.02099991,2,0.18709890250538905,59062.1686343,0.18709890250538905,18.219821899999992,18.219821899999992
314,576207200004306,130817358,2459062.670141481,59062.173588,18.2219582,0.0397549085,0,zr,186.3260699,18.3060851,0.558000028,0.0610000007,20200801173484,576,0x7,0x2,20.1299992,26.2363853,0.0431026444,0.115783297,7.49420651e-05,30,2.11800003,2,0.1867311277031926,59062.173588,0.1867311277031926,18.221958199999996,18.221958199999996
315,576207200004306,130817853,2459062.675083229,59062.1785301,18.1805038,0.0386362784,0,zr,186.3260162,18.3060272,0.462000012,0.00100000005,20200801178426,576,0x7,0x2,20.1700001,26.1999149,0.0424543656,0.103548147,7.23787598e-05,30,2.22600007,2,0.19399854825669857,59062.1785301,0.19399854825669857,18.180503800000004,18.180503800000004
316,576207200004306,131016004,2459064.6564639844,59064.1600463,18.3121719,0.0423330069,0,zr,186.3260265,18.3060353,0.528999984,-0.0299999993,20200803160000,576,0x7,0x2,19.6599998,26.1474438,0.045133993,0.117643759,8.77643106e-05,30,1.96500003,2,0.1718427602517945,59064.1600463,0.1718427602517945,18.312171900000003,18.312171900000003
317,576207200004306,131016493,2459064.6613479573,59064.1649306,18.1925201,0.0389563702,0,zr,186.3261306,18.3060563,0.611999989,0.0390000008,20200803164884,576,0x7,0x2,19.2299995,26.1248245,0.0500338078,0.139985263,0.000127434861,30,2.0539999,2,0.19186332210988125,59064.1649306,0.19186332210988125,18.192520100000003,18.192520100000003
318,576207200004306,131016981,2459064.6662318204,59064.1698148,18.1297112,0.0373199545,0,zr,186.3260863,18.3060247,0.77700001,-0.0529999994,20200803169769,576,0x7,0x2,19.4400005,26.1190529,0.0525746271,0.122204684,0.000130308545,30,2.15300012,2,0.20328976788914613,59064.1698148,0.20328976788914613,18.129711199999996,18.129711199999996
319,576207200004306,131017468,2459064.6711041844,59064.1746875,18.2882881,0.0416307896,0,zr,186.3260603,18.3060544,0.512000024,0.0109999999,20200803174641,576,0x7,0x2,19.2600002,26.0967636,0.047267735,0.128250957,0.000112062604,30,2.26300001,2,0.17566480583489713,59064.1746875,0.17566480583489713,18.288288099999995,18.288288099999995
320,576207200004306,131017957,2459064.675988151,59064.1795718,18.2195511,0.0396888219,0,zr,186.3260767,18.3060467,0.637000024,0.0900000036,20200803179525,576,0x7,0x2,19.3700008,26.0500183,0.045363307,0.114904478,9.86000159e-05,30,2.38700008,2,0.1871455737885285,59064.1795718,0.1871455737885285,18.219551099999997,18.219551099999997
321,576207200004306,131215763,2459066.6539242305,59066.1576389,18.2593498,0.0407991186,0,zr,186.3260443,18.30604,0.643000007,0.125,20200805157593,576,0x7,0x2,19.7199993,26.2160168,0.0462427698,0.123934753,8.9646499e-05,30,2.01900005,2,0.18040978128202373,59066.1576389,0.18040978128202373,18.259349800000003,18.259349800000003
322,576207200004306,131216240,2459066.658692414,59066.1624074,18.2848091,0.0415297188,0,zr,186.3260419,18.3060631,0.638999999,0.0599999987,20200805162361,576,0x7,0x2,20.1399994,26.1975002,0.0352775902,0.119886145,5.04055824e-05,30,2.11299992,2,0.17622858737876917,59066.1624074,0.17622858737876917,18.284809099999997,18.284809099999997
323,576207200004306,131216718,2459066.663472197,59066.1671875,18.1956215,0.0390395448,0,zr,186.3260367,18.3060259,0.611999989,-0.00300000003,20200805167141,576,0x7,0x2,20.3099995,26.2032452,0.0333092436,0.120875038,4.46319864e-05,30,2.21600008,2,0.1913160475123893,59066.1671875,0.1913160475123893,18.19562150000001,18.19562150000001
324,576207200004306,131217195,2459066.668240381,59066.171956,18.2073116,0.0393550321,0,zr,186.3260426,18.3060116,0.912,0.074000001,20200805171910,576,0x7,0x2,20.1100006,26.1809425,0.0383386128,0.122274168,5.95045021e-05,30,2.33100009,2,0.18926720119231324,59066.171956,0.18926720119231324,18.207311600000004,18.207311600000004
325,576207200004306,131217673,2459066.6730201617,59066.1767361,18.3175735,0.0424938574,0,zr,186.32602,18.3060522,0.587000012,0.0109999999,20200805176690,576,0x7,0x2,19.9699993,26.1812286,0.0435366184,0.119249694,7.69051476e-05,30,2.46000004,2,0.17098995578087411,59066.1767361,0.17098995578087411,18.3175735,18.3175735
326,576207200004306,131415657,2459068.652731357,59068.1565741,18.172184,0.0384166315,0,zr,186.3260506,18.3060701,0.66900003,0.0970000029,20200807156528,576,0x7,0x2,19.6900005,26.2381401,0.0379217006,0.13197124,5.76890234e-05,30,2.10500002,2,0.19549083427159564,59068.1565741,0.19549083427159564,18.17218400000001,18.17218400000001
327,576207200004306,131416134,2459068.6574995504,59068.1613426,18.2765598,0.0412912294,0,zr,186.3260333,18.3060309,0.501999974,-0.00100000005,20200807161296,576,0x7,0x2,20.0400009,26.238575,0.0366563238,0.121058621,5.2827887e-05,30,2.20700002,2,0.17757265166810562,59068.1613426,0.17757265166810562,18.276559799999994,18.276559799999994
328,576207200004306,131416612,2459068.6622793423,59068.1661227,18.2106628,0.0394460633,0,zr,186.3260097,18.3060308,0.268999994,0.0140000004,20200807166076,576,0x7,0x2,20.0900002,26.2275734,0.0343397185,0.136929467,4.70040432e-05,30,2.3210001,2,0.1886839155050676,59068.1661227,0.1886839155050676,18.2106628,18.2106628
329,576207200004306,131417090,2459068.66705914,59068.1709028,18.2914505,0.0417229496,0,zr,186.3260676,18.3060444,0.550000012,0.00499999989,20200807170856,576,0x7,0x2,20.4099998,26.2273788,0.0339579806,0.117589481,4.68319849e-05,30,2.44899988,2,0.17515389523291988,59068.1709028,0.17515389523291988,18.291450500000003,18.291450500000003
330,576207200004306,131417567,2459068.671827333,59068.1756713,18.2484283,0.04049059,0,zr,186.326049,18.3060146,0.852999985,0.0359999985,20200807175625,576,0x7,0x2,19.9699993,26.1972904,0.0385493264,0.128616109,6.01816573e-05,30,2.5940001,2,0.182233694543843,59068.1756713,0.182233694543843,18.248428299999993,18.248428299999993
331,576207200004306,131616870,2459070.6647365885,59070.1687037,18.1677132,0.0382992662,0,zr,186.3260593,18.3060489,0.505999982,0.057,20200809168657,576,0x7,0x2,20.8799992,26.2235298,0.0309376493,0.128432333,3.79631856e-05,30,2.546,2,0.19629747805120412,59070.1687037,0.19629747805120412,18.1677132,18.1677132
332,576207200004306,131617348,2459070.669516392,59070.1734838,18.1834736,0.0387150645,0,zr,186.3260458,18.3060456,0.61500001,0.0659999996,20200809173437,576,0x7,0x2,20.7700005,26.1903057,0.029258132,0.124836616,3.49010334e-05,30,2.70300007,2,0.19346863163957972,59070.1734838,0.19346863163957972,18.183473600000006,18.183473600000006
333,576207200004306,131815269,2459072.64861172,59072.1526968,18.3158684,0.0424429849,0,zr,186.3260506,18.3060932,0.356999993,-0.0419999994,20200811152616,576,0x7,0x2,19.8199997,26.202446,0.0407532789,0.128554597,6.90360248e-05,30,2.25999999,2,0.17125869880447442,59072.1526968,0.17125869880447442,18.315868399999992,18.315868399999992
334,576207200004306,131815760,2459072.6535188295,59072.1576042,18.2287827,0.0399429463,0,zr,186.3260651,18.3060633,0.907000005,0.00899999961,20200811157535,576,0x7,0x2,20.2099991,26.1884594,0.0427694246,0.112498783,7.35620924e-05,30,2.38400006,2,0.18556109216491898,59072.1576042,0.18556109216491898,18.228782700000004,18.228782700000004
335,576207200004306,131816252,2459072.6584374383,59072.1625231,18.199728,0.0391500145,0,zr,186.3260848,18.3060653,0.989000022,0.155000001,20200811162454,576,0x7,0x2,20.2299995,26.1633892,0.035016682,0.132654354,4.92521795e-05,30,2.52399993,2,0.19059381361788175,59072.1625231,0.19059381361788175,18.199728,18.199728
336,576207200004306,131816745,2459072.6633677413,59072.1674537,18.192627,0.0389592424,0,zr,186.3260293,18.3060558,1.03299999,-0.075000003,20200811167373,576,0x7,0x2,20.1299992,26.1312752,0.0392128862,0.132441893,6.23870437e-05,30,2.68300009,2,0.19184443245751917,59072.1674537,0.19184443245751917,18.19262700000001,18.19262700000001
337,576207200004306,131817182,2459072.66774248,59072.1718287,18.1994267,0.0391418859,0,zr,186.3260099,18.3060348,0.75,0.0340000018,20200811171806,576,0x7,0x2,20.0,26.0991249,0.0452759489,0.149424523,8.21087961e-05,30,2.8440001,2,0.19064671218071036,59072.1718287,0.19064671218071036,18.199426699999997,18.199426699999997
338,576207200004306,139752719,2459152.023107338,59151.5271991,18.1784096,0.0385808311,0,zr,186.3259909,18.3060893,0.537999988,-0.00999999978,20201029527199,576,0x7,0x2,20.1399994,26.2350903,0.0441512167,0.129821867,7.81697527e-05,30,2.71700001,2,0.1943730994823892,59151.5271991,0.1943730994823892,18.178409600000002,18.178409600000002
339,576207200004306,139753193,2459152.027841421,59151.5319329,18.2025204,0.0392253436,0,zr,186.3260762,18.3060927,1.45799994,-0.0790000036,20201029531921,576,0x7,0x2,19.9599991,26.2531757,0.0536091812,0.125397086,0.000115793358,30,2.55900002,2,0.19010425607196652,59151.5319329,0.19010425607196652,18.202520400000004,18.202520400000004
340,576207200004306,139753665,2459152.0325639057,59151.5366551,18.1717072,0.0384040885,0,zr,186.3259726,18.3059873,1.38699996,0.0680000037,20201029536655,576,0x7,0x2,19.5699997,26.2573433,0.0527560152,0.134635717,0.00011980714,30,2.421,2,0.1955767027347776,59151.5366551,0.1955767027347776,18.171707200000007,18.171707200000007
341,576207200004306,139754137,2459152.037286388,59151.5413773,18.3541222,0.0436018035,0,zr,186.3261061,18.3060324,0.481000006,0.0359999985,20201029541377,576,0x7,0x2,19.5300007,26.2749157,0.0485504381,0.123828009,0.000104805426,30,2.29699993,2,0.16532979224238453,59151.5413773,0.16532979224238453,18.3541222,18.3541222
342,576207200004306,139754609,2459152.042008882,59151.5460995,18.0934048,0.0364145413,0,zr,186.3259964,18.3061108,0.790000021,-0.0379999988,20201029546100,576,0x7,0x2,18.9599991,26.2839756,0.048568882,0.125481367,0.00014065014,30,2.18700004,2,0.21020259829520302,59151.5460995,0.21020259829520302,18.093404799999995,18.093404799999995
343,576207200004306,139953040,2459154.0264346683,59153.5304051,18.1085548,0.0367888324,0,zr,186.3260645,18.306049,0.85799998,0.0219999999,20201031530405,576,0x7,0x2,19.75,26.2696972,0.0387204178,0.119164616,6.11731084e-05,30,2.44300008,2,0.20728987039266167,59153.5304051,0.20728987039266167,18.1085548,18.1085548
344,576207200004306,139953513,2459154.031168766,59153.5351389,18.324852,0.0427117236,0,zr,186.3260312,18.3059982,0.874000013,-0.0299999993,20201031535139,576,0x7,0x2,19.8899994,26.2641582,0.0430252701,0.128980428,7.44719073e-05,30,2.31699991,2,0.16984751609908902,59153.5351389,0.16984751609908902,18.324852,18.324852
345,576207200004306,139953987,2459154.0359028657,59153.5398727,18.2543716,0.0406581275,0,zr,186.3260511,18.3060546,0.888999999,-0.119999997,20201031539873,576,0x7,0x2,19.8799992,26.2946396,0.0357673503,0.114321284,5.14810454e-05,30,2.204,2,0.1812388759476741,59153.5398727,0.1812388759476741,18.254371600000006,18.254371600000006
346,576207200004306,139954460,2459154.040636967,59153.5446065,18.2031517,0.0392424092,0,zr,186.3260229,18.3060896,0.629999995,-0.0109999999,20201031544606,576,0x7,0x2,19.6900005,26.2913647,0.0413898751,0.120896712,7.1103852e-05,30,2.10299993,2,0.18999375231199356,59153.5446065,0.18999375231199356,18.2031517,18.2031517
347,576207200004306,140153032,2459156.026479794,59155.5303241,18.1892357,0.0388685502,0,zr,186.3260602,18.3060386,0.693000019,0.0480000004,20201102530324,576,0x7,0x2,20.5,26.2603035,0.0325083099,0.114834689,4.2806394e-05,30,2.30100012,2,0.1924445958842078,59155.5303241,0.1924445958842078,18.189235700000005,18.189235700000005
348,576207200004306,140153505,2459156.0312139047,59155.5350579,18.1722488,0.0384183228,0,zr,186.3260366,18.3060334,0.38499999,-0.0170000009,20201102535058,576,0x7,0x2,20.4799995,26.2683163,0.0284135193,0.120124467,3.27540947e-05,30,2.19000006,2,0.1954791671392074,59155.5350579,0.1954791671392074,18.1722488,18.1722488
349,576207200004306,140153978,2459156.0359364143,59155.5397801,18.2316265,0.0400216579,0,zr,186.3260473,18.3060507,0.488999993,-0.0549999997,20201102539780,576,0x7,0x2,20.6100006,26.249754,0.0294092782,0.126852885,3.50971895e-05,30,2.08999991,2,0.18507569971804577,59155.5397801,0.18507569971804577,18.231626499999997,18.231626499999997
350,576207200004306,140154451,2459156.0406705244,59155.5445139,18.274147,0.04122179,0,zr,186.3260604,18.3060734,0.790000021,-0.0199999996,20201102544514,576,0x7,0x2,20.3600006,26.3223057,0.0369667411,0.119658262,5.54724211e-05,30,2.0,2,0.17796770500416478,59155.5445139,0.17796770500416478,18.274146999999992,18.274146999999992
351,576207200004306,140154924,2459156.045404633,59155.5492477,18.2362938,0.040151231,0,zr,186.3260666,18.3060561,0.465999991,0.00999999978,20201102549236,576,0x7,0x2,20.2000008,26.280426,0.0347658135,0.115907095,4.91744868e-05,30,1.91799998,2,0.18428181458082613,59155.5492477,0.18428181458082613,18.23629379999999,18.23629379999999
352,576207200004306,140353092,2459158.027212621,59157.5309259,18.2380142,0.0401991233,0,zr,186.3260602,18.3060456,0.638999999,-0.0280000009,20201104530926,576,0x7,0x2,20.3899994,26.2488785,0.0328973681,0.123116285,4.35599432e-05,30,2.16100001,2,0.18399004261642823,59157.5309259,0.18399004261642823,18.238014200000002,18.238014200000002
353,576207200004306,140353560,2459158.031888937,59157.5356019,18.2408981,0.0402796008,0,zr,186.3260755,18.3060339,0.555000007,-0.0489999987,20201104535602,576,0x7,0x2,20.0499992,26.2437363,0.0409282111,0.124591939,6.79212681e-05,30,2.06500006,2,0.18350198224653402,59157.5356019,0.18350198224653402,18.240898100000003,18.240898100000003
354,576207200004306,140354027,2459158.0365651553,59157.5402778,18.1705971,0.0383749194,0,zr,186.3260615,18.306043,0.349000007,0.0399999991,20201104540266,576,0x7,0x2,20.2600002,26.2653866,0.0352986678,0.121941753,5.02859693e-05,30,1.97800004,2,0.1957767704173328,59157.5402778,0.1957767704173328,18.170597100000002,18.170597100000002
355,576207200004306,140354495,2459158.0412413743,59157.5449537,18.1980438,0.0391046554,0,zr,186.3260427,18.3060602,0.589999974,0.0439999998,20201104544954,576,0x7,0x2,20.2700005,26.2718639,0.0363450199,0.114358172,5.37780361e-05,30,1.89900005,2,0.1908896932203888,59157.5449537,0.1908896932203888,18.1980438,18.1980438
356,576207200004306,140354962,2459158.0459175915,59157.5496296,18.2254486,0.0398509577,0,zr,186.3260052,18.3060335,1.00399995,0.057,20201104549630,576,0x7,0x2,19.9099998,26.2872906,0.0413216949,0.10894879,6.98090007e-05,30,1.82799995,2,0.18613179261124208,59157.5496296,0.18613179261124208,18.2254486,18.2254486
357,576207200004306,141655582,2459171.0530700735,59170.5558218,18.287178,0.04159851,0,zr,186.3260442,18.3060437,1.14999998,0.0450000018,20201117555822,576,0x7,0x2,20.6499996,26.3551407,0.0266738664,0.113236465,2.91152301e-05,30,1.398,1,0.17584450438854704,59170.5558218,0.17584450438854704,18.287178000000004,18.287178000000004
358,576207200004306,142150261,2459176.0002718233,59175.5026157,18.3631439,0.0438806564,32768,zr,186.3259756,18.3060732,0.367000014,-0.111000001,20201122502604,576,0x7,0x2,19.4400005,24.7374458,0.0668521449,0.103808463,0.000242676528,30,1.79700005,1,0.1639617103624352,59175.5026157,0.1639617103624352,18.363143900000004,18.363143900000004
359,576207200004306,142655947,2459181.057571682,59180.5594792,18.2055759,0.0393079817,0,zr,186.3260721,18.3060801,0.736999989,0.0109999999,20201127559468,576,0x7,0x2,19.9799995,26.3483372,0.037312746,0.121479049,5.37885899e-05,30,1.22300005,1,0.1895700130585166,59180.5594792,0.1895700130585166,18.205575900000007,18.205575900000007
360,576207200004306,143051094,2459185.0093939467,59184.5109491,18.2053967,0.0393031389,0,zr,186.3260283,18.3060451,0.629999995,-0.0489999987,20201201510949,576,0x7,0x2,20.6499996,26.3248253,0.0309204403,0.115889043,3.89529414e-05,30,1.44799995,1,0.1896013040385799,59184.5109491,0.1896013040385799,18.2053967,18.2053967
361,576207200004306,143451258,2459189.0113911955,59188.512581,18.1830902,0.0387049019,0,zr,186.3260543,18.3060734,0.423999995,-0.0439999998,20201205512581,576,0x7,0x2,20.5900002,26.3456192,0.0310375895,0.119850487,3.91853246e-05,30,1.35800004,1,0.19353696220758101,59188.512581,0.19353696220758101,18.183090200000002,18.183090200000002
362,576207200004306,143953513,2459194.0344171477,59193.5351389,18.2328396,0.040055301,0,zr,186.3260502,18.3060351,0.532000005,0.023,20201210535127,576,0x7,0x2,21.2999992,26.3495235,0.0240461379,0.115659565,2.35014977e-05,30,1.17900002,1,0.18486902893481374,59193.5351389,0.18486902893481374,18.2328396,18.2328396
363,576207200004306,144150769,2459196.0071610254,59195.5076968,18.219593,0.0396899953,0,zr,186.3260645,18.3060496,0.745000005,-0.0450000018,20201212507697,576,0x7,0x2,20.8899994,26.1883545,0.0261884127,0.111407988,2.78095995e-05,30,1.27499998,1,0.18713835173200605,59195.5076968,0.18713835173200605,18.219592999999996,18.219592999999996
364,576207200004306,144448706,2459198.9868069324,59198.4870602,18.2341404,0.0400913954,0,zr,186.3260542,18.3060501,0.623000026,-0.0299999993,20201215487060,576,0x7,0x2,20.7900009,26.3439732,0.0271397736,0.116585337,2.9577106e-05,30,1.34599996,1,0.1846476734771552,59198.4870602,0.1846476734771552,18.234140399999994,18.234140399999994
365,576207200004306,144550847,2459200.0083161155,59199.5084722,18.2876663,0.041612722,0,zr,186.3260541,18.3060162,0.856000006,-0.0179999992,20201216508472,576,0x7,0x2,20.8299999,26.3535137,0.026245581,0.109827414,2.78407988e-05,30,1.22000003,2,0.17576543770039788,59199.5084722,0.17576543770039788,18.287666300000005,18.287666300000005
366,576207200004306,144654314,2459201.0430905703,59200.5431481,18.2659168,0.0409860313,0,zr,186.3260622,18.3060412,0.558000028,-0.00700000022,20201217543125,576,0x7,0x2,21.1700001,26.0676441,0.0269341506,0.104875572,2.96875041e-05,30,1.09899998,1,0.17932187862283044,59200.5431481,0.17932187862283044,18.265916800000007,18.265916800000007
367,576207200004306,144854023,2459203.040364327,59202.5402315,18.2680893,0.0410480909,0,zr,186.3260462,18.3060514,1.35699999,-0.0540000014,20201219540231,576,0x7,0x2,20.7299995,26.3599072,0.0277866777,0.120828547,3.15990183e-05,30,1.09300005,2,0.17896342389110334,59202.5402315,0.17896342389110334,18.268089300000007,18.268089300000007
368,576207200004306,144949723,2459203.9974578386,59203.4972338,18.2422905,0.0403185152,0,zr,186.3260988,18.306055,0.774999976,-0.00700000022,20201220497234,576,0x7,0x2,20.7000008,26.3608608,0.0319457762,0.101735465,4.25941471e-05,30,1.22099996,1,0.1832668013701491,59203.4972338,0.1832668013701491,18.242290500000003,18.242290500000003
369,576207200004306,144949817,2459203.9983954336,59203.4981713,18.2317619,0.0400254205,0,zr,186.32605,18.3060645,1.03999996,-0.0149999997,20201220498171,576,0x7,0x2,20.5499992,26.3373241,0.0297547765,0.130712748,3.67589018e-05,30,1.21700001,2,0.1850526207351833,59203.4981713,0.1850526207351833,18.231761900000002,18.231761900000002
370,576207200004306,145050707,2459205.007392104,59204.5070718,18.2136002,0.0395260789,0,zr,186.3260444,18.3060451,0.776000023,0.0329999998,20201221507072,576,0x7,0x2,21.4599991,26.3831615,0.0258814376,0.108922951,2.7437829e-05,30,1.17200005,2,0.18817413138491332,59204.5070718,0.18817413138491332,18.213600199999995,18.213600199999995
371,576207200004306,146147863,2459215.9799905247,59215.4786343,18.296772,0.0418785848,0,zr,186.3260519,18.3060856,0.68900001,-0.0280000009,20210101478634,576,0x7,0x2,20.0599995,26.3379078,0.0346235521,0.112147778,4.821107e-05,30,1.16600001,1,0.17429751687936365,59215.4786343,0.17429751687936365,18.296771999999997,18.296771999999997
372,576207200004306,146340958,2459217.9111183113,59217.4095833,18.2650452,0.0409611724,0,zr,186.3260434,18.3060586,0.423999995,0.0280000009,20210103409583,576,0x7,0x2,20.4899998,26.3090649,0.031203201,0.114578441,3.92269576e-05,30,1.546,1,0.179465891230149,59217.4095833,0.179465891230149,18.265045199999996,18.265045199999996
373,576207200004306,146744899,2459221.950897027,59221.4489931,18.3091888,0.0422445238,0,zr,186.3260627,18.3060641,0.834999979,0.0829999968,20210107448993,576,0x7,0x2,20.6000004,26.0817413,0.0298627391,0.115413249,3.69287263e-05,30,1.21700001,1,0.17231555374257385,59221.4489931,0.17231555374257385,18.30918880000001,18.30918880000001
374,576207200004306,146948304,2459223.985130543,59223.483044,18.2688236,0.0410690941,0,zr,186.32604,18.3060552,0.596000016,-0.0160000008,20210109483032,576,0x7,0x2,21.0100002,26.3623714,0.0253370404,0.11568559,2.63441743e-05,30,1.09300005,1,0.17884242911046902,59223.483044,0.17884242911046902,18.268823599999997,18.268823599999997
375,576207200004306,147150673,2459226.009001894,59225.5067361,18.3243389,0.0426963344,0,zr,186.3260089,18.3060767,0.611999989,0.125,20210111506736,576,0x7,0x2,19.2099991,25.8608856,0.048799213,0.123308942,0.000125773251,30,1.04700005,1,0.16992780204319166,59225.5067361,0.16992780204319166,18.324338900000008,18.324338900000008
376,576207200004306,147338037,2459227.882799691,59227.3803704,18.2621975,0.0408800431,0,zr,186.3260413,18.3060416,0.930000007,-0.00600000005,20210113380370,576,0x7,0x2,21.3299999,26.1910896,0.0266109314,0.109436765,2.87146704e-05,30,1.56400001,1,0.1799372173409773,59227.3803704,0.1799372173409773,18.262197500000006,18.262197500000006
377,576207200004306,147550633,2459230.008942963,59229.506331,18.2956467,0.041845616,0,zr,186.3260668,18.306054,1.10599995,0.0149999997,20210115506331,576,0x7,0x2,20.6200008,26.3661022,0.026277367,0.119668432,2.8201599e-05,30,1.03799999,1,0.17447825937655922,59229.506331,0.17447825937655922,18.2956467,18.2956467
378,576207200004306,149443918,2459248.943248054,59248.4391898,18.3110847,0.0423007235,0,zr,186.3260542,18.3060358,0.550000012,-0.00800000038,20210203439190,576,0x7,0x2,21.2999992,26.3637962,0.0251936503,0.112802006,2.63071634e-05,30,1.05299997,1,0.17201492087333572,59248.4391898,0.17201492087333572,18.311084700000002,18.311084700000002
379,576207200004306,149640302,2459250.9072070443,59250.4030208,18.3515587,0.0435229391,0,zr,186.3260402,18.3060432,0.898999989,-0.00200000009,20210205402951,576,0x7,0x2,20.7800007,26.3564911,0.0293519404,0.118870571,3.50444097e-05,30,1.10800004,1,0.16572060877085523,59250.4030208,0.16572060877085523,18.35155869999999,18.35155869999999
380,576207200004306,149833190,2459252.8362169927,59252.3319097,18.3418884,0.0432270579,0,zr,186.3260443,18.3060525,0.533999979,-0.0379999988,20210207331910,576,0x7,0x2,21.5799999,26.3493443,0.0233509969,0.114723481,2.26230986e-05,30,1.398,1,0.16720322122134404,59252.3319097,0.16720322122134404,18.341888399999995,18.341888399999995
381,576207200004306,150042465,2459254.9290861646,59254.4246528,18.2752571,0.0412537158,32768,zr,186.3260685,18.3060433,1.20799994,-0.108999997,20210209424653,576,0x7,0x2,20.8299999,25.5627861,0.0325798243,0.104144983,4.30313557e-05,30,1.04999995,1,0.1777858367149205,59254.4246528,0.1777858367149205,18.275257099999997,18.275257099999997
382,576207200004306,150242113,2459256.9256825163,59256.4211343,18.2986488,0.0419336334,0,zr,186.3260704,18.3060353,0.785000026,-0.00800000038,20210211421134,576,0x7,0x2,21.7199993,26.3731842,0.0242558643,0.107284345,2.42163751e-05,30,1.04799998,1,0.17399648702473897,59256.4211343,0.17399648702473897,18.298648800000002,18.298648800000002
383,576207200004306,150640091,2459260.905675337,59260.4009144,18.3469543,0.0433817692,0,zr,186.3260571,18.3060626,0.995000005,0.074000001,20210215400914,576,0x7,0x2,21.0499992,26.166029,0.0265988372,0.109290525,2.86277427e-05,30,1.05999994,1,0.16642489054682424,59260.4009144,0.16642489054682424,18.3469543,18.3469543
384,576207200004306,151137446,2459265.8794627544,59265.3744676,18.3325996,0.0429451466,0,zr,186.3260594,18.306051,0.296999991,-0.023,20210220374468,576,0x7,0x2,21.5799999,26.3892193,0.0253497511,0.122092098,2.61006899e-05,30,1.08099997,1,0.168639831655985,59265.3744676,0.168639831655985,18.3325996,18.3325996
385,576207200004306,151341914,2459267.924224427,59267.4191435,18.3469734,0.0433823541,0,zr,186.3260769,18.3060779,1.25,0.100000001,20210222419144,576,0x7,0x2,20.8500004,26.3845997,0.0327503048,0.114444949,4.3293061e-05,30,1.03199995,1,0.16642196286748925,59267.4191435,0.16642196286748925,18.346973400000003,18.346973400000003
386,1571214100006217,151534795,2459269.853107474,59269.3479514,18.372076,0.0411295965,0,zr,186.3260491,18.3060465,0.833000004,-0.0820000023,20210224347940,1571,0xe,0x1,20.5499992,26.274828,0.0272081811,0.0917366147,2.80361764e-05,30,1.12399995,2,0.1626183686469346,59269.3479514,0.1626183686469346,18.372076,18.372076
387,1571214100006217,151534841,2459269.853570491,59269.3484144,18.3860188,0.0415175334,0,zr,186.3260586,18.3060444,0.772000015,-0.0240000002,20210224348414,1571,0xe,0x1,20.7299995,26.2777863,0.0272784401,0.0959144905,2.78729985e-05,30,1.12300003,3,0.16054340877628373,59269.3484144,0.16054340877628373,18.386018799999995,18.386018799999995
388,576207200004306,151537298,2459269.878143124,59269.3729861,18.3841114,0.0445370749,0,zr,186.3260273,18.3060396,0.523999989,0.0590000004,20210224372975,576,0x7,0x2,21.2399998,26.3579063,0.0277367253,0.10620486,3.14460558e-05,30,1.06400001,1,0.16082569616359918,59269.3729861,0.16082569616359918,18.384111400000002,18.384111400000002
389,576207200004306,152138376,2459275.8891161783,59275.3837616,18.3536205,0.0435863547,0,zr,186.3260482,18.306029,0.800999999,0.064000003,20210302383750,576,0x7,0x2,20.5499992,26.3810902,0.0295995995,0.12129242,3.57828685e-05,30,1.03699994,1,0.16540620594518368,59275.3837616,0.16540620594518368,18.353620499999998,18.353620499999998
390,576207200004306,152234189,2459276.847278978,59276.3418981,18.3095932,0.0422565006,0,zr,186.3260516,18.3060375,0.912,0.0790000036,20210303341782,576,0x7,0x2,20.3999996,26.3611221,0.0332838036,0.121047489,4.49054751e-05,30,1.08599997,2,0.17225138398043852,59276.3418981,0.17225138398043852,18.309593200000002,18.309593200000002
391,576207200004306,152239935,2459276.9047343205,59276.3993519,18.3362579,0.0430559106,0,zr,186.3260359,18.3060551,0.497000009,-0.00999999978,20210303399352,576,0x7,0x2,20.8600006,26.3439636,0.0251613893,0.119037658,2.5876685e-05,30,1.03199995,2,0.1680725696420207,59276.3993519,0.1680725696420207,18.3362579,18.3362579
392,576207200004306,152440509,2459278.9105252284,59278.4050926,18.3652191,0.0439451076,0,zr,186.326022,18.3060519,1.39699996,0.0199999996,20210305405093,576,0x7,0x2,20.6100006,26.3607368,0.0293347929,0.117787115,3.58288053e-05,30,1.03499997,2,0.16364862475403355,59278.4050926,0.16364862475403355,18.365219099999997,18.365219099999997
393,576207200004306,152442358,2459278.929021057,59278.423588,18.383749,0.0445256308,0,zr,186.3260379,18.3060504,0.649999976,0.0439999998,20210305423588,576,0x7,0x2,20.9099998,26.3563614,0.0261487328,0.120422229,2.82317651e-05,30,1.04900002,1,0.16087938596420168,59278.423588,0.16087938596420168,18.383749,18.383749
394,576207200004306,152444241,2459278.947852491,59278.442419,18.3933258,0.0448292345,0,zr,186.3260532,18.306059,1.27100003,-0.057,20210305442361,576,0x7,0x2,20.9899998,26.3679199,0.0267612226,0.113969229,2.98568666e-05,30,1.07599998,2,0.15946657991517207,59278.442419,0.15946657991517207,18.393325800000007,18.393325800000007
395,576207200004306,152628358,2459280.78906181,59280.283588,18.3348351,0.0430128165,0,zr,186.3260615,18.3060548,1.06599998,-0.00400000019,20210307283588,576,0x7,0x2,21.7299995,26.3922749,0.0260089226,0.116919182,2.73430815e-05,30,1.23599994,2,0.16829296425124507,59280.283588,0.16829296425124507,18.3348351,18.3348351
396,576207200004306,152724209,2459281.7475875295,59281.2420949,18.3336926,0.0429782085,0,zr,186.3260743,18.3060642,1.329,0.00100000005,20210308242095,576,0x7,0x2,20.6900005,26.2662373,0.0282591488,0.122302078,3.24791072e-05,30,1.48099995,2,0.16847014901293766,59281.2420949,0.16847014901293766,18.3336926,18.3336926
397,576207200004306,152728923,2459281.7947296584,59281.2892361,18.3445663,0.0433087759,0,zr,186.3260409,18.3060616,0.874000013,-0.0140000004,20210308289236,576,0x7,0x2,21.4300003,26.3302422,0.0235444773,0.112180583,2.27364471e-05,30,1.20000005,2,0.16679133315873484,59281.2892361,0.16679133315873484,18.344566300000004,18.344566300000004
398,576207200004306,152729160,2459281.797102404,59281.2916088,18.3127136,0.0423491225,0,zr,186.3260739,18.3060462,0.771000028,-0.00300000003,20210308291586,576,0x7,0x2,21.3299999,26.348299,0.0221154038,0.114624716,2.0037869e-05,30,1.19099998,1,0.17175704513522225,59281.2916088,0.17175704513522225,18.312713600000002,18.312713600000002
399,576207200004306,153635452,2459290.860122896,59290.3545255,18.3551025,0.0436319821,0,zr,186.3260567,18.306037,0.44600001,0.00800000038,20210317354525,576,0x7,0x2,21.7600002,26.3773651,0.0276224017,0.114396907,3.09488569e-05,30,1.03299999,2,0.1651805850503276,59290.3545255,0.1651805850503276,18.355102500000008,18.355102500000008
400,576207200004306,153635892,2459290.8645210126,59290.3589236,18.3365593,0.0430650599,0,zr,186.3260492,18.3060686,0.524999976,-0.0329999998,20210317358924,576,0x7,0x2,21.7900009,26.3606339,0.0293121822,0.115014665,3.52373791e-05,30,1.03199995,2,0.16802591922940174,59290.3589236,0.16802591922940174,18.336559299999998,18.336559299999998
401,576207200004306,153735135,2459291.856954817,59291.3513542,18.3569775,0.0436898172,0,zr,186.326058,18.3060473,0.735000014,0.107000001,20210318351354,576,0x7,0x2,21.6599998,26.3560028,0.0221245717,0.110119879,1.97979953e-05,30,1.03299999,2,0.16489557445450226,59291.3513542,0.16489557445450226,18.356977499999992,18.356977499999992
402,576207200004306,153735229,2459291.8578923196,59291.3522917,18.3387375,0.0431311876,0,zr,186.3260653,18.3060501,0.888000011,-0.00100000005,20210318352292,576,0x7,0x2,21.4799995,26.3617382,0.0239039473,0.11016012,2.31453632e-05,30,1.03199995,1,0.16768916415659438,59291.3522917,0.16768916415659438,18.3387375,18.3387375
403,576207200004306,153835351,2459292.85912072,59292.3535185,18.3828602,0.0444975607,0,zr,186.3260463,18.3060651,0.949000001,-0.00499999989,20210319353519,576,0x7,0x2,21.7000008,26.3397732,0.027075164,0.114196025,2.96912021e-05,30,1.03199995,2,0.1610111381709625,59292.3535185,0.1610111381709625,18.382860200000003,18.382860200000003
404,576207200004306,153837987,2459292.8854749366,59292.3798727,18.3641586,0.0439121425,0,zr,186.3260559,18.3060654,0.282000005,-0.00800000038,20210319379861,576,0x7,0x2,21.6800003,26.3578568,0.0307446606,0.108542651,3.85618077e-05,30,1.04400003,2,0.1638085477179512,59292.3798727,0.1638085477179512,18.364158600000003,18.364158600000003
405,576207200004306,153925476,2459293.76037073,59293.2547685,18.3742409,0.0442266092,0,zr,186.3260542,18.3060514,0.43900001,0.0199999996,20210320254769,576,0x7,0x2,21.4899998,26.3448792,0.0236841403,0.113556169,2.32645398e-05,30,1.20700002,1,0.16229443936193697,59293.2547685,0.16229443936193697,18.374240899999997,18.374240899999997
406,576207200004306,153925570,2459293.76130823,59293.255706,18.3463154,0.0433622189,0,zr,186.3260431,18.3060593,0.972000003,0.00100000005,20210320255706,576,0x7,0x2,21.4699993,26.346859,0.021396637,0.108831562,1.91442996e-05,30,1.20299995,2,0.1665228518681645,59293.255706,0.1665228518681645,18.3463154,18.3463154
407,576207200004306,154027380,2459294.7794085993,59294.2738079,18.3794937,0.0443914942,0,zr,186.3260405,18.3060363,0.832000017,-0.00600000005,20210321273785,576,0x7,0x2,20.7000008,26.2842808,0.0276984368,0.105328791,3.15918223e-05,30,1.13199997,2,0.1615111539306416,59294.2738079,0.1615111539306416,18.379493700000005,18.379493700000005
408,576207200004306,154123872,2459295.74432456,59295.2387269,18.3767033,0.0443037935,0,zr,186.3260554,18.3060468,1.12699997,0.0439999998,20210322238727,576,0x7,0x2,20.7900009,26.2637119,0.025705466,0.12559095,2.73526966e-05,30,1.255,2,0.16192678007921024,59295.2387269,0.16192678007921024,18.376703299999996,18.376703299999996
409,576207200004306,154137966,2459295.8852615273,59295.3796644,18.4209023,0.0457174256,0,zr,186.3260673,18.3060617,0.492000014,0.0529999994,20210322379664,576,0x7,0x2,21.1200008,26.3028259,0.0227519125,0.114759296,2.09795708e-05,30,1.05200005,2,0.15546730850637377,59295.3796644,0.15546730850637377,18.4209023,18.4209023
410,576207200004306,154234903,2459296.8546317606,59296.3490394,18.3528728,0.0435633548,0,zr,186.3260458,18.3060528,0.916999996,-0.0729999989,20210323349039,576,0x7,0x2,20.6700001,26.2968178,0.0254488569,0.113022484,2.60039269e-05,30,1.03299999,2,0.16552015334234024,59296.3490394,0.16552015334234024,18.352872799999993,18.352872799999993
411,576207200004306,154235822,2459296.863821508,59296.3582292,18.418087,0.0456257835,0,zr,186.326046,18.3060243,0.693000019,-0.00700000022,20210323358218,576,0x7,0x2,20.7000008,26.2958755,0.0257047564,0.106748335,2.70261789e-05,30,1.03600001,1,0.15587095633632642,59296.3582292,0.15587095633632642,18.418087000000007,18.418087000000007
412,576207200004306,154323006,2459297.735656062,59297.2300694,18.366663,0.0439900085,0,zr,186.3260674,18.3060808,1.53699994,-0.0540000014,20210324229838,576,0x7,0x2,20.2800007,26.2328415,0.0316126719,0.118481778,4.04216989e-05,30,1.27100003,2,0.16343113619872618,59297.2300694,0.16343113619872618,18.366662999999996,18.366662999999996
413,576207200004306,154427722,2459298.782800547,59298.2772222,18.1881199,0.0388387702,32768,zr,186.3259497,18.3060743,0.662999988,-0.144999996,20210325277199,576,0x7,0x2,18.5499992,25.2930622,0.0499584638,0.0790819749,0.000296996237,30,1.09500003,2,0.19264247088800981,59298.2772222,0.19264247088800981,18.188119899999997,18.188119899999997
414,576207200004306,154437995,2459298.885531139,59298.3799537,18.3852386,0.0445726737,0,zr,186.326061,18.3060224,0.690999985,0.0120000001,20210325379942,576,0x7,0x2,19.7700005,26.01824,0.0401542112,0.124480195,6.86004059e-05,30,1.06299996,1,0.16065881524578365,59298.3799537,0.16065881524578365,18.3852386,18.3852386
415,576207200004306,154824833,2459302.753864046,59302.2483333,18.4650364,0.0471825153,0,zr,186.3260538,18.3060697,0.307999998,0.0160000008,20210329248333,576,0x7,0x2,19.8199997,26.3515148,0.044289194,0.126952842,8.07673132e-05,30,1.14199996,2,0.1492744363531515,59302.2483333,0.1492744363531515,18.465036399999995,18.465036399999995
416,576207200004306,154825650,2459302.762035228,59302.2565046,18.361475,0.0438289121,0,zr,186.3260781,18.3060495,0.495000005,0.00999999978,20210329256505,576,0x7,0x2,19.9200001,26.3507671,0.0377387181,0.125802025,6.07471047e-05,30,1.11899996,1,0.16421393195144582,59302.2565046,0.16421393195144582,18.361475000000006,18.361475000000006
417,576207200004306,155027760,2459304.7831009836,59304.2776042,18.3113976,0.0423100293,0,zr,186.3260589,18.3060551,0.513999999,-0.0199999996,20210331277558,576,0x7,0x2,19.6499996,26.2989826,0.0459351987,0.119020492,8.99293445e-05,30,1.06400001,2,0.17196535476923436,59304.2776042,0.17196535476923436,18.3113976,18.3113976
418,576207200004306,155031909,2459304.8245932283,59304.3190972,18.3915424,0.0447725095,0,zr,186.3260424,18.3060332,0.620000005,0.00899999961,20210331319086,576,0x7,0x2,20.4699993,26.3181381,0.0304543898,0.113463163,3.78647092e-05,30,1.03199995,1,0.1597287305122206,59304.3190972,0.1597287305122206,18.3915424,18.3915424
419,1571214100006217,155034127,2459304.846768716,59304.3412731,18.3886032,0.0415899456,0,zr,186.3260481,18.3060802,0.469000012,0.00499999989,20210331341273,1571,0xe,0x1,20.0,26.2156734,0.0404217169,0.107922003,6.15940226e-05,30,1.06299996,2,0.1601617184835974,59304.3412731,0.1601617184835974,18.3886032,18.3886032
420,1571214100006217,155034173,2459304.8472317094,59304.3417361,18.3193665,0.0397037305,0,zr,186.3260192,18.3060195,1.01400006,0.0160000008,20210331341736,1571,0xe,0x1,19.9099998,26.2153664,0.0412821285,0.10081403,6.47154448e-05,30,1.06400001,3,0.17070781360003134,59304.3417361,0.17070781360003134,18.319366499999994,18.319366499999994
421,576207200004306,155134059,2459305.8460667026,59305.3405903,18.369175,0.0440682583,0,zr,186.3260746,18.3060378,0.382999986,0.0280000009,20210401340579,576,0x7,0x2,20.9899998,26.3467064,0.0257753655,0.111472942,2.71845038e-05,30,1.04100001,2,0.16305345287274126,59305.3405903,0.16305345287274126,18.369175000000006,18.369175000000006
422,576207200004306,155226704,2459306.7725057825,59306.2670486,18.4025345,0.0451235399,0,zr,186.3260568,18.3060543,0.463999987,0.00899999961,20210402267049,576,0x7,0x2,21.7099991,26.3261528,0.0245632213,0.113184556,2.4404897e-05,30,1.07299995,2,0.15811977948460065,59306.2670486,0.15811977948460065,18.402534499999994,18.402534499999994
423,576207200004306,155245565,2459306.9611127404,59306.4556597,18.4014111,0.0450875312,0,zr,186.3260611,18.3060602,0.512000024,-0.0109999999,20210402455648,576,0x7,0x2,21.0300007,26.2731857,0.0297719371,0.118661106,3.58640136e-05,30,1.46800005,2,0.15828346905124538,59306.4556597,0.15828346905124538,18.401411099999997,18.401411099999997
424,576207200004306,155326869,2459307.7741270033,59307.2686921,18.4034481,0.045152843,0,zr,186.326062,18.306044,0.615999997,0.0289999992,20210403268692,576,0x7,0x2,21.5799999,26.3498917,0.0234852228,0.115788035,2.2710994e-05,30,1.06500006,1,0.15798678449993026,59307.2686921,0.15798678449993026,18.4034481,18.4034481
425,576207200004306,155326962,2459307.7750644814,59307.2696296,18.3724136,0.0441694148,0,zr,186.326047,18.3060534,0.810000002,0.0520000011,20210403269630,576,0x7,0x2,21.4599991,26.3658466,0.0245943256,0.121525638,2.494199e-05,30,1.06400001,2,0.16256781177448829,59307.2696296,0.16256781177448829,18.37241360000001,18.37241360000001
426,576207200004306,155333850,2459307.843940195,59307.3385069,18.3673916,0.0440126844,0,zr,186.3260479,18.3060416,0.416000009,0.0370000005,20210403338507,576,0x7,0x2,21.5499992,26.2788525,0.0289653298,0.102378927,3.46126581e-05,30,1.04299998,2,0.16332150000866247,59307.3385069,0.16332150000866247,18.367391599999998,18.367391599999998
427,576207200004306,155429193,2459308.7973434324,59308.2919329,18.4351482,0.0461843982,0,zr,186.3260489,18.306054,0.546000004,-0.0410000011,20210404291933,576,0x7,0x2,21.6100006,26.2997093,0.0249637049,0.114746377,2.58338878e-05,30,1.03799999,2,0.1534407526105515,59308.2919329,0.1534407526105515,18.435148200000008,18.435148200000008
428,576207200004306,155442484,2459308.930256697,59308.4248495,18.3766174,0.0443011001,0,zr,186.3260527,18.3060518,0.518999994,-0.0160000008,20210404424838,576,0x7,0x2,21.2199993,26.3372612,0.0260397177,0.116354056,2.77671443e-05,30,1.296,2,0.16193959171853659,59308.4248495,0.16193959171853659,18.376617400000008,18.376617400000008
429,576207200004306,155523636,2459309.7417522757,59309.2363657,18.3153572,0.0424277559,32768,zr,186.3260047,18.3060497,0.616999984,0.0450000018,20210405236354,576,0x7,0x2,20.9699993,25.9286728,0.0350313224,0.110096931,5.03712727e-05,30,1.12199998,2,0.1713393519684519,59309.2363657,0.1713393519684519,18.3153572,18.3153572
430,576207200004306,155526922,2459309.7746102307,59309.2692245,18.3893108,0.0447016433,0,zr,186.3260469,18.3060618,0.693000019,0.0610000007,20210405269225,576,0x7,0x2,21.6599998,26.3526802,0.023243906,0.112206504,2.22390099e-05,30,1.05700004,1,0.16005737130473358,59309.2692245,0.16005737130473358,18.389310799999997,18.389310799999997
431,576207200004306,155527874,2459309.784135485,59309.27875,18.3211269,0.0426000357,0,zr,186.3260604,18.3060434,0.750999987,0.0209999997,20210405278738,576,0x7,0x2,21.7099991,26.356432,0.0286092125,0.111891344,3.3701268e-05,30,1.046,2,0.17043125421075242,59309.27875,0.17043125421075242,18.321126900000003,18.321126900000003
432,576207200004306,155629693,2459310.802290968,59310.2969329,18.4384003,0.0462917909,0,zr,186.3260497,18.3060391,0.470999986,0.0329999998,20210406296933,576,0x7,0x2,21.5499992,26.3477783,0.0234777015,0.115186423,2.30829228e-05,30,1.03299999,2,0.15298183995576825,59310.2969329,0.15298183995576825,18.438400300000005,18.438400300000005
433,576207200004306,155640245,2459310.907808797,59310.4024537,18.3446159,0.0433102623,0,zr,186.3260773,18.3060604,0.61500001,-0.00899999961,20210406402442,576,0x7,0x2,21.5499992,26.3198166,0.023413457,0.115440436,2.26225002e-05,30,1.21399999,2,0.1667837137562263,59310.4024537,0.1667837137562263,18.3446159,18.3446159
434,576207200004306,155718517,2459311.6905063977,59311.1851736,18.2098751,0.039424669,32768,zr,186.3260744,18.3060715,0.880999982,-0.119999997,20210407185174,576,0x7,0x2,19.7999992,25.0121689,0.0470289178,0.112730362,0.000100576704,30,1.30700004,2,0.18882085507355673,59311.1851736,0.18882085507355673,18.209875099999998,18.209875099999998
435,576207200004306,155731129,2459311.816625466,59311.3112963,18.3937416,0.0448424891,0,zr,186.3260505,18.3060645,0.578000009,0.0250000004,20210407311285,576,0x7,0x2,21.7800007,26.3502979,0.0254543107,0.106784962,2.68606709e-05,30,1.03400004,1,0.1594055213369029,59311.3112963,0.1594055213369029,18.39374159999999,18.39374159999999
436,576207200004306,155827412,2459312.779420679,59312.2741204,18.370966,0.0441241451,0,zr,186.326065,18.3060482,0.501999974,-0.0270000007,20210408274120,576,0x7,0x2,21.3799992,26.3595448,0.0209856909,0.111371532,1.81375926e-05,30,1.04299998,2,0.16278470618823854,59312.2741204,0.16278470618823854,18.370966000000003,18.370966000000003
437,576207200004306,155830350,2459312.808806277,59312.3035069,18.4188271,0.0456498526,0,zr,186.3260443,18.3060406,0.986999989,-0.0390000008,20210408303461,576,0x7,0x2,21.7199993,26.3584785,0.0249596387,0.11289537,2.54388688e-05,30,1.03199995,2,0.15576474196750703,59312.3035069,0.15576474196750703,18.41882710000001,18.41882710000001
438,1571214100006217,155922883,2459313.73410123,59313.228831,18.4007225,0.0419315994,0,zr,186.3260208,18.3060527,1.01100004,-0.0989999995,20210409228819,1571,0xe,0x1,21.2199993,26.1968727,0.0245931335,0.100792654,2.30260048e-05,30,1.12199998,2,0.15838388807285037,59313.228831,0.15838388807285037,18.400722499999993,18.400722499999993
439,576207200004306,155929653,2459313.801807464,59313.2965394,18.4182491,0.0456310548,0,zr,186.3260481,18.3060573,0.95599997,-0.0350000001,20210409296539,576,0x7,0x2,21.1399994,26.0198689,0.0261143576,0.111829303,2.82596939e-05,30,1.03199995,1,0.15584768659930154,59313.2965394,0.15584768659930154,18.418249100000004,18.418249100000004
440,576207200004306,155929747,2459313.802744934,59313.2974769,18.3958893,0.0449109562,0,zr,186.3260488,18.3060555,0.162,-0.00899999961,20210409297477,576,0x7,0x2,20.9099998,25.8664837,0.0261316057,0.10565161,2.83376339e-05,30,1.03199995,2,0.15909051217301642,59313.2974769,0.15909051217301642,18.3958893,18.3958893
441,576207200004306,155934238,2459313.847650873,59313.3423843,18.4013958,0.0450870283,0,zr,186.3260542,18.3060593,0.513000011,-0.0260000005,20210409342384,576,0x7,0x2,21.6299992,26.3528938,0.0214546956,0.108628117,1.92596999e-05,30,1.06799996,2,0.15828569956923735,59313.3423843,0.15828569956923735,18.401395799999996,18.401395799999996
442,576207200004306,156025427,2459314.75950725,59314.2542708,18.3859425,0.0445949547,0,zr,186.3260408,18.3060551,0.73299998,-0.00700000022,20210410254259,576,0x7,0x2,21.7000008,26.3783836,0.0288883392,0.108801909,3.41472551e-05,30,1.05900002,2,0.1605546913442427,59314.2542708,0.1605546913442427,18.38594249999999,18.38594249999999
443,576207200004306,156027484,2459314.780085261,59314.2748495,18.3895111,0.0447079949,0,zr,186.3260605,18.3060379,0.77700001,-0.064000003,20210410274838,576,0x7,0x2,21.7399998,26.3660069,0.022711752,0.105897658,2.12368286e-05,30,1.03799999,2,0.16002784614540155,59314.2748495,0.16002784614540155,18.3895111,18.3895111
444,576207200004306,156123458,2459315.739785968,59315.2345833,18.3763256,0.0442919359,0,zr,186.3260416,18.3060335,0.801999986,0.00800000038,20210411234583,576,0x7,0x2,21.7900009,26.3197098,0.0257100444,0.11098671,2.70234304e-05,30,1.08700001,1,0.16198312008496893,59315.2345833,0.16198312008496893,18.376325599999994,18.376325599999994
445,576207200004306,156332989,2459317.8350215005,59317.3298958,18.3704166,0.0441070199,0,zr,186.3260738,18.3060496,0.547999978,-0.0370000005,20210413329896,576,0x7,0x2,21.6200008,26.3389492,0.0237075929,0.106191054,2.32462426e-05,30,1.06599998,1,0.16286709871462526,59317.3298958,0.16286709871462526,18.37041659999999,18.37041659999999
446,576207200004306,156727671,2459321.7816764265,59321.276713,18.3729439,0.0441860072,0,zr,186.3260477,18.3060431,1.04400003,0.057,20210417276713,576,0x7,0x2,21.8999996,26.3075867,0.0233903266,0.117268093,2.23251591e-05,30,1.03199995,1,0.16248842908450212,59321.276713,0.16248842908450212,18.372943900000003,18.372943900000003
447,1571214100006217,156824991,2459322.754839018,59322.249919,18.3906822,0.0416483097,0,zr,186.3260503,18.3060462,0.828999996,-0.0689999983,20210418249919,1571,0xe,0x1,20.8999996,26.1860123,0.0271423161,0.103012532,2.77824074e-05,30,1.05599999,2,0.15985532949309197,59322.249919,0.15985532949309197,18.390682200000008,18.390682200000008
448,1571214100006217,156825038,2459322.7553018974,59322.2503819,18.4184093,0.0424365103,0,zr,186.3260484,18.3060364,0.588999987,-0.0109999999,20210418250382,1571,0xe,0x1,21.0799999,26.1887321,0.0246905927,0.0974778906,2.31092326e-05,30,1.05499995,3,0.15582469302365007,59322.2503819,0.15582469302365007,18.4184093,18.4184093
449,576207200004306,156931792,2459323.822799063,59323.3179282,18.3708687,0.0441211276,0,zr,186.3260614,18.3060549,0.630999982,-0.0410000011,20210419317928,576,0x7,0x2,21.25,26.324461,0.0239439141,0.109722815,2.38681678e-05,30,1.07299995,1,0.16279929505575638,59323.3179282,0.16279929505575638,18.370868699999995,18.370868699999995
450,1571214100006217,157019989,2459324.7047248934,59324.1998958,18.375124,0.0412139818,0,zr,186.3260458,18.3060723,1.07200003,0.00499999989,20210420199896,1571,0xe,0x1,20.9500008,26.2210712,0.026501039,0.095640257,2.68664771e-05,30,1.11899996,2,0.16216248838902053,59324.1998958,0.16216248838902053,18.375123999999992,18.375123999999992
451,1571214100006217,157020037,2459324.7051994717,59324.2003704,18.3964443,0.0418105833,0,zr,186.3260382,18.3060548,0.802999973,-0.107000001,20210420200370,1571,0xe,0x1,21.1000004,26.2004128,0.0269194357,0.107816927,2.76044866e-05,30,1.11800003,3,0.15900921003847726,59324.2003704,0.15900921003847726,18.396444300000006,18.396444300000006
452,576207200004306,158027032,2459334.774604558,59334.2703241,18.4123402,0.0454394519,0,zr,186.3260296,18.3060586,1.33000004,-0.0209999997,20210430270324,576,0x7,0x2,21.0900002,26.2916946,0.0320371576,0.120779268,4.28480053e-05,30,1.04900002,3,0.15669816834426495,59334.2703241,0.15669816834426495,18.412340199999996,18.412340199999996
453,576207200004306,158027126,2459334.775542003,59334.2712616,18.4194717,0.0456708409,0,zr,186.3260687,18.3060452,1.43599999,-0.0860000029,20210430271262,576,0x7,0x2,21.2700005,26.3358402,0.0248434637,0.113198049,2.58051405e-05,30,1.04999995,1,0.15567229211394837,59334.2712616,0.15567229211394837,18.419471699999995,18.419471699999995
454,576207200004306,158229709,2459336.80124984,59336.2970949,18.4402618,0.0463534109,0,zr,186.3260541,18.3060399,1.21300006,0.00499999989,20210502297049,576,0x7,0x2,21.2000008,26.2999744,0.0257323775,0.115826681,2.68067633e-05,30,1.10300004,3,0.15271977656630872,59336.2970949,0.15271977656630872,18.440261799999995,18.440261799999995
455,576207200004306,158231006,2459336.814223513,59336.3100694,18.4066429,0.0452555567,0,zr,186.3260569,18.3060543,0.778999984,-0.00999999978,20210502310035,576,0x7,0x2,21.4400005,26.2933617,0.025595881,0.116085097,2.65142426e-05,30,1.13699996,1,0.1575225885868605,59336.3100694,0.1575225885868605,18.4066429,18.4066429
456,576207200004306,158425575,2459338.759781455,59338.2557523,18.4128647,0.0454564318,0,zr,186.3260695,18.3060434,0.89200002,-0.0149999997,20210504255752,576,0x7,0x2,21.4200001,26.3053417,0.0232246462,0.119722202,2.24233245e-05,30,1.04499996,3,0.156622488505736,59338.2557523,0.156622488505736,18.412864699999993,18.412864699999993
457,576207200004306,158425668,2459338.7607188937,59338.2566898,18.4014816,0.0450897813,0,zr,186.326065,18.3060398,0.416999996,0.0350000001,20210504256690,576,0x7,0x2,21.3999996,26.308939,0.0237351581,0.113364905,2.33529572e-05,30,1.046,1,0.1582731915803132,59338.2566898,0.1582731915803132,18.401481600000004,18.401481600000004
458,576207200004306,158525603,2459339.759993342,59339.2560301,18.4139595,0.0454918593,0,zr,186.3260526,18.3060541,0.513000011,0.0860000029,20210505256030,576,0x7,0x2,21.7199993,26.3082733,0.0236938726,0.114016987,2.27560522e-05,30,1.04799998,3,0.1564646381201233,59339.2560301,0.1564646381201233,18.413959499999997,18.413959499999997
459,576207200004306,158628994,2459340.7938360437,59340.2899421,18.4050636,0.045204781,0,zr,186.3260519,18.3060582,0.388000011,0.0160000008,20210506289942,576,0x7,0x2,21.6299992,26.3257923,0.0285985712,0.116704248,3.32803975e-05,30,1.11199999,1,0.15775188594641146,59340.2899421,0.15775188594641146,18.4050636,18.4050636
460,576207200004306,158629094,2459340.7948429743,59340.2909491,18.4334869,0.0461296774,0,zr,186.3260378,18.3060531,1.24899995,-0.0579999983,20210506290914,576,0x7,0x2,21.5400009,26.3102474,0.0247522779,0.115180731,2.51012807e-05,30,1.11500001,3,0.153675714143767,59340.2909491,0.153675714143767,18.4334869,18.4334869
461,576207200004306,158721070,2459341.7145372876,59341.210706,18.413765,0.0454855673,0,zr,186.3260634,18.306055,0.425000012,-0.0179999992,20210507210706,576,0x7,0x2,21.7399998,26.3322964,0.0273496117,0.114707828,3.04378609e-05,30,1.03400004,3,0.15649266988141877,59341.210706,0.15649266988141877,18.413765000000005,18.413765000000005
462,576207200004306,158827600,2459342.7797645386,59342.2760069,18.4105759,0.0453824215,0,zr,186.3260614,18.306032,1.35099995,0.00899999961,20210508276007,576,0x7,0x2,21.5499992,26.2992382,0.0228088833,0.113544121,2.11201786e-05,30,1.09200001,1,0.15695300678664467,59342.2760069,0.15695300678664467,18.410575900000005,18.410575900000005
463,576207200004306,158827694,2459342.780701972,59342.2769444,18.397377,0.0449584462,0,zr,186.3260747,18.3060575,1.29700005,-0.109999999,20210508276944,576,0x7,0x2,21.4699993,26.2940063,0.0221985895,0.104357503,2.00748382e-05,30,1.09399998,3,0.15887267207837494,59342.2769444,0.15887267207837494,18.397377,18.397377
464,576207200004306,158921202,2459343.71571748,59343.2120255,18.3674164,0.044013463,0,zr,186.3260805,18.3060357,0.474000007,0.0350000001,20210509212025,576,0x7,0x2,21.5699997,26.3198242,0.0278747808,0.112981409,3.17048762e-05,30,1.03199995,3,0.16331776951968577,59343.2120255,0.16331776951968577,18.367416400000003,18.367416400000003
465,576207200004306,159024438,2459344.748005104,59344.2443866,18.4223442,0.0457644537,0,zr,186.3260625,18.306057,0.568000019,-0.0309999995,20210510244375,576,0x7,0x2,21.7800007,26.3128128,0.0252263602,0.107774511,2.60429697e-05,30,1.04999995,1,0.15526097889804172,59344.2443866,0.15526097889804172,18.422344200000005,18.422344200000005
466,576207200004306,159024531,2459344.7489309385,59344.2453125,18.3851166,0.044568833,0,zr,186.3260664,18.3060359,0.486999989,0.0370000005,20210510245312,576,0x7,0x2,21.9400005,26.335556,0.0324904509,0.100045592,4.35764596e-05,30,1.051,3,0.16067686887301416,59344.2453125,0.16067686887301416,18.385116599999996,18.385116599999996
467,576207200004306,159224768,2459346.7523734,59346.2476852,18.3725395,0.0441733263,0,zr,186.3259892,18.3060352,1.53799999,-0.0430000015,20210512247685,576,0x7,0x2,22.0699997,28.7009602,0.0329324715,0.119270496,4.49877953e-05,240,1.06099999,2,0.16254896179897793,59346.2476852,0.16254896179897793,18.372539499999995,18.372539499999995
468,576207200004306,159229994,2459346.803411147,59346.2999421,18.4111557,0.0454011373,0,zr,186.3260335,18.3060655,2.06699991,-0.0860000029,20210512299931,576,0x7,0x2,21.3500004,26.2897835,0.0278731138,0.114062287,3.12442608e-05,30,1.19700003,3,0.15686921381815658,59346.2999421,0.15686921381815658,18.411155700000002,18.411155700000002
469,576207200004306,159231229,2459346.8157598283,59346.3122917,18.4362621,0.046221178,0,zr,186.3260341,18.3060563,0.713,0.023,20210512312292,576,0x7,0x2,21.3600006,26.2529011,0.0226100758,0.117341772,2.07751527e-05,30,1.25,1,0.15328341235796866,59346.3122917,0.15328341235796866,18.4362621,18.4362621
470,576207200004306,159419200,2459348.695330292,59348.1920023,18.4047394,0.0451943614,0,zr,186.3260502,18.3060544,0.319000006,-0.0289999992,20210514192002,576,0x7,0x2,21.7399998,26.3333416,0.0277488083,0.107184343,3.14724675e-05,30,1.03299999,3,0.15779899757225058,59348.1920023,0.15779899757225058,18.404739400000004,18.404739400000004
471,576207200004306,159419293,2459348.6962677217,59348.1929398,18.4547977,0.0468378067,0,zr,186.3260482,18.3060496,0.467999995,-0.0130000003,20210514192940,576,0x7,0x2,21.8099995,26.3694172,0.0292081498,0.10768313,3.49228103e-05,30,1.03299999,1,0.15068878111822934,59348.1929398,0.15068878111822934,18.454797699999993,18.454797699999993
472,576207200004306,159527863,2459349.7818797617,59349.2786343,18.4205933,0.0457073599,0,zr,186.3260736,18.3060552,0.296999991,-0.0240000002,20210515278634,576,0x7,0x2,21.4899998,26.2889862,0.0239536911,0.115995623,2.36809792e-05,30,1.14999998,3,0.15551156072414274,59349.2786343,0.15551156072414274,18.4205933,18.4205933
473,576207200004306,159626607,2459350.7692459933,59350.2660764,18.3094959,0.0422536395,0,zr,186.3261126,18.3060785,0.985000014,0.0489999987,20210516266076,576,0x7,0x2,20.0499992,26.2448788,0.0333537757,0.123776793,4.66705897e-05,30,1.12100005,3,0.17226682125756054,59350.2660764,0.17226682125756054,18.309495899999995,18.309495899999995
474,576207200004306,159626701,2459350.770183416,59350.2670139,18.479763,0.0476835817,0,zr,186.3260359,18.3060665,0.546999991,-0.00200000009,20210516267002,576,0x7,0x2,20.6000004,26.2622356,0.0300656557,0.133087933,3.7281523e-05,30,1.12399995,1,0.14726339213448797,59350.2670139,0.14726339213448797,18.479763,18.479763
475,576207200004306,159823958,2459352.7425987795,59352.2395833,18.428875,0.0459780879,0,zr,186.3260543,18.306086,0.563000023,0.0179999992,20210518239583,576,0x7,0x2,20.8500004,26.271368,0.0279274806,0.11344903,3.17041413e-05,30,1.07500005,3,0.15432987342631446,59352.2395833,0.15432987342631446,18.428874999999998,18.428874999999998
476,576207200004306,159919133,2459353.694271031,59353.191331,18.3873596,0.0446397848,0,zr,186.3260502,18.3060432,0.518000007,0.0370000005,20210519191285,576,0x7,0x2,21.3600006,26.3111534,0.0232478827,0.111193106,2.21550854e-05,30,1.03199995,3,0.1603452724853168,59353.191331,0.1603452724853168,18.387359600000003,18.387359600000003
477,576207200004306,160021320,2459354.7160642175,59354.213206,18.3912811,0.0447642133,0,zr,186.3260634,18.3060543,2.02200007,-0.00499999989,20210520213206,576,0x7,0x2,20.5799999,26.3159256,0.0302147735,0.12336164,3.73918156e-05,30,1.046,3,0.15976717644398405,59354.213206,0.15976717644398405,18.391281100000008,18.391281100000008
478,576207200004306,160021510,2459354.7179622683,59354.2151042,18.3889885,0.044691436,0,zr,186.3260913,18.3060157,1.03299999,0.00999999978,20210520215104,576,0x7,0x2,20.2700005,26.3235836,0.0293573439,0.113410354,3.56177734e-05,30,1.04799998,1,0.16010489127137648,59354.2151042,0.16010489127137648,18.388988500000004,18.388988500000004
479,576207200004306,160427589,2459358.7784165484,59358.2758912,18.4044571,0.0451852828,0,zr,186.3260251,18.3060672,0.412999988,0.0799999982,20210524275880,576,0x7,0x2,20.2299995,26.2485695,0.0383015275,0.118044771,5.99302657e-05,30,1.23300004,3,0.15784003189399842,59358.2758912,0.15784003189399842,18.404457099999995,18.404457099999995
480,576207200004306,160521540,2459359.717851904,59359.2154051,18.3872452,0.0446361601,0,zr,186.3260542,18.3060735,1.08500004,-0.128000006,20210525215301,576,0x7,0x2,20.6100006,26.3234844,0.0337383524,0.122810982,4.752104e-05,30,1.06599998,1,0.16036216836252778,59359.2154051,0.16036216836252778,18.387245200000002,18.387245200000002
481,576207200004306,160521634,2459359.7187893265,59359.2163426,18.3686142,0.0440507904,0,zr,186.3260587,18.3060448,0.547999978,-0.00899999961,20210525216343,576,0x7,0x2,20.4799995,26.2978325,0.0360692516,0.12503852,5.36867919e-05,30,1.06799996,3,0.1631376943259051,59359.2163426,0.1631376943259051,18.368614200000003,18.368614200000003
482,576207200004306,160721537,2459361.717648071,59361.2153704,18.3502426,0.0434825234,0,zr,186.326057,18.3060521,0.88499999,0.0979999974,20210527215370,576,0x7,0x2,21.0100002,26.3607159,0.0246507563,0.110422231,2.51320671e-05,30,1.07500005,3,0.16592161260226004,59361.2153704,0.16592161260226004,18.350242599999994,18.350242599999994
483,576207200004306,160825818,2459362.7603713977,59362.2581829,18.3864212,0.0446100794,0,zr,186.3260429,18.3060605,0.843999982,0.0299999993,20210528258148,576,0x7,0x2,20.9500008,26.3407726,0.0261291973,0.110006362,2.84421421e-05,30,1.204,1,0.16048391854538402,59362.2581829,0.16048391854538402,18.386421199999994,18.386421199999994
484,576207200004306,160825927,2459362.7614592044,59362.2592708,18.4389935,0.0463114269,0,zr,186.3260503,18.3060643,0.88499999,0.0549999997,20210528259190,576,0x7,0x2,20.7800007,26.3297882,0.0273792967,0.120792143,3.03452707e-05,30,1.20899999,3,0.15289828002571135,59362.2592708,0.15289828002571135,18.438993500000002,18.438993500000002
485,576207200004306,160920578,2459363.7078939783,59363.205787,18.3771381,0.0443174578,0,zr,186.3260641,18.306065,0.441000015,-0.0179999992,20210529205787,576,0x7,0x2,21.5799999,26.3718224,0.026497256,0.115958005,2.85269853e-05,30,1.06799996,3,0.16186194695675332,59363.205787,0.16186194695675332,18.377138100000003,18.377138100000003
486,576207200004306,161220635,2459366.708199773,59366.2063542,18.4077339,0.0452907383,0,zr,186.3260506,18.3060572,1.24399996,0.0659999996,20210601206354,576,0x7,0x2,21.4099998,26.2903805,0.0254933778,0.122681372,2.65018771e-05,30,1.08399999,3,0.15736438180777051,59366.2063542,0.15736438180777051,18.407733900000004,18.407733900000004
487,576207200004306,161321553,2459367.717289044,59367.2155324,18.4255009,0.0458675697,0,zr,186.326054,18.306031,0.888000011,-0.00600000005,20210602215532,576,0x7,0x2,21.7600002,26.3048801,0.0289268456,0.104279444,3.51562048e-05,30,1.11000001,1,0.15481022434390299,59367.2155324,0.15481022434390299,18.425500899999996,18.425500899999996
488,576207200004306,161322902,2459367.7307832446,59367.2290278,18.3484268,0.0434268527,0,zr,186.3260664,18.3060408,0.702000022,-0.00100000005,20210602229016,576,0x7,0x2,21.4799995,26.1778202,0.0316720679,0.106739327,4.15928225e-05,30,1.148,3,0.16619933433256623,59367.2290278,0.16619933433256623,18.34842679999999,18.34842679999999
489,576207200004306,161520579,2459369.7073785304,59369.2057986,18.4184742,0.0456383824,0,zr,186.3260556,18.3060348,0.503000021,-0.0109999999,20210604205799,576,0x7,0x2,21.4599991,26.3307629,0.0256165657,0.120126292,2.71693752e-05,30,1.10000002,1,0.15581537886401822,59369.2057986,0.15581537886401822,18.4184742,18.4184742
490,576207200004306,161721606,2459371.717464594,59371.2160648,18.3871841,0.0446342379,0,zr,186.3260487,18.3060395,1.62800002,-0.0189999994,20210606216065,576,0x7,0x2,21.5400009,26.3354053,0.0262489039,0.113127485,2.81501852e-05,30,1.14199996,1,0.16037119302629527,59371.2160648,0.16037119302629527,18.387184100000006,18.387184100000006
491,576207200004306,161922814,2459373.729366158,59373.2281481,18.4697876,0.0473435111,0,zr,186.3260421,18.3060527,0.739000022,0.0540000014,20210608228148,576,0x7,0x2,20.8799992,26.3103619,0.0249185655,0.114078835,2.57034808e-05,30,1.204,1,0.14862263607896548,59373.2281481,0.14862263607896548,18.469787599999997,18.469787599999997
492,576207200004306,162121381,2459375.7148569366,59375.2138194,18.382288,0.0444795117,0,zr,186.3260653,18.3060443,0.708999991,-0.0270000007,20210610213819,576,0x7,0x2,21.2199993,26.3217983,0.0243725218,0.118645042,2.45475985e-05,30,1.171,1,0.16109601592879336,59375.2138194,0.16109601592879336,18.382287999999996,18.382287999999996
493,576207200004306,162226752,2459376.768464383,59376.2675231,18.4223442,0.0457644537,0,zr,186.3260644,18.3060614,0.591000021,0.00800000038,20210611267523,576,0x7,0x2,21.2099991,26.2889347,0.0259972531,0.131575286,2.73961941e-05,30,1.49300003,3,0.15526097889804172,59376.2675231,0.15526097889804172,18.422344200000005,18.422344200000005
494,576207200004306,162322608,2459377.726941585,59377.226088,18.4030304,0.0451394543,0,zr,186.3260394,18.3060635,1.52600002,-0.0140000004,20210612226088,576,0x7,0x2,21.2199993,26.3086987,0.0248949565,0.130624086,2.54266797e-05,30,1.24300003,1,0.15804757622367868,59377.226088,0.15804757622367868,18.4030304,18.4030304
495,576207200004306,162522650,2459379.727174565,59379.2265046,18.4213848,0.0457331575,0,zr,186.3260392,18.3060553,0.31099999,-0.0390000008,20210614226505,576,0x7,0x2,21.0499992,26.1929646,0.02740518,0.114746764,3.05992908e-05,30,1.27199996,1,0.15539823435129826,59379.2265046,0.15539823435129826,18.42138479999999,18.42138479999999
496,576207200004306,162619412,2459380.694701361,59380.1941204,18.4681664,0.0472885035,0,zr,186.3260185,18.30605,1.33000004,-0.0820000023,20210615194120,576,0x7,0x2,20.7000008,26.0993919,0.0308249295,0.132400259,3.9243725e-05,30,1.14999998,3,0.14884472224944045,59380.1941204,0.14884472224944045,18.468166399999994,18.468166399999994
497,576207200004306,163020254,2459384.702757659,59384.2025463,18.7897186,0.0597592182,32768,zr,186.3260553,18.3060797,0.855000019,-0.289000005,20210619202465,576,0x7,0x2,20.1000004,27.5508938,0.262026757,0.143322885,0.0036709893,30,1.22300005,1,0.11069106347703318,59384.2025463,0.11069106347703318,18.789718600000008,18.789718600000008
498,576207200004306,163123695,2459385.7370718825,59385.236956,18.4070358,0.0452682301,0,zr,186.32607,18.3060576,0.910000026,0.0280000009,20210620236956,576,0x7,0x2,20.3199997,26.2391281,0.0353022292,0.128684163,5.19164787e-05,30,1.44299996,3,0.15746559552738473,59385.236956,0.15746559552738473,18.407035799999996,18.407035799999996
499,576207200004306,163219608,2459386.6961154374,59386.196088,18.4616508,0.0470681936,0,zr,186.326069,18.3060608,1.13499999,0.0149999997,20210621196019,576,0x7,0x2,20.1900005,26.2669201,0.0335935242,0.11547485,4.7250549e-05,30,1.21899998,1,0.14974063827767864,59386.196088,0.14974063827767864,18.461650799999994,18.461650799999994
500,576207200004306,163319165,2459387.6915907487,59387.1916551,18.4159451,0.045556251,0,zr,186.3260614,18.3060245,0.226999998,-0.00100000005,20210622191644,576,0x7,0x2,20.4500008,26.2612095,0.0306591392,0.114746563,3.84223422e-05,30,1.21099997,3,0.1561787562695603,59387.1916551,0.1561787562695603,18.415945099999995,18.415945099999995
501,576207200004306,163628258,2459390.782232132,59390.282581,18.460928,0.0470438376,0,zr,186.3260483,18.3060453,0.338999987,0.00300000003,20210625282581,576,0x7,0x2,19.9799995,26.2054195,0.0365203172,0.120454527,5.35532017e-05,30,2.2750001,1,0.14984035731378786,0.0,0.14984035731378786,18.460928000000003,18.460928000000003
502,576207200004306,163628351,2459390.7831695396,59390.2835185,18.3200378,0.0425674766,0,zr,186.3259932,18.3060553,0.386999995,-0.023,20210625283519,576,0x7,0x2,19.8400002,26.2014465,0.0414431356,0.126564309,6.97233045e-05,30,2.2980001,3,0.17060229926309398,0.0,0.17060229926309398,18.3200378,18.3200378
503,576207200004306,163819884,2459392.698318136,59392.1988426,18.4369278,0.0462431349,0,zr,186.326056,18.3060608,1.03600001,-0.0599999987,20210627198843,576,0x7,0x2,21.3799992,26.2803669,0.0247754324,0.117796123,2.5271409e-05,30,1.31500006,3,0.15318945814394955,2.0,0.15318945814394955,18.4369278,18.4369278
504,576207200004306,163819978,2459392.6992555493,59392.1997801,18.4212971,0.0457302816,0,zr,186.3260528,18.3060565,0.828999996,0.0260000005,20210627199780,576,0x7,0x2,21.3999996,26.2847614,0.0260254052,0.119243383,2.82920719e-05,30,1.32000005,1,0.1554107871017026,2.0,8.910828812114657,14.02520474894606,18.421297099999997
505,576207200004306,163918785,2459393.6872439343,59393.1878588,18.4565258,0.0468957536,0,zr,186.3260387,18.3060574,0.801999986,0.0410000011,20210628187847,576,0x7,0x2,21.3799992,26.2834301,0.0284607504,0.114407614,3.24496395e-05,30,1.26999998,3,0.1504491297592481,3.0,8.905867154772203,14.025809468380196,18.4565258
506,576207200004306,164122644,2459395.725646232,59395.2264468,18.4286976,0.0459722579,0,zr,186.3260411,18.3060719,0.75999999,0.063000001,20210630226435,576,0x7,0x2,20.4899998,25.8518963,0.043847803,0.116834551,7.83924115e-05,30,1.59599996,1,0.1543550916664563,5.0,13.70659473911748,13.55767606939063,18.4286976
507,576207200004306,164219361,2459396.6927228533,59396.1936111,18.4494247,0.0466580428,0,zr,186.3260614,18.3060422,0.745999992,0.0410000011,20210701193600,576,0x7,0x2,21.4200001,26.2680244,0.0258846246,0.114097372,2.69910615e-05,30,1.34899998,3,0.15143634529829092,6.0,17.04022240686755,13.321311852936653,18.4494247
508,576207200004306,164320480,2459397.7038235283,59397.2048032,18.4554367,0.0468592383,0,zr,186.3260709,18.3060523,0.663999975,-0.0109999999,20210702204803,576,0x7,0x2,21.4200001,26.2629452,0.0327243395,0.107888922,4.38396637e-05,30,1.44799995,3,0.15060012072269427,7.0,17.113398828306586,13.316659320713555,18.4554367
509,576207200004306,164821587,2459402.7144522006,59402.2158796,18.4708786,0.0473805554,0,zr,186.3260539,18.3060432,0.435000002,0.0399999991,20210707215880,576,0x7,0x2,20.8799992,26.2184315,0.0283982307,0.133910954,3.29222967e-05,30,1.69099998,3,0.1484733679088265,12.0,16.70886066924614,13.342632906075728,18.4708786
510,576207200004306,164918752,2459403.6860101167,59403.1875231,18.4415951,0.0463975817,0,zr,186.3260449,18.306065,0.444000006,0.0579999983,20210708187523,576,0x7,0x2,21.1299992,26.2326469,0.0356914364,0.124214284,5.06781398e-05,30,1.44099998,3,0.15253234954360662,13.0,12.69594145726684,13.640837722100521,18.441595099999994
511,576207200004306,167616796,2459430.6643304024,59430.167963,18.5477047,0.0500763878,0,zr,186.3260835,18.3060667,0.760999978,0.0590000004,20210804167940,576,0x7,0x2,20.5,26.1614609,0.0336358286,0.121371448,4.51989254e-05,30,2.15199995,2,0.13833055519494755,40.0,11.871598162403956,13.713727030247718,18.547704700000004
512,576207200004306,167616938,2459430.665753905,59430.1693866,18.5228939,0.0491869375,0,zr,186.3260703,18.3060396,1.07299995,0.00700000022,20210804169375,576,0x7,0x2,20.6499996,26.1436615,0.0310924593,0.117155381,3.8661743e-05,30,2.18300009,2,0.14152802297801,40.0,2.5785103975404033,15.371577782530586,18.522893900000007
513,576207200004306,167617081,2459430.6671774066,59430.1708102,18.4860077,0.0478979051,0,zr,186.3260386,18.3060596,0.95599997,0.0860000029,20210804170799,576,0x7,0x2,20.6299992,26.1627464,0.0340289176,0.132577389,4.57252172e-05,30,2.21499991,2,0.14641882589308436,40.0,2.583401200455478,15.369520357375805,18.486007699999995
514,576207200004306,167617223,2459430.668600911,59430.1722338,18.5052891,0.0485667996,0,zr,186.3260488,18.3060708,0.395999998,-0.0439999998,20210804172222,576,0x7,0x2,20.6100006,26.1660748,0.0366319269,0.118368812,5.3432399e-05,30,2.24799991,2,0.14384155190067716,40.0,2.580823926463071,15.370604059130343,18.50528909999999
515,576207200004306,167617366,2459430.6700360156,59430.173669,18.5171776,0.0489845946,0,zr,186.3260749,18.3060444,0.437999994,0.0350000001,20210804173657,576,0x7,0x2,20.6700001,26.1519928,0.029448295,0.127015308,3.47196146e-05,30,2.28200006,2,0.1422751198099101,40.0,2.5792574943723037,15.371263247211608,18.517177600000004
516,576207200004306,168016496,2459434.661075346,59434.1649653,18.4319267,0.0460783243,0,zr,186.3260526,18.3060278,0.754000008,0.0340000018,20210808164931,576,0x7,0x2,20.3400002,26.1625366,0.0314176828,0.126050681,3.9123217e-05,30,2.33800006,2,0.15389670447403728,44.0,2.590879079036431,15.366382139604802,18.431926699999998
517,576207200004306,168016638,2459434.662498855,59434.1663889,18.4213715,0.0457327366,0,zr,186.3260372,18.3060525,0.657999992,-0.0729999989,20210808166366,576,0x7,0x2,20.4500008,26.1839237,0.0388599411,0.12415237,5.98687438e-05,30,2.375,2,0.15540013795289617,44.0,2.192617828816787,15.547592647094156,18.4213715
518,576207200004306,168016781,2459434.663922366,59434.1678125,18.5884628,0.0515775047,0,zr,186.3260597,18.3060601,0.275000006,-0.0250000004,20210808167801,576,0x7,0x2,20.5799999,26.169117,0.0295080915,0.121455759,3.44372202e-05,30,2.41300011,2,0.13323394274295072,44.0,2.1704516336068416,15.558624718863705,18.588462799999995
519,576207200004306,168016923,2459434.6653458774,59434.1692361,18.4919739,0.0481037349,0,zr,186.3260794,18.3060657,0.660000026,0.0790000036,20210808169225,576,0x7,0x2,20.5699997,26.1655674,0.0293830298,0.119981654,3.47855275e-05,30,2.45300007,2,0.1456164502916874,44.0,2.1828341411555785,15.552448155364623,18.491973899999998
520,576207200004306,168017065,2459434.6667693844,59434.1706597,18.3500805,0.0434775501,0,zr,186.3260332,18.3060759,0.889999986,-0.0320000015,20210808170648,576,0x7,0x2,20.4099998,26.1456127,0.0315288752,0.122743219,4.00637873e-05,30,2.49499989,2,0.1659463864848632,44.0,2.203164077348754,15.54238289553242,18.350080499999997
521,576207200004306,168116414,2459435.660192057,59435.1641435,18.4562683,0.0468871146,0,zr,186.3260618,18.3060528,0.666999996,-0.00700000022,20210809164132,576,0x7,0x2,20.5400009,26.0729046,0.0329430737,0.117281206,4.32096276e-05,30,2.38800001,2,0.15048481544891676,45.0,2.187702506312808,15.55002933913142,18.456268299999998
522,576207200004306,168116556,2459435.6616155687,59435.1655671,18.3936558,0.044839751,0,zr,186.3260747,18.3060531,1.05499995,0.0160000008,20210809165544,576,0x7,0x2,20.5699997,26.0762787,0.0406608209,0.121899456,6.56562406e-05,30,2.42700005,2,0.15941811881140389,45.0,2.1107638825025514,15.588900864221976,18.393655799999998
523,576207200004306,168116699,2459435.6630390785,59435.1669907,18.4499054,0.0466741212,0,zr,186.3260442,18.3060308,0.786000013,0.0850000009,20210809166968,576,0x7,0x2,20.6499996,26.0675621,0.0274809413,0.122744918,3.02596873e-05,30,2.46700001,2,0.151369313050057,45.0,2.102715076741205,15.593048928343954,18.4499054
524,576207200004306,168116841,2459435.664462692,59435.1684144,18.5261631,0.0493030772,0,zr,186.3260756,18.3060552,0.76700002,-0.0309999995,20210809168403,576,0x7,0x2,20.6200008,26.0378819,0.0287121497,0.12094745,3.28142924e-05,30,2.50900006,2,0.1411025167370411,45.0,2.0924482804281888,15.598363169420672,18.526163099999998
525,576207200004306,168116983,2459435.6658862014,59435.169838,18.5462532,0.0500238352,0,zr,186.3260475,18.3060579,0.568000019,-0.00700000022,20210809169826,576,0x7,0x2,20.6700001,26.0510044,0.0328591876,0.123528019,4.25460712e-05,30,2.55200005,2,0.13851561034355006,45.0,2.089861374034698,15.5997063020531,18.546253200000002
526,576207200004306,168215145,2459436.647447264,59436.1514583,18.4102116,0.0453706384,0,zr,186.3260321,18.3060476,0.728999972,-0.0240000002,20210810151076,576,0x7,0x2,19.3199997,26.0679283,0.0453451052,0.120709293,0.000108300555,30,2.148,2,0.15700567848879055,46.0,2.1083514421799383,15.590142486639941,18.410211600000004
527,576207200004306,168215388,2459436.6498777154,59436.1538889,18.5001984,0.0483891331,0,zr,186.3260232,18.3060019,0.426999986,0.0579999983,20210810153808,576,0x7,0x2,19.7900009,26.0481968,0.044505693,0.120274879,8.44615424e-05,30,2.20300007,2,0.14451756651103484,46.0,2.014834051599594,15.639401794951688,18.500198399999995
528,576207200004306,168215631,2459436.6523080654,59436.1563194,18.6419792,0.0536259189,32768,zr,186.3260009,18.3060961,0.657000005,-0.0680000037,20210810156238,576,0x7,0x2,19.3700008,26.0261669,0.0640484765,0.125911713,0.000207692894,30,2.25900006,2,0.12682600720253015,46.0,1.9971424922910892,15.64897736986125,18.6419792
529,576207200004306,168215873,2459436.654726926,59436.1587384,18.543623,0.0499288067,0,zr,186.3261135,18.3060817,0.74000001,0.0170000009,20210810158669,576,0x7,0x2,20.1499996,26.0118923,0.0416246951,0.131787479,6.95311319e-05,30,2.31800008,2,0.13885157169504087,46.0,2.0091680567836,15.642459337968567,18.543623000000004
530,576207200004306,168216116,2459436.6571573713,59436.161169,18.5144367,0.0488878712,0,zr,186.3260219,18.306041,0.89200002,-0.0500000007,20210810161088,576,0x7,0x2,20.2700005,26.0177879,0.0439870059,0.117041767,7.71573978e-05,30,2.38100004,2,0.14263474170576657,46.0,2.0129512267943257,15.640416869522902,18.514436699999997
531,576207200004306,168414981,2459438.64568671,59438.1498148,18.6144218,0.0525600016,0,zr,186.3259792,18.3060211,0.875999987,-0.0689999983,20210812149421,576,0x7,0x2,19.3500004,25.9304638,0.0479227975,0.121412016,0.000117614094,30,2.23300004,2,0.13008621571824341,48.0,2.000402700806802,15.647206419423235,18.614421799999995
532,576207200004306,168415224,2459438.6481171763,59438.1522454,18.52952,0.0494226739,0,zr,186.3261125,18.3060687,0.43900001,0.00100000005,20210812152164,576,0x7,0x2,19.4899998,25.9127388,0.0530841947,0.131260782,0.000127414416,30,2.29200006,2,0.140666927001685,48.0,1.8621341890758096,15.724972565267315,18.529519999999998
533,576207200004306,168415466,2459438.6505360296,59438.1546644,18.5774727,0.0511677936,0,zr,186.3260349,18.3060692,0.755999982,0.0649999976,20210812154583,576,0x7,0x2,19.7700005,25.9028263,0.0449489653,0.122084342,8.5830121e-05,30,2.35400009,2,0.13458941951026202,48.0,1.8560566815843866,15.728521912799032,18.57747270000001
534,576207200004306,168415709,2459438.652966388,59438.1570949,18.488842,0.0479955673,0,zr,186.3260461,18.3060827,0.825999975,-0.0680000037,20210812157014,576,0x7,0x2,19.8600006,25.9242802,0.0462338701,0.120534435,8.77326311e-05,30,2.41899991,2,0.14603709994701566,48.0,1.8675043620211405,15.72184593777137,18.488841999999998
535,576207200004306,168415951,2459438.655385247,59438.1595139,18.4441566,0.0464826114,0,zr,186.3260557,18.3060889,0.731000006,-0.162,20210812159444,576,0x7,0x2,20.0200005,25.8637028,0.0434372909,0.117140435,7.5844393e-05,30,2.48799992,2,0.1521729150098238,48.0,1.8736401770839486,15.718284523630324,18.444156600000007
536,576207200004306,168515042,2459439.646243343,59439.1504282,18.2851658,0.0415400565,0,zr,186.3260347,18.3061082,0.326000005,0.0610000007,20210813149792,576,0x7,0x2,18.9300003,25.7671356,0.0548490621,0.127440259,0.000213564475,30,2.31500006,2,0.1761707000097504,49.0,1.897637962083875,15.704466600513122,18.28516580000001
537,576207200004306,168515284,2459439.6486622053,59439.1528472,18.2902355,0.0416875258,0,zr,186.3260461,18.3059965,0.474000007,-0.00899999961,20210813152778,576,0x7,0x2,19.1100006,25.7633743,0.0451823324,0.140776917,0.000131469569,30,2.37800002,2,0.17535001202492337,49.0,1.8284038606809099,15.744819675918698,18.2902355
538,576207200004306,168515527,2459439.651092659,59439.1552778,18.528368,0.0493816137,0,zr,186.3259387,18.3060388,0.69599998,0.0399999991,20210813155197,576,0x7,0x2,19.25,25.7497025,0.0484888516,0.136299193,0.000122213387,30,2.44400001,2,0.1408162582100949,49.0,1.7938701068660814,15.765522517936652,18.528367999999993
539,576207200004306,168515770,2459439.65352303,59439.1577083,18.4641533,0.0471526943,0,zr,186.3260944,18.3060182,0.488000005,-0.0719999969,20210813157627,576,0x7,0x2,19.1700001,25.7145653,0.0405580737,0.139992431,9.72806374e-05,30,2.5150001,2,0.1493959003692999,49.0,1.8024497490252864,15.76034208562708,18.4641533
540,576207200004306,168516012,2459439.655941883,59439.1601273,18.149931,0.0378369428,0,zr,186.3259712,18.3061709,0.879000008,-0.126000002,20210813160046,576,0x7,0x2,19.0200005,25.6952572,0.0536326915,0.134714738,0.000179508119,30,2.58999991,2,0.19953891206090318,49.0,1.8525927607168897,15.730550093379811,18.149931000000002
541,576207200004306,168614813,2459440.643896389,59440.1481366,18.6074753,0.052295059,0,zr,186.326071,18.3060064,0.463,-0.0780000016,20210814147731,576,0x7,0x2,19.4400005,25.9267712,0.0450105481,0.121822283,0.000100801713,30,2.32399988,2,0.1309211706625657,50.0,1.7839750193185522,15.771528078162156,18.607475299999997
542,576207200004306,168615055,2459440.6463152515,59440.1505556,18.4933681,0.048151996,0,zr,186.3260407,18.3060799,0.940999985,0.0130000003,20210814150475,576,0x7,0x2,19.5900002,25.894762,0.0498217233,0.127396211,0.000114768503,30,2.3900001,2,0.145429583388556,50.0,1.7337209847708077,15.802551985322062,18.493368100000005
543,576207200004306,168615297,2459440.6487340177,59440.1529745,18.6669731,0.0546134003,0,zr,186.32607,18.3060778,0.317000002,-0.0289999992,20210814152905,576,0x7,0x2,19.6399994,25.9105568,0.0473136753,0.120840915,9.93583599e-05,30,2.45700002,2,0.12393979115343938,50.0,1.7122311925356912,15.81609398865708,18.6669731
544,576207200004306,168615539,2459440.651152876,59440.1553935,18.6170254,0.0526596867,0,zr,186.3259776,18.3060873,0.545000017,-0.158999994,20210814155324,576,0x7,0x2,19.6100006,25.8637104,0.0499929488,0.136112124,0.0001113529,30,2.52800012,2,0.12977464215075601,50.0,1.7180660435330077,15.812400364081121,18.617025399999996
545,576207200004306,168714728,2459441.6429857104,59441.1472801,18.4626007,0.0471002422,0,zr,186.3260377,18.3060484,0.246999994,0.0560000017,20210815146875,576,0x7,0x2,19.3299999,25.9428368,0.0480622239,0.128473327,0.000122375874,30,2.37299991,2,0.1496096889474224,51.0,1.737901090329674,15.799937360780497,18.462600700000003
546,576207200004306,168714969,2459441.6454045777,59441.1496991,18.6396255,0.0535339229,32768,zr,186.3260401,18.3060484,0.941999972,0.0320000015,20210815149630,576,0x7,0x2,19.3899994,25.8780842,0.0590924174,0.15996474,0.000176031783,30,2.44099998,2,0.1271012436428512,51.0,1.6540399986647836,15.85363498092881,18.6396255
547,576207200004306,168715211,2459441.6478234455,59441.1521181,18.381321,0.0444490314,0,zr,186.3260414,18.3060214,0.566999972,-0.0199999996,20210815152049,576,0x7,0x2,19.5,25.8947601,0.0497828051,0.123978861,0.000117128766,30,2.51200008,2,0.16123955838339127,51.0,1.6881783134053236,15.831454207608225,18.381321000000007
548,576207200004306,168715454,2459441.6502538137,59441.1545486,18.5380592,0.0497284047,0,zr,186.3260669,18.3060505,0.875,-0.149000004,20210815154479,576,0x7,0x2,19.6299992,25.9176979,0.0592276305,0.123704694,0.000151890665,30,2.58699989,2,0.1395649357550804,51.0,1.6665036907770128,15.845484300444689,18.5380592
549,576207200004306,168715696,2459441.6526726787,59441.1569676,18.4772663,0.0475982204,0,zr,186.3260256,18.3061356,0.546999991,-0.158000007,20210815156898,576,0x7,0x2,19.4500008,25.8489513,0.0603468418,0.137407631,0.000164798723,30,2.66599989,2,0.1476024206882185,51.0,1.674541175710151,15.840260422544013,18.477266300000004
550,576207200004306,168914552,2459443.6411218937,59443.1455208,18.513504,0.0488550402,0,zr,186.3258629,18.3060658,0.601999998,-0.00899999961,20210817145116,576,0x7,0x2,18.6900005,25.6666908,0.0586170517,0.117981359,0.000296220678,30,2.4749999,2,0.14275732450378623,53.0,1.6696960795257187,15.84340643140765,18.513504000000005
551,576207200004306,168915038,2459443.645982752,59443.1503819,18.6034584,0.0521425121,0,zr,186.3260628,18.3061055,0.432000011,-0.145999998,20210817150312,576,0x7,0x2,18.9400005,25.632988,0.0615232252,0.147915334,0.000257971958,30,2.62899995,2,0.13140643704718077,53.0,1.5449966626692735,15.927681135882473,18.6034584
552,576207200004306,168915281,2459443.6484132227,59443.1528125,18.5690536,0.0508563817,0,zr,186.3260277,18.3059299,0.560000002,-0.210999995,20210817152731,576,0x7,0x2,18.9699993,25.5677223,0.0629963651,0.140915841,0.000258353451,30,2.71099997,2,0.13563712007037038,53.0,1.549227345692463,15.924712114519359,18.569053599999997
553,576207200004306,176353651,2459518.03246906,59517.5365162,18.5623817,0.0506111756,0,zr,186.3260369,18.3060507,0.551999986,0.0189999994,20211030536505,576,0x7,0x2,20.7399998,26.2633629,0.0314691812,0.122377716,4.02244805e-05,30,2.36999989,1,0.1364731827384403,127.0,1.550063408360533,15.924126339513244,18.562381699999996
554,576207200004306,176353887,2459518.0348303034,59517.5388773,18.4677334,0.047273837,0,zr,186.3260668,18.3060469,0.85799998,-0.075000003,20211030538877,576,0x7,0x2,20.6900005,26.2766724,0.0322539657,0.122384019,4.27956875e-05,30,2.30900002,1,0.14890409451472078,127.0,0.3550989759898791,17.524126450213195,18.467733400000007
555,576207200004306,176354125,2459518.03720315,59517.54125,18.6441555,0.0537110902,0,zr,186.3260613,18.3060582,0.666000009,0.0829999968,20211030541250,576,0x7,0x2,20.6499996,26.2601948,0.0335676707,0.114118434,4.64391851e-05,30,2.25099993,1,0.1265720458830707,127.0,0.332766927358229,17.59464960844395,18.644155500000004
556,576207200004306,176354361,2459518.0395643944,59517.5436111,18.554924,0.0503386334,0,zr,186.3260678,18.3060518,0.633000016,0.0489999987,20211030543611,576,0x7,0x2,20.3899994,26.2749405,0.0313121341,0.127133653,4.02291298e-05,30,2.19700003,1,0.1374138159375358,127.0,0.3436086974126941,17.55983962963301,18.554923999999993
557,576207200004306,176354598,2459518.0419372385,59517.5459838,18.5801983,0.0512690432,0,zr,186.3260826,18.3060398,0.349999994,-0.0109999999,20211030545972,576,0x7,0x2,20.1700001,26.30023,0.0414188951,0.123072952,7.02203688e-05,30,2.14599991,1,0.1342519739530472,127.0,0.3404468554282055,17.569876682179988,18.5801983
558,576207200004306,176453666,2459519.032680458,59518.5366667,18.4990311,0.0483485162,0,zr,186.3260692,18.3060539,0.995999992,-0.0170000009,20211031536655,576,0x7,0x2,20.8500004,26.2473755,0.029521361,0.121500827,3.63756626e-05,30,2.296,1,0.14467302422837444,128.0,0.35086790570353277,17.53714088847628,18.499031100000003
559,576207200004306,176453905,2459519.035064806,59518.5390509,18.5228004,0.0491835922,0,zr,186.3260893,18.3060508,0.171000004,-0.00499999989,20211031539028,576,0x7,0x2,20.7600002,26.2701817,0.0300494339,0.114359267,3.73371658e-05,30,2.23900008,1,0.14154021142663342,128.0,0.343966131760868,17.55871079410523,18.5228004
560,576207200004306,176454142,2459519.0374376564,59518.5414236,18.5239868,0.0492257439,0,zr,186.3260601,18.3060529,0.617999971,-0.0599999987,20211031541400,576,0x7,0x2,20.7299995,26.2673702,0.0295774788,0.12285237,3.6207246e-05,30,2.18499994,1,0.14138563281594643,128.0,0.343811553150181,17.55919883435606,18.523986799999996
561,576207200004306,176454378,2459519.0397989047,59518.5437847,18.5268326,0.0493269227,0,zr,186.3260659,18.3060601,0.263999999,-0.0219999999,20211031543762,576,0x7,0x2,20.5499992,26.2782192,0.0334522985,0.109855764,4.69169718e-05,30,2.13400006,1,0.14101553518988688,128.0,0.3434414555241215,17.56036820990095,18.5268326
562,576207200004306,176454614,2459519.0421601543,59518.5461458,18.5351639,0.0496245325,0,zr,186.3260204,18.3060562,0.561999977,0.0270000007,20211031546134,576,0x7,0x2,20.4200001,26.2875767,0.0299996119,0.117847078,3.73556722e-05,30,2.08599997,1,0.13993760603453873,128.0,0.3423635263687733,17.563781272520195,18.535163900000008
563,576207200004306,177153052,2459526.026994801,59525.5305208,18.6145058,0.0525631905,0,zr,186.3260502,18.3060754,0.991999984,-0.0869999975,20211107530509,576,0x7,0x2,20.7700005,26.2949924,0.0279562455,0.113843344,3.25856818e-05,30,2.01900005,1,0.13007615174563134,135.0,0.33250207207986593,17.59551410981161,18.614505799999996
564,576207200004306,177153298,2459526.0294602723,59525.5329861,18.6644535,0.0545129776,32768,zr,186.3260773,18.3060278,0.47299999,0.00200000009,20211107532975,576,0x7,0x2,20.1800003,25.7549725,0.121766888,0.11780975,0.000613353739,30,1.97500002,1,0.12422774445155901,135.0,0.3027513880504761,17.69728464258217,18.6644535
565,576207200004306,177153543,2459526.0319141503,59525.5354398,18.4506245,0.0466981232,32768,zr,186.3260755,18.3060967,0.442000002,0.0790000036,20211107535440,576,0x7,0x2,19.9300003,25.2940502,0.114075132,0.0756531507,0.000539898232,30,1.93299997,1,0.15126909198892158,135.0,0.3297927355878386,17.6043972871992,18.450624499999996
566,576207200004306,177153790,2459526.0343796257,59525.5379051,18.5167313,0.0489688069,0,zr,186.3260347,18.3060624,1.22599995,-0.0260000005,20211107537905,576,0x7,0x2,20.9099998,26.2991924,0.0252325963,0.113209926,2.64648879e-05,30,1.89199996,1,0.14233361508530137,135.0,0.32085725868421844,17.634220328279305,18.516731299999996
567,576207200004306,177154038,2459526.036856599,59525.5403819,18.5664577,0.050760828,0,zr,186.3260582,18.306036,1.22800004,0.075000003,20211107540370,576,0x7,0x2,20.7999992,26.2989426,0.0278586634,0.110085003,3.20895597e-05,30,1.85399997,1,0.1359618045146117,135.0,0.31448544811352874,17.655998613624753,18.566457699999994
568,576207200004306,177252877,2459527.025317453,59526.5287731,18.5351715,0.0496247895,0,zr,186.3261117,18.3060485,1.06400001,0.0890000015,20211108528762,576,0x7,0x2,20.1900005,26.2926178,0.0377745703,0.117075741,5.87570576e-05,30,2.00099993,1,0.13993662649450178,136.0,0.3184602700934188,17.642361852241926,18.535171499999997
569,576207200004306,177253130,2459527.0278524375,59526.5313079,18.5759315,0.0511106178,0,zr,186.3260417,18.306009,0.649999976,-0.0500000007,20211108531296,576,0x7,0x2,20.6000004,26.2944527,0.0334994718,0.120797969,4.56219386e-05,30,1.95599997,1,0.13478060453731258,136.0,0.3102120314947173,17.67085340548693,18.575931500000003
570,576207200004306,177253383,2459527.030375723,59526.533831,18.5356007,0.049640175,0,zr,186.3260364,18.3060695,0.785000026,0.00800000038,20211108533831,576,0x7,0x2,20.9300003,26.295126,0.0277293175,0.119241595,3.15157195e-05,30,1.91400003,1,0.1398813193857021,136.0,0.3153127463431069,17.653146181958455,18.535600699999996
571,576207200004306,177253636,2459527.032910606,59526.5363657,18.4979286,0.0483101718,0,zr,186.3260387,18.3060739,0.855000019,-0.0189999994,20211108536366,576,0x7,0x2,20.8700008,26.2984371,0.0272104125,0.119602852,3.06123839e-05,30,1.87399995,1,0.14482000562062539,136.0,0.3202514325780301,17.636272297132727,18.4979286
572,576207200004306,177253891,2459527.03545709,59526.538912,18.4834652,0.0478105359,0,zr,186.32603,18.3060713,0.657999992,0.0270000007,20211108538900,576,0x7,0x2,20.6000004,26.2999783,0.0326921418,0.126283929,4.33300484e-05,30,1.83500004,1,0.14676210088125283,136.0,0.3221935278386576,17.629707969632072,18.483465200000005
573,576207200004306,178250479,2459537.002095729,59536.5047917,18.4862289,0.0479055382,0,zr,186.3260203,18.3060756,0.667999983,0.0700000003,20211118504792,576,0x7,0x2,20.2800007,26.2905083,0.0372046381,0.112118781,5.69164222e-05,30,1.94299996,1,0.14638899862460067,146.0,0.3218204255820054,17.630965987944542,18.486228900000008
574,576207200004306,178448813,2459538.9856027276,59538.4881366,18.492403,0.0481185801,0,zr,186.3260348,18.3060565,0.855000019,-0.0280000009,20211120488125,576,0x7,0x2,20.2800007,26.2960072,0.0323816799,0.110862754,4.25268227e-05,30,2.15700006,1,0.14555891175438843,148.0,0.293763407294647,17.730005757917915,18.492403000000003
575,576207200004306,179652841,2459551.0269278246,59550.5284144,18.5035133,0.0485047325,0,zr,186.3260618,18.3060424,0.523000002,-0.00800000038,20211202528403,576,0x7,0x2,21.5499992,26.3492908,0.0244413223,0.119782507,2.43157538e-05,30,1.31500006,1,0.1440770076503468,160.0,0.2875456272524133,17.753233080986256,18.5035133
576,1571214100006217,186845802,2459622.9626119654,59622.4580208,18.4547405,0.0434973538,0,zr,186.3260662,18.3060666,1.153,0.00300000003,20220212458009,1571,0xe,0x1,20.2000008,26.2542305,0.0330783464,0.113043368,4.23766542e-05,30,1.05499995,2,0.15069672008654578,232.0,0.26970844902662433,17.822763621000085,18.454740500000007
577,576207200004306,186937935,2459623.8839932103,59623.3793519,18.5072727,0.0486362204,0,zr,186.3260592,18.3060556,0.839999974,0.0900000036,20220213379340,576,0x7,0x2,21.0200005,26.3659019,0.0251426976,0.108117193,2.54441238e-05,30,1.11399996,1,0.14357899860140258,233.0,0.19163958195946984,18.193786962945474,18.50727270000001
578,576207200004306,187141335,2459625.918104425,59625.4133565,18.5556889,0.0503664799,0,zr,186.326062,18.3060351,0.465000004,0.0109999999,20220215413345,576,0x7,0x2,20.6700001,26.3743668,0.0287101921,0.109874539,3.35417135e-05,30,1.046,1,0.13731704214306573,235.0,0.1848696784069787,18.232835785655276,18.5556889
579,576207200004306,188439633,2459638.9016183596,59638.396331,18.5591698,0.0504935607,0,zr,186.3260368,18.3060637,0.939999998,0.0989999995,20220228396018,576,0x7,0x2,21.2199993,26.3431377,0.0257335473,0.122663215,2.66273419e-05,30,1.03400004,2,0.13687750490689599,248.0,0.18343630094166413,18.24128678973178,18.5591698
580,576207200004306,188446381,2459638.9691088833,59638.4638194,18.522213,0.0491627902,0,zr,186.3260586,18.3060661,0.60799998,-0.0700000003,20220228463808,576,0x7,0x2,20.9400005,26.2770042,0.0243527982,0.122364357,2.38983703e-05,30,1.09000003,2,0.1416168075777876,248.0,0.18236662494432102,18.247636598253216,18.522213
581,576207200004306,188544443,2459639.9497526563,59639.4444329,18.5711632,0.0509342216,0,zr,186.3261122,18.3061194,0.925999999,-0.00600000005,20220301444410,576,0x7,0x2,20.5400009,26.3618832,0.032043878,0.118897714,4.20310025e-05,30,1.06099999,1,0.13537383119761343,249.0,0.17612364856414683,18.28545581576943,18.571163199999994
582,576207200004306,188731212,2459641.817502799,59641.3121296,18.6007385,0.052039545,0,zr,186.3260507,18.3060498,0.768000007,0.0659999996,20220303312106,576,0x7,0x2,21.3899994,26.2082405,0.0252020117,0.116985932,2.5901074e-05,30,1.16799998,1,0.13173603867706365,251.0,0.17208144801122652,18.310664870384592,18.6007385
583,576207200004306,191636668,2459670.8721707733,59670.3666898,18.6215515,0.052833505,0,zr,186.3260608,18.3060651,0.602999985,-0.0260000005,20220401366678,576,0x7,0x2,21.7299995,26.345644,0.0245882664,0.109285817,2.47018215e-05,30,1.07099998,2,0.12923477766424288,280.0,0.16878788810905695,18.331646801801476,18.621551500000002
584,576207200004306,191735622,2459671.861687612,59671.3562269,18.609211,0.0523611195,0,zr,186.3260715,18.3060515,0.54400003,0.00899999961,20220402356215,576,0x7,0x2,21.7700005,26.3830605,0.0252843611,0.106558532,2.61181103e-05,30,1.05900002,2,0.13071204220720276,281.0,0.16085457916900237,18.383916427991103,18.609210999999995
585,576207200004306,192133967,2459675.845039531,59675.3396759,18.5462112,0.0500223227,0,zr,186.3260539,18.306039,0.833999991,0.0109999999,20220406339664,576,0x7,0x2,21.4799995,26.2918797,0.0237915944,0.11462266,2.35073203e-05,30,1.05200005,2,0.13852096870604674,285.0,0.16839711086990194,18.334163409525935,18.546211199999995
586,576207200004306,192315912,2459677.6644314826,59677.1591204,18.5808048,0.0512916148,0,zr,186.3260624,18.3060566,1.21300006,-0.00499999989,20220408159109,576,0x7,0x2,20.6200008,26.2122688,0.030636631,0.110681027,3.92440088e-05,30,1.47300005,2,0.13417700078358352,287.0,0.16301966186804195,18.369400030005046,18.580804800000003
587,576207200004306,192336587,2459677.8711844506,59677.3658796,18.6288891,0.0531166233,0,zr,186.3260567,18.3060618,1.079,-0.0799999982,20220408365868,576,0x7,0x2,21.2999992,26.2984982,0.0243035741,0.114486076,2.46871296e-05,30,1.10899997,2,0.12836433049040752,287.0,0.15670882520405485,18.412266362856947,18.628889100000002
588,576207200004306,192336684,2459677.872145122,59677.3668403,18.6035061,0.0521443225,0,zr,186.3260644,18.3060429,0.592999995,-0.0250000004,20220408366829,576,0x7,0x2,21.3999996,26.2970943,0.0246837251,0.116921298,2.51468809e-05,30,1.11099994,1,0.13140066405247727,287.0,0.1597451587661246,18.39143073672698,18.603506099999997
589,576207200004306,192437965,2459678.8849259033,59678.3796528,18.5910473,0.0516743921,0,zr,186.326042,18.3060584,1.33299994,-0.0130000003,20220409379641,576,0x7,0x2,21.2299995,26.3036919,0.0264358651,0.111987956,2.86790273e-05,30,1.15600002,2,0.13291716818097002,288.0,0.16126166289461735,18.381172165412217,18.591047300000007
590,576207200004306,192519019,2459679.695443409,59679.1901968,18.5600681,0.0505264327,0,zr,186.3260668,18.3060596,0.414000005,-0.0419999994,20220410190185,576,0x7,0x2,20.9400005,26.2995815,0.0246298797,0.109215878,2.47923563e-05,30,1.24199998,2,0.13676430410271598,289.0,0.16486419432459662,18.357184138568293,18.560068100000002
591,576207200004306,192524902,2459679.754272481,59679.2490278,18.6063538,0.0522524156,0,zr,186.326064,18.3060253,0.952000022,0.0399999991,20220410249016,576,0x7,0x2,21.1800003,26.3328304,0.0257111471,0.113086917,2.66396546e-05,30,1.06700003,1,0.1310564742019077,289.0,0.1589146852453475,18.397089919877565,18.6063538
592,576207200004306,192524998,2459679.7552330485,59679.2499884,18.5877342,0.0515502393,0,zr,186.3260496,18.3060411,0.182999998,0.00899999961,20220410249977,576,0x7,0x2,21.0699997,26.3262024,0.0244362801,0.113097526,2.40630798e-05,30,1.06599998,2,0.13332338143821465,289.0,0.16118159248165445,18.381711394232305,18.587734199999993
593,576207200004306,192633809,2459680.8432977553,59680.3380903,18.5941029,0.0517891943,0,zr,186.3260538,18.3061332,1.21399999,-0.0460000001,20220411338044,576,0x7,0x2,20.2000008,26.3268871,0.0314493254,0.113670334,4.10854191e-05,30,1.06900001,2,0.1325436237339653,290.0,0.1604018347774051,18.386976670722753,18.594102900000003
594,576207200004306,192829487,2459682.800008914,59682.2948727,18.5079327,0.0486593209,0,zr,186.3261116,18.3060721,0.55400002,-0.0309999995,20220413294873,576,0x7,0x2,20.4699993,26.3489914,0.026065534,0.107622035,2.74935392e-05,30,1.03299999,1,0.14349174596823544,292.0,0.17111115882675482,18.316804168741335,18.507932700000005
595,576207200004306,193123268,2459685.7377040447,59685.2326852,18.5823574,0.0513494201,0,zr,186.3260449,18.3060827,1.046,0.119000003,20220416232593,576,0x7,0x2,20.4200001,26.3393154,0.0339918211,0.109680809,4.7496349e-05,30,1.06700003,1,0.13398526513854556,295.0,0.16113555137851904,18.382021576261856,18.5823574
596,576207200004306,193431603,2459688.8209126876,59688.3160301,18.6650658,0.0545373373,0,zr,186.3260675,18.3060081,1.24899995,-0.158000007,20220419316019,576,0x7,0x2,20.1000004,26.2377872,0.0331939384,0.107532836,4.49371546e-05,30,1.06900001,1,0.12415770607268817,298.0,0.1506248476834463,18.45525844813246,18.6650658
597,576207200004306,194024753,2459694.75211883,59694.2475347,18.5868912,0.0515187047,0,zr,186.3260653,18.306046,1.12399995,-0.0130000003,20220425247523,576,0x7,0x2,21.5100002,26.2627296,0.0236463267,0.116611749,2.31187041e-05,30,1.03299999,1,0.13342693813417597,304.0,0.15923462339202768,18.394906237331035,18.586891200000004
598,576207200004306,194225396,2459696.7584426417,59696.2539699,18.5637817,0.0506625026,0,zr,186.3260578,18.3060479,1.09399998,-0.0149999997,20220427253970,576,0x7,0x2,21.5599995,26.3103771,0.0254230388,0.110133387,2.62017347e-05,30,1.03299999,1,0.1362973211199279,306.0,0.16085307681908995,18.38392656859957,18.5637817
599,576207200004306,194528934,2459699.793634954,59699.2893403,18.5630035,0.0506339483,0,zr,186.3260556,18.3060398,0.448000014,0.0160000008,20220430289340,576,0x7,0x2,21.6299992,26.3087463,0.0284283459,0.108747184,3.29251379e-05,30,1.074,1,0.1363950470642721,309.0,0.1605522985964306,18.385958680855644,18.5630035
600,1571214100006217,195320002,2459707.703803156,59707.2000231,18.5774727,0.0473251939,0,zr,186.3260661,18.3060614,1.16999996,0.0869999975,20220508200023,1571,0xe,0x1,20.9099998,26.2304268,0.0265008975,0.105107293,2.64737064e-05,30,1.05400002,2,0.13458941951026202,317.0,0.15816562788474767,18.402219725640144,18.57747270000001
601,576207200004306,195324512,2459707.7489042226,59707.2451273,18.6407452,0.0535776876,0,zr,186.3260572,18.3060814,0.716000021,0.00400000019,20220508245000,576,0x7,0x2,20.7900009,26.3471279,0.0277023464,0.120480284,3.13845849e-05,30,1.04499996,1,0.12697023400760798,317.0,0.1490891903743215,18.466384609190577,18.640745200000005
602,576207200004306,195325681,2459707.760593209,59707.2568171,18.5771427,0.0511555411,0,zr,186.3260556,18.3060582,0.703999996,-0.0540000014,20220508256817,576,0x7,0x2,21.2399998,26.3474293,0.0245814472,0.113547549,2.49666537e-05,30,1.05799997,1,0.134630333001614,317.0,0.15674928936832752,18.41198604847778,18.577142700000003
603,576207200004306,195417186,2459708.675575556,59708.1718634,18.4603462,0.0470242389,0,zr,186.3260874,18.30608,1.21399999,-0.0260000005,20220509171863,576,0x7,0x2,19.5799999,26.3160362,0.0442155451,0.127666861,8.19157067e-05,30,1.06400001,2,0.1499206719251438,318.0,0.17203962829185732,18.310928761129695,18.460346199999996
604,576207200004306,195522274,2459709.7263807715,59709.2227431,18.533987,0.0495823361,0,zr,186.3260753,18.3060675,0.555000007,-0.0309999995,20220510222720,576,0x7,0x2,20.4400005,26.2455025,0.0283297598,0.117221482,3.30844305e-05,30,1.03400004,1,0.14008937573749844,319.0,0.16203508456567683,18.375977349699617,18.533987000000003
605,576207200004306,195523620,2459709.73984041,59709.2362037,18.6191864,0.0527426004,0,zr,186.3261045,18.3060588,0.526000023,0.00899999961,20220510236181,576,0x7,0x2,20.9200001,26.3347645,0.0272484683,0.114454798,3.10536889e-05,30,1.04200006,1,0.1295166014821033,319.0,0.15129095144860596,18.45046761473143,18.619186399999997
606,576207200004306,196022885,2459714.73212248,59714.2288542,18.621624,0.0528363027,0,zr,186.3260738,18.3060415,0.416000009,-0.0160000008,20220515228843,576,0x7,0x2,20.3700008,26.3381691,0.0405492969,0.130216554,6.74529292e-05,30,1.04700005,1,0.12922614830425552,324.0,0.15100049827075818,18.452554049053767,18.621624000000004
607,576207200004306,196321084,2459717.7138825003,59717.2108449,18.5666084,0.0507663526,0,zr,186.3260647,18.3060392,0.361000001,0.00600000005,20220518210845,576,0x7,0x2,21.3600006,26.3179607,0.0239528865,0.111283526,2.35663465e-05,30,1.03900003,1,0.1359429343489566,327.0,0.15688792277435906,18.411026217742823,18.5666084
608,576207200004306,196519295,2459719.6958316052,59719.1929514,18.5919418,0.0517079569,0,zr,186.3260441,18.3060695,1.62100005,0.0680000037,20220520192951,576,0x7,0x2,21.4099998,26.3341961,0.0227231197,0.115777329,2.16128446e-05,30,1.03299999,1,0.13280770748195683,329.0,0.1532761398912011,18.43631361351776,18.591941799999994
609,576207200004306,196523604,2459719.7389184423,59719.2360417,18.5370159,0.0496909432,0,zr,186.326081,18.3060489,0.66900003,0.0179999992,20220520236030,576,0x7,0x2,21.6000004,26.3622456,0.0239398666,0.106849596,2.35510306e-05,30,1.07700002,1,0.139699110223739,329.0,0.15985822246155082,18.390662551157625,18.537015899999993
610,576207200004306,197220818,2459726.7104826863,59726.2081829,18.5713482,0.0509410426,0,zr,186.3260534,18.3060492,0.611999989,0.0890000015,20220527208171,576,0x7,0x2,21.6800003,26.36483,0.023052929,0.112422481,2.17882643e-05,30,1.06200004,1,0.13535076664000714,336.0,0.15550987887781897,18.420605042222313,18.571348199999996
611,576207200004306,197819510,2459732.696884542,59732.1951042,18.5862331,0.0514941029,0,zr,186.3260783,18.30603,0.597000003,0.00200000009,20220602195104,576,0x7,0x2,21.5599995,26.3428402,0.0242812708,0.111733943,2.39283472e-05,30,1.06700003,1,0.13350783705299332,342.0,0.15263438653083258,18.440869036230332,18.58623310000001
612,576207200004306,198022309,2459734.72469069,59734.2230903,18.5746155,0.0510618687,32768,zr,186.3260376,18.3060615,0.44600001,-0.0289999992,20220604223079,576,0x7,0x2,20.4899998,25.7861481,0.0399741977,0.103232183,6.4312233e-05,30,1.14499998,1,0.1349440685651269,344.0,0.1532435682483176,18.436544360260108,18.5746155
613,576207200004306,198218427,2459736.685695642,59736.1842708,18.592783,0.0517395809,0,zr,186.3260599,18.3060517,1.421,0.0500000007,20220606184259,576,0x7,0x2,21.2999992,26.3454666,0.0253327899,0.118259378,2.60410579e-05,30,1.06799996,1,0.13270485139574553,346.0,0.1507398050202737,18.454430127043516,18.592783000000004
614,576207200004306,198619025,2459740.6913168817,59740.1902546,18.5805092,0.0512806177,0,zr,186.3260333,18.30606,0.689999998,-0.0430000015,20220610190255,576,0x7,0x2,20.5100002,26.3108997,0.0430131964,0.123604797,7.50097097e-05,30,1.10000002,1,0.1342135364733647,350.0,0.1519892756491762,18.445467636892964,18.5805092
615,576207200004306,198823353,2459742.7344058296,59742.2335301,18.6075668,0.0522985458,0,zr,186.3260764,18.3060593,1.20299995,-0.211999997,20220612233530,576,0x7,0x2,20.2099991,26.2818165,0.0315588564,0.125539571,4.08233209e-05,30,1.27600002,1,0.1309101377962933,352.0,0.1481829046156442,18.47300474155538,18.607566799999994
616,576207200004306,199519423,2459749.6944716056,59749.1942361,18.6067181,0.0522662774,0,zr,186.3260286,18.3060543,0.574000001,-0.050999999,20220619194236,576,0x7,0x2,20.8999996,26.333477,0.02789554,0.115813352,3.16305668e-05,30,1.18599999,1,0.13101250784578566,359.0,0.14804125787688777,18.474043083620266,18.606718100000002
617,576207200004306,199723423,2459751.734283328,59751.2342361,18.6546307,0.0541232973,0,zr,186.3260594,18.3060711,1.17799997,0.0309999995,20220621234236,576,0x7,0x2,20.9899998,26.2773457,0.0250999928,0.118103385,2.60339784e-05,30,1.43799996,1,0.12535674882099143,361.0,0.14156856933314205,18.522582892045584,18.654630700000006
618,576207200004306,200124440,2459755.7440874013,59755.2444097,18.5254364,0.0492772534,0,zr,186.3260559,18.3060689,0.629000008,-0.0769999996,20220625244398,576,0x7,0x2,20.9400005,26.2866459,0.025389323,0.121216953,2.68652111e-05,30,1.63399994,1,0.14119699044221415,365.0,0.15718553487855688,18.408968556865453,18.525436399999997
619,576207200004306,204016853,2459794.66498125,59794.1685301,18.5829525,0.051371634,0,zr,186.3260432,18.3060456,0.774999976,0.0179999992,20220803168507,576,0x7,0x2,20.3899994,26.0898895,0.0354721211,0.136811987,5.10075552e-05,30,2.09299994,2,0.13391184695155206,404.0,0.1494666403382213,18.463639318243473,18.582952499999998
620,576207200004306,204016999,2459794.6664510495,59794.17,18.6099129,0.0523878671,0,zr,186.326061,18.3060647,0.723999977,0.0500000007,20220803169954,576,0x7,0x2,20.4400005,26.0927734,0.0353020094,0.136069641,5.00535825e-05,30,2.12299991,2,0.13062756760603483,404.0,0.14270526785346546,18.513899987369918,18.609912900000005
621,576207200004306,204017145,2459794.6679092497,59794.1714583,18.5897331,0.0516251214,0,zr,186.3260663,18.3060585,1.29299998,-0.143999994,20220803171412,576,0x7,0x2,20.5300007,26.0475712,0.0334636681,0.129892468,4.49218242e-05,30,2.15400004,2,0.1330781515786948,404.0,0.14515585182612542,18.495413628231,18.589733099999997
622,576207200004306,204017292,2459794.669379049,59794.1729282,18.550869,0.050191123,0,zr,186.326079,18.3060674,0.91900003,-0.0810000002,20220803172882,576,0x7,0x2,20.4300003,26.0896778,0.0346121676,0.1210142,4.80235576e-05,30,2.18600011,2,0.13792798766308317,404.0,0.1500056879105138,18.459730682672195,18.550869
623,576207200004306,204017438,2459794.670837347,59794.1743866,18.5081902,0.0486683473,0,zr,186.3260633,18.3060876,0.688000023,-0.063000001,20220803174352,576,0x7,0x2,20.5100002,26.070982,0.0365483053,0.111355588,5.39438952e-05,30,2.2190001,2,0.1434577186020789,404.0,0.15553541884950953,18.420426742327116,18.508190199999994
624,576207200004306,204316668,2459797.662942302,59797.1666898,18.5657082,0.0507332571,0,zr,186.3260386,18.3060857,0.437000006,-0.0120000001,20220806166655,576,0x7,0x2,20.1700001,26.2262077,0.0394222699,0.116693817,6.34746248e-05,30,2.23000002,2,0.13605569339189683,407.0,0.14813339363932745,18.473367569117265,18.565708199999996
625,576207200004306,204316811,2459797.664365809,59797.1681134,18.5539017,0.0503013842,0,zr,186.3260485,18.3060875,0.35800001,0.0480000004,20220806168102,576,0x7,0x2,20.1399994,26.2303963,0.0342413336,0.114212967,4.81965581e-05,30,2.26300001,2,0.13754326202158235,407.0,0.14940075367408995,18.464118029131647,18.553901700000004
626,576207200004306,204316953,2459797.665789319,59797.169537,18.5343456,0.0495951883,0,zr,186.3261021,18.3060478,0.611000001,-0.0920000002,20220806169525,576,0x7,0x2,20.0,26.2068329,0.037616577,0.121459953,5.75138256e-05,30,2.2980001,2,0.14004311426553098,407.0,0.15190060591803858,18.446101234429015,18.5343456
627,576207200004306,204416593,2459798.6621260047,59798.1659375,18.4737988,0.0474799238,0,zr,186.3260538,18.3060512,0.528999984,0.0399999991,20220807165903,576,0x7,0x2,20.3099995,26.1803093,0.0358809941,0.110849053,5.32330014e-05,30,2.27600002,2,0.14807456994929366,408.0,0.15993206160180126,18.390161161132234,18.473798800000004
628,576207200004306,204416736,2459798.6635495126,59798.1673611,18.5761261,0.0511178263,0,zr,186.3260552,18.3060326,0.949000001,-0.0719999969,20220807167350,576,0x7,0x2,20.3799992,26.1806602,0.0322815962,0.123717636,4.26231272e-05,30,2.31200004,2,0.13475644953983126,408.0,0.14654180654921725,18.485096147088747,18.576126100000003
629,576207200004306,204417164,2459798.6678316332,59798.1716435,18.5929737,0.0517467447,0,zr,186.326022,18.3060632,1.13900006,0.0260000005,20220807171632,576,0x7,0x2,20.3199997,26.1505318,0.031369891,0.113239147,4.0697425e-05,30,2.42499995,2,0.13268154500444956,408.0,0.14446690201383555,18.500579100594386,18.59297370000001
630,576207200004306,204516515,2459799.661276141,59799.1651505,18.5662727,0.050754033,32768,zr,186.3260672,18.3060994,0.84799999,0.142000005,20220808165116,576,0x7,0x2,19.8899994,27.5208397,0.223688722,0.0703343377,0.00273672119,30,2.32500005,2,0.1359849731966224,409.0,0.14777033020600838,18.476031890517923,18.566272700000006
631,576207200004306,204516657,2459799.662699652,59799.1665741,18.5771046,0.0511541218,32768,zr,186.3260731,18.3060045,1.13800001,0.0879999995,20220808166562,576,0x7,0x2,19.9300003,26.1806355,0.0706472844,0.110611416,0.000201245988,30,2.36199999,2,0.1346350574509451,409.0,0.14634890238509343,18.48652632605266,18.577104600000006
632,576207200004306,204516799,2459799.664123157,59799.1679977,18.5307522,0.049466677,32768,zr,186.3260099,18.3059953,0.637000024,0.0850000009,20220808167986,576,0x7,0x2,19.8099995,25.8642635,0.0865895525,0.108027704,0.000323510874,30,2.39899993,2,0.14050737492258514,409.0,0.15222121985673348,18.44381200517646,18.530752200000002
633,576207200004306,204516942,2459799.665546669,59799.1694213,18.5661373,0.0507490374,0,zr,186.3260557,18.306091,0.414000005,-0.0399999991,20220808169410,576,0x7,0x2,19.8899994,26.0376816,0.0428051986,0.122495972,7.79238762e-05,30,2.43899989,2,0.13600193266930366,409.0,0.147715777603452,18.47643278744517,18.5661373
634,576207200004306,204517084,2459799.6669701794,59799.1708449,18.4217644,0.0457455181,32768,zr,186.326062,18.3060356,0.444000006,0.0379999988,20220808170833,576,0x7,0x2,19.9500008,26.0392532,0.0591781139,0.109092981,0.000145232247,30,2.48000002,2,0.1553439128147471,409.0,0.16705775774889545,18.342833379991156,18.421764399999994
635,576207200004306,204815086,2459802.646812816,59802.1508681,18.6501198,0.0539453812,32768,zr,186.3260923,18.3060557,0.586000025,0.00100000005,20220811150475,576,0x7,0x2,19.3600006,26.2160721,0.0534550026,0.0952637792,0.000136571907,30,2.1789999,2,0.12587865097816117,412.0,0.13759249591230951,18.553513128055492,18.65011979999999
636,576207200004306,204815328,2459802.649231569,59802.153287,18.6709824,0.0547736473,0,zr,186.3260624,18.3060777,0.504000008,0.0289999992,20220811153218,576,0x7,0x2,19.8099995,26.2239761,0.041158244,0.119480655,7.03483456e-05,30,2.23600006,2,0.1234829624530366,412.0,0.13498593913400433,18.574278669031877,18.670982400000007
637,576207200004306,204815570,2459802.651650418,59802.155706,18.653656,0.0540847778,0,zr,186.3259712,18.3060421,0.493999988,0.0649999976,20220811155637,576,0x7,0x2,19.7299995,26.1936836,0.0419981927,0.122227594,7.46937003e-05,30,2.29399991,2,0.1254693360993198,412.0,0.13697231278028751,18.558418027764993,18.653656000000005
638,576207200004306,204815813,2459802.6540808785,59802.1581366,18.5853138,0.0514597148,0,zr,186.3260666,18.3060419,0.345999986,-0.0219999999,20220811158067,576,0x7,0x2,19.9099998,26.176342,0.0393347479,0.114031889,6.38585116e-05,30,2.35500002,2,0.13362092688869492,412.0,0.14512390356966265,18.495652620983456,18.5853138
639,576207200004306,205115946,2459805.655240756,59805.1594676,18.5274849,0.0493501425,32768,zr,186.3260742,18.3060239,0.352999985,-0.0299999993,20220814159398,576,0x7,0x2,19.9099998,25.7259502,0.0547956228,0.126481473,0.000124225509,30,2.63499999,2,0.1409308398402737,415.0,0.1524338165212414,18.44229669175261,18.527484899999997
640,576207200004306,205214748,2459806.6432076646,59806.1474884,18.4420357,0.0464122072,0,zr,186.3260488,18.3060556,0.414000005,-0.0680000037,20220815147083,576,0x7,0x2,19.25,26.1010628,0.049697414,0.125473663,0.000136949137,30,2.3599999,2,0.15247046331520517,416.0,0.1637679357792424,18.36442781256347,18.442035699999998
641,576207200004306,205214991,2459806.645638129,59806.149919,18.5299225,0.0494370572,0,zr,186.32603,18.3060472,0.829999983,-0.137999997,20220815149838,576,0x7,0x2,19.7199993,26.0920734,0.0491055846,0.129421145,0.000104824612,30,2.42799997,2,0.14061478915781217,416.0,0.15184492237341998,18.44649931529242,18.529922500000005
642,576207200004306,205215234,2459806.648068498,59806.1523495,18.5092735,0.048706349,0,zr,186.326067,18.3059857,0.569999993,-0.0769999996,20220815152269,576,0x7,0x2,19.6900005,26.0954762,0.0458373763,0.120284259,8.90603114e-05,30,2.49799991,2,0.14331465416143355,416.0,0.15454478737704136,18.427364096552886,18.5092735
643,576207200004306,205215476,2459806.650487363,59806.1547685,18.6060371,0.0522403643,0,zr,186.3260398,18.3060289,0.74000001,0.0529999994,20220815154699,576,0x7,0x2,20.0200005,26.066309,0.0396766737,0.120279618,6.37918565e-05,30,2.5710001,2,0.13109470783471686,416.0,0.14232484105032467,18.516798231350414,18.6060371
644,576207200004306,205215719,2459806.6529178265,59806.1571991,18.6306801,0.0531859659,0,zr,186.3260026,18.306056,0.162,-0.0280000009,20220815157118,576,0x7,0x2,20.1200008,26.0660305,0.0391390249,0.137072399,6.21875806e-05,30,2.6500001,2,0.12815275883939317,416.0,0.13938289205500098,18.539476321370948,18.6306801
645,576207200004306,205314662,2459807.6422864017,59807.1466204,18.3759689,0.0442807525,32768,zr,186.3259988,18.3060189,0.586000025,-0.0790000036,20220816146215,576,0x7,0x2,18.9200001,26.1039391,0.0457028411,0.0886050463,0.00013115404,30,2.41000009,2,0.16203634560230193,417.0,0.17326647881790974,18.303213625998872,18.375968899999997
646,576207200004306,205314905,2459807.6447167723,59807.1490509,18.5716057,0.0509505533,0,zr,186.3260182,18.3060704,0.275999993,-0.023,20220816148981,576,0x7,0x2,19.4300003,26.061739,0.0469197705,0.123582706,0.000107472784,30,2.48099995,2,0.13531866981056853,417.0,0.14648203447258687,18.485539091992514,18.5716057
647,576207200004306,205315148,2459807.6471472452,59807.1514815,18.6383438,0.0534839183,32768,zr,186.3260825,18.3060697,0.42899999,0.0920000002,20220816151400,576,0x7,0x2,19.8299999,26.0625515,0.0514586754,0.10925933,0.000111096961,30,2.5539999,2,0.12725137390037602,417.0,0.13841473856239436,18.547044158088305,18.638343799999994
648,576207200004306,205315390,2459807.6495661116,59807.1539005,18.5190907,0.0490521714,0,zr,186.3260324,18.3060497,0.44600001,0.0199999996,20220816153831,576,0x7,0x2,19.9799995,26.0392933,0.035294503,0.122017235,5.07662589e-05,30,2.63199997,2,0.1420246474844486,417.0,0.15318801214646693,18.436938048611403,18.5190907
649,576207200004306,205315633,2459807.6519964817,59807.156331,18.5225029,0.0491730645,0,zr,186.3260447,18.3060744,0.684000015,-0.0810000002,20220816156250,576,0x7,0x2,19.6599998,26.0007725,0.0534485653,0.148802444,0.000126462488,30,2.71399999,2,0.14157899983787742,417.0,0.15274236449989576,18.440101226665142,18.5225029
650,576207200004306,212453468,2459879.0303955325,59878.5346875,18.6074524,0.0522941947,0,zr,186.3260444,18.3060826,0.656000018,0.00400000019,20221026534653,576,0x7,0x2,20.3199997,26.2269459,0.0381959714,0.0998675749,5.97529433e-05,30,2.79399991,1,0.13092393203905206,488.0,0.1420872967010704,18.518611870966716,18.607452399999993
651,576207200004306,212453707,2459879.032779963,59878.5370718,18.4944935,0.0481909811,0,zr,186.3260803,18.3060642,0.345999986,-0.0379999988,20221026537037,576,0x7,0x2,20.0900002,26.2259369,0.0412727259,0.119785517,6.92251197e-05,30,2.70700002,1,0.14527891911210203,488.0,0.15285154888125446,18.439325390264692,18.494493499999997
652,576207200004306,212453946,2459879.0351758986,59878.5394676,18.542635,0.0498931482,0,zr,186.3260147,18.3060414,0.688000023,0.0579999983,20221026539421,576,0x7,0x2,19.8500004,26.220089,0.0350444168,0.120950647,5.10550817e-05,30,2.62599993,1,0.13897798158102165,488.0,0.14655061135017408,18.485030913799896,18.542634999999997
653,576207200004306,212454185,2459879.037560329,59878.5418519,18.4615059,0.0470633283,0,zr,186.3260946,18.3060422,0.204999998,-0.0439999998,20221026541817,576,0x7,0x2,19.6100006,26.2149334,0.0399500653,0.118301019,7.06057763e-05,30,2.54999995,1,0.14976062367219783,488.0,0.15733325344135027,18.407948691537932,18.4615059
654,576207200004306,212454423,2459879.0399446622,59878.5442361,18.4876366,0.0479540229,0,zr,186.326034,18.3059904,0.855000019,-0.0109999999,20221026544201,576,0x7,0x2,19.0400009,26.2620773,0.0417013988,0.118426442,0.00010701031,30,2.47799993,1,0.1461993224766982,488.0,0.15377195224585063,18.43280717979689,18.487636599999995
655,576207200004306,212553909,2459880.034860877,59879.5390972,18.5110817,0.0487698354,32768,zr,186.3260068,18.3060318,0.577000022,-0.00499999989,20221027539062,576,0x7,0x2,19.7399998,26.2207336,0.0589775965,0.128241554,0.000141863915,30,2.55100012,1,0.14307617460506777,489.0,0.1506488043742202,18.455085776898876,18.5110817
656,576207200004306,212554148,2459880.0372453216,59879.5414815,18.724556,0.0569651723,0,zr,186.3259592,18.3061649,1.05299997,-0.158999994,20221027541447,576,0x7,0x2,19.5,26.2262745,0.0518999659,0.142314717,0.000118708864,30,2.47900009,1,0.11753781147561014,489.0,0.12507257915436104,18.657094735904046,18.724556
657,576207200004306,212554386,2459880.039629647,59879.5438657,18.5435467,0.04992605,32768,zr,186.3261123,18.3060578,0.331999987,-0.0579999983,20221027543831,576,0x7,0x2,19.25,26.2372112,0.0507915616,0.116611458,0.000138633157,30,2.41199994,1,0.13886132981781663,489.0,0.14639609749656754,18.486176250446384,18.5435467
658,576207200004306,212653542,2459881.0312483963,59880.5354282,18.4808788,0.0477218032,32768,zr,186.3260201,18.3060874,0.560000002,0.0179999992,20221028535428,576,0x7,0x2,20.1000004,26.2301636,0.0470806956,0.107047036,8.94392215e-05,30,2.57999992,1,0.14711212879082483,490.0,0.15464689646957575,18.426646978024657,18.480878799999992
659,576207200004306,212653787,2459881.0336907348,59880.5378704,18.5821705,0.0513424911,0,zr,186.3260594,18.3060285,0.301999986,-0.023,20221028537778,576,0x7,0x2,20.1900005,26.2295132,0.040596202,0.114864007,6.63204337e-05,30,2.50500011,1,0.13400833151639677,490.0,0.14150551291151714,18.52306660034194,18.582170499999997
660,576207200004306,212654032,2459881.0361445784,59880.5403241,18.4914703,0.0480863415,32768,zr,186.3260458,18.3060085,0.441000015,-0.00400000019,20221028540220,576,0x7,0x2,19.8799992,26.2447834,0.0421861224,0.104237974,7.08859734e-05,30,2.43400002,1,0.14568400763542347,490.0,0.15318118903054384,18.4369864092427,18.491470299999996
661,576207200004306,212654276,2459881.038586821,59880.5427662,18.4124298,0.0454423428,32768,zr,186.3259794,18.3059499,0.953000009,-0.00700000022,20221028542674,576,0x7,0x2,19.0900002,26.2606945,0.0544694476,0.102826364,0.000168521408,30,2.36800003,1,0.15668523741637386,490.0,0.16418241881149423,18.361683375988328,18.412429800000005
662,576207200004306,212654520,2459881.041029071,59880.5452083,18.5196953,0.0490735956,0,zr,186.3260689,18.3061772,0.726000011,-0.0689999983,20221028545116,576,0x7,0x2,19.0400009,26.2530155,0.0482026674,0.121468686,0.000128798754,30,2.30500007,1,0.1419455820560361,490.0,0.14944276345115648,18.463812775488172,18.519695300000002
663,576207200004306,212753600,2459882.031885171,59881.5360069,18.567791,0.0508098714,0,zr,186.3260728,18.3060759,1.05200005,0.115999997,20221029535995,576,0x7,0x2,20.7399998,26.2306232,0.0299529992,0.116831742,3.72656032e-05,30,2.48000002,1,0.13579494389711785,491.0,0.14329212529223823,18.509444189674788,18.567790999999993
664,576207200004306,212753840,2459882.0342812142,59881.5384028,18.4746494,0.0475088879,0,zr,186.3260307,18.3060425,0.630999982,0.0179999992,20221029538391,576,0x7,0x2,20.6800003,26.2204361,0.0280435849,0.125769511,3.21139596e-05,30,2.41199994,1,0.14795860908877134,491.0,0.15541847747595122,18.421243374571254,18.474649399999997
665,576207200004306,212754079,2459882.0366771566,59881.5407986,18.5168533,0.0489731394,0,zr,186.3260639,18.3060483,0.703000009,-0.0450000018,20221029540787,576,0x7,0x2,20.4699993,26.2236595,0.0336894393,0.11675147,4.65585581e-05,30,2.34800005,1,0.1423176225031261,491.0,0.14977749089030598,18.46138362274376,18.5168533
666,576207200004306,212754318,2459882.0390615994,59881.5431829,18.5048656,0.0485520065,0,zr,186.326039,18.3060292,0.962000012,-0.0879999995,20221029543183,576,0x7,0x2,20.0,26.2626781,0.0366588943,0.114117786,5.51234843e-05,30,2.28800011,1,0.1438976693802875,491.0,0.15135753776746738,18.449989864596397,18.504865599999995
667,576207200004306,212754557,2459882.041457543,59881.5455787,18.4163933,0.0455707945,0,zr,186.3260754,18.3060672,0.368999988,0.0659999996,20221029545579,576,0x7,0x2,19.4300003,26.2561474,0.0442307517,0.123854749,9.35480202e-05,30,2.23099995,1,0.15611429781996383,491.0,0.1635741662071437,18.365713211924593,18.416393300000003
668,576207200004306,212853844,2459883.0343868574,59882.5384491,18.4416122,0.0463981703,32768,zr,186.3260923,18.3060441,0.425000012,-0.0430000015,20221030538449,576,0x7,0x2,20.1900005,26.17593,0.0489027984,0.111775652,9.99902913e-05,30,2.33800006,1,0.1525299472265174,492.0,0.15998981561369727,18.3897691552906,18.4416122
669,576207200004306,212854082,2459883.036759704,59882.5408218,18.5656128,0.0507297516,0,zr,186.3260177,18.3060112,0.805000007,0.0350000001,20221030540810,576,0x7,0x2,19.6299992,26.1090145,0.0486701615,0.124024667,0.000104528022,30,2.27900004,1,0.13606764867472684,492.0,0.1434904748264686,18.50794231818913,18.565612800000004
670,576207200004306,212854318,2459883.039120947,59882.5431829,18.4662457,0.0472234525,0,zr,186.3260986,18.3060608,0.159999996,0.0179999992,20221030543183,576,0x7,0x2,19.5100002,26.1075897,0.047019206,0.128150284,0.000103757258,30,2.22300005,1,0.1491082660793923,492.0,0.15653109223113404,18.41349846089711,18.466245699999995
671,576207200004306,212854555,2459883.0414937935,59882.5455556,18.4453545,0.046522446,0,zr,186.3260878,18.3060808,0.495000005,0.00100000005,20221030545544,576,0x7,0x2,19.5200005,26.2026901,0.0419023968,0.111896001,7.98871988e-05,30,2.17000008,1,0.1520051142021175,492.0,0.15942794035385924,18.393588911268417,18.4453545
672,576207200004306,212854791,2459883.043855033,59882.5479167,18.4703751,0.0473634675,32768,zr,186.3261634,18.3060463,0.200000003,0.305999994,20221030547917,576,0x7,0x2,19.1299992,26.2727337,0.0505493134,0.110288821,0.000158271272,30,2.11999989,1,0.14854223701061084,492.0,0.1559650631623526,18.41743168640668,18.470375100000005
673,576207200004306,212953864,2459884.0346441916,59883.5386458,18.5447483,0.0499694496,0,zr,186.326036,18.3060487,0.887000024,0.00400000019,20221031538634,576,0x7,0x2,20.7000008,26.2462597,0.0300978795,0.120746367,3.75512136e-05,30,2.26600003,1,0.1387077349792382,493.0,0.14613056113097994,18.488147370113474,18.544748300000002
674,576207200004306,212954100,2459884.0370054375,59883.5410069,18.5203934,0.0490982831,0,zr,186.3260553,18.3060393,0.437000006,0.0320000015,20221031541007,576,0x7,0x2,20.6000004,26.2399044,0.0298331976,0.124767855,3.63029612e-05,30,2.21099997,1,0.14185434409199452,493.0,0.14924039630568242,18.465284015917625,18.520393399999996
675,576207200004306,212954337,2459884.0393782877,59883.5433796,18.4963722,0.0482561365,0,zr,186.3260295,18.306058,0.772000015,0.115999997,20221031543368,576,0x7,0x2,20.3299999,26.2558823,0.03514532,0.126919731,5.10649515e-05,30,2.15799999,1,0.14502775358610795,493.0,0.15241380579979585,18.44243923093085,18.496372200000003
676,576207200004306,212954574,2459884.041739536,59883.5457407,18.5640697,0.0506730974,0,zr,186.3260364,18.306077,0.753000021,-0.0370000005,20221031545741,576,0x7,0x2,20.2900009,26.2566051,0.0306711495,0.128090575,3.85002168e-05,30,2.10899997,1,0.13626117198664495,493.0,0.14364722420033285,18.506756904446796,18.564069699999997
677,576207200004306,212954811,2459884.0441123806,59883.5481134,18.5949669,0.0518217236,0,zr,186.3260717,18.3060462,1.29200006,0.0170000009,20221031548102,576,0x7,0x2,19.8600006,26.2385292,0.035960041,0.125970945,5.39076609e-05,30,2.06100011,1,0.13243819099862816,493.0,0.13982424321231607,18.536043806444916,18.594966899999996
678,576207200004306,213452873,2459889.0250576814,59888.5287384,18.6220093,0.0528511144,0,zr,186.3260807,18.306074,0.691999972,0.0219999999,20221105528738,576,0x7,0x2,20.2900009,26.0778332,0.0400472842,0.113575742,6.50399525e-05,30,2.18000007,1,0.12918029738667441,498.0,0.13656634960036232,18.561640747668797,18.622009299999995
679,576207200004306,213453123,2459889.0275578517,59888.5312384,18.6166344,0.0526447035,0,zr,186.326055,18.3060313,0.924000025,0.151999995,20221105531238,576,0x7,0x2,20.4200001,26.0984955,0.0301696192,0.124692068,3.70393864e-05,30,2.12599993,1,0.1298213855702422,498.0,0.13702750781652273,18.55798060229629,18.616634400000002
680,576207200004306,213453375,2459889.030069622,59888.53375,18.5114689,0.048783455,0,zr,186.326072,18.3060144,0.493000001,-0.0480000004,20221105533738,576,0x7,0x2,20.0900002,26.0642986,0.0434134081,0.121596776,7.76717498e-05,30,2.07500005,1,0.14302515925032075,498.0,0.15023128149660128,18.458099070345746,18.511468900000004
681,576207200004306,213453624,2459889.032569802,59888.53625,18.4857502,0.0478890464,32768,zr,186.325918,18.3060331,1.08200002,-0.0199999996,20221105536250,576,0x7,0x2,19.9500008,25.9135475,0.0418109559,0.118749686,7.11673129e-05,30,2.02699995,1,0.14645355561728063,498.0,0.15365967786356116,18.433600204035123,18.485750200000005
682,576207200004306,213453876,2459889.0350815677,59888.5387616,18.4163342,0.0455688611,32768,zr,186.3260544,18.3060573,0.300999999,0.0140000004,20221105538762,576,0x7,0x2,20.1200008,25.9331055,0.0541279092,0.115964331,0.000118343458,30,1.98199999,1,0.1561227958382446,498.0,0.16332891808452513,18.367342286892843,18.4163342
683,576207200004306,213553039,2459890.0267807595,59889.5303935,18.4965744,0.0482631326,0,zr,186.3260547,18.306079,1.25899994,0.0710000023,20221106530394,576,0x7,0x2,20.8799992,26.2633705,0.0262823664,0.112615786,2.83219269e-05,30,2.08800006,1,0.14500074713536004,499.0,0.15220686938164057,18.443914366495456,18.496574400000007
684,576207200004306,213553285,2459890.029246229,59889.5328588,18.4832249,0.0478022732,0,zr,186.3260624,18.3060538,0.763000011,-0.0599999987,20221106532859,576,0x7,0x2,20.9099998,26.2730141,0.024808269,0.12511389,2.54055958e-05,30,2.03999996,1,0.14679458652158944,499.0,0.15396549414208177,18.431441499577936,18.483224900000003
685,576207200004306,213553532,2459890.0317117,59889.5353241,18.4867897,0.0479248278,0,zr,186.3260818,18.3060552,0.992999971,-0.00600000005,20221106535324,576,0x7,0x2,20.7900009,26.2755928,0.0250356682,0.118122369,2.55859341e-05,30,1.99399996,1,0.14631340590507683,499.0,0.15348431352556915,18.43484000970809,18.486789699999996
686,576207200004306,213553778,2459890.0341771725,59889.5377894,18.4478493,0.04660552,0,zr,186.326057,18.3060536,0.779999971,0.0120000001,20221106537778,576,0x7,0x2,20.6499996,26.2856312,0.0292161107,0.118112773,3.56347591e-05,30,1.95099998,1,0.15165623847796736,499.0,0.1588271460984597,18.39768816923688,18.447849299999994
687,576207200004306,213554024,2459890.036631044,59889.5402431,18.4510574,0.0467125885,0,zr,186.3260578,18.3060686,1.24199998,0.0270000007,20221106540243,576,0x7,0x2,20.5400009,26.2808399,0.028910676,0.123786137,3.4277582e-05,30,1.90999997,1,0.15120879065923765,499.0,0.15837969827972997,18.400751221799332,18.451057400000003
688,576207200004306,214551861,2459900.0157356313,59899.5186111,18.4089279,0.045329202,32768,zr,186.3262205,18.305824,0.943000019,1.75399995,20221116518600,576,0x7,0x2,18.6700001,26.3212395,0.0483897068,0.0968045816,0.000224278658,30,1.82299995,1,0.15719142101440634,509.0,0.16436232863489866,18.360494286039973,18.408927900000002
689,576207200004306,214949224,2459903.9896904826,59903.4922454,18.4817142,0.0477504507,0,zr,186.3260341,18.3060586,0.913999975,0.0170000009,20221120492234,576,0x7,0x2,20.3099995,26.2524471,0.0338231623,0.125627846,4.62374737e-05,30,2.08699989,1,0.1469989795715539,513.0,0.1538312195329785,18.432388792432313,18.481714199999992
690,576207200004306,215247085,2459906.968550679,59906.4708565,18.4196262,0.0456758849,0,zr,186.3260743,18.3061218,0.773999989,-0.064000003,20221123470856,576,0x7,0x2,20.4300003,26.2293663,0.0347867832,0.143346727,4.87667239e-05,30,2.39299989,1,0.15565014156038193,516.0,0.16235347655583812,18.373846017936025,18.419626200000003
691,576207200004306,216053666,2459915.0350675397,59914.5366667,18.476963,0.047587838,0,zr,186.3260565,18.3060701,1.028,-0.0890000015,20221201536655,576,0x7,0x2,21.1499996,26.3392563,0.0250277352,0.116236076,2.51959373e-05,30,1.28799999,1,0.14764365912856656,524.0,0.1542526548458283,18.429418381446332,18.476963000000005
692,576207200004306,216949533,2459923.994561711,59923.4953356,18.5059757,0.0485908166,0,zr,186.3260786,18.3060683,0.275999993,-0.00899999961,20221210495324,576,0x7,0x2,20.6900005,26.3319302,0.0289482474,0.120175838,3.43885331e-05,30,1.39100003,1,0.14375061785228235,533.0,0.15011742598280875,18.458922227271522,18.5059757
693,576207200004306,217651034,2459931.0102370903,59930.5103472,18.4539757,0.0468102396,0,zr,186.3260269,18.3060665,0.947000027,0.0610000007,20221217510174,576,0x7,0x2,20.5900002,26.3520012,0.0320338346,0.112961628,4.22777157e-05,30,1.20700002,1,0.15080290928149023,540.0,0.15691265823441142,18.410855050535353,18.453975699999994
694,1571214100006217,218155076,2459936.051134226,59935.5507639,18.5065804,0.0450673886,0,zr,186.326054,18.306072,0.423999995,0.0299999993,20221222550752,1571,0xe,0x1,21.2800007,26.1946945,0.0272884965,0.108327828,2.7589138e-05,30,1.074,2,0.14367057833988348,545.0,0.14959091919724476,18.462736922967444,18.506580399999997
695,576207200004306,218350586,2459938.0064245667,59937.5058681,18.4594574,0.0469942987,0,zr,186.3260671,18.3060532,0.966000021,-0.0460000001,20221224505868,576,0x7,0x2,21.0300007,26.3690548,0.0242243726,0.108848363,2.40233549e-05,30,1.153,1,0.15004344949075185,547.0,0.15583381306529306,18.418345756350725,18.459457399999998
696,576207200004306,221445615,2459968.9594570976,59968.4561574,18.4750614,0.0475229509,0,zr,186.3260849,18.3060786,0.270000011,-0.00499999989,20230124456134,576,0x7,0x2,20.7299995,26.3666115,0.0275999568,0.121237516,2.97296756e-05,30,1.06900001,1,0.14790247447502408,578.0,0.15364203944040175,18.43372484163759,18.47506140000001
697,576207200004306,221847822,2459972.981833576,59972.4782292,18.4933605,0.0481517054,0,zr,186.326049,18.3060547,0.935000002,-0.103,20230128477905,576,0x7,0x2,21.3600006,26.3717804,0.0225094464,0.113428198,1.98399848e-05,30,1.03499997,1,0.14543060137865182,582.0,0.1504614466317027,18.456436917285934,18.4933605
698,576207200004306,222546557,2459979.9696704736,59979.4655787,18.4336281,0.046134308,0,zr,186.3260548,18.3060335,0.737999976,-0.0540000014,20230204465532,576,0x7,0x2,20.5,26.3165379,0.0305238832,0.115482911,3.78404948e-05,30,1.03299999,2,0.15365572991571594,589.0,0.15860487431074347,18.399208674738183,18.4336281
699,576207200004306,222546966,2459979.9737564404,59979.4696644,18.4974384,0.048293151,0,zr,186.3260868,18.3060625,0.477999985,-0.00800000038,20230204469653,576,0x7,0x2,20.6399994,26.3313751,0.0247374047,0.114892624,2.47426906e-05,30,1.03199995,1,0.14488540529570204,589.0,0.1496963629080118,18.461971878370314,18.4974384
700,576207200004306,223133296,2459985.837418811,59985.332963,18.5634651,0.0506508648,0,zr,186.3260782,18.3060948,0.754000008,0.0189999994,20230210332928,576,0x7,0x2,20.1200008,26.3658066,0.0350165479,0.100224577,4.94174601e-05,30,1.34599996,2,0.13633707112899981,595.0,0.14114802874130958,18.525812956965687,18.563465099999995
701,576207200004306,223148281,2459985.9872770836,59985.4828125,18.5438194,0.0499358624,0,zr,186.3260866,18.3060679,0.637000024,-0.0329999998,20230210482685,576,0x7,0x2,20.4699993,26.3792114,0.0294564441,0.11770007,3.36858429e-05,30,1.04400003,1,0.1388264569551813,595.0,0.14352361223990628,18.50769160931258,18.543819399999997
702,576207200004306,223932466,2459993.82954288,59993.3246644,18.5083981,0.0486756563,0,zr,186.326079,18.3060489,0.685000002,0.00999999978,20230218324664,576,0x7,0x2,20.75,26.2067547,0.0287266113,0.115884922,3.31850133e-05,30,1.26900005,2,0.14343025152096525,603.0,0.14812740680569023,18.473411450197865,18.5083981
703,576207200004306,226234792,2460016.85349009,60016.3479282,18.5902634,0.051644966,32768,zr,186.3260305,18.3060113,0.916999996,-0.0970000029,20230313347928,576,0x7,0x2,19.6000004,25.099556,0.0489443392,0.128768817,0.000118196091,30,1.04200006,2,0.1330131688398872,626.0,0.13756490646240116,18.553730856995195,18.590263400000005
704,576207200004306,226238009,2460016.885654857,60016.3800926,18.6006565,0.0520364307,0,zr,186.3260658,18.3060723,0.512000024,0.00300000003,20230313380093,576,0x7,0x2,20.6200008,26.23983,0.027217323,0.112084404,2.95491118e-05,30,1.03299999,1,0.13174598838957866,626.0,0.13591633633622002,18.566820851283516,18.600656500000007
705,576207200004306,227633738,2460030.842947096,60030.3373843,18.5824127,0.0513515063,0,zr,186.3260578,18.3060432,0.261999995,0.0199999996,20230327337373,576,0x7,0x2,21.4500008,26.3508244,0.0247316733,0.119871281,2.4022218e-05,30,1.03199995,2,0.1339784410164049,640.0,0.13814878896304628,18.549132294584403,18.5824127
706,576207200004306,227637559,2460030.8811526545,60030.3755903,18.5228348,0.0491848215,0,zr,186.3260531,18.3060562,0.737999976,0.0149999997,20230327375475,576,0x7,0x2,21.2800007,26.3392639,0.0252488181,0.123510987,2.54567385e-05,30,1.06299996,2,0.1415357269983559,640.0,0.1454977873022726,18.492859028202396,18.52283479999999
707,576207200004306,227637751,2460030.883073932,60030.3775116,18.5708885,0.0509241,0,zr,186.3260496,18.3060565,0.550999999,0.0130000003,20230327377512,576,0x7,0x2,21.3299999,26.3462257,0.0251970366,0.11730203,2.51970469e-05,30,1.06599998,1,0.1354080861998801,640.0,0.1393701465037968,18.539575608585714,18.570888500000002
708,576207200004306,227731481,2460031.8203657707,60031.3148148,18.5289822,0.0494035035,0,zr,186.3260442,18.3060602,0.824999988,-0.0280000009,20230328314815,576,0x7,0x2,21.2299995,26.2213001,0.0254889354,0.117564715,2.57922293e-05,30,1.03600001,2,0.14073662110620824,641.0,0.14469868141012496,18.49883856610213,18.528982199999994
709,576207200004306,227821721,2460032.722749254,60032.2172106,18.5259132,0.0492942147,0,zr,186.32605,18.3060542,0.717000008,-0.0430000015,20230329217176,576,0x7,0x2,21.1700001,26.2622166,0.0249696989,0.111303486,2.49254317e-05,30,1.27400005,2,0.14113499753403208,642.0,0.14508280959329226,18.495960106759746,18.525913199999998
710,1571214100006217,227826273,2460032.768269528,60032.2627315,18.512104,0.0452386774,0,zr,186.3260481,18.3060766,1.04100001,-0.0329999998,20230329262731,1571,0xe,0x1,21.0100002,26.1827793,0.0249266215,0.1079778,2.33277078e-05,30,1.11600006,2,0.14294152133124613,642.0,0.14687516590347838,18.48262907456175,18.512104
711,576207200004306,228226947,2460036.7749468465,60036.2694792,18.5618267,0.0505908169,0,zr,186.3260234,18.3060582,0.578000009,-0.00400000019,20230402269479,576,0x7,0x2,20.8099995,26.3549862,0.0305237938,0.111307688,3.89227571e-05,30,1.07099998,2,0.13654296209940278,646.0,0.14047660667163503,18.53098998013221,18.561826700000005
712,576207200004306,228242171,2460036.9271774385,60036.421713,18.5852661,0.0514579304,0,zr,186.3260476,18.3060676,0.779999971,-0.00300000003,20230402421713,576,0x7,0x2,20.6100006,26.329504,0.0328274108,0.114107363,4.41059165e-05,30,1.245,1,0.13362679742906677,646.0,0.13750456825357601,18.554207183050416,18.585266100000005
713,576207200004306,228842194,2460042.9272552854,60042.4219444,18.598526,0.0519559346,0,zr,186.3260565,18.3060739,0.42899999,0.0399999991,20230408421944,576,0x7,0x2,20.5799999,26.2706757,0.0404692665,0.123473339,6.69883593e-05,30,1.33399999,2,0.13200476247851348,652.0,0.13588253330302272,18.567090912577065,18.598526
714,576207200004306,228924512,2460043.75041289,60043.2451273,18.5839214,0.0514077321,0,zr,186.326085,18.306051,0.75,0.0670000017,20230409245127,576,0x7,0x2,20.7600002,26.1671753,0.0296282433,0.115871459,3.61051425e-05,30,1.08000004,2,0.1337923986798426,653.0,0.13758868650076997,18.553543188366966,18.5839214
715,576207200004306,228936465,2460043.8699346157,60043.3646528,18.518364,0.0490265004,0,zr,186.3260507,18.3060584,0.587000012,-0.0340000018,20230409364653,576,0x7,0x2,21.0300007,26.3425446,0.0261917505,0.111857228,2.84429498e-05,30,1.11099994,1,0.1421197385925594,653.0,0.14590271053352913,18.489841599621748,18.518364
716,1571214100006217,229622767,2460050.7327037966,60050.2276736,18.5161457,0.0453644693,0,zr,186.3260334,18.3060455,0.885999978,-0.0469999984,20230416227662,1571,0xe,0x1,21.1299992,26.2136307,0.0243629813,0.0948020518,2.27057608e-05,30,1.08800006,2,0.14241040449929251,660.0,0.14619337644026223,18.487680758606267,18.516145700000003
717,576207200004306,229928204,2460053.7869449323,60053.2820486,18.4331608,0.0461189225,32768,zr,186.3260989,18.3060599,1.18200004,-0.127000004,20230419282037,576,0x7,0x2,20.1700001,25.8400974,0.0398720466,0.120382458,6.47032357e-05,30,1.03400004,1,0.1537218774537067,663.0,0.15741368723521323,18.407393770280883,18.433160800000003
718,1571214100006217,230130707,2460055.8118721964,60055.3070718,18.5801544,0.047413148,0,zr,186.3260416,18.3060819,1.22800004,0.00100000005,20230421307072,1571,0xe,0x1,20.7999992,26.2179871,0.0233239755,0.105318591,2.07114208e-05,30,1.09300005,2,0.13425740232577957,665.0,0.13791121269004,18.551001056615355,18.580154400000005
719,1571214100006217,230225806,2460056.7628205298,60056.2580671,18.6181297,0.0486795418,0,zr,186.3260577,18.3060628,0.954999983,0.00600000005,20230422258067,1571,0xe,0x1,21.2800007,26.2230701,0.0264241658,0.114905007,2.70750625e-05,30,1.051,2,0.12964271573881236,666.0,0.13327154008550898,18.588156458863175,18.618129700000004
720,1571214100006217,230522064,2460059.7252474898,60059.2206481,18.5771675,0.0473151952,0,zr,186.3260444,18.3060644,0.897000015,-0.0700000003,20230425220625,1571,0xe,0x1,20.6700001,26.1595154,0.0275566895,0.106495656,2.91881188e-05,30,1.06500006,2,0.13462725785858135,669.0,0.13824369184916876,18.548386691786924,18.577167499999995
721,1571214100006217,230624891,2460060.753455268,60060.248912,18.5609818,0.0467883162,0,zr,186.3260646,18.306076,0.633000016,0.0109999999,20230426248900,1571,0xe,0x1,20.7900009,26.1425552,0.0297816675,0.112076536,3.46457673e-05,30,1.051,2,0.13664925868170244,670.0,0.1402289266183775,18.53290597564291,18.5609818
722,1571214100006217,230722312,2460061.727613857,60061.223125,18.591671,0.0477931425,0,zr,186.3260857,18.3060559,0.514999986,0.0280000009,20230427223125,1571,0xe,0x1,20.9300003,26.1669159,0.026855886,0.106505729,2.79822762e-05,30,1.05799997,2,0.13284083598263743,671.0,0.13640838204069816,18.562897355683894,18.591670999999998
723,1571214100006217,230820461,2460062.7090509366,60062.2046181,18.5032082,0.0449631959,0,zr,186.3260804,18.3060623,0.298000008,-0.00300000003,20230428204618,1571,0xe,0x1,21.0900002,26.1575146,0.0288238022,0.112633973,3.21748812e-05,30,1.074,2,0.1441175000569453,672.0,0.14767299021613287,18.476747327609907,18.503208199999996
724,1571214100006217,232316340,2460077.6668457664,60077.1634028,18.5750618,0.0472462364,0,zr,186.3260378,18.3060628,1.30599999,0.0700000003,20230513163403,1571,0xe,0x1,21.1499996,26.1588745,0.0263884142,0.109694771,2.66389034e-05,30,1.074,2,0.13488861019397363,687.0,0.13843210998566252,18.546907903814194,18.575061800000007
725,576207200004306,234531392,2460099.8155389,60099.3139236,18.3053284,0.0421303436,32768,zr,186.3261375,18.3060906,0.602999985,0.0920000002,20230604313727,576,0x7,0x2,18.7000008,25.5176144,0.0482693426,0.121108919,0.000218635119,30,1.77600002,1,0.17292932249704202,709.0,0.1763005366127901,18.28436591454922,18.3053284
726,576207200004306,234733035,2460101.831793797,60101.3303588,18.6202335,0.0527828075,0,zr,186.3260769,18.3060081,0.828000009,-0.0170000009,20230606330359,576,0x7,0x2,20.0799999,26.1672173,0.0328768156,0.103165604,4.39509422e-05,30,2.15100002,1,0.12939175397457842,711.0,0.1325338954450171,18.594182592578683,18.620233500000005
727,576207200004306,240516913,2460159.665600842,60159.1691319,18.5518913,0.0502282791,0,zr,186.3260331,18.3060336,0.741999984,0.0359999985,20230803169109,576,0x7,0x2,20.0400009,26.2302761,0.0350996666,0.10565576,5.02930161e-05,30,2.09100008,2,0.13779817950220852,769.0,0.14092077344611967,18.52756245462856,18.5518913
728,576207200004306,240517355,2460159.6700218343,60159.1735532,18.4982853,0.0483226068,0,zr,186.3260179,18.3060323,0.528999984,-0.0450000018,20230803173519,576,0x7,0x2,20.2399998,26.2206059,0.0367760807,0.116600752,5.43489077e-05,30,2.18499994,2,0.14477243530736836,769.0,0.1474061735839433,18.47871081803614,18.4982853
729,576207200004306,240617123,2460160.667639579,60160.1712384,18.5250187,0.0492623784,0,zr,186.3260315,18.3060603,1.13999999,-0.0900000036,20230804171192,576,0x7,0x2,20.3299999,26.2475376,0.0357026532,0.12166062,5.26842559e-05,30,2.19400001,2,0.14125132162228238,770.0,0.14388505989885733,18.50496074518508,18.525018699999997
730,576207200004306,240617269,2460160.669097884,60160.1726968,18.5597324,0.0505141355,0,zr,186.326092,18.3060708,0.662,-0.0430000015,20230804172650,576,0x7,0x2,20.3099995,26.2372551,0.0313800909,0.121418968,4.08145097e-05,30,2.227,2,0.13680659694988845,770.0,0.13943307250067663,18.539085506395075,18.559732399999994
731,576207200004306,240617416,2460160.670567683,60160.1741667,18.5067177,0.0486167707,0,zr,186.3260803,18.3060617,0.184,0.0170000009,20230804174120,576,0x7,0x2,20.2900009,26.2312145,0.0344152153,0.119612955,4.91675855e-05,30,2.26099992,2,0.14365241119843686,770.0,0.14627888674922504,18.48704588376409,18.506717700000003
732,576207200004306,240617563,2460160.672037482,60160.1756366,18.5830536,0.0513753667,32768,zr,186.3260696,18.3060362,0.495000005,-0.00200000009,20230804175590,576,0x7,0x2,19.6599998,26.2205868,0.0524279214,0.126192749,0.000117765325,30,2.29699993,2,0.13389937812407973,770.0,0.13652585367486791,18.561962748020683,18.583053599999992
733,576207200004306,240716810,2460161.664436722,60161.1681019,18.7451973,0.0578347482,32768,zr,186.3258884,18.3060343,0.833000004,-0.0450000018,20230805168090,576,0x7,0x2,19.7900009,26.2217197,0.0411759429,0.102863759,7.21371325e-05,30,2.18499994,2,0.11532436713207683,771.0,0.11795084268286501,18.72074738003179,18.745197299999994
734,576207200004306,240716952,2460161.66586024,60161.1695255,18.5195446,0.0490682349,0,zr,186.3260753,18.3060437,0.414000005,-0.0410000011,20230805169514,576,0x7,0x2,19.9400005,26.2059937,0.0387391783,0.122991286,6.34915414e-05,30,2.21700001,2,0.14196528544599335,771.0,0.1445845331323732,18.499695407550696,18.519544599999996
735,576207200004306,240717094,2460161.667283742,60161.1709491,18.603569,0.0521467179,0,zr,186.3260471,18.3060532,1.34500003,0.112999998,20230805170938,576,0x7,0x2,20.0300007,26.2150764,0.0392121002,0.115792945,6.42905361e-05,30,2.25,2,0.13139305183292782,771.0,0.13401229951930768,18.582138351695555,18.603569
736,576207200004306,240717379,2460161.6701307506,60161.1737963,18.4729767,0.0474519171,0,zr,186.3260371,18.3060395,0.984000027,-0.0710000023,20230805173796,576,0x7,0x2,20.3199997,26.2134571,0.0306971315,0.113992132,3.87705804e-05,30,2.31900001,2,0.14818673181857683,771.0,0.1508059795049567,18.45395359552696,18.472976699999997
737,576207200004306,240816828,2460162.664556337,60162.168287,18.5787392,0.0512147993,0,zr,186.3260375,18.3060734,0.773999989,-0.0289999992,20230806168275,576,0x7,0x2,20.4300003,26.2452316,0.0333757214,0.124045327,4.57690476e-05,30,2.25099993,2,0.13443251388322686,772.0,0.13705176156960672,18.557788444910933,18.578739199999994
738,576207200004306,241016533,2460164.6614774726,60164.1653356,18.512991,0.0488369986,0,zr,186.3260476,18.3060805,1.24600005,-0.0480000004,20230808165312,576,0x7,0x2,20.2600002,26.1546593,0.0348004811,0.114646964,4.9319191e-05,30,2.31200004,2,0.1428247919154641,774.0,0.14543684639126866,18.49331387782656,18.512990999999992
739,576207200004306,241016677,2460164.662912584,60164.1667708,18.5839844,0.0514100939,0,zr,186.3260834,18.3060392,1.13100004,-0.050999999,20230808166748,576,0x7,0x2,20.2000008,26.1436443,0.0346176513,0.118336767,4.85559467e-05,30,2.34899998,2,0.133784635581828,774.0,0.13638240677520144,18.563104124295002,18.5839844
740,576207200004306,241016961,2460164.665759705,60164.1696181,18.5927277,0.0517375134,0,zr,186.326126,18.306026,0.74000001,-0.179000005,20230808169606,576,0x7,0x2,19.8299999,26.1434097,0.038645193,0.1219116,6.07519469e-05,30,2.42499995,2,0.1327116106482619,774.0,0.13530938184163535,18.571680225047068,18.592727700000005
741,576207200004306,241017104,2460164.667183209,60164.1710417,18.4745483,0.0475054756,0,zr,186.3260579,18.3060841,0.802999973,0.0430000015,20230808171030,576,0x7,0x2,20.2199993,26.1281643,0.0331126861,0.109616645,4.42755118e-05,30,2.46600008,2,0.14797238712415475,774.0,0.1505701583175282,18.455652732393908,18.474548300000002
742,576207200004306,241116454,2460165.6606283905,60165.1645486,18.5227222,0.0491808467,0,zr,186.3260794,18.30606,0.460000008,-0.0160000008,20230809164525,576,0x7,0x2,20.0100002,26.1476078,0.0381973572,0.123260468,5.97782346e-05,30,2.36199999,2,0.1415504062079227,775.0,0.14414817740129615,18.50297711106949,18.522722199999997
743,576207200004306,241116597,2460165.662051903,60165.1659722,18.5773544,0.0511634126,0,zr,186.3261073,18.3060944,0.984000027,0.00499999989,20230809165961,576,0x7,0x2,20.1499996,26.1571503,0.0356155895,0.116077945,5.14229432e-05,30,2.4000001,2,0.13460408494713735,775.0,0.13719476566094638,18.556656144458223,18.577354399999997
744,576207200004306,241614854,2460170.6443294706,60170.1485417,18.6133327,0.0525183417,32768,zr,186.326019,18.3060209,0.711000025,-0.118000001,20230814148148,576,0x7,0x2,19.4699993,26.146698,0.0431550592,0.103071876,9.12205578e-05,30,2.29999995,2,0.13021677043181096,780.0,0.13280745114561998,18.591943895615636,18.613332699999994
745,576207200004306,241714769,2460171.643429698,60171.1476968,18.3276081,0.042794589,32768,zr,186.3260534,18.3060676,0.806999981,-0.141000003,20230815147292,576,0x7,0x2,18.8799992,26.130724,0.0569915548,0.118687652,0.000213556224,30,2.34800005,2,0.16941691141699575,781.0,0.1719726433260283,18.311351583275844,18.3276081
746,576207200004306,241715011,2460171.645848464,60171.1501157,18.5213547,0.0491323657,0,zr,186.3260515,18.3060664,1.08500004,-0.0460000001,20230815150046,576,0x7,0x2,19.3999996,26.1006165,0.0516839661,0.129036605,0.000134892703,30,2.41499996,2,0.1417288032559503,781.0,0.1442776447409059,18.502002389830274,18.521354699999996
747,576207200004306,241715255,2460171.648290524,60171.1525579,18.4655056,0.0471983999,32768,zr,186.3259817,18.3061042,0.88499999,0.0520000011,20230815152488,576,0x7,0x2,19.4699993,26.111784,0.055914633,0.120540649,0.000149349944,30,2.48399997,2,0.14920994146605124,781.0,0.15175878295100684,18.447115412464093,18.465505599999993
748,576207200004306,249053631,2460245.0320689,60244.5363194,18.3443909,0.0433034226,0,zr,186.3260671,18.306027,0.95599997,-0.0590000004,20231027536285,576,0x7,0x2,20.2600002,26.2181206,0.0375543125,0.119699605,5.74766746e-05,30,2.66300011,1,0.16681828037014274,854.0,0.16936712185509833,18.32792723151183,18.3443909
749,576207200004306,249053870,2460245.034453339,60244.5387037,18.2880688,0.0416244082,0,zr,186.3260903,18.3061207,0.504000008,0.0120000001,20231027538669,576,0x7,0x2,19.8799992,26.2377415,0.0384593681,0.106643595,6.03484805e-05,30,2.58500004,1,0.17570029068152296,854.0,0.17782330440227692,18.275028309341273,18.288068799999998
750,576207200004306,249054108,2460245.036837771,60244.541088,18.4210663,0.0457227863,0,zr,186.3260092,18.3059793,0.751999974,0.0460000001,20231027541053,576,0x7,0x2,19.7800007,26.2348328,0.0376236588,0.123989888,5.7663281e-05,30,2.51099992,1,0.15544382700787382,854.0,0.15756684072862778,18.406337931643087,18.4210663
751,576207200004306,249054347,2460245.039222107,60244.5434722,18.5030499,0.0484885387,0,zr,186.3260781,18.3060356,0.73299998,0.174999997,20231027543438,576,0x7,0x2,19.2600002,26.2048454,0.0403100178,0.120328337,8.37339467e-05,30,2.44199991,1,0.14413851387536816,854.0,0.14626152759612213,18.48717473748895,18.5030499
752,576207200004306,249054585,2460245.041606541,60244.5458565,18.2665882,0.0410051942,32768,zr,186.326,18.3059464,0.280000001,0.00400000019,20231027545822,576,0x7,0x2,18.7399998,26.2492657,0.0481572039,0.107458651,0.00016086844,30,2.37700009,1,0.1792110234345669,854.0,0.18133403715532087,18.253801673416596,18.266588199999994
753,576207200004306,249153436,2460246.0301691196,60245.5343634,18.4045563,0.0451884568,0,zr,186.3260404,18.3059596,1.32700002,0.0810000002,20231028534352,576,0x7,0x2,19.1800003,26.2331543,0.0456474572,0.135141313,0.000107995365,30,2.63700008,1,0.15782561124944222,855.0,0.15994862497019618,18.39004872265432,18.404556300000003
754,576207200004306,249153680,2460246.0326114623,60245.5368056,18.3172226,0.0424833633,0,zr,186.3260926,18.306016,1.06599998,0.00499999989,20231028536713,576,0x7,0x2,19.2299995,26.2517376,0.0417222828,0.108095415,9.28009031e-05,30,2.55900002,1,0.17104522710004993,855.0,0.17316332554819444,18.303860205718443,18.3172226
755,576207200004306,249153925,2460246.035065308,60245.5392593,18.3812256,0.0444460288,0,zr,186.3261627,18.3061375,0.675000012,-0.148000002,20231028539155,576,0x7,0x2,19.1900005,26.2397938,0.0507896021,0.127687514,0.000143404948,30,2.4849999,1,0.1612537265852222,855.0,0.1633718250333667,18.367057098511474,18.3812256
756,576207200004306,249154170,2460246.0375075657,60245.5417014,18.4478683,0.0466061532,0,zr,186.3258234,18.3061729,0.39199999,-0.0120000001,20231028541609,576,0x7,0x2,18.7700005,26.2324429,0.0419654101,0.134197548,0.000139280863,30,2.41499996,1,0.15165358457059316,855.0,0.15377168301873767,18.432809080727957,18.447868300000003
757,576207200004306,249154415,2460246.0399613907,60245.5441551,18.3441753,0.0432968326,32768,zr,186.3260678,18.3060107,1.18099999,-0.165000007,20231028544062,576,0x7,0x2,19.0400009,26.2667294,0.0479775779,0.0954114944,0.00013080085,30,2.3499999,1,0.16685140958910263,855.0,0.16896950803724714,18.33047915097992,18.344175299999996
758,576207200004306,249253568,2460247.0315463506,60246.5356829,18.1142426,0.0369306356,0,zr,186.3260456,18.3061611,0.954999983,0.147,20231029535671,576,0x7,0x2,18.7600002,26.2061405,0.044695463,0.11971236,0.000165377802,30,2.50999999,1,0.20620678920246047,856.0,0.20832488765060497,18.103147109292017,18.114242600000004
759,576207200004306,249253806,2460247.0339306816,60246.5380671,18.1564751,0.03800622,0,zr,186.3260781,18.3059699,0.335000008,0.0520000011,20231029538067,576,0x7,0x2,18.8799992,26.215435,0.0424315706,0.127676219,0.00012576695,30,2.44000006,1,0.19833984066046478,856.0,0.20045304534242217,18.14496835358026,18.1564751
760,576207200004306,249254045,2460247.036315139,60246.5404514,18.2834663,0.0414907597,0,zr,186.3259311,18.3061635,0.962000012,-0.0160000008,20231029540451,576,0x7,0x2,19.0599995,26.2215042,0.0537814274,0.136899769,0.000162142183,30,2.375,1,0.17644667547443973,856.0,0.17855988015639712,18.270540285566987,18.283466300000008
761,576207200004306,249254284,2460247.038711065,60246.5428472,18.2184372,0.0396583043,0,zr,186.3260579,18.3059386,0.610000014,-0.0719999969,20231029542847,576,0x7,0x2,18.9099998,26.2324505,0.0421412475,0.128442064,0.000108029017,30,2.31299996,1,0.18733767240765792,856.0,0.1894508770896153,18.206258449391605,18.218437200000004
762,576207200004306,249254524,2460247.041107103,60246.5452431,18.3957539,0.0449066162,0,zr,186.3262204,18.3059892,1.02999997,-0.136999995,20231029545232,576,0x7,0x2,18.8199997,26.2369137,0.0397799313,0.10921488,0.000107076798,30,2.25500011,1,0.15911035327112916,856.0,0.16122355795308654,18.381428747184763,18.395753899999995
763,576207200004306,249353824,2460248.0341632315,60247.5382407,18.2759857,0.041274678,32768,zr,186.3263041,18.3061165,0.787,0.713999987,20231030538229,576,0x7,0x2,18.7999992,26.2832127,0.0513899475,0.109653905,0.000206372526,30,2.36100006,1,0.17766657081346457,857.0,0.17977977549542196,18.26314791561108,18.2759857
764,576207200004306,249354060,2460248.0365245715,60247.5406019,18.0231342,0.0347429849,0,zr,186.326135,18.3058976,0.763999999,-0.0209999997,20231030540602,576,0x7,0x2,19.1800003,26.2581444,0.0466822125,0.148669466,0.000115238989,30,2.30100012,1,0.22425716106798974,857.0,0.22636549337416528,18.012974438181026,18.02313420000001
765,576207200004306,249354297,2460248.0388973276,60247.5429745,18.2752209,0.0412526876,0,zr,186.3259851,18.3060135,0.388999999,0.101999998,20231030542963,576,0x7,0x2,19.1499996,26.2824726,0.0437152646,0.118308559,0.00010738831,30,2.24399996,1,0.17779176444815128,857.0,0.17990009675432683,18.262421507702562,18.2752209
766,576207200004306,249354771,2460248.043643019,60247.5477199,18.1319275,0.0373761691,32768,zr,186.3259233,18.3060227,0.56099999,0.0900000036,20231030547708,576,0x7,0x2,18.3899994,26.2950344,0.0457964391,0.113348186,0.000207107325,30,2.13899994,1,0.2028752182304832,857.0,0.20498355053665876,18.120702471723938,18.131927499999996
767,576207200004306,249453825,2460249.034235053,60248.5382523,18.1585808,0.0380609259,0,zr,186.3262071,18.3060129,0.933000028,0.412,20231031538241,576,0x7,0x2,19.0200005,26.2724247,0.0499277078,0.126505837,0.000148151405,30,2.29200006,1,0.19795554890681827,858.0,0.20006388121299382,18.147078275483032,18.158580800000003
768,576207200004306,249454062,2460249.036607897,60248.540625,18.3658199,0.0439637899,0,zr,186.3262288,18.3059674,0.54400003,0.0769999996,20231031540613,576,0x7,0x2,19.3299999,26.274826,0.0441342928,0.121415883,0.000100896737,30,2.2349999,1,0.16355809365147714,858.0,0.16566157485705005,18.35194553587332,18.365819899999998
769,576207200004306,249454299,2460249.038980756,60248.5429977,18.2391968,0.0402320847,32768,zr,186.3260515,18.306051,0.878000021,-0.0410000011,20231031542986,576,0x7,0x2,19.0499992,26.2980957,0.0512872562,0.106046624,0.000163859353,30,2.18199992,1,0.1837897470315842,858.0,0.18589322823715712,18.22684107630723,18.239196799999995
770,576207200004306,249454535,2460249.0413420033,60248.5453588,18.2072449,0.0393532217,0,zr,186.3261051,18.3061111,0.579999983,0.100000001,20231031545359,576,0x7,0x2,18.6100006,26.2871323,0.0425697453,0.117543995,0.000161160046,30,2.13100004,1,0.18927882879581528,858.0,0.1913823100013882,18.19524551937385,18.2072449
771,576207200004306,249454773,2460249.0437148367,60248.5477315,18.3764477,0.0442957841,32768,zr,186.3262399,18.3059615,0.700999975,-0.0659999996,20231031547731,576,0x7,0x2,18.2299995,26.3024635,0.0449973978,0.09740448,0.000273377635,30,2.08299994,1,0.16196490477004336,858.0,0.16406838597561627,18.362437735652456,18.376447699999993
772,576207200004306,250153251,2460256.028950013,60255.5325116,18.3285885,0.0428241268,0,zr,186.3260551,18.3060188,0.449999988,-0.0149999997,20231107532512,576,0x7,0x2,20.2999992,26.29422,0.0302103125,0.11554759,3.80426463e-05,30,2.0079999,1,0.16926400008290823,865.0,0.17136748128848114,18.315178965904416,18.328588500000002
773,576207200004306,250153990,2460256.036346337,60255.5399074,18.3559742,0.0436588451,0,zr,186.3260646,18.3060846,0.859000027,-0.0719999969,20231107539907,576,0x7,0x2,20.6399994,26.2996235,0.0292218979,0.122612894,3.5187506e-05,30,1.88300002,1,0.16504802050162137,865.0,0.1671181301843814,18.34244108035461,18.3559742
774,576207200004306,250253428,2460257.03079081,60256.5342824,18.3067665,0.0421728231,32768,zr,186.3259935,18.3060567,0.978999972,-0.122000001,20231108534271,576,0x7,0x2,19.4500008,26.2687798,0.0487960726,0.116972603,0.000113473026,30,1.92999995,1,0.1727004224836642,866.0,0.17477053216642424,18.293829478401044,18.306766500000002
775,576207200004306,250253673,2460257.0332446885,60256.5367361,18.2867661,0.041586522,32768,zr,186.3260384,18.3061645,0.528999984,0.0219999999,20231108536736,576,0x7,0x2,19.5499992,26.2677498,0.0539610051,0.125508472,0.000129420514,30,1.88999999,1,0.17591122786324806,866.0,0.17797665258706055,18.274092414419464,18.2867661
776,576207200004306,250253920,2460257.035710174,60256.5392014,18.3758736,0.0442777649,0,zr,186.3258535,18.3061466,0.68599999,-0.00899999961,20231108539201,576,0x7,0x2,19.3400002,26.2588959,0.0488823019,0.120454095,0.000119364944,30,1.852,1,0.1620505688928193,866.0,0.1641159936166318,18.362122733823902,18.3758736
777,576207200004306,250254166,2460257.0381756434,60256.5416667,18.4829559,0.0477930196,32768,zr,186.3259845,18.3061476,1.06799996,0.0309999995,20231108541655,576,0x7,0x2,19.6100006,26.295063,0.0492731258,0.109912924,0.000105491723,30,1.81500006,1,0.14683096058345682,866.0,0.1488963853072693,18.46778961324484,18.4829559
778,576207200004306,250254413,2460257.0406410056,60256.5441319,18.2701492,0.0411070511,32768,zr,186.3261907,18.3060935,0.386999995,0.050999999,20231108544120,576,0x7,0x2,19.5799999,26.3011265,0.0449227951,0.110195123,8.88525537e-05,30,1.78100002,1,0.17862420956722672,866.0,0.1806896342910392,18.257666902761024,18.2701492
779,576207200004306,250353201,2460258.0285931183,60257.5320139,18.3789558,0.0443745814,32768,zr,186.3262369,18.3059939,0.987999976,0.395000011,20231109532002,576,0x7,0x2,19.25,26.286293,0.058757823,0.128884405,0.000176627029,30,1.92200005,1,0.16159119029059982,867.0,0.1636566150144123,18.36516608945248,18.378955799999993
780,576207200004306,250353961,2460258.03619789,60257.5396181,18.3852119,0.0445718467,0,zr,186.3258747,18.3059744,0.83099997,0.279000014,20231109539618,576,0x7,0x2,19.4200001,26.2745247,0.0482403561,0.128926411,0.000109104549,30,1.80599999,1,0.1606627661530977,867.0,0.1627235261890282,18.371374133093575,18.385211899999995
781,576207200004306,253550759,2460290.0068900096,60289.5075926,18.1872253,0.0388149321,32768,zr,186.3261104,18.3061041,0.317999989,0.00999999978,20231211507593,576,0x7,0x2,19.2299995,24.6380787,0.0495633408,0.12460275,0.000153402027,30,1.30200005,1,0.19280126542091852,899.0,0.194862025456849,18.175681968925097,18.1872253
782,576207200004306,254152768,2460296.027552961,60295.5276852,18.0954494,0.0364647582,32768,zr,186.3262191,18.3059096,0.927999973,-0.0329999998,20231217527674,576,0x7,0x2,18.9599991,25.2354431,0.0634599105,0.138093472,0.000283525354,30,1.14600003,2,0.2098071285531182,905.0,0.21172870603455898,18.08555064159244,18.0954494
783,1571214100006217,254154196,2460296.04183675,60295.5419676,18.3191795,0.0396987796,32768,zr,186.3259836,18.3059652,2.24499989,0.136000007,20231217541956,1571,0xe,0x1,19.0799999,25.3110504,0.0445921123,0.11986573,0.000115663519,30,1.11600006,2,0.170737217713304,905.0,0.17263473325565265,18.307179554812343,18.319179499999997
784,576207200004306,254154390,2460296.04376984,60295.5439005,18.4379921,0.0462783128,32768,zr,186.3259894,18.3060896,0.714999974,0.023,20231217543900,576,0x7,0x2,19.7900009,25.5730858,0.0460370742,0.132737055,8.76821941e-05,30,1.102,2,0.15303936675397298,905.0,0.15493688229632163,18.424612968333953,18.437992099999995
785,576207200004306,256950516,2460324.007622117,60323.505162,18.3174801,0.0424910486,0,zr,186.3260601,18.3060637,1.32799995,0.0149999997,20240114505162,576,0x7,0x2,20.8099995,26.3547611,0.0235020034,0.110465601,2.16469325e-05,30,1.04299998,2,0.1710046657525467,933.0,0.17290218129489535,18.305498819325884,18.317480100000004
786,576207200004306,258738225,2460341.8861228013,60341.3822569,18.226757,0.0398870111,32768,zr,186.3260406,18.3060267,1.20299995,0.00700000022,20240201382257,576,0x7,0x2,20.0799999,26.1141357,0.0520901792,0.0991814137,0.000106177453,30,1.22000003,1,0.18590762383459325,951.0,0.1877004343193824,18.216336806162495,18.226757
787,576207200004306,260927682,2460363.7819129187,60363.2768287,18.3022003,0.042038098,32768,zr,186.3261031,18.3060538,0.978999972,-0.0109999999,20240223276829,576,0x7,0x2,19.5499992,26.0927105,0.0443705432,0.0955517069,9.30379465e-05,30,1.50600004,1,0.17342826524945337,973.0,0.17515981215655593,18.291413823055443,18.302200300000003
788,576207200004306,265515765,2460409.6641308046,60409.1576505,18.3820496,0.044471994,0,zr,186.3260322,18.3060506,0.312999994,-0.00999999978,20240409157650,576,0x7,0x2,21.6599998,28.5326328,0.0202597883,0.11019215,1.64562152e-05,240,1.45200002,1,0.16113139239201618,1019.0,0.16113139239201618,18.382049599999995,18.382049599999995
789,576207200004306,265634998,2460410.8564290022,60410.3499884,18.356205,0.0436659828,32768,zr,186.326053,18.3060555,0.621999979,-0.0480000004,20240410349965,576,0x7,0x2,22.2199993,28.6201897,0.0230593588,0.115301579,2.13603453e-05,240,1.08899999,1,0.16501293920430593,1020.0,0.16501293920430593,18.356204999999996,18.356204999999996
790,576207200004306,265726943,2460411.7758414075,60411.2694329,18.3183479,0.0425169505,32768,zr,186.3260477,18.3060476,1.11099994,-0.109999999,20240411269340,576,0x7,0x2,22.3099995,28.6370411,0.0230786335,0.104027875,2.16614171e-05,240,1.03999996,1,0.17086804089020538,1021.0,0.17086804089020538,18.3183479,18.3183479
791,576207200004306,267026277,2460424.767388851,60424.2627778,18.3363228,0.0430579074,0,zr,186.3260626,18.3060736,0.648999989,-0.0289999992,20240424262720,576,0x7,0x2,20.2399998,26.3397293,0.0320550986,0.10283982,4.09866843e-05,30,1.03299999,1,0.16806252338610964,1034.0,0.16806252338610964,18.336322799999998,18.336322799999998
792,576207200004306,269535021,2460449.8531287163,60449.3502199,18.4596691,0.0470014438,0,zr,186.3260668,18.3060918,1.10599995,-0.0540000014,20240519350208,576,0x7,0x2,19.8400002,26.2467632,0.0370650329,0.118363477,5.56742671e-05,30,1.70599997,1,0.15001419643500688,1059.0,0.15001419643500688,18.459669100000006,18.459669100000006
793,576207200004306,270130236,2460455.8047812213,60455.3023611,18.4583759,0.046957925,0,zr,186.3259868,18.3061686,0.384000003,0.00899999961,20240525302361,576,0x7,0x2,19.6299992,26.2669601,0.0463575087,0.128293157,9.02757602e-05,30,1.40600002,1,0.15019298197956638,1065.0,0.15019298197956638,18.4583759,18.4583759
794,576207200004306,272330913,2460477.8095887047,60477.3091319,18.4100399,0.0453650989,32768,zr,186.3261115,18.30604,1.125,0.0209999997,20240616309132,576,0x7,0x2,19.6399994,26.2315102,0.0451032259,0.0980235487,9.03666078e-05,30,2.34100008,1,0.15703050957259346,1087.0,0.15703050957259346,18.410039900000008,18.410039900000008
795,576207200004306,272630243,2460480.802611348,60480.3024306,18.3110409,0.0422994569,0,zr,186.3261301,18.3060188,0.736000001,-0.057,20240619302361,576,0x7,0x2,19.5799999,26.0793514,0.0519550405,0.124484263,0.000116324547,30,2.38000011,1,0.1720218603172578,1090.0,0.1720218603172578,18.311040900000002,18.311040900000002
796,1571214100006217,285253821,2460607.0337927323,60606.5382176,18.3792992,0.0413299948,0,zr,186.3260638,18.3060307,0.294999987,0.0320000015,20241023538194,1571,0xe,0x1,19.5100002,26.1186161,0.0448790751,0.11470671,8.45159302e-05,30,2.93000007,1,0.16154008981141407,1216.0,0.16154008981141407,18.3792992,18.3792992
797,1571214100006217,285253868,2460607.034255758,60606.5386806,18.5117798,0.0452286005,0,zr,186.3260755,18.3060752,0.549000025,-0.0769999996,20241023538681,1571,0xe,0x1,19.5100002,26.0642109,0.0458911508,0.139045119,8.97159625e-05,30,2.91000009,1,0.14298420993322142,1216.0,0.14298420993322142,18.511779799999992,18.511779799999992
798,1571214100006217,285253915,2460607.034730283,60606.5391551,18.466053,0.0438342392,0,zr,186.3260603,18.3060622,0.828000009,-0.00300000003,20241023539155,1571,0xe,0x1,19.4599991,26.0644398,0.0527460054,0.120867305,0.000126082392,30,2.8900001,1,0.14913473264901234,1216.0,0.14913473264901234,18.466052999999995,18.466052999999995
799,576207200004306,285353896,2460608.034596998,60607.5389699,18.5621128,0.0506012961,32768,zr,186.3260584,18.3061185,0.629999995,0.0240000002,20241024538970,576,0x7,0x2,19.7199993,26.3972721,0.104676306,0.128225237,0.000466605008,30,2.78900003,1,0.136506986698768,1217.0,0.136506986698768,18.5621128,18.5621128
800,576207200004306,285653168,2460611.027480424,60610.5316898,18.772543,0.0590088367,32768,zr,186.3260182,18.3060894,0.446999997,-0.133000001,20241027531690,576,0x7,0x2,19.8500004,25.7256889,0.118787304,0.145577446,0.000584069872,30,2.75500011,1,0.1124560435472129,1220.0,0.1124560435472129,18.772543000000006,18.772543000000006
801,576207200004306,285653554,2460611.031334845,60610.535544,18.2560177,0.0407046862,32768,zr,186.3259548,18.3059932,0.442000002,-0.0199999996,20241027535544,576,0x7,0x2,19.4799995,25.4419041,0.0643146858,0.11391338,0.000211374892,30,2.62199998,1,0.18096430531999266,1220.0,0.18096430531999266,18.256017699999994,18.256017699999994
802,576207200004306,285953209,2460614.0280614127,60613.5320949,18.4832497,0.0478031263,0,zr,186.3262398,18.3059779,0.587000012,-0.0340000018,20241030532083,576,0x7,0x2,19.7600002,26.2273941,0.0405695811,0.112863526,6.78214492e-05,30,2.47600007,1,0.14679123353018023,1223.0,0.14679123353018023,18.483249699999995,18.483249699999995
803,576207200004306,285953804,2460614.0340108946,60613.538044,18.5378456,0.0497207418,0,zr,186.326037,18.3060938,0.666999996,0.0579999983,20241030538032,576,0x7,0x2,19.6800003,26.2370548,0.0410146788,0.11794886,7.07816362e-05,30,2.31500006,1,0.13959239546651625,1223.0,0.13959239546651625,18.537845600000004,18.537845600000004
