,oid,expid,hjd,mjd,mag,magerr,catflags,filtercode,ra,dec,chi,sharp,filefracday,field,ccdid,qid,limitmag,magzp,magzprms,clrcoeff,clrcounc,exptime,airmass,programid,flux,timedays,simulated_flux,simulated_mag,original_mag
0,1648111100010852,59450408,2458349.006320783,58348.5040856,16.7892761,0.022294566,32768,zg,23.5118892,30.7224618,3.125,0.216999993,20180818504028,1648,0xb,0x1,21.2399998,26.3316517,0.0635121539,-0.0430475399,5.00123715e-05,30,1.00999999,2,0.6986980963638321,58348.5040856,0.6986980963638321,16.789276100000002,16.789276100000002
1,1648111100010852,60641701,2458360.920218215,58360.4170139,16.9749756,0.0236896072,0,zg,23.5119111,30.7224607,2.32399988,0.147,20180830417002,1648,0xb,0x1,19.8299999,26.3569851,0.0375153534,-0.0240352936,3.44107175e-05,30,1.01800001,2,0.5888568887234873,58360.4170139,0.5888568887234873,16.9749756,16.9749756
2,1648111100010852,60745771,2458361.961003603,58361.4577199,16.9482117,0.0234740507,0,zg,23.511905,30.7224696,1.34899998,0.0219999999,20180831457708,1648,0xb,0x1,19.9799995,26.3670502,0.0353372395,-0.0128533402,2.78814805e-05,30,1.00300002,2,0.6035528708195845,58361.4577199,0.6035528708195845,16.948211699999995,16.948211699999995
3,1648111100010852,60938032,2458363.883751903,58363.3803241,16.9337215,0.0233594608,0,zg,23.5119154,30.7224431,2.62800002,0.360000014,20180902380312,1648,0xb,0x1,20.7000008,26.3165321,0.033636082,-0.0406800881,1.63180557e-05,30,1.05999994,2,0.6116618585435813,58363.3803241,0.6116618585435813,16.933721499999997,16.933721499999997
4,1648111100010852,61043229,2458364.935796923,58364.4322917,16.9869957,0.0237880982,0,zg,23.5119077,30.7224804,2.99699998,0.135000005,20180903432257,1648,0xb,0x1,20.5699997,26.2900658,0.0341001116,-0.0296118446,1.74330544e-05,30,1.00300002,2,0.5823736543988041,58364.4322917,0.5823736543988041,16.9869957,16.9869957
5,1648111100010852,61345657,2458367.9602958933,58367.4565741,16.890873,0.0230291486,0,zg,23.5118732,30.7224259,3.14100003,0.453999996,20180906456551,1648,0xb,0x1,21.5200005,26.4983101,0.0557458252,-0.0324884057,3.83903862e-05,30,1.01100004,2,0.6362837031671708,58367.4565741,0.6362837031671708,16.890872999999992,16.890872999999992
6,1648111100010852,61842891,2458372.932969206,58372.428912,16.7890701,0.022293143,32768,zg,23.511889,30.722429,2.671,0.218999997,20180911428900,1648,0xb,0x1,21.3899994,26.4280682,0.092424266,-0.0372199789,0.000103706829,30,1.00399995,2,0.6988306750347759,58372.428912,0.6988306750347759,16.789070099999996,16.789070099999996
7,1648111100010852,62432915,2458378.8335737577,58378.3291551,16.8637123,0.0228262059,0,zg,23.5119117,30.7224289,2.28399992,0.307999998,20180917329144,1648,0xb,0x1,21.5,26.4748821,0.0547133684,-0.0500026383,3.6703932e-05,30,1.08200002,2,0.6524016939379773,58378.3291551,0.6524016939379773,16.863712299999996,16.863712299999996
8,1648111100010852,63030333,2458384.808073948,58384.3033333,17.0856667,0.0246375799,0,zg,23.5119007,30.7224329,2.83299994,0.393000007,20180923303322,1648,0xb,0x1,20.4699993,26.3384476,0.0381377861,-0.0621075183,2.47953703e-05,30,1.10599995,2,0.5317816166832179,58384.3033333,0.5317816166832179,17.085666699999997,17.085666699999997
9,1648111100010852,63140233,2458385.9071328165,58385.402338,16.994524,0.0238503199,0,zg,23.5119184,30.7224263,2.96199989,0.344000012,20180924402326,1648,0xb,0x1,20.1800003,26.353548,0.0370484702,-0.0396980643,2.77453692e-05,30,1.00800002,2,0.5783495473313259,58385.402338,0.5783495473313259,16.994524000000006,16.994524000000006
10,1648111100010852,63434344,2458388.8483807594,58388.3434491,17.0064545,0.023949787,0,zg,23.511888,30.7224522,2.42799997,0.287,20180927343449,1648,0xb,0x1,19.9599991,26.3169441,0.0362407006,-0.00253237179,3.21675507e-05,30,1.01600003,2,0.5720292019692567,58388.3434491,0.5720292019692567,17.006454499999997,17.006454499999997
11,1648111100010852,63538928,2458389.8942598435,58389.3892824,16.8873806,0.0230027828,0,zg,23.5119413,30.7224246,3.61199999,0.282999992,20180928389271,1648,0xb,0x1,20.5,26.382494,0.0467099026,-0.0596170351,3.644549e-05,30,1.00699997,2,0.6383336808202027,58389.3892824,0.6383336808202027,16.887380599999993,16.887380599999993
12,1648111100010852,63635863,2458390.863652809,58390.3586343,16.9924049,0.0238327682,0,zg,23.511913,30.7224043,2.42499995,0.210999995,20180929358576,1648,0xb,0x1,20.3600006,26.3625908,0.0348259099,-0.0434353054,2.17744e-05,30,1.00300002,2,0.5794794510044023,58390.3586343,0.5794794510044023,16.992404900000004,16.992404900000004
13,1648111100010852,67233842,2458426.843945847,58426.3384259,16.939476,0.0234047957,0,zg,23.5119084,30.7224053,3.09800005,0.268999994,20181104338414,1648,0xb,0x1,21.3799992,26.2687378,0.0442990288,-0.0869190469,2.38130597e-05,30,1.074,2,0.6084285713452213,58426.3384259,0.6084285713452213,16.939476000000006,16.939476000000006
14,1648111100010852,67320646,2458427.7119762455,58427.2064699,17.1591778,0.0253205281,32768,zg,23.5119236,30.7223831,1.449,0.147,20181105206458,1648,0xb,0x1,19.5699997,24.5460033,0.0533429235,-0.0807506517,0.000118244228,30,1.05999994,2,0.49696852042093603,58427.2064699,0.49696852042093603,17.159177800000002,17.159177800000002
15,1648111100010852,67629140,2458430.7968485975,58430.2914005,16.9356766,0.0233748332,0,zg,23.5119034,30.7224166,2.45099998,0.307000011,20181108291285,1648,0xb,0x1,21.7900009,26.5764828,0.0453077815,-0.0685623065,2.46050095e-05,30,1.01800001,2,0.6105614217711917,58430.2914005,0.6105614217711917,16.9356766,16.9356766
16,1648111100010852,68120332,2458435.708645563,58435.2033218,16.9346428,0.0233667046,0,zg,23.5118479,30.7224056,1.07799995,-0.0199999996,20181113203310,1648,0xb,0x1,20.5599995,26.355196,0.0358177163,-0.0473760031,2.0077443e-05,30,1.02999997,2,0.611143053840721,58435.2033218,0.611143053840721,16.9346428,16.9346428
17,1648111100010852,68218120,2458436.6864981414,58436.1812037,16.8795757,0.0229441468,0,zg,23.5118863,30.7224177,0.896000028,-0.0109999999,20181114181192,1648,0xb,0x1,20.1299992,26.3580017,0.0403319746,-0.0564807206,3.29774484e-05,30,1.06200004,2,0.6429389253798854,58436.1812037,0.6429389253798854,16.879575699999997,16.879575699999997
18,1648111100010852,68926989,2458443.7749336385,58443.2698958,17.076355,0.0245542023,0,zg,23.5118789,30.7223945,3.20600009,0.40200001,20181121269722,1648,0xb,0x1,20.3299999,26.360487,0.0376677029,-0.0532190688,2.86288778e-05,30,1.03499997,2,0.5363619981281049,58443.2698958,0.5363619981281049,17.076355,17.076355
19,1648111100010852,71820155,2458472.7048229612,58472.2015509,17.0425568,0.0242572743,0,zg,23.5119074,30.7224099,3.04200006,0.31400001,20181220201539,1648,0xb,0x1,20.25,26.367939,0.0359145291,-0.0417506285,2.53810667e-05,30,1.05200005,2,0.5533211616095463,58472.2015509,0.5533211616095463,17.042556799999993,17.042556799999993
20,1648111100010852,93448983,2458688.9897939917,58688.489838,16.9261246,0.0232999828,0,zg,23.5119051,30.7224064,3.4849999,0.349000007,20190724489826,1648,0xb,0x1,20.75,26.2682667,0.0456049368,-0.061518386,2.83306126e-05,30,1.06099999,2,0.6159566665658925,58688.489838,0.6159566665658925,16.9261246,16.9261246
21,1648111100010852,93449028,2458688.9902454307,58688.4902894,16.8737869,0.0229009166,0,zg,23.5119369,30.7224065,3.01300001,0.27700001,20190724490289,1648,0xb,0x1,20.7999992,26.2676353,0.0411302932,-0.046323631,2.33990722e-05,30,1.05999994,3,0.6463760257898022,58688.4902894,0.6463760257898022,16.873786899999992,16.873786899999992
22,1648111100010852,94348950,2458697.9902873854,58697.4895023,16.8302727,0.0225830022,32768,zg,23.5119096,30.7224166,2.5079999,0.268999994,20190802489491,1648,0xb,0x1,21.4099998,26.3397846,0.0635167733,-0.0572028086,4.88470141e-05,30,1.023,2,0.6728076486669843,58697.4895023,0.6728076486669843,16.830272700000002,16.830272700000002
23,1648111100010852,94348995,2458697.9907388263,58697.4899537,16.8156948,0.022479225,32768,zg,23.5119144,30.7224248,2.78500009,0.323000014,20190802489954,1648,0xb,0x1,21.4300003,26.3461266,0.0735837072,-0.0498962179,6.60147343e-05,30,1.023,3,0.681902181789916,58697.4899537,0.681902181789916,16.815694799999996,16.815694799999996
24,1648111100010852,95443442,2458708.936193645,58708.4344213,17.0000839,0.0238965433,0,zg,23.5118973,30.7224157,2.78600001,0.282000005,20190813434410,1648,0xb,0x1,20.7299995,26.2862949,0.0344140902,-0.0438619405,1.65540732e-05,30,1.06200004,2,0.5753954720746097,58708.4344213,0.5753954720746097,17.0000839,17.0000839
25,1648111100010852,96945608,2458723.9591203304,58723.456088,16.8581676,0.0227853786,0,zg,23.5119428,30.7224035,2.87599993,0.225999996,20190828456088,1648,0xb,0x1,21.6299992,26.3293133,0.0586099662,-0.0664543658,4.16094517e-05,30,1.00199997,2,0.6557419381895585,58723.456088,0.6557419381895585,16.858167599999994,16.858167599999994
26,1648111100010852,96945653,2458723.9595717667,58723.4565394,16.9369621,0.0233849622,32768,zg,23.5119274,30.7224061,3.1730001,0.310000002,20190828456539,1648,0xb,0x1,21.7900009,26.5565281,0.0563091673,-0.0586938486,3.76374883e-05,30,1.00199997,3,0.6098389513913932,58723.4565394,0.6098389513913932,16.936962099999995,16.936962099999995
27,1648111100010852,97043714,2458724.94025029,58724.4371412,16.9514694,0.0235000066,32768,zg,23.5119289,30.7224309,2.34800005,0.233999997,20190829437141,1648,0xb,0x1,21.5200005,26.4872837,0.060466148,-0.0605954528,4.40007352e-05,30,1.00600004,2,0.6017446531416388,58724.4371412,0.6017446531416388,16.9514694,16.9514694
28,1648111100010852,97043759,2458724.940701728,58724.4375926,16.8709602,0.0228798818,32768,zg,23.5118781,30.7224489,3.44400001,0.229000002,20190829437593,1648,0xb,0x1,21.4400005,26.2922935,0.0682578832,-0.0614466406,5.67811585e-05,30,1.00600004,3,0.6480610498310239,58724.4375926,0.6480610498310239,16.870960200000006,16.870960200000006
29,1648111100010852,97145439,2458725.957585925,58725.4543981,16.7992058,0.0223634578,32768,zg,23.5119235,30.7224337,2.75600004,0.308999985,20190830454398,1648,0xb,0x1,21.2900009,26.2783318,0.0641077906,-0.0448492877,4.93343105e-05,30,1.00199997,2,0.6923372201917982,58725.4543981,0.6923372201917982,16.799205800000003,16.799205800000003
30,1648111100010852,97145484,2458725.958037361,58725.4548495,16.8407574,0.0226584766,32768,zg,23.5119001,30.7224316,3.0480001,0.397000015,20190830454850,1648,0xb,0x1,21.3899994,26.2770729,0.0749523938,-0.0534318127,6.83647449e-05,30,1.00199997,3,0.6663417729003296,58725.4548495,0.6663417729003296,16.840757399999994,16.840757399999994
31,1648111100010852,97244383,2458726.94709454,58726.443831,16.875124,0.0229108762,32768,zg,23.511929,30.7224207,2.13000011,0.245000005,20190831443831,1648,0xb,0x1,21.5599995,26.4521656,0.0636398122,-0.0676587373,4.87721118e-05,30,1.00199997,2,0.64558049422467,58726.443831,0.64558049422467,16.875123999999992,16.875123999999992
32,1648111100010852,97244428,2458726.947545975,58726.4442824,16.8175697,0.0224924982,32768,zg,23.511922,30.722417,3.00500011,0.333999991,20190831444282,1648,0xb,0x1,21.5,26.2832584,0.0773707926,-0.0694812164,7.15417627e-05,30,1.00199997,3,0.6807256573774508,58726.4442824,0.6807256573774508,16.8175697,16.8175697
33,1648111100010852,97343668,2458727.9400284356,58727.4366898,16.8617172,0.0228114966,32768,zg,23.5119468,30.7224037,2.44199991,0.250999987,20190901436632,1648,0xb,0x1,21.4599991,26.3140087,0.0638690218,-0.0623208433,4.93169646e-05,30,1.00300002,2,0.6536016200651338,58727.4366898,0.6536016200651338,16.861717200000008,16.861717200000008
34,1648111100010852,97343714,2458727.940479871,58727.4371412,16.9249783,0.0232910365,0,zg,23.5119244,30.7224015,2.99000001,0.231000006,20190901437141,1648,0xb,0x1,21.3400002,26.2576218,0.041803278,-0.0651968196,2.12461946e-05,30,1.00300002,3,0.6166073255227845,58727.4371412,0.6166073255227845,16.9249783,16.9249783
35,1648111100010852,97946769,2458733.9714713334,58733.4676968,16.8707848,0.0228785817,0,zg,23.5119261,30.7224319,2.98399997,0.256000012,20190907467685,1648,0xb,0x1,21.3099995,26.3099041,0.0519514456,-0.0577595495,3.31451993e-05,30,1.023,2,0.6481657521424946,58733.4676968,0.6481657521424946,16.870784800000003,16.870784800000003
36,1648111100010852,97946814,2458733.9719226654,58733.4681481,16.7693596,0.0221582055,32768,zg,23.5119149,30.7224341,2.24099994,0.165999994,20190907468148,1648,0xb,0x1,21.3299999,26.2718906,0.0992585868,-0.0474724919,0.000118534394,30,1.02400005,3,0.7116331326002988,58733.4681481,0.7116331326002988,16.769359599999994,16.769359599999994
37,1648111100010852,98043997,2458734.943818267,58734.4399769,16.9391842,0.0234024897,0,zg,23.5119102,30.7224239,2.10299993,0.188999996,20190908439965,1648,0xb,0x1,21.1900005,26.2983665,0.030081721,-0.0710060149,1.08922814e-05,30,1.00399995,2,0.6085921132037648,58734.4399769,0.6085921132037648,16.939184199999993,16.939184199999993
38,1648111100010852,98044042,2458734.9442695985,58734.4404282,16.8991585,0.0230920482,0,zg,23.5119171,30.722418,1.72399998,0.119999997,20190908440428,1648,0xb,0x1,21.2099991,26.3171158,0.0471656956,-0.0813871175,2.68662243e-05,30,1.005,3,0.6314465576176876,58734.4404282,0.6314465576176876,16.89915849999999,16.89915849999999
39,1648111100010852,98341921,2458737.9232528056,58737.419213,16.9759636,0.023697665,0,zg,23.5118877,30.7224348,2.73200011,0.279000014,20190911419213,1648,0xb,0x1,20.6700001,26.2608528,0.0338351987,-0.0386181585,1.65516758e-05,30,1.00199997,2,0.5883212835051997,58737.419213,0.5883212835051997,16.975963599999993,16.975963599999993
40,1648111100010852,98341966,2458737.923704235,58737.4196644,16.9253387,0.0232938454,0,zg,23.5119145,30.7224077,2.88800001,0.337000012,20190911419664,1648,0xb,0x1,20.7700005,26.2768059,0.0373875648,-0.0477692038,1.9286892e-05,30,1.00199997,3,0.6164026824424271,58737.4196644,0.6164026824424271,16.925338700000005,16.925338700000005
41,1648111100010852,99240961,2458746.9141945923,58746.4096181,16.9747429,0.0236877128,0,zg,23.5119102,30.7224202,2.75500011,0.268000007,20190920409606,1648,0xb,0x1,20.5799999,26.2475605,0.0356882699,-0.0399227217,1.92023781e-05,30,1.005,2,0.5889831087782142,58746.4096181,0.5889831087782142,16.974742900000003,16.974742900000003
42,1648111100010852,99241006,2458746.914645917,58746.4100694,16.9744339,0.023685189,0,zg,23.5119012,30.7224221,3.29099989,0.300999999,20190920410069,1648,0xb,0x1,20.6200008,26.2662258,0.0321934111,-0.0475223623,1.55425587e-05,30,1.00600004,3,0.5891507569419442,58746.4100694,0.5891507569419442,16.9744339,16.9744339
43,1648111100010852,99535402,2458749.858758216,58749.3540278,16.8993835,0.0230937637,0,zg,23.5119115,30.7224431,2.73699999,0.233999997,20190923354016,1648,0xb,0x1,21.2199993,26.2665558,0.0512220971,-0.0585616119,3.20193758e-05,30,1.01600003,2,0.631315714826852,58749.3540278,0.631315714826852,16.899383499999992,16.899383499999992
44,1648111100010852,99535447,2458749.8592096395,58749.3544792,16.8712769,0.0228822399,32768,zg,23.5119396,30.7223988,2.88400006,0.217999995,20190923354479,1648,0xb,0x1,21.3400002,26.33218,0.0611368567,-0.0632460862,4.46718659e-05,30,1.01600003,3,0.6478720435116452,58749.3544792,0.6478720435116452,16.871276900000005,16.871276900000005
45,1648111100010852,99745802,2458751.9628541493,58751.4580208,17.025486,0.0241106544,32768,zg,23.5119167,30.722408,1.99800003,0.216999993,20190925458009,1648,0xb,0x1,19.6299992,24.6974449,0.114859015,-0.0365269445,0.000480147341,30,1.09500003,2,0.5620896648654736,58751.4580208,0.5620896648654736,17.025485999999994,17.025485999999994
46,1648111100010852,99745847,2458751.9633055725,58751.4584722,17.272007,0.0264589377,32768,zg,23.5119046,30.7223776,1.65499997,0.209999993,20190925458472,1648,0xb,0x1,19.5799999,24.6324635,0.0862205178,-0.0385431275,0.000294294005,30,1.09599996,3,0.44791664341965576,58751.4584722,0.44791664341965576,17.272006999999995,17.272006999999995
47,1648111100010852,100943430,2458763.9396053916,58763.4343056,16.8800144,0.0229474325,32768,zg,23.5118991,30.7224105,2.47300005,0.197999999,20191007434294,1648,0xb,0x1,21.2099991,26.2563515,0.0673649311,-0.0599738099,5.52668207e-05,30,1.12,2,0.6426791934769578,58763.4343056,0.6426791934769578,16.8800144,16.8800144
48,1648111100010852,100943475,2458763.9400567035,58763.4347569,16.858799,0.0227900203,32768,zg,23.5119183,30.7224382,2.7249999,0.217999995,20191007434757,1648,0xb,0x1,21.2399998,26.2558994,0.0646629483,-0.0663216114,5.10573664e-05,30,1.12100005,3,0.6553607082996247,58763.4347569,0.6553607082996247,16.858798999999998,16.858798999999998
49,1648111100010852,101029967,2458764.8050011834,58764.2996759,16.992197,0.0238310415,0,zg,23.5119282,30.7224053,2.84200001,0.26699999,20191008299664,1648,0xb,0x1,20.8700008,26.2620888,0.0323512442,-0.0513169281,1.36852386e-05,30,1.03199995,2,0.5795904220786049,58764.2996759,0.5795904220786049,16.992196999999997,16.992196999999997
50,1648111100010852,101030012,2458764.805452596,58764.3001273,16.9453087,0.0234509688,0,zg,23.511911,30.7224185,3.09299994,0.291000009,20191008300127,1648,0xb,0x1,20.9200001,26.2569065,0.0351752974,-0.0562587604,1.57754857e-05,30,1.03100002,3,0.6051687867603747,58764.3001273,0.6051687867603747,16.94530869999999,16.94530869999999
51,1648111100010852,101230024,2458766.8056228887,58766.3002431,17.0432129,0.0242629498,0,zg,23.5118687,30.7224226,2.84200001,0.201000005,20191010300232,1648,0xb,0x1,20.3600006,26.2600842,0.0372688547,-0.0492716171,2.46582586e-05,30,1.02400005,2,0.5529868959328124,58766.3002431,0.5529868959328124,17.043212900000007,17.043212900000007
52,1648111100010852,101230069,2458766.806074201,58766.3006944,17.0422974,0.024255028,0,zg,23.5119362,30.7223886,2.90100002,0.196999997,20191010300694,1648,0xb,0x1,20.4200001,26.2671642,0.0352743827,-0.0552819595,2.12832565e-05,30,1.02400005,3,0.55345337480835,58766.3006944,0.55345337480835,17.042297400000002,17.042297400000002
53,1648111100010852,101329430,2458767.799710191,58767.2943056,16.8832722,0.0229718611,0,zg,23.511544,30.7222077,0.671999991,0.221000001,20191011294294,1648,0xb,0x1,18.3700008,26.2773285,0.043619819,-0.0704159662,0.000206963989,30,1.028,2,0.6407536960531022,58767.2943056,0.6407536960531022,16.8832722,16.8832722
54,1648111100010852,101329475,2458767.800161488,58767.2947569,16.7590714,0.0220887046,0,zg,23.51208,30.7224074,0.430000007,0.351000011,20191011294757,1648,0xb,0x1,18.2900009,26.2634926,0.0461614132,-0.0534742512,0.00024610979,30,1.028,3,0.7184084633837126,58767.2947569,0.7184084633837126,16.759071400000003,16.759071400000003
55,1648111100010852,101431631,2458768.8217478744,58768.3163194,16.99366,0.0238431543,0,zg,23.5119216,30.7224266,2.3829999,0.328000009,20191012316319,1648,0xb,0x1,20.0900002,26.2493496,0.0350376442,-0.0546345785,2.66513252e-05,30,1.00600004,2,0.5788099656917521,58768.3163194,0.5788099656917521,16.99366,16.99366
56,1648111100010852,101829541,2458772.8009226304,58772.2954167,16.9354668,0.0233731847,0,zg,23.5119105,30.7224287,0.731000006,0.0320000015,20191016295405,1648,0xb,0x1,18.9899998,26.094759,0.0396146514,-0.0331407599,8.01455972e-05,30,1.01300001,2,0.6106794137499927,58772.2954167,0.6106794137499927,16.935466799999993,16.935466799999993
57,1648111100010852,101829585,2458772.8013624377,58772.2958565,17.008606,0.0239678361,0,zg,23.5119008,30.7224264,0.730000019,0.0390000008,20191016295856,1648,0xb,0x1,19.0599995,26.1273136,0.039873004,-0.0408098847,7.83583164e-05,30,1.01199996,3,0.5708967885647822,58772.2958565,0.5708967885647822,17.008606000000007,17.008606000000007
58,1648111100010852,102539281,2458779.898394037,58779.3928125,16.8264084,0.022555368,32768,zg,23.5119398,30.7224381,2.99000001,0.247999996,20191023392812,1648,0xb,0x1,21.1800003,26.2933636,0.0752539039,-0.0737455934,7.07306172e-05,30,1.12699997,2,0.6752065397173359,58779.3928125,0.6752065397173359,16.8264084,16.8264084
59,1648111100010852,102539327,2458779.89885704,58779.3932755,16.8361015,0.0226248782,32768,zg,23.5119269,30.7224158,3.42199993,0.27700001,20191023393264,1648,0xb,0x1,21.2000008,26.313139,0.0634001195,-0.0694673732,4.95978966e-05,30,1.12800002,3,0.669205343380245,58779.3932755,0.669205343380245,16.836101500000005,16.836101500000005
60,1648111100010852,102922932,2458783.7349171434,58783.2293287,16.9616852,0.0235819221,0,zg,23.5119433,30.7224197,2.86899996,0.187999994,20191027229329,1648,0xb,0x1,20.8999996,26.2775555,0.0341219269,-0.0789259672,1.50641554e-05,30,1.06299996,2,0.5961093310445662,58783.2293287,0.5961093310445662,16.961685199999998,16.961685199999998
61,1648111100010852,102923762,2458783.743215735,58783.2376273,16.9670677,0.0236253757,0,zg,23.5118972,30.7224192,2.08699989,0.118000001,20191027237616,1648,0xb,0x1,20.8799992,26.2968807,0.0365311205,-0.0912359208,1.72296186e-05,30,1.04700005,3,0.593161452520065,58783.2376273,0.593161452520065,16.967067699999994,16.967067699999994
62,1648111100010852,103220502,2458786.710600265,58786.2050231,16.9652576,0.0236107446,0,zg,23.5119245,30.7224288,2.46499991,0.157000005,20191030205012,1648,0xb,0x1,20.8500004,26.2264557,0.0373429134,-0.0906460136,1.8425284e-05,30,1.10000002,2,0.594151174553403,58786.2050231,0.594151174553403,16.965257599999994,16.965257599999994
63,1648111100010852,103220547,2458786.7110516615,58786.2054745,16.9677143,0.023630619,0,zg,23.5119032,30.7224414,2.40499997,0.178000003,20191030205475,1648,0xb,0x1,20.8600006,26.2159061,0.0355525166,-0.0675311238,1.6678463e-05,30,1.09899998,3,0.592808305954716,58786.2054745,0.592808305954716,16.967714300000004,16.967714300000004
64,1648111100010852,103436847,2458788.874032048,58788.3684722,16.8655472,0.0228397697,0,zg,23.5119246,30.7224289,2.73300004,0.312999994,20191101368461,1648,0xb,0x1,21.0400009,26.2605953,0.0439040512,-0.0687885955,2.48996694e-05,30,1.12699997,2,0.6513000627252273,58788.3684722,0.6513000627252273,16.8655472,16.8655472
65,1648111100010852,103436892,2458788.874483444,58788.3689236,16.9745064,0.0236857813,0,zg,23.511944,30.7224197,3.08599997,0.209999993,20191101368924,1648,0xb,0x1,20.9500008,26.262188,0.0350336656,-0.0784504414,1.58659241e-05,30,1.12899995,3,0.5891114177326308,58788.3689236,0.5891114177326308,16.974506400000003,16.974506400000003
66,1648111100010852,103537008,2458789.875630239,58789.370081,16.9640503,0.02360099,0,zg,23.5119288,30.7224372,2.5309999,0.181999996,20191102370069,1648,0xb,0x1,20.7900009,26.2359962,0.0348839276,-0.0666705742,1.64098037e-05,30,1.14100003,2,0.5948122169633229,58789.370081,0.5948122169633229,16.964050300000004,16.964050300000004
67,1648111100010852,103537144,2458789.876996022,58789.3714468,16.9551125,0.0235291328,0,zg,23.5119022,30.7224059,2.5079999,0.104999997,20191102371447,1648,0xb,0x1,20.6200008,26.2289829,0.0361346453,-0.062443804,1.90095288e-05,30,1.14600003,3,0.5997289313255785,58789.3714468,0.5997289313255785,16.955112500000006,16.955112500000006
68,1648111100010852,103918730,2458793.692797072,58793.1873032,16.9612923,0.0235787537,0,zg,23.5119498,30.7223945,3.82399988,0.375,20191106187303,1648,0xb,0x1,20.8600006,26.275568,0.0388481505,-0.065450348,2.07113044e-05,30,1.097,2,0.5963250867113485,58793.1873032,0.5963250867113485,16.961292300000004,16.961292300000004
69,1648111100010852,103918775,2458793.693248463,58793.1877546,16.9310913,0.0233388226,0,zg,23.5119157,30.7224275,3.05599999,0.30399999,20191106187743,1648,0xb,0x1,20.8799992,26.2411728,0.0355941355,-0.0571957342,1.72583696e-05,30,1.09500003,3,0.613145407900519,58793.1877546,0.613145407900519,16.9310913,16.9310913
70,1648111100010852,208539343,2459839.897858582,59839.3934375,16.9296322,0.0233273935,0,zg,23.511949,30.7224399,2.97799993,0.239999995,20220917393426,1648,0xb,0x1,21.1700001,26.4821663,0.0476104952,-0.0596857555,2.83951285e-05,30,1.00300002,2,0.6139699561426952,59839.3934375,0.6139699561426952,16.929632200000007,16.929632200000007
71,1648111100010852,243347594,2460187.979213186,60187.4759491,16.9734783,0.0236774124,0,zg,23.5119032,30.7224111,2.44700003,0.321999997,20230831475938,1648,0xb,0x1,20.1399994,26.3895664,0.0379385762,-0.0311061535,3.12100528e-05,30,1.01199996,2,0.58966952042215,60187.4759491,0.58966952042215,16.973478300000004,16.973478300000004
72,1648111100010852,245244831,2460206.952833127,60206.4483102,16.8655186,0.0228395555,32768,zg,23.5119147,30.7224192,2.4690001,0.226999998,20230919448287,1648,0xb,0x1,21.4400005,26.522234,0.0769014955,-0.0876572952,7.03590777e-05,30,1.04100001,2,0.6513172192196478,60206.4483102,0.6513172192196478,16.865518599999994,16.865518599999994
73,1648111100010852,245728346,2460211.7882361957,60211.2834606,16.9545612,0.0235247221,0,zg,23.5119129,30.7224196,3.88899994,0.397000015,20230924283461,1648,0xb,0x1,20.8500004,26.419239,0.0322605334,-0.0438656509,1.41001246e-05,30,1.16199994,2,0.6000335306509883,60211.2834606,0.6000335306509883,16.954561199999993,16.954561199999993
74,1648111100010852,245830581,2460212.8106352477,60212.3058102,16.9594688,0.0235640891,0,zg,23.5119585,30.722419,3.05699992,0.284000009,20230925305799,1648,0xb,0x1,21.0400009,26.4492264,0.0309746843,-0.048612345,1.23200643e-05,30,1.08700001,2,0.5973274595238617,0.0,0.5973274595238617,16.959468800000003,16.959468800000003
0,651203100043542,52947050,2458283.9671126893,58283.4705093,16.3188438,0.0350425243,1,zr,23.5119229,30.722448,1.82299995,0.0140000004,20180614470509,651,0x3,0x1,20.1100006,26.3104248,0.0488344394,0.0934765935,3.44621258e-05,30,1.80499995,1,1.0776121515339623,58283.4705093,1.0776121515339623,16.318843800000003,16.318843800000003
1,651203100043542,53547332,2458289.970363796,58289.4733218,16.4545746,0.0361007676,32769,zr,23.5119376,30.7224263,2.1170001,0.275000006,20180620473310,651,0x3,0x1,20.6399994,26.6125336,0.0695773661,0.101125866,7.06104256e-05,30,1.58599997,1,0.950977321079481,58289.4733218,0.950977321079481,16.454574599999994,16.454574599999994
2,651203100043542,54342756,2458297.925240388,58297.4275694,16.4063835,0.0357118323,0,zr,23.511941,30.7224281,2.10899997,0.0960000008,20180628427569,651,0x3,0x1,19.7000008,26.2091732,0.0383940712,0.0884162858,2.11580173e-05,30,1.87199998,1,0.9941378291947122,58297.4275694,0.9941378291947122,16.406383499999997,16.406383499999997
3,651203100043542,54642118,2458300.919100409,58300.4211806,16.4169159,0.0357955545,0,zr,23.5119417,30.7224639,2.38000011,0.182999998,20180701421169,651,0x3,0x1,20.2199993,26.2896347,0.033187788,0.0872549564,1.59050651e-05,30,1.847,1,0.9845406225220734,58300.4211806,0.9845406225220734,16.4169159,16.4169159
4,651203100043542,54946712,2458303.9653084786,58303.4671296,16.397213,0.0356395021,32768,zr,23.5119329,30.722454,2.14899993,0.206,20180704467118,651,0x3,0x1,20.6800003,26.5551319,0.0717272684,0.0932997614,7.40422474e-05,30,1.34000003,1,1.002570219226347,58303.4671296,1.002570219226347,16.397213,16.397213
5,651203100043542,55845258,2458312.951552087,58312.452581,16.4907017,0.0364023633,32769,zr,23.5119242,30.7224202,2.98099995,0.39199999,20180713452558,651,0x3,0x1,21.1800003,26.6306133,0.0877723843,0.0872723833,0.00011194784,30,1.28299999,1,0.9198548869724356,58312.452581,0.9198548869724356,16.490701699999995,16.490701699999995
6,651203100043542,56147030,2458315.96954518,58315.4703009,16.5396614,0.03682537,32769,zr,23.5119216,30.7224406,1.32799995,0.103,20180716470255,651,0x3,0x1,21.0400009,26.739603,0.100025371,0.0798134729,0.000143771365,30,1.16799998,1,0.8792966934113327,58315.4703009,0.8792966934113327,16.539661399999993,16.539661399999993
7,651203100043542,56747642,2458321.9762178175,58321.4764236,16.47575,0.0362764783,32769,zr,23.5119413,30.7224266,2.4920001,0.192000002,20180722476366,651,0x3,0x1,21.2900009,26.8287487,0.0838421658,0.0931360796,0.000101280137,30,1.09899998,1,0.9326098541742978,58321.4764236,0.9326098541742978,16.475749999999998,16.475749999999998
8,651203100043542,57046456,2458324.964629701,58324.4645602,16.4673748,0.0362066217,32768,zr,23.5119286,30.7224393,2.50900006,0.307999998,20180725464502,651,0x3,0x1,21.1700001,26.8752766,0.108593799,0.0895885304,0.000170172221,30,1.10800004,1,0.9398316795604655,58324.4645602,0.9398316795604655,16.46737480000001,16.46737480000001
9,651203100043542,57643243,2458330.933049928,58330.4324306,16.4022427,0.0356791131,0,zr,23.5119454,30.7224598,2.60400009,0.189999998,20180731432419,651,0x3,0x1,20.1200008,26.2938175,0.0485975929,0.0888888389,3.39437902e-05,30,1.15799999,1,0.9979365288545994,58330.4324306,0.9979365288545994,16.402242699999995,16.402242699999995
10,651203100043542,58145143,2458335.9525138484,58335.4514352,16.4841957,0.0363474041,32769,zr,23.5119239,30.7224574,2.40300012,0.155000001,20180805451435,651,0x3,0x1,20.8600006,26.793993,0.084345147,0.0839477107,0.000102245009,30,1.06799996,1,0.9253834327338951,58335.4514352,0.9253834327338951,16.484195700000008,16.484195700000008
11,651203100043542,58244631,2458336.947488454,58336.4463194,16.5257301,0.0367032923,32769,zr,23.5119092,30.7224454,2.18400002,0.112000003,20180806446319,651,0x3,0x1,20.9400005,26.8126316,0.0867943093,0.0823235735,0.00010987209,30,1.07299995,1,0.8906518206181675,58336.4463194,0.8906518206181675,16.525730099999997,16.525730099999997
12,651203100043542,58244678,2458336.947951495,58336.4467824,16.5041485,0.0365168825,32769,zr,23.5119208,30.7224571,2.329,0.0909999982,20180806446771,651,0x3,0x1,20.8999996,26.7620068,0.0939667299,0.0858152136,0.000127365856,30,1.07200003,1,0.9085327772024473,58336.4467824,0.9085327772024473,16.504148500000007,16.504148500000007
13,651203100043542,58247211,2458336.9732895046,58336.4721181,16.4327354,0.0359226502,32769,zr,23.5119265,30.722432,2.27099991,0.335000008,20180806472106,651,0x3,0x1,21.1399994,26.7774372,0.0560669899,0.103481136,4.570487e-05,30,1.028,1,0.9702995724176062,58336.4721181,0.9702995724176062,16.432735400000006,16.432735400000006
14,651203100043542,58447473,2458338.976086319,58338.4747338,16.4607296,0.0361515358,32768,zr,23.5119245,30.7224393,2.27900004,0.225999996,20180808474676,651,0x3,0x1,21.1599998,26.7886925,0.0749777034,0.100400612,7.90153936e-05,30,1.01900005,3,0.9456015164267517,58338.4747338,0.9456015164267517,16.4607296,16.4607296
15,651203100043542,58847394,2458342.9756568177,58342.4739468,16.4317589,0.0359147564,32769,zr,23.5119188,30.7224654,2.68199992,0.314999998,20180812473877,651,0x3,0x1,21.25,26.7004547,0.0696427971,0.102535374,7.03014666e-05,30,1.00999999,3,0.9711726424514363,58342.4739468,0.9711726424514363,16.4317589,16.4317589
16,651203100043542,58947799,2458343.9797964357,58343.4779977,16.4356194,0.0359459892,32768,zr,23.5119077,30.7224263,2.8900001,0.296000004,20180813477986,651,0x3,0x1,21.5,26.9423828,0.101616099,0.0858194083,0.000146959253,30,1.005,3,0.9677256224327535,58343.4779977,0.9677256224327535,16.4356194,16.4356194
17,651203100043542,58947901,2458343.9808150227,58343.4790162,16.4884262,0.0363831148,32768,zr,23.5119321,30.7224458,2.6960001,0.347000003,20180813478912,651,0x3,0x1,21.4099998,26.9692936,0.0857651085,0.0833492726,0.000106184314,30,1.005,1,0.9217847523702245,58343.4790162,0.9217847523702245,16.4884262,16.4884262
18,651203100043542,59045371,2458344.9555997867,58344.4537153,16.5436859,0.0368608907,32768,zr,23.5119233,30.7224511,2.23799992,0.238000005,20180814453692,651,0x3,0x1,21.3999996,27.0671349,0.106701605,0.0812292621,0.000193661763,30,1.02400005,1,0.8760434362056483,58344.4537153,0.8760434362056483,16.543685900000007,16.543685900000007
19,651203100043542,59046379,2458344.9656816744,58344.4637963,16.4237709,0.0358504318,32768,zr,23.5119074,30.7224328,2.57200003,0.38499999,20180814463738,651,0x3,0x1,21.4300003,26.840992,0.0599535368,0.0895585939,5.34006795e-05,30,1.01400006,3,0.97834412185919,58344.4637963,0.97834412185919,16.4237709,16.4237709
20,651203100043542,59146619,2458345.968165079,58345.4661921,16.4930096,0.0364219286,32769,zr,23.5119324,30.7224566,2.13700008,0.229000002,20180815466169,651,0x3,0x1,21.3799992,26.8257828,0.0950404704,0.0849881172,0.000131671928,30,1.00999999,3,0.9179016700021196,58345.4661921,0.9179016700021196,16.4930096,16.4930096
21,651203100043542,59243175,2458346.933816163,58346.4317593,16.4965458,0.0364519879,32768,zr,23.5119324,30.7224554,2.43099999,0.287999988,20180816431748,651,0x3,0x1,21.4599991,26.9554176,0.111007489,0.0766703114,0.000176543923,30,1.04799998,3,0.9149169636367054,58346.4317593,0.9149169636367054,16.4965458,16.4965458
22,651203100043542,59243269,2458346.934753746,58346.4326968,16.5495338,0.0369127057,32768,zr,23.5119205,30.7224506,2.51600003,0.268999994,20180816432674,651,0x3,0x1,21.4200001,27.0975113,0.146657512,0.0884070024,0.00035612777,30,1.04700005,1,0.8713376498897838,58346.4326968,0.8713376498897838,16.5495338,16.5495338
23,651203100043542,59342271,2458347.9248623326,58347.4227199,16.544014,0.036863789,32768,zr,23.5119153,30.7224434,2.74399996,0.314999998,20180817422708,651,0x3,0x1,21.4699993,27.1402187,0.154425368,0.0941617414,0.000359435187,30,1.05999994,3,0.8757787435251181,58347.4227199,0.8757787435251181,16.544013999999997,16.544013999999997
24,651203100043542,59442695,2458348.92918458,58348.426956,16.6160507,0.0375197716,32769,zr,23.5119255,30.7224537,2.20499992,0.307999998,20180818426944,651,0x3,0x1,21.5799999,27.1182251,0.206082359,0.0628261939,0.0006130322,30,1.04700005,3,0.8195580491567506,58348.426956,0.8195580491567506,16.616050699999995,16.616050699999995
25,651203100043542,59547495,2458349.9772715517,58349.4749537,16.5213203,0.0366649441,32768,zr,23.5119256,30.7224443,2.47900009,0.223000005,20180819474896,651,0x3,0x1,21.4500008,26.9391499,0.0930648223,0.0784453228,0.000126743762,30,1.00100005,3,0.8942766268153292,58349.4749537,0.8942766268153292,16.521320300000006,16.521320300000006
26,651203100043542,59547589,2458349.978209131,58349.4758912,16.5089111,0.0365577452,32768,zr,23.5119303,30.7224479,2.85800004,0.31099999,20180819475868,651,0x3,0x1,21.5,27.0857162,0.132489294,0.083270207,0.000254332757,30,1.00100005,1,0.9045562110109893,58349.4758912,0.9045562110109893,16.5089111,16.5089111
27,651203100043542,59640561,2458350.9080099333,58350.4056134,16.4064789,0.0357125849,32769,zr,23.5119255,30.7224166,2.95099998,0.217999995,20180820405590,651,0x3,0x1,21.5799999,26.9852638,0.128740743,0.0869673491,0.000248447643,30,1.079,3,0.9940504814743831,58350.4056134,0.9940504814743831,16.406478900000003,16.406478900000003
28,651203100043542,59738712,2458351.889608521,58351.3871296,16.5083771,0.0365531556,32769,zr,23.5119204,30.7224513,1.88100004,0.170000002,20180821387083,651,0x3,0x1,21.4500008,26.8714027,0.0793084502,0.0753654912,9.05348497e-05,30,1.12,3,0.9050012102839561,58351.3871296,0.9050012102839561,16.508377099999997,16.508377099999997
29,651203100043542,59847509,2458352.977662133,58352.4750926,16.478054,0.0362957865,32768,zr,23.5119282,30.7224542,2.71600008,0.298000008,20180822475012,651,0x3,0x1,21.5599995,27.0107536,0.135547042,0.0817109868,0.000293479359,30,1.0,3,0.9306328962046271,58352.4750926,0.9306328962046271,16.478054000000007,16.478054000000007
30,651203100043542,59847643,2458352.979004845,58352.4764352,16.4601364,0.0361466259,32768,zr,23.5119174,30.7224612,2.204,0.202999994,20180822476424,651,0x3,0x1,21.4599991,26.9608002,0.0865874738,0.0937190056,0.000106908185,30,1.0,1,0.9461182939638164,58352.4764352,0.9461182939638164,16.460136400000003,16.460136400000003
31,1648211100015370,59934883,2458353.8514726474,58353.348831,16.3752136,0.0188736282,0,zr,23.5119276,30.722421,3.09200001,0.226999998,20180823348819,1648,0xb,0x1,20.8400002,26.4096031,0.0293652341,0.103968576,1.05016443e-05,30,1.25899994,2,1.0230916967145516,58353.348831,1.0230916967145516,16.375213600000002,16.375213600000002
32,651203100043542,59944228,2458353.944929479,58353.4422801,16.4243317,0.0358549319,32768,zr,23.5119154,30.7224538,2.74099994,0.333000004,20180823442269,651,0x3,0x1,21.2900009,26.8959751,0.0774942338,0.0842395946,9.1410453e-05,30,1.01100004,3,0.9778389220593504,58353.4422801,0.9778389220593504,16.424331700000003,16.424331700000003
33,651203100043542,59947456,2458353.9772122325,58353.4745602,16.4619484,0.036161609,32768,zr,23.5119481,30.7224585,2.93600011,0.365999997,20180823474317,651,0x3,0x1,21.5900002,26.962595,0.0987743959,0.0899637341,0.000140610209,30,1.0,3,0.9445406210705921,58353.4745602,0.9445406210705921,16.461948400000004,16.461948400000004
34,1648211100015370,60033150,2458354.834226755,58354.3315046,16.4291153,0.0191143565,0,zr,23.5118722,30.7223604,3.5710001,0.36500001,20180824331493,1648,0xb,0x1,20.6299992,26.3746243,0.0258639026,0.106726229,8.10089114e-06,30,1.34000003,2,0.9735401789913176,58354.3315046,0.9735401789913176,16.4291153,16.4291153
35,651203100043542,60046908,2458354.9718190245,58354.4690856,16.5116348,0.0365811773,32769,zr,23.511929,30.7224368,2.65100002,0.180000007,20180824469028,651,0x3,0x1,21.0699997,26.8884392,0.0987373292,0.0927851051,0.000139497395,30,1.0,3,0.9022898667279632,58354.4690856,0.9022898667279632,16.511634800000003,16.511634800000003
36,651203100043542,60049100,2458354.993742109,58354.4910069,16.4833946,0.0363406539,32768,zr,23.5119123,30.7224469,2.80599999,0.284999996,20180824490949,651,0x3,0x1,21.4699993,27.0021267,0.108876258,0.0756353214,0.000173606924,30,1.00800002,3,0.9260664699409339,58354.4910069,0.9260664699409339,16.483394600000004,16.483394600000004
37,1648211100015370,60133253,2458355.835338145,58355.3325347,16.3724937,0.0188618302,0,zr,23.5119069,30.7224259,3.4849999,0.294999987,20180825332535,1648,0xb,0x1,20.5799999,26.3782291,0.0251382571,0.116169192,7.67651727e-06,30,1.31700003,2,1.0256578776287764,58355.3325347,1.0256578776287764,16.3724937,16.3724937
38,651203100043542,60138006,2458355.882876716,58355.3800694,16.5896606,0.0372749902,32768,zr,23.5119301,30.7224785,2.57599998,0.333000004,20180825380058,651,0x3,0x1,19.3199997,25.5058308,0.213411689,0.124312729,0.000907514128,30,1.10899997,3,0.839722441851116,58355.3800694,0.839722441851116,16.589660599999995,16.589660599999995
39,651203100043542,60139062,2458355.8934331764,58355.390625,16.7841644,0.0392091423,32768,zr,23.5119128,30.7224664,2.26900005,0.333000004,20180825390579,651,0x3,0x1,19.4799995,25.6756573,0.296685368,0.102847002,0.00154910679,30,1.08200002,1,0.7019953574624082,58355.390625,0.7019953574624082,16.7841644,16.7841644
40,651203100043542,60149067,2458355.9934875723,58355.4906713,16.5282497,0.0367252752,32768,zr,23.5119327,30.7224197,3.31200004,0.344999999,20180825490567,651,0x3,0x1,20.9099998,26.8780403,0.117897585,0.0915710777,0.000199515751,30,1.00999999,1,0.8885873371136532,58355.4906713,0.8885873371136532,16.528249699999996,16.528249699999996
41,651203100043542,60149159,2458355.9944135477,58355.4915972,16.5633373,0.0370360091,32769,zr,23.511917,30.7224297,2.97199988,0.342999995,20180825491586,651,0x3,0x1,20.8999996,26.8281956,0.0967096686,0.0861957073,0.000134215705,30,1.00999999,3,0.8603300254334592,58355.4915972,0.8603300254334592,16.563337299999993,16.563337299999993
42,1648211100015370,60234663,2458356.849516945,58356.3466319,16.3725662,0.018862145,0,zr,23.5118946,30.7224285,3.45900011,0.356000006,20180826346632,1648,0xb,0x1,20.5,26.4070988,0.0263046958,0.103337765,8.41926885e-06,30,1.22899997,2,1.0255893916437349,58356.3466319,1.0255893916437349,16.3725662,16.3725662
43,651203100043542,60243120,2458356.934095551,58356.4312037,16.3751945,0.0354679972,32768,zr,23.5119354,30.7224428,2.70799994,0.279000014,20180826431181,651,0x3,0x1,20.5200005,26.5797615,0.062689662,0.0929091945,5.70360608e-05,30,1.01400006,3,1.0231096948463285,58356.4312037,1.0231096948463285,16.3751945,16.3751945
44,651203100043542,60249356,2458356.996461641,58356.4935648,16.4458504,0.0360292345,32769,zr,23.5118993,30.7224192,2.98699999,0.419,20180826493518,651,0x3,0x1,20.6299992,26.7463703,0.0866335109,0.105483368,0.000108219283,30,1.01400006,3,0.9586494777262883,58356.4935648,0.9586494777262883,16.445850400000005,16.445850400000005
45,1648211100015370,60335276,2458357.8557314086,58357.3527662,16.4048653,0.0190043971,0,zr,23.5119364,30.7224093,3.41000009,0.293000013,20180827352743,1648,0xb,0x1,20.3199997,26.367321,0.0263949037,0.11256732,8.54373411e-06,30,1.19099998,2,0.9955289182781217,58357.3527662,0.9955289182781217,16.404865300000004,16.404865300000004
46,651203100043542,60340528,2458357.9082587985,58357.4052894,16.4222355,0.035838116,32768,zr,23.5119144,30.7224562,2.46700001,0.150999993,20180827405278,651,0x3,0x1,20.3400002,26.6710129,0.0412999727,0.0897227973,2.45272386e-05,30,1.04200006,3,0.9797286314625674,58357.4052894,0.9797286314625674,16.422235499999992,16.422235499999992
47,651203100043542,60347119,2458357.974166727,58357.4711921,16.4179459,0.03580378,32769,zr,23.5119137,30.7224647,2.65899992,0.151999995,20180827471123,651,0x3,0x1,20.3999996,26.651495,0.0622797459,0.0912459567,5.61786583e-05,30,1.00199997,3,0.9836070661211775,58357.4711921,0.9836070661211775,16.4179459,16.4179459
48,651203100043542,60442616,2458358.9292188715,58358.426169,16.3843994,0.0355393328,0,zr,23.5119477,30.7224281,3.26200008,0.331,20180828425903,651,0x3,0x1,20.1900005,26.3160057,0.0365947708,0.1043218,1.93079231e-05,30,1.01300001,1,1.0144724093402586,58358.426169,1.0144724093402586,16.3843994,16.3843994
49,651203100043542,60442709,2458358.9301448464,58358.4270949,16.3746948,0.0354641378,0,zr,23.5119115,30.7224365,3.08200002,0.273000002,20180828427083,651,0x3,0x1,20.1200008,26.3162632,0.0355928689,0.0996123701,1.82468448e-05,30,1.01199996,3,1.0235806799519807,58358.4270949,1.0235806799519807,16.374694800000007,16.374694800000007
50,651203100043542,60531974,2458359.8228649492,58359.3197454,16.3933372,0.0356090926,0,zr,23.5119245,30.7224485,1.77400005,0.0769999996,20180829319711,651,0x3,0x1,19.6499996,26.1701012,0.0387447588,0.0835572109,2.14982701e-05,30,1.30999994,3,1.00615553349088,58359.3197454,1.00615553349088,16.393337199999998,16.393337199999998
51,1648211100015370,60540822,2458359.911355667,58359.4082292,16.5544167,0.019728113,32768,zr,23.5120326,30.7223772,1.11199999,0.218999997,20180829408218,1648,0xb,0x1,17.6399994,24.6462154,0.0438255146,0.0823440552,0.00016631624,30,1.03400004,2,0.867427766759052,58359.4082292,0.867427766759052,16.554416699999997,16.554416699999997
52,651203100043542,60542184,2458359.9249678296,58359.4218403,16.4689941,0.0362200961,32768,zr,23.511921,30.7224544,1.81799996,0.280999988,20180829421736,651,0x3,0x1,19.1700001,25.8557568,0.0511556864,0.0916395038,4.96107896e-05,30,1.01499999,3,0.938431030751996,58359.4218403,0.938431030751996,16.468994099999996,16.468994099999996
53,651203100043542,60634307,2458360.8462773054,58360.3430787,16.4192352,0.0358140916,0,zr,23.5119277,30.7224264,2.7750001,0.211999997,20180830343021,651,0x3,0x1,20.2099991,26.3230553,0.0363182425,0.100009352,1.89937291e-05,30,1.18400002,3,0.9824397366014616,58360.3430787,0.9824397366014616,16.419235199999996,16.419235199999996
54,651203100043542,60748322,2458361.986514833,58361.4832292,16.3890686,0.0355757102,0,zr,23.5119247,30.7224511,2.90899992,0.277999997,20180831483218,651,0x3,0x1,20.5200005,26.4935436,0.0369058996,0.106778391,1.96870042e-05,30,1.01699996,1,1.010119046242559,58361.4832292,1.010119046242559,16.389068599999995,16.389068599999995
55,651203100043542,60748416,2458361.9874524013,58361.4841667,16.4397907,0.0359798484,32768,zr,23.5119535,30.7224605,2.9230001,0.289000005,20180831484144,651,0x3,0x1,20.7000008,26.6303711,0.0498994999,0.107377663,3.57759054e-05,30,1.01800001,3,0.9640148411908402,58361.4841667,0.9640148411908402,16.439790699999996,16.439790699999996
56,1648211100015370,60838905,2458362.8924048236,58362.3890509,16.2972202,0.0185482819,0,zr,23.5119166,30.7224073,3.70499992,0.307999998,20180901389039,1648,0xb,0x1,20.8899994,26.4216461,0.0321505629,0.111069269,1.26665645e-05,30,1.04900002,2,1.0992890955847574,58362.3890509,1.0992890955847574,16.297220200000005,16.297220200000005
57,651203100043542,60840003,2458362.9033894506,58362.4000347,16.4592438,0.0361392573,32769,zr,23.5119134,30.7224246,3.12100005,0.300000012,20180901399896,651,0x3,0x1,20.8899994,26.8070793,0.0856776834,0.0945651531,0.000105375715,30,1.02900004,3,0.946896431803215,58362.4000347,0.946896431803215,16.459243800000003,16.459243800000003
58,1648211100015370,60945233,2458363.9557711487,58363.452338,16.319994,0.0186405629,0,zr,23.51195,30.7223969,3.66599989,0.354999989,20180902452257,1648,0xb,0x1,21.0699997,26.4392834,0.0386284404,0.107670434,1.82301319e-05,30,1.00300002,2,1.0764711624128809,58363.452338,1.0764711624128809,16.319994,16.319994
59,651203100043542,60946931,2458363.9727515015,58363.4693171,16.4759903,0.0362784974,32769,zr,23.51193,30.7224462,2.47000003,0.238000005,20180902469213,651,0x3,0x1,20.7800007,26.7576771,0.0760090128,0.0879263878,8.35003593e-05,30,1.00999999,3,0.9324034676241266,58363.4693171,0.9324034676241266,16.4759903,16.4759903
60,651203100043542,61035796,2458364.8614627654,58364.357963,16.4988441,0.0364715643,32768,zr,23.5119488,30.7224266,2.24799991,0.216000006,20180903357870,651,0x3,0x1,20.8799992,26.693821,0.089193128,0.0930294618,0.000115574425,30,1.10099995,1,0.9129823043242311,58364.357963,0.9129823043242311,16.498844100000007,16.498844100000007
61,651203100043542,61036192,2458364.8654213576,58364.3619213,16.4582138,0.0361307561,32769,zr,23.5119344,30.7224474,2.38499999,0.245000005,20180903361875,651,0x3,0x1,20.9200001,26.6341,0.0592335314,0.0970310494,5.08598932e-05,30,1.09000003,3,0.9477951455836897,58364.3619213,0.9477951455836897,16.458213800000003,16.458213800000003
62,1648211100015370,61036807,2458364.871579209,58364.3680787,16.3590012,0.0188038088,0,zr,23.5119669,30.7224487,3.69499993,0.243000001,20180903368079,1648,0xb,0x1,21.1900005,26.4636097,0.046894338,0.107829176,2.65865892e-05,30,1.08000004,2,1.0384833072334727,58364.3680787,1.0384833072334727,16.3590012,16.3590012
63,1648211100015370,61136871,2458365.8722885293,58365.3687153,16.339962,0.0187233035,0,zr,23.5119042,30.722426,3.15199995,0.270999998,20180904368692,1648,0xb,0x1,21.2199993,26.5045147,0.0351913087,0.103987537,1.51817958e-05,30,1.07299995,2,1.0568544977270236,58365.3687153,1.0568544977270236,16.339962000000007,16.339962000000007
64,651203100043542,61139024,2458365.893817888,58365.3902431,16.5231628,0.0366809554,32769,zr,23.5119499,30.7224442,2.45499992,0.178000003,20180904390232,651,0x3,0x1,21.2000008,26.908102,0.102899633,0.080671981,0.00015440071,30,1.03199995,3,0.8927603216700448,58365.3902431,0.8927603216700448,16.5231628,16.5231628
65,651203100043542,61236299,2458366.866642212,58366.3629977,16.4652061,0.0361886099,32768,zr,23.5119044,30.722451,1.80299997,0.0439999998,20180905362940,651,0x3,0x1,21.0900002,26.7800694,0.0896331817,0.0798791498,0.000116458898,30,1.07500005,3,0.9417108191905529,58366.3629977,0.9417108191905529,16.465206099999996,16.465206099999996
66,1648211100015370,61239177,2458366.8954173713,58366.3917708,16.353056,0.0187784992,0,zr,23.5119122,30.7224392,2.57500005,0.197999999,20180905391771,1648,0xb,0x1,21.4300003,26.6275597,0.0317711122,0.112752505,1.22078673e-05,30,1.028,2,1.0441853602597926,58366.3917708,1.0441853602597926,16.353056000000002,16.353056000000002
67,651203100043542,61338210,2458367.8858230626,58367.3821065,16.4677296,0.0362095721,32768,zr,23.5119153,30.7224325,1.56400001,0.0719999969,20180906382083,651,0x3,0x1,21.1599998,26.8085499,0.0875095129,0.0763970986,0.000111460235,30,1.03499997,1,0.9395246088363473,58367.3821065,0.9395246088363473,16.467729600000006,16.467729600000006
68,651203100043542,61339222,2458367.895939474,58367.3922222,16.3312683,0.0351346992,32768,zr,23.5119427,30.7224246,2.20000005,0.259000003,20180906392199,651,0x3,0x1,21.2700005,26.6688194,0.0463349298,0.100370049,3.09000716e-05,30,1.02199996,3,1.0653509071088596,58367.3922222,1.0653509071088596,16.331268299999998,16.331268299999998
69,651203100043542,61442918,2458368.932979283,58368.4291898,16.4167557,0.0357942805,32769,zr,23.5119234,30.7224137,2.97099996,0.174999997,20180907429144,651,0x3,0x1,21.0699997,26.6663742,0.0838914812,0.110741146,0.000102146107,30,1.0,3,0.9846859018667437,58368.4291898,0.9846859018667437,16.416755700000003,16.416755700000003
70,651203100043542,61540501,2458369.9088679976,58369.4050116,16.4347076,0.0359386057,32769,zr,23.5119226,30.7224319,2.1559999,0.216000006,20180908405000,651,0x3,0x1,21.3299999,26.8113651,0.0716323853,0.0859546736,7.37120354e-05,30,1.00600004,3,0.9685386586288195,58369.4050116,0.9685386586288195,16.434707600000003,16.434707600000003
71,651203100043542,61641430,2458370.9182301406,58370.4143056,16.4305439,0.0359049402,32769,zr,23.5119307,30.7224131,3.03299999,0.316000015,20180909414259,651,0x3,0x1,21.4400005,26.8091393,0.084839277,0.0912559181,0.000103248509,30,1.00100005,3,0.9722600476893526,58370.4143056,0.9722600476893526,16.430543899999996,16.430543899999996
72,651203100043542,61641527,2458370.9192024022,58370.4152778,16.4996986,0.0364788547,32768,zr,23.5119461,30.7224605,1.87,0.115000002,20180909415255,651,0x3,0x1,21.3299999,26.9354515,0.0886333734,0.0818403959,0.000111638692,30,1.00100005,1,0.912264048397493,58370.4152778,0.912264048397493,16.499698599999995,16.499698599999995
73,651203100043542,61741035,2458371.9143494945,58371.4103588,16.4713593,0.0362397991,32769,zr,23.5119342,30.7224531,2.5,0.224999994,20180910410185,651,0x3,0x1,21.4300003,26.8720551,0.0821928903,0.0786130056,9.66968946e-05,30,1.00199997,3,0.9363889497912016,58371.4103588,0.9363889497912016,16.471359299999996,16.471359299999996
74,1648211100015370,61741390,2458371.91789143,58371.4139005,16.3525391,0.018776305,0,zr,23.5119197,30.7224245,2.59699988,0.280999988,20180910413866,1648,0xb,0x1,21.4500008,26.6098938,0.0376110785,0.106468871,1.7107177e-05,30,1.00300002,2,1.0446825969835838,58371.4139005,1.0446825969835838,16.352539099999994,16.352539099999994
75,1648211100015370,61835129,2458372.8553484622,58372.3512963,16.3592415,0.018804837,0,zr,23.5119387,30.722422,3.1500001,0.300999999,20180911351285,1648,0xb,0x1,21.1900005,26.435545,0.0270613525,0.108853981,8.89031617e-06,30,1.06900001,2,1.0382534908893297,58372.3512963,1.0382534908893297,16.359241500000003,16.359241500000003
76,651203100043542,61838749,2458372.8915545195,58372.3875,16.4668159,0.0362019874,32769,zr,23.5119293,30.72244,2.7349999,0.223000005,20180911387477,651,0x3,0x1,21.2299995,26.7885914,0.0716228411,0.0871924683,7.36398506e-05,30,1.01300001,3,0.9403155974243647,58372.3875,0.9403155974243647,16.466815899999993,16.466815899999993
77,651203100043542,61945140,2458373.955523282,58373.4514005,16.4546776,0.0361016095,32769,zr,23.5119025,30.7224391,2.2249999,0.0879999995,20180912451389,651,0x3,0x1,21.1499996,26.770237,0.0757333711,0.089012526,8.21908907e-05,30,1.01800001,1,0.9508871094629994,58373.4514005,0.9508871094629994,16.454677600000004,16.454677600000004
78,651203100043542,61945232,2458373.9564492377,58373.4523264,16.4864197,0.0363661535,32768,zr,23.5119265,30.7224643,2.01300001,0.057,20180912452315,651,0x3,0x1,21.1000004,26.8290253,0.0923387185,0.081451349,0.000122558296,30,1.01900005,3,0.9234898361612517,58373.4523264,0.9234898361612517,16.486419699999992,16.486419699999992
79,1648211100015370,62036944,2458374.8736250335,58374.3694444,16.3270378,0.0186695531,32768,zr,23.5119175,30.7224278,3.00699997,0.257999986,20180913369433,1648,0xb,0x1,21.3099995,26.5784206,0.0602299422,0.107703321,4.38355455e-05,30,1.02900004,2,1.0695100748321065,58374.3694444,1.0695100748321065,16.327037799999992,16.327037799999992
80,651203100043542,62038996,2458374.894147218,58374.3899653,16.4185524,0.0358086303,32768,zr,23.5119437,30.7224462,2.44799995,0.314999998,20180913389931,651,0x3,0x1,21.3400002,26.8621387,0.0833752602,0.0969986841,9.99047043e-05,30,1.00699997,3,0.9830577696223436,58374.3899653,0.9830577696223436,16.418552400000003,16.418552400000003
81,651203100043542,62137032,2458375.8745666817,58375.3703241,16.5249748,0.0366967209,32769,zr,23.5119203,30.7224366,2.86800003,0.335000008,20180914369734,651,0x3,0x1,21.3199997,26.9658585,0.112804316,0.0852930397,0.000184386576,30,1.02199996,3,0.8912716243595382,58375.3703241,0.8912716243595382,16.524974800000003,16.524974800000003
82,651203100043542,62342357,2458377.9279423137,58377.4235764,16.4763393,0.0362814143,32768,zr,23.5119272,30.722441,2.25099993,0.298999995,20180916423518,651,0x3,0x1,21.3099995,26.9700108,0.098024413,0.0773302615,0.000139181895,30,1.005,3,0.9321038031987047,58377.4235764,0.9321038031987047,16.4763393,16.4763393
83,651203100043542,62439517,2458378.899596081,58378.3951736,16.535265,0.0367866978,32769,zr,23.5119133,30.7224446,2.37700009,0.239999995,20180917395081,651,0x3,0x1,21.3799992,27.0740871,0.156951904,0.0896533132,0.000353678595,30,1.00100005,3,0.8828643898587447,58378.3951736,0.8828643898587447,16.535265000000003,16.535265000000003
84,651203100043542,62537670,2458379.8811798315,58379.3767014,16.4445553,0.0360186622,32769,zr,23.5119342,30.7224446,2.56100011,0.221000001,20180918376319,651,0x3,0x1,21.2099991,26.7972145,0.0648100302,0.0845517516,6.0605209e-05,30,1.00699997,1,0.9597936669921767,58379.3767014,0.9597936669921767,16.444555299999998,16.444555299999998
85,651203100043542,62537780,2458379.882279396,58379.3778009,16.3740406,0.03545909,32769,zr,23.5119117,30.7224205,2.68700004,0.275000006,20180918377708,651,0x3,0x1,21.2299995,26.7215538,0.0602992028,0.102123983,5.25353935e-05,30,1.00600004,3,1.0241976145784226,58379.3778009,1.0241976145784226,16.374040599999994,16.374040599999994
86,1648211100015370,62631028,2458380.8148199045,58380.3102894,16.3963928,0.0189666189,32768,zr,23.5119551,30.7224097,2.98699999,0.144999996,20180919310278,1648,0xb,0x1,20.9300003,26.5409527,0.0422690883,0.0749577358,2.17252473e-05,30,1.11699998,2,1.0033278791140898,58380.3102894,1.0033278791140898,16.396392799999994,16.396392799999994
87,651203100043542,62643166,2458380.936203915,58380.4316667,16.4335613,0.0359293297,32768,zr,23.5119524,30.7224421,2.32500005,0.211999997,20180919431620,651,0x3,0x1,21.4599991,26.8979912,0.0756767914,0.102142446,8.30591016e-05,30,1.01699996,3,0.9695617636417849,58380.4316667,0.9695617636417849,16.4335613,16.4335613
88,651203100043542,62836123,2458382.865879458,58382.3612384,16.4663544,0.0361981392,32769,zr,23.5119135,30.7224368,2.3670001,0.128000006,20180921361181,651,0x3,0x1,20.7099991,26.656683,0.0785918608,0.0821317658,8.80324078e-05,30,1.01199996,1,0.9407153703041562,58382.3612384,0.9407153703041562,16.466354399999993,16.466354399999993
89,651203100043542,62836840,2458382.873044237,58382.3684028,16.3721008,0.0354441404,32768,zr,23.511936,30.7223961,2.77900004,0.264999986,20180921368137,651,0x3,0x1,20.7299995,26.5481243,0.0561725236,0.116019286,4.48298088e-05,30,1.00699997,3,1.0260291039924043,58382.3684028,1.0260291039924043,16.37210079999999,16.37210079999999
90,1648211100015370,62934262,2458383.8473193115,58383.3426273,16.2898827,0.0185190178,32768,zr,23.5119256,30.7224074,2.81100011,0.261999995,20180922342569,1648,0xb,0x1,20.6499996,26.5105076,0.0622785203,0.104732208,4.87595389e-05,30,1.03199995,2,1.1067433470736925,58383.3426273,1.1067433470736925,16.2898827,16.2898827
91,651203100043542,62938958,2458383.894277723,58383.3895833,16.3445129,0.035233967,32768,zr,23.5119149,30.72245,2.75999999,0.209000006,20180922389282,651,0x3,0x1,20.9599991,26.7235527,0.107822046,0.098104775,0.000172446409,30,1.0,3,1.0524339273354137,58383.3895833,1.0524339273354137,16.344512900000005,16.344512900000005
92,651203100043542,63129886,2458385.8036554647,58385.2988657,16.4334641,0.0359285399,0,zr,23.5119285,30.7224332,2.50999999,0.293000013,20180924298854,651,0x3,0x1,20.2900009,26.4617062,0.029813854,0.100658007,1.27794519e-05,30,1.10500002,1,0.9696485670675086,58385.2988657,0.9696485670675086,16.433464100000002,16.433464100000002
93,651203100043542,63130810,2458385.8128921203,58385.3081019,16.3604012,0.0353544429,0,zr,23.5119355,30.722398,3.82800007,0.361999989,20180924308090,651,0x3,0x1,19.9599991,26.2981968,0.0355566144,0.0983800441,1.81486375e-05,30,1.08200002,3,1.0371451003305223,58385.3081019,1.0371451003305223,16.360401200000005,16.360401200000005
94,1648211100015370,63235291,2458386.857757038,58386.3529167,16.4047356,0.0190038178,0,zr,23.5119081,30.7224132,3.36100006,0.347000003,20180925352917,1648,0xb,0x1,20.3099995,26.3871193,0.0311925635,0.113035724,1.18448233e-05,30,1.01199996,2,0.9956478493892572,58386.3529167,0.9956478493892572,16.404735600000002,16.404735600000002
95,651203100043542,63240858,2458386.913430964,58386.408588,16.4169312,0.0357956812,0,zr,23.5119521,30.7224116,3.09599996,0.286000013,20180925408576,651,0x3,0x1,20.1100006,26.4708824,0.0382571481,0.0941110328,2.09824411e-05,30,1.01100004,3,0.9845267486498309,58386.408588,0.9845267486498309,16.4169312,16.4169312
96,651203100043542,63342144,2458387.9263368333,58387.4214468,16.4166069,0.0357930921,32768,zr,23.5119003,30.7224356,2.52999997,0.229000002,20180926421343,651,0x3,0x1,20.2700005,26.531002,0.0778452978,0.107218765,8.78764113e-05,30,1.02699995,3,0.9848208621843458,58387.4214468,0.9848208621843458,16.416606899999998,16.416606899999998
97,651203100043542,63427806,2458388.782995818,58388.2780671,16.4372902,0.0359595418,0,zr,23.5119256,30.7224339,2.00300002,0.151999995,20180927278067,651,0x3,0x1,20.2000008,26.4977055,0.0365378447,0.0850555897,1.92139814e-05,30,1.14300001,3,0.9662375698791562,58388.2780671,0.9662375698791562,16.4372902,16.4372902
98,651203100043542,63428656,2458388.791491604,58388.2865625,16.3614578,0.0353625156,32768,zr,23.5119152,30.7224079,3.04299998,0.261999995,20180927286551,651,0x3,0x1,20.4099998,26.5177193,0.0550387129,0.102102622,4.34795147e-05,30,1.11699998,1,1.0361362784259436,58388.2865625,1.0361362784259436,16.361457800000004,16.361457800000004
99,651203100043542,63531924,2458389.8242221195,58389.3192477,16.3349915,0.0351624973,0,zr,23.5119251,30.7223871,2.86400008,0.268000007,20180928319144,651,0x3,0x1,20.1499996,26.3329449,0.0383388847,0.117390484,2.11644929e-05,30,1.03999996,3,1.0617038690220968,58389.3192477,1.0617038690220968,16.334991499999994,16.334991499999994
100,651203100043542,63625704,2458390.7620628253,58390.2570486,16.4174633,0.0357999317,32768,zr,23.5119313,30.7224278,2.69300008,0.287999988,20180929257037,651,0x3,0x1,20.5400009,26.5417576,0.0484517105,0.0947385058,3.32601667e-05,30,1.20000005,3,0.9840443678166624,58390.2570486,0.9840443678166624,16.4174633,16.4174633
101,651203100043542,64340657,2458397.9118502843,58397.4065741,16.558403,0.0369917713,32769,zr,23.5119509,30.722411,2.72799993,0.310000002,20181006406574,651,0x3,0x1,21.4699993,27.0680046,0.139175728,0.0826441199,0.0002743488,30,1.046,3,0.864248829448665,58397.4065741,0.864248829448665,16.55840299999999,16.55840299999999
102,651203100043542,64340750,2458397.9127762117,58397.4075,16.6089325,0.0374532305,32769,zr,23.511934,30.7224434,2.33200002,0.216999993,20181006407488,651,0x3,0x1,21.4599991,27.1866264,0.160698637,0.0765018389,0.00036521838,30,1.04700005,1,0.8249488092415398,58397.4075,0.8249488092415398,16.6089325,16.6089325
103,651203100043542,66930651,2458423.812074044,58423.3065162,16.5005302,0.0364859439,32769,zr,23.5119134,30.7224364,2.40100002,0.143000007,20181101306458,651,0x3,0x1,20.9400005,26.711237,0.0953539237,0.0850932226,0.000131369146,30,1.01100004,3,0.9115655837790436,58423.3065162,0.9115655837790436,16.500530200000007,16.500530200000007
104,651203100043542,66930743,2458423.812988435,58423.3074306,16.484951,0.0363537669,32769,zr,23.5119272,30.7224396,2.31599998,0.268999994,20181101307419,651,0x3,0x1,21.0699997,26.7636261,0.0895511433,0.0856427625,0.000116400552,30,1.01100004,1,0.9247399071260614,58423.3074306,0.9247399071260614,16.484951000000002,16.484951000000002
105,1648211100015370,66934593,2458423.851494935,58423.3459375,16.407589,0.0190166067,0,zr,23.5119037,30.7224158,3.46399999,0.423999995,20181101345926,1648,0xb,0x1,20.9300003,26.264267,0.0233351849,0.104949832,6.585557e-06,30,1.07299995,2,0.9930346440195984,58423.3459375,0.9930346440195984,16.407588999999994,16.407588999999994
106,651203100043542,67024812,2458424.7536726845,58424.248125,16.3389168,0.035191901,0,zr,23.511923,30.7224249,2.88100004,0.344999999,20181102247975,651,0x3,0x1,20.3400002,25.909296,0.046621006,0.0964686051,3.13867713e-05,30,1.01100004,3,1.057872384188123,58424.248125,1.057872384188123,16.3389168,16.3389168
107,651203100043542,67123560,2458425.7411373723,58425.2356019,16.4101906,0.0357420184,32768,zr,23.511917,30.7224394,2.42499995,0.319000006,20181103235602,651,0x3,0x1,19.2999992,24.5924149,0.0441000871,0.0806282386,4.26749502e-05,30,1.02100003,3,0.9906580205155657,58425.2356019,0.9906580205155657,16.4101906,16.4101906
108,651203100043542,67226408,2458426.7696066704,58426.2640856,16.4791451,0.0363049321,32769,zr,23.5119276,30.7224371,2.53299999,0.287,20181104264016,651,0x3,0x1,21.0799999,26.7655201,0.0970067456,0.0881415606,0.000133943249,30,1.00100005,3,0.9296981355284107,58426.2640856,0.9296981355284107,16.479145100000004,16.479145100000004
109,651203100043542,67226505,2458426.7705789567,58426.2650579,16.5596428,0.0370028652,32769,zr,23.5119327,30.7224282,2.15899992,0.319999993,20181104265058,651,0x3,0x1,21.1299992,26.8511639,0.134926572,0.0834629387,0.000258560904,30,1.00100005,1,0.863262508685421,58426.2650579,0.863262508685421,16.5596428,16.5596428
110,651203100043542,67323284,2458427.7383531206,58427.2328472,16.4001522,0.0356626287,32768,zr,23.5119222,30.7224055,2.273,0.126000002,20181105232639,651,0x3,0x1,19.7800007,25.4885254,0.041205626,0.100946061,2.45073643e-05,30,1.01800001,3,0.9998598284444903,58427.2328472,0.9998598284444903,16.4001522,16.4001522
111,651203100043542,67426353,2458428.769018234,58428.2635301,16.3935356,0.0356106535,32768,zr,23.5119388,30.7224107,2.64599991,0.238000005,20181106263484,651,0x3,0x1,21.1499996,26.6726837,0.0553657785,0.105777055,4.39177711e-05,30,1.0,3,1.0059716923153055,58428.2635301,1.0059716923153055,16.3935356,16.3935356
112,1648211100015370,67426839,2458428.7738792463,58428.2683912,16.3585796,0.0188020077,0,zr,23.5119461,30.7224257,3.4690001,0.338,20181106268380,1648,0xb,0x1,21.3099995,26.4954357,0.0313746631,0.112787992,1.17895579e-05,30,1.00300002,2,1.0388866368606777,58428.2683912,1.0388866368606777,16.358579600000006,16.358579600000006
113,651203100043542,67526336,2458429.768837326,58429.2633681,16.4192772,0.0358144231,32768,zr,23.511895,30.7224443,3.25200009,0.307999998,20181107263368,651,0x3,0x1,21.4200001,26.8535252,0.137927249,0.0900692865,0.000275382219,30,1.0,1,0.9824017331981652,58429.2633681,0.9824017331981652,16.419277200000003,16.419277200000003
114,1648211100015370,67532518,2458429.8306531915,58429.3251852,16.3932838,0.0189528409,0,zr,23.5119153,30.7224249,2.90499997,0.31099999,20181107325174,1648,0xb,0x1,21.3400002,26.5879269,0.0374511927,0.112465762,1.68842053e-05,30,1.06400001,2,1.0062050206743727,58429.3251852,1.0062050206743727,16.3932838,16.3932838
115,651203100043542,67620299,2458430.7084476743,58430.2029977,16.3741875,0.0354602225,32769,zr,23.5119397,30.7224452,2.1960001,0.141000003,20181108202894,651,0x3,0x1,20.9799995,26.6091576,0.0630809814,0.10325136,5.7366924e-05,30,1.04700005,3,1.0240590501176103,58430.2029977,1.0240590501176103,16.374187499999998,16.374187499999998
116,651203100043542,67719644,2458431.70187488,58431.1964468,16.2366409,0.0344549529,0,zr,23.5119613,30.7224423,1.81500006,0.00600000005,20181109196435,651,0x3,0x1,19.5300007,26.2074585,0.0414456837,0.100777157,2.57074298e-05,30,1.05400002,3,1.1623679857502913,58431.1964468,1.1623679857502913,16.236640900000005,16.236640900000005
117,1648211100015370,67732853,2458431.833955142,58431.3285301,16.2908325,0.0185227934,0,zr,23.5118932,30.7224291,1.46899998,-0.0130000003,20181109328530,1648,0xb,0x1,19.9400005,26.3133392,0.0336377062,0.109188102,1.3672382e-05,30,1.08299994,2,1.1057755934211666,58431.3285301,1.1057755934211666,16.2908325,16.2908325
118,651203100043542,67827571,2458432.781120109,58432.2757176,16.3956223,0.0356270149,0,zr,23.5119209,30.722414,2.54099989,0.0680000037,20181110275532,651,0x3,0x1,20.6700001,26.4769573,0.027787501,0.0841038525,1.10558303e-05,30,1.00600004,3,1.0040401501956253,58432.2757176,1.0040401501956253,16.395622300000007,16.395622300000007
119,651203100043542,67827670,2458432.782103884,58432.2767014,16.4400501,0.0359819606,32769,zr,23.5119253,30.7224407,1.53499997,0.0320000015,20181110276667,651,0x3,0x1,20.6399994,26.7245197,0.0668047816,0.0833585039,6.42152154e-05,30,1.00699997,1,0.9637845499112964,58432.2767014,0.9637845499112964,16.4400501,16.4400501
120,1648211100015370,67831642,2458432.821825095,58432.3164236,16.3782101,0.0188866649,0,zr,23.5119074,30.7224232,2.47199988,0.182999998,20181110316412,1648,0xb,0x1,20.9500008,26.3680325,0.0240018759,0.105938263,6.92768117e-06,30,1.06299996,2,1.0202719807714662,58432.3164236,1.0202719807714662,16.378210099999997,16.378210099999997
121,651203100043542,68019907,2458434.704426404,58434.1990741,16.3727798,0.035449367,0,zr,23.5119376,30.7224332,2.18199992,0.0579999983,20181112199063,651,0x3,0x1,20.5400009,26.4279594,0.0313862339,0.0957578197,1.40417915e-05,30,1.03600001,3,1.0253876443447356,58434.1990741,1.0253876443447356,16.372779799999996,16.372779799999996
122,651203100043542,68127302,2458435.7783425287,58435.2730208,16.2891026,0.0348255187,1,zr,23.5119173,30.7224378,1.82500005,0.00800000038,20181113272812,651,0x3,0x1,20.2199993,26.2922554,0.0349934474,0.103606001,1.75176665e-05,30,1.00999999,3,1.1075388264183363,58435.2730208,1.1075388264183363,16.2891026,16.2891026
123,651203100043542,68128173,2458435.78705757,58435.2817361,16.3542252,0.0353074372,1,zr,23.5119071,30.7224468,1.91199994,0.00100000005,20181113281667,651,0x3,0x1,20.3799992,26.3645954,0.0306617394,0.10347645,1.35439313e-05,30,1.01800001,1,1.0430615104725567,58435.2817361,1.0430615104725567,16.354225199999995,16.354225199999995
124,1648211100015370,68128266,2458435.787983444,58435.282662,16.3089714,0.0185956266,0,zr,23.5119065,30.722403,1.81200004,0.023,20181113282650,1648,0xb,0x1,20.3700008,26.363308,0.0270613898,0.110602312,8.79191521e-06,30,1.023,2,1.0874553644543423,58435.282662,1.0874553644543423,16.308971399999997,16.308971399999997
125,651203100043542,68225268,2458436.757977451,58436.2526852,16.2908363,0.0348380245,32768,zr,23.5118751,30.7224256,0.856999993,-0.00800000038,20181114252512,651,0x3,0x1,18.7900009,25.5819817,0.049951259,0.11493624,6.61849117e-05,30,1.00100005,3,1.1057717232914912,58436.2526852,1.1057717232914912,16.290836300000002,16.290836300000002
126,1648211100015370,68226738,2458436.7726760968,58436.2673843,16.2500763,0.0183641203,32768,zr,23.5118942,30.7224287,0.856999993,-0.103,20181114267373,1648,0xb,0x1,17.9200001,25.0751286,0.0579383336,0.0817142949,0.000201438146,30,1.01199996,2,1.1480729379543937,58436.2673843,1.1480729379543937,16.250076299999996,16.250076299999996
127,1648211100015370,68328136,2458437.78662538,58437.2813657,16.3845654,0.0189144406,0,zr,23.5119312,30.722428,2.78200006,0.229000002,20181115281354,1648,0xb,0x1,21.1299992,26.4134102,0.0213482175,0.108772717,5.53773725e-06,30,1.028,2,1.0143173168360027,58437.2813657,1.0143173168360027,16.384565400000007,16.384565400000007
128,651203100043542,68330188,2458437.8071456053,58437.3018866,16.4836254,0.0363425948,32768,zr,23.5119141,30.722435,1.97599995,0.111000001,20181115301875,651,0x3,0x1,21.0400009,26.7760677,0.0879907161,0.0806560665,0.00011047352,30,1.05400002,3,0.9258696326019075,58437.3018866,0.9258696326019075,16.4836254,16.4836254
129,1648211100015370,68427655,2458438.7817775095,58438.2765509,16.4386787,0.019158477,32768,zr,23.5119234,30.7224181,1.50999999,0.241999999,20181116276539,1648,0xb,0x1,18.5400009,24.4528427,0.0490999259,0.107194625,8.52616431e-05,30,1.02600002,2,0.9650026811873146,58438.2765509,0.9650026811873146,16.438678700000004,16.438678700000004
130,651203100043542,68431502,2458438.820248385,58438.3150231,16.7745895,0.0391065516,32768,zr,23.5119379,30.7224424,0.75999999,0.209000006,20181116314826,651,0x3,0x1,17.8999996,23.2805634,0.0859403834,0.0307597071,0.000902625208,30,1.08800006,1,0.7082134982984731,58438.3150231,0.7082134982984731,16.774589499999998,16.774589499999998
131,651203100043542,68431857,2458438.8238015617,58438.3185764,16.6193542,0.0375507772,32768,zr,23.5119259,30.7224427,1.53999996,0.291999996,20181116318380,651,0x3,0x1,18.4400005,23.9071484,0.0682120696,0.0510981828,0.000238173292,30,1.097,3,0.8170682221193655,58438.3185764,0.8170682221193655,16.619354199999997,16.619354199999997
132,1648211100015370,68526381,2458439.769011695,58439.2638194,16.336544,0.0187090188,0,zr,23.511916,30.7223812,4.37799978,0.407000005,20181117263808,1648,0xb,0x1,20.5400009,26.0581055,0.0396284126,0.113238804,1.89050643e-05,30,1.01600003,2,1.060186817865628,58439.2638194,1.060186817865628,16.336543999999996,16.336543999999996
133,651203100043542,68729443,2458441.7995499196,58441.2944329,16.4423008,0.0360002778,0,zr,23.5119416,30.7224328,2.50200009,0.270000011,20181119294433,651,0x3,0x1,19.8299999,26.1307163,0.0422833897,0.0921112448,2.56281e-05,30,1.06099999,3,0.9617887215548577,58441.2944329,0.9617887215548577,16.442300800000005,16.442300800000005
134,651203100043542,68730258,2458441.807697701,58441.302581,16.3874149,0.0355628096,0,zr,23.5119283,30.7224255,2.96199989,0.312999994,20181119302523,651,0x3,0x1,19.9200001,26.1747837,0.0509728231,0.0853263065,3.70965463e-05,30,1.07799995,1,1.0116587449614067,58441.302581,1.0116587449614067,16.387414900000003,16.387414900000003
135,651203100043542,68827202,2458442.7771040704,58442.2720255,16.5485802,0.0369042382,32768,zr,23.5119331,30.7223831,1.50800002,0.189999998,20181120271933,651,0x3,0x1,18.2999992,25.5202923,0.0451075993,0.0979194045,8.54253667e-05,30,1.02900004,3,0.8721032802320323,58442.2720255,0.8721032802320323,16.548580199999996,16.548580199999996
136,1648211100015370,68835916,2458442.8642417216,58442.3591667,16.2616005,0.0184082966,32768,zr,23.5119312,30.7224231,0.708000004,0.171000004,20181120359132,1648,0xb,0x1,17.4799995,25.0215836,0.146149278,0.0728013292,0.00167955388,30,1.32099998,2,1.1359515278371048,58442.3591667,1.1359515278371048,16.261600500000007,16.261600500000007
137,1648211100015370,68914472,2458443.6497652167,58443.1447222,16.4103394,0.0190289803,0,zr,23.5119083,30.7223733,4.33099985,0.407000005,20181121144525,1648,0xb,0x1,20.2700005,26.3755951,0.0287648998,0.102641344,9.96228209e-06,30,1.102,2,0.9905222602710199,58443.1447222,0.9905222602710199,16.410339400000005,16.410339400000005
138,651203100043542,68934070,2458443.8457408547,58443.340706,16.4171162,0.0357971564,32768,zr,23.5119139,30.7224261,2.47399998,0.0790000036,20181121340671,651,0x3,0x1,19.7900009,26.4495029,0.0560864583,0.0720556527,4.45295955e-05,30,1.22000003,3,0.984359008151485,58443.340706,0.984359008151485,16.417116200000002,16.417116200000002
139,651203100043542,69332958,2458447.834440289,58447.3295833,16.3380165,0.0351851471,0,zr,23.5119052,30.7224192,1.41799998,0.0359999985,20181125329572,651,0x3,0x1,19.7800007,26.214325,0.0357598998,0.102640942,1.83005704e-05,30,1.21899998,1,1.0587499431033183,58447.3295833,1.0587499431033183,16.338016500000002,16.338016500000002
140,651203100043542,69333049,2458447.8353546453,58447.3304977,16.3408833,0.0352066681,1,zr,23.5119109,30.7224463,1.85099995,0.0109999999,20181125330498,651,0x3,0x1,19.7399998,26.3601875,0.0496417433,0.0878669173,3.580271e-05,30,1.22300005,3,1.0559580856392161,58447.3304977,1.0559580856392161,16.340883299999994,16.340883299999994
141,651203100043542,69533505,2458449.839816777,58449.3350579,16.5526886,0.0369407684,32768,zr,23.5118592,30.722439,0.61500001,0.115000002,20181127335023,651,0x3,0x1,17.9699993,24.4152813,0.0679392293,0.0878347903,0.00035935716,30,1.27100003,3,0.8688094978694366,58449.3350579,0.8688094978694366,16.552688600000003,16.552688600000003
142,1648211100015370,69625011,2458450.754827971,58450.2501157,16.462286,0.0192692764,32768,zr,23.5118648,30.7223992,1.66799998,0.166999996,20181128250104,1648,0xb,0x1,19.0200005,24.8542747,0.044853963,0.110545546,4.61150776e-05,30,1.03400004,2,0.9442469702358516,58450.2501157,0.9442469702358516,16.462286,16.462286
143,651203100043542,69632034,2458450.8250558106,58450.3203472,16.3985558,0.035650067,32768,zr,23.5119891,30.7224002,0.39199999,-0.0700000003,20181128320347,651,0x3,0x1,17.2399998,23.2800655,0.0709806904,0.182929337,0.00111987791,30,1.21500003,1,1.0013310424081914,58450.3203472,1.0013310424081914,16.398555800000004,16.398555800000004
144,651203100043542,69634532,2458450.850031395,58450.3453241,16.4169044,0.0357954688,1,zr,23.5119433,30.7224345,1.93900001,0.134000003,20181128345289,651,0x3,0x1,20.3199997,26.4313736,0.042569533,0.0984583348,2.62396225e-05,30,1.34500003,3,0.9845510507246815,58450.3453241,0.9845510507246815,16.4169044,16.4169044
145,651203100043542,70130005,2458455.804491874,58455.3000579,16.4195957,0.0358169712,32769,zr,23.5119281,30.7224332,2.91300011,0.108999997,20181203300058,651,0x3,0x1,20.7399998,26.554121,0.0411703475,0.0973179638,2.4300989e-05,30,1.18700004,3,0.9821135885628773,58455.3000579,0.9821135885628773,16.419595699999995,16.419595699999995
146,651203100043542,70130097,2458455.8054061197,58455.3009722,16.4405861,0.0359863155,32769,zr,23.5119325,30.7224268,1.91499996,0.195999995,20181203300961,651,0x3,0x1,20.8899994,26.7571239,0.0865121633,0.0867930278,0.000108172928,30,1.19099998,1,0.9633088717270006,58455.3009722,0.9633088717270006,16.440586099999997,16.440586099999997
147,651203100043542,70219344,2458456.6978303096,58456.1934491,16.4356155,0.0359459594,32768,zr,23.5119321,30.7224268,2.41300011,0.112999998,20181204193356,651,0x3,0x1,20.8199997,26.5571156,0.0541297793,0.087148875,4.18377786e-05,30,1.0,3,0.9677290985411153,58456.1934491,0.9677290985411153,16.435615500000004,16.435615500000004
148,651203100043542,70317438,2458457.6787086264,58457.1743866,16.2351189,0.0344444327,1,zr,23.5119042,30.7224409,1.21200001,-0.0560000017,20181205174329,651,0x3,0x1,19.4699993,26.2562561,0.0424293615,0.0914226025,2.71386798e-05,30,1.00199997,3,1.163998551846779,58457.1743866,1.163998551846779,16.235118899999996,16.235118899999996
149,1648211100015370,70317981,2458457.684136495,58457.1798148,16.338501,0.0187171884,0,zr,23.5118882,30.722431,1.56900001,-0.0170000009,20181205179780,1648,0xb,0x1,20.3899994,26.3728371,0.028284492,0.0988193899,9.6549893e-06,30,1.00399995,2,1.0582775908787596,58457.1798148,1.0582775908787596,16.338501,16.338501
150,651203100043542,70726630,2458461.770369845,58461.2663079,16.492012,0.0364134759,32768,zr,23.5119525,30.722411,2.78200006,0.25,20181209266296,651,0x3,0x1,21.0599995,26.7375679,0.0783583969,0.0931950361,8.82707463e-05,30,1.12699997,1,0.9187454472600086,58461.2663079,0.9187454472600086,16.492011999999995,16.492011999999995
151,651203100043542,70726722,2458461.771284081,58461.2672222,16.4602661,0.0361476988,32768,zr,23.5119049,30.7224446,2.84699988,0.172000006,20181209267211,651,0x3,0x1,21.0100002,26.6097546,0.0557898283,0.0908220261,4.43661775e-05,30,1.13,3,0.9460052792066052,58461.2672222,0.9460052792066052,16.460266100000005,16.460266100000005
152,651203100043542,70827817,2458462.782165752,58462.2781713,16.4555359,0.0361086763,32768,zr,23.5119015,30.722442,2.49600005,0.254999995,20181210278160,651,0x3,0x1,19.9899998,25.6270504,0.0456673242,0.0823533237,2.95024111e-05,30,1.17700005,3,0.9501357078831308,58462.2781713,0.9501357078831308,16.455535899999994,16.455535899999994
153,651203100043542,71028138,2458464.7852461985,58464.2813889,16.373764,0.0354569592,1,zr,23.5119651,30.7224334,1.39699996,0.00999999978,20181212281343,651,0x3,0x1,20.4099998,26.3882084,0.0397335999,0.0941990316,2.29161815e-05,30,1.21200001,1,1.0244585703682292,58464.2813889,1.0244585703682292,16.373764,16.373764
154,651203100043542,71028230,2458464.7861604285,58464.2823032,16.4603996,0.0361488052,32769,zr,23.5118874,30.7224029,2.63899994,0.0829999968,20181212282292,651,0x3,0x1,20.6900005,26.6030216,0.0559215359,0.0892638415,4.53219654e-05,30,1.21599996,3,0.9458889673987857,58464.2823032,0.9458889673987857,16.460399599999995,16.460399599999995
155,651203100043542,71126798,2458465.771774161,58465.2679861,16.3683357,0.03541518,1,zr,23.5119114,30.7224266,1.48099995,0.0170000009,20181213267975,651,0x3,0x1,20.4699993,26.4496269,0.0328771248,0.0886582881,1.55115777e-05,30,1.16900003,3,1.0295933290004928,58465.2679861,1.0295933290004928,16.368335699999996,16.368335699999996
156,651203100043542,71221968,2458466.723407765,58466.2196875,16.4596939,0.0361429714,32768,zr,23.5119417,30.7224122,1.88600004,0.147,20181214219688,651,0x3,0x1,19.25,25.2792244,0.0457352959,0.0832991228,3.87119908e-05,30,1.04900002,3,0.9465039702158643,58466.2196875,0.9465039702158643,16.459693899999998,16.459693899999998
157,651203100043542,71426035,2458468.7639302914,58468.2603588,16.4264717,0.0358721279,32769,zr,23.5119386,30.7224362,2.67600012,0.324000001,20181216260347,651,0x3,0x1,20.7999992,26.6399403,0.0695041195,0.0886352807,6.9620306e-05,30,1.171,3,0.9759134871407259,58468.2603588,0.9759134871407259,16.4264717,16.4264717
158,651203100043542,71519574,2458469.6992425704,58469.1957407,16.3397865,0.0351984277,0,zr,23.5119539,30.7224068,3.43700004,0.345999986,20181217195729,651,0x3,0x1,19.7199993,25.8749771,0.0531515256,0.0887922868,4.09687418e-05,30,1.02600002,3,1.0570253430528223,58469.1957407,1.0570253430528223,16.339786499999995,16.339786499999995
159,651203100043542,71715053,2458471.6538858386,58471.1505324,16.378849,0.0354962572,0,zr,23.5119117,30.7224175,2.64299989,0.101999998,20181219150486,651,0x3,0x1,19.7800007,26.2491894,0.0360260122,0.08759626,1.85782428e-05,30,1.0,3,1.0196717797165264,58471.1505324,1.0196717797165264,16.378848999999995,16.378848999999995
160,651203100043542,71715148,2458471.6548348665,58471.1514815,16.3906021,0.0355876945,0,zr,23.5119239,30.7224407,1.55700004,0.0590000004,20181219151470,651,0x3,0x1,19.5300007,26.2089558,0.038390927,0.0980097875,2.14244319e-05,30,1.0,1,1.0086933554118924,58471.1514815,1.0086933554118924,16.390602100000002,16.390602100000002
161,1648211100015370,71722954,2458471.732895932,58471.2295486,16.4750881,0.0193304867,0,zr,23.51186,30.7224029,0.469999999,0.0350000001,20181219229537,1648,0xb,0x1,18.3700008,26.022646,0.0490733832,0.10081958,6.75076371e-05,30,1.10899997,2,0.9331785767234549,58471.2295486,0.9331785767234549,16.4750881,16.4750881
162,651203100043542,71811670,2458472.6199800777,58472.1167014,16.4121361,0.0357574783,32768,zr,23.5119102,30.7224051,2.61100006,0.273000002,20181220116690,651,0x3,0x1,20.3500004,26.5935268,0.0519350842,0.100909159,3.82600374e-05,30,1.01199996,3,0.98888447788002,58472.1167014,0.98888447788002,16.412136100000005,16.412136100000005
163,651203100043542,72015483,2458474.6579560773,58474.154838,16.3108482,0.0349836759,1,zr,23.5119292,30.7224369,2.92700005,0.250999987,20181222154757,651,0x3,0x1,20.3799992,26.5100479,0.0606902465,0.102506354,5.28088058e-05,30,1.00300002,3,1.085577216468444,58474.154838,1.085577216468444,16.310848200000002,16.310848200000002
164,651203100043542,72015575,2458474.658870304,58474.1557523,16.3683929,0.0354156159,32768,zr,23.5119362,30.7224136,3.09200001,0.308999985,20181222155741,651,0x3,0x1,20.4099998,26.5697136,0.0521713197,0.098311156,3.890265e-05,30,1.00399995,1,1.0295390882126667,58474.1557523,1.0295390882126667,16.368392899999996,16.368392899999996
165,651203100043542,72129907,2458475.80210026,58475.2990741,16.4396858,0.0359789915,0,zr,23.5119327,30.7224247,1.69000006,0.127000004,20181223299039,651,0x3,0x1,19.5799999,26.1364155,0.0405192487,0.0957830474,2.39350029e-05,30,1.505,3,0.9641079854018615,58475.2990741,0.9641079854018615,16.4396858,16.4396858
166,651203100043542,72730003,2458481.802561095,58481.3000347,16.3287182,0.0351157077,1,zr,23.5119259,30.7224624,1.34200001,-0.0109999999,20181229300035,651,0x3,0x1,19.9899998,26.2671032,0.0370110571,0.0890862197,1.98055714e-05,30,1.67499995,1,1.0678560683918639,58481.3000347,1.0678560683918639,16.328718200000004,16.328718200000004
167,651203100043542,73211070,2458486.612812408,58486.110706,16.4543076,0.0360985696,32769,zr,23.5119449,30.7224279,1.68299997,0.109999999,20190103110660,651,0x3,0x1,20.8500004,26.6668339,0.0564581454,0.0913551077,4.57496026e-05,30,1.0,1,0.9512112104593892,58486.110706,0.9512112104593892,16.4543076,16.4543076
168,651203100043542,73211163,2458486.613738224,58486.1116319,16.4315872,0.0359133705,32769,zr,23.5119202,30.7224388,2.09599996,0.196999997,20190103111620,651,0x3,0x1,20.9500008,26.6810665,0.0526491366,0.0908480734,3.99983874e-05,30,1.0,3,0.9713262373373278,58486.1116319,0.9713262373373278,16.431587200000003,16.431587200000003
169,651203100043542,73310905,2458487.611068258,58487.1090509,16.5409451,0.0368366875,32768,zr,23.5119164,30.7224329,2.27800012,0.156000003,20190104109005,651,0x3,0x1,21.0699997,27.044632,0.0992618501,0.0808825567,0.000141063036,30,1.0,3,0.8782576876720507,58487.1090509,0.8782576876720507,16.540945099999995,16.540945099999995
170,651203100043542,73410996,2458488.6118928036,58488.1099653,16.4414864,0.0359936468,32768,zr,23.5119306,30.7224546,1.47399998,0.104999997,20190105109919,651,0x3,0x1,19.5200005,25.2338963,0.0704672858,0.0748746321,7.42236662e-05,30,1.00100005,3,0.9625104204080869,58488.1099653,0.9625104204080869,16.441486399999995,16.441486399999995
171,651203100043542,73615379,2458490.65553863,58490.1537963,16.4884567,0.0363833643,32769,zr,23.5119372,30.7224263,1.99699998,0.0939999968,20190107153715,651,0x3,0x1,20.8899994,26.7590599,0.0908939019,0.0847513452,0.000119244847,30,1.04700005,1,0.9217588583824107,58490.1537963,0.9217588583824107,16.488456699999993,16.488456699999993
172,651203100043542,73615471,2458490.656452844,58490.1547106,16.3938885,0.0356134176,1,zr,23.5118983,30.7224569,1.10699999,0.00100000005,20190107154699,651,0x3,0x1,20.6700001,26.5092869,0.0491870083,0.0745875016,3.45628468e-05,30,1.04900002,3,1.005644771539925,58490.1547106,1.005644771539925,16.393888499999996,16.393888499999996
173,651203100043542,73711950,2458491.6211564234,58491.1195023,16.4740372,0.0362621546,32768,zr,23.5119223,30.7224176,2.83100009,0.152999997,20190108119421,651,0x3,0x1,20.9599991,26.7335548,0.0917731598,0.0919476524,0.000121014527,30,1.00899994,3,0.9340822512266513,58491.1195023,0.9340822512266513,16.474037200000005,16.474037200000005
174,651203100043542,73813675,2458492.638320034,58492.1367593,16.5451756,0.0368740633,32768,zr,23.5119471,30.7224275,1.75,0.280000001,20190109136701,651,0x3,0x1,18.7199993,24.3510265,0.049887836,0.0873194933,8.8511908e-05,30,1.02999997,3,0.8748422724148991,58492.1367593,0.8748422724148991,16.5451756,16.5451756
175,651203100043542,73912208,2458493.623553156,58493.1220833,16.5009842,0.0364898257,32769,zr,23.5119043,30.7224535,2.62899995,0.254999995,20190110122025,651,0x3,0x1,21.0900002,26.7945805,0.0904725492,0.0923972055,0.000117939089,30,1.01600003,3,0.9111844928109627,58493.1220833,0.9111844928109627,16.500984199999998,16.500984199999998
176,651203100043542,73912299,2458493.6244674716,58493.1229977,16.4340439,0.0359332301,32769,zr,23.5119253,30.7224147,2.58299994,0.233999997,20190110122986,651,0x3,0x1,21.1200008,26.7004967,0.0674029887,0.097524181,6.498531e-05,30,1.01699996,1,0.9691308979034254,58493.1229977,0.9691308979034254,16.4340439,16.4340439
177,651203100043542,74911530,2458503.6158320727,58503.1153009,16.4324207,0.0359201059,32768,zr,23.5119177,30.7224495,2.95300007,0.138999999,20190120115255,651,0x3,0x1,20.1800003,26.4737797,0.0581044331,0.0862816498,4.86168392e-05,30,1.04299998,1,0.970580853940326,58503.1153009,0.970580853940326,16.4324207,16.4324207
178,651203100043542,74911622,2458503.6167579833,58503.1162269,16.3871593,0.0355608203,0,zr,23.5119109,30.722436,2.82299995,0.134000003,20190120116215,651,0x3,0x1,20.0100002,26.2804241,0.0412506983,0.0944978073,2.44520215e-05,30,1.04400003,3,1.0118969339556014,58503.1162269,1.0118969339556014,16.3871593,16.3871593
179,651203100043542,75611788,2458510.617747143,58510.1178819,16.3989143,0.0356528871,32768,zr,23.5119246,30.7224267,2.48900008,0.195999995,20190127117870,651,0x3,0x1,20.2000008,26.0251484,0.0602009147,0.0826170444,5.19040914e-05,30,1.08599997,3,1.0010004667875327,58510.1178819,1.0010004667875327,16.398914299999994,16.398914299999994
180,651203100043542,75712322,2458511.6229989547,58511.1232292,16.472168,0.0362465456,32769,zr,23.5119308,30.7224402,2.523,0.388000011,20190128123194,651,0x3,0x1,20.9799995,26.7246532,0.098219946,0.092392616,0.000138613861,30,1.10599995,3,0.9356917493180331,58511.1232292,0.9356917493180331,16.472168000000003,16.472168000000003
181,651203100043542,76012531,2458514.624797941,58514.1253125,16.4058113,0.0357072987,32768,zr,23.5119321,30.7224349,2.63400006,0.230000004,20190131125266,651,0x3,0x1,21.2199993,26.7840595,0.0943715349,0.0923905894,0.000127788764,30,1.13600004,3,0.9946618934978038,58514.1253125,0.9946618934978038,16.405811300000003,16.405811300000003
182,651203100043542,76915462,2458523.6532744733,58523.1546296,16.3818474,0.0355195031,32769,zr,23.5119327,30.7224513,3.08200002,0.305999994,20190209154630,651,0x3,0x1,20.8299999,26.5951824,0.0605840683,0.102775618,5.25707837e-05,30,1.39400005,3,1.0168597098460124,58523.1546296,1.0168597098460124,16.381847400000005,16.381847400000005
183,651203100043542,78612255,2458540.6197434417,58540.1225579,16.4046383,0.0356980227,32769,zr,23.5118943,30.7224498,3.5250001,0.256000012,20190226122558,651,0x3,0x1,20.8700008,26.6511002,0.0653395727,0.102080777,6.19260391e-05,30,1.50399995,3,0.9957370799743078,58540.1225579,0.9957370799743078,16.404638299999995,16.404638299999995
184,651203100043542,87946141,2458633.957073765,58633.461412,16.4007206,0.0356671065,32768,zr,23.5119339,30.7224026,2.85500002,0.162,20190530461400,651,0x3,0x1,20.1800003,25.96735,0.0741813555,0.1139303,7.9275298e-05,30,2.94099998,2,0.9993365230710248,58633.461412,0.9993365230710248,16.400720599999993,16.400720599999993
185,651203100043542,87946232,2458633.957988214,58633.4623264,16.3933449,0.0356091596,0,zr,23.5119292,30.7224313,2.45799994,0.165999994,20190530462315,651,0x3,0x1,20.2199993,25.9269524,0.040326681,0.111891635,2.35019215e-05,30,2.90700006,2,1.0061483978992884,58633.4623264,1.0061483978992884,16.393344899999995,16.393344899999995
186,651203100043542,87946462,2458633.960291539,58633.4646296,16.4040871,0.0356936753,0,zr,23.5119074,30.7224433,2.56200004,0.200000003,20190530464618,651,0x3,0x1,20.1900005,25.9817276,0.0461989082,0.106491067,3.08135131e-05,30,2.82500005,2,0.9962427181009009,58633.4646296,0.9962427181009009,16.404087100000005,16.404087100000005
187,651203100043542,87946692,2458633.9625833607,58633.4669213,16.394783,0.0356204286,0,zr,23.5119288,30.7224422,2.14199996,0.165000007,20190530466910,651,0x3,0x1,20.1599998,25.9494095,0.0483884998,0.113000564,3.37358433e-05,30,2.74799991,2,1.0048165972629728,58633.4669213,1.0048165972629728,16.394782999999997,16.394782999999997
188,651203100043542,88245884,2458636.954667623,58636.4588426,16.3698883,0.0354271121,0,zr,23.5119128,30.7224366,2.78500009,0.200000003,20190602458160,651,0x3,0x1,20.4899998,26.061327,0.0526442677,0.106517769,4.00538302e-05,30,2.74399996,2,1.0281220653717629,58636.4588426,1.0281220653717629,16.369888300000007,16.369888300000007
189,651203100043542,88246077,2458636.956600634,58636.4607755,16.4052658,0.0357029922,0,zr,23.5119183,30.7224343,2.8440001,0.298000008,20190602460741,651,0x3,0x1,20.6700001,26.2417831,0.0701521188,0.115770467,7.14699127e-05,30,2.68300009,2,0.9951617611341628,58636.4607755,0.9951617611341628,16.405265800000002,16.405265800000002
190,651203100043542,88246399,2458636.959818418,58636.4639931,16.3471603,0.0352539383,0,zr,23.5119303,30.7224199,1.86300004,0.114,20190602463993,651,0x3,0x1,20.3899994,26.0845509,0.0550637655,0.105642527,4.39708856e-05,30,2.58599997,2,1.049870855890814,58636.4639931,1.049870855890814,16.347160300000006,16.347160300000006
191,651203100043542,88246634,2458636.9621680523,58636.4663426,16.3997192,0.0356592201,0,zr,23.5119405,30.722436,2.45099998,0.261000007,20190602466343,651,0x3,0x1,20.5,26.195219,0.0295787361,0.107640177,1.26624855e-05,30,2.51999998,2,1.0002586598043237,58636.4663426,1.0002586598043237,16.3997192,16.3997192
192,651203100043542,88545864,2458639.954645373,58639.4586458,16.4552879,0.0361066349,32768,zr,23.5119352,30.7224111,2.352,0.243000001,20190605458646,651,0x3,0x1,20.6700001,26.3281975,0.0605808832,0.116312355,5.32182166e-05,30,2.50699997,2,0.9503527592883197,58639.4586458,0.9503527592883197,16.455287899999995,16.455287899999995
193,651203100043542,88546145,2458639.957458045,58639.4614583,16.4357567,0.0359471031,32768,zr,23.5119375,30.7223989,2.72799993,0.257999986,20190605461458,651,0x3,0x1,20.7399998,26.4125462,0.0772432312,0.112885274,8.66430637e-05,30,2.43300009,2,0.9676032535492384,58639.4614583,0.9676032535492384,16.435756700000006,16.435756700000006
194,651203100043542,88546565,2458639.961659701,58639.4656597,16.4288483,0.0358912684,0,zr,23.511943,30.7224665,2.90300012,0.172000006,20190605465660,651,0x3,0x1,20.5900002,26.2625923,0.0371945016,0.111911803,1.99991591e-05,30,2.32999992,2,0.9737796176232891,58639.4656597,0.9737796176232891,16.42884829999999,16.42884829999999
195,651203100043542,88546894,2458639.9649470006,58639.4689468,16.4852448,0.036356248,32768,zr,23.5119614,30.7224493,2.48699999,0.140000001,20190605468935,651,0x3,0x1,20.5799999,26.4080868,0.0728684887,0.105557308,7.74517175e-05,30,2.25600004,2,0.9244897065456625,58639.4689468,0.9244897065456625,16.485244799999997,16.485244799999997
196,651203100043542,88845763,2458642.953823643,58642.4576389,16.4177952,0.0358025841,32769,zr,23.5119215,30.722441,1.90799999,0.0540000014,20190608457639,651,0x3,0x1,20.4799995,26.3397865,0.0572549514,0.0981929675,4.7350517e-05,30,2.32599998,2,0.983743600089391,58642.4576389,0.983743600089391,16.417795199999993,16.417795199999993
197,651203100043542,88846143,2458642.9576201867,58642.4614352,16.3772964,0.0354842395,1,zr,23.5119408,30.7224393,2.72099996,0.119999997,20190608461435,651,0x3,0x1,20.5200005,26.2751274,0.039617829,0.104734689,2.27079381e-05,30,2.24099994,2,1.0211309508142499,58642.4614352,1.0211309508142499,16.3772964,16.3772964
198,651203100043542,88846481,2458642.9610000025,58642.4648148,16.4463711,0.0360334925,32769,zr,23.5119846,30.7224179,2.95099998,0.175999999,20190608464803,651,0x3,0x1,20.6200008,26.4113274,0.0574513637,0.106271863,4.82979194e-05,30,2.17199993,2,0.9581898365135262,58642.4648148,0.9581898365135262,16.4463711,16.4463711
199,651203100043542,88846817,2458642.9643567214,58642.4681713,16.3956833,0.0356274918,0,zr,23.5119428,30.7224258,2.56299996,0.129999995,20190608468171,651,0x3,0x1,20.4500008,26.2995014,0.0350915827,0.108906373,1.79437666e-05,30,2.10599995,2,1.0039837417159116,58642.4681713,1.0039837417159116,16.395683299999995,16.395683299999995
200,651203100043542,89145883,2458645.955211184,58645.458831,16.3985329,0.0356498845,0,zr,23.5119283,30.722435,2.46099997,0.250999987,20190611458831,651,0x3,0x1,20.6700001,26.3179665,0.0544801578,0.111847319,4.29935717e-05,30,2.12800002,2,1.001352162384293,58645.458831,1.001352162384293,16.3985329,16.3985329
201,651203100043542,89146164,2458645.958023875,58645.4616435,16.3792534,0.0354993865,32768,zr,23.511925,30.7224425,2.98000002,0.282999992,20190611461597,651,0x3,0x1,20.7900009,26.3945713,0.0598963387,0.105071627,5.2309013e-05,30,2.07599998,2,1.019292057200823,58645.4616435,1.019292057200823,16.379253400000003,16.379253400000003
202,651203100043542,89146542,2458645.961808831,58645.4654282,16.4555016,0.0361083932,32768,zr,23.5119393,30.7224228,2.44199991,0.342000008,20190611465359,651,0x3,0x1,20.7399998,26.4529381,0.0762450919,0.103406541,8.46002949e-05,30,2.00900006,2,0.9501657245385731,58645.4654282,0.9501657245385731,16.455501599999998,16.455501599999998
203,651203100043542,89146824,2458645.9646215215,58645.4682407,16.4288063,0.0358909331,32768,zr,23.5119427,30.7224308,2.52699995,0.305000007,20190611468229,651,0x3,0x1,20.6900005,26.3871918,0.042149961,0.11273513,2.58190976e-05,30,1.96300006,2,0.9738172874871258,58645.4682407,0.9738172874871258,16.428806299999998,16.428806299999998
204,651203100043542,89743778,2458651.934586962,58651.4377894,16.3894348,0.0355785787,0,zr,23.5119559,30.7224319,2.15700006,0.193000004,20190617437697,651,0x3,0x1,19.3899994,26.0461292,0.042718228,0.112126164,2.89305954e-05,30,2.22199988,1,1.0097784080481722,58651.4377894,1.0097784080481722,16.389434799999997,16.389434799999997
205,651203100043542,90044569,2458654.942715026,58654.4456944,16.4188461,0.0358109809,0,zr,23.5119291,30.7224284,3.00399995,0.114,20190620445660,651,0x3,0x1,19.8600006,26.0626888,0.0392341092,0.0984719172,2.23358184e-05,30,1.93099999,1,0.9827918808934304,58654.4456944,0.9827918808934304,16.418846100000003,16.418846100000003
206,651203100043542,90343221,2458657.9294606377,58657.4322106,16.4218559,0.0358350687,0,zr,23.5119359,30.7224234,3.06599998,0.158000007,20190623432176,651,0x3,0x1,20.1100006,26.1262493,0.0405235216,0.107398197,2.43793802e-05,30,2.01699996,1,0.9800712285022415,58657.4322106,0.9800712285022415,16.421855900000004,16.421855900000004
207,651203100043542,91347633,2458667.974403497,58667.476331,16.4235878,0.035848964,32769,zr,23.5119667,30.7224302,1.91700006,0.0780000016,20190703476331,651,0x3,0x1,20.5100002,26.4590111,0.0324293487,0.101837203,1.51204567e-05,30,1.30299997,1,0.9785091250280527,58667.476331,0.9785091250280527,16.4235878,16.4235878
208,651203100043542,91647394,2458670.9722774806,58670.4739468,16.4439831,0.0360139944,32769,zr,23.5119622,30.7224589,2.96000004,0.231999993,20190706473947,651,0x3,0x1,21.4099998,26.8442421,0.157620385,0.0991423205,0.000355366647,30,1.27199996,1,0.9602996266130913,58670.4739468,0.9602996266130913,16.443983100000004,16.443983100000004
209,651203100043542,91945118,2458673.9497722695,58673.4511806,16.4702225,0.0362303257,32769,zr,23.5119575,30.7224209,2.27699995,0.186000004,20190709451181,651,0x3,0x1,21.2700005,26.7047577,0.0778520107,0.098984085,8.72869568e-05,30,1.35500002,1,0.937369891960836,58673.4511806,0.937369891960836,16.4702225,16.4702225
210,651203100043542,92246604,2458676.964901633,58676.4660417,16.3521423,0.0352916308,32769,zr,23.5119208,30.722419,2.96399999,0.228,20190712466007,651,0x3,0x1,21.3299999,26.672142,0.0795921907,0.103110589,9.0838279e-05,30,1.23199999,1,1.0450644630485395,58676.4660417,1.0450644630485395,16.352142300000004,16.352142300000004
211,651203100043542,92448846,2458678.9875023765,58678.4884606,16.4754715,0.03627415,32769,zr,23.5119576,30.7224048,3.10599995,0.307000011,20190714488461,651,0x3,0x1,21.0100002,26.8619633,0.163253009,0.104744889,0.000382196507,30,1.12699997,3,0.932849106727301,58678.4884606,0.932849106727301,16.475471500000005,16.475471500000005
212,651203100043542,92547192,2458679.971051962,58679.4719213,16.4367371,0.0359550565,32769,zr,23.5119453,30.7224346,3.13400006,0.319000006,20190715471840,651,0x3,0x1,20.7999992,26.7368641,0.0659191534,0.097916767,6.3077161e-05,30,1.17400002,1,0.9667299198122022,58679.4719213,0.9667299198122022,16.436737099999995,16.436737099999995
213,651203100043542,92547284,2458679.9719779496,58679.4728472,16.5135536,0.0365977213,32769,zr,23.5119249,30.7224033,2.81299996,0.333999991,20190715472836,651,0x3,0x1,20.9799995,26.8458138,0.15608488,0.092914477,0.000351526454,30,1.16999996,3,0.9006966760143166,58679.4728472,0.9006966760143166,16.5135536,16.5135536
214,651203100043542,92643145,2458680.930675935,58680.4314583,16.3972874,0.0356400944,1,zr,23.5119408,30.7224509,2.40100002,0.145999998,20190716431447,651,0x3,0x1,20.1399994,26.4354324,0.0490821563,0.0998390093,3.45780536e-05,30,1.35899997,3,1.0025015205236938,58680.4314583,1.0025015205236938,16.397287400000003,16.397287400000003
215,651203100043542,92744769,2458681.947006863,58681.4476968,16.3768425,0.0354807265,32769,zr,23.5119463,30.7224132,2.80999994,0.237000003,20190717447697,651,0x3,0x1,20.2800007,26.4887295,0.0655992776,0.0996148363,6.16223333e-05,30,1.25399995,3,1.0215579313579768,58681.4476968,1.0215579313579768,16.376842500000002,16.376842500000002
216,651203100043542,92842739,2458682.9267951725,58682.4273958,16.4342728,0.0359350815,32769,zr,23.5119698,30.7224312,3.22799993,0.402999997,20190718427396,651,0x3,0x1,20.5400009,26.5662785,0.043305818,0.108513929,2.72678044e-05,30,1.35000002,1,0.9689266027172218,58682.4273958,0.9689266027172218,16.434272799999995,16.434272799999995
217,651203100043542,92842831,2458682.9277096586,58682.4283102,16.4323463,0.0359195024,32768,zr,23.5119507,30.7224379,3.05200005,0.27700001,20190718428310,651,0x3,0x1,20.4799995,26.4733505,0.0414143614,0.0924736187,2.48218894e-05,30,1.34500003,3,0.9706473652065221,58682.4283102,0.9706473652065221,16.4323463,16.4323463
218,651203100043542,92945258,2458683.9520740965,58683.452581,16.4588165,0.0361357257,32769,zr,23.5119382,30.7224272,2.15700006,0.25999999,20190719452569,651,0x3,0x1,20.5200005,26.6400433,0.0745032504,0.0963307992,8.05915115e-05,30,1.20700002,3,0.9472691636624558,58683.452581,0.9472691636624558,16.458816500000005,16.458816500000005
219,651203100043542,93144865,2458685.948333496,58685.4486574,16.4514847,0.036075376,32769,zr,23.5119418,30.7224361,2.32999992,0.221000001,20190721448646,651,0x3,0x1,20.8199997,26.6917381,0.0671858713,0.0947368667,6.52296221e-05,30,1.20000005,1,0.9536875650751309,58685.4486574,0.9536875650751309,16.4514847,16.4514847
220,651203100043542,93145756,2458685.957246321,58685.4575694,16.4372139,0.0359589234,32769,zr,23.5119478,30.7224245,2.62199998,0.247999996,20190721457558,651,0x3,0x1,20.6100006,26.5743408,0.0673649386,0.107576407,6.52902963e-05,30,1.16600001,3,0.9663054745108598,58685.4575694,0.9663054745108598,16.437213899999996,16.437213899999996
221,651203100043542,93242618,2458686.9259465267,58686.4261806,16.4906082,0.0364015736,32768,zr,23.5119145,30.7224122,2.9749999,0.307999998,20190722426169,651,0x3,0x1,19.3799992,25.4238834,0.0743821338,0.110777237,0.000102644124,30,1.29400003,3,0.9199341052346134,58686.4261806,0.9199341052346134,16.490608200000004,16.490608200000004
222,651203100043542,93442384,2458688.923792464,58688.4238426,16.3863544,0.0355545543,32769,zr,23.5119356,30.7224438,2.89299989,0.237000003,20190724423843,651,0x3,0x1,20.7700005,26.5903664,0.062351089,0.106212907,5.63885151e-05,30,1.27699995,3,1.0126473720593328,58688.4238426,1.0126473720593328,16.386354399999995,16.386354399999995
223,651203100043542,93443371,2458688.933666084,58688.4337153,16.4730701,0.0362540744,32769,zr,23.5119185,30.7224227,3.14700007,0.308999985,20190724433704,651,0x3,0x1,20.9699993,26.8592129,0.168310151,0.100960806,0.000410689157,30,1.23000002,1,0.9349146388568107,58688.4337153,0.9349146388568107,16.473070099999994,16.473070099999994
224,651203100043542,93642785,2458690.927993479,58690.4278588,16.3968544,0.0356366895,32769,zr,23.511945,30.7224257,2.82599998,0.298000008,20190726427847,651,0x3,0x1,21.0599995,26.7849331,0.115359999,0.100911885,0.000194975437,30,1.23099995,3,1.0029014056208756,58690.4278588,1.0029014056208756,16.396854400000002,16.396854400000002
225,651203100043542,93742457,2458691.9247984374,58691.4245718,16.4500847,0.0360638872,32769,zr,23.5119338,30.7224169,2.41000009,0.323000014,20190727424572,651,0x3,0x1,20.9300003,26.5482006,0.0564471222,0.103636414,4.60801493e-05,30,1.23399997,1,0.9549180884439696,58691.4245718,0.9549180884439696,16.450084699999998,16.450084699999998
226,651203100043542,93742549,2458691.925724424,58691.4254977,16.4928627,0.036420688,32769,zr,23.5119189,30.7224417,2.38700008,0.186000004,20190727425486,651,0x3,0x1,20.9599991,26.6260509,0.090724878,0.101656914,0.000119081888,30,1.23000002,3,0.9180258704083052,58691.4254977,0.9180258704083052,16.492862699999996,16.492862699999996
227,651203100043542,93946783,2458693.96825073,58693.4678356,16.4386635,0.0359706916,32769,zr,23.5119215,30.7224144,3.06299996,0.34799999,20190729467778,651,0x3,0x1,21.5100002,26.8727989,0.122017361,0.0956793427,0.000214680113,30,1.074,3,0.9650161910466797,58693.4678356,0.9650161910466797,16.438663499999997,16.438663499999997
228,651203100043542,94041076,2458694.911265889,58694.4107639,16.4845695,0.036350552,32769,zr,23.5119446,30.7224405,2.51799989,0.301999986,20190730410764,651,0x3,0x1,21.4099998,26.8665924,0.143202409,0.0946966708,0.000295633887,30,1.26100004,1,0.925064894227607,58694.4107639,0.925064894227607,16.4845695,16.4845695
229,651203100043542,94041168,2458694.9121918757,58694.4116898,16.4750137,0.0362703204,32769,zr,23.5119372,30.7224329,2.50999999,0.280000001,20190730411678,651,0x3,0x1,21.4599991,26.9179974,0.143219903,0.0925733149,0.000296991202,30,1.25600004,3,0.9332425249133101,58694.4116898,0.9332425249133101,16.475013699999998,16.475013699999998
230,651203100043542,94146844,2458695.9690485043,58695.4684491,16.5035896,0.0365121029,32769,zr,23.5119286,30.7224452,2.17400002,0.240999997,20190731468438,651,0x3,0x1,21.3899994,26.7987328,0.128049627,0.0984407812,0.000236485794,30,1.06200004,3,0.9090005793104,58695.4684491,0.9090005793104,16.503589600000005,16.503589600000005
231,651203100043542,94247648,2458696.9771735887,58696.4764815,16.6012154,0.0373815224,32769,zr,23.5119518,30.7224343,2.83599997,0.407999992,20190801476435,651,0x3,0x1,21.5200005,26.9017944,0.178445145,0.0975732878,0.000454308494,30,1.04200006,3,0.8308331950875973,58696.4764815,0.8308331950875973,16.601215399999994,16.601215399999994
232,651203100043542,94342620,2458697.926982947,58697.4262037,16.4771957,0.0362885892,32769,zr,23.5119392,30.7224458,2.08500004,0.237000003,20190802426204,651,0x3,0x1,21.3600006,26.7572823,0.121165022,0.0982041582,0.000211939259,30,1.16100001,3,0.9313688742577451,58697.4262037,0.9313688742577451,16.477195700000003,16.477195700000003
233,651203100043542,94343334,2458697.9341248083,58697.4333449,16.4929333,0.0364212841,32769,zr,23.5119362,30.722412,2.80200005,0.319000006,20190802433333,651,0x3,0x1,21.4099998,26.8220482,0.138307214,0.0889496505,0.000274605758,30,1.13699996,1,0.9179661777140785,58697.4333449,0.9179661777140785,16.492933299999997,16.492933299999997
234,651203100043542,94442717,2458698.928046867,58698.4271759,16.9180946,0.0407323316,32768,zr,23.5119416,30.722407,2.03299999,0.234999999,20190803427176,651,0x3,0x1,19.1700001,24.0031796,0.322467953,0.0882683992,0.00274718157,30,1.148,3,0.620529110353951,58698.4271759,0.620529110353951,16.918094599999996,16.918094599999996
235,651203100043542,94548703,2458699.9880048833,58699.487037,16.4790611,0.0363042317,32769,zr,23.5119402,30.7224135,2.82599998,0.319999993,20190804487025,651,0x3,0x1,21.4500008,26.8892231,0.187553152,0.0892052501,0.000526667165,30,1.01800001,3,0.9297700661355812,58699.487037,0.9297700661355812,16.479061100000003,16.479061100000003
236,651203100043542,94644471,2458700.9457657896,58700.4447106,16.4496784,0.0360605642,32769,zr,23.5119446,30.7224477,2.47300005,0.234999999,20190805444711,651,0x3,0x1,21.5,26.7747574,0.146159783,0.0936969668,0.000309263676,30,1.08299994,3,0.9552755010654435,58700.4447106,0.9552755010654435,16.449678400000003,16.449678400000003
237,651203100043542,94645334,2458700.9544008817,58700.4533449,16.4663696,0.0361982733,32769,zr,23.5119204,30.7224476,2.98600006,0.280999988,20190805453333,651,0x3,0x1,21.4599991,26.8334579,0.141622379,0.10637591,0.000287227129,30,1.06400001,1,0.9407022006470319,58700.4533449,0.9407022006470319,16.4663696,16.4663696
238,651203100043542,94749524,2458701.9963938273,58701.4952431,16.3803902,0.0355081931,32769,zr,23.5119119,30.7224091,2.8829999,0.25999999,20190806495231,651,0x3,0x1,20.9799995,26.3712521,0.0856533051,0.0972658992,0.000105386738,30,1.00699997,3,1.0182253848331007,58701.4952431,1.0182253848331007,16.3803902,16.3803902
239,651203100043542,94945267,2458703.9540014225,58703.4526736,16.4234009,0.0358474553,32769,zr,23.5119354,30.7224318,2.53999996,0.27700001,20190808452662,651,0x3,0x1,21.3799992,26.7864418,0.116277896,0.0937637985,0.000195961722,30,1.04999995,1,0.9786775813219998,58703.4526736,0.9786775813219998,16.423400899999997,16.423400899999997
240,651203100043542,94945358,2458703.9549159054,58703.453588,16.4226971,0.0358418189,32769,zr,23.5119304,30.7224376,2.58800006,0.287,20190808453576,651,0x3,0x1,21.3899994,26.773737,0.107295424,0.0895281732,0.000167358099,30,1.04900002,3,0.9793121890407434,58703.453588,0.9793121890407434,16.4226971,16.4226971
241,651203100043542,95046329,2458704.9647173756,58704.4632986,16.4856567,0.0363597162,32769,zr,23.5119342,30.7224591,2.87700009,0.172000006,20190809463299,651,0x3,0x1,21.1700001,26.6687851,0.0745320395,0.0852607116,8.09656703e-05,30,1.02999997,3,0.9241390457817419,58704.4632986,0.9241390457817419,16.4856567,16.4856567
242,651203100043542,95146466,2458705.9661729313,58705.4646644,16.5549164,0.0369606279,32769,zr,23.5119366,30.7224212,3.01200008,0.305000007,20190810464653,651,0x3,0x1,21.3799992,26.9293499,0.159696013,0.0833923146,0.000362855353,30,1.02499998,3,0.8670286330450331,58705.4646644,0.8670286330450331,16.554916400000003,16.554916400000003
243,651203100043542,95249381,2458706.9954197784,58706.4938194,16.4895554,0.0363926664,32769,zr,23.51193,30.7224257,2.76900005,0.187999994,20190811493819,651,0x3,0x1,21.2299995,26.7548084,0.100862868,0.0913682878,0.000147436556,30,1.00100005,3,0.9208265654260218,58706.4938194,0.9208265654260218,16.489555399999993,16.489555399999993
244,651203100043542,95249474,2458706.99634586,58706.4947454,16.5104523,0.036570996,32769,zr,23.5119355,30.7224382,2.07399988,0.127000004,20190811494734,651,0x3,0x1,21.1700001,26.7567368,0.1229738,0.0851484761,0.000221292808,30,1.00100005,1,0.9032731064851967,58706.4947454,0.9032731064851967,16.510452300000004,16.510452300000004
245,1648211100015370,95250412,2458707.0057216957,58706.5041204,16.3465214,0.0187508576,0,zr,23.511934,30.7224199,2.92199993,0.293000013,20190811504120,1648,0xb,0x1,21.0499992,26.3385639,0.0283089839,0.105133913,9.56601434e-06,30,1.00199997,2,1.0504888327808373,58706.5041204,1.0504888327808373,16.346521399999993,16.346521399999993
246,1648211100015370,95250457,2458707.0061731357,58706.5045718,16.3197823,0.0186396968,0,zr,23.5119305,30.7224223,3.02699995,0.308999985,20190811504572,1648,0xb,0x1,21.1499996,26.4617691,0.0370643549,0.11270646,1.64629309e-05,30,1.00199997,3,1.0766810763521455,58706.5045718,1.0766810763521455,16.319782300000007,16.319782300000007
247,651203100043542,95346929,2458707.970981024,58707.469294,16.4817009,0.0363264009,32769,zr,23.5119473,30.7224385,2.29500008,0.252999991,20190812469294,651,0x3,0x1,21.4699993,26.9109669,0.174477488,0.084666945,0.000454653142,30,1.01400006,3,0.927512219643374,58707.469294,0.927512219643374,16.4817009,16.4817009
248,651203100043542,95449641,2458708.9981898214,58708.496412,16.4010315,0.0356695615,32769,zr,23.5119401,30.7224239,2.29399991,0.294,20190813496366,651,0x3,0x1,21.2900009,26.7220993,0.091715619,0.100186571,0.000122151847,30,1.0,3,0.9990504045420344,58708.496412,0.9990504045420344,16.401031499999995,16.401031499999995
249,651203100043542,95540241,2458709.9042764795,58709.402419,16.4052334,0.0357027315,32769,zr,23.5119462,30.7224354,2.86199999,0.284999996,20190814402407,651,0x3,0x1,20.7000008,26.6852512,0.0801735446,0.100365035,9.26917855e-05,30,1.13100004,1,0.9951914586997558,58709.402419,0.9951914586997558,16.405233400000007,16.405233400000007
250,651203100043542,95540333,2458709.9051908613,58709.4033333,16.4006729,0.035666734,32769,zr,23.5119513,30.7224054,2.93300009,0.282000005,20190814403322,651,0x3,0x1,20.7099991,26.6826572,0.0613937974,0.105009459,5.447281e-05,30,1.12899995,3,0.9993804282102896,58709.4033333,0.9993804282102896,16.400672899999996,16.400672899999996
251,1648211100015370,95640249,2458710.904444984,58710.4025,16.4136963,0.0190441236,0,zr,23.5119776,30.7224177,3.46499991,0.379000008,20190815402431,1648,0xb,0x1,20.5699997,26.3309174,0.0331449136,0.114054389,1.3269545e-05,30,1.12899995,2,0.9874644740656906,58710.4025,0.9874644740656906,16.413696300000005,16.413696300000005
252,1648211100015370,95640386,2458710.905810806,58710.4038657,16.3507214,0.0187685993,0,zr,23.5119502,30.7224276,3.75399995,0.352999985,20190815403854,1648,0xb,0x1,20.5499992,26.3318081,0.0272243489,0.119537093,8.91628042e-06,30,1.125,3,1.0464330313769474,58710.4038657,1.0464330313769474,16.350721400000005,16.350721400000005
253,651203100043542,95643680,2458710.9387535965,58710.4368056,16.3589058,0.0353430435,32769,zr,23.511932,30.7224388,2.77800012,0.272000015,20190815436227,651,0x3,0x1,20.6100006,26.608778,0.0742138699,0.102907814,8.02577997e-05,30,1.04499996,3,1.0385745592887525,58710.4368056,1.0385745592887525,16.358905799999995,16.358905799999995
254,1648211100015370,95740873,2458711.9107709313,58711.4087384,16.2378769,0.0183179379,0,zr,23.5118839,30.7224569,3.80500007,0.273999989,20190816408727,1648,0xb,0x1,20.7099991,26.3416004,0.0479626358,0.105753228,2.75697112e-05,30,1.10300004,2,1.161045501178483,58711.4087384,1.161045501178483,16.237876899999996,16.237876899999996
255,1648211100015370,95740918,2458711.9112223685,58711.4091898,16.2642479,0.0184185226,0,zr,23.5119465,30.7224097,3.74799991,0.270999998,20190816409190,1648,0xb,0x1,20.6200008,26.3160343,0.0316291824,0.118199579,1.20159639e-05,30,1.102,3,1.1331850597027868,58711.4091898,1.1331850597027868,16.264247900000008,16.264247900000008
256,651203100043542,95742915,2458711.93118941,58711.4291551,16.3716698,0.0354408175,32769,zr,23.5119554,30.7223949,3.454,0.287999988,20190816429109,651,0x3,0x1,20.7299995,26.6956425,0.0931678936,0.101300776,0.000126826621,30,1.05299997,3,1.026436483175561,58711.4291551,1.026436483175561,16.3716698,16.3716698
257,651203100043542,95843496,2458712.937086569,58712.4349653,16.3493233,0.0352702886,1,zr,23.5119334,30.7224321,2.93700004,0.256000012,20190817434954,651,0x3,0x1,20.3500004,26.4771595,0.0383684151,0.118694372,2.14217016e-05,30,1.03900003,3,1.0477813887234815,58712.4349653,1.0477813887234815,16.349323300000002,16.349323300000002
258,651203100043542,95843587,2458712.9380009454,58712.4358796,16.4702263,0.0362303555,32769,zr,23.5119733,30.7224397,1.43700004,0.0270000007,20190817435868,651,0x3,0x1,20.2399998,26.6853085,0.0526321381,0.0760523677,3.99880118e-05,30,1.03799999,1,0.9373666112381932,58712.4358796,0.9373666112381932,16.4702263,16.4702263
259,651203100043542,95940070,2458713.9029102223,58713.400706,16.4263573,0.0358712114,1,zr,23.5119544,30.722433,2.671,0.317999989,20190818400660,651,0x3,0x1,20.3199997,26.4124508,0.0368673801,0.101620361,1.98342768e-05,30,1.10500002,3,0.9760163209455085,58713.400706,0.9760163209455085,16.4263573,16.4263573
260,1648211100015370,95941243,2458713.914635834,58713.4124306,16.3557167,0.0187898073,0,zr,23.5119212,30.7224484,3.49499989,0.340999991,20190818412384,1648,0xb,0x1,20.4699993,26.2728004,0.0329624601,0.113284409,1.3028859e-05,30,1.08000004,2,1.0416296173872028,58713.4124306,1.0416296173872028,16.355716699999995,16.355716699999995
261,1648211100015370,95941288,2458713.915087173,58713.4128819,16.345295,0.0187456906,0,zr,23.5119139,30.7224458,3.30500007,0.301999986,20190818412882,1648,0xb,0x1,20.5100002,26.2943535,0.0388765633,0.115779646,1.81946434e-05,30,1.079,3,1.0516760893054937,58713.4128819,1.0516760893054937,16.345295,16.345295
262,651203100043542,96042468,2458714.9269791255,58714.4246875,16.5331268,0.0367679372,32769,zr,23.5119169,30.7224444,3.41799998,0.467000008,20190819424676,651,0x3,0x1,20.6900005,26.8074818,0.14329274,0.104032345,0.000296529528,30,1.04700005,3,0.8846047763970678,58714.4246875,0.8846047763970678,16.533126799999998,16.533126799999998
263,651203100043542,96144151,2458715.9438939905,58715.4415162,16.4942093,0.0364321209,32769,zr,23.5119091,30.7224469,2.67799997,0.298000008,20190820441505,651,0x3,0x1,20.6800003,26.6794071,0.0871820599,0.101801015,0.000110561057,30,1.01999998,3,0.9168879813588144,58715.4415162,0.9168879813588144,16.4942093,16.4942093
264,651203100043542,96144244,2458715.9448199687,58715.4424421,16.4291916,0.03589404,32769,zr,23.5119417,30.7223961,3.09200001,0.287,20190820442431,651,0x3,0x1,20.7099991,26.6532536,0.0676858723,0.0970306024,6.59243888e-05,30,1.01900005,1,0.9734717659593657,58715.4424421,0.9734717659593657,16.429191600000003,16.429191600000003
265,651203100043542,96244043,2458716.9429016043,58716.4404398,16.2879105,0.0348169282,32769,zr,23.5119412,30.7224361,2.66100001,0.239999995,20190821440231,651,0x3,0x1,20.6299992,26.5618935,0.0412998535,0.108142622,2.46940799e-05,30,1.01800001,3,1.1087555327548095,58716.4404398,1.1087555327548095,16.287910500000002,16.287910500000002
266,1648211100015370,96350628,2458718.008835438,58717.5062847,16.3582573,0.018800633,0,zr,23.5119309,30.7224143,3.32800007,0.342000008,20190822506273,1648,0xb,0x1,20.5100002,26.2973156,0.03019033,0.11564035,1.09868333e-05,30,1.01800001,2,1.039195075378252,58717.5062847,1.039195075378252,16.3582573,16.3582573
267,1648211100015370,96350672,2458718.0092752776,58717.5067245,16.3682022,0.0188432876,0,zr,23.5119085,30.7223949,3.43799996,0.416999996,20190822506725,1648,0xb,0x1,20.6000004,26.3172932,0.0274292398,0.12169598,9.10283234e-06,30,1.01800001,3,1.029719933565661,58717.5067245,1.029719933565661,16.368202200000006,16.368202200000006
268,651203100043542,96446542,2458718.968058321,58718.4654282,16.5026398,0.0365039743,32769,zr,23.5119272,30.7224229,2.68099999,0.257999986,20190823465417,651,0x3,0x1,20.8600006,26.7588463,0.101509817,0.0840266123,0.000147735453,30,1.0,1,0.9097961192336987,58718.4654282,0.9097961192336987,16.502639800000004,16.502639800000004
269,1648211100015370,96451216,2458719.0147983655,58718.5121644,16.3285007,0.0186755992,0,zr,23.5119529,30.7224066,2.99499989,0.328000009,20190823512164,1648,0xb,0x1,20.5200005,26.2944317,0.0311659407,0.122217238,1.16718948e-05,30,1.02699995,2,1.068070007983279,58718.5121644,1.068070007983279,16.3285007,16.3285007
270,1648211100015370,96451261,2458719.0152497026,58718.5126157,16.3603439,0.0188095439,0,zr,23.5119429,30.7224132,3.28900003,0.426999986,20190823512616,1648,0xb,0x1,20.6200008,26.3183651,0.0248115007,0.111677304,7.39226243e-06,30,1.028,3,1.0371998373671967,58718.5126157,1.0371998373671967,16.360343899999997,16.360343899999997
271,1648211100015370,96541050,2458719.9132169997,58719.4105093,16.329731,0.0186806936,32768,zr,23.5118971,30.7224492,3.27099991,0.264999986,20190824410498,1648,0xb,0x1,21.2000008,26.547493,0.0561031997,0.10614384,3.75521595e-05,30,1.051,2,1.0668604118571807,58719.4105093,1.0668604118571807,16.329731000000002,16.329731000000002
272,1648211100015370,96541096,2458719.913668333,58719.4109606,16.2993622,0.0185568687,32768,zr,23.5119513,30.7224516,3.704,0.377000004,20190824410961,1648,0xb,0x1,21.1599998,26.4490376,0.0709735975,0.102623954,6.03310691e-05,30,1.04999995,3,1.0971224955940242,58719.4109606,1.0971224955940242,16.299362199999997,16.299362199999997
273,651203100043542,96745685,2458721.9597253823,58721.4568519,17.0624599,0.042574726,32768,zr,23.5119432,30.7224416,1.57000005,0.202000007,20190826456840,651,0x3,0x1,19.0599995,24.3467445,0.398602843,0.136602595,0.00454261294,30,1.0,1,0.5432703959799994,58721.4568519,0.5432703959799994,17.0624599,17.0624599
274,1648211100015370,96747351,2458721.976393322,58721.4735185,16.223362,0.0182637572,32768,zr,23.5119277,30.7223976,3.08999991,0.30399999,20190826473507,1648,0xb,0x1,19.6299992,24.7439995,0.327503055,0.158332989,0.0015251243,30,1.00399995,2,1.1766714062723793,58721.4735185,1.1766714062723793,16.223362,16.223362
275,1648211100015370,96747396,2458721.976844761,58721.4739699,17.0920429,0.0234318767,32768,zr,23.5117485,30.7225757,0.609000027,-0.0560000017,20190826473970,1648,0xb,0x1,17.2700005,22.51861,0.292863101,0.0147935487,0.0347926617,30,1.00399995,3,0.5286677765265801,58721.4739699,0.5286677765265801,17.092042900000003,17.092042900000003
276,1648211100015370,97039225,2458724.8953624833,58724.3922569,16.3668709,0.0188375562,0,zr,23.511911,30.7224627,3.523,0.30399999,20190829392245,1648,0xb,0x1,21.0100002,26.3087997,0.0344228558,0.108855814,1.42931976e-05,30,1.05900002,2,1.0309833223560865,58724.3922569,1.0309833223560865,16.366870900000002,16.366870900000002
277,1648211100015370,97039270,2458724.895813918,58724.3927083,16.3603554,0.0188095961,0,zr,23.511942,30.7224353,2.80800009,0.368999988,20190829392708,1648,0xb,0x1,20.9500008,26.288269,0.0248088222,0.114201754,7.42757538e-06,30,1.05799997,3,1.0371888515173182,58724.3927083,1.0371888515173182,16.360355399999996,16.360355399999996
278,651203100043542,97041437,2458724.917482313,58724.414375,16.3973999,0.0356409699,32769,zr,23.5119451,30.7224329,2.43499994,0.239999995,20190829414363,651,0x3,0x1,21.1900005,26.5815849,0.0489386767,0.0975402966,3.48965332e-05,30,1.023,1,1.0023976503775496,58724.414375,1.0023976503775496,16.397399900000003,16.397399900000003
279,1648211100015370,97238817,2458726.8914305917,58726.3881713,16.2631454,0.0184142608,32768,zr,23.5119433,30.7224076,2.88199997,0.241999999,20190831388160,1648,0xb,0x1,21.3400002,26.4861603,0.0806160122,0.0910919681,7.79403199e-05,30,1.05700004,2,1.1343363255910992,58726.3881713,1.1343363255910992,16.263145400000006,16.263145400000006
280,1648211100015370,97238862,2458726.891882026,58726.3886227,16.3142319,0.0186170097,32768,zr,23.5119421,30.7224088,3.13100004,0.27700001,20190831388623,1648,0xb,0x1,21.3899994,26.5913715,0.0763894394,0.0941994563,6.95495619e-05,30,1.05599999,3,1.0821992783668402,58726.3886227,1.0821992783668402,16.314231900000003,16.314231900000003
281,651203100043542,97348629,2458727.9896386582,58727.4862963,16.5363159,0.0367959253,32769,zr,23.5119427,30.7224182,2.7420001,0.27700001,20190901486285,651,0x3,0x1,21.3400002,26.8156204,0.136416763,0.0824427903,0.000266040966,30,1.02199996,1,0.8820102658906954,58727.4862963,0.8820102658906954,16.536315899999998,16.536315899999998
282,651203100043542,97642501,2458730.9285707,58730.4250116,16.4088211,0.035731148,32769,zr,23.5119402,30.7224224,2.98099995,0.275999993,20190904424965,651,0x3,0x1,21.3700008,26.7220631,0.14951539,0.0891036093,0.000323267304,30,1.00199997,1,0.9919083814760019,58730.4250116,0.9919083814760019,16.408821100000004,16.408821100000004
283,651203100043542,97940880,2458733.912578359,58733.4088079,16.4097977,0.0357388966,32769,zr,23.5119305,30.7224123,2.59299994,0.268000007,20190907408796,651,0x3,0x1,21.2299995,26.6239529,0.0806704536,0.0994421691,9.28699374e-05,30,1.00600004,1,0.9910165790393772,58733.4088079,0.9910165790393772,16.409797700000006,16.409797700000006
284,651203100043542,98242975,2458736.933731878,58736.4297569,16.4537125,0.0360936821,32768,zr,23.5119149,30.7224229,2.68899989,0.268999994,20190910429676,651,0x3,0x1,21.2199993,26.7952671,0.111894667,0.102446213,0.000179013223,30,1.00100005,1,0.9517327192288492,58736.4297569,0.9517327192288492,16.4537125,16.4537125
285,1648211100015370,98436461,2458738.868718812,58738.3646181,16.245409,0.0183463786,0,zr,23.5119334,30.7224309,2.99600005,0.261000007,20190912364606,1648,0xb,0x1,20.7199993,26.3169823,0.0406911634,0.104293354,1.96383571e-05,30,1.04100001,2,1.153018830439549,58738.3646181,1.153018830439549,16.245409000000002,16.245409000000002
286,1648211100015370,98436506,2458738.8691701395,58738.3650694,16.3107185,0.0186027177,0,zr,23.5119481,30.7224503,3.47900009,0.284999996,20190912365069,1648,0xb,0x1,20.7700005,26.3284531,0.0245773122,0.107186399,7.16304339e-06,30,1.03999996,3,1.0857069052220376,58738.3650694,1.0857069052220376,16.3107185,16.3107185
287,651203100043542,98439328,2458738.8973895507,58738.393287,16.4192886,0.03581452,32769,zr,23.511929,30.7224437,2.33200002,0.263999999,20190912393194,651,0x3,0x1,20.6399994,26.6385231,0.0685842261,0.0960361436,6.77051212e-05,30,1.00699997,3,0.982391418242355,58738.393287,0.982391418242355,16.41928860000001,16.41928860000001
288,651203100043542,98540148,2458739.905647864,58739.4014815,16.2971077,0.0348834246,0,zr,23.5119244,30.7224182,2.85400009,0.307999998,20190913401470,651,0x3,0x1,20.3199997,26.2691021,0.0510284677,0.1005219,3.7473299e-05,30,1.00199997,1,1.0994030057869315,58739.4014815,1.0994030057869315,16.297107700000005,16.297107700000005
289,651203100043542,98540239,2458739.9065622217,58739.4023958,16.4180126,0.0358043164,32769,zr,23.5119243,30.7224089,2.3900001,0.247999996,20190913402396,651,0x3,0x1,20.3500004,26.5722542,0.0477894209,0.109178558,3.26963273e-05,30,1.00199997,3,0.9835466420735467,58739.4023958,0.9835466420735467,16.418012600000004,16.418012600000004
290,1648211100015370,98540609,2458739.9102661526,58739.4060995,16.390192,0.0189391859,0,zr,23.5118984,30.7224709,4.12400007,0.421999991,20190913406100,1648,0xb,0x1,20.5699997,26.3231106,0.0269875154,0.110092781,8.70936856e-06,30,1.00300002,2,1.0090744270543937,58739.4060995,1.0090744270543937,16.390192000000006,16.390192000000006
291,1648211100015370,98540655,2458739.910717577,58739.4065509,16.3260021,0.0186652765,0,zr,23.511981,30.7224632,3.78399992,0.263999999,20190913406551,1648,0xb,0x1,20.6900005,26.3627529,0.0267408583,0.109411255,8.49172193e-06,30,1.00199997,3,1.0705307832412436,58739.4065509,1.0705307832412436,16.326002100000004,16.326002100000004
292,1648211100015370,98643931,2458740.943547922,58740.4393171,16.413065,0.01904127,0,zr,23.5119208,30.7224139,3.06100011,0.463,20190914439248,1648,0xb,0x1,20.1299992,26.2952232,0.0307634715,0.114621274,1.14161239e-05,30,1.01400006,2,0.9880388010417054,58740.4393171,0.9880388010417054,16.413064999999996,16.413064999999996
293,1648211100015370,98643976,2458740.943999348,58740.4397685,16.4117355,0.0190352723,0,zr,23.5119077,30.7224604,3.27399993,0.301999986,20190914439769,1648,0xb,0x1,20.1499996,26.2808971,0.0308330264,0.117645077,1.15890653e-05,30,1.01400006,3,0.9892494101826873,58740.4397685,0.9892494101826873,16.4117355,16.4117355
294,1648211100015370,98742993,2458741.934221772,58741.4299306,16.4407825,0.0191682428,0,zr,23.511963,30.7223956,3.26999998,0.335000008,20190915429919,1648,0xb,0x1,19.8500004,26.2488232,0.0353008918,0.119807929,1.52347056e-05,30,1.00899994,2,0.9631346334996281,58741.4299306,0.9631346334996281,16.440782500000005,16.440782500000005
295,1648211100015370,98743038,2458741.9346730993,58741.4303819,16.3947525,0.0189593434,0,zr,23.5119494,30.7224052,3.4059999,0.330000013,20190915430382,1648,0xb,0x1,19.9300003,26.2486839,0.0346897654,0.124515995,1.46714165e-05,30,1.00899994,3,1.0048448245031973,58741.4303819,1.0048448245031973,16.394752500000003,16.394752500000003
296,651203100043542,98935828,2458743.862692276,58743.358287,16.4257812,0.0358665809,0,zr,23.511951,30.7224469,1.505,0.120999999,20190917358275,651,0x3,0x1,19.5599995,26.1840687,0.0421754606,0.0871720538,2.54895349e-05,30,1.028,1,0.9765343401496818,58743.358287,0.9765343401496818,16.425781199999996,16.425781199999996
297,1648211100015370,99144572,2458745.950252862,58745.4457292,16.3807449,0.0188977178,0,zr,23.5119329,30.7224376,3.29299998,0.358999997,20190919445637,1648,0xb,0x1,20.4500008,26.2857628,0.0296919234,0.114537574,1.0567026e-05,30,1.03699994,2,1.0178927943251281,58745.4457292,1.0178927943251281,16.380744900000003,16.380744900000003
298,1648211100015370,99144618,2458745.9507042877,58745.4461806,16.323864,0.018656468,0,zr,23.5119386,30.722421,3.32299995,0.351000011,20190919446181,1648,0xb,0x1,20.4200001,26.2887516,0.0296728369,0.118600905,1.05427162e-05,30,1.03799999,3,1.0726410168895868,58745.4461806,1.0726410168895868,16.323864000000007,16.323864000000007
299,1648211100015370,99341109,2458747.9157296135,58747.4110995,16.3571186,0.0187957771,0,zr,23.5119423,30.7223947,3.29399991,0.263000011,20190921411088,1648,0xb,0x1,20.9500008,26.3218307,0.0310956743,0.109955199,1.14920012e-05,30,1.00800002,2,1.040285535632009,58747.4110995,1.040285535632009,16.3571186,16.3571186
300,1648211100015370,99341155,2458747.916181038,58747.4115509,16.3250732,0.0186614469,0,zr,23.511919,30.7224008,3.11100006,0.377999991,20190921411551,1648,0xb,0x1,20.9799995,26.3317165,0.0293691009,0.110141449,1.025038e-05,30,1.00800002,3,1.0714470661717852,58747.4115509,1.0714470661717852,16.3250732,16.3250732
301,1648211100015370,99435168,2458748.8563690875,58748.3516898,16.2645779,0.0184198003,0,zr,23.5119529,30.7224001,3.51900005,0.264999986,20190922351678,1648,0xb,0x1,20.8799992,26.1171741,0.0282566957,0.114474759,9.62576451e-06,30,1.02199996,2,1.1328406903760222,58748.3516898,1.1328406903760222,16.2645779,16.2645779
302,1648211100015370,99435214,2458748.856820511,58748.3521412,16.181921,0.0181135815,0,zr,23.5119389,30.7224084,3.44400001,0.252000004,20190922352141,1648,0xb,0x1,20.8500004,26.1803093,0.0472230166,0.107606433,2.67364067e-05,30,1.02100003,3,1.2224513936708772,58748.3521412,1.2224513936708772,16.181920999999996,16.181920999999996
303,651203100043542,99529944,2458749.8041720423,58749.2994444,16.4848747,0.0363531224,32769,zr,23.5119508,30.722447,2.82399988,0.231000006,20190923299433,651,0x3,0x1,21.2700005,26.6922207,0.121900126,0.0899331793,0.000211089719,30,1.11300004,1,0.9248048954113159,58749.2994444,0.9248048954113159,16.4848747,16.4848747
304,651203100043542,100333129,2458757.8363845083,58757.3312963,16.3680191,0.0354127549,32769,zr,23.5119422,30.7224381,2.06100011,0.264999986,20191001331285,651,0x3,0x1,21.1200008,26.6101742,0.0570471548,0.100256577,4.69366059e-05,30,1.01499999,3,1.0298936015504563,58757.3312963,1.0298936015504563,16.368019100000005,16.368019100000005
305,651203100043542,100333222,2458757.837310445,58757.3322222,16.4806442,0.0363175236,32769,zr,23.511936,30.7224389,3.0079999,0.225999996,20191001332211,651,0x3,0x1,21.0900002,26.6740303,0.0802758634,0.0890465826,9.18863225e-05,30,1.01400006,1,0.9284153665205412,58757.3322222,0.9284153665205412,16.480644199999993,16.480644199999993
306,651203100043542,100432114,2458758.826272081,58758.3211458,16.494812,0.0364372358,32769,zr,23.5119246,30.7224492,2.06100011,0.344000012,20191002321100,651,0x3,0x1,21.2800007,26.8245697,0.123215117,0.108162977,0.000217727924,30,1.023,3,0.9163791514663652,58758.3211458,0.9163791514663652,16.494812000000003,16.494812000000003
307,651203100043542,100533746,2458759.8426291803,58759.3374653,16.3182774,0.0350383371,32768,zr,23.511934,30.7224251,2.43700004,0.263000011,20191003337373,651,0x3,0x1,21.2099991,26.6468506,0.0462291427,0.0968209878,3.0897867e-05,30,1.00600004,3,1.0781744600872682,58759.3374653,1.0781744600872682,16.318277399999992,16.318277399999992
308,651203100043542,100632075,2458760.825951095,58760.3207523,16.3461704,0.0352464728,32769,zr,23.5119403,30.7224288,2.77200007,0.319999993,20191004320741,651,0x3,0x1,21.0300007,26.531311,0.026823869,0.10255681,1.04388373e-05,30,1.01800001,3,1.050828492806736,58760.3207523,1.050828492806736,16.3461704,16.3461704
309,651203100043542,100632651,2458760.831715196,58760.3265162,16.4412956,0.0359920971,32769,zr,23.5119579,30.7224415,2.25099993,0.174999997,20191004326447,651,0x3,0x1,20.9200001,26.5866947,0.0681620389,0.115400858,6.63605533e-05,30,1.01199996,1,0.962679580398142,58760.3265162,0.962679580398142,16.441295599999997,16.441295599999997
310,651203100043542,100734835,2458761.853590251,58761.3483565,16.3887978,0.035573598,32769,zr,23.5119256,30.7224289,2.71399999,0.338999987,20191005348090,651,0x3,0x1,20.9699993,26.6151466,0.0699618012,0.104269877,7.04024205e-05,30,1.0,3,1.010371017533574,58761.3483565,1.010371017533574,16.3887978,16.3887978
311,1648211100015370,100928717,2458763.7924712603,58763.2871759,16.3027725,0.0185705796,0,zr,23.5119056,30.7224234,3.44499993,0.375999987,20191007287164,1648,0xb,0x1,20.8799992,26.3213577,0.0291359704,0.118263051,1.01871528e-05,30,1.05599999,2,1.0936818376136501,58763.2871759,1.0936818376136501,16.302772499999996,16.302772499999996
312,651203100043542,100933681,2458763.8421139745,58763.3368171,16.4533272,0.0360905044,32769,zr,23.5119113,30.7224541,2.79999995,0.349999994,20191007336817,651,0x3,0x1,21.1499996,26.6166096,0.0606691502,0.0969530493,5.2939864e-05,30,1.00199997,1,0.9520705247561037,58763.3368171,0.9520705247561037,16.453327199999997,16.453327199999997
313,651203100043542,100933773,2458763.843028403,58763.3377315,16.357172,0.0353298411,32769,zr,23.5119304,30.7224272,3.03500009,0.270000011,20191007337731,651,0x3,0x1,21.2700005,26.7012558,0.0776364729,0.0909980834,8.57272171e-05,30,1.00100005,3,1.0402343723003618,58763.3377315,1.0402343723003618,16.357172,16.357172
314,651203100043542,101013504,2458764.6403666986,58764.1350463,16.2939701,0.0348606817,1,zr,23.511939,30.7224216,2.59200001,0.246000007,20191008135046,651,0x3,0x1,20.3199997,26.256176,0.0432036594,0.115422525,2.70452892e-05,30,2.10599995,1,1.1025846956733338,58764.1350463,1.1025846956733338,16.293970100000003,16.293970100000003
315,651203100043542,101113524,2458765.640591771,58765.1352431,16.3586731,0.0353412703,0,zr,23.5119398,30.7224164,2.91799998,0.286000013,20191009135243,651,0x3,0x1,20.2199993,26.1560249,0.0383748487,0.11775019,2.10294838e-05,30,2.05299997,1,1.038797175242173,58765.1352431,1.038797175242173,16.358673099999997,16.358673099999997
316,651203100043542,101213546,2458766.6408384102,58766.135463,16.4162445,0.0357902013,0,zr,23.511983,30.7224,2.47099996,0.114,20191010135463,651,0x3,0x1,19.6100006,26.0287113,0.0374986157,0.115786545,2.06741079e-05,30,2.00200009,1,0.9851496332512907,58766.135463,0.9851496332512907,16.416244499999998,16.416244499999998
317,651203100043542,101313564,2458767.641048708,58767.1356481,16.2436943,0.0345038883,0,zr,23.5118899,30.7223967,0.555999994,-0.00700000022,20191011135648,651,0x3,0x1,18.5300007,25.9659462,0.0526136756,0.112608053,8.89436924e-05,30,1.954,1,1.154841228367781,58767.1356481,1.154841228367781,16.24369430000001,16.24369430000001
318,651203100043542,101413585,2458768.641280755,58768.1358565,16.4370995,0.0359579921,0,zr,23.5119752,30.7224033,2.61199999,0.188999996,20191012135856,651,0x3,0x1,19.5200005,26.078783,0.0451849699,0.0986615568,3.02379449e-05,30,1.90799999,1,0.966407295901624,58768.1358565,0.966407295901624,16.437099499999995,16.437099499999995
319,651203100043542,101513540,2458769.6408514287,58769.1354051,16.4854164,0.0363576971,32768,zr,23.512007,30.7224715,0.911000013,0.00300000003,20191013135405,651,0x3,0x1,18.7600002,26.0621777,0.0808219463,0.0783318579,0.00016179771,30,1.875,1,0.9243436030106316,58769.1354051,0.9243436030106316,16.4854164,16.4854164
320,651203100043542,101613648,2458770.641948378,58770.1364815,16.42873,0.0358903185,0,zr,23.5119514,30.7224197,2.0150001,0.200000003,20191014136481,651,0x3,0x1,19.1399994,25.9983044,0.0542493202,0.10413266,5.39027278e-05,30,1.82099998,1,0.9738857248014288,58770.1364815,0.9738857248014288,16.428729999999995,16.428729999999995
321,651203100043542,101713645,2458771.641944132,58771.1364583,16.4666252,0.0362004004,0,zr,23.5119259,30.7224241,0.916999996,0.0769999996,20191015136458,651,0x3,0x1,18.9699993,26.0342731,0.0397746228,0.100163274,3.50745722e-05,30,1.78600001,1,0.9404807700808371,58771.1364583,0.9404807700808371,16.466625200000003,16.466625200000003
322,651203100043542,101813664,2458772.6421467117,58772.1366435,16.3913727,0.0355937183,0,zr,23.5119532,30.7224244,2.37299991,0.201000005,20191016136644,651,0x3,0x1,19.6100006,26.0817699,0.0450928211,0.111135691,2.99557159e-05,30,1.74899995,1,1.0079776904852207,58772.1366435,1.0079776904852207,16.391372699999998,16.391372699999998
323,651203100043542,101913656,2458773.642081504,58773.1365625,16.4166756,0.0357936434,32769,zr,23.5119393,30.7224316,2.7349999,0.338999987,20191017136562,651,0x3,0x1,20.2800007,26.1631012,0.0711252466,0.102545224,7.27945007e-05,30,1.71700001,1,0.984758549577955,58773.1365625,0.984758549577955,16.416675599999998,16.416675599999998
324,651203100043542,102013685,2458774.6423851117,58774.1368519,16.3360672,0.0351705514,1,zr,23.5119331,30.7224283,1.70500004,0.0260000005,20191018136852,651,0x3,0x1,20.1000004,26.2633362,0.0477468185,0.0913618281,3.32541167e-05,30,1.68200004,1,1.0606525001216534,58774.1368519,1.0606525001216534,16.336067199999995,16.336067199999995
325,651203100043542,102113658,2458775.6421314157,58775.1365856,16.389946,0.035582561,32768,zr,23.511954,30.7224228,3.06399989,0.307000011,20191019136586,651,0x3,0x1,20.9300003,26.5333519,0.0802239105,0.105175003,9.24505948e-05,30,1.65499997,1,1.009303083363023,58775.1365856,1.009303083363023,16.389946000000002,16.389946000000002
326,651203100043542,102213637,2458776.6419341182,58776.1363773,16.3841648,0.0355375074,32769,zr,23.5119446,30.7224288,2.84200001,0.317000002,20191020136377,651,0x3,0x1,20.8999996,26.5214825,0.0479746684,0.10317304,3.36857047e-05,30,1.62800002,1,1.0146916347288892,58776.1363773,1.0146916347288892,16.3841648,16.3841648
327,651203100043542,102313679,2458777.6423602183,58777.136794,16.3664551,0.035400752,1,zr,23.5119268,30.7224427,1.48199999,0.0299999993,20191021136794,651,0x3,0x1,20.2399998,26.3007622,0.0496736057,0.09656661,3.56776909e-05,30,1.59599996,1,1.0313782294794767,58777.136794,1.0313782294794767,16.366455100000003,16.366455100000003
328,651203100043542,102413697,2458778.6425532014,58778.1369792,16.4192982,0.0358145982,32769,zr,23.5119513,30.7224378,2.67799997,0.291999996,20191022136979,651,0x3,0x1,20.9300003,26.5986309,0.0698116049,0.102633506,6.96901916e-05,30,1.56799996,1,0.9823827320477941,58778.1369792,0.9823827320477941,16.419298200000007,16.419298200000007
329,651203100043542,102713668,2458781.6422773977,58781.1366898,16.3336544,0.0351525135,1,zr,23.5119034,30.7224327,1.58200002,-0.00400000019,20191025136690,651,0x3,0x1,19.9300003,26.2117443,0.0397357196,0.097375676,2.28026583e-05,30,1.49800003,1,1.0630121782851338,58781.1366898,1.0630121782851338,16.333654399999993,16.333654399999993
330,651203100043542,102813579,2458782.6413874645,58782.1357986,16.3844242,0.035539519,32768,zr,23.5119251,30.722434,2.55999994,0.231000006,20191026135799,651,0x3,0x1,20.8600006,26.5767021,0.0576406494,0.101906277,4.77634094e-05,30,1.48300004,1,1.0144492373871477,58782.1357986,1.0144492373871477,16.384424200000005,16.384424200000005
331,651203100043542,102913700,2458783.6425907947,58783.1370023,16.4099884,0.035740409,32769,zr,23.5119171,30.7224506,2.87899995,0.259000003,20191027137002,651,0x3,0x1,20.7999992,26.5572376,0.0554901026,0.106536001,4.45141559e-05,30,1.45099998,1,0.990842530992702,58783.1370023,0.990842530992702,16.409988399999996,16.409988399999996
332,651203100043542,103113665,2458785.642237931,58785.1366551,16.4005108,0.0356654562,32768,zr,23.5119272,30.7224403,2.81500006,0.331999987,20191029136644,651,0x3,0x1,20.7700005,26.4629803,0.0603230298,0.0935379118,5.16633481e-05,30,1.41400003,1,0.9995296464647176,58785.1366551,0.9995296464647176,16.4005108,16.4005108
333,651203100043542,103214355,2458786.6491307016,58786.1435532,16.4196949,0.0358177684,1,zr,23.511944,30.7224189,1.96800005,0.0799999982,20191030143553,651,0x3,0x1,20.4599991,26.4123516,0.0371515863,0.10277348,1.97661284e-05,30,1.35000002,1,0.9820238603057013,58786.1435532,0.9820238603057013,16.419694900000003,16.419694900000003
334,651203100043542,103313591,2458787.6414850075,58787.1359144,16.3233833,0.0350760967,1,zr,23.511938,30.7224427,1.528,-0.0140000004,20191031135914,651,0x3,0x1,19.8999996,26.2229614,0.0363987908,0.105313607,1.90743031e-05,30,1.38100004,1,1.07311602425709,58787.1359144,1.07311602425709,16.323383299999996,16.323383299999996
335,651203100043542,103413680,2458788.6423676293,58788.1368056,16.3597164,0.0353492238,0,zr,23.5119466,30.7224279,2.24499989,0.131999999,20191101136806,651,0x3,0x1,20.3099995,26.2102737,0.0543448441,0.0898894593,4.22129087e-05,30,1.35800004,1,1.0377994590877255,58788.1368056,1.0377994590877255,16.359716400000003,16.359716400000003
336,651203100043542,103513719,2458789.6427509184,58789.1371991,16.3872871,0.0355618149,32768,zr,23.5119481,30.7224181,2.91000009,0.335999995,20191102137199,651,0x3,0x1,20.6399994,26.4237118,0.034667816,0.100681648,1.71727661e-05,30,1.33800006,1,1.0117778324493119,58789.1371991,1.0117778324493119,16.3872871,16.3872871
337,651203100043542,103526692,2458789.772471736,58789.2669213,16.3367252,0.0351754762,0,zr,23.5119087,30.7224263,1.50999999,0.0340000018,20191102266921,651,0x3,0x1,20.2199993,26.1861725,0.0345667079,0.108317479,1.70014664e-05,30,1.00100005,1,1.0600098966014728,58789.2669213,1.0600098966014728,16.336725199999997,16.336725199999997
338,651203100043542,103619131,2458790.6968587292,58790.1913194,16.411869,0.0357553549,32768,zr,23.5119474,30.7224451,2.44799995,0.252999991,20191103191319,651,0x3,0x1,20.8400002,26.5653687,0.0541553162,0.102337949,4.1806572e-05,30,1.102,1,0.9891277814879781,58790.1913194,0.9891277814879781,16.411869000000003,16.411869000000003
339,651203100043542,103734593,2458791.851461036,58791.3459375,16.5194054,0.0366483331,32768,zr,23.5119397,30.7224103,3.11400008,0.469999999,20191104345926,651,0x3,0x1,21.1800003,26.8891335,0.141449958,0.10352017,0.000284090231,30,1.08099997,1,0.8958552435248621,58791.3459375,0.8958552435248621,16.519405400000004,16.519405400000004
340,651203100043542,104031924,2458794.824720631,58794.3192477,16.3091545,0.0349712633,0,zr,23.5119276,30.7224364,2.65700006,0.272000015,20191107319236,651,0x3,0x1,20.7399998,26.4482803,0.0534509532,0.100708276,4.07749249e-05,30,1.04400003,1,1.0872719899956458,58794.3192477,1.0872719899956458,16.309154499999998,16.309154499999998
341,651203100043542,104331799,2458797.8234052095,58797.3179977,16.3431816,0.035223946,0,zr,23.511952,30.7224261,2.90499997,0.247999996,20191110317986,651,0x3,0x1,20.0599995,26.2625656,0.0493905246,0.102535285,3.51347662e-05,30,1.05700004,1,1.0537251844851572,58797.3179977,1.0537251844851572,16.3431816,16.3431816
342,651203100043542,104530578,2458799.8111432735,58799.305787,16.4307899,0.0359069295,0,zr,23.5119397,30.7224141,1.77999997,0.162,20191112305775,651,0x3,0x1,19.2299995,26.203455,0.039931491,0.0842333362,2.76849441e-05,30,1.04499996,1,0.9720397834325629,58799.305787,0.9720397834325629,16.4307899,16.4307899
343,651203100043542,104629030,2458800.795629496,58800.2903009,16.3202953,0.035053242,0,zr,23.5119547,30.7224052,3.64599991,0.294999987,20191113290289,651,0x3,0x1,20.0900002,26.3719578,0.0553490706,0.0977767035,4.49244544e-05,30,1.02600002,1,1.0761724749780521,58800.2903009,1.0761724749780521,16.320295300000005,16.320295300000005
344,651203100043542,104729179,2458801.797092877,58801.291794,16.4431248,0.0360069908,0,zr,23.5119417,30.7224294,3.3269999,0.426999986,20191114291782,651,0x3,0x1,19.8799992,26.1529369,0.0479055345,0.0989049301,3.33336648e-05,30,1.03199995,1,0.9610590661864121,58801.291794,0.9610590661864121,16.4431248,16.4431248
345,651203100043542,104925396,2458803.7592060342,58803.2539699,16.4524269,0.0360831134,32768,zr,23.5119218,30.722429,2.80699992,0.273999989,20191116253924,651,0x3,0x1,19.4899998,25.508091,0.0735863149,0.106585473,9.02078391e-05,30,1.00300002,1,0.9528603156509058,58803.2539699,0.9528603156509058,16.4524269,16.4524269
346,651203100043542,104928156,2458803.7867977032,58803.2815625,16.3184891,0.0350399017,0,zr,23.5119145,30.7224228,2.37199998,0.244000003,20191116281551,651,0x3,0x1,20.6700001,26.4370079,0.0553797893,0.101116382,4.36801201e-05,30,1.02600002,1,1.0779642549920812,58803.2815625,1.0779642549920812,16.3184891,16.3184891
347,651203100043542,105221447,2458806.7196094235,58806.2144792,16.3801365,0.0355062336,32769,zr,23.5119373,30.7224104,2.79900002,0.308999985,20191119214444,651,0x3,0x1,21.0100002,26.5095253,0.0367203094,0.107143492,1.951581e-05,30,1.00399995,1,1.0184633376269192,58806.2144792,1.0184633376269192,16.3801365,16.3801365
348,651203100043542,105716206,2458811.6669837865,58811.1620602,16.3913536,0.0355935693,32769,zr,23.5119325,30.722441,2.17000008,0.107000001,20191124162049,651,0x3,0x1,20.6900005,26.4821415,0.0531303249,0.101759888,4.03798331e-05,30,1.04299998,1,1.0079954227328465,58811.1620602,1.0079954227328465,16.391353599999995,16.391353599999995
349,651203100043542,105819931,2458812.70419277,58812.1993171,16.4156361,0.0357853472,32769,zr,23.5119564,30.7224137,2.54299998,0.201000005,20191125199201,651,0x3,0x1,20.9500008,26.562355,0.0701015368,0.110128716,7.06404244e-05,30,1.00300002,1,0.9857018235483819,58812.1993171,0.9857018235483819,16.415636099999993,16.415636099999993
350,651203100043542,106017615,2458814.6809374033,58814.1761574,16.3624649,0.0353702083,32768,zr,23.5119477,30.7224466,2.2650001,0.128000006,20191127176146,651,0x3,0x1,19.3600006,25.2672729,0.0418541767,0.118026167,2.95046721e-05,30,1.01499999,1,1.0351756316013008,58814.1761574,1.0351756316013008,16.3624649,16.3624649
351,651203100043542,106020553,2458814.710310943,58814.2055324,16.4330635,0.0359252989,32769,zr,23.5119405,30.7224199,2.40400004,0.221000001,20191127205521,651,0x3,0x1,20.9500008,26.5088787,0.0586472601,0.0950503722,4.88658916e-05,30,1.0,1,0.9700064006590688,58814.2055324,0.9700064006590688,16.433063499999996,16.433063499999996
352,651203100043542,106515202,2458819.6565403463,58819.1520255,16.3614388,0.0353623666,32768,zr,23.5119428,30.722438,2.56200004,0.239999995,20191202152025,651,0x3,0x1,20.7199993,26.5453281,0.0749501809,0.084619239,0.000102461156,30,1.02600002,1,1.0361544106034175,58819.1520255,1.0361544106034175,16.361438799999995,16.361438799999995
353,651203100043542,107324099,2458827.7450095383,58827.2409954,16.4007549,0.0356673822,0,zr,23.5119402,30.7224318,2.75999999,0.279000014,20191210240984,651,0x3,0x1,19.7399998,26.2135105,0.040525429,0.0912832543,2.34698109e-05,30,1.06599998,1,0.9993049530624204,58827.2409954,0.9993049530624204,16.400754900000003,16.400754900000003
354,651203100043542,107623479,2458830.7386003626,58830.2347917,16.4030724,0.0356856622,0,zr,23.5119243,30.7224441,2.33800006,0.263999999,20191213234780,651,0x3,0x1,20.3500004,26.4317112,0.0342348106,0.093878746,1.68285751e-05,30,1.07000005,1,0.9971742150916135,58830.2347917,0.9971742150916135,16.403072400000006,16.403072400000006
355,651203100043542,107628346,2458830.787265806,58830.2834606,16.3593693,0.0353465751,0,zr,23.5119141,30.7224099,2.80999994,0.277999997,20191213283426,651,0x3,0x1,20.3099995,26.4280186,0.0387300029,0.101061054,2.13918192e-05,30,1.22599995,1,1.0381312871840565,58830.2834606,1.0381312871840565,16.359369300000004,16.359369300000004
356,651203100043542,107731410,2458831.8187088887,58831.3141088,16.4314499,0.0359122567,32768,zr,23.5119516,30.7224363,1.77499998,0.0869999975,20191214314086,651,0x3,0x1,21.0300007,28.6633873,0.0384809524,0.107253581,2.10624257e-05,180,1.41600001,2,0.971449077051589,58831.3141088,0.971449077051589,16.431449899999997,16.431449899999997
357,651203100043542,107910298,2458833.6065884703,58833.1029861,16.4376316,0.0359623097,32769,zr,23.5119183,30.7224415,2.69400001,0.101999998,20191216102975,651,0x3,0x1,20.7999992,26.6853123,0.0576269887,0.0953363404,4.78370166e-05,30,1.04100001,1,0.9659337929143013,58833.1029861,0.9659337929143013,16.437631599999996,16.437631599999996
358,651203100043542,108209782,2458836.60120172,58836.0978241,16.3515663,0.0352872647,0,zr,23.511956,30.7224503,1.79499996,0.0390000008,20191219097812,651,0x3,0x1,20.5300007,26.4821472,0.0491189845,0.0914271474,3.5224879e-05,30,1.03699994,1,1.0456190331459088,58836.0978241,1.0456190331459088,16.351566299999995,16.351566299999995
359,651203100043542,108308243,2458837.5857323287,58837.0824306,16.425972,0.035868112,32769,zr,23.5119278,30.7224303,2.14700007,0.300000012,20191220082431,651,0x3,0x1,20.9500008,26.7177486,0.0557877123,0.101530448,4.49364125e-05,30,1.05799997,1,0.9763627456309738,58837.0824306,0.9763627456309738,16.425971999999994,16.425971999999994
360,651203100043542,108509037,2458839.59351446,58839.0903704,16.4707832,0.0362350009,32768,zr,23.511947,30.7224298,2.16300011,0.250999987,20191222090359,651,0x3,0x1,18.8899994,24.7974148,0.0442994498,0.0916237906,5.44422219e-05,30,1.03600001,1,0.9368859368273379,58839.0903704,0.9368859368273379,16.470783199999993,16.470783199999993
361,651203100043542,109214479,2458846.647353414,58846.1447917,16.3988838,0.0356526449,32768,zr,23.5119346,30.7224427,2.47199988,0.200000003,20191229144780,651,0x3,0x1,20.9400005,26.6616154,0.037707597,0.0964287892,2.06769128e-05,30,1.00800002,1,1.0010285868252848,58846.1447917,1.0010285868252848,16.3988838,16.3988838
362,651203100043542,109610973,2458850.611951372,58850.1097338,16.3715744,0.0354400799,0,zr,23.5119257,30.7224162,1.50800002,0.0890000015,20200102109653,651,0x3,0x1,19.4899998,25.8421116,0.0457822345,0.104526237,3.12772754e-05,30,1.0,1,1.0265266766702883,58850.1097338,1.0265266766702883,16.371574400000007,16.371574400000007
363,651203100043542,109912935,2458853.6313006454,58853.1293519,16.4886017,0.0363845974,0,zr,23.5119548,30.7224441,3.19700003,0.351000011,20200105129340,651,0x3,0x1,19.6100006,26.0482082,0.0490998775,0.0985481292,3.54538934e-05,30,1.00999999,1,0.9216357657661077,58853.1293519,0.9216357657661077,16.488601699999997,16.488601699999997
364,651203100043542,109918332,2458853.685265672,58853.1833218,16.3564758,0.0353245437,0,zr,23.5119401,30.7224544,2.78699994,0.284000009,20200105183310,651,0x3,0x1,19.5400009,26.0308762,0.0481167808,0.0972902924,3.70681919e-05,30,1.097,1,1.0409016093393564,58853.1833218,1.0409016093393564,16.35647579999999,16.35647579999999
365,651203100043542,110015089,2458854.652747828,58854.1508912,16.1756573,0.0340429693,1,zr,23.5119148,30.7224084,0.93599999,-0.0480000004,20200106150880,651,0x3,0x1,18.5699997,26.273571,0.0445004888,0.113460988,6.27860936e-05,30,1.03699994,1,1.229524196826008,58854.1508912,1.229524196826008,16.175657300000005,16.175657300000005
366,651203100043542,110214293,2458856.6446152953,58856.1429398,16.3573399,0.0353311114,32768,zr,23.5119171,30.7224188,2.80500007,0.25999999,20200108142859,651,0x3,0x1,20.6399994,26.7057552,0.0510838442,0.111127324,3.74855845e-05,30,1.03400004,1,1.0400735212146668,58856.1429398,1.0400735212146668,16.357339899999992,16.357339899999992
367,651203100043542,110216212,2458856.663803335,58856.1621296,16.3331604,0.035148818,1,zr,23.5119275,30.7224314,2.51600003,0.284999996,20200108162118,651,0x3,0x1,20.4899998,26.5584774,0.0296182074,0.108867809,1.26494169e-05,30,1.06700003,1,1.063495949109109,58856.1621296,1.063495949109109,16.333160400000004,16.333160400000004
368,651203100043542,110516408,2458859.6654829574,58859.1640856,16.3445778,0.0352344625,32768,zr,23.5119381,30.7224277,2.87199998,0.31400001,20200111164086,651,0x3,0x1,20.3600006,26.6161385,0.0944371,0.0946709365,0.000128408225,30,1.09000003,1,1.0523710198628498,58859.1640856,1.0523710198628498,16.344577800000003,16.344577800000003
369,651203100043542,110522190,2458859.7233016603,58859.2219097,16.3705406,0.0354321301,0,zr,23.5119502,30.7224546,2.72300005,0.307000011,20200111221910,651,0x3,0x1,20.1700001,26.3920879,0.0444240049,0.101370573,2.80755812e-05,30,1.31500006,1,1.0275045649122962,58859.2219097,1.0275045649122962,16.370540600000005,16.370540600000005
370,651203100043542,110615255,2458860.6538634743,58860.1525579,16.4182205,0.0358059779,32769,zr,23.5119133,30.7224238,2.53600001,0.209999993,20200112152546,651,0x3,0x1,20.3799992,26.610899,0.0575304031,0.104904473,4.77946814e-05,30,1.07000005,1,0.983358327665247,58860.1525579,0.983358327665247,16.418220499999997,16.418220499999997
371,651203100043542,110717961,2458861.6808279245,58861.1796181,16.4170189,0.0357963815,32769,zr,23.5119286,30.7224266,1.77100003,0.061999999,20200113179583,651,0x3,0x1,20.25,26.5743866,0.0390666425,0.0981728807,2.18807763e-05,30,1.15100002,1,0.984447227023492,58861.1796181,0.984447227023492,16.417018899999995,16.417018899999995
372,651203100043542,110820064,2458862.701762394,58862.2006481,16.4786148,0.0363004804,32769,zr,23.511918,30.722441,2.31100011,0.291999996,20200114200532,651,0x3,0x1,20.8500004,26.8421154,0.109915912,0.100398734,0.00017236064,30,1.24699998,1,0.9301523336475732,58862.2006481,0.9301523336475732,16.478614799999995,16.478614799999995
373,651203100043542,111309131,2458867.591972458,58867.0913194,16.5259476,0.0367051922,32768,zr,23.5119493,30.7224391,1.48699999,0.164000005,20200119091296,651,0x3,0x1,18.9200001,24.8246498,0.0481327623,0.091498591,6.20234568e-05,30,1.00999999,1,0.8904734187482715,58867.0913194,0.8904734187482715,16.525947600000002,16.525947600000002
374,651203100043542,111710307,2458871.6033504046,58871.1030787,16.4796524,0.0363091938,32769,zr,23.5119327,30.7224216,2.03900003,0.209999993,20200123103067,651,0x3,0x1,21.1000004,26.9311981,0.128723845,0.105004393,0.000238038148,30,1.03499997,1,0.9292638443115089,58871.1030787,0.9292638443115089,16.4796524,16.4796524
375,651203100043542,111710939,2458871.6096692015,58871.1093981,16.416563,0.0357927382,32769,zr,23.511942,30.7224284,2.97099996,0.298999995,20200123109387,651,0x3,0x1,21.2000008,26.8479977,0.0749665648,0.0950710624,8.03050352e-05,30,1.04499996,3,0.9848606826395396,58871.1093981,0.9848606826395396,16.416563000000004,16.416563000000004
376,651203100043542,111711032,2458871.610595112,58871.1103241,16.3971062,0.0356386676,32769,zr,23.5119354,30.7224235,2.92400002,0.296999991,20200123110312,651,0x3,0x1,21.1900005,26.8495007,0.0820880905,0.0994260311,9.7197757e-05,30,1.04700005,1,1.0026688433353934,58871.1103241,1.0026688433353934,16.397106200000003,16.397106200000003
377,651203100043542,111813293,2458872.6331134243,58872.1329398,16.4512863,0.0360737443,32769,zr,23.5119215,30.7224065,2.97600007,0.222000003,20200124132905,651,0x3,0x1,20.8299999,26.7270031,0.0698196068,0.103640109,7.04722697e-05,30,1.10099995,3,0.9538618513343107,58872.1329398,0.9538618513343107,16.4512863,16.4512863
378,651203100043542,111915572,2458873.655805418,58873.1557292,16.5012741,0.0364922993,32769,zr,23.511926,30.7224226,2.98000002,0.363999993,20200125155451,651,0x3,0x1,21.2000008,26.9589252,0.16007264,0.102839686,0.000366796914,30,1.18299997,3,0.9109412319515802,58873.1557292,0.9109412319515802,16.501274099999996,16.501274099999996
379,651203100043542,112012171,2458874.6216972833,58874.121713,16.3195972,0.0350480862,32768,zr,23.5119304,30.7224163,3.37400007,0.26699999,20200126121655,651,0x3,0x1,20.1000004,25.5640068,0.0394757688,0.103455774,2.24415799e-05,30,1.08599997,3,1.0768646482506126,58874.121713,1.0768646482506126,16.319597199999997,16.319597199999997
380,651203100043542,112012262,2458874.6226114975,58874.1226273,16.2153969,0.0343091935,0,zr,23.5119448,30.7224254,3.13599992,0.207000002,20200126122616,651,0x3,0x1,20.4099998,25.8955536,0.0452827476,0.0970362648,2.92825443e-05,30,1.08899999,1,1.1853353596489422,58874.1226273,1.1853353596489422,16.215396899999995,16.215396899999995
381,651203100043542,112110458,2458875.6044740886,58875.1045833,16.4242744,0.0358544737,32769,zr,23.511941,30.7224236,2.14400005,0.0960000008,20200127104572,651,0x3,0x1,20.9200001,26.6516743,0.0531276762,0.103613243,4.07670559e-05,30,1.05599999,1,0.9778905291150279,58875.1045833,0.9778905291150279,16.424274399999995,16.424274399999995
382,651203100043542,112111653,2458875.6164290435,58875.1165394,16.4356575,0.0359462984,32769,zr,23.51191,30.722415,2.77800012,0.307000011,20200127116493,651,0x3,0x1,21.1700001,26.7622776,0.0815959796,0.0945612714,9.58463934e-05,30,1.08099997,3,0.9676916641847517,58875.1165394,0.9676916641847517,16.435657499999998,16.435657499999998
383,651203100043542,112212253,2458876.622328733,58876.1225347,16.5517464,0.036932379,32769,zr,23.5119463,30.7224456,2.23399997,0.338,20200128122164,651,0x3,0x1,21.1299992,26.989397,0.222191513,0.112489812,0.000725592952,30,1.102,3,0.8695637764820189,58876.1225347,0.8695637764820189,16.551746400000006,16.551746400000006
384,651203100043542,112312303,2458877.6227314644,58877.1230324,16.4764805,0.036282599,32769,zr,23.5119084,30.7224531,2.125,0.128999993,20200129122975,651,0x3,0x1,20.75,26.7110176,0.082910113,0.0989488214,0.000100127654,30,1.11099994,3,0.9319825909754503,58877.1230324,0.9319825909754503,16.4764805,16.4764805
385,651203100043542,112509333,2458879.592845839,58879.0933333,16.409584,0.0357371978,0,zr,23.5119037,30.7224521,2.76699996,0.243000001,20200131093322,651,0x3,0x1,20.2399998,26.3539944,0.0317706876,0.102638662,1.46326738e-05,30,1.05499995,1,0.9912116550488234,58879.0933333,0.9912116550488234,16.409584000000002,16.409584000000002
386,651203100043542,112615990,2458880.6593192457,58880.1599074,16.4197674,0.0358183458,32769,zr,23.5119244,30.7224063,2.34500003,0.111000001,20200201159896,651,0x3,0x1,20.3500004,26.6143532,0.0640719831,0.111355729,5.91157659e-05,30,1.28900003,3,0.9819582878834713,58880.1599074,0.9819582878834713,16.419767400000005,16.419767400000005
387,651203100043542,112616128,2458880.6606964134,58880.1612847,16.3506317,0.0352801867,0,zr,23.5118956,30.7224359,2.78900003,0.152999997,20200201161285,651,0x3,0x1,20.1900005,26.2950802,0.0402867347,0.105168886,2.32238563e-05,30,1.29700005,1,1.0465194878477073,58880.1612847,1.0465194878477073,16.3506317,16.3506317
388,651203100043542,112710017,2458881.599496985,58881.1001736,16.4139366,0.0357718021,32769,zr,23.5119315,30.7224251,2.34899998,0.219999999,20200202100174,651,0x3,0x1,20.5799999,26.6543331,0.0765528828,0.103826091,8.46004114e-05,30,1.08099997,1,0.9872459481887667,58881.1001736,0.9872459481887667,16.413936599999992,16.413936599999992
389,651203100043542,112711440,2458881.61373174,58881.1144097,16.4666824,0.0362008773,32769,zr,23.5119567,30.7224081,2.37299991,0.131999999,20200202114375,651,0x3,0x1,20.4500008,26.7061157,0.0794979259,0.0996818393,9.1018177e-05,30,1.11800003,3,0.940431223899381,58881.1144097,0.940431223899381,16.466682400000003,16.466682400000003
390,651203100043542,112813171,2458882.6309395484,58882.131713,16.3930588,0.0356069207,32769,zr,23.511918,30.7224309,2.28999996,0.152999997,20200203131667,651,0x3,0x1,20.4099998,26.6104774,0.055464495,0.101195127,4.44979523e-05,30,1.18499994,3,1.0064135608230904,58882.131713,1.0064135608230904,16.3930588,16.3930588
391,651203100043542,113014164,2458884.640682344,58884.1416435,16.2832565,0.0347834602,1,zr,23.5119454,30.7224199,0.730000019,0.00100000005,20200205141632,651,0x3,0x1,19.2999992,26.2937832,0.0448667333,0.0940679237,3.28666538e-05,30,1.25199997,3,1.1135184056460243,58884.1416435,1.1135184056460243,16.2832565,16.2832565
392,651203100043542,113014256,2458884.641608157,58884.1425694,16.327116,0.0351037979,0,zr,23.5119348,30.7224473,0.592999995,0.00300000003,20200205142558,651,0x3,0x1,19.5400009,26.262722,0.0436405912,0.105488464,2.7870743e-05,30,1.25699997,1,1.0694330462908843,58884.1425694,1.0694330462908843,16.327115999999997,16.327115999999997
393,651203100043542,113113902,2458885.637974026,58885.1390278,16.3757343,0.0354721658,0,zr,23.5119354,30.7224586,1.171,0.0469999984,20200206138981,651,0x3,0x1,19.7099991,26.1773701,0.0380697325,0.0963306427,2.09684695e-05,30,1.25300002,3,1.0226011575559009,58885.1390278,1.0226011575559009,16.375734299999998,16.375734299999998
394,651203100043542,113212508,2458886.623936041,58886.125081,16.3807144,0.0355107076,32768,zr,23.5119288,30.7224235,2.83699989,0.256999999,20200207125023,651,0x3,0x1,20.4099998,26.5753174,0.0579312295,0.102318101,4.83495096e-05,30,1.20200002,3,1.017921388901017,58886.125081,1.017921388901017,16.380714399999995,16.380714399999995
395,651203100043542,113310994,2458887.6087064664,58887.1099421,16.4185772,0.0358088277,32769,zr,23.5119405,30.7224143,2.84599996,0.289999992,20200208109931,651,0x3,0x1,20.6399994,26.7379513,0.0683652014,0.102630995,6.71251983e-05,30,1.15499997,1,0.9830353152230584,58887.1099421,0.9830353152230584,16.41857720000001,16.41857720000001
396,651203100043542,113311085,2458887.609620782,58887.1108565,16.3546257,0.035310477,32769,zr,23.5119292,30.7224436,2.89299989,0.284999996,20200208110845,651,0x3,0x1,20.6100006,26.6498775,0.0444745608,0.110241763,2.85058595e-05,30,1.15900004,3,1.0426768230183445,58887.1108565,1.0426768230183445,16.354625700000007,16.354625700000007
397,651203100043542,113711137,2458891.609777811,58891.1113773,16.4135628,0.0357688293,32769,zr,23.5119306,30.7224249,2.93499994,0.277999997,20200212111366,651,0x3,0x1,20.7900009,26.6211014,0.0482646897,0.0996570438,3.39722137e-05,30,1.20200002,3,0.9875858982307987,58891.1113773,0.9875858982307987,16.4135628,16.4135628
398,651203100043542,113711825,2458891.6166521874,58891.1182523,16.5039539,0.0365152135,32769,zr,23.5119381,30.7224161,2.66000009,0.254999995,20200212118252,651,0x3,0x1,20.7800007,26.7428379,0.0999986976,0.0975065306,0.000143541081,30,1.23199999,1,0.9086956310548749,58891.1182523,0.9086956310548749,16.503953899999992,16.503953899999992
399,651203100043542,113813795,2458892.636259865,58892.1379514,16.4704742,0.0362324193,32768,zr,23.5119456,30.7224268,3.63199997,0.505999982,20200213137801,651,0x3,0x1,20.8600006,26.6282463,0.0614430532,0.105862446,5.44336726e-05,30,1.352,3,0.9371526120589161,58892.1379514,0.9371526120589161,16.470474200000005,16.470474200000005
400,651203100043542,113912953,2458893.6282779803,58893.129537,16.5024452,0.0365023129,32769,zr,23.5119378,30.7224441,2.37700009,0.266000003,20200214129502,651,0x3,0x1,21.6700001,28.5351582,0.159916922,0.101543486,0.000364557898,120,1.31799996,2,0.9099591995392696,58893.129537,0.9099591995392696,16.502445200000004,16.502445200000004
401,651203100043542,114013079,2458894.6289301477,58894.1307986,16.3947201,0.0356199332,32769,zr,23.5119276,30.7224402,2.4059999,0.263000011,20200215130787,651,0x3,0x1,21.0499992,26.8382435,0.111604162,0.106307335,0.000178428018,30,1.34200001,3,1.0048748110302725,58894.1307986,1.0048748110302725,16.394720099999994,16.394720099999994
402,651203100043542,114013678,2458894.634913417,58894.1367824,16.4345741,0.0359375253,32769,zr,23.5119418,30.7224661,2.84599996,0.237000003,20200215136782,651,0x3,0x1,21.0300007,26.8022518,0.108239874,0.108331852,0.000166836209,30,1.38,1,0.9686577555696084,58894.1367824,0.9686577555696084,16.4345741,16.4345741
403,651203100043542,114111824,2458895.6162854913,58895.1182407,16.495285,0.0364412554,32769,zr,23.5119337,30.7224365,2.98699999,0.282999992,20200216118229,651,0x3,0x1,20.9500008,26.8679256,0.138980269,0.0856740326,0.000278515159,30,1.28600001,3,0.9159800186613828,58895.1182407,0.9159800186613828,16.495285000000003,16.495285000000003
404,651203100043542,114213375,2458896.631706199,58896.13375,16.4195709,0.0358167812,32768,zr,23.5119146,30.7224181,2.84800005,0.349000007,20200217133704,651,0x3,0x1,20.9599991,26.6191502,0.0549452826,0.103149995,4.27030463e-05,30,1.39600003,3,0.9821360219081537,58896.13375,0.9821360219081537,16.419570900000004,16.419570900000004
405,651203100043542,114511153,2458899.6092399983,58899.1115394,16.383091,0.035529159,32769,zr,23.5119428,30.7224361,2.52800012,0.30399999,20200220111528,651,0x3,0x1,20.8700008,26.6924877,0.043065127,0.0996827781,2.67124597e-05,30,1.30900002,3,1.0156956676136693,58899.1115394,1.0156956676136693,16.383091,16.383091
406,651203100043542,114615453,2458900.652149569,58900.154537,16.3466759,0.0352502875,0,zr,23.5119203,30.7224199,2.72600007,0.250999987,20200221154525,651,0x3,0x1,20.1000004,26.1350422,0.0520977713,0.0923120156,3.91805843e-05,30,1.67499995,3,1.0503393591086412,58900.154537,1.0503393591086412,16.3466759,16.3466759
407,651203100043542,114616108,2458900.658700012,58900.161088,16.3633518,0.0353769884,0,zr,23.5119165,30.7224268,2.19199991,0.159999996,20200221161088,651,0x3,0x1,19.75,25.9050007,0.0387249105,0.0974450782,2.16392255e-05,30,1.75199997,1,1.0343303780443813,58900.161088,1.0343303780443813,16.363351799999997,16.363351799999997
408,651203100043542,115111314,2458905.6103545777,58905.1131481,16.333046,0.0351479612,1,zr,23.51191,30.7224479,1.36099994,0.0130000003,20200226113137,651,0x3,0x1,19.7299995,26.2982864,0.0363580249,0.104139708,1.91242852e-05,30,1.42400002,1,1.0636080116395061,58905.1131481,1.0636080116395061,16.333046000000003,16.333046000000003
409,651203100043542,115915885,2458913.6554505434,58913.1588542,16.4140339,0.0357725807,0,zr,23.5119075,30.7224256,1.90600002,0.280000001,20200305158843,651,0x3,0x1,19.2800007,25.7448349,0.0508365221,0.103500634,4.42846213e-05,30,2.31500006,1,0.9871574785160896,58913.1588542,0.9871574785160896,16.4140339,16.4140339
410,651203100043542,124545951,2458999.9552151137,58999.4595139,16.3951759,0.0356235132,32768,zr,23.5121014,30.722373,0.819999993,0.173999995,20200530459502,651,0x3,0x1,18.5200005,25.7960854,0.160027325,0.066058211,0.000855228398,30,2.93300009,2,1.0044530457710479,58999.4595139,1.0044530457710479,16.395175900000005,16.395175900000005
411,651203100043542,124546355,2458999.959254638,58999.4635532,16.2234535,0.0343641825,0,zr,23.512044,30.7224309,0.73299998,-0.0,20200530463484,651,0x3,0x1,19.1700001,25.9909496,0.0605335161,0.110716142,6.4475782e-05,30,2.78999996,2,1.1765722469217086,58999.4635532,1.1765722469217086,16.223453499999998,16.223453499999998
412,651203100043542,124546844,2458999.9641508083,58999.4684491,16.2585526,0.0346078686,32768,zr,23.5119935,30.7223648,1.34500003,-0.0189999994,20200530468380,651,0x3,0x1,19.4300003,26.0640888,0.0841826051,0.0989018753,0.000112124289,30,2.63400006,2,1.1391448733924854,58999.4684491,1.1391448733924854,16.258552599999994,16.258552599999994
413,651203100043542,124547333,2458999.969035279,58999.4733333,16.1214218,0.0336927101,32769,zr,23.5119235,30.7224421,1.00399995,-0.00300000003,20200530473264,651,0x3,0x1,19.2199993,25.8446083,0.137300089,0.0944736823,0.000336149184,30,2.49600005,2,1.2925021672926928,58999.4733333,1.2925021672926928,16.1214218,16.1214218
414,651203100043542,124745819,2459001.9540051287,59001.4581944,16.3659706,0.0353970341,0,zr,23.5119398,30.7224186,2.08200002,0.264999986,20200601457766,651,0x3,0x1,20.0300007,25.864027,0.0461196303,0.103031047,3.04967725e-05,30,2.78699994,2,1.0318385754276909,59001.4581944,1.0318385754276909,16.365970600000004,16.365970600000004
415,651203100043542,124746215,2459001.957963755,59001.4621528,16.4166756,0.0357936434,32768,zr,23.5119465,30.7224403,2.27200007,0.135000005,20200601462060,651,0x3,0x1,19.8099995,25.6817989,0.0499567911,0.0980533734,3.60739468e-05,30,2.66000009,2,0.984758549577955,59001.4621528,0.984758549577955,16.416675599999998,16.416675599999998
416,651203100043542,124746706,2459001.9628714346,59001.4670602,16.5101261,0.0365681946,32768,zr,23.5119585,30.7224184,2.50600004,0.231000006,20200601467060,651,0x3,0x1,19.6599998,25.4134121,0.0607618578,0.0963476375,5.51943194e-05,30,2.51799989,2,0.903544527805266,59001.4670602,0.903544527805266,16.5101261,16.5101261
417,651203100043542,124747196,2459001.9677791167,59001.4719676,16.3948135,0.0356206708,32768,zr,23.511927,30.7224388,3.26200008,0.294999987,20200601471968,651,0x3,0x1,19.9799995,25.9008408,0.0427805781,0.0985319167,2.63806214e-05,30,2.3900001,2,1.0047883708156673,59001.4719676,1.0047883708156673,16.394813500000005,16.394813500000005
418,651203100043542,125146479,2459005.960836612,59005.4647917,16.8098373,0.0394882448,32768,zr,23.5118331,30.7224037,0.405000001,-0.0500000007,20200605464792,651,0x3,0x1,17.6499996,25.2621307,0.31697455,-0.0206844285,0.00921970792,30,2.30200005,2,0.6855909560943536,59005.4647917,0.6855909560943536,16.809837300000005,16.809837300000005
419,651203100043542,125146964,2459005.965686404,59005.4696412,16.4114113,0.0357517153,32768,zr,23.5119649,30.7224098,1.31200004,0.0799999982,20200605469641,651,0x3,0x1,19.2800007,26.0949707,0.0682150498,0.0947313234,7.72791755e-05,30,2.19700003,2,0.9895448434055183,59005.4696412,0.9895448434055183,16.411411300000005,16.411411300000005
420,651203100043542,125147449,2459005.9705362073,59005.4744907,16.4653282,0.0361896306,32768,zr,23.5119162,30.7224219,2.55699992,0.216000006,20200605474479,651,0x3,0x1,19.5699997,26.181982,0.0604036264,0.0910828337,5.45304465e-05,30,2.102,2,0.9416049219888483,59005.4744907,0.9416049219888483,16.465328199999995,16.465328199999995
421,651203100043542,125546075,2459009.9570493265,59009.4607523,16.2988663,0.0348961912,0,zr,23.5119731,30.7224349,1.03799999,-0.0,20200609460752,651,0x3,0x1,19.2299995,26.244875,0.0537535362,0.107311197,5.03755e-05,30,2.1559999,2,1.0976237106313191,59009.4607523,1.0976237106313191,16.298866300000007,16.298866300000007
422,651203100043542,125546579,2459009.9620959614,59009.4657986,16.3632622,0.0353762992,1,zr,23.5119769,30.7224398,1.47099996,0.0189999994,20200609465799,651,0x3,0x1,19.6200008,26.3793926,0.0529114828,0.103148624,4.08329761e-05,30,2.06100011,2,1.034415739318691,59009.4657986,1.034415739318691,16.3632622,16.3632622
423,651203100043542,125547085,2459009.967154199,59009.4708565,16.3574333,0.0353318267,0,zr,23.5119554,30.7224049,2.48600006,0.112000003,20200609470856,651,0x3,0x1,19.8799992,26.2775135,0.0420402177,0.0963652879,2.51026577e-05,30,1.97500002,2,1.0399840531760691,59009.4708565,1.0399840531760691,16.357433300000004,16.357433300000004
424,651203100043542,125547590,2459009.9722008356,59009.4759028,16.3193035,0.0350459144,32768,zr,23.5119278,30.7224588,1.26499999,0.00999999978,20200609475891,651,0x3,0x1,19.3700008,26.3432732,0.0735872164,0.118449636,8.05312229e-05,30,1.89600003,2,1.0771559878293184,59009.4759028,1.0771559878293184,16.319303499999997,16.319303499999997
425,651203100043542,125946342,2459013.9599930267,59013.4634259,16.390461,0.0355865881,1,zr,23.5119464,30.7224548,1.421,0.0270000007,20200613463345,651,0x3,0x1,20.0699997,26.4475536,0.0624947175,0.10331028,5.70448065e-05,30,1.91999996,2,1.008824451603098,59013.4634259,1.008824451603098,16.390460999999995,16.390460999999995
426,651203100043542,125946837,2459013.964947075,59013.4683796,16.4246254,0.0358572975,32769,zr,23.5119709,30.7224304,1.65999997,0.064000003,20200613468299,651,0x3,0x1,20.1900005,26.599781,0.0468480624,0.0911277831,3.18925413e-05,30,1.847,2,0.9775744448779452,59013.4683796,0.9775744448779452,16.424625400000004,16.424625400000004
427,651203100043542,125947333,2459013.9699011254,59013.4733333,16.3943176,0.0356167816,1,zr,23.5119608,30.7224262,1.49100006,0.050999999,20200613473252,651,0x3,0x1,20.0400009,26.5234146,0.0314108022,0.108362906,1.43943644e-05,30,1.78100002,2,1.0052474034604197,59013.4733333,1.0052474034604197,16.3943176,16.3943176
428,651203100043542,125947828,2459013.974855176,59013.478287,16.3969669,0.0356375724,1,zr,23.5119466,30.7224342,2.52200007,0.108000003,20200613478206,651,0x3,0x1,19.8600006,26.5090466,0.0367291272,0.0973964632,1.96785986e-05,30,1.72000003,2,1.0027974940422517,59013.478287,1.0027974940422517,16.396966900000002,16.396966900000002
429,651203100043542,128239053,2459036.8889202843,59036.3905324,16.4406853,0.0359871313,0,zr,23.5119386,30.7224574,3.00399995,0.162,20200706390532,651,0x3,0x1,19.9300003,26.2305183,0.0425648689,0.0868479013,2.61570549e-05,30,2.08899999,1,0.9632208615139368,59036.3905324,0.9632208615139368,16.440685300000005,16.440685300000005
430,651203100043542,128546002,2459039.958680992,59039.4600231,16.4230461,0.0358446166,32769,zr,23.5119362,30.7224371,1.91499996,0.0979999974,20200709459988,651,0x3,0x1,20.4099998,26.6139107,0.042033352,0.0943489522,2.57035517e-05,30,1.29200006,1,0.9789974486578215,59039.4600231,0.9789974486578215,16.4230461,16.4230461
431,651203100043542,128847417,2459042.973105133,59042.4741782,16.4606094,0.0361505374,32768,zr,23.5119172,30.7224357,2.73799992,0.323000014,20200712474178,651,0x3,0x1,20.9200001,26.8444691,0.10083922,0.0871657804,0.00014611012,30,1.18799996,1,0.9457062081498707,59042.4741782,0.9457062081498707,16.460609400000003,16.460609400000003
432,651203100043542,129443005,2459048.929525301,59048.4300579,16.4407673,0.0359877907,32768,zr,23.511935,30.7224427,3.02900004,0.32100001,20200718430058,651,0x3,0x1,21.3199997,26.8483868,0.0844220966,0.0944925025,0.000101584308,30,1.32200003,3,0.9631481172066784,59048.4300579,0.9631481172066784,16.440767299999997,16.440767299999997
433,651203100043542,129443288,2459048.9323495612,59048.4328819,16.5566368,0.0369759873,32768,zr,23.5119449,30.7224312,2.67600012,0.272000015,20200718432882,651,0x3,0x1,21.3700008,27.0264721,0.183113977,0.0850096419,0.000475963578,30,1.30599999,1,0.8656558733507199,59048.4328819,0.8656558733507199,16.5566368,16.5566368
434,651203100043542,129541655,2459049.916108666,59049.4165509,16.4748116,0.0362686329,32768,zr,23.511939,30.7224134,2.99699998,0.409999996,20200719416458,651,0x3,0x1,21.2800007,26.8356953,0.106413886,0.0947191119,0.000162532393,30,1.38999999,1,0.933416255759176,59049.4165509,0.933416255759176,16.474811600000002,16.474811600000002
435,651203100043542,129543033,2459049.9298946406,59049.4303356,16.4757843,0.0362767689,32768,zr,23.5119445,30.7224418,2.8900001,0.319999993,20200719430324,651,0x3,0x1,21.4099998,26.9785709,0.131941363,0.0915712193,0.000248661236,30,1.30499995,3,0.9325803921257949,59049.4303356,0.9325803921257949,16.475784300000008,16.475784300000008
436,651203100043542,129543126,2459049.9308207287,59049.4312616,16.5261841,0.0367072523,32768,zr,23.5119254,30.7224126,3.204,0.335000008,20200719431262,651,0x3,0x1,21.3799992,27.0180912,0.150778234,0.0950023532,0.000323189888,30,1.29999995,1,0.8902794729005826,59049.4312616,0.8902794729005826,16.526184100000002,16.526184100000002
437,651203100043542,129646386,2459050.963519638,59050.4638657,16.5041008,0.0365164727,32769,zr,23.5119332,30.7224311,2.97600007,0.326999992,20200720463866,651,0x3,0x1,21.3700008,26.9240894,0.137450919,0.0793503374,0.000271589059,30,1.14699996,3,0.9085726929437453,59050.4638657,0.9085726929437453,16.504100799999996,16.504100799999996
438,651203100043542,129647133,2459050.9709856296,59050.471331,16.4945812,0.0364352837,32769,zr,23.5119292,30.7224088,2.5769999,0.326999992,20200720471319,651,0x3,0x1,21.3199997,26.9005165,0.128778204,0.0857914686,0.000239099812,30,1.12300003,1,0.9165739711551953,59050.471331,0.9165739711551953,16.494581199999992,16.494581199999992
439,651203100043542,129743506,2459051.934812613,59051.4350694,16.5121536,0.0365856513,32769,zr,23.511932,30.7224222,2.92799997,0.136000007,20200721435069,651,0x3,0x1,21.1299992,26.8140984,0.0985880196,0.0858167037,0.000140080461,30,1.25199997,3,0.9018588263334211,59051.4350694,0.9018588263334211,16.512153599999998,16.512153599999998
440,651203100043542,129743600,2459051.935750199,59051.4360069,16.4184952,0.0358081721,32769,zr,23.5119448,30.7224235,2.3670001,0.27700001,20200721436007,651,0x3,0x1,21.2900009,26.7592506,0.058656998,0.0952858478,4.96466491e-05,30,1.24699998,1,0.9831095615635271,59051.4360069,0.9831095615635271,16.418495200000002,16.418495200000002
441,651203100043542,129842776,2459052.927600795,59052.4277662,16.5171833,0.0366290845,32768,zr,23.5119534,30.7224055,2.71300006,0.240999997,20200722427766,651,0x3,0x1,21.4200001,26.9660568,0.152719915,0.0881528407,0.00033359864,30,1.27499998,3,0.8976906050157347,59052.4277662,0.8976906050157347,16.517183299999992,16.517183299999992
442,651203100043542,129842870,2459052.928538383,59052.4287037,16.4339218,0.0359322429,32768,zr,23.5119406,30.7224109,2.90700006,0.26699999,20200722428704,651,0x3,0x1,21.3199997,26.8236141,0.0853378847,0.0955646336,0.000105211591,30,1.26999998,1,0.9692398908024394,59052.4287037,0.9692398908024394,16.4339218,16.4339218
443,651203100043542,129946413,2459053.9640620262,59053.4641319,16.4722404,0.0362471528,32769,zr,23.5119455,30.7224303,2.48799992,0.275999993,20200723464132,651,0x3,0x1,21.4300003,26.91325,0.0868778005,0.0864774659,0.000108425695,30,1.12,3,0.9356293567923766,59053.4641319,0.9356293567923766,16.472240399999997,16.472240399999997
444,651203100043542,129946768,2459053.967615657,59053.4676852,16.4817047,0.0363264307,32769,zr,23.5119375,30.7224276,2.50699997,0.263999999,20200723467558,651,0x3,0x1,21.4899998,26.9737511,0.134346545,0.0820776671,0.000260271365,30,1.11000001,1,0.9275089734218197,59053.4676852,0.9275089734218197,16.4817047,16.4817047
445,651203100043542,130043142,2459054.9314429075,59054.4314236,16.5505333,0.0369215943,32769,zr,23.5119391,30.7224424,2.49499989,0.330000013,20200724431424,651,0x3,0x1,21.4300003,27.0517635,0.17792587,0.101978205,0.000458897877,30,1.23099995,3,0.8705358886188717,59054.4314236,0.8705358886188717,16.550533300000005,16.550533300000005
446,651203100043542,130043236,2459054.9323804947,59054.4323611,16.4632492,0.03617239,32769,zr,23.5119406,30.7224359,2.58800006,0.252999991,20200724432361,651,0x3,0x1,21.3099995,26.8502884,0.0881997198,0.100448295,0.000113547845,30,1.22599995,1,0.943409662452713,59054.4323611,0.943409662452713,16.4632492,16.4632492
447,651203100043542,130146901,2459055.969131257,59055.4690162,16.4730034,0.0362535194,32769,zr,23.5119348,30.7224153,2.70300007,0.291000009,20200725469005,651,0x3,0x1,21.5,26.9440708,0.127465725,0.0868026912,0.000233948464,30,1.09200001,3,0.9349720752042547,59055.4690162,0.9349720752042547,16.473003400000003,16.473003400000003
448,651203100043542,130146994,2459055.970057244,59055.4699421,16.5172043,0.0366292633,32769,zr,23.5119235,30.7224127,3.31399989,0.372999996,20200725469942,651,0x3,0x1,21.4599991,27.0003548,0.136720046,0.0761704445,0.000269453187,30,1.09000003,1,0.8976732423079989,59055.4699421,0.8976732423079989,16.517204299999996,16.517204299999996
449,651203100043542,130149331,2459055.9934275076,59055.4933102,16.4347954,0.0359393172,32769,zr,23.5119471,30.7224304,2.96499991,0.344999999,20200725493310,651,0x3,0x1,21.25,26.8948059,0.141881734,0.0919428244,0.000290710828,30,1.04299998,1,0.9684603391847554,59055.4933102,0.9684603391847554,16.434795400000006,16.434795400000006
450,651203100043542,130246708,2459056.967290441,59056.4670833,16.4417763,0.0359960049,32769,zr,23.5119413,30.7224136,2.74799991,0.263999999,20200726467083,651,0x3,0x1,21.5200005,26.9517517,0.142696127,0.0852230415,0.000291824254,30,1.09000003,3,0.9622534569567828,59056.4670833,0.9622534569567828,16.441776300000008,16.441776300000008
451,651203100043542,130246851,2459056.9687257735,59056.4685185,16.5444374,0.0368675329,32769,zr,23.5119333,30.7224483,2.8499999,0.245000005,20200726468484,651,0x3,0x1,21.5499992,27.0896225,0.193514153,0.0837850124,0.000535942847,30,1.08700001,1,0.875437286339476,59056.4685185,0.875437286339476,16.5444374,16.5444374
452,651203100043542,130248537,2459056.985579237,59056.4853704,16.4965534,0.0364520513,32769,zr,23.5119368,30.7224159,2.87800002,0.272000015,20200726485370,651,0x3,0x1,21.4599991,26.957634,0.170187071,0.0843359306,0.000415388669,30,1.05200005,1,0.9149105593696696,59056.4853704,0.9149105593696696,16.496553400000003,16.496553400000003
453,651203100043542,130347104,2459057.9713414535,59057.4710417,16.5044556,0.0365195163,32769,zr,23.5119396,30.722427,2.64499998,0.345999986,20200727471030,651,0x3,0x1,21.4099998,26.9435596,0.126034632,0.0909440517,0.00022897734,30,1.07500005,1,0.9082758354523487,59057.4710417,0.9082758354523487,16.504455599999993,16.504455599999993
454,651203100043542,130347196,2459057.972267439,59057.4719676,16.4826679,0.036334537,32769,zr,23.5119342,30.7224365,2.43799996,0.310000002,20200727471968,651,0x3,0x1,21.4500008,26.9677238,0.144480824,0.0860060528,0.000300244079,30,1.07299995,3,0.9266865080003178,59057.4719676,0.9266865080003178,16.482667900000003,16.482667900000003
455,651203100043542,130546684,2459059.967323994,59059.4668403,16.4780369,0.0362956338,32769,zr,23.511936,30.7224412,2.45000005,0.331999987,20200729466817,651,0x3,0x1,21.4899998,26.974081,0.143171802,0.0945355892,0.000292635261,30,1.07200003,3,0.9306475534922604,59059.4668403,0.9306475534922604,16.4780369,16.4780369
456,651203100043542,130546777,2459059.968261581,59059.4677778,16.4719429,0.0362446606,32769,zr,23.5119406,30.7224327,2.71199989,0.305999994,20200729467778,651,0x3,0x1,21.4200001,26.930975,0.113273576,0.0895234123,0.000185044802,30,1.07000005,1,0.9358857614981306,59059.4677778,0.9358857614981306,16.471942899999995,16.471942899999995
457,651203100043542,130644670,2459060.9472752684,59060.4467014,16.446022,0.036030639,32769,zr,23.5119174,30.7224052,2.87899995,0.294999987,20200730446701,651,0x3,0x1,21.5499992,26.9508171,0.127717212,0.084772937,0.000233128318,30,1.11500001,3,0.9584979756851596,59060.4467014,0.9584979756851596,16.446021999999992,16.446021999999992
458,651203100043542,130644762,2459060.9482012503,59060.4476273,16.5852165,0.037234284,32769,zr,23.5119526,30.7224219,2.23000002,0.448000014,20200730447627,651,0x3,0x1,21.4899998,27.0382652,0.173040256,0.0940908268,0.000428558444,30,1.11300004,1,0.8431666103158578,59060.4476273,0.8431666103158578,16.585216499999994,16.585216499999994
459,651203100043542,130738178,2459061.882442175,59061.3817824,16.4938831,0.0364293456,32769,zr,23.5119,30.7224133,3.4690001,0.453999996,20200731381759,651,0x3,0x1,20.8400002,26.7070694,0.0727303028,0.0999443084,7.70006882e-05,30,1.40400004,1,0.9171634937641573,59061.3817824,0.9171634937641573,16.493883099999998,16.493883099999998
460,651203100043542,130743991,2459061.9405841534,59061.439919,16.4551201,0.0361052528,32769,zr,23.5119477,30.7224492,2.52900004,0.252999991,20200731439907,651,0x3,0x1,21.2399998,26.7891254,0.0667588338,0.08961422,6.43557432e-05,30,1.12699997,3,0.9504996471934011,59061.439919,0.9504996471934011,16.455120099999995,16.455120099999995
461,651203100043542,130847740,2459062.978167783,59062.4774074,16.4810638,0.0363210514,32769,zr,23.5119384,30.7224303,2.69499993,0.338999987,20200801477396,651,0x3,0x1,21.3500004,26.9090977,0.133077309,0.087105535,0.000256909872,30,1.03799999,1,0.9280566349802502,59062.4774074,0.9280566349802502,16.48106380000001,16.48106380000001
462,651203100043542,130847834,2459062.9791053706,59062.4783449,16.3791351,0.0354984738,32769,zr,23.511929,30.7224216,3.27099991,0.356999993,20200801478345,651,0x3,0x1,21.2900009,26.761961,0.0466073677,0.0940625146,3.17734521e-05,30,1.03600001,3,1.01940312360838,59062.4783449,1.01940312360838,16.379135100000006,16.379135100000006
463,651203100043542,130940421,2459063.9050582377,59063.404213,16.4120274,0.0357566141,0,zr,23.5119754,30.7224472,2.29200006,0.165000007,20200802404213,651,0x3,0x1,20.3400002,26.5556908,0.0384291597,0.104928464,2.12069535e-05,30,1.24300003,1,0.9889834863899245,59063.404213,0.9889834863899245,16.412027399999992,16.412027399999992
464,651203100043542,130941188,2459063.9127325495,59063.4118866,16.4688511,0.0362189077,32768,zr,23.511944,30.7224181,2.41700006,0.187000006,20200802411887,651,0x3,0x1,20.4899998,26.7515202,0.0735002905,0.0815766454,7.78139365e-05,30,1.20899999,3,0.9385546376414972,59063.4118866,0.9385546376414972,16.468851100000002,16.468851100000002
465,651203100043542,131037481,2459064.8757487545,59064.3748148,16.3689308,0.0354197584,0,zr,23.5119179,30.7224294,2.65300012,0.0799999982,20200803374734,651,0x3,0x1,19.8299999,26.4816856,0.0472293422,0.090698801,3.21953485e-05,30,1.39499998,1,1.0290291559514646,59064.3748148,1.0290291559514646,16.368930800000008,16.368930800000008
466,651203100043542,131044644,2459064.9473873456,59064.4464468,16.4082127,0.0357263274,32768,zr,23.5119431,30.7224064,2.75099993,0.196999997,20200803446447,651,0x3,0x1,20.4200001,26.6659756,0.0589794032,0.091762498,5.0280436e-05,30,1.08700001,1,0.9924643601470337,59064.4464468,0.9924643601470337,16.4082127,16.4082127
467,651203100043542,131044843,2459064.949378228,59064.4484375,16.4112091,0.0357501023,32768,zr,23.5119372,30.7224225,2.28699994,0.275999993,20200803448310,651,0x3,0x1,20.3700008,26.6299915,0.0277027283,0.097009778,1.12518701e-05,30,1.08299994,3,0.9897291465529451,59064.4484375,0.9897291465529451,16.4112091,16.4112091
468,651203100043542,131138793,2459065.8889661627,59065.3879398,16.3913574,0.0355935954,32769,zr,23.512021,30.7224713,1.69400001,0.00999999978,20200804387940,651,0x3,0x1,19.7900009,26.556675,0.0685617253,0.104356408,6.75046613e-05,30,1.29799998,1,1.007991894826261,59065.3879398,1.007991894826261,16.391357399999997,16.391357399999997
469,651203100043542,131145056,2459065.951599215,59065.4505671,16.4022942,0.0356795155,32769,zr,23.5119474,30.7224431,2.68600011,0.197999999,20200804450556,651,0x3,0x1,20.2800007,26.6164608,0.0562339388,0.104241952,4.56567141e-05,30,1.07200003,1,0.997889194601452,59065.4505671,0.997889194601452,16.402294199999993,16.402294199999993
470,651203100043542,131145149,2459065.952525299,59065.4514931,16.4033794,0.0356880799,32769,zr,23.511951,30.7224519,2.55200005,0.256999999,20200804451493,651,0x3,0x1,20.3799992,26.7075481,0.0411985777,0.103136823,2.42591195e-05,30,1.07000005,3,0.9968922965131033,59065.4514931,0.9968922965131033,16.4033794,16.4033794
471,651203100043542,131246531,2459066.966436915,59066.4653125,16.3535671,0.0353024453,1,zr,23.5119307,30.7224165,2.99399996,0.333999991,20200805465312,651,0x3,0x1,20.5200005,26.5817032,0.0627367347,0.101673476,5.71887285e-05,30,1.03900003,1,1.0436939356007746,59066.4653125,1.0436939356007746,16.3535671,16.3535671
472,651203100043542,131246624,2459066.9673744994,59066.46625,16.4121017,0.0357572027,32769,zr,23.511931,30.7224454,2.26600003,0.179000005,20200805466250,651,0x3,0x1,20.3600006,26.6973495,0.0317735225,0.095584549,1.46652774e-05,30,1.03799999,3,0.9889158097678208,59066.46625,0.9889158097678208,16.4121017,16.4121017
473,651203100043542,131247918,2459066.980315479,59066.4791898,16.355587,0.0353177786,32769,zr,23.5119343,30.7224183,3.15400004,0.324000001,20200805479178,651,0x3,0x1,20.5599995,26.6307049,0.0450087525,0.0955436826,2.92817949e-05,30,1.02100003,1,1.041754055929867,59066.4791898,1.041754055929867,16.355587000000007,16.355587000000007
474,651203100043542,131344841,2459067.949627961,59067.4484144,16.4115524,0.0357528329,32769,zr,23.5119356,30.7224248,2.63000011,0.273000002,20200806448414,651,0x3,0x1,20.5900002,26.7009411,0.054132618,0.0988829881,4.29987413e-05,30,1.06500006,1,0.9894162525889745,59067.4484144,0.9894162525889745,16.411552399999998,16.411552399999998
475,651203100043542,131344935,2459067.9505655444,59067.4493519,16.42276,0.0358423218,32769,zr,23.5119498,30.7224282,2.62899995,0.194000006,20200806449352,651,0x3,0x1,20.6399994,26.7371693,0.039462436,0.0898384899,2.2664166e-05,30,1.06299996,3,0.9792554561509734,59067.4493519,0.9792554561509734,16.422760000000004,16.422760000000004
476,651203100043542,131441462,2459068.915930487,59068.4146296,16.4771366,0.0362880901,32769,zr,23.5119739,30.7224527,2.66799998,0.282000005,20200807414630,651,0x3,0x1,20.6299992,26.7136631,0.0534165241,0.105591893,4.17776791e-05,30,1.14699996,1,0.9314195729434521,59068.4146296,0.9314195729434521,16.4771366,16.4771366
477,651203100043542,131443189,2459068.933200558,59068.4318981,16.4234257,0.0358476602,32769,zr,23.5119353,30.7224587,2.58299994,0.279000014,20200807431898,651,0x3,0x1,20.6700001,26.7848454,0.0614614487,0.108285666,5.53122482e-05,30,1.09599996,3,0.9786552269722744,59068.4318981,0.9786552269722744,16.423425700000003,16.423425700000003
478,651203100043542,131542874,2459069.9301422643,59069.42875,16.4674511,0.036207255,32769,zr,23.5119387,30.7224385,2.72600007,0.38499999,20200808428738,651,0x3,0x1,20.9099998,26.8188992,0.0748741999,0.100609601,8.10847196e-05,30,1.097,1,0.9397656353066143,59069.42875,0.9397656353066143,16.467451099999998,16.467451099999998
479,651203100043542,131543909,2459069.9404904023,59069.4390972,16.4678707,0.0362107418,32769,zr,23.5118977,30.7224525,3.32500005,0.248999998,20200808438912,651,0x3,0x1,20.9799995,26.8343468,0.0879555196,0.103240602,0.000112812355,30,1.07299995,3,0.9394025181222064,59069.4390972,0.9394025181222064,16.4678707,16.4678707
480,651203100043542,131738370,2459071.885271057,59071.3837037,16.43433,0.0359355435,32769,zr,23.5119383,30.7224555,2.69199991,0.224999994,20200810383704,651,0x3,0x1,20.7399998,26.7075825,0.0666572824,0.107042558,6.51325245e-05,30,1.23699999,3,0.9688755579592608,59071.3837037,0.9688755579592608,16.434329999999996,16.434329999999996
481,651203100043542,131847464,2459072.9763056953,59072.4746412,16.4916382,0.0364102982,32769,zr,23.5119118,30.7224315,2.9849999,0.404000014,20200811474630,651,0x3,0x1,21.1700001,26.960947,0.174967751,0.095330447,0.000440013187,30,1.00999999,3,0.9190618097165837,59072.4746412,0.9190618097165837,16.491638200000004,16.491638200000004
482,651203100043542,131850652,2459073.008195128,59072.5065278,16.4482079,0.0360485204,32769,zr,23.5119331,30.722402,3.71199989,0.277999997,20200811506516,651,0x3,0x1,20.6000004,26.7704582,0.0776140913,0.102475993,8.70405202e-05,30,1.0,1,0.9565701841745188,59072.5065278,0.9565701841745188,16.448207899999993,16.448207899999993
483,651203100043542,131946693,2459073.9686852754,59073.4669329,16.4413376,0.0359924324,32769,zr,23.5119255,30.722425,2.63599992,0.279000014,20200812466933,651,0x3,0x1,21.2800007,27.0452576,0.179515898,0.0740172118,0.000467601465,30,1.01400006,3,0.962642341370672,59073.4669329,0.962642341370672,16.441337600000004,16.441337600000004
484,651203100043542,131946787,2459073.96962286,59073.4678704,16.4002113,0.0356630981,32769,zr,23.5119178,30.7224036,3.18600011,0.300999999,20200812467870,651,0x3,0x1,21.25,26.8890362,0.12446858,0.0896911696,0.000225555254,30,1.01300001,1,0.9998054044441086,59073.4678704,0.9998054044441086,16.400211300000002,16.400211300000002
485,651203100043542,132039758,2459074.8994153724,59074.397581,16.340765,0.0352057703,1,zr,23.5119303,30.7224523,3.15899992,0.282999992,20200813397581,651,0x3,0x1,20.5900002,26.1508198,0.0565738976,0.11020796,4.65763151e-05,30,1.14900005,3,1.0560731473335303,59074.397581,1.0560731473335303,16.340764999999998,16.340764999999998
486,651203100043542,132042701,2459074.9288508776,59074.4270139,16.403244,0.0356870182,32768,zr,23.5119406,30.7224166,3.61400008,0.379000008,20200813427014,651,0x3,0x1,19.5699997,24.9239693,0.0805577934,0.0877896845,0.000106849388,30,1.07000005,1,0.9970166247184298,59074.4270139,0.9970166247184298,16.403243999999994,16.403243999999994
487,651203100043542,132147335,2459075.9752852176,59075.4733565,16.4598198,0.0361440107,32769,zr,23.5119563,30.7224451,2.14199996,0.185000002,20200814472951,651,0x3,0x1,21.2299995,26.7917309,0.0670812726,0.092984736,6.46570697e-05,30,1.00600004,3,0.9463942216963585,59075.4733565,0.9463942216963585,16.4598198,16.4598198
488,651203100043542,132240336,2459076.9053778723,59076.4033681,16.4634342,0.0361739211,32768,zr,23.5119288,30.7224332,3.12400007,0.207000002,20200815403368,651,0x3,0x1,20.9599991,26.7262211,0.102722563,0.0902470648,0.000151674714,30,1.11399996,1,0.943248927351154,59076.4033681,0.943248927351154,16.463434200000002,16.463434200000002
489,651203100043542,132242841,2459076.9304263615,59076.4284144,16.4960976,0.0364481732,32768,zr,23.5119494,30.7224095,2.95099998,0.270000011,20200815428414,651,0x3,0x1,21.3099995,26.8497467,0.133071899,0.0922519788,0.000252876256,30,1.05599999,3,0.915294726146653,59076.4284144,0.915294726146653,16.496097600000006,16.496097600000006
490,651203100043542,132243420,2459076.9362138654,59076.4342014,16.4979286,0.0364637598,32768,zr,23.511952,30.7224416,2.1170001,0.163000003,20200815434167,651,0x3,0x1,20.9799995,26.7255478,0.111099869,0.0954633355,0.000175218127,30,1.046,1,0.9137524617399662,59076.4342014,0.9137524617399662,16.4979286,16.4979286
491,651203100043542,132344163,2459077.943731673,59077.4416319,16.4079819,0.0357244946,32768,zr,23.511928,30.7224333,2.9230001,0.280999988,20200816441632,651,0x3,0x1,21.5,26.8895741,0.0995350182,0.0891552567,0.000142331482,30,1.02999997,3,0.9926753553420925,59077.4416319,0.9926753553420925,16.407981900000003,16.407981900000003
492,651203100043542,132346295,2459077.965053019,59077.4629514,16.3826523,0.0355257504,32769,zr,23.5119491,30.7224114,2.89599991,0.239999995,20200816462951,651,0x3,0x1,21.4200001,26.7273026,0.0572608635,0.0933925509,4.72001484e-05,30,1.00899994,1,1.016106150123796,59077.4629514,1.016106150123796,16.382652299999997,16.382652299999997
493,651203100043542,132541298,2459079.915255064,59079.4129861,16.595089,0.0373249166,32768,zr,23.5119707,30.7224377,3.16700006,0.395999998,20200818412975,651,0x3,0x1,21.5,26.9843502,0.192688733,0.0947808996,0.000539238041,30,1.07000005,1,0.8355345249634504,59079.4129861,0.8355345249634504,16.595088999999994,16.595088999999994
494,651203100043542,132542812,2459079.930395264,59079.428125,16.5067825,0.0365394615,32768,zr,23.5119235,30.7224478,2.65799999,0.268999994,20200818428125,651,0x3,0x1,21.3899994,26.9425945,0.159838974,0.0934166238,0.000364671752,30,1.04200006,1,0.9063313447864497,59079.428125,0.9063313447864497,16.506782500000007,16.506782500000007
495,651203100043542,132542956,2459079.9318305873,59079.4295602,16.4635754,0.0361750871,32768,zr,23.5119174,30.7224514,2.8499999,0.287999988,20200818429525,651,0x3,0x1,21.4200001,26.8822861,0.141992599,0.0934490189,0.000288662821,30,1.03999996,3,0.9431262657986809,59079.4295602,0.9431262657986809,16.463575400000003,16.463575400000003
496,651203100043542,132648223,2459080.9845935944,59080.4822338,16.5096207,0.0365638435,32769,zr,23.5119487,30.7224532,2.0539999,0.211999997,20200819482222,651,0x3,0x1,21.3199997,26.9147148,0.164670125,0.0896454304,0.000403421902,30,1.0,3,0.9039652171976933,59080.4822338,0.9039652171976933,16.509620699999992,16.509620699999992
497,651203100043542,132738663,2459081.889067922,59081.3866319,16.3803139,0.0355076008,32769,zr,23.5119316,30.7224223,2.68000007,0.257999986,20200820386632,651,0x3,0x1,21.0699997,26.5584583,0.0333135016,0.100381963,1.6074413e-05,30,1.12300003,1,1.0182969430315312,59081.3866319,1.0182969430315312,16.380313899999997,16.380313899999997
498,651203100043542,132744962,2459081.9520709375,59081.4496296,16.3861275,0.0355527773,32768,zr,23.5119327,30.7224417,2.26399994,0.230000004,20200820449618,651,0x3,0x1,21.3999996,26.7737026,0.103810675,0.0948258415,0.000154213369,30,1.00999999,3,1.0128590198779295,59081.4496296,1.0128590198779295,16.386127500000008,16.386127500000008
499,651203100043542,132847765,2459082.980177823,59082.4776505,16.3880863,0.0355680473,1,zr,23.5119621,30.7224015,2.62400007,0.057,20200821477639,651,0x3,0x1,20.6399994,26.372942,0.034284912,0.0969901085,1.7125356e-05,30,1.0,3,1.0110333465354289,59082.4776505,1.0110333465354289,16.388086300000005,16.388086300000005
500,651203100043542,132847900,2459082.9815320354,59082.4790046,16.4455662,0.0360269174,32769,zr,23.5119448,30.7224292,1.96000004,0.129999995,20200821478970,651,0x3,0x1,21.0900002,26.6205235,0.0554169603,0.10334646,4.50986008e-05,30,1.0,1,0.9589004446197381,59082.4790046,0.9589004446197381,16.445566199999995,16.445566199999995
501,651203100043542,132850887,2459083.01140722,59082.5088773,16.4772091,0.0362886973,32768,zr,23.5119449,30.7224187,2.60400009,0.347000003,20200821508877,651,0x3,0x1,21.1000004,26.7331219,0.141746551,0.106912188,0.000288677227,30,1.01699996,1,0.9313573795080591,59082.5088773,0.9313573795080591,16.477209100000003,16.477209100000003
502,651203100043542,133048729,2459084.989985003,59084.4872917,16.5111485,0.0365769863,32769,zr,23.5119484,30.7224201,3.40100002,0.340999991,20200823487257,651,0x3,0x1,21.3400002,26.9611511,0.16462779,0.0933432505,0.000392098824,30,1.005,3,0.9026940918429294,59084.4872917,0.9026940918429294,16.511148499999997,16.511148499999997
503,651203100043542,133050937,2459085.0120701073,59084.509375,16.4499073,0.0360624418,32769,zr,23.5119355,30.7224165,3.52800012,0.360000014,20200823509375,651,0x3,0x1,21.2299995,26.8678684,0.113744967,0.0950131118,0.000187750164,30,1.023,1,0.9550741266311044,59084.509375,0.9550741266311044,16.4499073,16.4499073
504,651203100043542,133146686,2459085.9696365525,59085.4668634,16.4848843,0.0363532044,32769,zr,23.5119344,30.7224345,2.93400002,0.284000009,20200824466829,651,0x3,0x1,21.6000004,27.0609074,0.206019789,0.0830684751,0.000607384078,30,1.0,1,0.9247967183903207,59085.4668634,0.9247967183903207,16.484884299999997,16.484884299999997
505,651203100043542,133146873,2459085.9715117035,59085.4687384,16.5363579,0.0367963016,32769,zr,23.5119428,30.722446,2.53600001,0.275000006,20200824468738,651,0x3,0x1,21.5599995,26.9985085,0.201143116,0.0923539475,0.00057866209,30,1.0,3,0.8819761473686146,59085.4687384,0.8819761473686146,16.536357900000006,16.536357900000006
506,651203100043542,133236505,2459086.8679035995,59086.3650579,16.5050354,0.0365244783,32768,zr,23.5119412,30.7224262,2.62800002,0.284999996,20200825365058,651,0x3,0x1,21.3400002,26.9141102,0.144060269,0.0947022513,0.000298504921,30,1.148,1,0.907790931530991,59086.3650579,0.907790931530991,16.505035400000004,16.505035400000004
507,651203100043542,133240207,2459086.904920497,59086.4020718,16.5038376,0.0365142226,32769,zr,23.5119531,30.7224066,3.12599993,0.291000009,20200825402072,651,0x3,0x1,21.5100002,27.0318642,0.166335359,0.0973375067,0.000400420977,30,1.05400002,1,0.9087929723443251,59086.4020718,0.9087929723443251,16.503837600000004,16.503837600000004
508,651203100043542,133240650,2459086.909353658,59086.4065046,16.3411026,0.0352083147,32769,zr,23.5119163,30.7223996,3.10899997,0.241999999,20200825406377,651,0x3,0x1,21.6000004,27.0317726,0.173493549,0.0941637456,0.000434277958,30,1.046,3,1.055744821844564,59086.4065046,1.055744821844564,16.341102599999992,16.341102599999992
509,651203100043542,133342912,2459087.9320513015,59087.4291204,16.4642105,0.0361803547,32769,zr,23.511947,30.7224103,3.02200007,0.263000011,20200826429120,651,0x3,0x1,21.2199993,26.6753273,0.0673787519,0.0959724411,6.58641875e-05,30,1.01400006,1,0.9425747466204583,59087.4291204,0.9425747466204583,16.4642105,16.4642105
510,651203100043542,133344252,2459087.9454550706,59087.4425231,16.5075321,0.0365458988,32769,zr,23.5119251,30.7224416,2.68799996,0.286000013,20200826442523,651,0x3,0x1,21.4200001,26.9436264,0.191971958,0.0908854008,0.000523153576,30,1.005,1,0.9057058231352639,59087.4425231,0.9057058231352639,16.5075321,16.5075321
511,651203100043542,133344346,2459087.946392647,59087.4434606,16.4977188,0.0364619717,32769,zr,23.5119053,30.7224376,3.27699995,0.412,20200826443461,651,0x3,0x1,21.2299995,26.680788,0.0721849203,0.0976837203,7.39644966e-05,30,1.00399995,3,0.9139290458758876,59087.4434606,0.9139290458758876,16.497718799999994,16.497718799999994
512,651203100043542,133438083,2459088.883839599,59088.3808333,16.3453445,0.0352402404,32768,zr,23.5119571,30.7224135,2.852,0.241999999,20200827380833,651,0x3,0x1,21.2700005,26.6447906,0.0354231,0.0997881666,1.81383457e-05,30,1.08800006,1,1.0516281432394792,59088.3808333,1.0516281432394792,16.345344500000003,16.345344500000003
513,651203100043542,133441931,2459088.9223264465,59088.4193171,16.4881268,0.0363805741,32768,zr,23.5119563,30.722447,2.62599993,0.337000012,20200827419317,651,0x3,0x1,21.2800007,26.8290081,0.0810303316,0.110548437,9.49502064e-05,30,1.02100003,3,0.9220389765632316,59088.4193171,0.9220389765632316,16.488126799999996,16.488126799999996
514,651203100043542,133442181,2459088.924826646,59088.4218171,16.3694305,0.0354235955,0,zr,23.5119504,30.722417,2.5710001,0.226999998,20200827421574,651,0x3,0x1,21.0599995,26.5200939,0.0418133624,0.109886445,2.50930752e-05,30,1.01800001,1,1.0285556638123226,59088.4218171,1.0285556638123226,16.3694305,16.3694305
515,651203100043542,133545598,2459089.959074425,59089.4559838,16.4604607,0.0361493081,32768,zr,23.511917,30.7224143,3.0250001,0.32100001,20200828455984,651,0x3,0x1,21.2299995,26.7709026,0.0709023699,0.106742188,7.34842761e-05,30,1.0,1,0.9458357388249389,59089.4559838,0.9458357388249389,16.46046069999999,16.46046069999999
516,651203100043542,133645914,2459090.962311905,59090.4591435,16.3650417,0.0353899188,32768,zr,23.5119118,30.7224585,3.01399994,0.268999994,20200829459005,651,0x3,0x1,21.2099991,26.5961208,0.0319713056,0.0995534435,1.48184718e-05,30,1.00100005,1,1.0327217411325351,59090.4591435,1.0327217411325351,16.3650417,16.3650417
517,651203100043542,133646020,2459090.963376789,59090.4602083,16.3493462,0.0352704599,32768,zr,23.511915,30.7224182,2.73900008,0.268000007,20200829460208,651,0x3,0x1,21.3299999,26.729393,0.0385928899,0.0976758972,2.15340442e-05,30,1.00100005,3,1.047759289487348,59090.4602083,1.047759289487348,16.349346200000006,16.349346200000006
518,651203100043542,133649049,2459090.993668518,59090.4904977,16.5292587,0.0367340855,32768,zr,23.5119137,30.72244,2.48200011,0.326999992,20200829490498,651,0x3,0x1,21.3299999,26.9717712,0.110744298,0.103326291,0.000176721165,30,1.01999998,1,0.8877619357502764,59090.4904977,0.8877619357502764,16.529258700000007,16.529258700000007
519,651203100043542,133746622,2459091.969472518,59091.4662269,16.4764156,0.0362820514,32768,zr,23.5119413,30.7224106,2.41599989,0.208000004,20200830466227,651,0x3,0x1,21.4400005,27.0316525,0.0809870809,0.106021248,9.5103911e-05,30,1.00399995,3,0.9320383020014719,59091.4662269,0.9320383020014719,16.476415600000003,16.476415600000003
520,651203100043542,133936737,2459093.870761601,59093.3673727,16.3220215,0.0350660086,0,zr,23.5119349,30.7224397,2.44400001,0.319999993,20200901367373,651,0x3,0x1,20.3400002,26.3596535,0.0588954762,0.0952908695,4.91637802e-05,30,1.08700001,1,1.074462839671681,59093.3673727,1.074462839671681,16.322021499999998,16.322021499999998
521,651203100043542,133936831,2459093.871699171,59093.3683102,16.3488789,0.0352669246,0,zr,23.5119398,30.722431,2.48399997,0.316000015,20200901368310,651,0x3,0x1,20.3400002,26.4135666,0.0474039204,0.100609221,3.20397994e-05,30,1.08500004,3,1.0482103413124062,59093.3683102,1.0482103413124062,16.348878899999995,16.348878899999995
522,651203100043542,134036293,2459094.866402422,59094.3629398,16.3159885,0.0350214615,0,zr,23.5119234,30.7224467,2.602,0.25,20200902362928,651,0x3,0x1,20.0599995,26.336834,0.0379127674,0.104978167,2.07572648e-05,30,1.09099996,1,1.0804498163177718,59094.3629398,1.0804498163177718,16.315988499999996,16.315988499999996
523,651203100043542,134037653,2459094.880003032,59094.3765394,16.3039932,0.0349335261,0,zr,23.5119277,30.7223922,3.9059999,0.328000009,20200902376273,651,0x3,0x1,20.0400009,26.3488045,0.0545141734,0.0940728858,4.26547667e-05,30,1.06099999,1,1.0924528952722117,59094.3765394,1.0924528952722117,16.3039932,16.3039932
524,651203100043542,134037798,2459094.8814498363,59094.3779861,16.2555542,0.0345867798,32768,zr,23.5119277,30.7224438,2.93099999,0.224000007,20200902377789,651,0x3,0x1,20.0499992,26.3202724,0.0655574054,0.104499035,6.33164163e-05,30,1.05799997,3,1.1422951161895805,59094.3779861,1.1422951161895805,16.2555542,16.2555542
525,651203100043542,134141182,2459095.915367998,59095.4118287,16.3826237,0.0355255269,32768,zr,23.5119513,30.7224388,3.10299993,0.294,20200903411829,651,0x3,0x1,20.1800003,26.4083824,0.0678994879,0.0966951549,6.57561322e-05,30,1.00999999,1,1.0161329163111137,59095.4118287,1.0161329163111137,16.382623700000003,16.382623700000003
526,651203100043542,134144837,2459095.951921553,59095.4483796,16.2380104,0.0344644375,0,zr,23.5119403,30.7224382,2.852,0.252000004,20200903448368,651,0x3,0x1,20.2800007,26.3624916,0.056060899,0.0915287435,4.46042613e-05,30,1.00100005,1,1.160902750071075,59095.4483796,1.160902750071075,16.2380104,16.2380104
527,651203100043542,134144931,2459095.9528591232,59095.4493171,16.3584614,0.0353396535,32768,zr,23.5119252,30.722412,4.29099989,0.340000004,20200903449306,651,0x3,0x1,20.0699997,26.3592014,0.0584451333,0.0876335725,4.84021621e-05,30,1.00199997,3,1.0389997426817534,59095.4493171,1.0389997426817534,16.358461400000003,16.358461400000003
528,651203100043542,134235258,2459096.856188132,59096.352581,16.2632828,0.0346412249,0,zr,23.5119369,30.722428,2.80299997,0.243000001,20200904352546,651,0x3,0x1,20.4799995,26.4956112,0.0404755771,0.101527035,2.31274626e-05,30,1.10399997,1,1.1341927843248505,59096.352581,1.1341927843248505,16.263282800000006,16.263282800000006
529,651203100043542,134346322,2459097.96691534,59097.4632292,16.3544846,0.0353094041,0,zr,23.5119132,30.7224036,3.15899992,0.252000004,20200905463183,651,0x3,0x1,20.1299992,26.4009209,0.0469199792,0.105518609,3.11697331e-05,30,1.01199996,3,1.0428123359167034,59097.4632292,1.0428123359167034,16.3544846,16.3544846
530,651203100043542,134437943,2459098.8831832567,59098.3794329,16.337429,0.0351807438,0,zr,23.5119528,30.7223933,3.63400006,0.277999997,20200906379375,651,0x3,0x1,20.4200001,26.4580631,0.0343759321,0.104969956,1.68409333e-05,30,1.03699994,3,1.0593229956623516,59098.3794329,1.0593229956623516,16.337429000000007,16.337429000000007
531,651203100043542,134438086,2459098.8846185566,59098.3808681,16.3294106,0.0351208635,0,zr,23.5119078,30.7224526,2.8499999,0.268000007,20200906380868,651,0x3,0x1,20.3600006,26.4720097,0.0360303298,0.103638209,1.83340453e-05,30,1.03499997,1,1.0671752880814036,59098.3808681,1.0671752880814036,16.329410599999996,16.329410599999996
532,651203100043542,134533815,2459099.841976321,59099.3381597,16.4053688,0.0357038043,0,zr,23.5119111,30.722434,2.41499996,0.240999997,20200907338102,651,0x3,0x1,20.2399998,26.3712692,0.0443210229,0.0985304862,2.77580184e-05,30,1.12100005,3,0.995067358093065,59099.3381597,0.995067358093065,16.405368799999998,16.405368799999998
533,651203100043542,134841230,2459102.9163258052,59102.4123032,16.3913116,0.0355932452,0,zr,23.5119232,30.7224536,1.97599995,0.0810000002,20200910412303,651,0x3,0x1,19.3199997,25.7904987,0.0446049608,0.0999224111,3.33587086e-05,30,1.00100005,3,1.0080344162069705,59102.4123032,1.0080344162069705,16.3913116,16.3913116
534,651203100043542,134841344,2459102.9174717804,59102.4134491,16.4229546,0.0358438827,0,zr,23.5119367,30.7224429,1.88800001,0.0970000029,20200910413438,651,0x3,0x1,19.4300003,25.7912083,0.0395862833,0.10288126,2.39946767e-05,30,1.00100005,1,0.979079956766925,59102.4134491,0.979079956766925,16.422954600000004,16.422954600000004
535,651203100043542,134841391,2459102.9179347125,59102.413912,16.4166908,0.0357937664,0,zr,23.5119083,30.7224275,2.64299989,0.206,20200910413912,651,0x3,0x1,19.5599995,25.7879314,0.0398665816,0.111501209,2.39718847e-05,30,1.0,1,0.9847447633330768,59102.413912,0.9847447633330768,16.416690800000005,16.416690800000005
536,651203100043542,135043230,2459104.936455468,59104.4323032,16.3030167,0.0349264033,0,zr,23.5119275,30.7224186,3.35700011,0.354999989,20200912432234,651,0x3,0x1,20.3899994,25.8711662,0.042440556,0.113165677,2.61784171e-05,30,1.00399995,1,1.0934358781708402,59104.4323032,1.0934358781708402,16.303016699999993,16.303016699999993
537,651203100043542,135238186,2459106.886136351,59106.3818634,16.2867947,0.0348088928,0,zr,23.511935,30.7224372,2.46600008,0.231999993,20200914381863,651,0x3,0x1,21.0900002,26.3206348,0.0577096976,0.108543888,4.82311261e-05,30,1.00999999,1,1.109895575187558,59106.3818634,1.109895575187558,16.286794699999994,16.286794699999994
538,651203100043542,135238280,2459106.8870739085,59106.3828009,16.3580456,0.035336487,32768,zr,23.5119256,30.7224448,2.65199995,0.233999997,20200914382801,651,0x3,0x1,21.1399994,26.4290371,0.0676380545,0.101901226,6.68103385e-05,30,1.00899994,3,1.0393977204091214,59106.3828009,1.0393977204091214,16.358045600000004,16.358045600000004
539,651203100043542,135539990,2459109.9043581868,59109.3999074,16.4252796,0.0358625464,0,zr,23.5119189,30.72242,2.94099998,0.243000001,20200917399907,651,0x3,0x1,20.9500008,26.3971367,0.0383548588,0.11195194,2.09303798e-05,30,1.0,1,0.9769855941362906,59109.3999074,0.9769855941362906,16.425279600000003,16.425279600000003
540,651203100043542,135542096,2459109.9254125855,59109.4209606,16.3845863,0.0355407819,0,zr,23.5119283,30.722427,3.13899994,0.365999997,20200917420914,651,0x3,0x1,20.9099998,26.3453655,0.0362708494,0.111403994,1.87298501e-05,30,1.00600004,1,1.0142977918097762,59109.4209606,1.0142977918097762,16.384586300000002,16.384586300000002
541,651203100043542,135542239,2459109.9268478663,59109.4223958,16.3843651,0.0355390646,0,zr,23.5119733,30.7224097,2.74600005,0.239999995,20200917422384,651,0x3,0x1,20.9599991,26.35215,0.0346836895,0.111108251,1.71140819e-05,30,1.00699997,3,1.0145044585186171,59109.4223958,1.0145044585186171,16.384365100000004,16.384365100000004
542,651203100043542,135644309,2459110.9475999167,59110.4430903,16.3659096,0.0353965685,0,zr,23.5119357,30.7224318,2.43799996,0.215000004,20200918443090,651,0x3,0x1,21.0400009,26.2795658,0.0347951762,0.102618128,1.71253487e-05,30,1.02900004,3,1.031896548921623,59110.4430903,1.031896548921623,16.365909600000002,16.365909600000002
543,651203100043542,135644355,2459110.948062843,59110.4435532,16.3920593,0.0355990902,32768,zr,23.5119342,30.722415,3.5250001,0.368999988,20200918443553,651,0x3,0x1,20.8099995,26.1077671,0.0508912131,0.107209638,3.62993669e-05,30,1.02900004,1,1.0073404650738293,59110.4435532,1.0073404650738293,16.392059299999993,16.392059299999993
544,651203100043542,135743776,2459111.942330628,59111.4377662,16.3936348,0.0356114283,32768,zr,23.5119441,30.7224451,2.74000001,0.328999996,20200919437523,651,0x3,0x1,21.1599998,26.7232971,0.064525418,0.106530577,5.8216996e-05,30,1.02499998,3,1.0058797843244631,59111.4377662,1.0058797843244631,16.393634799999994,16.393634799999994
545,651203100043542,135836577,2459112.870389919,59112.3657755,16.3826828,0.0355259925,32768,zr,23.5119445,30.7224395,2.60299993,0.216000006,20200920365741,651,0x3,0x1,21.4599991,26.9232197,0.0678998455,0.0943402648,6.47999696e-05,30,1.00999999,1,1.01607760654004,59112.3657755,1.01607760654004,16.382682800000005,16.382682800000005
546,651203100043542,135837891,2459112.883527121,59112.378912,16.5366478,0.036798846,32768,zr,23.5119141,30.7224398,3.66100001,0.60799998,20200920378912,651,0x3,0x1,21.4799995,27.0575123,0.116500594,0.0981984958,0.000193981003,30,1.00300002,1,0.8817406843232456,59112.378912,0.8817406843232456,16.536647800000004,16.536647800000004
547,651203100043542,135837984,2459112.8844646686,59112.3798495,16.482502,0.0363331437,32768,zr,23.5119586,30.7224572,2.64899993,0.233999997,20200920379850,651,0x3,0x1,21.5200005,27.1222496,0.144655168,0.0826856121,0.000302377128,30,1.00199997,3,0.9268281160972862,59112.3798495,0.9268281160972862,16.482502000000004,16.482502000000004
548,651203100043542,135930104,2459113.8057053336,59113.3010417,16.3779659,0.0354894176,0,zr,23.5119312,30.7224255,2.56599998,0.248999998,20200921301042,651,0x3,0x1,20.9200001,26.5161934,0.0377954543,0.100971013,2.03245891e-05,30,1.11800003,1,1.0205014825949603,59113.3010417,1.0205014825949603,16.3779659,16.3779659
549,651203100043542,135933875,2459113.8434156124,59113.33875,16.3699188,0.0354273431,32768,zr,23.5118943,30.7224536,3.18799996,0.287,20200921338738,651,0x3,0x1,21.2399998,26.6831512,0.0397014096,0.110480264,2.2159069e-05,30,1.03699994,3,1.0280931842472234,59113.33875,1.0280931842472234,16.3699188,16.3699188
550,651203100043542,136040388,2459114.9086091314,59114.4038889,16.4316521,0.0359138921,32768,zr,23.5119361,30.7224277,2.33400011,0.266000003,20200922403796,651,0x3,0x1,21.3600006,26.8833141,0.102358319,0.0975034088,0.000151202257,30,1.00399995,3,0.9712681779408686,59114.4038889,0.9712681779408686,16.4316521,16.4316521
551,651203100043542,136133204,2459115.8368151747,59115.3320486,16.3987007,0.0356511995,32769,zr,23.5119418,30.7224207,2.79099989,0.294999987,20200923332049,651,0x3,0x1,21.1900005,26.7459183,0.038017083,0.09615127,2.0810292e-05,30,1.03900003,1,1.001197415855122,59115.3320486,1.001197415855122,16.3987007,16.3987007
552,651203100043542,136135519,2459115.859964522,59115.3551968,16.4583092,0.0361315385,32768,zr,23.5119414,30.7224218,3.14199996,0.372999996,20200923354919,651,0x3,0x1,21.2900009,26.8526211,0.107817866,0.0959086567,0.000168174825,30,1.01199996,1,0.9477118696607151,59115.3551968,0.9477118696607151,16.458309199999995,16.458309199999995
553,651203100043542,136135767,2459115.8624414466,59115.3576736,16.4807091,0.0363180675,32768,zr,23.5119351,30.7224028,3.08299994,0.317999989,20200923357604,651,0x3,0x1,21.2199993,26.8500843,0.0947400108,0.0957294852,0.00013158904,30,1.00999999,3,0.9283598720493955,59115.3576736,0.9283598720493955,16.480709100000006,16.480709100000006
554,651203100043542,136235180,2459116.8566217627,59116.3518056,16.4440041,0.0360141657,32769,zr,23.5119453,30.722439,2.66700006,0.233999997,20200924351806,651,0x3,0x1,21.5400009,27.0591736,0.24408111,0.0872081295,0.000860183965,30,1.01199996,1,0.9602810529512434,59116.3518056,0.9602810529512434,16.444004099999994,16.444004099999994
555,651203100043542,136235745,2459116.8622701336,59116.3574537,16.4363899,0.0359522328,32769,zr,23.5119485,30.7224547,2.86899996,0.25999999,20200924357373,651,0x3,0x1,21.4599991,26.9155521,0.152795732,0.0927527323,0.000334445242,30,1.00800002,3,0.9670391130580024,59116.3574537,0.9670391130580024,16.4363899,16.4363899
556,651203100043542,136335978,2459117.86464388,59117.3597801,16.4870396,0.0363713875,32769,zr,23.5119468,30.7224049,2.84800005,0.312000006,20200925359711,651,0x3,0x1,21.4699993,26.9622936,0.1274506,0.0894321874,0.00023217783,30,1.005,3,0.9229627210553345,59117.3597801,0.9229627210553345,16.487039599999996,16.487039599999996
557,651203100043542,136336025,2459117.865118402,59117.3602546,16.4691563,0.0362214446,32769,zr,23.5119299,30.7224182,2.58100009,0.282000005,20200925360255,651,0x3,0x1,21.5200005,26.9453697,0.143058136,0.0920720696,0.000291478529,30,1.005,1,0.9382908473968053,59117.3602546,0.9382908473968053,16.4691563,16.4691563
558,651203100043542,136425998,2459118.764893477,59118.2599884,16.4078808,0.0357236899,32769,zr,23.51192,30.7224055,3.02600002,0.296999991,20200926259988,651,0x3,0x1,21.0599995,26.848999,0.101382494,0.0963930711,0.000147371989,30,1.21599996,1,0.9927677941413917,59118.2599884,0.9927677941413917,16.407880800000008,16.407880800000008
559,651203100043542,136434755,2459118.8524669795,59118.3475579,16.5650558,0.0370514505,32769,zr,23.5119555,30.7224033,2.97600007,0.289000005,20200926347558,651,0x3,0x1,21.3700008,27.1104469,0.194261372,0.0883144811,0.0005360957,30,1.01100004,3,0.8589693747572362,59118.3475579,0.8589693747572362,16.565055800000003,16.565055800000003
560,651203100043542,136434849,2459118.8534045215,59118.3484954,16.3467236,0.0352506451,32769,zr,23.5119322,30.7224256,3.03600001,0.25999999,20200926348484,651,0x3,0x1,21.3199997,26.8176689,0.0628406405,0.0962295681,5.67852076e-05,30,1.01100004,1,1.0502932152233546,59118.3484954,1.0502932152233546,16.346723599999997,16.346723599999997
561,651203100043542,136538269,2459119.8876518975,59119.3826968,16.4025269,0.035681352,32769,zr,23.5119507,30.7224129,3.00399995,0.284000009,20200927382662,651,0x3,0x1,20.7199993,26.5305843,0.083840251,0.0996675342,0.000101285172,30,1.00100005,3,0.9976753452959518,59119.3826968,0.9976753452959518,16.402526900000005,16.402526900000005
562,651203100043542,136649424,2459120.999250483,59120.4942477,16.4065304,0.0357129909,32768,zr,23.5119439,30.7224424,2.16300011,0.172000006,20200928494213,651,0x3,0x1,20.8600006,26.6295242,0.0441261753,0.103056915,2.84949856e-05,30,1.25100005,3,0.9940033315447325,59120.4942477,0.9940033315447325,16.4065304,16.4065304
563,651203100043542,136744677,2459121.9518131297,59121.4467708,16.390625,0.0355878733,32769,zr,23.5119219,30.7224073,3.19799995,0.256000012,20200929446771,651,0x3,0x1,20.6299992,26.7237892,0.0649629086,0.0995623171,6.1009021e-05,30,1.09200001,3,1.0086720805993503,59121.4467708,1.0086720805993503,16.390624999999993,16.390624999999993
564,651203100043542,136934753,2459123.852652016,59123.3475347,16.338295,0.0351872332,0,zr,23.5119483,30.7224204,3.30200005,0.307000011,20201001347465,651,0x3,0x1,19.8600006,26.2939587,0.0586604066,0.106934138,4.89968807e-05,30,1.00300002,3,1.0584784001227303,59123.3475347,1.0584784001227303,16.338294999999995,16.338294999999995
565,651203100043542,136934853,2459123.8536474532,59123.3485301,16.3857689,0.0355499834,0,zr,23.5119476,30.7224359,2.79099989,0.337000012,20201001348507,651,0x3,0x1,19.8500004,26.3045197,0.0432099104,0.103618987,2.65896288e-05,30,1.00300002,1,1.013193605047669,59123.3485301,1.013193605047669,16.385768899999995,16.385768899999995
566,651203100043542,137033067,2459124.8358253357,59124.3306713,16.3320084,0.0351402238,0,zr,23.5119482,30.7224394,2.48300004,0.27700001,20201002330671,651,0x3,0x1,20.0900002,26.4303627,0.0495803729,0.0896054208,3.48209651e-05,30,1.01199996,1,1.0646249503505936,59124.3306713,1.0646249503505936,16.3320084,16.3320084
567,651203100043542,137042055,2459124.9257129133,59124.4205556,16.3858776,0.0355508365,0,zr,23.5119634,30.7224035,3.65499997,0.293000013,20201002420336,651,0x3,0x1,20.0799999,26.4065781,0.0414331406,0.0923617408,2.44596304e-05,30,1.05299997,3,1.013092172829173,59124.4205556,1.013092172829173,16.385877600000008,16.385877600000008
568,651203100043542,137131958,2459125.8247728474,59125.3195833,16.3415985,0.0352120399,0,zr,23.5119153,30.7224135,3.01799989,0.305999994,20201003319583,651,0x3,0x1,20.2299995,26.472105,0.0494152978,0.101735912,3.4856399e-05,30,1.01999998,3,1.055262730235984,59125.3195833,1.055262730235984,16.341598499999996,16.341598499999996
569,651203100043542,137132052,2459125.8257103804,59125.3205208,16.2721176,0.0347038582,0,zr,23.5119161,30.7224125,3.18099999,0.264999986,20201003320521,651,0x3,0x1,20.2600002,26.4364758,0.0437311046,0.103578746,2.75633356e-05,30,1.01900005,1,1.1250011334404835,59125.3205208,1.1250011334404835,16.272117599999994,16.272117599999994
570,651203100043542,137231458,2459126.81980712,59126.3145833,16.2722073,0.0347044989,32768,zr,23.5119085,30.7224532,2.97199988,0.238000005,20201004314167,651,0x3,0x1,20.1599998,26.3733139,0.0707673803,0.0945927352,7.47196027e-05,30,1.02199996,3,1.1249081933388154,59126.3145833,1.1249081933388154,16.272207299999998,16.272207299999998
571,651203100043542,137236445,2459126.869681505,59126.364456,16.3178253,0.035035003,0,zr,23.5119339,30.7224399,3.11800003,0.275999993,20201004364456,651,0x3,0x1,20.0499992,26.3219776,0.0441097617,0.0991843045,2.83857808e-05,30,1.00100005,1,1.0786235048651738,59126.364456,1.0786235048651738,16.317825300000003,16.317825300000003
572,651203100043542,137330561,2459127.8108698945,59127.3056134,16.5035439,0.0365117043,32768,zr,23.5119325,30.7224497,2.34200001,0.298000008,20201005305613,651,0x3,0x1,18.9099998,25.5788975,0.0433974825,0.0879823714,5.17336739e-05,30,1.02999997,1,0.9090388410912689,59127.3056134,0.9090388410912689,16.503543900000004,16.503543900000004
573,651203100043542,137330655,2459127.811807425,59127.3065509,16.4766388,0.0362839215,32768,zr,23.5119422,30.7224373,1.60000002,0.226999998,20201005306551,651,0x3,0x1,18.6599998,25.5719414,0.0472308993,0.0913511291,7.15977003e-05,30,1.028,3,0.9318467181097362,59127.3065509,0.9318467181097362,16.476638799999996,16.476638799999996
574,651203100043542,137439884,2459128.904133435,59128.3988426,16.4342537,0.0359349251,32768,zr,23.5118963,30.7224242,3.5079999,0.39199999,20201006398738,651,0x3,0x1,19.9200001,26.1502342,0.0605948456,0.0851717442,5.3059026e-05,30,1.03600001,3,0.9689436479818192,59128.3988426,0.9689436479818192,16.434253699999992,16.434253699999992
575,651203100043542,137526270,2459129.768024981,59129.2627083,16.3054905,0.0349444598,32768,zr,23.5119513,30.7224146,2.99600005,0.261999995,20201007262708,651,0x3,0x1,20.7700005,26.563694,0.0416118838,0.106048554,2.49107179e-05,30,1.10300004,1,1.0909473708704014,59129.2627083,1.0909473708704014,16.305490499999998,16.305490499999998
576,651203100043542,137526365,2459129.76897411,59129.2636574,16.3659019,0.0353965126,32768,zr,23.5119225,30.7224163,3.24499989,0.356000006,20201007263646,651,0x3,0x1,20.7399998,26.5802345,0.0290504638,0.108301587,1.20653749e-05,30,1.10099995,3,1.031903867118773,59129.2636574,1.031903867118773,16.365901900000004,16.365901900000004
577,651203100043542,137627695,2459130.782301605,59130.276956,16.4952087,0.0364406072,32768,zr,23.5119485,30.7224397,2.5079999,0.312000006,20201008276898,651,0x3,0x1,21.0599995,26.8391552,0.0831638947,0.0988642499,9.91529305e-05,30,1.06400001,3,0.9160443913247462,59130.276956,0.9160443913247462,16.4952087,16.4952087
578,651203100043542,137743443,2459131.9398095673,59131.4344329,16.4359627,0.035948772,32768,zr,23.5119113,30.722426,2.90400004,0.384000003,20201009434421,651,0x3,0x1,19.3600006,24.9443512,0.0457858443,0.102588415,4.06617946e-05,30,1.13399994,1,0.9674196846849429,59131.4344329,0.9674196846849429,16.435962699999997,16.435962699999997
579,651203100043542,137743535,2459131.94073549,59131.4353588,16.4230385,0.0358445495,32768,zr,23.5119703,30.7224181,2.70799994,0.291999996,20201009435359,651,0x3,0x1,19.5300007,25.1053886,0.04973685,0.102763571,4.09287131e-05,30,1.13699996,3,0.9790043015256037,59131.4353588,0.9790043015256037,16.423038499999997,16.423038499999997
580,651203100043542,138030809,2459134.813535185,59134.3080903,16.3515663,0.0352872647,0,zr,23.5119234,30.7224372,2.30299997,0.0769999996,20201012308021,651,0x3,0x1,20.75,26.4693832,0.0359392948,0.109218329,1.84181899e-05,30,1.00800002,1,1.0456190331459088,59134.3080903,1.0456190331459088,16.351566299999995,16.351566299999995
581,651203100043542,138030902,2459134.8144727047,59134.3090278,16.4069519,0.0357163325,32768,zr,23.5119471,30.7224483,1.93799996,0.0759999976,20201012309028,651,0x3,0x1,20.7999992,26.547884,0.0573942661,0.097596854,4.71999847e-05,30,1.00800002,3,0.9936175185939748,59134.3090278,0.9936175185939748,16.406951900000003,16.406951900000003
582,651203100043542,138138526,2459135.890733306,59135.3852662,16.4468899,0.0360377282,32768,zr,23.5118972,30.7224491,2.67799997,0.236000001,20201013385255,651,0x3,0x1,21.3500004,26.9198132,0.0888874456,0.0953319445,0.000112401838,30,1.04400003,3,0.9577320916796161,59135.3852662,0.9577320916796161,16.446889899999995,16.446889899999995
583,651203100043542,138232128,2459136.8267696444,59136.3212847,16.5448685,0.0368713513,32769,zr,23.511917,30.7224166,3.28299999,0.365999997,20201014321250,651,0x3,0x1,21.3999996,27.0629158,0.179673761,0.0864361823,0.000461477874,30,1.0,3,0.8750897561591249,59136.3212847,0.8750897561591249,16.5448685,16.5448685
584,651203100043542,138232628,2459136.8317697365,59136.3262847,16.3918781,0.0355976745,32769,zr,23.5119406,30.7224084,3.28900003,0.300999999,20201014326285,651,0x3,0x1,21.3500004,26.8686199,0.0884564966,0.0912613943,0.000112165253,30,1.0,1,1.0075085955309866,59136.3262847,1.0075085955309866,16.391878100000007,16.391878100000007
585,651203100043542,138334013,2459137.845641664,59137.3401389,16.393404,0.0356096178,32768,zr,23.5119306,30.722413,2.97600007,0.266000003,20201015339884,651,0x3,0x1,21.2900009,26.8571739,0.112838909,0.0927740112,0.000180843344,30,1.00399995,3,1.006093631601828,59137.3401389,1.006093631601828,16.393403999999997,16.393403999999997
586,651203100043542,138529912,2459139.804652756,59139.2991204,16.4574738,0.0361246504,32769,zr,23.5119312,30.7224411,2.56800008,0.237000003,20201017298900,651,0x3,0x1,21.2700005,26.9043808,0.170651048,0.108028889,0.000444894948,30,1.005,3,0.9484413499500158,59139.2991204,0.9484413499500158,16.457473799999995,16.457473799999995
587,651203100043542,138626006,2459140.7656140043,59140.2600694,16.4768105,0.0362853594,32768,zr,23.5119456,30.7224355,2.53500009,0.330000013,20201018260035,651,0x3,0x1,21.2000008,26.8757534,0.14382425,0.078130722,0.000294722209,30,1.04499996,1,0.9316993660823383,59140.2600694,0.9316993660823383,16.476810499999992,16.476810499999992
588,651203100043542,138626099,2459140.7665400165,59140.2609954,16.5019951,0.0364984609,32768,zr,23.5119486,30.7224244,2.06699991,0.284000009,20201018260995,651,0x3,0x1,21.2800007,26.9779739,0.178024128,0.0775146633,0.000449127139,30,1.04299998,3,0.9103365080800973,59140.2609954,0.9103365080800973,16.501995099999995,16.501995099999995
589,651203100043542,138734005,2459141.845614505,59141.3400579,16.4573708,0.0361237936,32768,zr,23.5119705,30.7224614,2.80800009,0.261000007,20201019340058,651,0x3,0x1,21.3099995,26.8684235,0.083781682,0.0965242609,0.000100654906,30,1.00999999,3,0.9485313295348248,59141.3400579,0.9485313295348248,16.4573708,16.4573708
590,651203100043542,138828951,2459142.79507949,59142.2895139,16.4499245,0.0360625796,32768,zr,23.5119217,30.7224204,2.59500003,0.337000012,20201020289479,651,0x3,0x1,21.3299999,26.9266434,0.102419339,0.0984623954,0.000149306405,30,1.00600004,3,0.9550589966715525,59142.2895139,0.9550589966715525,16.4499245,16.4499245
591,651203100043542,138829045,2459142.7960169986,59142.2904514,16.3983192,0.0356482007,32768,zr,23.5119366,30.7224169,2.66000009,0.275999993,20201020290451,651,0x3,0x1,21.2700005,26.8139248,0.0503185354,0.107685812,3.59483311e-05,30,1.00600004,1,1.0015492728948652,59142.2904514,1.0015492728948652,16.398319199999996,16.398319199999996
592,651203100043542,138921667,2459143.7222511214,59143.2166782,16.4976711,0.0364615656,32769,zr,23.5119099,30.7224642,2.94400001,0.270000011,20201021216644,651,0x3,0x1,21.3799992,26.9369278,0.118362106,0.0945972502,0.000201830597,30,1.125,3,0.9139691986983963,59143.2166782,0.9139691986983963,16.497671099999998,16.497671099999998
593,651203100043542,139024164,2459144.7472229465,59144.2416435,16.5420609,0.0368465371,32768,zr,23.5119351,30.7224338,3.08200002,0.349000007,20201022241632,651,0x3,0x1,21.4400005,27.0393639,0.175053865,0.0750174224,0.00044126148,30,1.05799997,1,0.8773555748488182,59144.2416435,0.8773555748488182,16.542060900000003,16.542060900000003
594,651203100043542,139024256,2459144.748148851,59144.2425694,16.5774441,0.0371634401,32768,zr,23.5119293,30.7224502,2.79099989,0.317999989,20201022242569,651,0x3,0x1,21.4599991,27.0088158,0.194192246,0.092753388,0.000544837734,30,1.05599999,3,0.849224196900204,59144.2425694,0.849224196900204,16.5774441,16.5774441
595,651203100043542,139134750,2459145.853084559,59145.3475,16.4630432,0.0361706801,32768,zr,23.5119346,30.7224434,2.56599998,0.254999995,20201023347500,651,0x3,0x1,21.4099998,26.9274693,0.0864198133,0.0913046747,0.000107878652,30,1.02900004,3,0.9435886753909893,59145.3475,0.9435886753909893,16.46304320000001,16.46304320000001
596,651203100043542,139227758,2459146.78316832,59146.277581,16.2934074,0.03485661,32768,zr,23.5119574,30.7224401,3.10899997,0.317000002,20201024277373,651,0x3,0x1,19.9300003,25.3414764,0.0696132481,0.0927449912,7.03057667e-05,30,1.00699997,1,1.1031562757732751,59146.277581,1.1031562757732751,16.2934074,16.2934074
597,651203100043542,139227912,2459146.7847077237,59146.2791204,16.3705482,0.0354321823,32768,zr,23.5119262,30.7224278,3.13499999,0.273000002,20201024278866,651,0x3,0x1,20.3400002,25.6937866,0.0704171881,0.0916172788,7.14078051e-05,30,1.00600004,3,1.0274973725507288,59146.2791204,1.0274973725507288,16.370548199999995,16.370548199999995
598,651203100043542,139534070,2459149.8462924305,59149.340706,16.3885098,0.0355713554,0,zr,23.5119242,30.7224679,2.28800011,0.0649999976,20201027340498,651,0x3,0x1,20.1499996,26.3550949,0.0332411043,0.10162589,1.61345051e-05,30,1.03400004,3,1.0106390618784644,59149.340706,1.0106390618784644,16.3885098,16.3885098
599,651203100043542,139627800,2459150.7835924206,59150.2780093,16.4435081,0.0360101201,32768,zr,23.511919,30.7224102,3.02600002,0.229000002,20201028277940,651,0x3,0x1,20.5100002,26.6819401,0.0597431585,0.0989994928,5.19791574e-05,30,1.00199997,3,0.9607198411314257,59150.2780093,0.9607198411314257,16.443508099999995,16.443508099999995
600,651203100043542,139627894,2459150.7845299155,59150.2789468,16.4172592,0.0357982926,32768,zr,23.5119311,30.7224451,2.38899994,0.160999998,20201028278947,651,0x3,0x1,20.3999996,26.6416302,0.0348945372,0.0932068303,1.76297217e-05,30,1.00100005,1,0.9842293688632882,59150.2789468,0.9842293688632882,16.417259199999997,16.417259199999997
601,651203100043542,139723484,2459151.740427749,59151.2348495,16.3742409,0.0354606323,0,zr,23.5119419,30.7224249,2.46099997,0.236000001,20201029234792,651,0x3,0x1,20.3400002,26.5105782,0.0426988937,0.0975031853,2.66036168e-05,30,1.03699994,3,1.0240086848370966,59151.2348495,1.0240086848370966,16.374240899999997,16.374240899999997
602,651203100043542,139821533,2459152.7209073165,59152.2153356,16.4042206,0.0356947258,32768,zr,23.5119432,30.7224232,2.80900002,0.303000003,20201030215324,651,0x3,0x1,20.3199997,26.6215172,0.0418885835,0.0982088819,2.52213631e-05,30,1.06700003,1,0.9961202295755999,59152.2153356,0.9961202295755999,16.404220599999995,16.404220599999995
603,651203100043542,140022062,2459154.726178513,59154.220625,16.4823437,0.0363318101,32768,zr,23.5119192,30.7224239,2.27200007,0.282000005,20201101220544,651,0x3,0x1,19.0200005,26.031786,0.0403656848,0.0863242075,3.5031022e-05,30,1.04700005,3,0.9269632571990634,59154.220625,0.9269632571990634,16.482343699999994,16.482343699999994
604,651203100043542,140022155,2459154.727104404,59154.2215509,16.4741173,0.0362628214,32768,zr,23.5119377,30.7224238,1.45899999,0.186000004,20201101221551,651,0x3,0x1,18.6200008,25.8215485,0.0415332913,0.104478478,5.05032476e-05,30,1.04499996,1,0.9340133420126707,59154.2215509,0.9340133420126707,16.474117299999996,16.474117299999996
605,651203100043542,140125641,2459155.761953565,59155.256412,16.4086304,0.0357296355,0,zr,23.5119487,30.7224393,3.27699995,0.393000007,20201102256412,651,0x3,0x1,20.4599991,26.6177578,0.0337488987,0.100979581,1.62637916e-05,30,1.005,3,0.9920826167463831,59155.256412,0.9920826167463831,16.4086304,16.4086304
606,651203100043542,140236498,2459156.870515213,59156.3649884,16.411644,0.035753563,32768,zr,23.5119508,30.7224454,2.04999995,0.0340000018,20201103364606,651,0x3,0x1,19.8600006,26.7121506,0.0406792834,0.0552109778,2.5608555e-05,30,1.12899995,1,0.989332782308302,59156.3649884,0.989332782308302,16.411644000000003,16.411644000000003
607,651203100043542,140323695,2459157.742469861,59157.236956,16.4679375,0.0362112969,32768,zr,23.5118995,30.7224594,3.12599993,0.289000005,20201104236956,651,0x3,0x1,20.6100006,26.7712708,0.0720121935,0.101158343,7.55451911e-05,30,1.01499999,3,0.939344723090997,59157.236956,0.939344723090997,16.467937499999998,16.467937499999998
608,651203100043542,140421629,2459158.72179412,59158.2162963,16.4666939,0.0362009667,32769,zr,23.5119531,30.7224161,2.8039999,0.27700001,20201105216296,651,0x3,0x1,20.8199997,26.7099781,0.0677063465,0.096843794,6.6321787e-05,30,1.03600001,3,0.9404212630067137,59158.2162963,0.9404212630067137,16.466693900000003,16.466693900000003
609,651203100043542,140421723,2459158.722731604,59158.2172338,16.5159416,0.0366183445,32769,zr,23.511932,30.7224193,2.61299992,0.337000012,20201105217222,651,0x3,0x1,20.9099998,26.8413181,0.110739678,0.0860441998,0.000175844179,30,1.03499997,1,0.898717834330843,59158.2172338,0.898717834330843,16.515941599999998,16.515941599999998
610,651203100043542,141030607,2459164.811439892,59164.3060764,16.3682442,0.0354144797,0,zr,23.5119088,30.7224021,2.56599998,0.057,20201111306076,651,0x3,0x1,20.6700001,26.5338974,0.0342798717,0.097680442,1.69332961e-05,30,1.04400003,3,1.0296801012375787,59164.3060764,1.0296801012375787,16.3682442,16.3682442
611,651203100043542,141030701,2459164.8123773653,59164.3070139,16.3458138,0.0352437794,0,zr,23.5119051,30.7224321,2.55900002,0.00800000038,20201111307014,651,0x3,0x1,20.4300003,26.4594135,0.0376053564,0.0990934223,2.02954816e-05,30,1.04499996,1,1.051173684376456,59164.3070139,1.051173684376456,16.345813799999995,16.345813799999995
612,651203100043542,141122447,2459165.7298173024,59165.2244792,16.3013535,0.0349142887,32768,zr,23.5119273,30.7224315,2.5250001,0.223000005,20201112224410,651,0x3,0x1,21.4799995,26.9527321,0.0917856246,0.088626869,0.000123370104,30,1.00800002,3,1.0951121566092266,59165.2244792,1.0951121566092266,16.301353499999998,16.301353499999998
613,651203100043542,141232663,2459166.8319377364,59166.3266319,16.4335938,0.0359295867,32768,zr,23.5119394,30.7224356,2.6170001,0.30399999,20201113326620,651,0x3,0x1,21.3299999,26.9502106,0.0829299837,0.0959405303,9.98798059e-05,30,1.09800005,1,0.9695327415961202,59166.3266319,0.9695327415961202,16.433593800000004,16.433593800000004
614,651203100043542,141232709,2459166.8324007215,59166.3270949,16.4086609,0.0357298814,32768,zr,23.5119231,30.7224315,2.625,0.256000012,20201113327095,651,0x3,0x1,21.3099995,26.8282261,0.0851756558,0.0958960727,0.000104770515,30,1.10000002,3,0.9920547480111689,59166.3270949,0.9920547480111689,16.408660899999994,16.408660899999994
615,651203100043542,141322270,2459167.7279865304,59167.2227083,16.3449783,0.03523748,0,zr,23.5119265,30.7224298,1.77999997,0.0610000007,20201114222639,651,0x3,0x1,20.6700001,26.536644,0.0434755608,0.0986231118,2.72387369e-05,30,1.005,3,1.0519828990047373,59167.2227083,1.0519828990047373,16.3449783,16.3449783
616,651203100043542,141414164,2459168.6468920573,59168.1416435,16.3661423,0.0353983492,32768,zr,23.5119118,30.7224198,2.75300002,0.261000007,20201115141644,651,0x3,0x1,20.9500008,26.6435013,0.0296373479,0.0989397392,1.26431114e-05,30,1.14699996,3,1.0316754117838407,59168.1416435,1.0316754117838407,16.3661423,16.3661423
617,651203100043542,141414258,2459168.647829527,59168.142581,16.4394722,0.0359772593,32768,zr,23.511921,30.7224304,2.48300004,0.252000004,20201115142581,651,0x3,0x1,21.2099991,26.9029827,0.0778875351,0.0948029533,8.84003093e-05,30,1.14400005,1,0.9642976757917069,59168.142581,0.9642976757917069,16.439472200000004,16.439472200000004
618,651203100043542,141520562,2459169.7108376184,59169.205625,16.4003181,0.0356639326,32768,zr,23.511911,30.722449,2.73099995,0.291000009,20201116205579,651,0x3,0x1,21.25,26.8137398,0.0401362889,0.0965916514,2.34310082e-05,30,1.01400006,3,0.9997070619874854,59169.205625,0.9997070619874854,16.4003181,16.4003181
619,651203100043542,141625469,2459170.7598745413,59170.2546991,16.5189972,0.0366447866,32768,zr,23.5119546,30.7224064,2.82299995,0.289000005,20201117254514,651,0x3,0x1,21.1599998,26.9054871,0.10590706,0.088687785,0.000161626871,30,1.00600004,1,0.8961921180442809,59170.2546991,0.8961921180442809,16.518997199999994,16.518997199999994
620,651203100043542,141625569,2459170.760869803,59170.2556944,16.5110245,0.0365759209,32768,zr,23.5119206,30.7224383,2.74900007,0.241999999,20201117255683,651,0x3,0x1,21.1700001,26.9104919,0.112833217,0.0786909312,0.000185212732,30,1.00600004,3,0.9027971928162946,59170.2556944,0.9027971928162946,16.511024499999998,16.511024499999998
621,651203100043542,141722233,2459171.727477646,59171.222338,16.425209,0.0358619802,32768,zr,23.5119441,30.7224258,2.82800007,0.293000013,20201118222326,651,0x3,0x1,21.3700008,26.9244537,0.110970661,0.094276987,0.000179270442,30,1.00100005,3,0.9770491246930183,59171.222338,0.9770491246930183,16.425209000000002,16.425209000000002
622,651203100043542,141815359,2459172.6587033267,59172.1535995,16.4305992,0.0359053947,32768,zr,23.511913,30.7224256,3.64400005,0.186000004,20201119153600,651,0x3,0x1,20.9699993,26.7610035,0.0631065667,0.0968383998,5.79506886e-05,30,1.08200002,3,0.9722105286522329,59172.1535995,0.9722105286522329,16.430599199999996,16.430599199999996
623,651203100043542,141815503,2459172.660138472,59172.1550347,16.5346031,0.0367808901,32768,zr,23.5119387,30.7224291,2.62800002,0.263000011,20201119155035,651,0x3,0x1,21.1800003,27.0162277,0.127697498,0.0893597752,0.000234032224,30,1.079,1,0.8834027767137693,59172.1550347,0.8834027767137693,16.534603100000005,16.534603100000005
624,651203100043542,141924416,2459173.7492269543,59173.2441667,16.4372787,0.0359594449,32768,zr,23.5119508,30.7224478,2.7019999,0.296999991,20201120244167,651,0x3,0x1,21.3400002,26.9186306,0.103618659,0.0912212655,0.000154682115,30,1.005,3,0.9662478042167834,59173.2441667,0.9662478042167834,16.4372787,16.4372787
625,651203100043542,142028215,2459174.7871698965,59174.2821528,16.437149,0.0359583944,0,zr,23.5119354,30.7224432,2.81699991,0.333999991,20201121282153,651,0x3,0x1,20.5599995,26.5075188,0.044882305,0.0955766439,3.209633e-05,30,1.04999995,1,0.9663632372523063,59174.2821528,0.9663632372523063,16.437148999999998,16.437148999999998
626,651203100043542,142028409,2459174.7891142126,59174.2840972,16.3362999,0.0351722948,32768,zr,23.5119183,30.7224453,2.39499998,0.31099999,20201121284028,651,0x3,0x1,20.4500008,25.4004574,0.0587891601,0.0938003957,5.04392447e-05,30,1.05299997,3,1.06042520053595,59174.2840972,1.06042520053595,16.336299899999993,16.336299899999993
627,651203100043542,142132981,2459175.834786701,59175.3298148,16.3533783,0.0353010036,0,zr,23.5119818,30.7223936,4.09899998,0.351000011,20201122329815,651,0x3,0x1,20.2600002,26.0395947,0.0422685668,0.102172181,2.61928271e-05,30,1.18799996,3,1.0438754405996507,59175.3298148,1.0438754405996507,16.353378299999996,16.353378299999996
628,651203100043542,142215783,2459176.662770676,59176.1578356,16.3398724,0.0351990722,32768,zr,23.5117832,30.7225717,0.998000026,-0.149000004,20201123157801,651,0x3,0x1,17.2900009,23.7620583,0.0666091144,0.0515689217,0.000856300117,30,1.051,3,1.0569417178731297,59176.1578356,1.0569417178731297,16.339872399999997,16.339872399999997
629,651203100043542,142426475,2459178.7695937473,59178.2647569,16.4155502,0.0357846655,0,zr,23.5119015,30.7224179,2.54099989,0.165000007,20201125264537,651,0x3,0x1,20.2800007,26.4871769,0.0486008972,0.100237049,3.47014975e-05,30,1.03900003,3,0.9857798122309317,59178.2647569,0.9857798122309317,16.415550200000006,16.415550200000006
630,651203100043542,142511128,2459179.6160802636,59179.1112847,16.4370613,0.0359576829,32768,zr,23.51193,30.7224463,2.57800007,0.279000014,20201126111250,651,0x3,0x1,20.4899998,26.7125454,0.0440604798,0.0982785597,2.8177139e-05,30,1.148,3,0.9664412980910784,59179.1112847,0.9664412980910784,16.437061300000003,16.437061300000003
631,651203100043542,142624498,2459180.749727142,59180.2449884,16.225462,0.0343779474,0,zr,23.511922,30.7224775,0.786000013,0.0480000004,20201127244988,651,0x3,0x1,18.7000008,26.3193188,0.0436012298,0.100745946,5.41828667e-05,30,1.01999998,1,1.1743977215561519,59180.2449884,1.1743977215561519,16.225462,16.225462
632,651203100043542,142836201,2459182.866641615,59182.3620139,16.4066582,0.0357140079,0,zr,23.5119568,30.7224035,2.41700006,0.222000003,20201129362014,651,0x3,0x1,19.7399998,26.3363247,0.0459240712,0.101571903,3.0682113e-05,30,1.48399997,1,0.9938863361373236,59182.3620139,0.9938863361373236,16.406658200000003,16.406658200000003
633,651203100043542,143027829,2459184.7828206597,59184.2782986,16.426487,0.0358722545,0,zr,23.5119165,30.7224634,3.15499997,0.298000008,20201201278287,651,0x3,0x1,20.2199993,26.5049877,0.033603929,0.100745171,1.65187103e-05,30,1.10099995,1,0.9758997348396804,59184.2782986,0.9758997348396804,16.426487,16.426487
634,651203100043542,143027922,2459184.783746508,59184.2792245,16.3563728,0.035323754,0,zr,23.5119301,30.7224103,3.39700007,0.289999992,20201201279225,651,0x3,0x1,20.3299999,26.4987431,0.0345587395,0.103084579,1.73862918e-05,30,1.10300004,3,1.04100036072197,59184.2792245,1.04100036072197,16.356372799999995,16.356372799999995
635,651203100043542,143121483,2459185.719306625,59185.214838,16.482975,0.036337126,32768,zr,23.5119181,30.7224316,2.60899997,0.289000005,20201202214826,651,0x3,0x1,20.6399994,26.8336029,0.092630215,0.0957107916,0.000124825237,30,1.00699997,3,0.926424432201682,59185.214838,0.926424432201682,16.482975000000003,16.482975000000003
636,651203100043542,143226299,2459186.7674051058,59186.2629977,16.1312675,0.0337552018,0,zr,23.5119284,30.7225518,0.846000016,0.156000003,20201203262963,651,0x3,0x1,18.6000004,26.3284264,0.045242615,0.103281803,6.45730688e-05,30,1.07700002,1,1.2808344497577218,59186.2629977,1.2808344497577218,16.1312675,16.1312675
637,651203100043542,143226393,2459186.7683425457,59186.2639352,16.2393112,0.034473449,0,zr,23.5118514,30.7224375,1.06599998,0.0260000005,20201203263935,651,0x3,0x1,18.9500008,26.2997093,0.0517662391,0.105571777,5.74657206e-05,30,1.079,3,1.1595127273018855,59186.2639352,1.1595127273018855,16.239311199999996,16.239311199999996
638,651203100043542,143315248,2459187.656842758,59187.1524884,16.3428936,0.0352217779,1,zr,23.5119386,30.722443,1.85500002,0.050999999,20201204152477,651,0x3,0x1,20.4099998,26.4413872,0.0315965191,0.0994131565,1.44530413e-05,30,1.01699996,3,1.0540047303864832,59187.1524884,1.0540047303864832,16.342893600000004,16.342893600000004
639,651203100043542,143425559,2459188.75987742,59188.2555903,16.4036446,0.0356901772,0,zr,23.5119318,30.7224305,2.41899991,0.0930000022,20201205255579,651,0x3,0x1,20.4899998,26.5371437,0.038816046,0.0962970406,2.18388632e-05,30,1.07200003,1,0.9966488271044903,59188.2555903,0.9966488271044903,16.4036446,16.4036446
640,651203100043542,143426731,2459188.7716011903,59188.2673148,16.4058075,0.0357072726,0,zr,23.5119196,30.7224091,2.98600006,0.207000002,20201205267315,651,0x3,0x1,20.7000008,26.6056881,0.033154469,0.100113712,1.57698032e-05,30,1.10000002,3,0.9946653747502449,59188.2673148,0.9946653747502449,16.4058075,16.4058075
641,651203100043542,143816025,2459192.664291496,59192.1602546,16.3619576,0.0353663303,0,zr,23.5119328,30.7224275,1.76800001,0.063000001,20201209160243,651,0x3,0x1,20.0300007,25.9681568,0.0371849276,0.10067676,2.00117101e-05,30,1.00300002,3,1.0356594206645546,59192.1602546,1.0356594206645546,16.361957600000004,16.361957600000004
642,651203100043542,143922046,2459193.7244287264,59193.220463,16.4610291,0.0361540094,32768,zr,23.5119244,30.7224344,3.02800012,0.352999985,20201210220463,651,0x3,0x1,21.0499992,26.7256184,0.120408021,0.0862848014,0.000211409759,30,1.03400004,1,0.9453407085112115,59193.220463,0.9453407085112115,16.461029099999998,16.461029099999998
643,651203100043542,143922645,2459193.7304236176,59193.2264583,16.4673767,0.0362066403,32768,zr,23.511922,30.7223945,3.62299991,0.347000003,20201210226458,651,0x3,0x1,20.8799992,26.5571594,0.0726038367,0.0946213007,7.56518348e-05,30,1.04299998,3,0.939830034889679,59193.2264583,0.939830034889679,16.467376699999996,16.467376699999996
644,651203100043542,144015861,2459194.662512754,59194.1586111,16.3832035,0.035530027,0,zr,23.5119046,30.7224129,2.45900011,0.0489999987,20201211158600,651,0x3,0x1,20.7900009,26.5057526,0.0507424138,0.101624206,3.72991162e-05,30,1.00100005,3,1.0155904304092627,59194.1586111,1.0155904304092627,16.3832035,16.3832035
645,651203100043542,144120295,2459195.706780514,59195.2029514,16.4521389,0.0360807478,32768,zr,23.5119467,30.7224353,2.35700011,0.27700001,20201212202940,651,0x3,0x1,21.3099995,27.0109062,0.0827596933,0.0981795117,9.87327439e-05,30,1.01900005,1,0.9531131028099281,59195.2029514,0.9531131028099281,16.4521389,16.4521389
646,651203100043542,144120395,2459195.7077873433,59195.2039583,16.4827671,0.0363353714,32768,zr,23.5119466,30.7224119,3.25500011,0.216999993,20201212203924,651,0x3,0x1,21.2099991,26.9296188,0.0814178064,0.0985334441,9.53603449e-05,30,1.01999998,3,0.9266018436944118,59195.2039583,0.9266018436944118,16.482767099999997,16.482767099999997
647,651203100043542,144322314,2459197.726833368,59197.2231481,16.4353504,0.0359438099,32768,zr,23.5119105,30.7224097,1.99300003,0.159999996,20201214223148,651,0x3,0x1,19.4599991,25.3841438,0.0452402607,0.0806638077,3.20285799e-05,30,1.05700004,1,0.967965414052425,59197.2231481,0.967965414052425,16.435350399999997,16.435350399999997
648,651203100043542,144322408,2459197.727770801,59197.2240856,16.4098091,0.035738986,32768,zr,23.5119259,30.7224344,2.10599995,0.180999994,20201214224086,651,0x3,0x1,19.9300003,25.7415333,0.0329626016,0.0949786305,1.57492959e-05,30,1.05799997,3,0.9910061736300029,59197.2240856,0.9910061736300029,16.409809099999997,16.409809099999997
649,651203100043542,144412817,2459198.6317906813,59198.1281713,16.4126358,0.0357614495,32768,zr,23.5119268,30.7224313,2.62800002,0.298999995,20201215128044,651,0x3,0x1,21.0,26.6771774,0.0490581058,0.102286577,3.50804148e-05,30,1.01199996,3,0.9884294577048502,59198.1281713,0.9884294577048502,16.412635799999997,16.412635799999997
650,651203100043542,144522053,2459199.7240710584,59199.2205324,16.3351631,0.0351637825,0,zr,23.5119385,30.7224294,2.03200006,0.0820000023,20201216220532,651,0x3,0x1,20.5200005,26.4767323,0.0343886539,0.0962130055,1.70509975e-05,30,1.06200004,3,1.061536080579108,59199.2205324,1.061536080579108,16.335163099999995,16.335163099999995
651,651203100043542,144522146,2459199.725008488,59199.2214699,16.3618107,0.035365209,0,zr,23.5119391,30.7224228,2.11400008,0.0799999982,20201216221470,651,0x3,0x1,20.6499996,26.5304527,0.0414750502,0.0959220454,2.48459837e-05,30,1.06400001,1,1.035799554760526,59199.2214699,1.035799554760526,16.3618107,16.3618107
652,651203100043542,144612127,2459200.624744277,59200.1212731,16.3771286,0.0354829393,0,zr,23.511958,30.7224489,2.83500004,0.400000006,20201217121227,651,0x3,0x1,20.4599991,26.0296803,0.0350106545,0.103399076,1.76742142e-05,30,1.01300001,3,1.0212887782995839,59200.1212731,1.0212887782995839,16.3771286,16.3771286
653,651203100043542,144826670,2459202.770008451,59202.2667014,16.3798141,0.0355037302,0,zr,23.5119162,30.7224326,2.11400008,0.0700000003,20201219266701,651,0x3,0x1,20.5400009,26.4954662,0.0323432423,0.098020494,1.50547567e-05,30,1.23300004,3,1.0187658064348803,59202.2667014,1.0187658064348803,16.379814099999997,16.379814099999997
654,651203100043542,144826763,2459202.7709458764,59202.2676389,16.4263248,0.0358709507,32768,zr,23.5119015,30.7224474,2.37700009,0.147,20201219267639,651,0x3,0x1,20.7900009,26.6390591,0.0353324749,0.0984235555,1.81599407e-05,30,1.23699999,1,0.9760455370709811,59202.2676389,0.9760455370709811,16.426324799999996,16.426324799999996
655,651203100043542,144915898,2459203.6622190317,59203.1589815,16.3902397,0.0355848633,0,zr,23.5119439,30.722445,2.60599995,0.136000007,20201220158981,651,0x3,0x1,20.7600002,26.5828876,0.0275066011,0.0986637101,1.08714894e-05,30,1.00300002,3,1.0090300960348961,59203.1589815,1.0090300960348961,16.390239700000002,16.390239700000002
656,651203100043542,145018210,2459204.6852633297,59204.1821065,16.3868752,0.0355586,0,zr,23.5119659,30.7224115,2.20700002,0.0649999976,20201221182106,651,0x3,0x1,20.4899998,26.4654541,0.0333687551,0.104766048,1.61453554e-05,30,1.023,1,1.012161747390753,59204.1821065,1.012161747390753,16.3868752,16.3868752
657,651203100043542,145018305,2459204.6862123515,59204.1830556,16.40839,0.0357277244,32768,zr,23.5119258,30.7224396,1.91999996,0.224000007,20201221183044,651,0x3,0x1,20.8199997,26.689991,0.0539605021,0.10464602,4.24751888e-05,30,1.02400005,3,0.9923023046093491,59204.1830556,0.9923023046093491,16.408390000000004,16.408390000000004
658,651203100043542,145115709,2459205.6601739335,59205.1570949,16.3986187,0.0356505625,32768,zr,23.5119313,30.7224388,2.76600003,0.256000012,20201222157095,651,0x3,0x1,21.0599995,26.8590775,0.058622051,0.0997798368,4.99331145e-05,30,1.005,3,1.0012730339362292,59205.1570949,1.0012730339362292,16.398618700000007,16.398618700000007
659,651203100043542,145221497,2459206.717970534,59206.2149769,16.3526287,0.0352953188,32768,zr,23.5119076,30.7224393,0.856999993,-0.023,20201223214977,651,0x3,0x1,18.0100002,25.1030407,0.0439548455,0.0687275678,0.000111139329,30,1.09200001,3,1.0445963884753922,59206.2149769,1.0445963884753922,16.352628700000004,16.352628700000004
660,651203100043542,145221591,2459206.7189079593,59206.2159144,16.499876,0.0364803597,32768,zr,23.5119404,30.7224123,2.14400005,0.248999998,20201223215914,651,0x3,0x1,18.6599998,25.218605,0.045512028,0.100038536,6.8386551e-05,30,1.09500003,1,0.912115004439196,59206.2159144,0.912115004439196,16.499875999999993,16.499875999999993
661,651203100043542,145319884,2459207.701755959,59207.1988426,16.3721581,0.03544458,32768,zr,23.5117936,30.7226372,0.340000004,0.150000006,20201224198808,651,0x3,0x1,16.3899994,24.3727818,0.0470294319,0.01623163,0.00216999417,30,1.06200004,3,1.025974956478424,59207.1988426,1.025974956478424,16.3721581,16.3721581
662,651203100043542,145628600,2459210.7886631098,59210.2860069,16.3730145,0.0354511775,0,zr,23.511914,30.7224135,3.26699996,0.289000005,20201227286007,651,0x3,0x1,20.1200008,26.3884888,0.0563787371,0.090977557,4.61679447e-05,30,1.48699999,3,1.0251660136486442,59210.2860069,1.0251660136486442,16.373014500000004,16.373014500000004
663,651203100043542,145628694,2459210.78960053,59210.2869444,16.3865089,0.0355557464,32768,zr,23.5119105,30.7224538,2.68400002,0.234999999,20201227286944,651,0x3,0x1,20.0200005,26.3750267,0.0596641116,0.0922954604,5.09659039e-05,30,1.495,1,1.0125032828347564,59210.2869444,1.0125032828347564,16.386508900000003,16.386508900000003
664,651203100043542,145715121,2459211.6537982,59211.1512153,16.4067726,0.0357149169,0,zr,23.511919,30.7224207,3.13400006,0.219999999,20201228151181,651,0x3,0x1,20.2900009,26.505537,0.0528146327,0.0906837583,4.01231773e-05,30,1.01199996,3,0.9937816195344624,59211.1512153,0.9937816195344624,16.406772600000004,16.406772600000004
665,651203100043542,146118234,2459215.684583371,59215.1823495,16.306366,0.0349508487,0,zr,23.5119225,30.7224238,1.62600005,-0.00499999989,20210101181968,651,0x3,0x1,19.6499996,26.3168736,0.0404327512,0.103622645,2.36196593e-05,30,1.07299995,3,1.0900680233521889,59215.1823495,1.0900680233521889,16.306366000000004,16.306366000000004
666,651203100043542,146211496,2459216.6171168983,59216.1149653,16.3279362,0.0351098925,0,zr,23.5119236,30.7224089,3.49499989,0.324999988,20210102114931,651,0x3,0x1,20.5599995,26.1605415,0.0374950469,0.106772125,2.02685987e-05,30,1.00100005,3,1.0686254672943587,59216.1149653,1.0686254672943587,16.327936200000003,16.327936200000003
667,651203100043542,146212402,2459216.626178598,59216.1240278,16.4218636,0.0358351357,32768,zr,23.5119538,30.7224258,2.84899998,0.287,20210102124028,651,0x3,0x1,21.1000004,26.7817478,0.111969143,0.103745818,0.000180096671,30,1.00300002,1,0.9800642778988958,59216.1240278,0.9800642778988958,16.421863600000002,16.421863600000002
668,651203100043542,146313303,2459217.635093553,59217.1330324,16.4966869,0.0364531837,32768,zr,23.5119233,30.7224237,2.80999994,0.426999986,20210103133032,651,0x3,0x1,19.1599998,24.711647,0.0564792752,0.0851907581,7.34684945e-05,30,1.00999999,3,0.9147980706727177,59217.1330324,0.9147980706727177,16.496686900000007,16.496686900000007
669,651203100043542,146416061,2459218.662582635,59218.1606134,16.4537868,0.0360942855,32768,zr,23.5119244,30.7224471,2.98799992,0.204999998,20210104160602,651,0x3,0x1,20.9300003,26.7015743,0.050195504,0.0990839601,3.66553359e-05,30,1.04700005,3,0.9516675916949177,59218.1606134,0.9516675916949177,16.453786799999996,16.453786799999996
670,651203100043542,146418055,2459218.6825230327,59218.1805556,16.4462624,0.0360326022,32768,zr,23.5118938,30.7224103,2.78399992,0.193000004,20210104180521,651,0x3,0x1,20.8899994,26.6669331,0.0610807128,0.105651855,5.34842984e-05,30,1.08800006,1,0.9582857718325908,59218.1805556,0.9582857718325908,16.446262400000002,16.446262400000002
671,651203100043542,146517547,2459219.6773523693,59219.1754745,16.488369,0.0363826305,32768,zr,23.5119198,30.7224363,2.72300005,0.221000001,20210105175475,651,0x3,0x1,21.0599995,26.8542633,0.0925733894,0.0950514972,0.000123792488,30,1.08299994,3,0.921833316171004,59219.1754745,0.921833316171004,16.488369,16.488369
672,651203100043542,146611865,2459220.6204498857,59220.1186574,16.382,0.0355206877,32768,zr,23.5119277,30.7224225,2.85899997,0.275999993,20210106118657,651,0x3,0x1,21.25,26.8757133,0.0791380554,0.0979471058,9.00097293e-05,30,1.00600004,3,1.016716800466378,59220.1186574,1.016716800466378,16.381999999999998,16.381999999999998
673,651203100043542,146622459,2459220.7263777107,59220.2245949,16.350853,0.0352818668,32768,zr,23.5119188,30.7224183,2.99699998,0.328999996,20210106224595,651,0x3,0x1,20.9099998,26.6114349,0.0347465202,0.100237831,1.73900044e-05,30,1.26699996,1,1.0463062029255839,59220.2245949,1.0463062029255839,16.350852999999994,16.350852999999994
674,651203100043542,146719609,2459221.697793836,59221.1960995,16.4210453,0.0358285755,32768,zr,23.5119172,30.7224127,3.09899998,0.291000009,20210107196076,651,0x3,0x1,21.2999992,27.0095119,0.140180424,0.0882473364,0.000286177645,30,1.15799999,3,0.9808032132798213,59221.1960995,0.9808032132798213,16.421045299999996,16.421045299999996
675,651203100043542,146821497,2459222.7165779243,59222.2149769,16.5466881,0.0368874595,32768,zr,23.5119359,30.7224459,2.11599994,0.236000001,20210108214907,651,0x3,0x1,21.0400009,26.9984417,0.130554765,0.100379109,0.000244201219,30,1.24600005,1,0.8736244096332445,59222.2149769,0.8736244096332445,16.546688100000004,16.546688100000004
676,651203100043542,146821597,2459222.7175731305,59222.2159722,16.5109596,0.0365753658,32768,zr,23.5119179,30.7224469,2.7249999,0.307000011,20210108215938,651,0x3,0x1,21.0599995,26.9306564,0.111296378,0.0957806334,0.000179698836,30,1.25100005,3,0.9028511592298178,59222.2159722,0.9028511592298178,16.5109596,16.5109596
677,651203100043542,146924603,2459223.747536201,59223.2460301,16.3589344,0.0353432633,0,zr,23.5119156,30.7224385,2.37700009,0.122000001,20210109246030,651,0x3,0x1,20.3999996,26.3614349,0.047023423,0.0993173495,3.15948419e-05,30,1.45200002,3,1.0385472019610082,59223.2460301,1.0385472019610082,16.358934400000003,16.358934400000003
678,651203100043542,147010891,2459224.6103384183,59224.108912,16.3781624,0.035490945,32768,zr,23.5119325,30.7224239,2.43099999,0.209000006,20210110108866,651,0x3,0x1,20.8299999,26.6408443,0.02923204,0.108432882,1.2339051e-05,30,1.00699997,1,1.0203168056951726,59224.108912,1.0203168056951726,16.3781624,16.3781624
679,651203100043542,147010984,2459224.6112758317,59224.1098495,16.4303913,0.0359037071,32768,zr,23.5119413,30.7224227,2.41700006,0.187999994,20210110109838,651,0x3,0x1,20.8999996,26.66819,0.0410545059,0.100471534,2.42487258e-05,30,1.00699997,3,0.9723967082424221,59224.1098495,0.9723967082424221,16.430391300000004,16.430391300000004
680,651203100043542,147115528,2459225.6566186845,59225.1552894,16.4964142,0.0364508629,32768,zr,23.5119413,30.722459,3.30500007,0.280999988,20210111155220,651,0x3,0x1,19.8500004,25.600338,0.111497082,0.0980217531,0.000181337644,30,1.074,3,0.9150278656855659,59225.1552894,0.9150278656855659,16.496414199999997,16.496414199999997
681,651203100043542,147115622,2459225.6575560947,59225.1562269,16.3954525,0.035625685,32768,zr,23.5119251,30.7224312,3.46099997,0.381000012,20210111156227,651,0x3,0x1,19.6200008,25.2831402,0.0440021455,0.101713568,2.86880895e-05,30,1.07599998,2,1.0041971858998295,59225.1562269,1.0041971858998295,16.395452499999998,16.395452499999998
682,651203100043542,147215494,2459226.656178225,59226.1549421,16.3126793,0.0349971205,0,zr,23.5119259,30.7224396,1.42200005,0.00999999978,20210112154942,651,0x3,0x1,20.0900002,26.2851543,0.0360573381,0.109463252,1.86621728e-05,30,1.079,3,1.0837479275894448,59226.1549421,1.0837479275894448,16.312679300000006,16.312679300000006
683,651203100043542,147216494,2459226.6661772854,59226.1649421,16.3245316,0.0350846089,0,zr,23.5119237,30.7224488,1.09200001,0.0140000004,20210112164942,651,0x3,0x1,20.2000008,26.3479614,0.036320176,0.10802076,1.90066894e-05,30,1.10399997,1,1.0719816716197919,59226.1649421,1.0719816716197919,16.324531599999993,16.324531599999993
684,651203100043542,147216587,2459226.6671146997,59226.1658796,16.3608284,0.0353577062,1,zr,23.5119623,30.7224203,2.13899994,0.0199999996,20210112165880,651,0x3,0x1,20.2800007,26.3622932,0.0343844593,0.0991120711,1.71177489e-05,30,1.10699999,2,1.0367370995378589,59226.1658796,1.0367370995378589,16.360828399999995,16.360828399999995
685,651203100043542,147315781,2459227.658954829,59227.1578125,16.5165939,0.0366239846,32768,zr,23.5119238,30.7224435,2.39700007,0.280000001,20210113157812,651,0x3,0x1,20.9300003,26.7516117,0.105337739,0.0909310281,0.000159663876,30,1.09300005,2,0.8981780553548543,59227.1578125,0.8981780553548543,16.516593899999997,16.516593899999997
686,651203100043542,147315875,2459227.65989224,59227.15875,16.4019394,0.035676714,0,zr,23.5119143,30.7224449,2.37899995,0.228,20210113158750,651,0x3,0x1,20.8799992,26.5937099,0.0404363796,0.100504979,2.32878101e-05,30,1.09500003,3,0.9982153409894088,59227.15875,0.9982153409894088,16.401939399999996,16.401939399999996
687,651203100043542,147413444,2459228.635495109,59228.1344444,16.3921394,0.035599716,0,zr,23.5119549,30.7224461,3.03200006,0.279000014,20210114134444,651,0x3,0x1,20.4799995,26.1884747,0.0417443141,0.102330007,2.51630754e-05,30,1.04900002,3,1.007266151447183,59228.1344444,1.007266151447183,16.392139399999998,16.392139399999998
688,651203100043542,147413538,2459228.6364325173,59228.1353819,16.3733177,0.0354535207,0,zr,23.5119182,30.7224359,2.79099989,0.314999998,20210114135382,651,0x3,0x1,20.1000004,25.8956757,0.0493015349,0.108268,3.54104486e-05,30,1.051,2,1.0248797682999515,59228.1353819,1.0248797682999515,16.373317699999994,16.373317699999994
689,651203100043542,147413631,2459228.6373699284,59228.1363194,16.3208332,0.0350572169,32768,zr,23.5119252,30.7224027,3.26900005,0.314999998,20210114136319,651,0x3,0x1,20.0400009,25.7170868,0.0495265201,0.103115045,3.5714449e-05,30,1.05299997,1,1.075639445130158,59228.1363194,1.075639445130158,16.320833200000003,16.320833200000003
690,651203100043542,147513729,2459229.6382480436,59229.1372917,16.3411942,0.0352089927,0,zr,23.5119428,30.7224357,1.89699996,0.00999999978,20210115137245,651,0x3,0x1,20.3500004,26.3795586,0.0348112695,0.0983663723,1.75908935e-05,30,1.05900002,3,1.0556557558762547,59229.1372917,1.0556557558762547,16.341194199999997,16.341194199999997
691,651203100043542,147513821,2459229.639173857,59229.1382176,16.3154755,0.0350176841,0,zr,23.5119555,30.7224385,1.44299996,0.0149999997,20210115138218,651,0x3,0x1,20.2199993,26.3977871,0.0343231633,0.104980379,1.71470601e-05,30,1.06099999,2,1.0809604391723744,59229.1382176,1.0809604391723744,16.315475499999998,16.315475499999998
692,651203100043542,147613309,2459230.6339527033,59230.1330903,16.3813324,0.0355155058,32768,zr,23.5119238,30.7224138,2.66400003,0.294,20210116133090,651,0x3,0x1,20.9899998,26.680624,0.0495567769,0.100907877,3.57171339e-05,30,1.05700004,1,1.017342153894402,59230.1330903,1.017342153894402,16.381332399999998,16.381332399999998
693,651203100043542,147614208,2459230.642944853,59230.1420833,16.4779472,0.036294885,32768,zr,23.5119482,30.7224469,2.30299997,0.184,20210116142072,651,0x3,0x1,20.8799992,26.7385502,0.0748631433,0.100319073,8.19392444e-05,30,1.07500005,2,0.9307244437476171,59230.1420833,0.9307244437476171,16.477947199999996,16.477947199999996
694,651203100043542,147614351,2459230.644379915,59230.1435185,16.436327,0.0359517299,32768,zr,23.511946,30.7224153,2.57200003,0.172999993,20210116143519,651,0x3,0x1,20.9099998,26.6618328,0.0413264632,0.0963321105,2.48563065e-05,30,1.07799995,3,0.9670951381973748,59230.1435185,0.9670951381973748,16.436327,16.436327
695,651203100043542,147715142,2459231.652189715,59231.1514236,16.3206711,0.0350560136,0,zr,23.5119378,30.7224338,2.06299996,-0.00200000009,20210117151424,651,0x3,0x1,20.2199993,26.4098988,0.0326332375,0.102859981,1.55009457e-05,30,1.10500002,2,1.0758000496766271,59231.1514236,1.0758000496766271,16.32067109999999,16.32067109999999
696,651203100043542,147715236,2459231.653127124,59231.1523611,16.345808,0.0352437384,0,zr,23.5119217,30.7224271,1.66700006,0.0390000008,20210117152361,651,0x3,0x1,20.4400005,26.4430962,0.0315574259,0.101432987,1.44650166e-05,30,1.10699999,3,1.0511792997585605,59231.1523611,1.0511792997585605,16.345807999999998,16.345807999999998
697,651203100043542,147815120,2459232.6518751066,59232.1512037,16.4659882,0.0361951031,32768,zr,23.5119326,30.7224183,2.66100001,0.319999993,20210118151100,651,0x3,0x1,21.2399998,27.0024376,0.0886023343,0.0952090099,0.000112750946,30,1.11099994,1,0.9410327108044191,59232.1512037,0.9410327108044191,16.465988200000005,16.465988200000005
698,651203100043542,147815952,2459232.6601961106,59232.1595255,16.4209194,0.0358275734,32768,zr,23.5119164,30.7224067,2.88899994,0.31099999,20210118159525,651,0x3,0x1,21.1700001,26.9614582,0.0858429521,0.0964031816,0.000107852858,30,1.13600004,3,0.9809169520348944,59232.1595255,0.9809169520348944,16.420919399999995,16.420919399999995
699,651203100043542,147816046,2459232.6611335236,59232.160463,16.4104748,0.0357442684,32768,zr,23.5119353,30.7224375,2.46199989,0.272000015,20210118160463,651,0x3,0x1,21.25,26.9249229,0.0916992277,0.0913405493,0.000121891375,30,1.13900006,2,0.9903987419144689,59232.160463,0.9903987419144689,16.410474799999996,16.410474799999996
700,651203100043542,147917314,2459233.6737225335,59233.1731481,16.5284843,0.0367273241,32768,zr,23.5119372,30.7224531,2.66499996,0.180000007,20210119173148,651,0x3,0x1,20.8899994,26.829464,0.0839867294,0.0823151544,0.000102920239,30,1.19500005,2,0.8883953567152236,59233.1731481,0.8883953567152236,16.528484299999995,16.528484299999995
701,651203100043542,147917361,2459233.674185489,59233.1736111,16.4905701,0.0364012532,32768,zr,23.5119383,30.7224413,2.08100009,0.256999999,20210119173611,651,0x3,0x1,20.8700008,26.7474747,0.1144768,0.0846430063,0.000190467254,30,1.19700003,3,0.9199663875737507,59233.1736111,0.9199663875737507,16.490570100000006,16.490570100000006
702,651203100043542,149415175,2459248.6509147435,59248.1517593,16.3993931,0.0356566496,32768,zr,23.5119452,30.7224408,2.82999992,0.275000006,20210203151748,651,0x3,0x1,20.8600006,26.5799999,0.0663372353,0.10053058,6.41086081e-05,30,1.28499997,3,1.0005591318131228,59248.1517593,1.0005591318131228,16.399393100000005,16.399393100000005
703,651203100043542,149415268,2459248.651840552,59248.1526852,16.3966846,0.0356353521,32768,zr,23.5119102,30.7224029,3.2980001,0.307000011,20210203152685,651,0x3,0x1,20.7700005,26.5323009,0.0657497868,0.0905296952,6.31157309e-05,30,1.28999996,1,1.0030582632210823,59248.1526852,1.0030582632210823,16.396684600000007,16.396684600000007
704,651203100043542,149517965,2459249.678712292,59249.1796528,16.4347057,0.0359385945,32768,zr,23.5118844,30.7224276,0.628000021,0.0199999996,20210204179618,651,0x3,0x1,18.9599991,25.4432583,0.0470275395,0.0989440531,5.12680344e-05,30,1.48800004,3,0.9685403535387429,59249.1796528,0.9685403535387429,16.434705700000002,16.434705700000002
705,651203100043542,149616145,2459250.660426522,59250.1614583,16.3028679,0.0349253193,0,zr,23.5119317,30.7224441,1.505,-0.0250000004,20210205161458,651,0x3,0x1,19.7700005,26.3173752,0.0402081273,0.103813864,2.3446557e-05,30,1.375,1,1.0935857436793128,59250.1614583,1.0935857436793128,16.302867900000003,16.302867900000003
706,651203100043542,149616285,2459250.6618268895,59250.1628588,16.3057327,0.0349462256,0,zr,23.5119116,30.7224428,1.79200006,-0.00800000038,20210205162859,651,0x3,0x1,20.0,26.3302097,0.0356395319,0.104825735,1.83385619e-05,30,1.38399994,3,1.0907040355343731,59250.1628588,1.0907040355343731,16.3057327,16.3057327
707,651203100043542,149718385,2459251.6827277048,59251.1838542,16.3898106,0.0355815068,0,zr,23.5118948,30.7224148,2.61999989,0.142000005,20210206183854,651,0x3,0x1,20.5799999,26.4784298,0.032190349,0.102409959,1.49995176e-05,30,1.574,3,1.0094289593893742,59251.1838542,1.0094289593893742,16.389810599999997,16.389810599999997
708,651203100043542,149815452,2459252.6533095133,59252.1545255,16.4413242,0.0359923281,32768,zr,23.5119332,30.722427,2.83999991,0.305000007,20210207154514,651,0x3,0x1,21.1299992,26.8850117,0.0931784734,0.0911065713,0.000126172774,30,1.36500001,1,0.9626542222372378,59252.1545255,0.9626542222372378,16.441324200000004,16.441324200000004
709,651203100043542,150017292,2459254.67152735,59254.1729282,16.4498653,0.0360620916,32768,zr,23.5119207,30.7224458,2.36500001,0.266000003,20210209172882,651,0x3,0x1,20.9599991,26.8215103,0.0870085657,0.0909402817,0.000108949986,30,1.54799998,1,0.9551110728884179,59254.1729282,0.9551110728884179,16.449865299999992,16.449865299999992
710,651203100043542,150216120,2459256.659622693,59256.1612037,16.4735756,0.0362583026,32768,zr,23.5119057,30.7224373,2.75200009,0.280999988,20210211161204,651,0x3,0x1,20.7800007,26.6113758,0.0349267311,0.104654074,1.7539247e-05,30,1.49399996,1,0.9344794600832722,59256.1612037,0.9344794600832722,16.473575599999997,16.473575599999997
711,651203100043542,150216215,2459256.6605717097,59256.1621528,16.4485245,0.0360511132,32768,zr,23.5119588,30.7224276,2.75,0.206,20210211162153,651,0x3,0x1,20.7900009,26.5952682,0.0366102159,0.102713779,1.94390177e-05,30,1.50199997,3,0.9562912895702639,59256.1621528,0.9562912895702639,16.448524499999998,16.448524499999998
712,651203100043542,150615944,2459260.6575078107,59260.1594444,16.4422665,0.0359999985,0,zr,23.5119347,30.7224654,2.5150001,0.111000001,20210215159444,651,0x3,0x1,19.7000008,25.9511452,0.0388010666,0.0980394334,2.1908998e-05,30,1.57500005,1,0.961819106351933,59260.1594444,0.961819106351933,16.442266499999995,16.442266499999995
713,651203100043542,150920005,2459263.6978577585,59263.2000579,16.2435684,0.0345030092,0,zr,23.5119174,30.7224737,0.874000013,-0.0920000002,20210218199977,651,0x3,0x1,18.5900002,26.1890717,0.055939585,0.112671986,9.91156412e-05,30,2.29900002,1,1.1549751494253826,59263.2000579,1.1549751494253826,16.243568400000008,16.243568400000008
714,651203100043542,151314224,2459267.6397138964,59267.1422454,16.3986778,0.0356510207,32769,zr,23.511914,30.7224476,1.71300006,0.103,20210222142245,651,0x3,0x1,20.0300007,26.5816631,0.0347382799,0.106068373,1.76045087e-05,30,1.59500003,1,1.0012185330127854,59267.1422454,1.0012185330127854,16.398677799999994,16.398677799999994
715,651203100043542,151514255,2459269.63986308,59269.1425579,16.2546043,0.0345801152,32768,zr,23.5119513,30.7223917,3.85500002,0.300000012,20210224142558,651,0x3,0x1,20.4899998,26.4203091,0.0797512159,0.107684217,9.21627798e-05,30,1.65499997,3,1.1432949363313747,59269.1425579,1.1432949363313747,16.254604300000004,16.254604300000004
716,651203100043542,151514349,2459269.6408005026,59269.1434954,16.324131,0.0350816362,32769,zr,23.5119079,30.7224203,2.86599994,0.225999996,20210224143495,651,0x3,0x1,20.5200005,26.6609879,0.0343020968,0.104249731,1.71297252e-05,30,1.66499996,1,1.0723772696381395,59269.1434954,1.0723772696381395,16.324131,16.324131
717,651203100043542,151714046,2459271.6376085673,59271.140463,16.4011574,0.0356705487,0,zr,23.511932,30.7224384,1.93599999,0.114,20210226140463,651,0x3,0x1,19.7600002,26.3041744,0.0415095687,0.100824818,2.50860612e-05,30,1.69200003,1,0.9989345631866168,59271.140463,0.9989345631866168,16.401157399999995,16.401157399999995
718,651203100043542,152512550,2459279.622055318,59279.1255093,16.3726254,0.0354481824,0,zr,23.5119176,30.7224503,2.83299994,0.194000006,20210306125498,651,0x3,0x1,20.2099991,26.3282032,0.0451207496,0.107240714,2.99776075e-05,30,1.77400005,2,1.0255334726861665,59279.1255093,1.0255334726861665,16.372625399999997,16.372625399999997
719,651203100043542,152512851,2459279.6250643004,59279.1285185,16.3173599,0.035031572,0,zr,23.5119174,30.7224298,2.45000005,0.189999998,20210306128495,651,0x3,0x1,20.1299992,26.2668076,0.0494227819,0.103443839,3.57528043e-05,30,1.81299996,2,1.079085955119154,59279.1285185,1.079085955119154,16.317359900000007,16.317359900000007
720,651203100043542,152513150,2459279.6280501843,59279.1315046,16.3189697,0.0350434519,0,zr,23.5118962,30.7224287,1.13399994,0.0489999987,20210306131493,651,0x3,0x1,19.9899998,26.3154144,0.0524624623,0.105502993,4.02037986e-05,30,1.85399997,2,1.0774872008290923,59279.1315046,1.0774872008290923,16.318969700000004,16.318969700000004
721,651203100043542,152513450,2459279.6310476684,59279.1345023,16.3829193,0.0355278254,1,zr,23.5118876,30.7224381,1.70599997,0.0240000002,20210306134479,651,0x3,0x1,19.7999992,26.3224964,0.0455011465,0.104493067,3.04643818e-05,30,1.89699996,2,1.0158563039962736,59279.1345023,1.0158563039962736,16.382919300000005,16.382919300000005
722,651203100043542,153812138,2459292.6171127595,59292.1213889,16.4129066,0.0357636027,0,zr,23.5119012,30.7224493,2.35299993,0.238000005,20210319121377,651,0x3,0x1,19.6700001,26.1465378,0.043635644,0.10041035,2.77709805e-05,30,2.31100011,2,0.9881829583078752,59292.1213889,0.9881829583078752,16.412906600000007,16.412906600000007
723,651203100043542,153812381,2459292.619543122,59292.1238194,16.4304867,0.0359044783,0,zr,23.5119359,30.7223993,2.57299995,0.204999998,20210319123808,651,0x3,0x1,19.7199993,26.1511803,0.0413269363,0.105642669,2.5102554e-05,30,2.36800003,2,0.9723112707575803,59292.1238194,0.9723112707575803,16.430486699999996,16.430486699999996
724,651203100043542,153812623,2459292.621961987,59292.1262384,16.3926849,0.0356039889,0,zr,23.5119313,30.7224252,2.31100011,0.196999997,20210319126238,651,0x3,0x1,19.6900005,26.1523037,0.0421080701,0.119322203,2.61890746e-05,30,2.42799997,2,1.006760203801302,59292.1262384,1.006760203801302,16.3926849,16.3926849
725,651203100043542,153812866,2459292.624392453,59292.128669,16.3938942,0.0356134586,0,zr,23.5119705,30.7224378,2.28800011,0.179000005,20210319128657,651,0x3,0x1,19.7999992,26.1675186,0.0532757454,0.104122289,4.10278662e-05,30,2.49099994,2,1.0056394920253182,59292.128669,1.0056394920253182,16.3938942,16.3938942
726,651203100043542,153813108,2459292.626811315,59292.131088,16.3628311,0.035373006,0,zr,23.5119136,30.722428,2.83500004,0.252999991,20210319131088,651,0x3,0x1,19.7999992,26.1574097,0.051479701,0.111945234,3.89193629e-05,30,2.55699992,2,1.0348265436800876,59292.131088,1.0348265436800876,16.3628311,16.3628311
727,651203100043542,153912194,2459293.617613876,59293.1219444,16.4029846,0.0356849656,0,zr,23.5119084,30.7224272,2.00999999,0.207000002,20210320121944,651,0x3,0x1,19.6200008,26.2205505,0.0404363088,0.105158091,2.36619107e-05,30,2.38899994,2,0.9972548566284956,59293.1219444,0.9972548566284956,16.402984600000003,16.402984600000003
728,651203100043542,153912437,2459293.620044344,59293.124375,16.3882637,0.0355694294,0,zr,23.5119236,30.7224466,1.94299996,0.144999996,20210320124375,651,0x3,0x1,19.6200008,26.1968193,0.041370444,0.0956508368,2.52644531e-05,30,2.45000005,2,1.010868165837798,59293.124375,1.010868165837798,16.388263700000003,16.388263700000003
729,651203100043542,153912680,2459293.62247481,59293.1268056,16.3454361,0.0352409333,0,zr,23.5119284,30.72243,2.57999992,0.27700001,20210320126794,651,0x3,0x1,19.8199997,26.2189198,0.0511893928,0.107343867,3.81089194e-05,30,2.51399994,2,1.051539424567199,59293.1268056,1.051539424567199,16.345436099999993,16.345436099999993
730,651203100043542,153912922,2459293.6248935773,59293.1292245,16.4305286,0.0359048247,0,zr,23.5119082,30.7224302,2.87700009,0.157000005,20210320129225,651,0x3,0x1,19.7299995,26.1622353,0.0367072783,0.116474852,1.98557555e-05,30,2.58200002,2,0.9722737487002258,59293.1292245,0.9722737487002258,16.430528599999995,16.430528599999995
731,651203100043542,153913165,2459293.6273240456,59293.1316551,16.3878326,0.0355660729,0,zr,23.5119375,30.7224406,2.25500011,0.187000006,20210320131655,651,0x3,0x1,19.7299995,26.1705303,0.0408517607,0.108455889,2.39620731e-05,30,2.65400004,2,1.0112696185956578,59293.1316551,1.0112696185956578,16.387832600000003,16.387832600000003
732,651203100043542,154012247,2459294.6180933504,59294.1224769,16.4111366,0.0357495286,0,zr,23.5119061,30.7224053,2.0079999,0.129999995,20210321122477,651,0x3,0x1,19.1599998,26.010725,0.0438117012,0.109768838,3.60601225e-05,30,2.47199988,2,0.9897952378913368,59294.1224769,0.9897952378913368,16.4111366,16.4111366
733,651203100043542,154012490,2459294.6205237224,59294.1249074,16.4412556,0.0359917656,0,zr,23.5119223,30.7224333,1.76999998,0.167999998,20210321124896,651,0x3,0x1,19.3500004,26.0319309,0.0417083912,0.105379708,2.8397124e-05,30,2.53699994,2,0.9627150474778814,59294.1249074,0.9627150474778814,16.441255599999998,16.441255599999998
734,651203100043542,154012732,2459294.622942593,59294.1273264,16.3750305,0.0354667269,0,zr,23.5118947,30.7224469,0.711000025,0.0309999995,20210321127326,651,0x3,0x1,19.0499992,25.9916058,0.042723652,0.108050585,3.6471869e-05,30,2.60599995,2,1.023264246810387,59294.1273264,1.023264246810387,16.3750305,16.3750305
735,651203100043542,154012975,2459294.625372961,59294.1297569,16.3937912,0.0356126539,0,zr,23.5118937,30.7224031,1.42700005,0.0560000017,20210321129757,651,0x3,0x1,19.0,25.9904442,0.043423377,0.0911372229,4.03544509e-05,30,2.68000007,2,1.0057348980553957,59294.1297569,1.0057348980553957,16.393791200000003,16.393791200000003
736,651203100043542,154013217,2459294.6277918355,59294.1321759,16.3714104,0.0354388282,0,zr,23.5119398,30.7224505,1.35599995,0.0540000014,20210321132176,651,0x3,0x1,18.9200001,25.9470863,0.0436616428,0.114092648,4.13975613e-05,30,2.75699997,2,1.0266817448070147,59294.1321759,1.0266817448070147,16.371410399999995,16.371410399999995
737,651203100043542,160747605,2459361.971587779,59361.4760532,16.4224434,0.0358397812,0,zr,23.5119703,30.7224401,2.09800005,0.165999994,20210527476007,651,0x3,0x1,19.3700008,26.1586723,0.0409794897,0.0993849635,2.69424872e-05,30,2.66700006,1,0.9795410480682964,59361.4760532,0.9795410480682964,16.4224434,16.4224434
738,651203100043542,160747841,2459361.9739490994,59361.4784144,16.4528103,0.0360862613,0,zr,23.5119358,30.7224271,2.0,0.169,20210527478403,651,0x3,0x1,19.3299999,26.1640968,0.0474033654,0.0986485332,3.82502476e-05,30,2.59699988,1,0.952523896778502,59361.4784144,0.952523896778502,16.452810300000003,16.452810300000003
739,651203100043542,160748076,2459361.9762987182,59361.4807639,16.4176598,0.0358014964,0,zr,23.5119321,30.7224022,1.84500003,0.119999997,20210527480764,651,0x3,0x1,19.1900005,26.1748734,0.0636841878,0.112750135,7.4943142e-05,30,2.52999997,1,0.9838662884447131,59361.4807639,0.9838662884447131,16.417659800000003,16.417659800000003
740,651203100043542,160748311,2459361.978648336,59361.4831134,16.4618073,0.0361604467,0,zr,23.5119376,30.72243,1.52699995,0.133000001,20210527483113,651,0x3,0x1,19.2199993,26.1791153,0.0414509811,0.100261927,3.12295633e-05,30,2.46700001,1,0.9446633795652295,59361.4831134,0.9446633795652295,16.461807299999997,16.461807299999997
741,651203100043542,160847398,2459362.9695659084,59362.4739815,16.4076157,0.0357215926,0,zr,23.5119525,30.7224183,2.76300001,0.261000007,20210528473935,651,0x3,0x1,19.6200008,26.1727409,0.0417651199,0.0943223611,2.59090375e-05,30,2.64700007,1,0.9930102240003736,59362.4739815,0.9930102240003736,16.4076157,16.4076157
742,651203100043542,160847635,2459362.9719387325,59362.4763542,16.4160404,0.0357885696,0,zr,23.5119312,30.7224428,2.21799994,0.152999997,20210528476308,651,0x3,0x1,19.5799999,26.1611824,0.0496441275,0.105106957,3.64198349e-05,30,2.5769999,1,0.9853348420885945,59362.4763542,0.9853348420885945,16.416040400000007,16.416040400000007
743,651203100043542,160847873,2459362.974323056,59362.4787384,16.4528503,0.0360865854,0,zr,23.5119253,30.7224177,2.69099998,0.219999999,20210528478692,651,0x3,0x1,19.5799999,26.2000713,0.039399147,0.0935110748,2.27895289e-05,30,2.51099992,1,0.9524888051477135,59362.4787384,0.9524888051477135,16.4528503,16.4528503
744,651203100043542,160848112,2459362.97670748,59362.4811227,16.4438591,0.0360129811,0,zr,23.5119117,30.722413,1.66700006,0.131999999,20210528481076,651,0x3,0x1,19.3799992,26.1870613,0.0434106737,0.0947188064,2.98010746e-05,30,2.44799995,1,0.9604093069877838,59362.4811227,0.9604093069877838,16.443859100000005,16.443859100000005
745,651203100043542,160848350,2459362.9790918026,59362.4835069,16.4145966,0.0357770622,0,zr,23.5119277,30.7224242,1.54900002,0.204999998,20210528483461,651,0x3,0x1,19.2900009,26.1997356,0.0417583808,0.0906512067,2.93277244e-05,30,2.38800001,1,0.9866460010558065,59362.4835069,0.9866460010558065,16.414596600000003,16.414596600000003
746,651203100043542,160947267,2459363.968309172,59363.4726736,16.4119167,0.0357557274,0,zr,23.5119654,30.7224483,1.09099996,0.0379999988,20210529472604,651,0x3,0x1,19.4799995,26.1301136,0.058741428,0.1128328,5.221428e-05,30,2.60500002,1,0.9890843267716648,59363.4726736,0.9890843267716648,16.4119167,16.4119167
747,651203100043542,160947503,2459363.970670395,59363.4750347,16.3574829,0.0353321992,32768,zr,23.5120043,30.7224432,1.45700002,0.0370000005,20210529475035,651,0x3,0x1,19.1100006,26.066576,0.0640739501,0.108688951,7.98624242e-05,30,2.53800011,1,1.0399365443699933,59363.4750347,1.0399365443699933,16.3574829,16.3574829
748,651203100043542,160947738,2459363.973020124,59363.4773843,16.3379021,0.0351842903,32768,zr,23.5119094,30.7223997,0.712000012,0.0329999998,20210529477384,651,0x3,0x1,18.1299992,25.3079491,0.0862873867,0.0871977434,0.000336558151,30,2.47399998,1,1.0588615055382973,59363.4773843,1.0588615055382973,16.3379021,16.3379021
749,651203100043542,160947974,2459363.975381345,59363.4797454,16.3175144,0.0350327045,32768,zr,23.5119912,30.7224081,0.569000006,0.023,20210529479745,651,0x3,0x1,16.9099998,24.3305225,0.224372566,0.159361228,0.0103185298,30,2.41400003,1,1.0789324123728867,59363.4797454,1.0789324123728867,16.3175144,16.3175144
750,651203100043542,160948209,2459363.977730981,59363.4820949,16.4527798,0.0360860117,32768,zr,23.5117955,30.722695,0.293000013,0.0160000008,20210529482095,651,0x3,0x1,16.5300007,24.225071,0.0830453262,-0.0417784639,0.0064699268,30,2.35599995,1,0.9525506550157196,59363.4820949,0.9525506550157196,16.452779799999995,16.452779799999995
751,651203100043542,161047087,2459364.966567593,59364.4708796,16.4095573,0.035736993,0,zr,23.5119644,30.7224606,2.5999999,0.172999993,20210530470810,651,0x3,0x1,19.9400005,26.1196785,0.0558035411,0.0945853516,4.46651393e-05,30,2.57800007,1,0.9912360308378001,59364.4708796,0.9912360308378001,16.409557299999996,16.409557299999996
752,651203100043542,161047322,2459364.9689173214,59364.4732292,16.4058228,0.0357073955,0,zr,23.5119551,30.7224509,2.21600008,0.142000005,20210530473229,651,0x3,0x1,19.8899994,26.3049412,0.0389348194,0.103207923,2.19969461e-05,30,2.51200008,1,0.9946513582028139,59364.4732292,0.9946513582028139,16.405822800000003,16.405822800000003
753,651203100043542,161047557,2459364.9712669495,59364.4755787,16.4050293,0.0357011184,0,zr,23.5119348,30.7224225,2.22000003,0.0829999968,20210530475579,651,0x3,0x1,19.6100006,26.0961437,0.0451378524,0.0961850286,2.9732284e-05,30,2.45000005,1,0.995378555407459,59364.4755787,0.995378555407459,16.405029300000002,16.405029300000002
754,651203100043542,161047793,2459364.9736281764,59364.4779398,16.4215107,0.0358323082,0,zr,23.511965,30.7224373,1.95500004,0.149000004,20210530477940,651,0x3,0x1,19.8099995,26.1476631,0.0453550331,0.104256473,2.97512179e-05,30,2.39100003,1,0.980382882820571,59364.4779398,0.980382882820571,16.421510699999992,16.421510699999992
755,651203100043542,161048028,2459364.975977905,59364.4802894,16.4478683,0.0360457376,0,zr,23.5119421,30.722446,3.375,0.287999988,20210530480289,651,0x3,0x1,19.8500004,26.1790733,0.0350054465,0.100769334,1.76595404e-05,30,2.33400011,1,0.9568694300156404,59364.4802894,0.9568694300156404,16.447868300000003,16.447868300000003
756,651203100043542,161147348,2459365.969225729,59365.4734838,16.40909,0.0357332863,0,zr,23.5119496,30.7224145,3.17499995,0.248999998,20210531473472,651,0x3,0x1,19.9599991,26.1262035,0.0450527109,0.104014806,2.91263113e-05,30,2.43400002,1,0.9916627498611884,59365.4734838,0.9916627498611884,16.40909,16.40909
757,651203100043542,161147586,2459365.97161016,59365.4758681,16.4043503,0.0356957577,0,zr,23.5119657,30.7224264,2.99799991,0.232999995,20210531475868,651,0x3,0x1,19.8400002,26.1124592,0.0524811186,0.104971029,3.97331569e-05,30,2.375,1,0.9960012420381883,59365.4758681,0.9960012420381883,16.404350299999997,16.404350299999997
758,651203100043542,161147825,2459365.9739944967,59365.4782523,16.3806877,0.0355105028,0,zr,23.5118949,30.7224605,2.75,0.287,20210531478252,651,0x3,0x1,19.8799992,26.1437511,0.0511297509,0.110747799,3.75539494e-05,30,2.31800008,1,1.0179464215333798,59365.4782523,1.0179464215333798,16.380687700000003,16.380687700000003
759,651203100043542,161148063,2459365.976378925,59365.4806366,16.4482403,0.0360487849,0,zr,23.5119614,30.7224259,2.9749999,0.214000002,20210531480637,651,0x3,0x1,19.6900005,26.1444435,0.0386390649,0.0999110192,2.17678298e-05,30,2.2650001,1,0.9565416391085938,59365.4806366,0.9565416391085938,16.448240300000002,16.448240300000002
760,651203100043542,161148302,2459365.978763258,59365.4830208,16.4567337,0.0361185446,0,zr,23.5119497,30.7224346,2.29299998,0.170000002,20210531483021,651,0x3,0x1,19.3799992,26.1319561,0.0474659018,0.0971390828,3.53109535e-05,30,2.21399999,1,0.9490880823111054,59365.4830208,0.9490880823111054,16.456733699999994,16.456733699999994
761,651203100043542,161247333,2459366.969130276,59366.4733333,16.3817081,0.035518419,0,zr,23.5119113,30.7224316,2.68099999,0.225999996,20210601473333,651,0x3,0x1,20.0,26.2777424,0.0375450589,0.112640165,2.04754633e-05,30,2.36999989,1,1.0169901813584419,59366.4733333,1.0169901813584419,16.381708100000004,16.381708100000004
762,651203100043542,161247571,2459366.971514711,59366.4757176,16.408699,0.0357301831,0,zr,23.5119175,30.7224336,2.5150001,0.340000004,20210601475718,651,0x3,0x1,20.0100002,26.3517914,0.0567100942,0.106702656,4.61927557e-05,30,2.31399989,1,0.9920199360351385,59366.4757176,0.9920199360351385,16.408699000000006,16.408699000000006
763,651203100043542,161247810,2459366.973899145,59366.4781019,16.4295502,0.0358969308,0,zr,23.5119401,30.7224352,3.56800008,0.365999997,20210601478102,651,0x3,0x1,20.0,26.1696854,0.0371422656,0.100110292,1.97541212e-05,30,2.26099992,1,0.9731502980637815,59366.4781019,0.9731502980637815,16.4295502,16.4295502
764,651203100043542,161248048,2459366.976283481,59366.4804861,16.4016685,0.0356745794,0,zr,23.5119304,30.7224325,2.87199998,0.259000003,20210601480486,651,0x3,0x1,19.8299999,26.1437511,0.0523792952,0.103465863,3.91536014e-05,30,2.21000004,1,0.9984644348973591,59366.4804861,0.9984644348973591,16.401668499999992,16.401668499999992
765,651203100043542,161248287,2459366.978667916,59366.4828704,16.4241581,0.0358535424,0,zr,23.51194,30.7224166,1.97099996,0.259000003,20210601482870,651,0x3,0x1,19.6100006,26.1412964,0.0421251096,0.0978993699,2.61924724e-05,30,2.16100001,1,0.9779952827000641,59366.4828704,0.9779952827000641,16.424158099999993,16.424158099999993
766,651203100043542,161347287,2459367.968723646,59367.4728704,16.4210129,0.0358283184,1,zr,23.5119561,30.7224308,2.51799989,0.254000008,20210602472870,651,0x3,0x1,20.0400009,26.3651199,0.0570259765,0.102131695,4.74749177e-05,30,2.31699991,1,0.980832482358367,59367.4728704,0.980832482358367,16.4210129,16.4210129
767,651203100043542,161347527,2459367.971131186,59367.4752778,16.4109802,0.0357482843,0,zr,23.5119489,30.7224281,2.65199995,0.201000005,20210602475278,651,0x3,0x1,19.9400005,26.1100693,0.0419240631,0.0957698226,2.52282862e-05,30,2.26300001,1,0.9899378278913655,59367.4752778,0.9899378278913655,16.410980200000004,16.410980200000004
768,651203100043542,161347768,2459367.9735387275,59367.4776852,16.4150696,0.0357808359,0,zr,23.5119144,30.7224488,2.77699995,0.224000007,20210602477685,651,0x3,0x1,19.8899994,26.0481663,0.0389269181,0.101449564,2.15444452e-05,30,2.21099997,1,0.9862162632280708,59367.4776852,0.9862162632280708,16.415069600000002,16.415069600000002
769,651203100043542,161348010,2459367.9759578668,59367.4801042,16.4057465,0.035706792,0,zr,23.5119299,30.722428,2.23900008,0.130999997,20210602480104,651,0x3,0x1,19.7800007,26.1448345,0.039218083,0.0880914405,2.20949623e-05,30,2.16199994,1,0.9947212596807378,59367.4801042,0.9947212596807378,16.4057465,16.4057465
770,651203100043542,161348251,2459367.978365406,59367.4825116,16.4685745,0.0362166055,0,zr,23.5119411,30.7224094,2.57800007,0.252000004,20210602482512,651,0x3,0x1,19.7700005,26.1907902,0.0503464416,0.102298893,3.69360132e-05,30,2.11500001,1,0.9387937724171224,59367.4825116,0.9387937724171224,16.468574499999995,16.468574499999995
771,651203100043542,161447284,2459368.968757976,59368.4728472,16.4312477,0.0359106287,0,zr,23.5119209,30.7224468,2.4690001,0.148000002,20210603472847,651,0x3,0x1,20.0599995,26.3592739,0.0434946418,0.101279877,2.7070957e-05,30,2.25600004,1,0.9716300098548455,59368.4728472,0.9716300098548455,16.431247699999993,16.431247699999993
772,651203100043542,161447525,2459368.971165516,59368.4752546,16.4380913,0.0359660424,0,zr,23.5119612,30.7224109,3.13199997,0.275999993,20210603475255,651,0x3,0x1,20.0900002,26.2041359,0.0457725637,0.0984793976,2.97029692e-05,30,2.20499992,1,0.9655249037450414,59368.4752546,0.9655249037450414,16.438091300000004,16.438091300000004
773,651203100043542,161447766,2459368.9735730584,59368.477662,16.3531246,0.0352990776,0,zr,23.5119603,30.7224528,1.74600005,0.109999999,20210603477662,651,0x3,0x1,19.7600002,26.1129951,0.0520350263,0.103357889,3.89444394e-05,30,2.1559999,1,1.0441193876482993,59368.477662,1.0441193876482993,16.353124599999994,16.353124599999994
774,651203100043542,161448006,2459368.975980604,59368.4800694,16.3378105,0.0351836048,32768,zr,23.5119097,30.7224649,2.73799992,0.165999994,20210603480069,651,0x3,0x1,19.6900005,26.2166462,0.0717412159,0.104027778,7.34136556e-05,30,2.1099999,1,1.0589508419765927,59368.4800694,1.0589508419765927,16.337810499999996,16.337810499999996
775,651203100043542,161448248,2459368.978399745,59368.4824884,16.4027786,0.0356833376,0,zr,23.5119454,30.7224051,2.64299989,0.214000002,20210603482488,651,0x3,0x1,19.6399994,26.1697617,0.0484455302,0.0936356708,3.39246872e-05,30,2.06599998,1,0.9974440867468799,59368.4824884,0.9974440867468799,16.402778599999998,16.402778599999998
776,651203100043542,161547097,2459369.9669416063,59369.4709722,16.5144844,0.0366057605,32769,zr,23.5119284,30.7224829,2.41100001,0.209000006,20210604470972,651,0x3,0x1,20.3400002,26.4727421,0.0615889765,0.0981602967,5.50889345e-05,30,2.23799992,1,0.8999248410151443,59369.4709722,0.8999248410151443,16.514484400000008,16.514484400000008
777,651203100043542,161547333,2459369.969302847,59369.4733333,16.3787804,0.0354957208,0,zr,23.5119598,30.7224355,2.22199988,0.240999997,20210604473333,651,0x3,0x1,20.2199993,26.3817692,0.0448336191,0.104052037,2.87564599e-05,30,2.18799996,1,1.0197362076075989,59369.4733333,1.0197362076075989,16.378780400000004,16.378780400000004
778,651203100043542,161547568,2459369.971652589,59369.4756829,16.4156227,0.0357852429,1,zr,23.511958,30.7224515,2.41300011,0.214000002,20210604475683,651,0x3,0x1,20.1000004,26.3826885,0.0376041234,0.106296241,2.02323536e-05,30,2.14199996,1,0.9857139890135228,59369.4756829,0.9857139890135228,16.415622699999993,16.415622699999993
779,651203100043542,161547804,2459369.974013832,59369.478044,16.4191475,0.0358133838,0,zr,23.5119558,30.7224034,2.74699998,0.244000003,20210604478032,651,0x3,0x1,20.0499992,26.2802296,0.0455900468,0.0994239226,2.95775153e-05,30,2.09699988,1,0.9825190960668528,59369.478044,0.9825190960668528,16.4191475,16.4191475
780,651203100043542,161548039,2459369.976363474,59369.4803935,16.4219418,0.0358357541,0,zr,23.5119512,30.7224383,2.45700002,0.208000004,20210604480394,651,0x3,0x1,19.7299995,26.1870308,0.0445426069,0.0930132195,2.82346609e-05,30,2.0539999,1,0.9799936914468307,59369.4803935,0.9799936914468307,16.421941800000006,16.421941800000006
781,651203100043542,161647055,2459370.96658492,59370.4705556,16.4172745,0.0357984193,1,zr,23.5119456,30.7224211,2.21300006,0.104999997,20210605470556,651,0x3,0x1,20.3099995,26.4333363,0.0380454771,0.0998233482,2.06369477e-05,30,2.18899989,1,0.9842154993771536,59370.4705556,0.9842154993771536,16.417274499999998,16.417274499999998
782,651203100043542,161647291,2459370.9689461663,59370.4729167,16.4120712,0.0357569568,0,zr,23.5119351,30.7224211,2.38100004,0.119000003,20210605472917,651,0x3,0x1,20.1399994,26.422121,0.0409111157,0.099584125,2.40053669e-05,30,2.14199996,1,0.9889435903241931,59370.4729167,0.9889435903241931,16.412071200000007,16.412071200000007
783,651203100043542,161647526,2459370.9712958117,59370.4752662,16.405674,0.0357062146,1,zr,23.5119239,30.7224583,2.05299997,0.123000003,20210605475266,651,0x3,0x1,20.0900002,26.3847122,0.04370014,0.101144299,2.75399398e-05,30,2.09800005,1,0.9947876843784523,59370.4752662,0.9947876843784523,16.405673999999998,16.405673999999998
784,651203100043542,161647761,2459370.9736454585,59370.4776157,16.4207649,0.0358263329,0,zr,23.5118915,30.7224103,3.08100009,0.194000006,20210605477616,651,0x3,0x1,19.8500004,26.1758404,0.0419791378,0.0891367868,2.52412519e-05,30,2.05500007,1,0.9810565462123875,59370.4776157,0.9810565462123875,16.4207649,16.4207649
785,651203100043542,161647997,2459370.9760067975,59370.4799769,16.4092445,0.0357345045,0,zr,23.5119933,30.7224513,1.45200002,0.0399999991,20210605479977,651,0x3,0x1,19.6100006,26.1813011,0.0552103445,0.0944637135,4.40356962e-05,30,2.01399994,1,0.9915216465308536,59370.4799769,0.9915216465308536,16.409244499999993,16.409244499999993
786,651203100043542,161747046,2459371.9665534357,59371.470463,16.4976444,0.0364613347,32768,zr,23.5119507,30.7224055,3.03999996,0.211999997,20210606470463,651,0x3,0x1,20.5699997,26.5878906,0.0807857588,0.100957625,9.34322161e-05,30,2.13700008,1,0.9139916749477401,59371.470463,0.9139916749477401,16.497644400000006,16.497644400000006
787,651203100043542,161747282,2459371.968914683,59371.4728241,16.452198,0.0360812284,32769,zr,23.5119656,30.7224453,2.70099998,0.219999999,20210606472812,651,0x3,0x1,20.4599991,26.5733566,0.0482084192,0.0932819843,3.36202211e-05,30,2.09299994,1,0.9530612233100267,59371.4728241,0.9530612233100267,16.452198000000003,16.452198000000003
788,651203100043542,161747517,2459371.9712643297,59371.4751736,16.411869,0.0357553549,0,zr,23.5119782,30.7224128,3.21799994,0.215000004,20210606475174,651,0x3,0x1,20.2700005,26.4629517,0.0347069129,0.10177245,1.71737975e-05,30,2.04999995,1,0.9891277814879781,59371.4751736,0.9891277814879781,16.411869000000003,16.411869000000003
789,651203100043542,161747752,2459371.9736139793,59371.4775231,16.4556999,0.0361100323,32768,zr,23.5119459,30.7224402,2.1789999,0.179000005,20210606477523,651,0x3,0x1,20.2199993,26.5528717,0.0575699136,0.103569612,4.73445798e-05,30,2.00900006,1,0.9499922011201015,59371.4775231,0.9499922011201015,16.455699900000006,16.455699900000006
790,651203100043542,161747988,2459371.9759753277,59371.4798843,16.4017563,0.0356752761,0,zr,23.5119389,30.7224185,2.96799994,0.180999994,20210606479884,651,0x3,0x1,19.9500008,26.415823,0.0411148481,0.0985537171,2.41971538e-05,30,1.97000003,1,0.9983836955497221,59371.4798843,0.9983836955497221,16.401756299999995,16.401756299999995
791,651203100043542,162346086,2459377.957348388,59377.4608681,16.3982468,0.0356476344,32769,zr,23.5119175,30.7224498,2.76200008,0.256999999,20210612460856,651,0x3,0x1,20.7800007,26.5633755,0.0326474793,0.10851296,1.5529622e-05,30,2.01399994,1,1.0016160612959042,59377.4608681,1.0016160612959042,16.398246800000003,16.398246800000003
792,651203100043542,162346287,2459377.959350828,59377.4628704,16.4104652,0.0357441939,32768,zr,23.5119118,30.7224251,2.53900003,0.229000002,20210612462859,651,0x3,0x1,20.7399998,26.6576233,0.0709897876,0.109240673,7.32994813e-05,30,1.98099995,1,0.9904074989863153,59377.4628704,0.9904074989863153,16.410465199999997,16.410465199999997
793,651203100043542,162346488,2459377.9613648662,59377.4648843,16.3832626,0.0355304927,32768,zr,23.511929,30.7224401,3.15499997,0.252999991,20210612464861,651,0x3,0x1,20.7199993,26.5463657,0.0437789857,0.106961839,2.7817634e-05,30,1.94799995,1,1.0155351501665728,59377.4648843,1.0155351501665728,16.383262600000002,16.383262600000002
794,651203100043542,162346688,2459377.963367305,59377.4668866,16.395174,0.0356234945,32768,zr,23.51193,30.7224369,2.61400008,0.275000006,20210612466875,651,0x3,0x1,20.6100006,26.554306,0.0413015522,0.105376728,2.47940097e-05,30,1.91700006,1,1.004454803529935,59377.4668866,1.004454803529935,16.395174000000004,16.395174000000004
795,651203100043542,162346890,2459377.9653813434,59377.4689005,16.410881,0.0357474983,32768,zr,23.5119518,30.7224353,1.71300006,0.170000002,20210612468877,651,0x3,0x1,20.4300003,26.5050507,0.0340394266,0.102291495,1.68257611e-05,30,1.88699996,1,0.9900282792536997,59377.4689005,0.9900282792536997,16.410880999999996,16.410880999999996
796,651203100043542,162446170,2459378.958250604,59378.4617014,16.4067268,0.0357145481,32769,zr,23.5119285,30.7224135,2.96099997,0.300999999,20210613461690,651,0x3,0x1,20.9400005,26.7038212,0.0587503873,0.10602814,4.96538414e-05,30,1.95599997,1,0.9938235414654023,59378.4617014,0.9938235414654023,16.406726799999994,16.406726799999994
797,651203100043542,162446365,2459378.9602067405,59378.4636574,16.4823875,0.0363321789,32769,zr,23.5119413,30.722441,2.2349999,0.209999993,20210613463657,651,0x3,0x1,20.8899994,26.6846352,0.0678540394,0.0944290087,6.6264176e-05,30,1.92499995,1,0.9269258630589703,59378.4636574,0.9269258630589703,16.48238750000001,16.48238750000001
798,651203100043542,162446562,2459378.962174481,59378.465625,16.5051117,0.036525134,32769,zr,23.5119185,30.7224633,2.80900002,0.287,20210613465625,651,0x3,0x1,20.8700008,26.7674065,0.110593595,0.100925311,0.000177860842,30,1.89499998,1,0.9077271388582776,59378.465625,0.9077271388582776,16.505111700000008,16.505111700000008
799,651203100043542,162446758,2459378.9641306167,59378.467581,16.4840717,0.0363463648,32769,zr,23.5119473,30.7224326,2.43499994,0.308999985,20210613467581,651,0x3,0x1,20.9500008,26.8613281,0.154204339,0.110565417,0.000339472201,30,1.86600006,1,0.9254891251644903,59378.467581,0.9254891251644903,16.48407170000001,16.48407170000001
800,651203100043542,162446954,2459378.966098356,59378.4695486,16.4839401,0.0363452472,32769,zr,23.5119371,30.7224211,2.75699997,0.287,20210613469549,651,0x3,0x1,20.8899994,26.7811966,0.124138713,0.0945349783,0.000221773225,30,1.83899999,1,0.9256013087223992,59378.4695486,0.9256013087223992,16.483940100000005,16.483940100000005
801,651203100043542,162546131,2459379.957938461,59379.4613194,16.4706917,0.0362342335,32769,zr,23.5119119,30.7224124,3.21700001,0.351999998,20210614461319,651,0x3,0x1,20.8799992,26.7158642,0.087175414,0.101617306,0.000108343396,30,1.91900003,1,0.9369648958554813,59379.4613194,0.9369648958554813,16.470691699999996,16.470691699999996
802,651203100043542,162546328,2459379.9599062004,59379.463287,16.4536343,0.0360930301,32768,zr,23.5119249,30.7224339,2.89599991,0.335000008,20210614463287,651,0x3,0x1,20.7700005,26.577774,0.0553717017,0.105251834,4.37586168e-05,30,1.88900006,1,0.9518012701149937,59379.463287,0.9518012701149937,16.453634299999997,16.453634299999997
803,651203100043542,162546525,2459379.9618739393,59379.4652546,16.4585133,0.036133226,32768,zr,23.5119503,30.7224467,2.68899989,0.254000008,20210614465255,651,0x3,0x1,20.7999992,26.5826626,0.0560948886,0.100682147,4.49623112e-05,30,1.86099994,1,0.9475337326396699,59379.4652546,0.9475337326396699,16.4585133,16.4585133
804,651203100043542,162546721,2459379.9638300794,59379.4672106,16.4423981,0.0360010676,32768,zr,23.511942,30.7224596,2.89199996,0.237000003,20210614467211,651,0x3,0x1,20.7000008,26.5405178,0.0563551337,0.111307628,4.55351073e-05,30,1.83299994,1,0.9617025331703716,59379.4672106,0.9617025331703716,16.4423981,16.4423981
805,651203100043542,162546918,2459379.96580942,59379.4691898,16.4243355,0.0358549617,32768,zr,23.5119579,30.7224188,3.03699994,0.352999985,20210614469178,651,0x3,0x1,20.7000008,26.570425,0.0610846952,0.108702317,5.31051046e-05,30,1.80700004,1,0.9778354996982018,59379.4691898,0.9778354996982018,16.424335500000005,16.424335500000005
806,651203100043542,162646033,2459380.957025477,59380.4603356,16.6221905,0.0375774689,32768,zr,23.5118988,30.7224106,2.48399997,0.379000008,20210615460336,651,0x3,0x1,18.7000008,23.9485836,0.11788968,0.0654467046,0.000577190309,30,1.89300001,1,0.8149365567564284,59380.4603356,0.8149365567564284,16.622190499999995,16.622190499999995
807,651203100043542,162646230,2459380.958993216,59380.4623032,16.5675449,0.0370738655,32768,zr,23.5119498,30.7224076,2.20600009,0.243000001,20210615462303,651,0x3,0x1,18.9200001,24.2468395,0.0732036531,0.075362362,0.000160032156,30,1.86399996,1,0.8570024036531171,59380.4623032,0.8570024036531171,16.567544899999994,16.567544899999994
808,651203100043542,162646425,2459380.9609494573,59380.4642593,16.4604359,0.0361491106,32768,zr,23.5119531,30.7224266,2.13199997,0.218999997,20210615464259,651,0x3,0x1,19.0900002,24.3655243,0.054250136,0.102507018,7.41007389e-05,30,1.83599997,1,0.9458573435150184,59380.4642593,0.9458573435150184,16.4604359,16.4604359
809,651203100043542,162646622,2459380.9629172026,59380.4662269,16.3080006,0.0349628143,32768,zr,23.5119131,30.722419,2.74099994,0.300000012,20210615466227,651,0x3,0x1,19.3899994,24.6427727,0.0539861023,0.12194337,5.64439033e-05,30,1.80999994,1,1.088428136455805,59380.4662269,1.088428136455805,16.308000600000007,16.308000600000007
810,651203100043542,162646819,2459380.9648848423,59380.4681944,16.4290333,0.0358927585,32768,zr,23.5119536,30.7224362,2.86299992,0.381999999,20210615468194,651,0x3,0x1,19.5799999,24.8610592,0.0562490597,0.095697172,5.07611039e-05,30,1.78400004,1,0.9736137081865177,59380.4681944,0.9736137081865177,16.429033300000008,16.429033300000008
811,651203100043542,163839789,2459392.8954990054,59392.3978935,16.4302864,0.0359028652,0,zr,23.5119417,30.7224166,2.31999993,0.145999998,20210627397535,651,0x3,0x1,19.75,26.1373558,0.044628609,0.0996777937,2.85913156e-05,30,2.48300004,2,0.9724906623189925,59392.3978935,0.9724906623189925,16.430286399999993,16.430286399999993
812,651203100043542,164240710,2459396.905044462,59396.4071065,16.3626328,0.0353714861,0,zr,23.5118934,30.7224281,3.25999999,0.310000002,20210701407072,651,0x3,0x1,20.1100006,26.1314526,0.0517753027,0.0966654047,3.81911123e-05,30,2.04699993,2,1.0350155627469608,59396.4071065,1.0350155627469608,16.362632799999993,16.362632799999993
813,651203100043542,164338512,2459397.8831479372,59397.3851273,16.3481998,0.0352617912,1,zr,23.5119717,30.7224326,1.40799999,0.0590000004,20210702384942,651,0x3,0x1,19.9400005,26.3310165,0.0525930896,0.105860814,3.98691955e-05,30,2.45900011,2,1.048866174934561,59397.3851273,1.048866174934561,16.348199799999996,16.348199799999996
814,651203100043542,164340952,2459397.9075482367,59397.4095255,16.4638519,0.0361773819,32769,zr,23.5119366,30.7224437,2.87299991,0.234999999,20210702409491,651,0x3,0x1,20.4099998,26.452919,0.0530541465,0.100827686,4.02430087e-05,30,1.96000004,2,0.9428861142692478,59397.4095255,0.9428861142692478,16.4638519,16.4638519
815,651203100043542,164644689,2459400.945181414,59400.4468981,16.4440823,0.036014799,32769,zr,23.51192,30.7224416,1.75899994,0.119000003,20210705446875,651,0x3,0x1,20.75,26.6660748,0.0754195228,0.0902587175,8.13083971e-05,30,1.45099998,2,0.9602118913319071,59400.4468981,0.9602118913319071,16.444082299999998,16.444082299999998
816,651203100043542,164743314,2459401.9315171,59401.4331481,16.3891697,0.0355765,32768,zr,23.5119739,30.7224204,2.64599991,0.0659999996,20210706433079,651,0x3,0x1,20.6200008,26.5271549,0.0350553729,0.0992715061,1.77347665e-05,30,1.54299998,2,1.0100249918298845,59401.4331481,1.0100249918298845,16.389169700000004,16.389169700000004
817,651203100043542,164746090,2459401.959274247,59401.4609028,16.3553391,0.0353158973,0,zr,23.5119339,30.72244,1.94799995,0.0199999996,20210706460868,651,0x3,0x1,20.5200005,26.4392567,0.0429099239,0.0944331288,2.67788619e-05,30,1.33700001,2,1.0419919408912928,59401.4609028,1.0419919408912928,16.355339100000002,16.355339100000002
818,651203100043542,164843468,2459402.9331440474,59402.4346875,16.3682404,0.0354144461,0,zr,23.5119498,30.7223981,1.66100001,0.00999999978,20210707434688,651,0x3,0x1,20.3400002,26.3561497,0.050038591,0.101562507,3.60764498e-05,30,1.505,2,1.029683705051487,59402.4346875,1.029683705051487,16.368240399999998,16.368240399999998
819,651203100043542,164942636,2459403.9249094045,59403.4263657,16.4680176,0.0362119712,32768,zr,23.5119566,30.7224014,2.98600006,0.293000013,20210708426319,651,0x3,0x1,21.0599995,26.6761856,0.0739610717,0.0975619406,7.80157716e-05,30,1.55499995,2,0.9392754256533736,59403.4263657,0.9392754256533736,16.468017600000003,16.468017600000003
820,651203100043542,165443050,2459408.929499286,59408.4305093,16.3364029,0.0351730622,32768,zr,23.5119239,30.7224173,2.80299997,0.209000006,20210713430301,651,0x3,0x1,21.0599995,26.410265,0.104092039,0.103088491,0.000154618901,30,1.41100001,2,1.0603246064740541,59408.4305093,1.0603246064740541,16.336402900000003,16.336402900000003
821,651203100043542,165445398,2459408.9529736214,59408.4539815,16.6052551,0.0374190025,32768,zr,23.5119188,30.7224309,1.70000005,0.245000005,20210713453958,651,0x3,0x1,18.7000008,23.4306164,0.0715164989,0.106103234,0.000193146043,30,1.26999998,1,0.8277476567642288,59408.4539815,0.8277476567642288,16.6052551,16.6052551
822,651203100043542,165445491,2459408.953911207,59408.454919,16.587513,0.0372553058,32768,zr,23.5119199,30.7224079,0.76700002,0.134000003,20210713454919,651,0x3,0x1,18.3899994,23.0368366,0.163390741,0.0886134729,0.00183673017,30,1.26499999,2,0.8413850673091736,59408.454919,0.8413850673091736,16.587512999999994,16.587512999999994
823,651203100043542,165546443,2459409.96351626,59409.4644329,16.5067596,0.0365392677,32769,zr,23.5119255,30.722442,2.97600007,0.432000011,20210714464433,651,0x3,0x1,21.2399998,26.7399807,0.114918463,0.101457052,0.000189524071,30,1.20799994,2,0.9063504610382498,59409.4644329,0.9063504610382498,16.506759600000002,16.506759600000002
824,651203100043542,165640703,2459410.9062056923,59410.407037,16.4744091,0.0362652615,32769,zr,23.5119486,30.7224587,2.54699993,0.238999993,20210715406840,651,0x3,0x1,20.75,26.4225674,0.0641682222,0.106975868,5.8892605e-05,30,1.55700004,2,0.9337623524343661,59410.407037,0.9337623524343661,16.474409099999995,16.474409099999995
825,651203100043542,165642983,2459410.9290087833,59410.429838,16.5012836,0.0364923812,32769,zr,23.5119494,30.7224252,3.02800012,0.418000013,20210715429838,651,0x3,0x1,20.9699993,26.5454597,0.0846273378,0.102834903,0.000103771126,30,1.37800002,2,0.910933261411582,59410.429838,0.910933261411582,16.5012836,16.5012836
826,651203100043542,165643077,2459410.92994637,59410.4307755,16.4477272,0.0360445827,32768,zr,23.5119372,30.722422,2.74000001,0.349000007,20210715430775,651,0x3,0x1,20.9699993,26.5347958,0.059665449,0.0974591896,5.14349958e-05,30,1.37199998,2,0.9569937908405383,59410.4307755,0.9569937908405383,16.447727199999996,16.447727199999996
827,651203100043542,165746328,2459411.9625517107,59411.463287,16.4854469,0.0363579467,32768,zr,23.5119395,30.722429,2.68099999,0.275999993,20210716463287,651,0x3,0x1,21.2399998,26.7386436,0.14609769,0.084087953,0.000308124407,30,1.19099998,1,0.9243176371417771,59411.463287,0.9243176371417771,16.485446899999992,16.485446899999992
828,651203100043542,165840559,2459412.9049408133,59412.4055903,16.4984398,0.0364681184,32768,zr,23.5119259,30.7224433,2.83500004,0.347000003,20210717405428,651,0x3,0x1,20.9500008,26.6166954,0.12606439,0.103168897,0.000226724034,30,1.52100003,2,0.913322338558777,59412.4055903,0.913322338558777,16.498439799999993,16.498439799999993
829,651203100043542,165842269,2459412.9220488844,59412.4226968,16.4411736,0.0359910987,32768,zr,23.5119811,30.7224518,3.21099997,0.326999992,20210717422674,651,0x3,0x1,20.9599991,26.5932884,0.0845768452,0.0924309194,0.000104097118,30,1.38900006,2,0.9627877590764117,59412.4226968,0.9627877590764117,16.441173600000006,16.441173600000006
830,651203100043542,165842994,2459412.929294856,59412.4299421,16.5157547,0.0366167277,32768,zr,23.5119381,30.7224437,2.27399993,0.263999999,20210717429942,651,0x3,0x1,21.1399994,26.757019,0.127517253,0.100981221,0.000235130559,30,1.34300005,2,0.8988725540690683,59412.4299421,0.8988725540690683,16.515754699999995,16.515754699999995
831,651203100043542,166345550,2459417.9553227755,59417.4555093,16.3897381,0.0355809443,32768,zr,23.511949,30.7224399,2.88599992,0.261000007,20210722455440,651,0x3,0x1,20.0599995,25.4997063,0.0383029319,0.0959409401,2.13028288e-05,30,1.15900004,2,1.0094963662260523,59417.4555093,1.0094963662260523,16.389738099999995,16.389738099999995
832,651203100043542,166346533,2459417.965149986,59417.4653356,16.4252834,0.0358625837,32768,zr,23.5119371,30.7224609,1.745,0.238000005,20210722465324,651,0x3,0x1,18.7099991,23.8263187,0.0970784202,0.103128783,0.000368449109,30,1.12699997,2,0.9769821747617242,59417.4653356,0.9769821747617242,16.425283400000005,16.425283400000005
833,651203100043542,166346627,2459417.966087574,59417.4662731,16.5845146,0.0372278653,32768,zr,23.5119408,30.7224154,2.29999995,0.244000003,20210722466273,651,0x3,0x1,19.0499992,24.2008591,0.0925945938,0.0894344822,0.000240393114,30,1.12399995,2,0.8437118716602201,59417.4662731,0.8437118716602201,16.5845146,16.5845146
834,651203100043542,166441495,2459418.9148554727,59418.4149537,16.377367,0.0354847834,0,zr,23.5119312,30.7224532,3.16899991,0.32100001,20210723414954,651,0x3,0x1,19.9200001,26.0912209,0.0375075527,0.0981688127,2.02261435e-05,30,1.33399999,1,1.0210645539298377,59418.4149537,1.0210645539298377,16.377367,16.377367
835,651203100043542,166546538,2459419.965380497,59419.4653819,16.3972702,0.0356399491,32768,zr,23.5118751,30.7223856,1.47399998,0.0309999995,20210724465347,651,0x3,0x1,18.1100006,25.2772655,0.1372495,0.101986855,0.00100966904,30,1.11099994,2,1.0025174020634826,59419.4653819,1.0025174020634826,16.3972702,16.3972702
836,651203100043542,166842269,2459422.9229680374,59422.4226968,16.4009533,0.0356689394,32768,zr,23.5119292,30.7224338,3.59699988,0.317999989,20210727422685,651,0x3,0x1,20.6000004,26.6249828,0.0395196788,0.0968419611,2.24905234e-05,30,1.23599994,2,0.9991223636006389,59422.4226968,0.9991223636006389,16.400953300000005,16.400953300000005
837,651203100043542,166842363,2459422.923905624,59422.4236343,16.4045486,0.0356973186,0,zr,23.5119247,30.722452,2.61800003,0.238999993,20210727423634,651,0x3,0x1,20.4799995,26.483572,0.0303608309,0.102612622,1.32636033e-05,30,1.23199999,1,0.9958193479371392,59422.4236343,0.9958193479371392,16.40454859999999,16.40454859999999
838,651203100043542,166944201,2459423.942379122,59423.4420139,16.426651,0.0358735733,0,zr,23.5119504,30.7224357,2.4289999,0.328999996,20210728441898,651,0x3,0x1,20.2700005,26.3757496,0.0455227457,0.0865742862,2.98628602e-05,30,1.14900005,2,0.9757523367250548,59423.4420139,0.9757523367250548,16.426651,16.426651
839,651203100043542,167145230,2459425.9528535916,59425.4523032,16.2267532,0.0343868062,32768,zr,23.5119462,30.7224325,2.96300006,0.236000001,20210730452153,651,0x3,0x1,19.5599995,25.5955276,0.0740265176,0.0996072516,9.93663416e-05,30,1.102,2,1.1730019119495974,59425.4523032,1.1730019119495974,16.226753199999997,16.226753199999997
840,651203100043542,167146423,2459425.964787594,59425.4642361,16.4983444,0.0364673063,32768,zr,23.5119664,30.7224373,2.26999998,0.266000003,20210730464225,651,0x3,0x1,19.0200005,25.2946815,0.0470901467,0.0808177069,5.74354781e-05,30,1.07299995,1,0.9134025926562002,59425.4642361,0.9134025926562002,16.4983444,16.4983444
841,651203100043542,167334295,2459427.8436754877,59427.3429514,16.4518833,0.0360786505,32768,zr,23.5119515,30.7224296,3.15700006,0.335000008,20210801342882,651,0x3,0x1,20.6599998,26.544035,0.0528060049,0.101946637,4.05332175e-05,30,1.745,2,0.9533375075832203,59427.3429514,0.9533375075832203,16.4518833,16.4518833
842,651203100043542,167345593,2459427.9566720487,59427.4559375,16.565258,0.0370532759,32769,zr,23.5119387,30.7224249,2.76900005,0.477999985,20210801455938,651,0x3,0x1,20.9899998,26.8755741,0.150101542,0.0915123075,0.000326481386,30,1.079,2,0.8588094211377552,59427.4559375,0.8588094211377552,16.565257999999993,16.565257999999993
843,651203100043542,167447418,2459428.9750177236,59428.4741898,16.4634132,0.036173746,32768,zr,23.511952,30.7224304,2.7349999,0.273999989,20210802474039,651,0x3,0x1,21.3199997,26.979641,0.120384231,0.0851965547,0.000206307435,30,1.03999996,1,0.943267171579316,59428.4741898,0.943267171579316,16.463413199999998,16.463413199999998
844,651203100043542,167540163,2459429.9025446647,59429.4016319,16.4710388,0.0362371281,32768,zr,23.5119379,30.7224399,2.4519999,0.363999993,20210803401597,651,0x3,0x1,21.1299992,26.7882729,0.0800626427,0.0939098597,9.28550871e-05,30,1.245,2,0.9366654045661167,59429.4016319,0.9366654045661167,16.471038799999995,16.471038799999995
845,651203100043542,167550067,2459430.001593168,59429.5006713,16.3815918,0.0355175138,32769,zr,23.5119168,30.7224473,2.39899993,0.252999991,20210803500544,651,0x3,0x1,20.8600006,26.6825542,0.0481141843,0.0954995528,3.36880148e-05,30,1.00800002,2,1.0170991233762567,59429.5006713,1.0170991233762567,16.381591800000002,16.381591800000002
846,651203100043542,167635182,2459430.8528282037,59430.3518287,16.4942398,0.0364323743,32768,zr,23.5119706,30.7224147,2.95499992,0.32100001,20210804351736,651,0x3,0x1,21.1800003,26.7543926,0.0779645517,0.100262851,8.67783892e-05,30,1.56200004,2,0.9168622249268982,59430.3518287,0.9168622249268982,16.494239799999995,16.494239799999995
847,651203100043542,167639086,2459430.8918712013,59430.3908681,16.6118793,0.0374807306,32769,zr,23.5119381,30.7224405,2.95700002,0.48300001,20210804390833,651,0x3,0x1,21.4200001,27.0212364,0.18988274,0.0886068195,0.000520072586,30,1.28499997,2,0.822712848806522,59430.3908681,0.822712848806522,16.61187929999999,16.61187929999999
848,651203100043542,168036021,2459434.8615829633,59434.3602199,16.5977612,0.0373495668,32769,zr,23.51193,30.7224469,1.90799999,0.157000005,20210808360208,651,0x3,0x1,21.25,26.904171,0.17591773,0.0984439254,0.000438051415,30,1.40600002,2,0.8334806466499481,59434.3602199,0.8334806466499481,16.5977612,16.5977612
849,651203100043542,168047356,2459434.97493814,59434.4735648,16.4352493,0.0359429941,32769,zr,23.5119373,30.7224537,2.37599993,0.284000009,20210808473542,651,0x3,0x1,21.4500008,26.8533211,0.0761906654,0.0918953568,8.44070819e-05,30,1.01900005,2,0.9680555518403376,59434.4735648,0.9680555518403376,16.435249300000002,16.435249300000002
850,651203100043542,168047451,2459434.975887326,59434.4745139,16.47892,0.0363030434,32769,zr,23.5119385,30.7224359,2.27800012,0.340999991,20210808474502,651,0x3,0x1,21.4500008,26.9230785,0.107201293,0.0968995616,0.000165596677,30,1.01800001,1,0.9298909049551347,59434.4745139,0.9298909049551347,16.478919999999995,16.478919999999995
851,651203100043542,168137027,2459435.871731691,59435.3702778,16.4334946,0.0359287933,32769,zr,23.51195,30.7224511,2.67700005,0.26699999,20210809370208,651,0x3,0x1,21.1900005,26.6575413,0.069464162,0.0933234617,6.91640525e-05,30,1.324,2,0.9696213285304045,59435.3702778,0.9696213285304045,16.433494599999996,16.433494599999996
852,651203100043542,168147046,2459435.971925938,59435.470463,16.4692574,0.0362222902,32769,zr,23.5119279,30.7224458,2.56200004,0.25,20210809470428,651,0x3,0x1,21.5100002,27.0033665,0.13434732,0.0815580636,0.000260029803,30,1.01999998,2,0.9382034810661828,59435.470463,0.9382034810661828,16.469257399999996,16.469257399999996
853,651203100043542,168238465,2459436.886197536,59436.3846528,16.3929672,0.035606198,32768,zr,23.5119325,30.7224497,2.7750001,0.252999991,20210810384618,651,0x3,0x1,21.3400002,26.8682404,0.0841082782,0.0970475823,0.000101449717,30,1.23500001,2,1.0064984722137573,59436.3846528,1.0064984722137573,16.392967200000008,16.392967200000008
854,651203100043542,168246626,2459436.96781367,59436.4662616,16.3622513,0.0353685692,32768,zr,23.5119286,30.7224246,3.20799994,0.259000003,20210810466238,651,0x3,0x1,21.4899998,26.9025459,0.0736313984,0.0905403867,7.81226918e-05,30,1.02100003,2,1.035379304708548,59436.4662616,1.035379304708548,16.362251300000004,16.362251300000004
855,651203100043542,168434369,2459438.8454110483,59438.3436921,16.3626633,0.0353717245,32768,zr,23.511949,30.7224393,3.43300009,0.291999996,20210812343657,651,0x3,0x1,20.5100002,25.7708416,0.0564967431,0.0939113423,4.50426487e-05,30,1.44700003,2,1.0349864879761799,59438.3436921,1.0349864879761799,16.3626633,16.3626633
856,651203100043542,168447342,2459438.9751564036,59438.4734259,16.4320183,0.03591685,32768,zr,23.5119521,30.7224505,2.45700002,0.254000008,20210812473380,651,0x3,0x1,21.2800007,26.797678,0.075301677,0.0979707837,8.04782103e-05,30,1.00999999,2,0.9709406412612763,59438.4734259,0.9709406412612763,16.432018300000003,16.432018300000003
857,651203100043542,168447436,2459438.976093988,59438.4743634,16.4506264,0.0360683352,32768,zr,23.5119375,30.7224479,2.38599992,0.291000009,20210812474352,651,0x3,0x1,21.2999992,26.8493195,0.0954679474,0.095676519,0.000128774787,30,1.00899994,1,0.9544417755917475,59438.4743634,0.9544417755917475,16.450626399999997,16.450626399999997
858,651203100043542,168538978,2459439.8915914404,59439.3897801,16.4082069,0.035726279,32769,zr,23.5119477,30.722434,3.43199992,0.273999989,20210813389768,651,0x3,0x1,21.0100002,26.4542809,0.0325777121,0.0949880555,1.53817764e-05,30,1.17999995,2,0.992469661903242,59439.3897801,0.992469661903242,16.408206900000003,16.408206900000003
859,651203100043542,168546951,2459439.9713322967,59439.4695139,16.5221405,0.0366720669,32768,zr,23.5119214,30.7224213,3.03299999,0.356999993,20210813469479,651,0x3,0x1,21.1900005,26.7645321,0.103864424,0.0888519213,0.000154012465,30,1.00999999,2,0.8936013166372968,59439.4695139,0.8936013166372968,16.5221405,16.5221405
860,651203100043542,168842947,2459442.9315558667,59442.4294792,16.4474049,0.0360419415,32768,zr,23.5119267,30.7224547,2.7579999,0.275999993,20210816429479,651,0x3,0x1,21.2299995,26.7255039,0.0765731931,0.088981241,8.47489355e-05,30,1.04999995,2,0.9572779159179947,59442.4294792,0.9572779159179947,16.447404900000002,16.447404900000002
861,651203100043542,168844540,2459442.947483148,59442.4454051,16.3989811,0.0356534123,32769,zr,23.5119527,30.7224447,2.68700004,0.237000003,20210816445347,651,0x3,0x1,21.4799995,26.9159527,0.180261225,0.0840292871,0.000463327306,30,1.02600002,2,1.0009388820545666,59442.4454051,1.0009388820545666,16.398981100000007,16.398981100000007
862,651203100043542,168928842,2459443.7905765385,59443.2884259,16.3325863,0.035144534,0,zr,23.5118834,30.7224322,3.71399999,0.324999988,20210817288252,651,0x3,0x1,20.4099998,26.0294628,0.0443567559,0.111291602,2.82823239e-05,30,1.89100003,2,1.0640584379253641,59443.2884259,1.0640584379253641,16.332586299999996,16.332586299999996
863,651203100043542,168946766,2459443.9698281586,59443.467662,16.4761448,0.0362797827,32769,zr,23.5119137,30.7224443,2.76399994,0.319000006,20210817467627,651,0x3,0x1,21.3299999,26.7693119,0.1278456,0.0895921364,0.000237279644,30,1.005,2,0.9322707962753934,59443.467662,0.9322707962753934,16.476144800000007,16.476144800000007
864,651203100043542,168946859,2459443.9707657383,59443.4685995,16.4396381,0.0359786078,32769,zr,23.5119324,30.7224278,3.18899989,0.338999987,20210817468588,651,0x3,0x1,21.2399998,26.6707363,0.104589693,0.0832983777,0.000159060772,30,1.00399995,1,0.9641503428003915,59443.4685995,0.9641503428003915,16.439638100000003,16.439638100000003
865,651203100043542,169026061,2459444.762847339,59444.2606134,16.427906,0.0358836837,0,zr,23.5119614,30.7224105,2.68899989,0.273000002,20210818260440,651,0x3,0x1,19.6200008,25.7419891,0.0510828122,0.102339387,3.81317186e-05,30,2.36500001,2,0.9746251184270189,59444.2606134,0.9746251184270189,16.427906,16.427906
866,651203100043542,169047304,2459444.97529622,59444.473044,16.4848976,0.0363533199,32769,zr,23.5119238,30.7224589,2.63100004,0.238999993,20210818472951,651,0x3,0x1,21.3600006,26.6761608,0.109261535,0.0853037834,0.000171421882,30,1.00100005,2,0.9247853899286064,59444.473044,0.9247853899286064,16.484897600000004,16.484897600000004
867,651203100043542,169236731,2459446.8697274667,59446.3673148,16.378624,0.0354945101,0,zr,23.5119826,30.7224598,2.77999997,0.221000001,20210820367188,651,0x3,0x1,20.3099995,26.3377838,0.0444590412,0.102619201,2.82900564e-05,30,1.19299996,2,1.0198831109067077,59446.3673148,1.0198831109067077,16.378623999999995,16.378623999999995
868,651203100043542,169241288,2459446.9152984307,59446.4128819,16.3826523,0.0355257504,32768,zr,23.511935,30.7224284,2.78500009,0.31400001,20210820412755,651,0x3,0x1,20.5400009,26.4578228,0.0380516984,0.0991984978,2.07322082e-05,30,1.06099999,2,1.016106150123796,59446.4128819,1.016106150123796,16.382652299999997,16.382652299999997
869,651203100043542,169327880,2459447.781296911,59447.2788079,16.4204845,0.0358240865,0,zr,23.5119142,30.7224344,2.3210001,0.270000011,20210821278762,651,0x3,0x1,19.8700008,26.1434841,0.0540634692,0.089868404,4.15293835e-05,30,1.87199998,2,0.9813099445786447,59447.2788079,0.9813099445786447,16.420484500000008,16.420484500000008
870,651203100043542,169425591,2459448.758484694,59448.2559144,16.3931999,0.0356080197,0,zr,23.5119712,30.7224026,1.64300001,0.0780000016,20210822255729,651,0x3,0x1,19.2099991,26.0772343,0.046732787,0.114044636,3.77514662e-05,30,2.22399998,2,1.0062827779258365,59448.2559144,1.0062827779258365,16.393199900000006,16.393199900000006
871,651203100043542,169532290,2459449.825563509,59449.3229051,16.3738937,0.0354579575,32768,zr,23.5119384,30.7223958,3.74499989,0.293000013,20210823322870,651,0x3,0x1,20.3500004,26.4639587,0.0470525697,0.0969271734,3.19363244e-05,30,1.38100004,2,1.0243361977882444,59449.3229051,1.0243361977882444,16.373893700000004,16.373893700000004
872,651203100043542,169538175,2459449.884422577,59449.3817593,16.4549923,0.0361042023,0,zr,23.5120181,30.72246,1.42700005,0.158000007,20210823381759,651,0x3,0x1,19.4200001,26.1141682,0.0437282771,0.108617395,3.11397598e-05,30,1.11600006,1,0.9506115353333365,59449.3817593,0.9506115353333365,16.454992300000008,16.454992300000008
873,651203100043542,169541554,2459449.9182100743,59449.415544,16.3899498,0.0355825983,0,zr,23.511923,30.7224315,2.58899999,0.289000005,20210823415532,651,0x3,0x1,19.5599995,26.1490154,0.0439737178,0.102621078,2.80223758e-05,30,1.04200006,2,1.0092995508797258,59449.415544,1.0092995508797258,16.389949800000004,16.389949800000004
874,651203100043542,169633951,2459450.842255461,59450.3395139,16.4307423,0.0359065495,0,zr,23.5119272,30.7224381,2.1789999,0.289999992,20210824339468,651,0x3,0x1,19.0799999,25.9309807,0.0459789187,0.102794163,4.51932792e-05,30,1.26900005,2,0.9720823997768958,59450.3395139,0.9720823997768958,16.4307423,16.4307423
875,651203100043542,169638457,2459450.8873170563,59450.3845718,16.4311543,0.0359098688,0,zr,23.511956,30.7224569,3.12400007,0.405999988,20210824384572,651,0x3,0x1,19.6399994,26.2012978,0.0460969731,0.0990694314,3.20081817e-05,30,1.10000002,2,0.9717135975127049,59450.3845718,0.9717135975127049,16.431154299999996,16.431154299999996
876,651203100043542,169728384,2459451.786660663,59451.2838426,16.3651619,0.0353908427,0,zr,23.511956,30.7224406,2.9000001,0.27700001,20210825283808,651,0x3,0x1,19.6100006,26.1391659,0.0603168309,0.110176712,5.22085611e-05,30,1.671,2,1.0326074166016712,59451.2838426,1.0326074166016712,16.365161899999997,16.365161899999997
877,651203100043542,169839003,2459452.8929416705,59452.3900347,16.4480019,0.0360468291,32768,zr,23.5119398,30.7224238,2.8269999,0.374000013,20210826389757,651,0x3,0x1,19.0799999,25.8713169,0.0579856932,0.103796266,8.46384282e-05,30,1.074,2,0.9567516943351116,59452.3900347,0.9567516943351116,16.4480019,16.4480019
878,651203100043542,169842160,2459452.9245182993,59452.4216088,16.560585,0.0370113142,32768,zr,23.511985,30.7224547,0.981999993,0.0829999968,20210826421597,651,0x3,0x1,18.3700008,25.9239922,0.0954013392,0.0326123871,0.000316104532,30,1.02199996,2,0.8625136959301638,59452.4216088,0.8625136959301638,16.560584999999996,16.560584999999996
879,651203100043542,169932219,2459453.8251801394,59453.3221991,16.4237366,0.0358501598,32769,zr,23.5119465,30.722409,2.3499999,0.324000001,20210827322095,651,0x3,0x1,20.5799999,26.6178474,0.0502781682,0.103695311,3.62073079e-05,30,1.31799996,2,0.9783750296739011,59453.3221991,0.9783750296739011,16.423736600000005,16.423736600000005
880,651203100043542,170032501,2459454.828071598,59454.3250116,16.4253082,0.0358627737,32769,zr,23.5119385,30.7224326,3.07399988,0.270000011,20210828324792,651,0x3,0x1,20.7099991,26.7685127,0.0695750639,0.0935944766,7.04675476e-05,30,1.28699994,2,0.9769598591374458,59454.3250116,0.9769598591374458,16.425308199999996,16.425308199999996
881,651203100043542,170043082,2459454.933890136,59454.4308218,16.277874,0.0347449109,32768,zr,23.5119636,30.722391,3.3900001,0.279000014,20210828430787,651,0x3,0x1,20.9099998,26.7267036,0.0662251487,0.0983325988,6.38878628e-05,30,1.00899994,1,1.1190523407672208,59454.4308218,1.1190523407672208,16.277874000000004,16.277874000000004
882,651203100043542,170044061,2459454.943682503,59454.4406134,16.256546,0.0345937461,32768,zr,23.5119424,30.7224186,3.12899995,0.197999999,20210828440150,651,0x3,0x1,20.9699993,26.7573204,0.0813345239,0.0888246149,9.63321363e-05,30,1.00300002,2,1.1412521271151985,59454.4406134,1.1412521271151985,16.256546000000007,16.256546000000007
883,651203100043542,170436446,2459458.8678370724,59458.3644676,16.4822845,0.0363313183,32769,zr,23.511948,30.7224441,2.10599995,0.246000007,20210901364444,651,0x3,0x1,21.1200008,26.7805252,0.0840977207,0.0909442455,0.000101881407,30,1.09599996,1,0.9270138014479128,59458.3644676,0.9270138014479128,16.4822845,16.4822845
884,651203100043542,170436978,2459458.873149973,59458.3697801,16.5221596,0.0366722308,32768,zr,23.5119491,30.7224402,2.53200006,0.280000001,20210901369745,651,0x3,0x1,21.2299995,26.9064693,0.108088166,0.0867831409,0.000166677812,30,1.08299994,2,0.8935855967644998,59458.3697801,0.8935855967644998,16.522159600000002,16.522159600000002
885,651203100043542,170536671,2459459.8701569997,59459.366713,16.5024319,0.0365021899,32769,zr,23.5119239,30.7224598,2.33599997,0.175999999,20210902366701,651,0x3,0x1,21.3600006,26.8917179,0.0799422413,0.0890787244,9.13410186e-05,30,1.08399999,2,0.9099703463827059,59459.366713,0.9099703463827059,16.502431899999998,16.502431899999998
886,651203100043542,170546493,2459459.968381868,59459.4649306,16.5356655,0.0367902182,32768,zr,23.5119411,30.7224677,2.77699995,0.245000005,20210902464884,651,0x3,0x1,21.5300007,27.1701508,0.138629422,0.0836457685,0.000276098814,30,1.00699997,2,0.882538784080819,59459.4649306,0.882538784080819,16.5356655,16.5356655
887,651203100043542,170636572,2459460.8692465452,59460.3657292,16.5369892,0.0368018448,32769,zr,23.5119445,30.7224432,2.38800001,0.273999989,20210903365729,651,0x3,0x1,21.2999992,26.9862785,0.142836496,0.0843682066,0.000294847821,30,1.08000004,2,0.8814634724685052,59460.3657292,0.8814634724685052,16.5369892,16.5369892
888,651203100043542,170636975,2459460.873274542,59460.3697569,16.4172802,0.0357984677,32769,zr,23.5119473,30.7224128,2.46700001,0.200000003,20210903369711,651,0x3,0x1,21.1800003,26.7103386,0.0337435231,0.0947912782,1.6556638e-05,30,1.07099998,1,0.9842103323636592,59460.3697569,0.9842103323636592,16.4172802,16.4172802
889,651203100043542,170736782,2459461.871414056,59461.3678241,16.5589581,0.0369967408,32768,zr,23.5119265,30.7224047,3.11199999,0.298000008,20210904367685,651,0x3,0x1,21.4400005,27.1123772,0.161620319,0.0783143565,0.000369827903,30,1.06900001,2,0.8638070813467702,59461.3678241,0.8638070813467702,16.558958100000005,16.558958100000005
890,651203100043542,170839210,2459462.895769655,59462.3921065,16.4445763,0.0360188335,32768,zr,23.5119238,30.7224305,2.7249999,0.286000013,20210905391944,651,0x3,0x1,21.4300003,26.9427261,0.122820869,0.0767201334,0.000216489498,30,1.02499998,2,0.9597751031163452,59462.3921065,0.9597751031163452,16.4445763,16.4445763
891,651203100043542,170840670,2459462.910365594,59462.4067014,16.5804234,0.0371905416,32769,zr,23.5119211,30.7224244,3.02900004,0.477999985,20210905406667,651,0x3,0x1,21.5300007,27.107811,0.186664551,0.078417182,0.00050203409,30,1.00999999,1,0.8468970888266258,59462.4067014,0.8468970888266258,16.580423399999994,16.580423399999994
892,651203100043542,170842121,2459462.9248805237,59462.4212153,16.4683723,0.0362149179,32769,zr,23.51195,30.7224267,2.76099992,0.226999998,20210905421088,651,0x3,0x1,21.5799999,27.0534897,0.200229749,0.0700239539,0.000580810593,30,1.00199997,2,0.9389686231560194,59462.4212153,0.9389686231560194,16.46837229999999,16.46837229999999
893,651203100043542,170939271,2459463.8964535305,59463.3927199,16.3962479,0.0356319249,32768,zr,23.5119316,30.7224322,2.32599998,0.238000005,20210906392720,651,0x3,0x1,21.3700008,26.9083328,0.0649597421,0.0901284739,6.11670403e-05,30,1.02100003,2,1.0034617900131324,59463.3927199,1.0034617900131324,16.3962479,16.3962479
894,651203100043542,170940568,2459463.9094174393,59463.4056829,16.4954605,0.0364427492,32769,zr,23.5119119,30.7224596,2.33200002,0.181999996,20210906405648,651,0x3,0x1,21.1200008,26.8127251,0.0841156319,0.0974424779,0.000102319806,30,1.00899994,2,0.9158319702671472,59463.4056829,0.9158319702671472,16.4954605,16.4954605
895,651203100043542,171136423,2459465.8681055335,59465.3642361,16.437273,0.0359594002,32769,zr,23.5119247,30.7224235,2.94499993,0.351000011,20210908364225,651,0x3,0x1,21.3199997,26.8103695,0.0673247501,0.0874488354,6.58416611e-05,30,1.05499995,2,0.9662528769286691,59465.3642361,0.9662528769286691,16.437272999999998,16.437272999999998
896,651203100043542,171147004,2459465.97392291,59465.4700463,16.4399643,0.0359812602,32769,zr,23.5119263,30.722435,2.52399993,0.216999993,20210908470012,651,0x3,0x1,21.0400009,26.6311512,0.0483300574,0.096887663,3.35598525e-05,30,1.02699995,2,0.9638607157253166,59465.4700463,0.9638607157253166,16.439964300000007,16.439964300000007
897,651203100043542,171238151,2459466.8854540903,59466.3815162,16.5413895,0.0368406028,32769,zr,23.5119272,30.7224129,2.84899998,0.280000001,20210909381366,651,0x3,0x1,21.4099998,26.9136696,0.123414859,0.0787707567,0.000217525492,30,1.02400005,1,0.8778982837489809,59466.3815162,0.8778982837489809,16.5413895,16.5413895
898,651203100043542,171238844,2459466.8923874544,59466.3884491,16.4417362,0.0359956771,32769,zr,23.511925,30.7224162,2.70000005,0.301999986,20210909388403,651,0x3,0x1,21.3600006,26.873785,0.0895253122,0.0895710886,0.000114769238,30,1.01699996,2,0.9622889969673604,59466.3884491,0.9622889969673604,16.4417362,16.4417362
899,651203100043542,171336160,2459467.865611554,59467.3616088,16.5335999,0.0367720872,32768,zr,23.5119283,30.7224445,2.48600006,0.296000004,20210910361574,651,0x3,0x1,21.4500008,27.000021,0.144711152,0.0765503868,0.000301639055,30,1.04999995,2,0.8842194016155536,59467.3616088,0.8842194016155536,16.533599900000006,16.533599900000006
900,651203100043542,171340947,2459467.913485107,59467.4094792,16.4435749,0.036010664,32769,zr,23.51195,30.7224163,3.08100009,0.273999989,20210910409444,651,0x3,0x1,21.5100002,26.9346409,0.158187896,0.0782777891,0.000357322802,30,1.00199997,2,0.9606607345906852,59467.4094792,0.9606607345906852,16.44357490000001,16.44357490000001
901,651203100043542,171434274,2459468.846809712,59468.3427431,16.4231491,0.0358454399,32768,zr,23.5119485,30.7224098,3.00300002,0.256000012,20210911342569,651,0x3,0x1,21.4099998,26.9332981,0.132774234,0.0866342336,0.000255174353,30,1.08200002,2,0.9789045789958332,59468.3427431,0.9789045789958332,16.423149099999996,16.423149099999996
902,651203100043542,171439085,2459468.8949262328,59468.3908565,16.525898,0.03670476,32769,zr,23.5119278,30.7224128,3.32599998,0.345999986,20210911390833,651,0x3,0x1,21.5599995,27.138176,0.189113408,0.0773943961,0.000514095067,30,1.00999999,2,0.8905140994313417,59468.3908565,0.8905140994313417,16.525898000000005,16.525898000000005
903,651203100043542,171439237,2459468.8964425274,59468.3923727,16.4795647,0.0363084562,32769,zr,23.5119463,30.7224611,2.94199991,0.270000011,20210911392303,651,0x3,0x1,21.4899998,26.9497414,0.135004669,0.0791754574,0.000257759704,30,1.00899994,1,0.9293389083374609,59468.3923727,0.9293389083374609,16.479564700000005,16.479564700000005
904,651203100043542,171536180,2459469.8659373927,59469.3618056,16.4150696,0.0357808359,32768,zr,23.5119183,30.7224426,2.6400001,0.291000009,20210912361771,651,0x3,0x1,21.4200001,27.0332203,0.084997043,0.0904772729,0.000103503517,30,1.03999996,2,0.9862162632280708,59469.3618056,0.9862162632280708,16.415069600000002,16.415069600000002
905,651203100043542,171540693,2459469.9110675603,59469.4069329,16.4674873,0.0362075642,32769,zr,23.5119422,30.7224267,2.98699999,0.35800001,20210912406898,651,0x3,0x1,21.3999996,26.9466171,0.0996344611,0.0836148039,0.000143620462,30,1.00100005,2,0.9397343026967893,59469.4069329,0.9397343026967893,16.467487299999995,16.467487299999995
906,651203100043542,171640355,2459470.907750384,59470.4035532,16.5305824,0.03674566,32769,zr,23.5119139,30.7224085,3.48099995,0.367000014,20210913403542,651,0x3,0x1,21.4799995,27.0938797,0.156542271,0.0839811191,0.000355092459,30,1.00100005,1,0.8866802600939746,59470.4035532,0.8866802600939746,16.530582400000007,16.530582400000007
907,651203100043542,171640465,2459470.908850051,59470.4046528,16.4893456,0.0363908857,32768,zr,23.5119276,30.7224203,2.796,0.308999985,20210913404630,651,0x3,0x1,21.4300003,27.1205578,0.132390171,0.0859421939,0.000251411577,30,1.00100005,2,0.9210045166438744,59470.4046528,0.9210045166438744,16.4893456,16.4893456
908,651203100043542,171643894,2459470.9431461794,59470.4389468,16.4088821,0.0357316323,32768,zr,23.5119266,30.7224194,2.70700002,0.243000001,20210913438900,651,0x3,0x1,21.4400005,26.8911076,0.0843085721,0.0937667042,0.000101381083,30,1.00999999,2,0.9918526545772367,59470.4389468,0.9918526545772367,16.408882099999992,16.408882099999992
909,651203100043542,171742918,2459471.9334501023,59471.4291898,16.4121971,0.0357579589,32768,zr,23.5119533,30.7224248,2.75699997,0.303000003,20210914429155,651,0x3,0x1,21.2099991,26.753643,0.0719253346,0.102415062,7.37573428e-05,30,1.005,2,0.9888289208686724,59471.4291898,0.9888289208686724,16.412197100000007,16.412197100000007
910,651203100043542,171837184,2459472.8761575073,59472.3718403,16.4601059,0.03614638,32768,zr,23.5119205,30.7224553,2.59599996,0.31400001,20210915371644,651,0x3,0x1,21.2900009,26.8797588,0.0653003678,0.0966415927,6.1056453e-05,30,1.01699996,2,0.9461448722552707,59472.3718403,0.9461448722552707,16.460105899999995,16.460105899999995
911,651203100043542,171838128,2459472.885602475,59472.3812847,16.4329662,0.0359245129,32768,zr,23.5119255,30.722429,3.59100008,0.232999995,20210915381215,651,0x3,0x1,21.1000004,26.6963539,0.0471890271,0.0936986059,3.2263797e-05,30,1.00899994,1,0.9700933332413779,59472.3812847,0.9700933332413779,16.432966200000003,16.432966200000003
912,651203100043542,171838229,2459472.8866095347,59472.3822917,16.4663029,0.0361977145,32768,zr,23.5119169,30.722456,2.73699999,0.236000001,20210915382257,651,0x3,0x1,21.2399998,26.937748,0.0782093182,0.0918121785,8.87013957e-05,30,1.00800002,2,0.9407599925525164,59472.3822917,0.9407599925525164,16.466302899999995,16.466302899999995
913,651203100043542,171943699,2459473.941370918,59473.4369907,16.4184494,0.0358078107,32769,zr,23.5119117,30.7224393,2.32399988,0.239999995,20210916436887,651,0x3,0x1,21.1399994,26.7449379,0.0560811944,0.100066677,4.5968347e-05,30,1.01499999,2,0.983151033301704,59473.4369907,0.983151033301704,16.418449400000007,16.418449400000007
914,651203100043542,171947707,2459473.981454346,59473.4770718,16.4906998,0.0364023522,32768,zr,23.5119287,30.722452,2.07399988,0.246999994,20210916477025,651,0x3,0x1,21.3500004,26.9869785,0.111051872,0.0921762362,0.00017620351,30,1.07799995,2,0.9198564966873811,59473.4770718,0.9198564966873811,16.49069980000001,16.49069980000001
915,651203100043542,172028197,2459474.7864083713,59474.2819792,16.3874702,0.0355632491,0,zr,23.5119503,30.7224169,3.5769999,0.224000007,20210917281933,651,0x3,0x1,20.5599995,26.5465145,0.0385545567,0.100642025,2.14217289e-05,30,1.23000002,2,1.0116072192743613,59474.2819792,1.0116072192743613,16.387470200000003,16.387470200000003
916,651203100043542,172032685,2459474.8312836764,59474.3268519,16.4726753,0.036250785,32768,zr,23.5119104,30.7224622,2.98200011,0.263000011,20210917326794,651,0x3,0x1,20.8099995,26.7628727,0.0832289681,0.0932032391,0.000100617719,30,1.08099997,1,0.9352546582957602,59474.3268519,0.9352546582957602,16.4726753,16.4726753
917,651203100043542,172148418,2459475.988687176,59475.4841898,16.4339333,0.0359323397,32769,zr,23.5119488,30.7224095,3.24000001,0.275000006,20210918483993,651,0x3,0x1,21.2900009,26.8412323,0.0589734763,0.0892970711,4.99772214e-05,30,1.10899997,2,0.9692296247731239,59475.4841898,0.9692296247731239,16.4339333,16.4339333
918,651203100043542,172231452,2459476.819068911,59476.3145255,16.4623089,0.0361646004,32768,zr,23.51194,30.7224169,3.375,0.328000009,20210919314387,651,0x3,0x1,20.5300007,26.6835976,0.0789469928,0.0849234834,8.98007056e-05,30,1.09800005,2,0.9442270546914563,59476.3145255,0.9442270546914563,16.462308900000004,16.462308900000004
919,651203100043542,172245527,2459476.959828936,59476.4552778,16.4596252,0.0361424088,32768,zr,23.5119139,30.7224538,2.93300009,0.284999996,20210919455243,651,0x3,0x1,20.6499996,26.6649189,0.0663478896,0.0938176885,6.35197794e-05,30,1.04999995,2,0.9465638621856965,59476.4552778,0.9465638621856965,16.459625199999998,16.459625199999998
920,651203100043542,172322437,2459477.7289677756,59477.224375,16.3821926,0.0355221778,0,zr,23.5119338,30.7224451,2.38400006,0.224000007,20210920224236,651,0x3,0x1,19.9099998,26.3683395,0.0462261587,0.100069009,3.10161777e-05,30,1.55400002,2,1.0165364598941358,59477.224375,1.0165364598941358,16.382192600000003,16.382192600000003
921,651203100043542,172328447,2459477.7890752545,59477.2844792,16.4113388,0.0357511379,0,zr,23.5119216,30.722452,3.33400011,0.224999994,20210920284479,651,0x3,0x1,20.25,26.4764748,0.0442010462,0.0931856036,2.77767649e-05,30,1.18499994,1,0.9896109224366625,59477.2844792,0.9896109224366625,16.411338800000003,16.411338800000003
922,651203100043542,172450081,2459479.005470577,59478.5008102,16.4026871,0.0356826112,32768,zr,23.5119511,30.7224535,2.51399994,0.257999986,20210921500544,651,0x3,0x1,19.9599991,26.3597984,0.0625823736,0.0960177183,5.62214482e-05,30,1.19200003,2,0.9975281495048031,59478.5008102,0.9975281495048031,16.4026871,16.4026871
923,651203100043542,172538262,2459479.8873331514,59479.3826273,16.3374348,0.0351807922,0,zr,23.5119451,30.7224079,3.58500004,0.400000006,20210922382477,651,0x3,0x1,20.1599998,26.450386,0.0591429211,0.106253862,5.04812015e-05,30,1.0,1,1.059317336776761,59479.3826273,1.059317336776761,16.337434800000004,16.337434800000004
924,651203100043542,172544021,2459479.944928673,59479.4402199,16.4376106,0.0359621346,0,zr,23.5119169,30.7224295,3.32999992,0.433999985,20210922440000,651,0x3,0x1,20.3099995,26.526783,0.0435518585,0.0981622264,2.75934544e-05,30,1.03900003,2,0.9659524759109063,59479.4402199,0.9659524759109063,16.437610599999992,16.437610599999992
925,651203100043542,173026343,2459484.7683759285,59484.2634375,16.3661861,0.0353986882,32768,zr,23.5119416,30.7224419,2.91599989,0.273000002,20210927263380,651,0x3,0x1,20.9599991,26.7522945,0.0590477884,0.0902538896,5.02772018e-05,30,1.19299996,2,1.0316337935054853,59484.2634375,1.0316337935054853,16.3661861,16.3661861
926,651203100043542,173048045,2459484.985399416,59484.4804514,16.3975601,0.0356422365,32768,zr,23.5119395,30.7224192,3.20099998,0.308999985,20210927480243,651,0x3,0x1,20.8400002,26.7237492,0.0852619857,0.0932632685,0.000104645624,30,1.17700005,2,1.0022497578633196,59484.4804514,1.0022497578633196,16.3975601,16.3975601
927,651203100043542,173228392,2459486.7889487254,59486.2839236,16.3500061,0.0352754481,0,zr,23.5119446,30.7224285,1.84200001,0.0340000018,20210929283924,651,0x3,0x1,20.6200008,26.4561081,0.0384030789,0.0965934694,2.12709292e-05,30,1.10699999,2,1.0471226649771186,59486.2839236,1.0471226649771186,16.350006099999995,16.350006099999995
928,651203100043542,173229877,2459486.803798849,59486.2987731,16.4200268,0.0358204246,32769,zr,23.5119365,30.7224211,2.5480001,0.143999994,20210929298762,651,0x3,0x1,20.8500004,26.5982361,0.0743682012,0.0936132222,7.88983089e-05,30,1.07099998,2,0.9817237101353937,59486.2987731,0.9817237101353937,16.420026799999995,16.420026799999995
929,651203100043542,173333105,2459487.836120987,59487.3310532,16.423275,0.0358464532,32768,zr,23.511952,30.722445,2.72399998,0.337000012,20210930330694,651,0x3,0x1,21.0499992,26.6947365,0.060602244,0.0983045921,5.30540274e-05,30,1.01699996,2,0.9787910735783569,59487.3310532,0.9787910735783569,16.423274999999997,16.423274999999997
930,651203100043542,173336357,2459487.8686454906,59487.3635764,16.44384,0.0360128209,32768,zr,23.5119322,30.7224407,2.4690001,0.280000001,20210930363472,651,0x3,0x1,21.0900002,26.7912083,0.0668122619,0.0944281071,6.39120917e-05,30,1.0,2,0.9604262024169331,59487.3635764,0.9604262024169331,16.44384,16.44384
931,651203100043542,173430181,2459488.806923003,59488.3018171,16.4877586,0.0363774709,32768,zr,23.5119135,30.7224235,2.66599989,0.282999992,20211001301782,651,0x3,0x1,21.1800003,26.9322109,0.0857200325,0.0920248106,0.000105300023,30,1.05400002,2,0.9223517158103196,59488.3018171,0.9223517158103196,16.4877586,16.4877586
932,651203100043542,173434079,2459488.8459060155,59488.3407986,16.4546013,0.0361009836,32768,zr,23.5119511,30.7224136,2.49300003,0.211999997,20211001340775,651,0x3,0x1,21.2199993,26.920927,0.0834616274,0.0954325944,9.93911672e-05,30,1.00699997,1,0.9509539353047722,59488.3407986,0.9509539353047722,16.4546013,16.4546013
933,651203100043542,173442378,2459488.928895294,59488.4237847,16.4370689,0.0359577425,32769,zr,23.5119377,30.7224354,2.79099989,0.305999994,20211001423588,651,0x3,0x1,21.2199993,26.8224564,0.0777948797,0.0832669511,8.67436538e-05,30,1.05299997,2,0.9664345331622372,59488.4237847,0.9664345331622372,16.437068900000007,16.437068900000007
934,651203100043542,173630819,2459490.8133747405,59490.3081944,16.4241886,0.0358537845,32768,zr,23.5119553,30.7224408,2.42799997,0.296000004,20211003308102,651,0x3,0x1,21.3299999,26.882412,0.100353509,0.0916125327,0.000144656064,30,1.03499997,1,0.977967809694157,59490.3081944,0.977967809694157,16.4241886,16.4241886
935,651203100043542,173721762,2459491.722839368,59491.2176273,16.4931221,0.0364228897,32768,zr,23.5119234,30.7224564,3.15100002,0.289000005,20211004217627,651,0x3,0x1,20.9400005,26.6574802,0.0976883322,0.0957391188,0.000136552451,30,1.32299995,2,0.917806565327805,59491.2176273,0.917806565327805,16.4931221,16.4931221
936,651203100043542,173724202,2459491.747238422,59491.2420255,16.437191,0.0359587297,32769,zr,23.5119372,30.7224648,4.02099991,0.287999988,20211004242002,651,0x3,0x1,21.0900002,26.6963139,0.0774760023,0.0963739678,8.65101902e-05,30,1.20200002,2,0.9663258557311118,59491.2420255,0.9663258557311118,16.437191000000006,16.437191000000006
937,651203100043542,174028383,2459494.7891411,59494.283831,16.4033127,0.0356875509,0,zr,23.5119385,30.7224393,2.56599998,0.307000011,20211007283796,651,0x3,0x1,20.7399998,26.22645,0.0314777493,0.0952694342,1.42177005e-05,30,1.05700004,2,0.9969535404490942,59494.283831,0.9969535404490942,16.403312700000008,16.403312700000008
938,651203100043542,174331292,2459497.8183209756,59497.3129282,16.4229126,0.0358435474,32768,zr,23.511932,30.7224521,2.59500003,0.223000005,20211010312581,651,0x3,0x1,21.0400009,26.7353935,0.0446431898,0.101137616,2.86724789e-05,30,1.00899994,2,0.9791178316700394,59497.3129282,0.9791178316700394,16.422912599999997,16.422912599999997
939,651203100043542,174343636,2459497.941761512,59497.4363657,16.3677292,0.0354105309,0,zr,23.5119492,30.7224364,2.55999994,0.201000005,20211010436366,651,0x3,0x1,20.7800007,26.5241833,0.0457731597,0.0963343754,2.99764579e-05,30,1.14600003,1,1.0301686278570918,59497.4363657,1.0301686278570918,16.367729200000007,16.367729200000007
940,651203100043542,174343731,2459497.9427106353,59497.4373148,16.4380035,0.0359653272,32768,zr,23.5119526,30.7224209,2.2190001,0.120999999,20211010437303,651,0x3,0x1,20.8099995,26.6566181,0.0572638102,0.0893503875,4.71589265e-05,30,1.14900005,2,0.9656029858002705,59497.4373148,0.9656029858002705,16.4380035,16.4380035
941,651203100043542,174432346,2459498.8288777852,59498.3234606,16.3177452,0.0350344107,32768,zr,23.5119303,30.7224344,2.75600004,0.237000003,20211011323437,651,0x3,0x1,21.3600006,26.839859,0.0676318333,0.0962106213,6.56562333e-05,30,1.00199997,2,1.0787030830623736,59498.3234606,1.0787030830623736,16.317745199999997,16.317745199999997
942,651203100043542,174436028,2459498.8657074426,59498.3602894,16.3953037,0.0356245153,32768,zr,23.5119279,30.7224463,2.60800004,0.231999993,20211011360255,651,0x3,0x1,21.3899994,27.0066051,0.0828692466,0.0882651284,9.86977975e-05,30,1.00800002,2,1.0043348204195066,59498.3602894,1.0043348204195066,16.395303699999992,16.395303699999992
943,651203100043542,174738340,2459501.8888841043,59501.3834028,16.3106499,0.0349822268,32768,zr,23.5119564,30.7224277,2.73099995,0.191,20211014383380,651,0x3,0x1,21.4099998,26.9031582,0.0840054303,0.0897267237,0.000102254613,30,1.04400003,1,1.0857755055379605,59501.3834028,1.0857755055379605,16.31064990000001,16.31064990000001
944,651203100043542,174738434,2459501.8898216207,59501.3843403,16.3839645,0.0355359502,32768,zr,23.5119364,30.7224458,2.87899995,0.218999997,20211014384340,651,0x3,0x1,21.2999992,26.9206028,0.0716491565,0.0915207788,7.41529147e-05,30,1.046,2,1.0148788454732058,59501.3843403,1.0148788454732058,16.383964499999998,16.383964499999998
945,651203100043542,174832087,2459502.8263776037,59502.3208796,16.3809338,0.0355124064,0,zr,23.5119423,30.7224489,2.68600011,0.119000003,20211015320521,651,0x3,0x1,20.5599995,26.4854698,0.0483025983,0.10593465,3.35662626e-05,30,1.0,2,1.017715713352586,59502.3208796,1.017715713352586,16.3809338,16.3809338
946,651203100043542,174836453,2459502.8700357415,59502.364537,16.3855934,0.0355486162,32768,zr,23.5118925,30.7224536,2.5769999,0.123999998,20211015364514,651,0x3,0x1,20.7199993,26.6161385,0.045624543,0.0921778679,3.0089981e-05,30,1.02199996,2,1.013357392392015,59502.364537,1.013357392392015,16.385593399999998,16.385593399999998
947,651203100043542,174917497,2459503.6804888253,59503.1749769,16.3662453,0.0353991464,0,zr,23.5119418,30.7224375,2.74600005,0.250999987,20211016174942,651,0x3,0x1,20.3999996,26.4085293,0.0415099263,0.0982643366,2.49141285e-05,30,1.38399994,2,1.0315775449845905,59503.1749769,1.0315775449845905,16.366245299999996,16.366245299999996
948,651203100043542,174930476,2459503.8102825186,59503.3047685,16.4426479,0.0360031053,0,zr,23.5119156,30.7224475,2.57299995,0.201000005,20211016304757,651,0x3,0x1,20.5599995,26.5640965,0.0606386475,0.0961090028,5.2249834e-05,30,1.00399995,1,0.961481295582357,59503.3047685,0.961481295582357,16.442647900000004,16.442647900000004
949,651203100043542,174939344,2459503.8989644693,59503.3934491,16.431118,0.0359095782,32768,zr,23.5119506,30.7224407,2.73699999,0.180999994,20211016393322,651,0x3,0x1,20.6000004,26.5676422,0.0780952349,0.0984168947,8.78109495e-05,30,1.074,2,0.9717460858768948,59503.3934491,0.9717460858768948,16.431118000000005,16.431118000000005
950,651203100043542,175034402,2459504.84955706,59504.3440278,16.2306728,0.0344137549,32768,zr,23.5118968,30.7224747,3.42400002,0.263000011,20211017343854,651,0x3,0x1,20.25,26.2186413,0.0716588423,0.0966736674,7.39331153e-05,30,1.00800002,2,1.1687749098372475,59504.3440278,1.1687749098372475,16.2306728,16.2306728
951,651203100043542,175124391,2459505.7494530533,59505.243912,16.4188595,0.0358110853,0,zr,23.5119275,30.7224355,2.60700011,0.199000001,20211018243877,651,0x3,0x1,20.3500004,26.5722828,0.033081308,0.101397529,1.55871621e-05,30,1.07700002,2,0.9827797514923129,59505.243912,0.9827797514923129,16.418859500000003,16.418859500000003
952,651203100043542,175125210,2459505.757647658,59505.2521065,16.3873844,0.0355625749,0,zr,23.511946,30.7224514,3.16599989,0.294999987,20211018251817,651,0x3,0x1,20.3899994,26.5107689,0.0542124771,0.0862855241,4.17773699e-05,30,1.05999994,1,1.0116871644108005,59505.2521065,1.0116871644108005,16.387384399999995,16.387384399999995
953,651203100043542,175524395,2459509.749536132,59509.2439583,16.2255325,0.0343784317,32768,zr,23.5119214,30.7224422,2.7650001,0.204999998,20211022243831,651,0x3,0x1,20.5300007,26.669426,0.0375649147,0.105751693,2.01830608e-05,30,1.05499995,2,1.1743214669825162,59509.2439583,1.1743214669825162,16.225532500000007,16.225532500000007
954,651203100043542,175724709,2459511.752681459,59511.2470949,16.3712692,0.0354377367,32768,zr,23.5119286,30.7224267,2.63899994,0.151999995,20211024247083,651,0x3,0x1,20.3400002,26.4496117,0.0590216108,0.0879696608,4.92834115e-05,30,1.03999996,2,1.0268152734566565,59511.2470949,1.0268152734566565,16.371269199999993,16.371269199999993
955,651203100043542,175728150,2459511.7870912603,59511.2815046,16.3391113,0.0351933576,32768,zr,23.5119268,30.7224239,2.80100012,0.342000008,20211024281481,651,0x3,0x1,19.9300003,26.1132431,0.0735965073,0.0929148272,7.74363216e-05,30,1.005,2,1.05768289271751,59511.2815046,1.05768289271751,16.339111300000006,16.339111300000006
956,651203100043542,175828181,2459512.7874056264,59512.2818171,16.3666458,0.035402216,32768,zr,23.5119077,30.7224546,2.64899993,0.226999998,20211025281632,651,0x3,0x1,20.8700008,26.7315273,0.0470114686,0.102977954,3.10953037e-05,30,1.00300002,1,1.0311970928869738,59512.2818171,1.0311970928869738,16.366645800000008,16.366645800000008
957,651203100043542,175828277,2459512.7883663285,59512.2827778,16.3919182,0.0355979912,32768,zr,23.5119221,30.7224228,2.90499997,0.30399999,20211025282778,651,0x3,0x1,20.9500008,26.7368603,0.055099383,0.0961486697,4.30131513e-05,30,1.00300002,2,1.0074713854348023,59512.2827778,1.0074713854348023,16.3919182,16.3919182
958,651203100043542,176323858,2459517.7441617427,59517.238588,16.3905258,0.0355870984,32768,zr,23.5119481,30.722429,2.73799992,0.186000004,20211030238507,651,0x3,0x1,21.5799999,27.0956841,0.177824542,0.0779701248,0.00045253546,30,1.02900004,2,1.0087642437243989,59517.238588,1.0087642437243989,16.3905258,16.3905258
959,651203100043542,176334899,2459517.8545660493,59517.3489931,16.5475845,0.0368954092,32768,zr,23.511928,30.7224199,2.4460001,0.263999999,20211030348958,651,0x3,0x1,21.3700008,27.1391258,0.159922272,0.083808139,0.000369003013,30,1.06099999,2,0.8729034299608346,59517.3489931,0.8729034299608346,16.547584499999992,16.547584499999992
960,651203100043542,176430329,2459518.8088639425,59518.3032986,16.4236183,0.0358492099,32768,zr,23.51196,30.7224069,2.99399996,0.270000011,20211031303206,651,0x3,0x1,21.5799999,27.017107,0.142057687,0.0844075829,0.000290246739,30,1.00699997,1,0.978481637587727,59518.3032986,0.978481637587727,16.423618300000008,16.423618300000008
961,651203100043542,176433324,2459518.8388057705,59518.3332407,16.4373398,0.0359599367,32768,zr,23.5119283,30.7224154,2.7420001,0.349000007,20211031333137,651,0x3,0x1,21.4400005,26.9238071,0.0955072939,0.0913738906,0.000132184825,30,1.03799999,2,0.9661934299779734,59518.3332407,0.9661934299779734,16.437339799999997,16.437339799999997
962,651203100043542,176626188,2459520.7674316373,59520.2618866,16.4665031,0.0361993797,32768,zr,23.5119444,30.7224415,2.29299998,0.266000003,20211102261887,651,0x3,0x1,21.3999996,27.0131435,0.082828179,0.0894280896,9.83394202e-05,30,1.00300002,2,0.9405865408552776,59520.2618866,0.9405865408552776,16.466503100000004,16.466503100000004
963,651203100043542,176715836,2459521.6639017076,59521.1583681,16.4964905,0.0364515074,32768,zr,23.5119145,30.7224201,2.625,0.256999999,20211103158137,651,0x3,0x1,21.2299995,26.938158,0.0948319659,0.0957647488,0.000131204244,30,1.21000004,2,0.9149635644559195,59521.1583681,0.9149635644559195,16.4964905,16.4964905
964,651203100043542,176726638,2459521.771921091,59521.2663889,16.3403397,0.0352025814,32768,zr,23.5119432,30.7224262,2.70000005,0.219999999,20211103266366,651,0x3,0x1,21.4400005,26.9575653,0.0745250136,0.0971479416,7.93815925e-05,30,1.00100005,2,1.056486908879135,59521.2663889,1.056486908879135,16.34033970000001,16.34033970000001
965,651203100043542,176726738,2459521.772916478,59521.2673843,16.3839111,0.035535533,32769,zr,23.51195,30.7224087,2.96799994,0.286000013,20211103267350,651,0x3,0x1,21.4300003,26.8791962,0.0661009997,0.0925553367,6.25578832e-05,30,1.0,1,1.0149287617077924,59521.2673843,1.0149287617077924,16.3839111,16.3839111
966,651203100043542,176829982,2459522.8053436503,59522.2998264,16.316925,0.0350283682,32768,zr,23.5119325,30.7224401,2.7579999,0.238000005,20211104299815,651,0x3,0x1,21.4799995,26.9381123,0.0831181109,0.0899718702,9.86481245e-05,30,1.01199996,2,1.0795182778897583,59522.2998264,1.0795182778897583,16.316925000000005,16.316925000000005
967,651203100043542,176835256,2459522.858085821,59522.3525694,16.3487663,0.0352660678,32768,zr,23.5119254,30.7224284,2.6099999,0.268999994,20211104352199,651,0x3,0x1,21.4300003,26.9368973,0.0915063992,0.0828659311,0.000121688172,30,1.10000002,2,1.048319055201094,59522.3525694,1.048319055201094,16.3487663,16.3487663
968,651203100043542,176914210,2459523.647610239,59523.1421065,16.415535,0.0357845388,32768,zr,23.5118952,30.7224135,2.99799991,0.340999991,20211105142002,651,0x3,0x1,21.25,26.977829,0.126692966,0.101925202,0.000234687497,30,1.25899994,2,0.9857936129662953,59523.1421065,0.9857936129662953,16.415535,16.415535
969,651203100043542,176922082,2459523.7263242668,59523.2208218,16.427309,0.0358788744,32768,zr,23.5119306,30.7224199,2.60899997,0.305999994,20211105220810,651,0x3,0x1,21.2299995,26.9116154,0.072563082,0.0978836417,7.58031674e-05,30,1.03100002,2,0.9751611705454243,59523.2208218,0.9751611705454243,16.427309,16.427309
970,651203100043542,176922181,2459523.72731955,59523.2218171,16.4507446,0.0360693038,32768,zr,23.5119168,30.7224412,2.75699997,0.333999991,20211105221782,651,0x3,0x1,21.3600006,27.0330811,0.111500725,0.0914853215,0.000178903443,30,1.02999997,1,0.954337874776124,59523.2218171,0.954337874776124,16.4507446,16.4507446
971,651203100043542,177021380,2459524.719292884,59524.2138079,16.47295,0.0362530686,32769,zr,23.5119387,30.7224376,3.08200002,0.298999995,20211106213623,651,0x3,0x1,21.4699993,27.0713501,0.110032484,0.0844326764,0.000173596141,30,1.03699994,2,0.9350180612701245,59524.2138079,0.9350180612701245,16.472950000000004,16.472950000000004
972,651203100043542,177025391,2459524.759396253,59524.253912,16.4143372,0.0357749909,32768,zr,23.5119239,30.7224119,2.77099991,0.27700001,20211106253808,651,0x3,0x1,21.4099998,27.0176811,0.141734928,0.0790987983,0.00029514372,30,1.00199997,2,0.9868817549595819,59524.253912,0.9868817549595819,16.4143372,16.4143372
973,651203100043542,177126465,2459525.7701175516,59525.2646528,16.4005737,0.0356659554,32768,zr,23.5119458,30.7224197,2.83800006,0.246999994,20211107264641,651,0x3,0x1,21.3799992,26.8679676,0.0661674738,0.0929368511,6.34380121e-05,30,1.0,1,0.9994717423500858,59525.2646528,0.9994717423500858,16.400573700000002,16.400573700000002
974,651203100043542,177126622,2459525.771691619,59525.2662269,16.3574028,0.035331592,32768,zr,23.5119305,30.7224346,2.1960001,0.241999999,20211107265903,651,0x3,0x1,21.3299999,26.969553,0.0728963464,0.0938185975,7.57260277e-05,30,1.0,2,1.0400132683381154,59525.2662269,1.0400132683381154,16.357402799999996,16.357402799999996
975,651203100043542,177224015,2459526.745594863,59526.2401505,16.4129963,0.0357643142,32768,zr,23.5119452,30.7224207,3.11500001,0.277999997,20211108240081,651,0x3,0x1,21.4799995,27.0953999,0.122590125,0.0899720713,0.000214880652,30,1.005,2,0.9881013212127001,59526.2401505,0.9881013212127001,16.412996299999996,16.412996299999996
976,651203100043542,177233703,2459526.842479233,59526.337037,16.4103985,0.0357436612,32768,zr,23.5119208,30.7224494,2.64199996,0.289000005,20211108336840,651,0x3,0x1,21.3600006,26.9648609,0.0736244172,0.0959321335,7.8001598e-05,30,1.08899999,2,0.9904683445297036,59526.337037,0.9904683445297036,16.410398500000007,16.410398500000007
977,651203100043542,177319409,2459527.6995201325,59527.1940972,16.4877186,0.0363771282,32768,zr,23.5119292,30.7224362,2.36100006,0.254999995,20211109194051,651,0x3,0x1,21.1800003,26.9342213,0.094866015,0.0914919898,0.00012880945,30,1.05599999,1,0.9223856971292532,59527.1940972,0.9223856971292532,16.4877186,16.4877186
978,651203100043542,177319509,2459527.7005155105,59527.1950926,16.3742485,0.0354606919,32768,zr,23.5119294,30.7224171,3.33800006,0.275000006,20211109195046,651,0x3,0x1,21.1599998,26.8635311,0.0681979582,0.0982338637,6.62899183e-05,30,1.05400002,2,1.0240015169461016,59527.1950926,1.0240015169461016,16.3742485,16.3742485
979,651203100043542,177334462,2459527.850049006,59527.3446296,16.3444977,0.035233859,32768,zr,23.5119279,30.7224498,2.5150001,0.216000006,20211109344433,651,0x3,0x1,21.1299992,26.7137852,0.0473804027,0.102856673,3.20129548e-05,30,1.11600006,2,1.0524486612160822,59527.3446296,1.0524486612160822,16.344497699999998,16.344497699999998
980,651203100043542,177518509,2459529.690466146,59529.1850926,16.4133453,0.0357670933,32768,zr,23.5119518,30.722429,2.71399999,0.342000008,20211111184931,651,0x3,0x1,21.0,26.7499123,0.0496179461,0.0996943042,3.5753339e-05,30,1.06299996,2,0.9877837560974321,59529.1850926,0.9877837560974321,16.413345299999996,16.413345299999996
981,651203100043542,177537541,2459529.880785157,59529.3754167,16.4178505,0.03580302,32768,zr,23.5119377,30.7224437,2.61899996,0.197999999,20211111375093,651,0x3,0x1,20.8700008,26.6691208,0.0498820171,0.101342924,3.59933365e-05,30,1.25300002,2,0.9836934961732909,59529.3754167,0.9836934961732909,16.417850500000007,16.417850500000007
982,651203100043542,177624547,2459530.750819191,59530.2454745,16.4285145,0.0358885787,0,zr,23.5119252,30.7224111,2.15499997,0.0700000003,20211112245428,651,0x3,0x1,20.7099991,26.6238155,0.0481897295,0.100467771,3.35139957e-05,30,1.0,1,0.9740790435856609,59530.2454745,0.9740790435856609,16.4285145,16.4285145
983,651203100043542,177624859,2459530.7539441027,59530.2485995,16.3837051,0.0355339311,32768,zr,23.5119245,30.7224268,2.77900004,0.268000007,20211112248553,651,0x3,0x1,20.8999996,26.6729298,0.0394505151,0.0977076143,2.26625671e-05,30,1.0,2,1.0151213454675372,59530.2485995,1.0151213454675372,16.383705100000007,16.383705100000007
984,651203100043542,177637062,2459530.8759661145,59530.370625,16.3959332,0.035629455,0,zr,23.511898,30.7224496,2.05500007,0.0579999983,20211112370521,651,0x3,0x1,20.6900005,26.581089,0.0417358018,0.0980837867,2.54541283e-05,30,1.24300003,2,1.0037526849782725,59530.370625,1.0037526849782725,16.395933199999995,16.395933199999995
985,651203100043542,177715252,2459531.657841662,59531.1525231,16.4594002,0.0361405499,32768,zr,23.5119324,30.7224382,2.29200006,0.129999995,20211113152419,651,0x3,0x1,20.6200008,26.6797829,0.069740586,0.0972106531,7.00403616e-05,30,1.13199997,2,0.9467600414578481,59531.1525231,0.9467600414578481,16.459400199999997,16.459400199999997
986,651203100043542,177728421,2459531.7895276886,59531.284213,16.5954895,0.0373286083,32768,zr,23.5119116,30.7224065,1.91600001,0.263999999,20211113284178,651,0x3,0x1,18.4500008,24.7963104,0.107629381,0.0865743905,0.000469427352,30,1.02100003,2,0.8352263747286968,59531.284213,0.8352263747286968,16.595489500000006,16.595489500000006
987,651203100043542,177813391,2459532.6392008616,59532.133912,16.397644,0.0356428921,32768,zr,23.5119126,30.7224172,2.66400003,0.236000001,20211114133900,651,0x3,0x1,20.6200008,26.6317959,0.0361057073,0.10564325,1.86030156e-05,30,1.18700004,2,1.0021723122504385,59532.133912,1.0021723122504385,16.397644000000007,16.397644000000007
988,651203100043542,177813667,2459532.6419669776,59532.1366782,16.3409214,0.0352069512,32768,zr,23.5119168,30.7224423,2.59299994,0.244000003,20211114136435,651,0x3,0x1,20.7900009,26.6989784,0.0419917554,0.10468258,2.54049446e-05,30,1.176,1,1.0559210312451428,59532.1366782,1.0559210312451428,16.340921400000006,16.340921400000006
989,651203100043542,177836568,2459532.8709645197,59532.3656829,16.4172363,0.0357981138,32768,zr,23.5119237,30.7224156,3.09100008,0.358999997,20211114365613,651,0x3,0x1,20.6399994,26.6576157,0.0481484048,0.0979098454,3.33023563e-05,30,1.245,2,0.9842501281325611,59532.3656829,0.9842501281325611,16.417236300000006,16.417236300000006
990,651203100043542,178237958,2459536.884726533,59536.3795833,16.3474236,0.0352559276,0,zr,23.5119093,30.7224363,1.78999996,0.163000003,20211118379549,651,0x3,0x1,19.5599995,26.3306446,0.0438821316,0.105845489,2.80087243e-05,30,1.38600004,2,1.0496162844033274,59536.3795833,1.0496162844033274,16.347423600000006,16.347423600000006
991,651203100043542,178331206,2459537.8171678204,59537.3120602,16.316988,0.0350288302,0,zr,23.5119111,30.7224527,3.12400007,0.305999994,20211119312014,651,0x3,0x1,20.2199993,26.4743652,0.03274066,0.0958730131,1.54902464e-05,30,1.10099995,2,1.0794556405031612,59537.3120602,1.0794556405031612,16.316988000000002,16.316988000000002
992,651203100043542,178334565,2459537.85076599,59537.3456597,16.4739304,0.036261268,32768,zr,23.511933,30.7224249,3.25699997,0.328000009,20211119345637,651,0x3,0x1,21.0499992,26.9055843,0.159932032,0.0914625525,0.000365437561,30,1.21700001,1,0.9341741380870947,59537.3456597,0.9341741380870947,16.473930399999993,16.473930399999993
993,651203100043542,178426534,2459538.77041703,59538.2653472,16.3112774,0.0349868275,32768,zr,23.5119181,30.722441,3.40100002,0.256999999,20211120265347,651,0x3,0x1,20.5200005,26.7035503,0.0632006675,0.0933298245,5.71095334e-05,30,1.02100003,2,1.0851481641272114,59538.2653472,1.0851481641272114,16.3112774,16.3112774
994,651203100043542,178621673,2459540.721724313,59540.2167361,16.3694954,0.0354240909,0,zr,23.5119435,30.7224259,2.61100006,0.127000004,20211122216725,651,0x3,0x1,20.3099995,26.4509296,0.0498926528,0.0978057608,3.58096404e-05,30,1.0,1,1.0284941836229051,59540.2167361,1.0284941836229051,16.369495399999998,16.369495399999998
995,651203100043542,178634276,2459540.847748897,59540.3427662,16.3427582,0.0352207571,0,zr,23.5119351,30.7224642,2.09899998,0.050999999,20211122342720,651,0x3,0x1,19.8700008,26.3172302,0.0327903815,0.108166359,1.54737972e-05,30,1.24000001,2,1.0541361814138337,59540.3427662,1.0541361814138337,16.3427582,16.3427582
996,651203100043542,178819828,2459542.7031865837,59542.198287,16.4750214,0.0362703875,32768,zr,23.5119298,30.7224182,2.89899993,0.34799999,20211124198218,651,0x3,0x1,21.0200005,26.8925648,0.0984042734,0.0994991586,0.000137542927,30,1.00399995,2,0.933235906416177,59542.198287,0.933235906416177,16.475021399999996,16.475021399999996
997,651203100043542,178913855,2459543.6434087106,59543.1385532,16.3277988,0.0351088755,1,zr,23.5119126,30.7224421,1.31500006,0.00600000005,20211125138484,651,0x3,0x1,20.2600002,26.4191074,0.0413353816,0.096559003,2.44566927e-05,30,1.08099997,2,1.0687607104865575,59543.1385532,1.0687607104865575,16.327798800000004,16.327798800000004
998,651203100043542,179612234,2459550.6268386687,59550.1223495,16.3865776,0.0355562866,0,zr,23.5119395,30.7224366,2.55599999,0.142000005,20211202121956,651,0x3,0x1,20.7199993,26.5560455,0.0420086309,0.106428295,2.56531912e-05,30,1.074,2,1.0124392186775524,59550.1223495,1.0124392186775524,16.386577600000003,16.386577600000003
999,651203100043542,179615269,2459550.657184242,59550.1526968,16.4608765,0.0361527465,1,zr,23.5119438,30.7224468,2.22300005,0.254999995,20211202152546,651,0x3,0x1,21.1900005,26.8253517,0.0672405139,0.0937390253,6.48150599e-05,30,1.02400005,2,0.9454735852908048,59550.1526968,0.9454735852908048,16.460876500000005,16.460876500000005
1000,651203100043542,186818141,2459622.679762754,59622.181412,16.3856506,0.0355490632,0,zr,23.5118841,30.7224675,2.56699991,0.0829999968,20220212181400,651,0x3,0x1,19.7399998,26.2559986,0.0390774272,0.114254579,2.20482962e-05,30,1.71399999,1,1.0133040069418915,59622.181412,1.0133040069418915,16.385650599999998,16.385650599999998
1001,651203100043542,187015957,2459624.6577464594,59624.1595718,16.3757248,0.0354720913,0,zr,23.5119438,30.7224423,2.86299992,0.300000012,20220214159572,651,0x3,0x1,20.4099998,26.5441418,0.0536339395,0.107416771,4.14091737e-05,30,1.54499996,1,1.0226101051745398,59624.1595718,1.0226101051745398,16.375724799999993,16.375724799999993
1002,651203100043542,187115858,2459625.656674618,59625.158588,16.3743095,0.0354611687,0,zr,23.5119391,30.7224154,2.29900002,0.187999994,20220215158414,651,0x3,0x1,20.2000008,26.4095478,0.0487113781,0.103832595,3.38235332e-05,30,1.56099999,2,1.023943987006893,59625.158588,1.023943987006893,16.374309500000003,16.374309500000003
1003,651203100043542,187413600,2459628.6338350344,59628.1360069,16.3656864,0.0353948586,0,zr,23.5119147,30.7224513,2.48900008,0.319000006,20220218135995,651,0x3,0x1,20.3600006,26.5131035,0.0425014049,0.112245291,2.62308549e-05,30,1.44000006,2,1.032108702651275,59628.1360069,1.032108702651275,16.36568640000001,16.36568640000001
1004,651203100043542,187514156,2459629.6393047203,59629.1415625,16.376915,0.035481289,0,zr,23.5118982,30.7224472,1.75300002,0.0399999991,20220219141551,651,0x3,0x1,20.1499996,26.3854351,0.0353731476,0.103001371,1.80580155e-05,30,1.50600004,1,1.021489719137575,59629.1415625,1.021489719137575,16.376915000000004,16.376915000000004
1005,651203100043542,187615914,2459630.6567995157,59630.1591435,16.4694328,0.0362237506,32768,zr,23.5117541,30.7223916,1.17700005,0.312000006,20220220159097,651,0x3,0x1,17.5400009,23.696064,0.0633731112,0.101255909,0.000589923642,30,1.70899999,2,0.9380519271268194,59630.1591435,0.9380519271268194,16.4694328,16.4694328
1006,651203100043542,187714192,2459631.639494875,59631.1419213,16.7408409,0.0387513004,32768,zr,23.5119552,30.7225568,0.64200002,-0.0329999998,20220221141910,651,0x3,0x1,17.1800003,22.9970627,0.0826959014,0.0603936836,0.00214567804,30,1.55799997,1,0.7305730373040846,59631.1419213,0.7305730373040846,16.740840900000002,16.740840900000002
1007,651203100043542,188513881,2459639.6357521764,59639.1388194,16.3404312,0.0352032632,0,zr,23.5118755,30.7223923,2.38599992,0.0340000018,20220301138704,651,0x3,0x1,19.7700005,26.2359123,0.0356903523,0.121644028,1.84081455e-05,30,1.75999999,1,1.0563978776038632,59639.1388194,1.0563978776038632,16.340431200000005,16.340431200000005
1008,651203100043542,197147809,2459725.9735642434,59725.4780903,16.3862705,0.0355538912,0,zr,23.5119562,30.7224208,2.71499991,0.286000013,20220526478009,651,0x3,0x1,19.7700005,26.1461906,0.0408466198,0.0948436856,2.35626285e-05,30,2.71099997,1,1.0127256271611613,59725.4780903,1.0127256271611613,16.386270500000002,16.386270500000002
1009,651203100043542,197148046,2459725.9759370605,59725.480463,16.4235592,0.0358487293,32768,zr,23.511928,30.7224455,2.80500007,0.173999995,20220526480463,651,0x3,0x1,19.5300007,26.1155529,0.0598196797,0.0935278162,5.13047889e-05,30,2.63800001,1,0.9785349008375442,59725.480463,0.9785349008375442,16.423559199999993,16.423559199999993
1010,651203100043542,197148283,2459725.9783097752,59725.4828356,16.504509,0.0365199745,0,zr,23.5119449,30.7224358,2.04999995,0.160999998,20220526482836,651,0x3,0x1,19.3199997,26.1416779,0.0444695093,0.0971636325,3.20318322e-05,30,2.56800008,1,0.9082311646228309,59725.4828356,0.9082311646228309,16.504509000000006,16.504509000000006
1011,651203100043542,197148519,2459725.980671092,59725.4851968,16.4208126,0.0358267128,0,zr,23.5119158,30.7224246,1.87100005,0.143999994,20220526485197,651,0x3,0x1,18.9099998,26.1468143,0.0414690711,0.0783301219,3.9887509e-05,30,2.50300002,1,0.9810134460844759,59725.4851968,0.9810134460844759,16.420812599999998,16.420812599999998
1012,651203100043542,197247328,2459726.9688090095,59726.473287,16.3813286,0.035515476,0,zr,23.5119835,30.7224436,2.85100007,0.075000003,20220527473206,651,0x3,0x1,19.7199993,26.0493679,0.043113675,0.0870705992,2.6679063e-05,30,2.77900004,1,1.0173457145262825,59726.473287,1.0173457145262825,16.381328599999996,16.381328599999996
1013,651203100043542,197247564,2459726.9711702294,59726.4756481,16.4727516,0.0362514183,32768,zr,23.5119378,30.7224254,1.44700003,0.0520000011,20220527475648,651,0x3,0x1,19.3500004,25.8829765,0.0505134948,0.0880568847,3.97787589e-05,30,2.7019999,1,0.9351889356802899,59726.4756481,0.9351889356802899,16.472751600000002,16.472751600000002
1014,651203100043542,197247802,2459726.9735430507,59726.4780208,16.4180183,0.0358043611,32768,zr,23.5119032,30.7224168,1.41199994,0.0939999968,20220527478021,651,0x3,0x1,19.2900009,25.9081345,0.0437926538,0.0844262093,3.16515943e-05,30,2.62899995,1,0.9835414785714811,59726.4780208,0.9835414785714811,16.418018299999993,16.418018299999993
1015,651203100043542,197248039,2459726.975915867,59726.4803935,16.4375534,0.0359616689,32768,zr,23.5119573,30.7224424,1.02699995,0.0610000007,20220527480394,651,0x3,0x1,19.1599998,25.9697151,0.0486517437,0.0774747729,4.36226292e-05,30,2.55999994,1,0.9660033666676416,59726.4803935,0.9660033666676416,16.437553400000006,16.437553400000006
1016,651203100043542,197248275,2459726.978277087,59726.4827546,16.4068336,0.0357154012,32768,zr,23.5119149,30.7224135,0.998000026,0.0379999988,20220527482755,651,0x3,0x1,18.8299999,26.0169277,0.0492645502,0.0849387497,5.79225452e-05,30,2.49499989,1,0.9937257873943769,59726.4827546,0.9937257873943769,16.40683359999999,16.40683359999999
1017,651203100043542,197347530,2459727.9708726476,59727.4753009,16.3303261,0.0351276807,32768,zr,23.5119546,30.7224094,1.61699998,0.0260000005,20220528475255,651,0x3,0x1,19.4599991,25.9113045,0.0498321205,0.0933912992,3.80461643e-05,30,2.62899995,1,1.0662758180428331,59727.4753009,1.0662758180428331,16.3303261,16.3303261
1018,651203100043542,197347770,2459727.973280172,59727.4777083,16.3024368,0.0349221751,32768,zr,23.5119487,30.7224025,1.39199996,0.0199999996,20220528477650,651,0x3,0x1,19.4200001,25.926363,0.0496199243,0.0987429842,3.6359208e-05,30,2.55900002,1,1.0940200466157322,59727.4777083,1.0940200466157322,16.302436800000002,16.302436800000002
1019,651203100043542,197348010,2459727.975676195,59727.4801042,16.3512516,0.0352848805,32768,zr,23.5119446,30.7224097,1.14199996,0.0320000015,20220528480058,651,0x3,0x1,19.2399998,25.8412838,0.0494440645,0.0960210413,4.31431326e-05,30,2.49300003,1,1.0459221491341875,59727.4801042,1.0459221491341875,16.351251600000005,16.351251600000005
1020,651203100043542,197348249,2459727.978072119,59727.4825,16.3864155,0.0355550274,32768,zr,23.5119376,30.7224579,1.47500002,0.0340000018,20220528482454,651,0x3,0x1,19.2099991,25.8695259,0.0547971874,0.09985549,5.0933766e-05,30,2.43000007,1,1.0125903867499677,59727.4825,1.0125903867499677,16.38641549999999,16.38641549999999
1021,651203100043542,197547099,2459729.9666701215,59729.4709954,16.3414383,0.035210833,0,zr,23.5119508,30.7224369,1.81299996,0.0460000001,20220530470926,651,0x3,0x1,19.9599991,26.2686462,0.0421803668,0.102463573,2.57813299e-05,30,2.59500003,1,1.0554184453729694,59729.4709954,1.0554184453729694,16.3414383,16.3414383
1022,651203100043542,197547335,2459729.9690313484,59729.4733565,16.3749142,0.0354658365,0,zr,23.5119627,30.7224419,1.40400004,0.0209999997,20220530473356,651,0x3,0x1,19.8299999,26.268198,0.0397567675,0.100377962,2.31059475e-05,30,2.52800012,1,1.0233738609186143,59729.4733565,1.0233738609186143,16.3749142,16.3749142
1023,651203100043542,197547572,2459729.971404178,59729.4757292,16.3548012,0.0353118107,0,zr,23.5119381,30.7224271,1.79900002,0.0209999997,20220530475729,651,0x3,0x1,19.5900002,26.1640472,0.0376077369,0.106528521,2.09308018e-05,30,2.46399999,1,1.0425082968210373,59729.4757292,1.0425082968210373,16.354801200000004,16.354801200000004
1024,651203100043542,197547810,2459729.973777007,59729.4781019,16.3429432,0.0352221578,0,zr,23.5119237,30.722449,0.838,-0.00999999978,20220530478090,651,0x3,0x1,19.4099998,26.1691704,0.0473220013,0.100754164,3.35011755e-05,30,2.40400004,1,1.053956581084399,59729.4781019,1.053956581084399,16.3429432,16.3429432
1025,651203100043542,197548047,2459729.9761497336,59729.4804745,16.3639145,0.0353812948,0,zr,23.5119499,30.722426,1.26100004,0.0289999992,20220530480463,651,0x3,0x1,19.3700008,26.1871929,0.042548798,0.0927115232,2.89948075e-05,30,2.34599996,1,1.0337944588153125,59729.4804745,1.0337944588153125,16.3639145,16.3639145
1026,651203100043542,197647304,2459730.9687723657,59730.473044,16.4524765,0.0360835195,0,zr,23.511982,30.7224322,3.14599991,0.182999998,20220531473044,651,0x3,0x1,20.3099995,26.4038582,0.0362339057,0.106396988,1.923337e-05,30,2.46300006,1,0.952816786852733,59730.473044,0.952816786852733,16.452476499999996,16.452476499999996
1027,651203100043542,197647543,2459730.971168301,59730.4754398,16.4134254,0.0357677303,0,zr,23.5119262,30.7224618,2.69499993,0.104999997,20220531475440,651,0x3,0x1,20.0100002,26.365736,0.0425214134,0.103988834,2.63858001e-05,30,2.40199995,1,0.9877108852103674,59730.4754398,0.9877108852103674,16.4134254,16.4134254
1028,651203100043542,197647783,2459730.973564232,59730.4778356,16.4017868,0.0356755108,0,zr,23.5119486,30.7224662,2.58999991,0.158000007,20220531477836,651,0x3,0x1,19.9300003,26.2570801,0.0475792363,0.0997927934,3.29335489e-05,30,2.3440001,1,0.9983556498099823,59730.4778356,0.9983556498099823,16.401786800000004,16.401786800000004
1029,651203100043542,197648023,2459730.9759602654,59730.4802315,16.397831,0.0356443636,0,zr,23.5119326,30.7224394,2.4920001,0.182999998,20220531480220,651,0x3,0x1,19.7000008,26.2241192,0.0447484888,0.101506196,2.92094846e-05,30,2.28900003,1,1.0019997196043744,59730.4802315,1.0019997196043744,16.397831000000004,16.397831000000004
1030,651203100043542,197648261,2459730.9783445965,59730.4826157,16.4415874,0.0359944627,0,zr,23.5119466,30.7224362,2.59200001,0.239999995,20220531482616,651,0x3,0x1,19.5799999,26.2499733,0.0394948944,0.089269951,2.30569949e-05,30,2.23699999,1,0.962420887581829,59730.4826157,0.962420887581829,16.441587399999996,16.441587399999996
1031,651203100043542,197747204,2459731.9678317173,59731.4720486,16.3359261,0.0351694934,0,zr,23.5118925,30.7224301,1.14199996,-0.0,20220601472037,651,0x3,0x1,19.6299992,26.1709576,0.0513597131,0.101927817,3.84538798e-05,30,2.41899991,1,1.0607903492531012,59731.4720486,1.0607903492531012,16.335926100000002,16.335926100000002
1032,651203100043542,197747444,2459731.970227652,59731.4744444,16.370533,0.0354320742,0,zr,23.5119066,30.7224217,1.35699999,0.0399999991,20220601474433,651,0x3,0x1,19.7600002,26.1606483,0.0406704955,0.109625496,2.39471519e-05,30,2.3599999,1,1.027511757324226,59731.4744444,1.027511757324226,16.370533000000002,16.370533000000002
1033,651203100043542,197747682,2459731.9726120834,59731.4768287,16.3992157,0.0356552526,0,zr,23.5119623,30.7224353,1.477,0.074000001,20220601476829,651,0x3,0x1,19.6700001,26.1613903,0.0416507907,0.0935295075,2.538228e-05,30,2.3039999,1,1.0007226279652415,59731.4768287,1.0007226279652415,16.399215700000006,16.399215700000006
1034,651203100043542,197747922,2459731.97500802,59731.4792245,16.3704529,0.0354314521,0,zr,23.5119456,30.7224531,1.602,0.0430000015,20220601479225,651,0x3,0x1,19.3600006,26.1655655,0.0440616123,0.094769612,3.00437368e-05,30,2.25099993,1,1.027587564622028,59731.4792245,1.027587564622028,16.370452899999997,16.370452899999997
1035,651203100043542,197748162,2459731.977404054,59731.4816204,16.4292107,0.0358941928,0,zr,23.5119708,30.7223972,1.73099995,0.0979999974,20220601481609,651,0x3,0x1,19.3899994,26.1964588,0.0448114015,0.10076239,3.17284939e-05,30,2.20099998,1,0.973454641037957,59731.4816204,0.973454641037957,16.42921069999999,16.42921069999999
1036,651203100043542,197847126,2459732.9671007222,59732.4712616,16.4127502,0.0357623622,1,zr,23.5119257,30.7224522,2.33400011,0.282000005,20220602471262,651,0x3,0x1,20.4099998,26.4609108,0.035054151,0.105945751,1.7688968e-05,30,2.37100005,1,0.9883253160427634,59732.4712616,0.9883253160427634,16.412750199999998,16.412750199999998
1037,651203100043542,197847369,2459732.969531363,59732.4736921,16.4321098,0.0359175913,0,zr,23.5119204,30.7224214,2.53999996,0.208000004,20220602473692,651,0x3,0x1,20.3199997,26.4473152,0.0406741239,0.102046177,2.39919736e-05,30,2.31399989,1,0.9708588190609377,59732.4736921,0.9708588190609377,16.4321098,16.4321098
1038,651203100043542,197847611,2459732.9719504993,59732.4761111,16.4335728,0.0359294154,0,zr,23.5119713,30.7224134,3.02600002,0.206,20220602476111,651,0x3,0x1,20.0499992,26.2807846,0.0421002433,0.0956769139,2.52844366e-05,30,2.25999999,1,0.9695514942032374,59732.4761111,0.9695514942032374,16.4335728,16.4335728
1039,651203100043542,197847854,2459732.9743812415,59732.4785417,16.4200974,0.0358209834,0,zr,23.5119425,30.7224033,2.76999998,0.25999999,20220602478542,651,0x3,0x1,20.0200005,26.252285,0.0419065282,0.0955679938,2.49972909e-05,30,2.20799994,1,0.9816598756236079,59732.4785417,0.9816598756236079,16.420097399999996,16.420097399999996
1040,651203100043542,197848097,2459732.976811882,59732.4809722,16.3477249,0.0352582037,0,zr,23.5119386,30.7224373,2.80599999,0.349999994,20220602480961,651,0x3,0x1,19.7299995,26.2137623,0.0517738461,0.100172311,3.91646427e-05,30,2.15899992,1,1.0493250483661059,59732.4809722,1.0493250483661059,16.347724899999996,16.347724899999996
1041,651203100043542,197947258,2459733.9684774824,59733.472581,16.3734779,0.0354547501,0,zr,23.5119406,30.7224259,2.44499993,0.199000001,20220603472581,651,0x3,0x1,20.2900009,26.3905449,0.0338161588,0.109209806,1.65821766e-05,30,2.27699995,1,1.0247285588017363,59733.472581,1.0247285588017363,16.373477900000005,16.373477900000005
1042,651203100043542,197947501,2459733.9709082274,59733.4750116,16.4063168,0.0357113034,0,zr,23.5119109,30.7224297,2.20099998,0.223000005,20220603475000,651,0x3,0x1,20.2900009,26.4314537,0.0377977267,0.1059274,2.0645557e-05,30,2.2249999,1,0.9941989039104046,59733.4750116,0.9941989039104046,16.406316800000006,16.406316800000006
1043,651203100043542,197947743,2459733.97332737,59733.4774306,16.4049053,0.0357001387,0,zr,23.5119127,30.7224388,2.21300006,0.147,20220603477431,651,0x3,0x1,20.0400009,26.3810387,0.0416031256,0.093602486,2.49180484e-05,30,2.17499995,1,0.9954922423129752,59733.4774306,0.9954922423129752,16.404905300000003,16.404905300000003
1044,651203100043542,197947986,2459733.9757580142,59733.4798611,16.4113998,0.0357516184,0,zr,23.5119014,30.7224099,2.93799996,0.226999998,20220603479861,651,0x3,0x1,20.0100002,26.2395535,0.0436725318,0.0995002091,2.72691559e-05,30,2.12700009,1,0.9895553246125715,59733.4798611,0.9895553246125715,16.411399800000005,16.411399800000005
1045,651203100043542,197948229,2459733.978188755,59733.4822917,16.3978691,0.0356446616,0,zr,23.5119437,30.722424,2.03500009,0.165000007,20220603482280,651,0x3,0x1,19.75,26.2229939,0.0408748724,0.104196578,2.4246785e-05,30,2.08200002,1,1.0019645586515307,59733.4822917,1.0019645586515307,16.3978691,16.3978691
1046,651203100043542,198047136,2459734.967320609,59734.4713657,16.3639259,0.0353813767,32768,zr,23.5119303,30.7224201,2.25200009,0.122000001,20220604471354,651,0x3,0x1,19.7900009,25.8220081,0.0396554917,0.0895673856,2.2834527e-05,30,2.24399996,1,1.0337836042496098,59734.4713657,1.0337836042496098,16.363925900000005,16.363925900000005
1047,651203100043542,198047373,2459734.9696934507,59734.4737384,16.4146767,0.0357776992,32768,zr,23.5119485,30.7224289,2.32399988,0.115999997,20220604473727,651,0x3,0x1,19.4899998,25.5708694,0.0552745461,0.0987815335,4.65612175e-05,30,2.19499993,1,0.9865732141033424,59734.4737384,0.9865732141033424,16.414676699999994,16.414676699999994
1048,651203100043542,198047609,2459734.9720546925,59734.4760995,16.3800354,0.0355054475,0,zr,23.5119483,30.7224603,2.20000005,0.0659999996,20220604476100,651,0x3,0x1,19.8299999,26.1291561,0.043302197,0.0994810164,2.73133483e-05,30,2.14700007,1,1.0185581778257353,59734.4760995,1.0185581778257353,16.380035400000004,16.380035400000004
1049,651203100043542,198047847,2459734.9744275375,59734.4784722,16.3687019,0.0354179963,0,zr,23.5119174,30.7224194,2.91100001,0.0829999968,20220604478461,651,0x3,0x1,19.6800003,26.0278034,0.0383036025,0.100965425,2.16357184e-05,30,2.102,1,1.02924612357569,59734.4784722,1.02924612357569,16.368701899999998,16.368701899999998
1050,651203100043542,198048084,2459734.9768003775,59734.4808449,16.4570961,0.0361215323,32768,zr,23.5119612,30.7224317,2.2249999,0.120999999,20220604480845,651,0x3,0x1,19.2199993,25.716383,0.0485429391,0.0980165675,4.24350583e-05,30,2.05900002,1,0.9487713459586629,59734.4808449,0.9487713459586629,16.457096099999994,16.457096099999994
1051,651203100043542,198147201,2459735.968028542,59735.4720139,16.4095383,0.0357368402,0,zr,23.5119217,30.7224289,2.09800005,0.158000007,20220605472002,651,0x3,0x1,20.1700001,26.1977634,0.0443191193,0.0874382034,2.86227423e-05,30,2.17400002,1,0.9912533772699125,59735.4720139,0.9912533772699125,16.4095383,16.4095383
1052,651203100043542,198147438,2459735.970401387,59735.4743866,16.4146442,0.0357774422,32768,zr,23.5119284,30.7224425,2.09500003,0.118000001,20220605474375,651,0x3,0x1,20.0400009,26.0588837,0.0533367097,0.0885338187,4.11350884e-05,30,2.12800002,1,0.9866027462394191,59735.4743866,0.9866027462394191,16.414644200000005,16.414644200000005
1053,651203100043542,198147674,2459735.9727626313,59735.4767477,16.3923721,0.0356015451,0,zr,23.511942,30.7224095,2.83599997,0.211999997,20220605476748,651,0x3,0x1,20.0499992,26.0725708,0.0451714583,0.0949406028,2.92485493e-05,30,2.08299994,1,1.007050292644332,59735.4767477,1.007050292644332,16.392372099999996,16.392372099999996
1054,651203100043542,198147912,2459735.975135477,59735.4791204,16.389576,0.0355796777,0,zr,23.5119381,30.7224445,2.17499995,0.193000004,20220605479120,651,0x3,0x1,19.9799995,26.1367683,0.0494707562,0.0939166099,3.53073228e-05,30,2.04099989,1,1.009647094898914,59735.4791204,1.009647094898914,16.389575999999998,16.389575999999998
1055,651203100043542,198148149,2459735.9775083237,59735.4814931,16.4095154,0.035736654,0,zr,23.5119243,30.72241,2.43400002,0.182999998,20220605481481,651,0x3,0x1,19.7199993,26.0807514,0.0392313264,0.0892160386,2.23839579e-05,30,2.0,1,0.9912742846888896,59735.4814931,0.9912742846888896,16.409515399999997,16.409515399999997
1056,651203100043542,198247202,2459736.968101012,59736.4720255,16.3883038,0.035569746,0,zr,23.5119269,30.7224307,2.84500003,0.282000005,20220606472014,651,0x3,0x1,20.4099998,26.3804359,0.0418480709,0.10065496,2.52889586e-05,30,2.12100005,1,1.0108308316633414,59736.4720255,1.0108308316633414,16.388303799999996,16.388303799999996
1057,651203100043542,198247438,2459736.970462259,59736.4743866,16.4395294,0.0359777249,0,zr,23.5119377,30.722427,3.21000004,0.351999998,20220606474387,651,0x3,0x1,20.4500008,26.4947701,0.0428307429,0.0988361463,2.64654009e-05,30,2.0769999,1,0.9642468748937596,59736.4743866,0.9642468748937596,16.439529400000005,16.439529400000005
1058,651203100043542,198247675,2459736.9728351077,59736.4767593,16.4437485,0.0360120758,32768,zr,23.5119328,30.7224468,2.53800011,0.324000001,20220606476748,651,0x3,0x1,20.3899994,26.4599934,0.0697560161,0.0947568491,7.00579039e-05,30,2.03399992,1,0.9605071453754704,59736.4767593,0.9605071453754704,16.443748500000005,16.443748500000005
1059,651203100043542,198247912,2459736.9751963546,59736.4791204,16.3930569,0.0356069021,32768,zr,23.5119466,30.7224411,2.58599997,0.277999997,20220606479120,651,0x3,0x1,20.1700001,26.3822002,0.0508051738,0.0896652564,3.70610433e-05,30,1.99399996,1,1.0064153220128045,59736.4791204,1.0064153220128045,16.393056899999998,16.393056899999998
1060,651203100043542,198248148,2459736.9775576005,59736.4814815,16.4415283,0.0359939896,32768,zr,23.511971,30.7224326,2.48300004,0.316000015,20220606481481,651,0x3,0x1,19.8700008,26.327774,0.0601666011,0.0853247419,5.19948699e-05,30,1.95599997,1,0.9624732765712309,59736.4814815,0.9624732765712309,16.44152830000001,16.44152830000001
1061,651203100043542,198346886,2459737.9650030383,59737.4688657,16.5149918,0.0366101377,32769,zr,23.5119181,30.7224158,2.9460001,0.234999999,20220607468866,651,0x3,0x1,20.7099991,26.6922646,0.0851015076,0.0880276635,0.000102963713,30,2.12899995,1,0.8995043749923826,59737.4688657,0.8995043749923826,16.514991799999997,16.514991799999997
1062,651203100043542,198347076,2459737.966901358,59737.4707639,16.454298,0.0360984951,32769,zr,23.5119292,30.7224501,2.34699988,0.204999998,20220607470752,651,0x3,0x1,20.6499996,26.5734558,0.0609470494,0.0939614251,5.29149002e-05,30,2.09299994,1,0.9512196210364288,59737.4707639,0.9512196210364288,16.454298,16.454298
1063,651203100043542,198347267,2459737.9688111795,59737.4726736,16.3931293,0.0356074721,32769,zr,23.5119336,30.7224301,2.23200011,0.268000007,20220607472674,651,0x3,0x1,20.6299992,26.601162,0.0525145531,0.0958427116,3.9462524e-05,30,2.05800009,1,1.0063482135939843,59737.4726736,1.0063482135939843,16.39312929999999,16.39312929999999
1064,651203100043542,198347503,2459737.9711724306,59737.4750347,16.4897385,0.0363942049,32768,zr,23.5119231,30.7224336,2.20300007,0.291000009,20220607475023,651,0x3,0x1,20.5,26.7399654,0.0950376764,0.0929938778,0.000128515661,30,2.01699996,1,0.9206712891006514,59737.4750347,0.9206712891006514,16.48973850000001,16.48973850000001
1065,651203100043542,198347738,2459737.97352218,59737.4773843,16.4172039,0.0357978567,0,zr,23.5119195,30.7224293,2.36999989,0.259000003,20220607477373,651,0x3,0x1,20.2399998,26.5222855,0.0347800404,0.0938479975,1.73147746e-05,30,1.97800004,1,0.9842795000737766,59737.4773843,0.9842795000737766,16.417203899999997,16.417203899999997
1066,651203100043542,198846160,2459742.9580724123,59742.4616088,16.3830414,0.0355287679,1,zr,23.5119461,30.7224236,2.00699997,0.0439999998,20220612461586,651,0x3,0x1,20.2900009,26.3689423,0.031896919,0.0982590169,1.47703176e-05,30,2.01300001,1,1.0157420689914982,59742.4616088,1.0157420689914982,16.383041400000003,16.383041400000003
1067,651203100043542,198846361,2459742.960074852,59742.4636111,16.3259125,0.0350948498,1,zr,23.5119184,30.7224298,2.49099994,0.0260000005,20220612463600,651,0x3,0x1,20.1299992,26.3006916,0.0478841886,0.0963702798,3.31201263e-05,30,1.98000002,1,1.070619132064584,59742.4636111,1.070619132064584,16.32591250000001,16.32591250000001
1068,651203100043542,198846562,2459742.9620888913,59742.465625,16.362257,0.0353686139,0,zr,23.5119181,30.7224359,1.76999998,0.023,20220612465602,651,0x3,0x1,20.0599995,26.341114,0.0353965424,0.100745827,1.80140178e-05,30,1.94799995,1,1.0353738690912204,59742.465625,1.0353738690912204,16.362256999999993,16.362256999999993
1069,651203100043542,198846762,2459742.9640913284,59742.4676273,16.3371277,0.0351784863,1,zr,23.511944,30.722412,1.52999997,0.0160000008,20220612467616,651,0x3,0x1,20.0799999,26.3349342,0.0474000871,0.0963442847,3.26827576e-05,30,1.91600001,1,1.0596170065905124,59742.4676273,1.0596170065905124,16.337127700000003,16.337127700000003
1070,651203100043542,198846964,2459742.9661053657,59742.4696412,16.3270226,0.0351030938,1,zr,23.5119635,30.7224437,1.523,0.0149999997,20220612469630,651,0x3,0x1,19.9899998,26.3268127,0.0495634153,0.102239944,3.54248841e-05,30,1.88600004,1,1.0695250477756781,59742.4696412,1.0695250477756781,16.3270226,16.3270226
1071,651203100043542,198946023,2459743.956763557,59743.4602315,16.3075924,0.0349598229,0,zr,23.5119602,30.7224414,1.62399995,0.00700000022,20220613460231,651,0x3,0x1,19.3099995,26.2824211,0.0514726564,0.0998950526,4.33383502e-05,30,1.99100006,1,1.0888374254654307,59743.4602315,1.0888374254654307,16.307592399999997,16.307592399999997
1072,651203100043542,198946219,2459743.9587312937,59743.4621991,16.3733444,0.0354537219,32768,zr,23.5119879,30.7224101,1.37100005,0.0179999992,20220613462199,651,0x3,0x1,19.6100006,26.3693142,0.0550870672,0.0939768478,4.36396222e-05,30,1.95899999,1,1.0248545651675174,59743.4621991,1.0248545651675174,16.3733444,16.3733444
1073,651203100043542,198946416,2459743.9606990325,59743.4641667,16.3629017,0.0353735425,32768,zr,23.5119681,30.7224443,1.50699997,0.0410000011,20220613464167,651,0x3,0x1,19.5799999,26.3398514,0.0609231777,0.103110678,5.32761514e-05,30,1.92799997,1,1.0347592562686616,59743.4641667,1.0347592562686616,16.362901700000002,16.362901700000002
1074,651203100043542,198946613,2459743.962666772,59743.4661343,16.3634148,0.0353774689,0,zr,23.5119511,30.7224423,2.36899996,0.100000001,20220613466134,651,0x3,0x1,19.6700001,26.2323666,0.0367945395,0.100654602,1.9614803e-05,30,1.898,1,1.0342703626161076,59743.4661343,1.0342703626161076,16.363414800000008,16.363414800000008
1075,651203100043542,198946810,2459743.96463451,59743.4681019,16.3650475,0.0353899635,0,zr,23.5119444,30.7224381,1.30900002,0.0549999997,20220613468102,651,0x3,0x1,19.7800007,26.4340038,0.0461053587,0.0946482271,3.06218208e-05,30,1.86899996,1,1.0327162243503978,59743.4681019,1.0327162243503978,16.365047499999996,16.365047499999996
1076,651203100043542,199046168,2459744.958291521,59744.4616898,16.3638802,0.0353810303,0,zr,23.5119816,30.7224773,0.961000025,0.00300000003,20220614461690,651,0x3,0x1,19.1100006,26.2418995,0.0463609844,0.0877414495,4.09079184e-05,30,1.92400002,1,1.0338271184152106,59744.4616898,1.0338271184152106,16.363880200000004,16.363880200000004
1077,651203100043542,199046365,2459744.960259268,59744.4636574,16.3658447,0.0353960767,0,zr,23.5118805,30.7224532,2.19400001,0.0209999997,20220614463657,651,0x3,0x1,19.2000008,26.2498665,0.0442409292,0.0952395722,3.25209548e-05,30,1.89400005,1,1.0319582324938839,59744.4636574,1.0319582324938839,16.365844700000004,16.365844700000004
1078,651203100043542,199046563,2459744.962238606,59744.4656366,16.3359585,0.0351697318,0,zr,23.5119163,30.7224377,0.702000022,0.00999999978,20220614465625,651,0x3,0x1,19.1700001,26.2539196,0.0450090282,0.0986894518,3.6129426e-05,30,1.86500001,1,1.0607586941472402,59744.4656366,1.0607586941472402,16.335958499999997,16.335958499999997
1079,651203100043542,199046760,2459744.964206348,59744.4676042,16.3576698,0.035333626,0,zr,23.5118891,30.7224269,1.222,0.00600000005,20220614467604,651,0x3,0x1,19.25,26.2576809,0.0458712094,0.0911801308,3.69335248e-05,30,1.83800006,1,1.0397575437884368,59744.4676042,1.0397575437884368,16.357669800000004,16.357669800000004
1080,651203100043542,199046958,2459744.966185586,59744.4695833,16.3417282,0.0352130085,0,zr,23.511928,30.7224408,1.23000002,0.00999999978,20220614469572,651,0x3,0x1,19.2299995,26.253706,0.0424209572,0.0974271297,2.95267055e-05,30,1.81099999,1,1.0551366780689213,59744.4695833,1.0551366780689213,16.3417282,16.3417282
1081,651203100043542,200942956,2459763.927648813,59763.4295602,16.5149212,0.0366095267,32768,zr,23.5119513,30.7224317,2.52099991,0.0700000003,20220703429502,651,0x3,0x1,20.8999996,26.7391396,0.0956258401,0.0785717741,0.000131532579,30,1.66700006,2,0.8995628671687926,59763.4295602,0.8995628671687926,16.514921199999996,16.514921199999996
1082,651203100043542,201038670,2459764.8848719583,59764.3867014,16.440176,0.0359829776,32769,zr,23.5119609,30.7224354,2.34299994,0.0949999988,20220704386655,651,0x3,0x1,20.5799999,26.5263519,0.054861825,0.0964575782,4.34997746e-05,30,2.30500007,2,0.9636727976833038,59764.3867014,0.9636727976833038,16.440176,16.440176
1083,651203100043542,201145194,2459765.950206879,59765.4519444,16.4534531,0.0360915437,32769,zr,23.5119438,30.7224246,3.58999991,0.137999997,20220705451933,651,0x3,0x1,20.8299999,26.6456776,0.046704933,0.0839289725,3.15816178e-05,30,1.41900003,2,0.9519601307864584,59765.4519444,0.9519601307864584,16.453453099999997,16.453453099999997
1084,651203100043542,201145946,2459765.9577307366,59765.4594676,16.5049095,0.0365234017,32769,zr,23.5119454,30.7224247,3.3210001,0.164000005,20220705459132,651,0x3,0x1,21.0100002,26.8172073,0.100136861,0.0726037547,0.000144360121,30,1.36699998,2,0.9078962034234775,59765.4594676,0.9078962034234775,16.504909500000004,16.504909500000004
1085,651203100043542,201836692,2459772.8657932584,59772.3669213,16.4004898,0.0356652848,32768,zr,23.5119186,30.7224401,2.55299997,0.174999997,20220712366898,651,0x3,0x1,19.9500008,26.3732014,0.0560340919,0.0901236758,4.47243692e-05,30,2.25900006,2,0.9995489792690242,59772.3669213,0.9995489792690242,16.400489799999995,16.400489799999995
1086,651203100043542,201839502,2459772.893897605,59772.3950231,16.4112549,0.0357504711,0,zr,23.5119283,30.7224357,2.7249999,0.305000007,20220712395012,651,0x3,0x1,20.2999992,26.4480953,0.0318801068,0.105842993,1.44220712e-05,30,1.78600001,2,0.9896873973337087,59772.3950231,0.9896873973337087,16.411254899999996,16.411254899999996
1087,651203100043542,201844922,2459772.948103912,59772.4492245,16.3722763,0.035445489,0,zr,23.5119343,30.7224492,2.35700011,0.270000011,20220712449213,651,0x3,0x1,20.6399994,26.558115,0.0465624109,0.0970354155,3.10902069e-05,30,1.31400001,2,1.025863268539449,59772.4492245,1.025863268539449,16.372276300000003,16.372276300000003
1088,651203100043542,201936777,2459773.8667396028,59773.3677778,16.4338608,0.0359317511,0,zr,23.5119136,30.7224382,2.67400002,0.208000004,20220713367558,651,0x3,0x1,19.6299992,26.1188507,0.0394235775,0.0954889879,2.26527827e-05,30,2.18400002,2,0.9692943472108994,59773.3677778,0.9692943472108994,16.433860799999998,16.433860799999998
1089,651203100043542,201938637,2459773.8853407935,59773.3863773,16.3827858,0.035526786,0,zr,23.511952,30.7224098,3.67400002,0.312999994,20220713386169,651,0x3,0x1,19.9300003,26.2567081,0.0463840254,0.0962795988,3.03986271e-05,30,1.86699998,2,1.015981219379887,59773.3863773,1.015981219379887,16.3827858,16.3827858
1090,651203100043542,201940694,2459773.9059097655,59773.4069444,16.3989735,0.035653349,0,zr,23.5119207,30.7224458,2.954,0.237000003,20220713406875,651,0x3,0x1,20.0499992,26.3049469,0.0430971608,0.0828284919,2.65947256e-05,30,1.61699998,1,1.0009458885098195,59773.4069444,1.0009458885098195,16.398973500000004,16.398973500000004
1091,651203100043542,201942707,2459773.9260389917,59773.4270718,16.4385033,0.0359693877,32768,zr,23.5119686,30.7224389,2.85100007,0.409000009,20220713427049,651,0x3,0x1,20.3099995,26.3925781,0.0510213263,0.0945794731,3.66759705e-05,30,1.44099998,2,0.9651585893557229,59773.4270718,0.9651585893557229,16.4385033,16.4385033
1092,651203100043542,201946129,2459773.960266601,59773.4612963,16.440588,0.0359863341,32768,zr,23.5119546,30.7224328,3.00099993,0.328000009,20220713461262,651,0x3,0x1,20.3899994,26.6726265,0.0443597659,0.0883196071,2.83345071e-05,30,1.23800004,1,0.9633071859719776,59773.4612963,0.9633071859719776,16.440587999999998,16.440587999999998
1093,651203100043542,201946311,2459773.9620838664,59773.4631134,16.5016518,0.0364955254,32768,zr,23.5119466,30.7224427,3.01799989,0.31400001,20220713462894,651,0x3,0x1,20.5200005,26.6778259,0.0903092995,0.084507592,0.000117391843,30,1.22899997,2,0.9106243937882762,59773.4631134,0.9106243937882762,16.501651799999998,16.501651799999998
1094,651203100043542,202037793,2459774.8769926284,59774.3779398,16.4167252,0.0357940309,0,zr,23.5119894,30.7224531,2.61400008,0.246000007,20220714377755,651,0x3,0x1,19.9500008,26.2046242,0.0413288772,0.0968763307,2.43040995e-05,30,1.95299995,2,0.9847135635968439,59774.3779398,0.9847135635968439,16.416725199999995,16.416725199999995
1095,651203100043542,202043143,2459774.9304929166,59774.4314352,16.4897823,0.0363945812,32768,zr,23.511929,30.7224218,2.92400002,0.301999986,20220714431435,651,0x3,0x1,20.3700008,26.6769085,0.0793255493,0.0836775526,9.0903457e-05,30,1.38999999,2,0.9206341487815838,59774.4314352,0.9206341487815838,16.489782299999995,16.489782299999995
1096,651203100043542,202045413,2459774.9531916855,59774.4541319,16.3564568,0.0353243984,32769,zr,23.5119033,30.7224651,3.8039999,0.298999995,20220714454132,651,0x3,0x1,20.4899998,26.5113163,0.0674783513,0.0933297426,6.59317666e-05,30,1.25899994,2,1.0409198249091505,59774.4541319,1.0409198249091505,16.356456799999997,16.356456799999997
1097,651203100043542,202046299,2459774.9620582913,59774.4629977,16.379734,0.0355031118,32769,zr,23.5119333,30.7224303,2.85400009,0.289999992,20220714462986,651,0x3,0x1,20.5900002,26.7276268,0.0799757764,0.0940930545,9.14916018e-05,30,1.21800005,2,1.0188409684778557,59774.4629977,1.0188409684778557,16.379734000000006,16.379734000000006
1098,651203100043542,202136372,2459775.862868857,59775.3637269,16.4387245,0.0359711833,32768,zr,23.5118818,30.7224722,2.84899998,0.257999986,20220715363518,651,0x3,0x1,19.9799995,26.1867294,0.0543701574,0.0850423649,4.24560021e-05,30,2.1559999,2,0.9649619749914419,59775.3637269,0.9649619749914419,16.4387245,16.4387245
1099,651203100043542,202141318,2459775.912329384,59775.4131829,16.4423599,0.0360007547,32768,zr,23.5119255,30.7224471,2.9230001,0.326999992,20220715413183,651,0x3,0x1,20.5200005,26.5713806,0.0642496496,0.0889854506,6.00507665e-05,30,1.50800002,1,0.9617363698268934,59775.4131829,0.9617363698268934,16.442359900000007,16.442359900000007
1100,651203100043542,202141412,2459775.913266969,59775.4141204,16.3983555,0.0356484875,0,zr,23.5119382,30.7224452,2.94400001,0.35800001,20220715414120,651,0x3,0x1,20.4300003,26.5422897,0.0503503308,0.0978654772,3.68066176e-05,30,1.5,2,1.0015157881214034,59775.4141204,1.0015157881214034,16.3983555,16.3983555
1101,651203100043542,202143574,2459775.934889247,59775.4357407,16.3769722,0.0354817286,0,zr,23.5119426,30.7224327,3.25399995,0.287999988,20220715435509,651,0x3,0x1,20.5100002,26.5609455,0.0446102843,0.0954951346,2.85746355e-05,30,1.34500003,2,1.0214359052621638,59775.4357407,1.0214359052621638,16.376972200000004,16.376972200000004
1102,651203100043542,202146194,2459775.961095342,59775.4619444,16.5226898,0.0366768427,32768,zr,23.5119397,30.7224359,3.04500008,0.481000006,20220715461910,651,0x3,0x1,20.6800003,26.7629871,0.0882945508,0.0856521428,0.000112168818,30,1.21000004,1,0.8931493366311928,59775.4619444,0.8931493366311928,16.522689800000002,16.522689800000002
1103,651203100043542,202236109,2459776.8603319232,59776.3610995,16.4212532,0.0358302444,32768,zr,23.5119396,30.7224195,3.35500002,0.340000004,20220716360741,651,0x3,0x1,20.0599995,26.2681961,0.0465981737,0.0835619867,3.0784282e-05,30,2.15400004,2,0.9806154241411247,59776.3610995,0.9806154241411247,16.421253200000002,16.421253200000002
1104,651203100043542,202240833,2459776.9075700627,59776.4083333,16.5019665,0.0364982188,32768,zr,23.5119478,30.7224136,3.16700006,0.368999988,20220716408322,651,0x3,0x1,20.5799999,26.7620811,0.106163554,0.0922279581,0.000162982178,30,1.52699995,2,0.9103604880919317,59776.4083333,0.9103604880919317,16.5019665,16.5019665
1105,651203100043542,202242718,2459776.926425994,59776.4271875,16.3470078,0.0352527909,32769,zr,23.5119268,30.722448,3.52600002,0.319000006,20220716427106,651,0x3,0x1,20.4300003,26.4568157,0.0763919726,0.0852659792,8.49991484e-05,30,1.38199997,2,1.0500183286833529,59776.4271875,1.0500183286833529,16.347007799999993,16.347007799999993
1106,651203100043542,202438807,2459778.8874958153,59778.3880787,16.3927765,0.0356047079,32768,zr,23.511978,30.7224628,3.329,0.277999997,20220718387940,651,0x3,0x1,20.0699997,26.2307186,0.0513433628,0.0901275799,3.75460877e-05,30,1.67299998,2,1.0066752703301152,59778.3880787,1.0066752703301152,16.392776500000004,16.392776500000004
1107,651203100043542,202443045,2459778.92987243,59778.4304514,16.3697567,0.0354260989,0,zr,23.5119422,30.7224193,3.08999991,0.319999993,20220718430451,651,0x3,0x1,20.3700008,26.4246349,0.0340397581,0.09243799,1.68614351e-05,30,1.32700002,2,1.0282466896251763,59778.4304514,1.0282466896251763,16.369756700000003,16.369756700000003
1108,651203100043542,202443140,2459778.9308216195,59778.4314005,16.5634499,0.0370370187,32768,zr,23.5119069,30.7224519,2.16400003,0.229000002,20220718431389,651,0x3,0x1,20.3199997,26.694706,0.119958401,0.0777742192,0.000208679718,30,1.32200003,1,0.8602408065814596,59778.4314005,0.8602408065814596,16.563449900000002,16.563449900000002
1109,651203100043542,202444481,2459778.944237157,59778.4448148,16.4404602,0.0359852947,0,zr,23.5118938,30.7224515,3.55100012,0.349999994,20220718444780,651,0x3,0x1,20.4200001,26.4554901,0.0431598611,0.0964716077,2.6999518e-05,30,1.25100005,2,0.9634205817523529,59778.4448148,0.9634205817523529,16.440460199999997,16.440460199999997
1110,651203100043542,202445112,2459778.9505456355,59778.4511227,16.4767284,0.036284674,32769,zr,23.51193,30.7224321,2.81200004,0.402999997,20220718451100,651,0x3,0x1,20.5,26.6088524,0.0718279853,0.0957273766,7.53919812e-05,30,1.222,1,0.9317698209587131,59778.4511227,0.9317698209587131,16.476728400000006,16.476728400000006
1111,651203100043542,202538604,2459779.885550083,59779.3860417,16.4150658,0.0357807949,0,zr,23.5119368,30.7224373,2.76300001,0.261000007,20220719385822,651,0x3,0x1,20.3299999,26.5291233,0.0358122215,0.0952899605,1.8406392e-05,30,1.66499996,2,0.9862197149213509,59779.3860417,0.9862197149213509,16.4150658,16.4150658
1112,651203100043542,202542901,2459779.928528556,59779.4290162,16.5025978,0.0365036204,32769,zr,23.5119543,30.722435,2.41899991,0.319000006,20220719429016,651,0x3,0x1,20.6800003,26.7558022,0.0791790485,0.0843399614,9.16727658e-05,30,1.32000005,2,0.9098313139485168,59779.4290162,0.9098313139485168,16.502597799999997,16.502597799999997
1113,651203100043542,202544501,2459779.9445254337,59779.4450116,16.4301548,0.0359018072,32768,zr,23.5119628,30.7224142,2.77399993,0.261999995,20220719444919,651,0x3,0x1,20.6499996,26.7022305,0.0508445576,0.0986907631,3.76070238e-05,30,1.23699999,2,0.9726085431882089,59779.4450116,0.9726085431882089,16.430154800000004,16.430154800000004
1114,651203100043542,202549240,2459779.9919256032,59779.4924074,16.3637447,0.0353799909,32768,zr,23.5119512,30.7224529,3.06599998,0.300999999,20220719492176,651,0x3,0x1,20.5200005,26.6306076,0.0462758318,0.1065,3.09049537e-05,30,1.079,2,1.0339561482067117,59779.4924074,1.0339561482067117,16.363744700000005,16.363744700000005
1115,651203100043542,202838152,2459782.8813111926,59782.3815278,16.4840012,0.0363457687,32768,zr,23.5119036,30.7224461,1.30599999,0.135000005,20220722381377,651,0x3,0x1,19.5699997,25.5652618,0.0439919867,0.076807037,2.86267241e-05,30,1.62600005,2,0.9255492218080656,59782.3815278,0.9255492218080656,16.4840012,16.4840012
1116,651203100043542,202842090,2459782.9206898515,59782.4209028,16.3740005,0.0354587771,32768,zr,23.5119357,30.7224093,3.94499993,0.294999987,20220722420868,651,0x3,0x1,20.1700001,25.974947,0.0501059592,0.0813505575,3.60042141e-05,30,1.31900001,2,1.0242354424436035,59782.4209028,1.0242354424436035,16.3740005,16.3740005
1117,651203100043542,202940782,2459783.907702018,59783.4078241,16.4347878,0.0359392501,32768,zr,23.5119228,30.7224525,3.37599993,0.347000003,20220723407789,651,0x3,0x1,20.7600002,26.3778534,0.0712348223,0.0869494602,7.42415577e-05,30,1.38399994,2,0.9684671182940021,59783.4078241,0.9684671182940021,16.434787800000002,16.434787800000002
1118,651203100043542,202946476,2459783.9646517066,59783.4647685,16.4263725,0.0358713344,32768,zr,23.5119439,30.7224273,3.125,0.316000015,20220723464745,651,0x3,0x1,21.3199997,26.8304787,0.0915659294,0.0819212943,0.00012147527,30,1.12199998,2,0.9760026570885038,59783.4647685,0.9760026570885038,16.426372500000006,16.426372500000006
1119,651203100043542,203042225,2459784.9222283345,59784.4222569,16.5504551,0.0369208939,32768,zr,23.5119232,30.7224288,2.53200006,0.338999987,20220724422118,651,0x3,0x1,21.2800007,26.7817364,0.131915614,0.0862578377,0.0002515495,30,1.28199995,2,0.8705985911039074,59784.4222569,0.8705985911039074,16.5504551,16.5504551
1120,651203100043542,203045055,2459784.9505296615,59784.4505556,16.5572662,0.0369816087,32769,zr,23.5119554,30.7224425,2.954,0.287999988,20220724450556,651,0x3,0x1,21.3199997,26.9275379,0.124046743,0.0807076618,0.000222176619,30,1.15999997,1,0.8651541990838426,59784.4505556,0.8651541990838426,16.557266200000008,16.557266200000008
1121,651203100043542,203045259,2459784.9525668533,59784.4525926,16.4907455,0.0364027359,32769,zr,23.5119392,30.7224088,3.83800006,0.386000007,20220724452569,651,0x3,0x1,21.3899994,26.9738884,0.134701163,0.0817214251,0.000258621818,30,1.15199995,2,0.9198177795874042,59784.4525926,0.9198177795874042,16.490745499999996,16.490745499999996
1122,651203100043542,203140653,2459785.9066016055,59785.4065394,16.5379829,0.0368105881,32769,zr,23.5119655,30.7224212,2.0940001,0.268999994,20220725406505,651,0x3,0x1,21.1399994,26.7642059,0.0806133002,0.0807956308,9.4840645e-05,30,1.35699999,2,0.8806570983781261,59785.4065394,0.8806570983781261,16.537982899999996,16.537982899999996
1123,651203100043542,203146835,2459785.9684244534,59785.4683565,16.5582581,0.0369904786,32769,zr,23.5119518,30.7224331,2.94899988,0.27700001,20220725468241,651,0x3,0x1,21.3700008,26.9655495,0.180011109,0.0748782605,0.000495481829,30,1.097,2,0.8643641779206422,59785.4683565,0.8643641779206422,16.558258099999996,16.558258099999996
1124,651203100043542,203238724,2459786.8873980828,59786.3872454,16.5037384,0.0365133695,32769,zr,23.5119467,30.7224096,2.64100003,0.241999999,20220726387130,651,0x3,0x1,21.1700001,26.798893,0.110821553,0.0810419694,0.00017693908,30,1.47500002,2,0.9088760094403044,59786.3872454,0.9088760094403044,16.503738399999996,16.503738399999996
1125,651203100043542,203240649,2459786.906647576,59786.4064931,16.6560135,0.037900582,32769,zr,23.5119317,30.7224435,2.80200005,0.421000004,20220726406481,651,0x3,0x1,21.2199993,26.8744698,0.162837341,0.0762935057,0.000383572333,30,1.34000003,2,0.7899408991816056,59786.4064931,0.7899408991816056,16.656013499999993,16.656013499999993
1126,651203100043542,203334722,2459787.8474634285,59787.3472222,16.4848843,0.0363532044,32769,zr,23.5119883,30.7224181,2.3269999,0.275999993,20220727347118,651,0x3,0x1,21.0499992,26.6309242,0.116411947,0.0886125192,0.000195064073,30,1.88,2,0.9247967183903207,59787.3472222,0.9247967183903207,16.484884299999997,16.484884299999997
1127,651203100043542,203342861,2459787.928859916,59787.4286111,16.5012703,0.0364922658,32769,zr,23.5119542,30.7224135,3.63700008,0.216999993,20220727428576,651,0x3,0x1,21.2000008,26.9184284,0.0957398787,0.0740583688,0.000132160218,30,1.21300006,1,0.9109444201870935,59787.4286111,0.9109444201870935,16.50127030000001,16.50127030000001
1128,651203100043542,203342954,2459787.9297975013,59787.4295486,16.5441666,0.0368651412,32769,zr,23.5119783,30.7224079,3.16100001,0.143000007,20220727429549,651,0x3,0x1,21.1700001,26.9254036,0.114279188,0.0646922439,0.000190529245,30,1.20899999,2,0.8756556616528235,59787.4295486,0.8756556616528235,16.544166600000004,16.544166600000004
1129,651203100043542,203441599,2459788.916335305,59788.4159954,16.4693909,0.0362234004,32768,zr,23.5119455,30.7224397,2.5769999,0.247999996,20220728415972,651,0x3,0x1,21.3299999,26.82757,0.109240256,0.0754272044,0.000174392044,30,1.25800002,2,0.9380881284932127,59788.4159954,0.9380881284932127,16.4693909,16.4693909
1130,651203100043542,203442827,2459788.928616546,59788.4282755,16.5592537,0.0369993895,32769,zr,23.5119678,30.7224219,3.09299994,0.209000006,20220728428275,651,0x3,0x1,21.1499996,27.0335522,0.1338218,0.0650086179,0.000259967928,30,1.20299995,2,0.8635719352625286,59788.4282755,0.8635719352625286,16.559253699999992,16.559253699999992
1131,651203100043542,203545391,2459789.954347646,59789.453912,16.4836998,0.0363432281,32769,zr,23.5119074,30.7224383,1.98500001,0.133000001,20220729453542,651,0x3,0x1,21.0799999,26.6699257,0.0627144426,0.0969669521,5.66876406e-05,30,1.10699999,2,0.9258061896216894,59789.453912,0.9258061896216894,16.483699800000004,16.483699800000004
1132,651203100043542,203546716,2459789.967601271,59789.4671644,16.4427605,0.0360040218,1,zr,23.5119449,30.7224484,2.42499995,0.126000002,20220729467141,651,0x3,0x1,21.0100002,26.5658455,0.0460981987,0.0924993306,3.07585651e-05,30,1.074,2,0.9613815870346352,59789.4671644,0.9613815870346352,16.4427605,16.4427605
1133,651203100043542,203940574,2459793.906539725,59793.4057407,16.926342,0.0408317484,32768,zr,23.5119167,30.7224295,0.850000024,0.289000005,20220802405741,651,0x3,0x1,19.1299992,23.7953129,0.21505411,0.0714929327,0.00131904578,30,1.24199998,1,0.615833344185069,59793.4057407,0.615833344185069,16.926341999999998,16.926341999999998
1134,651203100043542,204045342,2459794.954320885,59794.4534259,16.3770905,0.0354826413,32768,zr,23.5119517,30.7224245,3.34899998,0.199000001,20220803453287,651,0x3,0x1,19.8799992,25.4620838,0.137649924,0.071115531,0.000275658502,30,1.074,2,1.0213246173781856,59794.4534259,1.0213246173781856,16.3770905,16.3770905
1135,651203100043542,204144738,2459795.9483700795,59795.4473843,16.2961311,0.0348763391,32768,zr,23.5119455,30.7224304,3.24699998,0.298999995,20220804447350,651,0x3,0x1,20.3400002,25.5939655,0.0462202989,0.0931954682,3.06445691e-05,30,1.08200002,2,1.100392343705318,59795.4473843,1.100392343705318,16.296131100000004,16.296131100000004
1136,651203100043542,204145130,2459795.9522940395,59795.4513079,16.3247719,0.0350863859,32768,zr,23.5119336,30.7224487,3.9849999,0.324000001,20220804451296,651,0x3,0x1,20.3400002,25.5426388,0.0437058359,0.0893951282,2.76226983e-05,30,1.07299995,1,1.0717444420879891,59795.4513079,1.0717444420879891,16.324771899999995,16.324771899999995
1137,651203100043542,204336627,2459797.8674334246,59797.3662731,16.5111427,0.0365769453,32768,zr,23.5119091,30.7224351,3.06500006,0.421000004,20220806366238,651,0x3,0x1,21.1599998,26.7694607,0.047420416,0.0883955583,3.24213943e-05,30,1.40699995,2,0.9026989140453155,59797.3662731,0.9026989140453155,16.5111427,16.5111427
1138,651203100043542,204346475,2459797.96592622,59797.4647569,16.4475784,0.0360433646,32769,zr,23.5119364,30.7224303,3.08899999,0.319999993,20220806464606,651,0x3,0x1,21.4500008,27.0227299,0.110184461,0.0844796672,0.000174859146,30,1.03799999,2,0.9571249556979764,59797.4647569,0.9571249556979764,16.447578400000005,16.447578400000005
1139,651203100043542,204444966,2459798.950922901,59798.4496644,16.4868221,0.0363695584,32769,zr,23.5119194,30.7224258,2.80299997,0.312000006,20220807449630,651,0x3,0x1,21.2800007,26.9250488,0.0901442766,0.0811363682,0.000117351839,30,1.05999994,2,0.9231476319934943,59798.4496644,0.9231476319934943,16.486822100000005,16.486822100000005
1140,651203100043542,204445060,2459798.951860484,59798.4506019,16.5274887,0.0367186368,32768,zr,23.5119263,30.7224537,3.204,0.337000012,20220807450602,651,0x3,0x1,21.1499996,26.7867966,0.0832213089,0.0882307515,0.000100234283,30,1.05799997,1,0.8892103724309044,59798.4506019,0.8892103724309044,16.5274887,16.5274887
1141,651203100043542,204446291,2459798.964176401,59798.4629167,16.5471344,0.0368914232,32768,zr,23.5119448,30.7224526,2.50200009,0.241999999,20220807462894,651,0x3,0x1,21.2900009,27.0054703,0.135356054,0.0889192447,0.000262440328,30,1.03699994,2,0.8732653735728144,59798.4629167,0.8732653735728144,16.547134399999997,16.547134399999997
1142,651203100043542,204645208,2459800.953522155,59800.4520833,16.3996925,0.035659004,32768,zr,23.5119193,30.7224576,2.95000005,0.287,20220809452083,651,0x3,0x1,21.5400009,27.0007324,0.169874877,0.092499271,0.000441601529,30,1.04499996,2,1.0002832580764216,59800.4520833,1.0002832580764216,16.399692500000008,16.399692500000008
1143,651203100043542,204646497,2459800.9664169163,59800.4649769,16.5635796,0.0370381847,32769,zr,23.5119312,30.722439,2.954,0.513000011,20220809464919,651,0x3,0x1,21.5100002,27.0938568,0.147862062,0.0788096189,0.000312650664,30,1.02699995,2,0.860138049974258,59800.4649769,0.860138049974258,16.563579600000004,16.563579600000004
1144,651203100043542,204734962,2459801.851148765,59801.3496296,16.3865242,0.0355558731,0,zr,23.5119466,30.7224243,2.82999992,0.298999995,20220810349468,651,0x3,0x1,20.5400009,26.5135441,0.0450465158,0.0961352512,2.90986209e-05,30,1.449,2,1.0124890149204928,59801.3496296,1.0124890149204928,16.386524200000004,16.386524200000004
1145,651203100043542,204747331,2459801.974840492,59801.4733102,16.3860512,0.035552185,32769,zr,23.5119281,30.7224409,2.37599993,0.216999993,20220810473275,651,0x3,0x1,21.3700008,26.8830872,0.0900065973,0.0937870964,0.000116421244,30,1.01499999,2,1.012930200942364,59801.4733102,1.012930200942364,16.386051200000004,16.386051200000004
1146,651203100043542,204747425,2459801.9757896755,59801.4742593,16.4662514,0.0361972898,32769,zr,23.5119475,30.7224493,2.72099996,0.280000001,20220810474259,651,0x3,0x1,21.3999996,26.9654541,0.111030586,0.0894423798,0.000179032446,30,1.01400006,1,0.9408046169175053,59801.4742593,0.9408046169175053,16.466251399999997,16.466251399999997
1147,651203100043542,204844055,2459802.9421721064,59802.4405556,16.3740196,0.0354589261,0,zr,23.5119491,30.7224289,3.59899998,0.351000011,20220811440428,651,0x3,0x1,20.7199993,26.6739426,0.0415908918,0.0919414982,2.52520713e-05,30,1.05599999,2,1.0242174245081304,59802.4405556,1.0242174245081304,16.374019600000004,16.374019600000004
1148,651203100043542,204943215,2459803.9338573013,59803.4321528,16.3598747,0.0353504308,0,zr,23.5119576,30.7224304,3.63599992,0.351999998,20220812432118,651,0x3,0x1,20.5300007,26.6327419,0.0438307263,0.0913924575,2.76675455e-05,30,1.06700003,2,1.0376481592802953,59803.4321528,1.0376481592802953,16.3598747,16.3598747
1149,651203100043542,205040533,2459804.907126042,59804.4053356,16.3509293,0.0352824442,0,zr,23.5119314,30.722428,3.38599992,0.287999988,20220813405301,651,0x3,0x1,19.8899994,26.2597675,0.04944342,0.0975884721,3.51164854e-05,30,1.12899995,1,1.046232676448459,59804.4053356,1.046232676448459,16.350929299999997,16.350929299999997
1150,651203100043542,205040675,2459804.9085498685,59804.4067593,16.3977051,0.0356433727,32768,zr,23.5119282,30.7224254,2.9920001,0.35800001,20220813406759,651,0x3,0x1,20.0200005,26.2996292,0.0557930171,0.0933229476,4.50614643e-05,30,1.12399995,2,1.002115916410368,59804.4067593,1.002115916410368,16.397705100000003,16.397705100000003
1151,651203100043542,205144790,2459805.949787164,59805.4479051,16.3512459,0.0352848358,0,zr,23.5119496,30.722405,3.25300002,0.361000001,20220814447685,651,0x3,0x1,20.6700001,26.5973244,0.041067604,0.101913452,2.4294668e-05,30,1.03100002,2,1.0459276401290296,59805.4479051,1.0459276401290296,16.351245900000002,16.351245900000002
1152,651203100043542,205148245,2459805.984338795,59805.4824537,16.2702179,0.034690354,32768,zr,23.5119588,30.7224503,3.1400001,0.226999998,20220814482326,651,0x3,0x1,20.6499996,26.6270218,0.0666612163,0.102741644,6.41470106e-05,30,1.00199997,2,1.126971257878451,59805.4824537,1.126971257878451,16.2702179,16.2702179
1153,651203100043542,205234678,2459806.848742959,59806.3467824,16.5287094,0.0367292911,32768,zr,23.5119764,30.7224322,2.90199995,0.206,20220815346562,651,0x3,0x1,20.2999992,26.8370228,0.108135492,0.078797698,0.000168775849,30,1.37199998,2,0.8882111894514019,59806.3467824,0.8882111894514019,16.528709400000004,16.528709400000004
1154,651203100043542,205243055,2459806.9325235183,59806.4305556,16.2976074,0.0348870531,32768,zr,23.5119365,30.722445,3.4690001,0.307999998,20220815430544,651,0x3,0x1,20.4300003,26.4973602,0.0732318535,0.0969231278,7.77027235e-05,30,1.05400002,2,1.0988971321894938,59806.4305556,1.0988971321894938,16.297607399999997,16.297607399999997
1155,651203100043542,205331935,2459807.821396982,59807.3193519,16.3897762,0.0355812386,0,zr,23.5119344,30.7224501,2.93700004,0.298999995,20220816319306,651,0x3,0x1,20.2600002,26.4077606,0.0461036488,0.088348344,3.05866124e-05,30,1.56599998,2,1.009460942210023,59807.3193519,1.009460942210023,16.389776199999993,16.389776199999993
1156,651203100043542,205336276,2459807.8648150815,59807.3627662,16.4756927,0.0362760015,0,zr,23.51197,30.7224328,2.16700006,0.213,20220816362732,651,0x3,0x1,20.3700008,26.5898666,0.048510354,0.0933656991,3.42162712e-05,30,1.26499999,2,0.9326590741915997,59807.3627662,0.9326590741915997,16.475692700000003,16.475692700000003
1157,651203100043542,205336371,2459807.865764267,59807.3637153,16.4329262,0.0359241925,0,zr,23.5119259,30.7224483,3.66100001,0.405000001,20220816363704,651,0x3,0x1,20.3400002,26.4600086,0.0384223163,0.0919650868,2.15317159e-05,30,1.25999999,1,0.9701290734588971,59807.3637153,0.9701290734588971,16.432926200000004,16.432926200000004
1158,651203100043542,205434817,2459808.850305305,59808.3481713,16.3089676,0.0349698961,0,zr,23.5119316,30.7224274,3.30500007,0.289000005,20220817347951,651,0x3,0x1,20.5699997,26.5088081,0.0460284315,0.0979381278,3.05844296e-05,30,1.33000004,2,1.0874591704779348,59808.3481713,1.0874591704779348,16.308967599999995,16.308967599999995
1159,651203100043542,205445057,2459808.9527215813,59808.4505787,16.2958965,0.0348746367,0,zr,23.5119215,30.7224064,2.704,0.202000007,20220817450544,651,0x3,0x1,20.6700001,26.5776329,0.0422119461,0.102031462,2.56077074e-05,30,1.01800001,2,1.1006301362139894,59808.4505787,1.1006301362139894,16.295896500000005,16.295896500000005
1160,651203100043542,205530232,2459809.804542287,59809.3023264,16.3894253,0.0355785042,1,zr,23.5119269,30.7224234,2.55999994,0.108000003,20220818302280,651,0x3,0x1,19.9799995,26.3514271,0.0500884317,0.0958639756,3.60117483e-05,30,1.68599999,2,1.009787243469527,59809.3023264,1.009787243469527,16.389425299999992,16.389425299999992
1161,651203100043542,205631603,2459810.818332461,59810.3160301,16.3931198,0.0356073976,0,zr,23.5119631,30.7224354,2.66300011,0.284000009,20220819315787,651,0x3,0x1,20.1800003,26.1591415,0.0477225631,0.0952925012,3.28048518e-05,30,1.52199996,2,1.006357019001604,59810.3160301,1.006357019001604,16.3931198,16.3931198
1162,651203100043542,205645144,2459810.9537607506,59810.4514468,16.4342728,0.0359350815,32769,zr,23.5119447,30.7224251,2.26399994,0.294999987,20220819451435,651,0x3,0x1,20.8799992,26.8073692,0.0944463611,0.095049344,0.000129071093,30,1.01199996,1,0.9689266027172218,59810.4514468,0.9689266027172218,16.434272799999995,16.434272799999995
1163,651203100043542,205646931,2459810.971632571,59810.4693171,16.4616051,0.0361587703,32769,zr,23.5119209,30.7224418,2.57500005,0.270000011,20220819469248,651,0x3,0x1,21.0200005,26.8817024,0.139773756,0.0961495638,0.000285678776,30,1.00199997,2,0.9448393235209356,59810.4693171,0.9448393235209356,16.461605100000007,16.461605100000007
1164,651203100043542,205736020,2459811.8625991223,59811.3602083,16.4939384,0.0364298224,32768,zr,23.5118877,30.7224438,2.12100005,0.144999996,20220820360162,651,0x3,0x1,20.8999996,26.670166,0.0691197217,0.0984820798,6.93582624e-05,30,1.22599995,2,0.9171167808984038,59811.3602083,0.9171167808984038,16.493938399999998,16.493938399999998
1165,651203100043542,205837906,2459812.8815389476,59812.3790625,16.5793152,0.037180461,32769,zr,23.5119216,30.722452,2.86800003,0.266000003,20220821378831,651,0x3,0x1,21.2800007,26.9846325,0.157666966,0.0803293139,0.000355971046,30,1.14300001,2,0.8477619494506542,59812.3790625,0.8477619494506542,16.579315200000003,16.579315200000003
1166,651203100043542,205840372,2459812.9062054255,59812.4037269,16.5156708,0.036616005,32769,zr,23.5119392,30.7224299,1.99899995,0.356999993,20220821403623,651,0x3,0x1,21.3299999,26.9488678,0.122218572,0.0905729458,0.000213870298,30,1.07599998,2,0.8989420169099254,59812.4037269,0.8989420169099254,16.515670800000002,16.515670800000002
1167,651203100043542,205938541,2459813.8879770506,59813.3854167,16.548893,0.036907021,32769,zr,23.5119317,30.7224525,2.4000001,0.246000007,20220822385405,651,0x3,0x1,21.3199997,26.9551926,0.142797351,0.0877986476,0.000293802848,30,1.11500001,2,0.8718520639487881,59813.3854167,0.8718520639487881,16.548893,16.548893
1168,651203100043542,205939877,2459813.901334568,59813.3987731,16.508215,0.0365517624,32769,zr,23.5119346,30.7224306,2.71499991,0.27700001,20220822398553,651,0x3,0x1,21.4099998,26.9844589,0.129706979,0.0776432082,0.000242018068,30,1.08099997,1,0.9051363367053287,59813.3987731,0.9051363367053287,16.508215,16.508215
1169,651203100043542,205944344,2459813.9460142907,59813.4434491,16.305933,0.0349476896,1,zr,23.5119483,30.7224362,1.72500002,-0.00100000005,20220822443345,651,0x3,0x1,20.3799992,26.3737049,0.0474574342,0.0882865861,3.28276074e-05,30,1.01199996,2,1.0905028376128447,59813.4434491,1.0905028376128447,16.305933000000003,16.305933000000003
1170,651203100043542,206040575,2459814.9083970254,59814.4057523,16.4460907,0.0360311978,32769,zr,23.5119321,30.7224392,2.88800001,0.310000002,20220823405579,651,0x3,0x1,21.5699997,26.9952621,0.123345912,0.0877205655,0.000217696768,30,1.05999994,2,0.9584373286077121,59814.4057523,0.9584373286077121,16.446090700000006,16.446090700000006
1171,651203100043542,206047076,2459814.973413993,59814.4707639,16.5059509,0.0365323238,32769,zr,23.5119088,30.7224122,2.6329999,0.223000005,20220823470637,651,0x3,0x1,21.2999992,26.829155,0.0798194781,0.089951843,9.11249299e-05,30,1.0,2,0.9070257987985247,59814.4707639,0.9070257987985247,16.505950899999995,16.505950899999995
1172,651203100043542,206139042,2459815.8931536395,59815.3904282,16.5265083,0.0367100798,32769,zr,23.5119347,30.7224157,3.25,0.305000007,20220824390417,651,0x3,0x1,21.3299999,26.9167309,0.113963105,0.0708319172,0.000185429293,30,1.08800006,1,0.8900136758165401,59815.3904282,0.8900136758165401,16.526508299999996,16.526508299999996
1173,651203100043542,206139187,2459815.894600555,59815.391875,16.569109,0.0370879732,32769,zr,23.5119583,30.7224613,2.3900001,0.216999993,20220824391840,651,0x3,0x1,21.3600006,26.9064083,0.15690729,0.0743525252,0.000358082994,30,1.08399999,2,0.8557687039687843,59815.391875,0.8557687039687843,16.569109000000005,16.569109000000005
1174,651203100043542,206146380,2459815.966539347,59815.4638079,16.4678192,0.0362103209,32768,zr,23.5119234,30.7224303,2.40199995,0.252999991,20220824463773,651,0x3,0x1,21.3199997,26.8840637,0.102037296,0.0817997754,0.000150573469,30,1.0,2,0.9394470780962402,59815.4638079,0.9394470780962402,16.4678192,16.4678192
1175,651203100043542,206238223,2459816.885039823,59816.3822338,16.6154232,0.0375138819,32769,zr,23.5119659,30.7224203,2.48799992,0.141000003,20220825382164,651,0x3,0x1,21.1100006,26.8118191,0.144966662,0.0634291917,0.000303816312,30,1.10099995,2,0.8200318486983665,59816.3822338,0.8200318486983665,16.615423200000002,16.615423200000002
1176,651203100043542,206546839,2459819.971443153,59819.4683912,16.4629135,0.0361696072,32769,zr,23.5119323,30.722409,3.66700006,0.280999988,20220828468356,651,0x3,0x1,21.5400009,27.0101566,0.103546254,0.0877207518,0.000154841371,30,1.00199997,1,0.9437014014480216,59819.4683912,0.9437014014480216,16.462913500000006,16.462913500000006
1177,651203100043542,206546932,2459819.972380725,59819.4693287,16.502449,0.0365023427,32769,zr,23.5119368,30.7224214,3.43300009,0.354000002,20220828469329,651,0x3,0x1,21.5499992,27.0107708,0.11342784,0.0856900811,0.000184620207,30,1.00199997,2,0.909956014751938,59819.4693287,0.909956014751938,16.502449000000006,16.502449000000006
1178,651203100043542,206846839,2459822.9716746057,59822.4683912,16.4534378,0.0360914133,32768,zr,23.5119379,30.7224183,2.94300008,0.298000008,20220831468380,651,0x3,0x1,21.3999996,27.0187111,0.0931517631,0.0851335675,0.000125009654,30,1.005,1,0.9519735457325252,59822.4683912,0.9519735457325252,16.453437799999996,16.453437799999996
1179,651203100043542,206939893,2459823.902288771,59823.3989352,16.4333858,0.0359279029,32769,zr,23.5119197,30.7224279,1.99000001,0.0529999994,20220901398808,651,0x3,0x1,20.8799992,26.6463814,0.0557716191,0.0862148106,4.53523353e-05,30,1.03100002,2,0.9697184977009567,59823.3989352,0.9697184977009567,16.433385800000003,16.433385800000003
1180,651203100043542,206947793,2459823.981299293,59823.4779398,16.451189,0.0360729545,32769,zr,23.5119415,30.7224417,2.77900004,0.32100001,20220901477708,651,0x3,0x1,21.4699993,26.9742584,0.101647578,0.0833014995,0.000147517116,30,1.01400006,2,0.9539473370319863,59823.4779398,0.9539473370319863,16.451188999999992,16.451188999999992
1181,651203100043542,207038225,2459824.8856837447,59824.3822569,16.4648399,0.0361855738,32769,zr,23.5119379,30.7224353,2.60299993,0.272000015,20220902382257,651,0x3,0x1,21.5699997,27.0279446,0.167115867,0.086100623,0.000420435157,30,1.05299997,2,0.9420284954950957,59824.3822569,0.9420284954950957,16.46483990000001,16.46483990000001
1182,651203100043542,207038804,2459824.8914712775,59824.388044,16.3742008,0.0354603231,32769,zr,23.5119206,30.7224152,2.92199993,0.300000012,20220902388032,651,0x3,0x1,21.4300003,26.7471142,0.0547562689,0.0879380777,4.32508896e-05,30,1.04299998,1,1.024046505724327,59824.388044,1.024046505724327,16.374200800000004,16.374200800000004
1183,651203100043542,207136054,2459825.8640428334,59825.360544,16.5226173,0.0366762057,32768,zr,23.5119459,30.722426,3.2249999,0.317000002,20220903360394,651,0x3,0x1,21.3500004,26.9129219,0.130684331,0.0744249299,0.000247925927,30,1.09399998,2,0.8932089786405648,59825.360544,0.8932089786405648,16.5226173,16.5226173
1184,651203100043542,207243315,2459826.936736431,59826.4331597,16.4764805,0.036282599,32768,zr,23.5119309,30.7224278,2.32999992,0.25,20220904433113,651,0x3,0x1,21.3700008,26.9696903,0.10555917,0.0859789029,0.000162232682,30,1.0,2,0.9319825909754503,59826.4331597,0.9319825909754503,16.4764805,16.4764805
1185,651203100043542,207243416,2459826.9377435013,59826.4341667,16.4712601,0.0362389758,32769,zr,23.5119606,30.7224548,2.82800007,0.226999998,20220904434132,651,0x3,0x1,21.4599991,26.9594307,0.130728438,0.0912933797,0.000244613941,30,1.0,1,0.9364745083523371,59826.4341667,0.9364745083523371,16.471260100000002,16.471260100000002
1186,651203100043542,207335613,2459827.859777112,59827.3561343,16.4288788,0.035891518,1,zr,23.5119411,30.7224398,2.71099997,0.187999994,20220905355752,651,0x3,0x1,21.0599995,26.616869,0.0359814391,0.096160017,1.87690366e-05,30,1.09099996,2,0.973752263040235,59827.3561343,0.973752263040235,16.4288788,16.4288788
1187,651203100043542,207347574,2459827.9793920317,59827.4757407,16.4596882,0.0361429229,32769,zr,23.5119391,30.722411,2.86999989,0.298000008,20220905475660,651,0x3,0x1,21.3600006,26.8728523,0.0958326608,0.0809320882,0.000132945337,30,1.023,2,0.9465089392744341,59827.4757407,0.9465089392744341,16.459688199999995,16.459688199999995
1188,651203100043542,207445425,2459828.957979661,59828.4542593,16.4892082,0.0363897271,32768,zr,23.5119294,30.7224175,2.41799998,0.250999987,20220906454225,651,0x3,0x1,21.2199993,26.8313808,0.0984758735,0.089019984,0.000140784658,30,1.00699997,2,0.9211210772113255,59828.4542593,0.9211210772113255,16.4892082,16.4892082
1189,651203100043542,208837017,2459842.8747608983,59842.3701736,16.4450455,0.0360226631,32768,zr,23.5119065,30.7224625,3.23900008,0.256000012,20220920370000,651,0x3,0x1,21.3500004,27.0344257,0.0928230807,0.0999351814,0.000123880891,30,1.00800002,2,0.9593604267093904,59842.3701736,0.9593604267093904,16.4450455,16.4450455
1190,651203100043542,208930390,2459843.808537586,59843.3039005,16.5206337,0.0366589837,32768,zr,23.511933,30.7224347,2.99799991,0.275999993,20220921303900,651,0x3,0x1,21.3299999,27.0400524,0.139789432,0.0832658708,0.000279357278,30,1.11399996,1,0.8948423300816951,59843.3039005,0.8948423300816951,16.520633699999998,16.520633699999998
1191,651203100043542,208930565,2459843.8102968796,59843.3056597,16.4353218,0.0359435752,32768,zr,23.5119393,30.7224416,3.38000011,0.245000005,20220921305625,651,0x3,0x1,21.1800003,26.7625637,0.0747503862,0.0900963247,8.11788414e-05,30,1.10899997,2,0.9679909121203133,59843.3056597,0.9679909121203133,16.435321800000004,16.435321800000004
1192,651203100043542,208941745,2459843.922096789,59843.4174537,16.4194088,0.0358154811,32768,zr,23.5119421,30.7224409,2.42700005,0.298000008,20220921417292,651,0x3,0x1,21.4200001,26.9357204,0.0850077644,0.0948602855,0.000103476392,30,1.00999999,2,0.9822826653871164,59843.4174537,0.9822826653871164,16.419408800000006,16.419408800000006
1193,651203100043542,209031584,2459844.820534694,59844.3158449,16.4947414,0.0364366397,32768,zr,23.5119341,30.7224096,3.54399991,0.252000004,20220922315637,651,0x3,0x1,21.3199997,26.9380646,0.0966707617,0.0857671201,0.000133127891,30,1.07700002,2,0.9164387409608501,59844.3158449,0.9164387409608501,16.494741400000002,16.494741400000002
1194,651203100043542,209041096,2459844.9156552916,59844.4109606,16.4845657,0.0363505222,32769,zr,23.5119371,30.722451,3.17499995,0.430000007,20220922410787,651,0x3,0x1,21.3999996,27.0268898,0.105980039,0.0977961123,0.000160932555,30,1.00699997,2,0.9250681318950418,59844.4109606,0.9250681318950418,16.484565699999997,16.484565699999997
1195,651203100043542,209130341,2459845.808154312,59845.3034144,16.4956741,0.0364445709,32768,zr,23.5119486,30.7224223,2.93700004,0.541999996,20220923303206,651,0x3,0x1,21.3899994,26.9940166,0.0971174091,0.0973157436,0.000134725036,30,1.10000002,2,0.9156518137368205,59845.3034144,0.9156518137368205,16.495674099999995,16.495674099999995
1196,651203100043542,209240797,2459846.9127689437,59846.4079745,16.5266075,0.036710944,32768,zr,23.5119439,30.7224411,2.9849999,0.467000008,20220924407824,651,0x3,0x1,21.3999996,27.0651073,0.098012194,0.0942348614,0.000137788025,30,1.00899994,2,0.8899323620286884,59846.4079745,0.8899323620286884,16.526607500000004,16.526607500000004
1197,651203100043542,209242436,2459846.929158637,59846.4243634,16.3589344,0.0353432633,32768,zr,23.5119175,30.7224424,2.546,0.225999996,20220924424352,651,0x3,0x1,21.3199997,26.9210415,0.0826637968,0.0979570672,9.90835761e-05,30,1.02400005,1,1.0385472019610082,59846.4243634,1.0385472019610082,16.358934400000003,16.358934400000003
1198,651203100043542,209245770,2459846.962505143,59846.4577083,16.4142036,0.0357739292,32769,zr,23.511955,30.7224073,3.1170001,0.256999999,20220924457569,651,0x3,0x1,21.3400002,26.9403496,0.119033389,0.0952863395,0.000203453732,30,1.08200002,2,0.9870031983766245,59846.4577083,0.9870031983766245,16.4142036,16.4142036
1199,651203100043542,209340049,2459847.905339714,59847.4004977,16.4231758,0.0358456597,32768,zr,23.5119104,30.7224497,2.89400005,0.250999987,20220925400486,651,0x3,0x1,21.4400005,27.1084347,0.161822021,0.0792026371,0.000443236495,30,1.00600004,2,0.9788805064533672,59847.4004977,0.9788805064533672,16.423175800000003,16.423175800000003
1200,651203100043542,209344284,2459847.947691203,59847.4428472,16.4070587,0.0357171819,32768,zr,23.5119331,30.7223986,2.90899992,0.234999999,20220925442581,651,0x3,0x1,21.3600006,26.9621315,0.0825586468,0.091726467,9.74933573e-05,30,1.05599999,2,0.9935197847876882,59847.4428472,0.9935197847876882,16.4070587,16.4070587
1201,651203100043542,209431621,2459848.821099989,59848.3162153,16.4128494,0.0357631482,32769,zr,23.5119467,30.7224347,2.921,0.301999986,20220926316007,651,0x3,0x1,21.4300003,26.9999161,0.112249278,0.0821254328,0.000183749376,30,1.05400002,2,0.988235020267248,59848.3162153,0.988235020267248,16.412849399999992,16.412849399999992
1202,651203100043542,209434417,2459848.849064186,59848.3441782,16.3784695,0.0354933143,32768,zr,23.5118951,30.7224062,3.44499993,0.34799999,20220926344132,651,0x3,0x1,21.3899994,27.0074863,0.102146029,0.0929392949,0.000149199099,30,1.01600003,1,1.020028250353743,59848.3441782,1.020028250353743,16.3784695,16.3784695
1203,651203100043542,209446971,2459848.9746023132,59848.4697106,16.4681454,0.0362130366,32768,zr,23.5119402,30.7224463,2.3440001,0.296999991,20220926469699,651,0x3,0x1,21.25,26.9112988,0.100194186,0.0926273316,0.000144891659,30,1.12800002,2,0.9391648717873918,59848.4697106,0.9391648717873918,16.468145400000004,16.468145400000004
1204,651203100043542,209530562,2459849.8105544974,59849.305625,16.5076218,0.0365466624,1,zr,23.5119269,30.7224366,2.07299995,0.201000005,20220927305498,651,0x3,0x1,21.2299995,26.876955,0.131002858,0.0918558165,0.000246008101,30,1.06900001,2,0.90563099975173,59849.305625,0.90563099975173,16.507621800000003,16.507621800000003
1205,651203100043542,209548712,2459849.9920671415,59849.4871296,16.4876213,0.0363763012,1,zr,23.5119418,30.7224304,2.16499996,0.224000007,20220927487095,651,0x3,0x1,21.1299992,26.9248962,0.0984454006,0.083183907,0.00013821428,30,1.20000005,2,0.9224683619142449,59849.4871296,0.9224683619142449,16.487621299999994,16.487621299999994
1206,651203100043542,209634249,2459850.847474992,59850.3425,16.5098152,0.0365655161,32769,zr,23.5119794,30.7224495,2.75699997,0.282999992,20220928342488,651,0x3,0x1,21.4799995,26.9850311,0.130484104,0.0828751996,0.000244029172,30,1.01199996,1,0.903803294359984,59850.3425,0.903803294359984,16.5098152,16.5098152
1207,651203100043542,209832282,2459852.827881702,59852.3228241,16.490036,0.0363967307,32768,zr,23.5119579,30.7224198,2.28500009,0.230000004,20220930322812,651,0x3,0x1,21.3999996,27.098259,0.109501004,0.0908028856,0.000174751913,30,1.02699995,1,0.9204190527052756,59852.3228241,0.9204190527052756,16.490035999999996,16.490035999999996
1208,651203100043542,209939236,2459853.89746097,59853.3923611,16.4167595,0.0357943103,32769,zr,23.5119288,30.7224199,2.98399997,0.237000003,20221001392326,651,0x3,0x1,21.6100006,27.0428658,0.164647222,0.0905214921,0.000389488618,30,1.01100004,2,0.9846824555416914,59853.3923611,0.9846824555416914,16.416759500000005,16.416759500000005
1209,651203100043542,210030032,2459854.805458529,59854.3003241,16.5283318,0.0367259942,32768,zr,23.5119365,30.7224386,2.4690001,0.284000009,20221002300324,651,0x3,0x1,21.4200001,27.1256962,0.120406866,0.0811937675,0.000207663034,30,1.05299997,2,0.8885201474391402,59854.3003241,0.8885201474391402,16.528331799999997,16.528331799999997
1210,651203100043542,210034523,2459854.850367618,59854.3452315,16.3342571,0.0351570062,32769,zr,23.5119596,30.7224537,2.4849999,0.194000006,20221002345197,651,0x3,0x1,21.6000004,26.9211845,0.130490556,0.0830059275,0.00024621308,30,1.00399995,1,1.0624222563062902,59854.3452315,1.0624222563062902,16.334257099999995,16.334257099999995
1211,651203100043542,210139813,2459855.9033112163,59855.3981366,16.6503868,0.0378462113,32769,zr,23.5119085,30.7224352,3.32299995,0.221000001,20221003397488,651,0x3,0x1,21.5,27.2080002,0.196513176,0.0708954334,0.000547971693,30,1.02199996,2,0.7940453009534421,59855.3981366,0.7940453009534421,16.6503868,16.6503868
1212,651203100043542,210229604,2459856.801247847,59856.2960417,16.5464287,0.0368851647,32768,zr,23.5119458,30.7224418,2.1789999,0.246999994,20221004296042,651,0x3,0x1,21.1700001,26.9789772,0.131447792,0.0874726623,0.000246178504,30,1.051,2,0.8738331576186255,59856.2960417,0.8738331576186255,16.5464287,16.5464287
1213,651203100043542,210234177,2459856.846978532,59856.3417708,16.4512863,0.0360737443,32768,zr,23.5119345,30.7224424,2.62299991,0.294,20221004341759,651,0x3,0x1,21.3700008,27.0156784,0.0862171948,0.0967177153,0.000106896747,30,1.00300002,1,0.9538618513343107,59856.3417708,0.9538618513343107,16.4512863,16.4512863
1214,651203100043542,210234271,2459856.8479276653,59856.3427199,16.5500336,0.0369171537,32769,zr,23.5119425,30.7224322,2.86400008,0.437999994,20221004342720,651,0x3,0x1,21.3199997,26.9596138,0.0897804871,0.0893316567,0.000116003066,30,1.00199997,2,0.8709366368861935,59856.3427199,0.8709366368861935,16.5500336,16.5500336
1215,651203100043542,210339192,2459857.8971643182,59857.3919213,16.4288406,0.0358912125,32768,zr,23.5119262,30.7224345,3.05699992,0.238000005,20221005391875,651,0x3,0x1,21.5300007,27.0110836,0.162007779,0.0815692097,0.000373539195,30,1.02100003,2,0.9737865236559043,59857.3919213,0.9737865236559043,16.428840599999994,16.428840599999994
1216,651203100043542,210341349,2459857.918739119,59857.4134954,16.5113754,0.0365789495,32769,zr,23.5119173,30.722418,3.12100005,0.323000014,20221005413461,651,0x3,0x1,21.4899998,27.0436001,0.149041653,0.0861276463,0.000316696533,30,1.05200005,2,0.9025054641744541,59857.4134954,0.9025054641744541,16.5113754,16.5113754
1217,651203100043542,210425452,2459858.7597962455,59858.2545255,16.5579624,0.0369878337,32768,zr,23.5119255,30.7224282,2.65400004,0.323000014,20221006254329,651,0x3,0x1,20.7800007,26.8473053,0.0761829913,0.0934703648,8.38225969e-05,30,1.13900006,2,0.8645996193609526,59858.2545255,0.8645996193609526,16.5579624,16.5579624
1218,651203100043542,210432349,2459858.828768345,59858.3234954,16.45821,0.0361307152,32768,zr,23.511906,30.7224226,3.16100001,0.356000006,20221006323472,651,0x3,0x1,20.8700008,26.7733936,0.0556847677,0.107504383,4.42479832e-05,30,1.00999999,1,0.9477984628055375,59858.3234954,0.9477984628055375,16.45821,16.45821
1219,651203100043542,210433765,2459858.8429238903,59858.3376505,16.3827782,0.0355267301,32768,zr,23.5119277,30.7224396,2.68600011,0.237000003,20221006337465,651,0x3,0x1,20.8999996,26.7238102,0.0603597276,0.0959113017,5.33323182e-05,30,1.00199997,2,1.0159883311297357,59858.3376505,1.0159883311297357,16.382778199999997,16.382778199999997
1220,651203100043542,210525634,2459859.7616441725,59859.2563426,16.4939079,0.0364295579,32768,zr,23.5119581,30.7224318,3.2980001,0.550999999,20221007256111,651,0x3,0x1,20.6700001,26.6822948,0.0663261712,0.0969134569,6.26018009e-05,30,1.125,2,0.9171425444812893,59859.2563426,0.9171425444812893,16.493907900000004,16.493907900000004
1221,651203100043542,210532128,2459859.8265882432,59859.3212847,16.4094162,0.0357358679,32768,zr,23.511955,30.7224487,3.21099997,0.375999987,20221007321042,651,0x3,0x1,20.7600002,26.7334785,0.0726461112,0.101502933,7.58688475e-05,30,1.00999999,2,0.9913648581642682,59859.3212847,0.9913648581642682,16.409416200000003,16.409416200000003
1222,651203100043542,210618310,2459860.6884305803,59860.1831019,16.3591747,0.0353450961,0,zr,23.5119322,30.7224268,3.14299989,0.34799999,20221008183079,651,0x3,0x1,19.9200001,26.3160648,0.0403337032,0.0895210132,2.37016848e-05,30,1.49199998,2,1.0383173714769713,59860.1831019,1.0383173714769713,16.359174700000004,16.359174700000004
1223,651203100043542,210641148,2459860.91681674,59860.4114815,16.3921375,0.0355997048,0,zr,23.5119479,30.7224343,3.16599989,0.263999999,20221008411435,651,0x3,0x1,20.4899998,26.6161537,0.0340174623,0.0928569958,1.67513354e-05,30,1.06400001,1,1.0072679141289018,59860.4114815,1.0072679141289018,16.392137499999997,16.392137499999997
1224,651203100043542,210642409,2459860.92943279,59860.4240972,16.4799824,0.0363119617,32768,zr,23.5119616,30.7224341,2.67199993,0.354000002,20221008424097,651,0x3,0x1,20.3999996,26.5871181,0.0548224188,0.0935066119,4.35647053e-05,30,1.09300005,2,0.9289814456320263,59860.4240972,0.9289814456320263,16.479982400000004,16.479982400000004
1225,651203100043542,210832848,2459862.833870416,59862.3284838,16.2805138,0.0347637944,0,zr,23.5119441,30.7224333,2.63000011,0.244000003,20221010328484,651,0x3,0x1,20.1599998,26.5143356,0.0439709052,0.0955119804,2.77711752e-05,30,1.00199997,1,1.1163348426521233,59862.3284838,1.1163348426521233,16.2805138,16.2805138
1226,651203100043542,211031564,2459864.8210819815,59864.3156481,16.2747536,0.0347226337,0,zr,23.5119287,30.7224179,3.10100007,0.282000005,20221012315637,651,0x3,0x1,20.2199993,26.4546623,0.0486264601,0.103743292,3.422601e-05,30,1.005,1,1.1222731171926414,59864.3156481,1.1222731171926414,16.274753600000004,16.274753600000004
1227,651203100043542,211035916,2459864.864601546,59864.3591667,16.4068527,0.0357155465,0,zr,23.5119345,30.7224373,2.65100002,0.354000002,20221012359132,651,0x3,0x1,19.9899998,26.3611183,0.0499570295,0.0979584306,3.53385367e-05,30,1.00899994,2,0.9937083061724022,59864.3591667,0.9937083061724022,16.406852699999995,16.406852699999995
1228,651203100043542,211116306,2459865.668519183,59865.1630671,16.3733673,0.035453897,32768,zr,23.5119162,30.7224356,3.1099999,0.335000008,20221013163032,651,0x3,0x1,20.3500004,26.4694843,0.0598283932,0.0946639851,5.17546396e-05,30,1.54700005,2,1.0248329494914976,59865.1630671,1.0248329494914976,16.373367300000005,16.373367300000005
1229,651203100043542,211234734,2459866.8528253497,59866.3473495,16.3799362,0.0355046801,32768,zr,23.5119309,30.7224241,3.01900005,0.328000009,20221014347315,651,0x3,0x1,20.7600002,26.7572079,0.076180011,0.0952406377,8.22343718e-05,30,1.005,2,1.0186512442509241,59866.3473495,1.0186512442509241,16.379936199999996,16.379936199999996
1230,651203100043542,211235982,2459866.8653024854,59866.3598264,16.3552437,0.0353151709,32768,zr,23.5119316,30.7224105,3.25399995,0.287,20221014359826,651,0x3,0x1,20.7999992,26.6793919,0.0524814501,0.0971101671,3.92583788e-05,30,1.01400006,1,1.042083501251993,59866.3598264,1.042083501251993,16.355243699999995,16.355243699999995
1231,651203100043542,211238578,2459866.89126357,59866.385787,16.4041061,0.0356938243,32768,zr,23.5119482,30.7224226,2.98000002,0.312999994,20221014385521,651,0x3,0x1,20.7099991,26.698267,0.0384253711,0.0983792171,2.12859195e-05,30,1.04700005,2,0.9962252843578426,59866.385787,0.9962252843578426,16.4041061,16.4041061
1232,651203100043542,211320246,2459867.7079568263,59867.2024653,16.4844856,0.0363498479,32768,zr,23.5119394,30.7224181,2.88599992,0.298000008,20221015202234,651,0x3,0x1,21.0799999,26.8698883,0.0993200615,0.0888326094,0.000142295859,30,1.24800003,2,0.9251363811533706,59867.2024653,0.9251363811533706,16.484485599999992,16.484485599999992
1233,651203100043542,211337800,2459867.883503952,59867.3780093,16.3813515,0.0355156548,0,zr,23.5119392,30.7224031,3.70900011,0.305000007,20221015377789,651,0x3,0x1,20.6299992,26.5305557,0.0435234979,0.0923832729,2.71994195e-05,30,1.03900003,2,1.0173242572228633,59867.3780093,1.0173242572228633,16.3813515,16.3813515
1234,651203100043542,211626152,2459870.7670661197,59870.2615278,16.4577465,0.0361268967,1,zr,23.5119245,30.7224475,2.00999999,0.172000006,20221018261134,651,0x3,0x1,21.0400009,26.7180862,0.050614357,0.100353181,3.70186463e-05,30,1.04499996,2,0.9482031636604275,59870.2615278,0.9482031636604275,16.457746500000006,16.457746500000006
1235,651203100043542,211630111,2459870.8066499373,59870.3011111,16.5170822,0.0366282091,32768,zr,23.5119085,30.7224166,2.93300009,0.273999989,20221018301076,651,0x3,0x1,21.2399998,26.9596539,0.0975042582,0.0881127194,0.000135693743,30,1.00399995,1,0.897774198751817,59870.3011111,0.897774198751817,16.517082199999997,16.517082199999997
1236,651203100043542,211638631,2459870.891859304,59870.3863194,16.4219284,0.0358356498,32768,zr,23.5119346,30.7224222,3.02800012,0.335000008,20221018386285,651,0x3,0x1,21.1200008,26.8152733,0.0544494987,0.0936046317,4.22913799e-05,30,1.06900001,2,0.9800057864625838,59870.3863194,0.9800057864625838,16.421928400000006,16.421928400000006
1237,651203100043542,211836461,2459872.870179872,59872.3646181,16.4586143,0.0361340605,32768,zr,23.5119443,30.7224194,2.73000002,0.215000004,20221020364294,651,0x3,0x1,21.1700001,26.8748932,0.0534926318,0.0875808299,4.08438609e-05,30,1.03900003,2,0.9474455929465725,59872.3646181,0.9474455929465725,16.4586143,16.4586143
1238,651203100043542,211839013,2459872.8957009003,59872.3901389,16.4935875,0.0364268348,32768,zr,23.5119407,30.7224478,2.70600009,0.275000006,20221020390104,651,0x3,0x1,21.1100006,26.878912,0.0899261236,0.0889084935,0.000116345989,30,1.09000003,2,0.9174132325471983,59872.3901389,0.9174132325471983,16.493587499999997,16.493587499999997
1239,651203100043542,211839113,2459872.89669631,59872.3911343,16.4420624,0.0359983407,32768,zr,23.5119286,30.7224275,2.47000003,0.238000005,20221020391100,651,0x3,0x1,21.0200005,26.7793274,0.0641267598,0.0868714079,5.8711692e-05,30,1.09200001,1,0.9619999290334619,59872.3911343,0.9619999290334619,16.442062400000005,16.442062400000005
1240,651203100043542,211918121,2459873.686784209,59873.1812153,16.5058517,0.0365314782,32768,zr,23.5119074,30.7224188,4.49100018,0.42899999,20221021181192,651,0x3,0x1,21.0400009,26.7502174,0.10833282,0.0840363726,0.000168252125,30,1.27199996,2,0.9071086744265161,59873.1812153,0.9071086744265161,16.5058517,16.5058517
1241,651203100043542,211932118,2459873.826750683,59873.3211806,16.4396172,0.0359784402,32768,zr,23.5119404,30.72246,2.70600009,0.287999988,20221021321146,651,0x3,0x1,21.0499992,26.6980152,0.0846108347,0.0977643728,0.000102203587,30,1.00199997,2,0.9641689024984225,59873.3211806,0.9641689024984225,16.439617200000008,16.439617200000008
1242,651203100043542,212029421,2459874.7997900066,59874.294213,16.5056343,0.0365296155,32768,zr,23.511975,30.722462,2.95499992,0.25,20221022294074,651,0x3,0x1,21.5200005,27.1230717,0.12405324,0.0899462104,0.000220554561,30,1.00199997,1,0.9072903255216652,59874.294213,0.9072903255216652,16.505634300000004,16.505634300000004
1243,651203100043542,212036059,2459874.8661677134,59874.3605903,16.5186157,0.0366414823,32768,zr,23.511936,30.7224382,3.01399994,0.426999986,20221022360370,651,0x3,0x1,21.4500008,27.1201057,0.104069799,0.0904235765,0.000153818779,30,1.04200006,2,0.8965070724186083,59874.3605903,0.8965070724186083,16.518615700000005,16.518615700000005
1244,651203100043542,212238586,2459876.8914547428,59876.3858681,16.343008,0.0352226384,0,zr,23.5119282,30.722428,2.66300011,0.057,20221024385868,651,0x3,0x1,20.4500008,26.3681641,0.047642801,0.0990609303,3.23203385e-05,30,1.10699999,2,1.053893679664943,59876.3858681,1.053893679664943,16.343008000000005,16.343008000000005
1245,651203100043542,212335021,2459877.855808604,59877.3502199,16.5031052,0.036507953,32768,zr,23.5119411,30.7224336,2.64199996,0.324999988,20221025350185,651,0x3,0x1,21.2299995,26.9978294,0.133902714,0.0833738148,0.000255812804,30,1.03799999,2,0.9094062193889144,59877.3502199,0.9094062193889144,16.5031052,16.5031052
1246,651203100043542,212336836,2459877.8739568195,59877.3683681,16.562418,0.0370277464,32768,zr,23.5119328,30.7224517,2.47099996,0.263000011,20221025368356,651,0x3,0x1,21.2199993,27.0882797,0.135050908,0.0845586285,0.000259642256,30,1.07099998,1,0.86105878101344,59877.3683681,0.86105878101344,16.562418,16.562418
1247,651203100043542,212338392,2459877.889512332,59877.3839236,16.4876442,0.0363765061,32768,zr,23.5119172,30.7224204,3.35599995,0.310000002,20221025383889,651,0x3,0x1,21.1299992,26.9101734,0.0762337372,0.0934645385,8.32692749e-05,30,1.10899997,2,0.9224489057124237,59877.3839236,0.9224489057124237,16.4876442,16.4876442
1248,651203100043542,212423118,2459878.7367698364,59878.2311806,16.5152264,0.0366121642,32769,zr,23.5119135,30.7224266,2.37700009,0.230000004,20221026230799,651,0x3,0x1,21.0200005,26.7818756,0.0620338842,0.0866967663,5.48561038e-05,30,1.05999994,2,0.8993100359543527,59878.2311806,0.8993100359543527,16.515226399999996,16.515226399999996
1249,651203100043542,212428457,2459878.7901610415,59878.2845718,16.4548912,0.0361033678,32768,zr,23.5119522,30.7224484,2.55599999,0.263999999,20221026284537,651,0x3,0x1,21.25,26.9883671,0.119148396,0.103328876,0.000203065196,30,1.00199997,2,0.9507000571128577,59878.2845718,0.9507000571128577,16.4548912,16.4548912
1250,651203100043542,212535956,2459879.865148263,59879.3595602,16.4429035,0.0360051841,32768,zr,23.5119291,30.7224408,1.92799997,0.126000002,20221027359410,651,0x3,0x1,20.9200001,26.647831,0.0524170101,0.0937524736,3.93362134e-05,30,1.06400001,2,0.9612549738542847,59879.3595602,0.9612549738542847,16.442903499999993,16.442903499999993
1251,651203100043542,212617410,2459880.6796946907,59880.1741088,16.3998795,0.0356604829,32768,zr,23.5119255,30.7224472,2.30500007,0.0820000023,20221028174062,651,0x3,0x1,20.7299995,26.5002289,0.0486708768,0.0895472392,3.37797865e-05,30,1.21599996,2,1.0001109907604973,59880.1741088,1.0001109907604973,16.399879500000004,16.399879500000004
1252,651203100043542,212622081,2459880.726395964,59880.2208102,16.4126205,0.0357613266,32768,zr,23.5119343,30.7224245,3.35599995,0.203999996,20221028220799,651,0x3,0x1,21.0699997,26.7161026,0.0561401919,0.0820808783,4.50173102e-05,30,1.07000005,2,0.9884433865737567,59880.2208102,0.9884433865737567,16.412620499999996,16.412620499999996
1253,651203100043542,212622849,2459880.7340811407,59880.2284954,16.4736824,0.036259193,32768,zr,23.5119147,30.7224423,2.81699991,0.412,20221028228495,651,0x3,0x1,21.2199993,26.8652897,0.0502215475,0.103082426,3.61793027e-05,30,1.05499995,1,0.934387543190885,59880.2284954,0.934387543190885,16.473682399999994,16.473682399999994
1254,651203100043542,212729293,2459881.7985210186,59881.2929398,16.4613361,0.03615655,32768,zr,23.5119179,30.7224065,3.41300011,0.340999991,20221029292870,651,0x3,0x1,21.3199997,26.9619694,0.0821484476,0.101502635,9.57582452e-05,30,1.0,2,0.9450734441709054,59881.2929398,0.9450734441709054,16.461336100000004,16.461336100000004
1255,651203100043542,212823987,2459882.7454483164,59882.2398727,16.5067139,0.0365388691,32768,zr,23.5119345,30.7224303,1.89199996,0.0879999995,20221030239873,651,0x3,0x1,20.9899998,26.773344,0.062501274,0.0879710838,5.55916849e-05,30,1.028,2,0.9063886112699657,59882.2398727,0.9063886112699657,16.5067139,16.5067139
1256,651203100043542,212824034,2459882.7459228137,59882.2403472,16.5008774,0.0364889093,32768,zr,23.5119308,30.722426,2.6170001,0.264999986,20221030240347,651,0x3,0x1,21.2099991,26.9445019,0.116575405,0.0854166821,0.000192862062,30,1.028,1,0.9112741271897394,59882.2403472,0.9112741271897394,16.5008774,16.5008774
1257,1648211100015370,212826230,2459882.767878671,59882.2623032,16.2801666,0.018480612,32768,zr,23.511973,30.7224603,4.30700016,0.372000009,20221030262303,1648,0xb,0x1,20.9599991,26.3988991,0.0476647802,0.113511771,2.73669775e-05,30,1.00899994,2,1.1166918846618339,59882.2623032,1.1166918846618339,16.280166599999994,16.280166599999994
1258,651203100043542,212827413,2459882.7797072935,59882.2741319,16.4468079,0.0360370688,32768,zr,23.5119327,30.7224168,2.99000001,0.257999986,20221030274120,651,0x3,0x1,21.0599995,26.7661343,0.0686754137,0.0912159756,6.71142625e-05,30,1.00199997,2,0.9578044269272393,59882.2741319,0.9578044269272393,16.446807900000003,16.446807900000003
1259,651203100043542,213329753,2459887.803055672,59887.2975347,16.3813057,0.0355152935,32768,zr,23.5119372,30.7224699,2.09200001,0.0540000014,20221104297523,651,0x3,0x1,20.2999992,26.4599533,0.0411466435,0.0781915784,2.41262915e-05,30,1.00999999,1,1.0173671722822688,59887.2975347,1.0173671722822688,16.381305700000006,16.381305700000006
1260,651203100043542,213341321,2459887.918736773,59887.4132176,16.3623543,0.035369359,32768,zr,23.5119457,30.7224342,1.93599999,0.0309999995,20221104413102,651,0x3,0x1,20.1599998,26.3517971,0.0415097959,0.0727775916,2.48458236e-05,30,1.352,2,1.0352810865505846,59887.4132176,1.0352810865505846,16.3623543,16.3623543
1261,651203100043542,213429101,2459888.796523866,59888.2910185,16.3981056,0.0356465206,32768,zr,23.5119362,30.7224426,2.99900007,0.282000005,20221105290949,651,0x3,0x1,20.1100006,26.3847752,0.0616981313,0.089483425,5.50789737e-05,30,1.00699997,2,1.0017463299412763,59888.2910185,1.0017463299412763,16.3981056,16.3981056
1262,651203100043542,213441728,2459888.922783297,59888.4172801,16.4855461,0.0363587923,32768,zr,23.5119436,30.7224525,0.855000019,0.148000002,20221105417025,651,0x3,0x1,18.2999992,25.3420715,0.058042556,0.084002465,0.000130897461,30,1.39600003,2,0.9242331892615893,59888.4172801,0.9242331892615893,16.4855461,16.4855461
1263,651203100043542,213528100,2459889.7864951333,59889.2810069,16.3187294,0.0350416787,32768,zr,23.5119252,30.7224268,3.10899997,0.298000008,20221106280856,651,0x3,0x1,20.4300003,26.4746914,0.0587637275,0.0879339576,4.9012091e-05,30,1.00300002,2,1.0777257015146458,59889.2810069,1.0777257015146458,16.318729400000002,16.318729400000002
1264,651203100043542,213528200,2459889.787490515,59889.2820023,16.3378162,0.0351836495,32768,zr,23.5119252,30.7224299,2.83100009,0.32100001,20221106281968,651,0x3,0x1,20.3299999,26.4857731,0.0558984093,0.0936844796,4.43817808e-05,30,1.00399995,1,1.0589452826115007,59889.2820023,1.0589452826115007,16.3378162,16.3378162
1265,651203100043542,213538265,2459889.8881368404,59889.3826505,16.3627853,0.0353726521,32768,zr,23.5119561,30.7224243,2.9849999,0.232999995,20221106382616,651,0x3,0x1,20.0799999,26.3835964,0.057279788,0.0962554887,4.61487325e-05,30,1.22000003,2,1.0348701970602965,59889.3826505,1.0348701970602965,16.362785300000006,16.362785300000006
1266,651203100043542,213946179,2459893.967192446,59893.461794,16.3266068,0.035100013,0,zr,23.5118816,30.7224273,0.824000001,0.00499999989,20221110461574,651,0x3,0x1,19.0400009,26.2310886,0.0437351763,0.0842984319,3.86529173e-05,30,2.04500008,2,1.0699347178943428,59893.461794,1.0699347178943428,16.3266068,16.3266068
1267,651203100043542,214013682,2459894.6422101515,59894.1368287,16.364109,0.0353827812,0,zr,23.5119269,30.7224136,1.63,0.0489999987,20221111136725,651,0x3,0x1,19.9899998,26.3451786,0.0320442505,0.0824657083,1.46869725e-05,30,1.21099997,2,1.0336092803048982,59894.1368287,1.0336092803048982,16.364109000000006,16.364109000000006
1268,651203100043542,214031885,2459894.824230949,59894.3188542,16.3325691,0.0351444036,0,zr,23.5119272,30.7224474,2.625,0.147,20221111318819,651,0x3,0x1,20.1299992,26.3976879,0.0473401286,0.0933740214,3.16890691e-05,30,1.06500006,1,1.0640752946443552,59894.3188542,1.0640752946443552,16.332569099999994,16.332569099999994
1269,651203100043542,214117631,2459895.6816731626,59895.1763194,16.4728146,0.0362519473,32768,zr,23.5119451,30.7224287,3.74499989,0.250999987,20221112176204,651,0x3,0x1,20.6900005,26.7257366,0.0808084756,0.0781502277,9.35198623e-05,30,1.07700002,2,0.9351346727816386,59895.1763194,0.9351346727816386,16.4728146,16.4728146
1270,651203100043542,214137834,2459895.883693039,59895.3783449,16.4915543,0.0364095941,32768,zr,23.5119438,30.7224662,2.58800006,0.202999994,20221112378160,651,0x3,0x1,20.5900002,26.6692619,0.0600663871,0.0922297984,5.19610767e-05,30,1.27699995,2,0.9191328327375343,59895.3783449,0.9191328327375343,16.491554299999997,16.491554299999997
1271,651203100043542,214226112,2459896.76644574,59896.2611227,16.4635353,0.0361747593,32768,zr,23.511918,30.7224158,3.56800008,0.263999999,20221113261088,651,0x3,0x1,20.75,26.6792068,0.0647332072,0.0836424604,6.02119399e-05,30,1.00300002,2,0.9431610993627696,59896.2611227,0.9431610993627696,16.463535299999997,16.463535299999997
1272,651203100043542,214230563,2459896.8109583263,59896.3056366,16.5109024,0.0365748741,32768,zr,23.5119057,30.7224634,2.53399992,0.31400001,20221113305637,651,0x3,0x1,20.8899994,26.8336868,0.0884412304,0.0985680521,0.000112273483,30,1.04999995,1,0.9028987255230598,59896.3056366,0.9028987255230598,16.5109024,16.5109024
1273,651203100043542,214231745,2459896.8227750757,59896.3174537,16.3736992,0.03545646,0,zr,23.5119314,30.7224696,2.63700008,0.0839999989,20221113317419,651,0x3,0x1,20.2299995,26.356184,0.0334946811,0.0991139635,1.62228807e-05,30,1.07299995,2,1.024519714959466,59896.3174537,1.024519714959466,16.373699199999997,16.373699199999997
1274,651203100043542,214330478,2459897.8100718125,59897.3047801,16.4226303,0.0358412787,0,zr,23.5119609,30.7224614,2.71300006,0.188999996,20221114304595,651,0x3,0x1,20.75,26.5995102,0.0247882083,0.0942995027,8.81151846e-06,30,1.05299997,2,0.979372443148887,59897.3047801,0.979372443148887,16.4226303,16.4226303
1275,651203100043542,214431660,2459898.82186852,59898.3166088,16.3923798,0.035601601,0,zr,23.5119326,30.7224354,2.76900005,0.333999991,20221115316400,651,0x3,0x1,20.8199997,26.6102409,0.0258331914,0.0894455165,9.56279382e-06,30,1.08399999,2,1.0070431507071484,59898.3166088,1.0070431507071484,16.392379800000008,16.392379800000008
1276,651203100043542,214517855,2459899.683784425,59899.1785532,16.188282,0.0341266505,0,zr,23.5119218,30.7224167,0.483999997,0.0320000015,20221116178414,651,0x3,0x1,19.5900002,26.349617,0.0456441194,0.0860016122,3.06271977e-05,30,1.051,2,1.2153103597387036,59899.1785532,1.2153103597387036,16.188282000000008,16.188282000000008
1277,651203100043542,214531190,2459899.8171364027,59899.3119097,16.2516994,0.0345597602,1,zr,23.5118907,30.7224624,1.454,-0.0149999997,20221116311863,651,0x3,0x1,19.7999992,26.3430653,0.0370355733,0.101705812,2.01095227e-05,30,1.079,2,1.1463579311075616,59899.3119097,1.1463579311075616,16.2516994,16.2516994
1278,651203100043542,214625550,2459900.760703305,59900.2555093,16.3068619,0.0349544808,0,zr,23.5119236,30.7224659,1.03900003,-0.00300000003,20221117255405,651,0x3,0x1,20.0400009,26.3454247,0.0331784785,0.105628937,1.56555343e-05,30,1.00600004,2,1.0895702585173952,59900.2555093,1.0895702585173952,16.306861899999994,16.306861899999994
1279,651203100043542,214625651,2459900.7617101693,59900.2565162,16.2582264,0.0346055664,0,zr,23.5119181,30.722437,1.14400005,-0.0399999991,20221117256482,651,0x3,0x1,19.7600002,26.3276825,0.0370110944,0.101453833,1.96822475e-05,30,1.00600004,1,1.1394871709800585,59900.2565162,1.1394871709800585,16.258226400000005,16.258226400000005
1280,651203100043542,214715452,2459901.6596870366,59901.1545255,16.4315987,0.03591346,0,zr,23.5118747,30.7224527,2.25900006,0.254999995,20221118154444,651,0x3,0x1,20.2000008,25.9922371,0.0464716516,0.0859759003,3.11222175e-05,30,1.09000003,2,0.9713159492097654,59901.1545255,0.9713159492097654,16.431598700000002,16.431598700000002
1281,651203100043542,214725659,2459901.7617549947,59901.2565972,16.4547539,0.036102239,32768,zr,23.5119118,30.7224204,2.50200009,0.250999987,20221118256319,651,0x3,0x1,21.2700005,27.0272388,0.095841758,0.0970592797,0.000130706161,30,1.00800002,2,0.9508202883172329,59901.2565972,0.9508202883172329,16.454753900000007,16.454753900000007
1282,651203100043542,214820321,2459902.708339744,59902.2032176,16.4465714,0.0360351279,32768,zr,23.5119433,30.722451,2.26200008,0.0949999988,20221119203183,651,0x3,0x1,20.7999992,26.7052536,0.0565508865,0.0901842043,4.55083864e-05,30,1.00999999,2,0.9580130829697013,59902.2032176,0.9580130829697013,16.446571400000003,16.446571400000003
1283,651203100043542,214820415,2459902.7092772084,59902.2041551,16.3904648,0.0355866253,0,zr,23.511943,30.7224199,2.78999996,0.136999995,20221119204155,651,0x3,0x1,20.9300003,26.648035,0.0229500718,0.0923924521,7.48366756e-06,30,1.00899994,1,1.008820920794975,59902.2041551,1.008820920794975,16.390464799999997,16.390464799999997
1284,651203100043542,214825587,2459902.76099972,59902.2558796,16.2982025,0.0348913707,0,zr,23.5119341,30.7224372,2.10700011,0.0130000003,20221119255845,651,0x3,0x1,20.3799992,26.4466305,0.0441632681,0.0905838236,2.76240044e-05,30,1.00899994,2,1.0982949836244686,59902.2558796,1.0982949836244686,16.298202499999995,16.298202499999995
1285,651203100043542,214916533,2459903.6704201,59903.1653356,16.4072189,0.0357184485,32768,zr,23.5119429,30.7224274,2.57800007,0.254999995,20221120165081,651,0x3,0x1,21.0300007,26.8150196,0.0505033135,0.102125168,3.69220943e-05,30,1.05499995,2,0.9933732021028165,59903.1653356,0.9933732021028165,16.407218899999997,16.407218899999997
1286,651203100043542,214929859,2459903.8036786704,59903.2985995,16.399868,0.0356603935,0,zr,23.5119188,30.7224243,2.79500008,0.268000007,20221120298484,651,0x3,0x1,20.9099998,26.6554203,0.0250352416,0.100866795,9.05957768e-06,30,1.074,2,1.0001215838836288,59903.2985995,1.0001215838836288,16.399868000000005,16.399868000000005
1287,651203100043542,215019585,2459904.700899147,59904.1958565,16.4384308,0.0359687954,0,zr,23.5119439,30.7224453,2.81999993,0.201000005,20221121195845,651,0x3,0x1,21.0400009,26.7070541,0.0431376956,0.0889026299,2.66710867e-05,30,1.01199996,1,0.9652230399411714,59904.1958565,0.9652230399411714,16.4384308,16.4384308
1288,651203100043542,215021568,2459904.720724728,59904.2156829,16.4436531,0.036011301,32768,zr,23.511933,30.7224455,2.47199988,0.226999998,20221121215671,651,0x3,0x1,20.9899998,26.7143688,0.0523651727,0.0964274481,3.94923336e-05,30,1.00100005,2,0.9605915456258318,59904.2156829,0.9605915456258318,16.4436531,16.4436531
1289,651203100043542,215025218,2459904.7572278115,59904.2521875,16.3975449,0.0356421173,0,zr,23.5119255,30.7224306,2.46600008,0.185000002,20221121251979,651,0x3,0x1,20.8400002,26.6010723,0.0328059681,0.101288326,1.54278005e-05,30,1.01100004,2,1.002263789174873,59904.2521875,1.002263789174873,16.397544900000007,16.397544900000007
1290,651203100043542,215117442,2459905.6794227124,59905.1744213,16.3373203,0.0351799317,32768,zr,23.5119401,30.7224322,3.25200009,0.412,20221122174201,651,0x3,0x1,20.4799995,26.0847645,0.0761030093,0.0882013515,8.29493074e-05,30,1.03199995,2,1.0594290565760924,59905.1744213,1.0594290565760924,16.337320299999995,16.337320299999995
1291,651203100043542,215125503,2459905.7600326547,59905.2550347,16.4115467,0.0357527845,0,zr,23.5119294,30.7224339,3.01600003,0.319999993,20221122255000,651,0x3,0x1,20.8700008,26.5442886,0.0316170119,0.09200342,1.43852776e-05,30,1.01499999,2,0.98942144693307,59905.2550347,0.98942144693307,16.411546699999995,16.411546699999995
1292,651203100043542,215223844,2459906.7434040667,59906.2384491,16.6136703,0.037497472,32768,zr,23.5119248,30.7224385,2.6170001,0.363999993,20221123238275,651,0x3,0x1,21.2299995,27.1106052,0.168059692,0.0982059762,0.000408839987,30,1.005,1,0.8213568434811439,59906.2384491,0.8213568434811439,16.613670300000003,16.613670300000003
1293,651203100043542,215223951,2459906.74446882,59906.2395139,16.5024986,0.0365027599,32769,zr,23.5119403,30.7224234,3.70799994,0.273999989,20221123239444,651,0x3,0x1,21.1399994,26.907196,0.0904579759,0.0810985118,0.000118126096,30,1.00600004,2,0.9099144459185405,59906.2395139,0.9099144459185405,16.502498600000003,16.502498600000003
1294,651203100043542,215229833,2459906.8032855834,59906.2983333,16.5039024,0.0365147777,32768,zr,23.51196,30.7224222,2.61500001,0.238999993,20221123298137,651,0x3,0x1,21.1200008,26.8445091,0.0872611105,0.0855360627,0.000110057699,30,1.09200001,2,0.9087387344668089,59906.2983333,0.9087387344668089,16.50390240000001,16.50390240000001
1295,651203100043542,215318447,2459907.6893914593,59907.1844792,16.3320274,0.0351403616,0,zr,23.5119315,30.7224449,1.40499997,-0.0109999999,20221124184456,651,0x3,0x1,20.3700008,26.4442616,0.0377582535,0.0966160744,2.04515381e-05,30,1.01400006,2,1.0646063199530917,59907.1844792,1.0646063199530917,16.33202740000001,16.33202740000001
1296,651203100043542,215524604,2459909.7508563707,59909.2460417,16.3172646,0.0350308679,32768,zr,23.5119072,30.7224066,3.38100004,0.291999996,20221126245914,651,0x3,0x1,21.2399998,26.8746185,0.066602841,0.101708539,6.44510656e-05,30,1.01699996,1,1.0791806755534852,59909.2460417,1.0791806755534852,16.31726460000001,16.31726460000001
1297,651203100043542,215539024,2459909.895050619,59909.3902431,16.4928837,0.0364208668,32768,zr,23.5119418,30.722426,2.75999999,0.194000006,20221126390023,651,0x3,0x1,20.7600002,26.8175125,0.0772444531,0.0803047046,8.66585542e-05,30,1.65900004,2,0.9180081143854698,59909.3902431,0.9180081143854698,16.4928837,16.4928837
1298,651203100043542,215617652,2459910.6812964245,59910.1765278,16.4881935,0.0363811404,32768,zr,23.5119435,30.7224447,2.171,0.210999995,20221127176400,651,0x3,0x1,21.0400009,26.858736,0.0893529132,0.0843256935,0.000114189708,30,1.01400006,2,0.9219823347100402,59910.1765278,0.9219823347100402,16.4881935,16.4881935
1299,651203100043542,215627403,2459910.778803115,59910.2740394,16.5074425,0.0365451314,32768,zr,23.5119321,30.7224296,2.58400011,0.231999993,20221127273785,651,0x3,0x1,21.1599998,26.9700489,0.0970655605,0.0863769501,0.00013365256,30,1.06200004,2,0.905780569275234,59910.2740394,0.905780569275234,16.507442500000003,16.507442500000003
1300,651203100043542,215719877,2459911.7034897227,59911.1987731,16.4116631,0.0357537121,32768,zr,23.5119303,30.7224646,2.80100012,0.291000009,20221128198773,651,0x3,0x1,19.2900009,24.4102745,0.0576310717,0.110597044,7.49994651e-05,30,1.00100005,1,0.9893153783663116,59911.1987731,0.9893153783663116,16.41166309999999,16.41166309999999
1301,651203100043542,216013243,2459914.636989911,59914.1324306,16.4204521,0.0358238257,32768,zr,23.5119346,30.7224191,2.04699993,0.0769999996,20221201132326,651,0x3,0x1,20.6800003,26.6360073,0.0457009971,0.0789654553,3.00806714e-05,30,1.06099999,2,0.9813392287790554,59914.1324306,0.9813392287790554,16.4204521,16.4204521
1302,651203100043542,216015362,2459914.6581808403,59914.1536227,16.363596,0.0353788473,32768,zr,23.5119417,30.7224411,2.57500005,0.0649999976,20221201153611,651,0x3,0x1,20.4699993,26.4821453,0.0497018658,0.0819212273,3.53142823e-05,30,1.02699995,1,1.0340977662237174,59914.1536227,1.0340977662237174,16.363595999999994,16.363595999999994
1303,651203100043542,216818440,2459922.6884790733,59922.1844097,16.3082867,0.0349649079,0,zr,23.5119204,30.7224512,3.24499989,0.27700001,20221209184387,651,0x3,0x1,20.6000004,26.6563721,0.0383039303,0.0977061018,2.09741538e-05,30,1.00100005,2,1.0881413648956375,59922.1844097,1.0881413648956375,16.308286700000004,16.308286700000004
1304,651203100043542,216836622,2459922.8702841606,59922.3662269,16.4061852,0.035710264,0,zr,23.5119138,30.7224621,1.92299998,0.0350000001,20221209366076,651,0x3,0x1,19.6900005,26.306776,0.0412686877,0.074995555,2.48797151e-05,30,1.796,2,0.9943194161533657,59922.3662269,0.9943194161533657,16.406185200000003,16.406185200000003
1305,651203100043542,216918487,2459923.688875563,59923.1848727,16.4100876,0.0357411951,32768,zr,23.5119357,30.7224346,3.6400001,0.300999999,20221210184792,651,0x3,0x1,20.7299995,26.6489639,0.0558019578,0.0872327685,4.43238241e-05,30,1.00199997,2,0.9907520052383726,59923.1848727,0.9907520052383726,16.410087600000004,16.410087600000004
1306,651203100043542,216919582,2459923.699823927,59923.1958218,16.3833771,0.0355313793,32768,zr,23.5119271,30.7224428,2.73200011,0.308999985,20221210195822,651,0x3,0x1,20.7800007,26.7522869,0.0572260618,0.0978054702,4.72754436e-05,30,1.00699997,1,1.0154280591042122,59923.1958218,1.0154280591042122,16.383377099999997,16.383377099999997
1307,651203100043542,217424039,2459928.7440425456,59928.2403935,16.3851528,0.0355451927,0,zr,23.5119516,30.7224347,2.59299994,0.182999998,20221215240197,651,0x3,0x1,20.7000008,26.5112095,0.0487033203,0.0904336795,3.36816011e-05,30,1.09800005,2,1.013768703971135,59928.2403935,1.013768703971135,16.385152800000007,16.385152800000007
1308,651203100043542,217618598,2459930.689489188,59930.1859838,16.3602791,0.0353535153,0,zr,23.5119228,30.7224226,2.3829999,0.103,20221217185914,651,0x3,0x1,20.6599998,26.4882221,0.042429328,0.0985850394,2.59421031e-05,30,1.01499999,2,1.0372617424182278,59930.1859838,1.0372617424182278,16.360279100000007,16.360279100000007
1309,651203100043542,217629922,2459930.802721339,59930.2992245,16.3833904,0.0355314836,32768,zr,23.5119484,30.7224665,2.51300001,0.0839999989,20221217299074,651,0x3,0x1,20.4899998,26.4282322,0.0521309637,0.0912788138,3.89288689e-05,30,1.37300003,2,1.0154156204377869,59930.2992245,1.0154156204377869,16.383390400000003,16.383390400000003
1310,651203100043542,217818379,2459932.6871500565,59932.1837963,16.4809704,0.0363202617,32768,zr,23.5119349,30.7224443,3.07500005,0.393000007,20221219183762,651,0x3,0x1,21.3299999,26.9270477,0.0656564012,0.0957556143,6.16116304e-05,30,1.01800001,2,0.9281364740956536,59932.1837963,0.9281364740956536,16.480970399999997,16.480970399999997
1311,651203100043542,217822451,2459932.7278645076,59932.2245139,16.3828163,0.0355270281,32768,zr,23.5119259,30.7224424,3.10299993,0.27700001,20221219224479,651,0x3,0x1,20.9899998,26.6325378,0.0371788666,0.0912574232,1.96269521e-05,30,1.08500004,1,1.0159526793055953,59932.2245139,1.0159526793055953,16.382816299999995,16.382816299999995
1312,651203100043542,217823400,2459932.737354473,59932.2340046,16.4232712,0.0358464271,32768,zr,23.5119484,30.7224316,2.05599999,0.0399999991,20221219234005,651,0x3,0x1,20.7099991,26.6580296,0.0345930532,0.0851363242,1.71366555e-05,30,1.11000001,2,0.9787944992839525,59932.2340046,0.9787944992839525,16.423271199999995,16.423271199999995
1313,651203100043542,218023905,2459934.742244488,59934.2390509,16.5166454,0.0366244391,32768,zr,23.5119348,30.7224637,2.80699992,0.207000002,20221221239039,651,0x3,0x1,21.0900002,26.8395863,0.0736153424,0.0884165466,7.81605413e-05,30,1.14100003,1,0.8981354528583813,59934.2390509,0.8981354528583813,16.51664540000001,16.51664540000001
1314,651203100043542,218023998,2459934.7431819113,59934.2399884,16.4957314,0.0364450589,0,zr,23.511909,30.7224314,3.01200008,0.224000007,20221221239988,651,0x3,0x1,20.9500008,26.739624,0.0472789742,0.0887427181,3.22110973e-05,30,1.14499998,2,0.9156034912582548,59934.2399884,0.9156034912582548,16.495731400000004,16.495731400000004
1315,651203100043542,218030688,2459934.810074778,59934.3068866,16.4355469,0.0359454006,0,zr,23.5119369,30.7224474,2.84200001,0.270999998,20221221306852,651,0x3,0x1,20.8600006,26.7092648,0.0425628312,0.09653873,2.63717611e-05,30,1.51300001,2,0.9677902444374761,59934.3068866,0.9677902444374761,16.4355469,16.4355469
1316,651203100043542,218122210,2459935.725222072,59935.2221065,16.4015598,0.0356737264,32768,zr,23.511952,30.7224337,2.70900011,0.247999996,20221222221956,651,0x3,0x1,20.7900009,26.5369968,0.0470880605,0.0831224471,3.16246114e-05,30,1.10000002,2,0.9985644025660677,59935.2221065,0.9985644025660677,16.401559799999994,16.401559799999994
1317,651203100043542,218128420,2459935.7873119656,59935.2842014,16.5405273,0.0368329994,32768,zr,23.5119101,30.7224556,2.35299993,0.218999997,20221222284132,651,0x3,0x1,20.7199993,26.6092682,0.0800208598,0.0835209861,9.28758454e-05,30,1.36500001,2,0.878595713307855,59935.2842014,0.878595713307855,16.5405273,16.5405273
1318,651203100043542,218216643,2459936.669474999,59936.1664352,16.4686546,0.0362172723,32768,zr,23.5119097,30.7224585,2.96399999,0.32100001,20221223166331,651,0x3,0x1,20.7900009,26.5325165,0.0709253103,0.0979967713,7.15008355e-05,30,1.01199996,2,0.93872451562429,59936.1664352,0.93872451562429,16.4686546,16.4686546
1319,651203100043542,218219734,2459936.700386795,59936.1973495,16.6874542,0.0382090323,32768,zr,23.5119267,30.7224424,2.03699994,0.129999995,20221223197326,651,0x3,0x1,21.1800003,27.1837158,0.191118136,0.0689814314,0.000520015135,30,1.05200005,2,0.767393859929679,59936.1973495,0.767393859929679,16.687454199999998,16.687454199999998
1320,651203100043542,218219829,2459936.70133582,59936.1982986,16.5951405,0.0373253897,32768,zr,23.5119482,30.7224374,3.19799995,0.230000004,20221223198287,651,0x3,0x1,21.1700001,27.053215,0.150535569,0.0696546435,0.000322193984,30,1.05299997,1,0.8354948937829282,59936.1982986,0.8354948937829282,16.595140500000007,16.595140500000007
1321,651203100043542,218315442,2459937.65738095,59937.1544213,16.4524193,0.0360830501,32768,zr,23.5119269,30.7224137,2.9690001,0.234999999,20221224154387,651,0x3,0x1,21.1399994,26.8472004,0.0621159114,0.0992044881,5.47070922e-05,30,1.005,2,0.9528669855618102,59937.1544213,0.9528669855618102,16.452419299999995,16.452419299999995
1322,651203100043542,218321638,2459937.7193434737,59937.2163889,16.4425869,0.0360026062,32768,zr,23.5119344,30.7224406,2.3499999,0.244000003,20221224216134,651,0x3,0x1,21.2900009,26.9861679,0.0870897174,0.0945181772,0.000108129578,30,1.09899998,2,0.9615353160768245,59937.2163889,0.9615353160768245,16.442586900000002,16.442586900000002
1323,651203100043542,218820850,2459942.711043807,59942.2085069,16.5007267,0.036487624,32768,zr,23.5119411,30.7224236,3.40799999,0.263999999,20221229208507,651,0x3,0x1,20.7800007,26.7455959,0.0851201043,0.0909815654,0.000102930251,30,1.11500001,1,0.9114006206615749,59942.2085069,0.9114006206615749,16.500726699999994,16.500726699999994
1324,651203100043542,219724364,2459951.7453829073,59951.2436458,16.3973656,0.0356407054,0,zr,23.5118912,30.7224434,1.99399996,0.0649999976,20230107243646,651,0x3,0x1,19.7600002,26.3221912,0.0359317921,0.0935465768,1.87686783e-05,30,1.38499999,2,1.0024293180905357,59951.2436458,1.0024293180905357,16.397365599999993,16.397365599999993
1325,651203100043542,219733108,2459951.8328170646,59951.331088,16.1833572,0.034093909,32768,zr,23.5120699,30.722376,0.723999977,-0.162,20230107330764,651,0x3,0x1,17.8600006,26.1604977,0.0656958967,0.10975498,0.000297825987,30,2.69700003,2,1.2208354173448877,59951.331088,1.2208354173448877,16.183357199999996,16.183357199999996
1326,651203100043542,220315935,2459957.660542784,59957.1593519,16.4382477,0.0359673128,32768,zr,23.5119295,30.7224307,2.16400003,0.0930000022,20230113159294,651,0x3,0x1,18.2700005,26.4208813,0.0676118359,0.0737828836,9.95677619e-05,30,1.09300005,2,0.9653858301667078,59957.1593519,0.9653858301667078,16.438247699999998,16.438247699999998
1327,651203100043542,220320121,2459957.702402243,59957.2012153,16.3563633,0.0353236832,0,zr,23.5119266,30.7224196,2.72199988,0.0659999996,20230113200995,651,0x3,0x1,20.1800003,26.2768154,0.0349683501,0.088796474,1.75460227e-05,30,1.23899996,2,1.0410094693310736,59957.2012153,1.0410094693310736,16.356363300000005,16.356363300000005
1328,651203100043542,220415664,2459958.657741023,59958.1566435,16.5261612,0.0367070548,32768,zr,23.5119479,30.7224566,2.43400002,0.328000009,20230114156644,651,0x3,0x1,21.0799999,26.9081535,0.0790734291,0.0853569582,8.93791803e-05,30,1.09300005,1,0.8902982505878758,59958.1566435,0.8902982505878758,16.526161199999997,16.526161199999997
1329,651203100043542,221124616,2459965.7465959676,59965.246169,16.2935448,0.0348576047,0,zr,23.5119055,30.7224377,1.28900003,-0.00200000009,20230121245984,651,0x3,0x1,19.6900005,26.2591362,0.038344007,0.0962642133,2.0936317e-05,30,1.76199996,2,1.1030166800950603,59965.246169,1.1030166800950603,16.2935448,16.2935448
1330,651203100043542,221214524,2459966.645584602,59966.1452431,16.3087082,0.0349679925,0,zr,23.5119135,30.722432,2.25699997,0.00800000038,20230122145243,651,0x3,0x1,20.2299995,26.4198341,0.0345171578,0.0895076618,1.67872895e-05,30,1.12199998,2,1.0877190131614844,59966.1452431,1.0877190131614844,16.308708200000005,16.308708200000005
1331,651203100043542,221214619,2459966.64653351,59966.1461921,16.3259201,0.0350949131,0,zr,23.5119083,30.7224328,2.58500004,0.0430000015,20230122146181,651,0x3,0x1,20.2800007,26.3480434,0.0393626429,0.0903610736,2.18364803e-05,30,1.12399995,1,1.070611637908196,59966.1461921,1.070611637908196,16.325920099999998,16.325920099999998
1332,651203100043542,221216068,2459966.661022925,59966.1606829,16.3868942,0.035558749,0,zr,23.5119325,30.7224523,1.95500004,0.0410000011,20230122160683,651,0x3,0x1,20.4500008,26.4915886,0.0409585014,0.0848869681,2.40128102e-05,30,1.17299998,2,1.0121440350727435,59966.1606829,1.0121440350727435,16.386894199999993,16.386894199999993
1333,651203100043542,221415804,2459968.658193849,59968.158044,16.4310226,0.0359088108,0,zr,23.5119092,30.7224239,2.69899988,0.116999999,20230124158032,651,0x3,0x1,20.7099991,26.6131096,0.0437036417,0.0866334885,2.72065645e-05,30,1.18299997,2,0.9718314736986623,59968.158044,0.9718314736986623,16.4310226,16.4310226
1334,651203100043542,221419645,2459968.6966044623,59968.1964583,16.342083,0.0352156796,0,zr,23.5119177,30.7224578,1.602,0.00499999989,20230124196447,651,0x3,0x1,20.1700001,26.381897,0.0397530831,0.0854747295,2.26644752e-05,30,1.38,2,1.0547919338016054,59968.1964583,1.0547919338016054,16.342082999999995,16.342082999999995
1335,651203100043542,221419739,2459968.69754187,59968.1973958,16.2987061,0.0348950326,0,zr,23.5119232,30.7224083,1.01400006,-0.0219999999,20230124197396,651,0x3,0x1,20.0,26.3654499,0.0366510898,0.0842477754,1.92063198e-05,30,1.38600004,1,1.097785676577411,59968.1973958,1.097785676577411,16.298706099999997,16.298706099999997
1336,651203100043542,221614609,2459970.646060118,59970.1460995,16.3339005,0.0351543464,0,zr,23.5118971,30.7224505,0.925999999,-0.00499999989,20230126146088,651,0x3,0x1,20.1100006,26.3717213,0.0350081883,0.0891240835,1.7481736e-05,30,1.15999997,1,1.0627712563656437,59970.1460995,1.0627712563656437,16.33390049999999,16.33390049999999
1337,651203100043542,221819895,2459972.6987237777,59972.1989583,16.3979359,0.0356451869,0,zr,23.5119043,30.7224693,2.25200009,0.0930000022,20230128198854,651,0x3,0x1,20.1900005,26.3788967,0.0376561508,0.0830114931,2.02180581e-05,30,1.47800004,1,1.0019029146045744,59972.1989583,1.0019029146045744,16.3979359,16.3979359
1338,651203100043542,221820037,2459972.7001357414,59972.2003704,16.3661423,0.0353983492,32768,zr,23.5119211,30.7224265,2.7249999,0.136999995,20230128200370,651,0x3,0x1,20.2800007,26.4060955,0.0590711497,0.0833544359,4.99215894e-05,30,1.49000001,2,1.0316754117838407,59972.2003704,1.0316754117838407,16.3661423,16.3661423
1339,651203100043542,221825465,2459972.754412933,59972.2546528,16.4199829,0.0358200669,0,zr,23.5119148,30.7224154,2.04699993,0.0549999997,20230128254352,651,0x3,0x1,19.8400002,26.2518921,0.0351987481,0.0885475278,1.78144692e-05,30,2.20900011,2,0.9817634053596861,59972.2546528,0.9817634053596861,16.4199829,16.4199829
1340,651203100043542,222418223,2459978.681434811,59978.1822338,16.3876991,0.0355650336,32768,zr,23.5119516,30.7224404,0.975000024,0.00700000022,20230203182222,651,0x3,0x1,18.0400009,25.3545589,0.0451298766,0.0949740484,9.90468398e-05,30,1.47599995,2,1.0113939699747323,59978.1822338,1.0113939699747323,16.3876991,16.3876991
1341,651203100043542,222612050,2459980.6195295393,59980.1205093,16.4771805,0.0362884551,32768,zr,23.5119336,30.7224314,2.91799998,0.280999988,20230205120486,651,0x3,0x1,20.7000008,26.8419514,0.0937749445,0.0875941738,0.000126343206,30,1.16600001,2,0.9313819132500306,59980.1205093,0.9313819132500306,16.477180499999996,16.477180499999996
1342,651203100043542,222624023,2459980.7392405006,59980.2402315,16.4437866,0.0360123888,0,zr,23.5119245,30.7224485,1.85399997,0.137999997,20230205240174,651,0x3,0x1,19.6900005,26.2454243,0.038120281,0.0906548202,2.12002396e-05,30,2.375,1,0.9604734404294671,59980.2402315,0.9604734404294671,16.443786600000003,16.443786600000003
1343,651203100043542,222624120,2459980.74021261,59980.2412037,16.4258957,0.0358674973,0,zr,23.5119419,30.7224401,1.87399995,0.101000004,20230205241181,651,0x3,0x1,19.6000004,26.2275181,0.0443319231,0.0941752046,2.83707122e-05,30,2.39899993,2,0.9764313618333553,59980.2412037,0.9764313618333553,16.425895700000005,16.425895700000005
1344,651203100043542,222713451,2459981.633440054,59981.1345139,16.397789,0.0356440358,0,zr,23.5119407,30.7224408,1.96700001,0.0480000004,20230206134329,651,0x3,0x1,19.7900009,26.3204918,0.0336838365,0.081396535,1.62799824e-05,30,1.23399997,2,1.0020384811396612,59981.1345139,1.0020384811396612,16.397788999999996,16.397788999999996
1345,651203100043542,222814414,2459982.6429763664,59982.1441435,16.3431721,0.0352238789,0,zr,23.5119301,30.7224293,1.90100002,-0.00300000003,20230207144120,651,0x3,0x1,19.6800003,26.3168507,0.0383604057,0.0968808904,2.12431478e-05,30,1.29499996,2,1.0537344044347252,59982.1441435,1.0537344044347252,16.343172099999997,16.343172099999997
1346,651203100043542,222818616,2459982.684997952,59982.186169,16.3016243,0.0349162593,0,zr,23.5119133,30.7224133,1.22099996,-0.00200000009,20230207186157,651,0x3,0x1,19.3299999,26.2821922,0.0406950526,0.0914704874,2.65152776e-05,30,1.60899997,2,1.0948390521563798,59982.186169,1.0948390521563798,16.301624300000007,16.301624300000007
1347,651203100043542,222915355,2459983.6522932155,59983.1535532,16.434166,0.035934221,0,zr,23.5119105,30.7224196,2.52900004,0.165000007,20230208153484,651,0x3,0x1,20.3199997,26.4228668,0.0386707522,0.0925627798,2.15181753e-05,30,1.36699998,2,0.9690219172608735,59983.1535532,0.9690219172608735,16.434165999999998,16.434165999999998
1348,651203100043542,222915452,2459983.6532654287,59983.1545255,16.379961,0.0355048627,32768,zr,23.5119459,30.7224349,2.45600009,0.150999993,20230208154502,651,0x3,0x1,20.2099991,26.3726292,0.050334245,0.0871270299,3.64996158e-05,30,1.37399995,1,1.0186279768474515,59983.1545255,1.0186279768474515,16.379961,16.379961
1349,651203100043542,222921971,2459983.71844448,59983.2197106,16.372963,0.0354507789,32768,zr,23.5118932,30.7224518,0.80400002,-0.00800000038,20230208219306,651,0x3,0x1,18.8199997,26.0285072,0.0499146543,0.0905730799,5.95533602e-05,30,2.11199999,2,1.0252146417607424,59983.2197106,1.0252146417607424,16.37296299999999,16.37296299999999
1350,651203100043542,223011006,2459984.608721885,59984.1100694,16.3814468,0.0355163924,32768,zr,23.5119142,30.7224291,2.18700004,0.0599999987,20230209110058,651,0x3,0x1,20.3799992,26.4401283,0.0497994013,0.0822424218,3.51499366e-05,30,1.16700006,2,1.0172349659691535,59984.1100694,1.0172349659691535,16.3814468,16.3814468
1351,651203100043542,223115675,2459985.65531641,59985.1567593,16.3274307,0.0351061299,0,zr,23.5118759,30.7224415,2.05999994,0.0109999999,20230210156597,651,0x3,0x1,20.0200005,26.3311443,0.0363201872,0.091529727,1.89056118e-05,30,1.42700005,2,1.069123116670395,59985.1567593,1.069123116670395,16.3274307,16.3274307
1352,651203100043542,223115771,2459985.656276927,59985.1577199,16.3442707,0.0352321453,0,zr,23.5119379,30.7224498,2.41199994,0.0359999985,20230210157708,651,0x3,0x1,20.1200008,26.3240795,0.0314744189,0.0883319303,1.4207616e-05,30,1.43400002,1,1.0526687246360673,59985.1577199,1.0526687246360673,16.344270700000003,16.344270700000003
1353,651203100043542,223322548,2459987.723856323,59987.2254861,16.2842216,0.0347903855,0,zr,23.5118789,30.7224309,0.958000004,-0.00100000005,20230212225301,651,0x3,0x1,19.2800007,26.1536903,0.0466046222,0.0895060152,3.69013469e-05,30,2.48600006,2,1.112529050106121,59987.2254861,1.112529050106121,16.284221600000002,16.284221600000002
1354,651203100043542,223716214,2459991.6601626496,59991.1621412,16.3282547,0.0351122543,0,zr,23.5118941,30.7224475,0.529999971,0.00300000003,20230216162141,651,0x3,0x1,19.7399998,26.2400436,0.0387199745,0.0855682343,2.16598546e-05,30,1.61500001,2,1.0683120326930877,59991.1621412,1.0683120326930877,16.328254699999995,16.328254699999995
1355,651203100043542,223717415,2459991.6721754903,59991.1741551,16.3697567,0.0354260989,0,zr,23.5119324,30.7224514,1.64600003,0.0170000009,20230216174155,651,0x3,0x1,19.7299995,26.1755962,0.03732251,0.100778855,2.0069283e-05,30,1.74899995,1,1.0282466896251763,59991.1741551,1.0282466896251763,16.369756700000003,16.369756700000003
1356,651203100043542,223815300,2459992.650944488,59992.1530093,16.3506794,0.0352805518,32768,zr,23.5119239,30.722452,1.13100004,0.0260000005,20230217152847,651,0x3,0x1,18.7399998,25.5564766,0.0459397323,0.0746513456,5.65291593e-05,30,1.55299997,2,1.046473511778366,59992.1530093,1.046473511778366,16.350679399999997,16.350679399999997
1357,651203100043542,223916255,2459993.660405873,59993.1625579,16.4226074,0.0358410962,32768,zr,23.511958,30.7224795,0.643000007,-0.0120000001,20230218162558,651,0x3,0x1,18.5400009,25.5473671,0.0468024649,0.0658981577,7.37430455e-05,30,1.67700005,2,0.9793930999763674,59993.1625579,0.9793930999763674,16.422607399999997,16.422607399999997
1358,651203100043542,224015512,2459994.6528902417,59994.1551273,16.4143372,0.0357749909,0,zr,23.5119438,30.7224268,2.27800012,0.0560000017,20230219155127,651,0x3,0x1,20.2099991,26.3063698,0.0365235023,0.0773198456,1.89812872e-05,30,1.62699997,1,0.9868817549595819,59994.1551273,0.9868817549595819,16.4143372,16.4143372
1359,651203100043542,225912826,2460013.6245698356,60013.1282639,16.3523636,0.0352933109,0,zr,23.5119442,30.7224151,1.24399996,0.050999999,20230310128264,651,0x3,0x1,19.5,26.0059547,0.0427386872,0.0997055471,2.67476789e-05,30,1.94700003,2,1.0448514746663797,60013.1282639,1.0448514746663797,16.352363599999997,16.352363599999997
1360,651203100043542,225913070,2460013.6270117695,60013.130706,16.386097,0.0355525464,32768,zr,23.5119227,30.7224362,1.71099997,0.104000002,20230310130706,651,0x3,0x1,19.3199997,25.8567429,0.0451137833,0.114423543,3.21854131e-05,30,1.98699999,2,1.0128874730453654,60013.130706,1.0128874730453654,16.386097,16.386097
1361,651203100043542,225913314,2460013.629453701,60013.1331481,16.4040394,0.0356932953,0,zr,23.5118985,30.7224135,1.18799996,0.0769999996,20230310133137,651,0x3,0x1,19.5,25.9597244,0.0410377607,0.0940120593,2.50306548e-05,30,2.02800012,2,0.9962864873160533,60013.1331481,0.9962864873160533,16.404039399999995,16.404039399999995
1362,651203100043542,225913559,2460013.631895735,60013.1355903,16.4309292,0.0359080583,0,zr,23.5119016,30.7224152,2.56500006,0.147,20230310135590,651,0x3,0x1,19.7600002,26.0886555,0.0373165011,0.0885726959,2.00184732e-05,30,2.0710001,2,0.9719150786881094,60013.1355903,0.9719150786881094,16.4309292,16.4309292
1363,651203100043542,225913803,2460013.634337672,60013.1380324,16.4154205,0.0357836299,0,zr,23.5119277,30.7224535,2.88199997,0.128999993,20230310138032,651,0x3,0x1,19.7600002,26.1251163,0.0381705537,0.101173997,2.06812401e-05,30,2.11599994,2,0.9858975786626757,60013.1380324,0.9858975786626757,16.415420500000003,16.415420500000003
1364,651203100043542,226611959,2460020.6154620866,60020.1195949,16.4307842,0.0359068848,32768,zr,23.5119481,30.722456,2.11800003,0.0989999995,20230317119595,651,0x3,0x1,19.4899998,26.2665691,0.0472729467,0.0815646201,3.26633235e-05,30,2.12899995,2,0.9720448865518055,60020.1195949,0.9720448865518055,16.430784199999998,16.430784199999998
1365,651203100043542,226612196,2460020.6178346453,60020.1219676,16.3831253,0.0355294272,32768,zr,23.5119414,30.7224589,2.2980001,0.101000004,20230317121968,651,0x3,0x1,19.7399998,26.2708263,0.0509157814,0.0877367854,3.75736126e-05,30,2.17600012,2,1.0156635808038617,60020.1219676,1.0156635808038617,16.383125299999996,16.383125299999996
1366,651203100043542,226612435,2460020.6202188022,60020.1243519,16.3910713,0.0355913602,0,zr,23.5119378,30.7224371,2.26399994,0.120999999,20230317124340,651,0x3,0x1,19.8500004,26.2867985,0.0406317115,0.0787429139,2.37352542e-05,30,2.2249999,2,1.008257543589953,60020.1243519,1.008257543589953,16.3910713,16.3910713
1367,651203100043542,226612673,2460020.6226028614,60020.1267361,16.413559,0.0357687958,32768,zr,23.5119391,30.722465,2.27399993,0.0820000023,20230317126736,651,0x3,0x1,19.8799992,26.2263393,0.0492179729,0.0801613778,3.49462462e-05,30,2.27600002,2,0.9875893547177129,60020.1267361,0.9875893547177129,16.413559,16.413559
1368,651203100043542,226612910,2460020.6249754196,60020.1291088,16.4094467,0.0357361138,32768,zr,23.5119294,30.7224491,2.35299993,0.116999999,20230317129097,651,0x3,0x1,19.9500008,26.2852287,0.045158267,0.0809121355,2.93709818e-05,30,2.32999992,2,0.9913370095917133,60020.1291088,0.9913370095917133,16.409446699999997,16.409446699999997
1369,651203100043542,226712012,2460021.6159367072,60021.1201273,16.4513683,0.0360744186,0,zr,23.5118942,30.7224315,2.19799995,0.0439999998,20230318120116,651,0x3,0x1,19.2099991,26.1481876,0.0506617539,0.0947132185,4.39274991e-05,30,2.19400001,2,0.9537898138376336,60021.1201273,0.9537898138376336,16.451368300000006,16.451368300000006
1370,651203100043542,226712249,2460021.6183092697,60021.1225,16.4258995,0.0358675271,32768,zr,23.5119458,30.7224011,1.35899997,0.0469999984,20230318122500,651,0x3,0x1,18.9300003,25.863699,0.08956974,0.101617306,0.000174573215,30,2.24300003,2,0.9764279443985595,60021.1225,0.9764279443985595,16.425899500000007,16.425899500000007
1371,651203100043542,226712487,2460021.620681834,60021.1248727,16.4406471,0.0359868184,32768,zr,23.5119248,30.7224619,1.06599998,0.0160000008,20230318124873,651,0x3,0x1,19.1599998,25.9214764,0.0668194816,0.09516415,8.07126999e-05,30,2.296,2,0.9632547515915197,60021.1248727,0.9632547515915197,16.4406471,16.4406471
1372,651203100043542,226712725,2460021.623065895,60021.1272569,16.4099388,0.0357400179,0,zr,23.5119423,30.7224392,1.74600005,0.0270000007,20230318127257,651,0x3,0x1,19.3199997,26.0507221,0.0481966287,0.104679249,3.57119716e-05,30,2.35100007,2,0.9908877969715847,60021.1272569,0.9908877969715847,16.4099388,16.4099388
1373,651203100043542,226712964,2460021.6254500556,60021.1296412,16.366951,0.0354045555,0,zr,23.5119145,30.7224559,1.30299997,0.0260000005,20230318129630,651,0x3,0x1,19.4899998,26.1096668,0.0450897999,0.0971199423,3.01105501e-05,30,2.40799999,2,1.0309072645460966,60021.1296412,1.0309072645460966,16.366950999999993,16.366950999999993
1374,651203100043542,233847446,2460092.970026688,60092.4744676,16.3589516,0.0353433862,0,zr,23.5119393,30.7224278,2.97199988,0.275000006,20230528474375,651,0x3,0x1,20.1399994,26.1591606,0.0492854826,0.109438442,3.5452802e-05,30,2.67499995,1,1.0385307496493812,60092.4744676,1.0385307496493812,16.358951600000005,16.358951600000005
1375,651203100043542,233847686,2460092.9724226133,60092.4768634,16.4010925,0.035670042,32768,zr,23.5118957,30.7224218,3.28999996,0.25,20230528476817,651,0x3,0x1,20.1100006,26.1743908,0.0581033528,0.101264834,4.93441185e-05,30,2.60299993,1,0.998994276393698,60092.4768634,0.998994276393698,16.401092499999997,16.401092499999997
1376,651203100043542,233847925,2460092.974818633,60092.4792593,16.3340874,0.0351557434,0,zr,23.5119432,30.7224162,2.34599996,0.312000006,20230528479213,651,0x3,0x1,19.9599991,26.1622429,0.0498631373,0.108189255,3.65139858e-05,30,2.53500009,1,1.062588325326255,60092.4792593,1.062588325326255,16.33408740000001,16.33408740000001
1377,651203100043542,233848165,2460092.9772145567,60092.4816551,16.4268208,0.0358749405,0,zr,23.5119178,30.7224312,2.51900005,0.232999995,20230528481620,651,0x3,0x1,19.7900009,26.206171,0.0454117022,0.112812042,3.03019951e-05,30,2.47000003,1,0.9755997492079117,60092.4816551,0.9755997492079117,16.426820799999994,16.426820799999994
1378,651203100043542,233848405,2460092.9796104804,60092.4840509,16.4333553,0.0359276608,0,zr,23.5118969,30.7224471,2.36599994,0.224000007,20230528484005,651,0x3,0x1,19.4899998,26.1577301,0.0427355506,0.0994719565,2.83418485e-05,30,2.40899992,1,0.9697457389677464,60092.4840509,0.9697457389677464,16.433355299999995,16.433355299999995
1379,651203100043542,233947259,2460093.9682022207,60093.4725926,16.3652382,0.0353914276,0,zr,23.5119437,30.722443,1.86600006,0.145999998,20230529472512,651,0x3,0x1,20.2299995,26.2744827,0.0459899828,0.105569258,3.10127652e-05,30,2.64899993,1,1.0325348527715197,60093.4725926,1.0325348527715197,16.3652382,16.3652382
1380,651203100043542,233947452,2460093.9701352236,60093.4745255,16.4251804,0.0358617492,0,zr,23.5119192,30.7224706,3.06100011,0.180000007,20230529474514,651,0x3,0x1,20.2000008,26.2405567,0.0510513894,0.0972200781,3.77590404e-05,30,2.59100008,1,0.9770748620432973,60093.4745255,0.9770748620432973,16.425180399999995,16.425180399999995
1381,651203100043542,233947689,2460093.972507947,60093.4768981,16.3734818,0.0354547761,0,zr,23.5119263,30.7224393,2.80900002,0.277999997,20230529476887,651,0x3,0x1,20.0699997,26.1477547,0.0457458384,0.100516446,3.03666729e-05,30,2.5250001,1,1.0247248779498148,60093.4768981,1.0247248779498148,16.3734818,16.3734818
1382,651203100043542,233947927,2460093.9748807726,60093.4792708,16.3757591,0.0354723595,0,zr,23.5119061,30.722452,2.80599999,0.30399999,20230529479259,651,0x3,0x1,20.0,26.1420441,0.054989513,0.106067725,4.42829987e-05,30,2.46099997,1,1.0225777999309449,60093.4792708,1.0225777999309449,16.375759100000003,16.375759100000003
1383,651203100043542,233948163,2460093.977241996,60093.4816319,16.3961258,0.0356309637,0,zr,23.5119085,30.7224163,2.11599994,0.192000002,20230529481632,651,0x3,0x1,19.5900002,26.1194592,0.0431839749,0.0999321118,2.79718988e-05,30,2.40100002,1,1.0035746439215032,60093.4816319,1.0035746439215032,16.3961258,16.3961258
1384,651203100043542,234047115,2460094.9668188593,60094.4711574,16.4500866,0.0360639021,32768,zr,23.5120042,30.7224129,2.34200001,0.244000003,20230530471088,651,0x3,0x1,20.3899994,26.365551,0.0576676279,0.106817223,4.90694219e-05,30,2.6099999,1,0.954916417372516,60094.4711574,0.954916417372516,16.4500866,16.4500866
1385,651203100043542,234047351,2460094.9691800904,60094.4735185,16.3892365,0.0355770215,0,zr,23.51193,30.722438,2.2249999,0.182999998,20230530473519,651,0x3,0x1,20.2700005,26.2195759,0.0434404463,0.100976825,2.76533192e-05,30,2.54200006,1,1.0099628518794466,60094.4735185,1.0099628518794466,16.389236500000003,16.389236500000003
1386,651203100043542,234047589,2460094.971552918,60094.4758912,16.4063721,0.0357117467,0,zr,23.5119219,30.7224303,2.35299993,0.162,20230530475880,651,0x3,0x1,20.1499996,26.270752,0.0432880037,0.0959622338,2.79968808e-05,30,2.47799993,1,0.9941482674859949,60094.4758912,0.9941482674859949,16.40637209999999,16.40637209999999
1387,651203100043542,234047825,2460094.973914145,60094.4782523,16.3582726,0.0353382193,0,zr,23.5119322,30.7224525,1.88600004,0.214000002,20230530478252,651,0x3,0x1,20.0200005,26.2095566,0.0437238924,0.104570903,2.80417025e-05,30,2.41700006,1,1.039180431330682,60094.4782523,1.039180431330682,16.3582726,16.3582726
1388,651203100043542,234048062,2460094.976286972,60094.480625,16.4062366,0.0357106701,0,zr,23.5119279,30.7224233,1.57500005,0.0930000022,20230530480625,651,0x3,0x1,19.7700005,26.2066269,0.0457771309,0.098028183,3.06273141e-05,30,2.35899997,1,0.9942723450434415,60094.480625,0.9942723450434415,16.406236599999993,16.406236599999993
1389,651203100043542,234347255,2460097.968382777,60097.4725579,16.4274178,0.0358797461,32768,zr,23.5119039,30.7224502,2.14499998,0.136999995,20230602472546,651,0x3,0x1,20.3199997,26.2588406,0.0533524714,0.0955792665,4.16595103e-05,30,2.35599995,1,0.9750634560001067,60097.4725579,0.9750634560001067,16.427417799999994,16.427417799999994
1390,651203100043542,234347497,2460097.970801915,60097.4749769,16.3895321,0.0355793349,0,zr,23.5119207,30.7224179,2.94199991,0.153999999,20230602474965,651,0x3,0x1,20.1599998,26.1908875,0.0438977368,0.0973137543,2.81670582e-05,30,2.29999995,1,1.0096879191832562,60097.4749769,1.0096879191832562,16.389532100000004,16.389532100000004
1391,651203100043542,234347740,2460097.9732325547,60097.4774074,16.371624,0.035440471,32768,zr,23.5119211,30.7224248,2.94499993,0.167999998,20230602477396,651,0x3,0x1,20.0100002,26.1959496,0.0693210736,0.0936873779,6.97615324e-05,30,2.24600005,1,1.0264797826273715,60097.4774074,1.0264797826273715,16.371624000000004,16.371624000000004
1392,651203100043542,234347982,2460097.975651694,60097.4798264,16.3779716,0.035489466,32768,zr,23.5119137,30.7224365,2.82200003,0.287,20230602479826,651,0x3,0x1,19.9599991,26.1843166,0.0548676476,0.0962477103,4.35319707e-05,30,2.1960001,1,1.0204961250844,60097.4798264,1.0204961250844,16.377971600000002,16.377971600000002
1393,651203100043542,234348225,2460097.978082333,60097.4822569,16.4118824,0.0357554555,0,zr,23.5119176,30.722438,2.61100006,0.282000005,20230602482245,651,0x3,0x1,19.8199997,26.1882973,0.0419412851,0.101398803,2.59444096e-05,30,2.14700007,1,0.9891155738905697,60097.4822569,0.9891155738905697,16.411882400000003,16.411882400000003
1394,651203100043542,234447313,2460098.9690184267,60098.4731366,16.4351654,0.0359423123,0,zr,23.5119282,30.7224357,1.93400002,0.210999995,20230603473125,651,0x3,0x1,19.6100006,26.1464806,0.0400624163,0.101012692,2.37756358e-05,30,2.27999997,1,0.9681303609870271,60098.4731366,0.9681303609870271,16.435165399999995,16.435165399999995
1395,651203100043542,234447555,2460098.971437569,60098.4755556,16.4401112,0.0359824523,0,zr,23.5119261,30.7224849,2.06800008,0.126000002,20230603475544,651,0x3,0x1,19.5599995,26.1564426,0.0416193604,0.098940067,2.57045303e-05,30,2.22799993,1,0.9637303142886646,60098.4755556,0.9637303142886646,16.440111199999997,16.440111199999997
1396,651203100043542,234447798,2460098.97386821,60098.4779861,16.3609467,0.0353586078,32768,zr,23.5119503,30.7224155,2.454,0.213,20230603477975,651,0x3,0x1,19.6700001,26.1551189,0.053039778,0.0967380181,4.11819638e-05,30,2.17799997,1,1.0366241445521729,60098.4779861,1.0366241445521729,16.360946699999992,16.360946699999992
1397,651203100043542,234448041,2460098.9762989515,60098.4804167,16.4078674,0.0357235856,0,zr,23.5119589,30.7224459,2.31999993,0.199000001,20230603480405,651,0x3,0x1,19.6000004,26.186142,0.0449718274,0.103421047,2.94291603e-05,30,2.13000011,1,0.9927800468142631,60098.4804167,0.9927800468142631,16.407867400000008,16.407867400000008
1398,651203100043542,234547313,2460099.9690765524,60099.4731366,16.415823,0.0357868411,0,zr,23.5119515,30.7224332,1.49199998,0.122000001,20230604473137,651,0x3,0x1,19.4500008,26.1249924,0.0413141474,0.0957773998,2.64249484e-05,30,2.22099996,1,0.9855321581965838,60099.4731366,0.9855321581965838,16.415822999999996,16.415822999999996
1399,651203100043542,234547550,2460099.971449396,60099.4755093,16.4107971,0.0357468352,0,zr,23.5119195,30.7224497,2.5079999,0.187999994,20230604475509,651,0x3,0x1,19.4599991,26.1559601,0.0472737476,0.093246907,3.36235062e-05,30,2.17199993,1,0.9901047864031219,60099.4755093,0.9901047864031219,16.410797100000003,16.410797100000003
1400,651203100043542,234547789,2460099.9738337374,60099.4778935,16.4561043,0.0361133628,0,zr,23.5119387,30.7224471,2.44799995,0.182999998,20230604477882,651,0x3,0x1,19.4599991,26.1503639,0.0408982038,0.0964721888,2.46453819e-05,30,2.12599993,1,0.9496384270570396,60099.4778935,0.9496384270570396,16.4561043,16.4561043
1401,651203100043542,234548025,2460099.9761949796,60099.4802546,16.4315796,0.0359133035,0,zr,23.511921,30.7224375,2.03200006,0.167999998,20230604480255,651,0x3,0x1,19.3799992,26.1627903,0.0468977131,0.101873815,3.53715259e-05,30,2.08200002,1,0.9713330365075189,60099.4802546,0.9713330365075189,16.4315796,16.4315796
1402,651203100043542,234647192,2460100.9679205013,60100.4719213,16.4799728,0.036311876,0,zr,23.5118957,30.7224474,2.46799994,0.216999993,20230605471910,651,0x3,0x1,19.8299999,26.2193069,0.0337479226,0.0958521068,1.66093232e-05,30,2.19000006,1,0.9289896596542444,60100.4719213,0.9289896596542444,16.479972800000006,16.479972800000006
1403,651203100043542,234647428,2460100.970281743,60100.4742824,16.4476948,0.036044322,0,zr,23.511938,30.7224386,2.42000008,0.182999998,20230605474282,651,0x3,0x1,19.8700008,26.2919712,0.0408542939,0.0903821066,2.42452588e-05,30,2.14299989,1,0.9570223493995439,60100.4742824,0.9570223493995439,16.4476948,16.4476948
1404,651203100043542,234647665,2460100.972654588,60100.4766551,16.4053802,0.0357038975,32768,zr,23.511933,30.7224448,2.20700002,0.246999994,20230605476644,651,0x3,0x1,19.7900009,26.1975746,0.0657016039,0.0904053673,6.24294189e-05,30,2.09800005,1,0.9950569101515845,60100.4766551,0.9950569101515845,16.405380200000003,16.405380200000003
1405,651203100043542,234647901,2460100.975015832,60100.4790162,16.4743214,0.036264535,0,zr,23.5119273,30.7224394,2.37400007,0.162,20230605479016,651,0x3,0x1,19.6900005,26.2086582,0.0455338694,0.0897210017,3.04562527e-05,30,2.05500007,1,0.9338377798405707,60100.4790162,0.9338377798405707,16.4743214,16.4743214
1406,651203100043542,234648138,2460100.977388675,60100.4813889,16.4043236,0.0356955417,0,zr,23.511963,30.7224475,2.76999998,0.287,20230605481377,651,0x3,0x1,19.6800003,26.2485161,0.0459698737,0.0945687965,3.09888201e-05,30,2.01399994,1,0.9960257356122548,60100.4813889,0.9960257356122548,16.404323600000005,16.404323600000005
1407,651203100043542,234747201,2460101.9680736,60101.4720139,16.3601742,0.0353527144,0,zr,23.5119519,30.7224043,0.875999987,0.00600000005,20230606472002,651,0x3,0x1,19.2700005,26.1294861,0.0459839292,0.0942922384,3.60707454e-05,30,2.13400006,1,1.037361963828219,60101.4720139,1.037361963828219,16.360174199999996,16.360174199999996
1408,651203100043542,234747438,2460101.9704464492,60101.4743866,16.3250332,0.0350883305,0,zr,23.5119222,30.7224153,1.17799997,0.0130000003,20230606474375,651,0x3,0x1,19.1800003,26.13727,0.0505016483,0.102073945,4.51084707e-05,30,2.08899999,1,1.0714865404676008,60101.4743866,1.0714865404676008,16.3250332,16.3250332
1409,651203100043542,234747675,2460101.9728192957,60101.4767593,16.3537846,0.0353040881,0,zr,23.5119327,30.7224517,0.72299999,0.00999999978,20230606476748,651,0x3,0x1,19.1800003,26.1550884,0.0465209037,0.0881562084,3.86197935e-05,30,2.04699993,1,1.0434848786546231,60101.4767593,1.0434848786546231,16.353784600000004,16.353784600000004
1410,651203100043542,234747913,2460101.975192043,60101.4791319,16.3710403,0.0354359709,0,zr,23.5119367,30.7224558,0.83099997,0.0189999994,20230606479120,651,0x3,0x1,19.1200008,26.1543808,0.0428911708,0.0883664116,3.30937255e-05,30,2.00600004,1,1.0270317742905681,60101.4791319,1.0270317742905681,16.371040299999997,16.371040299999997
1411,651203100043542,234748150,2460101.977564889,60101.4815046,16.3537064,0.0353034921,0,zr,23.5119636,30.7224522,1.28799999,0.0370000005,20230606481493,651,0x3,0x1,19.1100006,26.1730156,0.0419251025,0.0852209032,3.42787753e-05,30,1.96599996,1,1.0435600382153536,60101.4815046,1.0435600382153536,16.3537064,16.3537064
1412,651203100043542,234847131,2460102.9674407193,60102.4713194,16.1526604,0.0338926464,32768,zr,23.5118672,30.7224526,0.529999971,0.0320000015,20230607471319,651,0x3,0x1,17.2600002,24.2555923,0.297868609,0.173042536,0.0203776062,30,2.09500003,1,1.2558444192465517,60102.4713194,1.2558444192465517,16.152660399999995,16.152660399999995
1413,651203100043542,234847369,2460102.969813563,60102.4736921,16.3866844,0.0355571173,32768,zr,23.5119756,30.7223856,0.726000011,0.0390000008,20230607473681,651,0x3,0x1,17.4799995,24.39814,0.283897072,0.106833607,0.0126770725,30,2.05200005,1,1.0123396335387804,60102.4736921,1.0123396335387804,16.3866844,16.3866844
1414,651203100043542,234946980,2460103.9659872223,60103.4698032,16.428688,0.0358899832,32768,zr,23.5119242,30.7224651,0.999000013,0.0450000018,20230608469803,651,0x3,0x1,19.1299992,25.5511093,0.0480506234,0.0830055773,4.41304255e-05,30,2.07299995,1,0.9739233987699344,60103.4698032,0.9739233987699344,16.428688,16.428688
1415,651203100043542,234947216,2460103.9683485753,60103.4721644,16.4667473,0.03620141,32768,zr,23.5119158,30.7224334,1.34300005,0.151999995,20230608472153,651,0x3,0x1,19.1499996,25.4982986,0.0496022068,0.0774233639,4.93262596e-05,30,2.0309999,1,0.9403750112005322,60103.4721644,0.9403750112005322,16.4667473,16.4667473
1416,651203100043542,234947451,2460103.970698224,60103.4745139,16.4925632,0.0364181474,32768,zr,23.5119538,30.7224466,1.67799997,0.158999994,20230608474514,651,0x3,0x1,19.0799999,25.5201721,0.0526955053,0.0760194585,5.83051551e-05,30,1.99199998,1,0.9182791424947713,60103.4745139,0.9182791424947713,16.4925632,16.4925632
1417,651203100043542,234947687,2460103.9730594773,60103.476875,16.4838753,0.036344707,32768,zr,23.5119376,30.7224578,1.30499995,0.119999997,20230608476863,651,0x3,0x1,18.7800007,25.3404655,0.0535390377,0.0754668489,7.77155001e-05,30,1.95299995,1,0.9256565530390628,60103.476875,0.9256565530390628,16.4838753,16.4838753
1418,651203100043542,234947922,2460103.975409127,60103.4792245,16.5429382,0.036854282,32768,zr,23.5119673,30.7224133,0.890999973,0.0659999996,20230608479225,651,0x3,0x1,18.8400002,25.5366535,0.0437973477,0.0915512145,4.90031234e-05,30,1.91700006,1,0.8766469375602757,60103.4792245,0.8766469375602757,16.542938200000002,16.542938200000002
1419,651203100043542,235445901,2460108.955530115,60108.4590162,16.3191872,0.0350450575,0,zr,23.5119021,30.7224085,1.07799995,-0.0469999984,20230613459016,651,0x3,0x1,19.7099991,26.178442,0.0389846191,0.100555725,2.21192186e-05,30,2.023,1,1.0772713749283942,60108.4590162,1.0772713749283942,16.319187199999995,16.319187199999995
1420,651203100043542,235446104,2460108.957555752,60108.4610417,16.3457375,0.0352432057,0,zr,23.5119649,30.7224299,2.26300001,0.0359999985,20230613461030,651,0x3,0x1,19.7900009,26.1230564,0.0348222815,0.100334302,1.76819631e-05,30,1.98899996,1,1.0512475580945881,60108.4610417,1.0512475580945881,16.345737500000006,16.345737500000006
1421,651203100043542,235446306,2460108.9595812946,60108.4630671,16.363739,0.0353799462,0,zr,23.5119479,30.722433,2.14599991,0.133000001,20230613463056,651,0x3,0x1,20.1700001,26.2681026,0.0416899696,0.100559451,2.49931854e-05,30,1.95599997,1,1.033961576381161,60108.4630671,1.033961576381161,16.363739000000002,16.363739000000002
1422,651203100043542,235446509,2460108.9616069375,60108.4650926,16.3766975,0.0354796089,0,zr,23.5119302,30.7224204,2.70099998,0.157000005,20230613465081,651,0x3,0x1,20.1900005,26.2130947,0.0360083133,0.107759006,1.88285776e-05,30,1.92400002,1,1.0216943694641645,60108.4650926,1.0216943694641645,16.3766975,16.3766975
1423,651203100043542,235446711,2460108.963632576,60108.4671181,16.3538246,0.0353043973,0,zr,23.5119663,30.7224473,2.79699993,0.196999997,20230613467118,651,0x3,0x1,20.2199993,26.1871815,0.0403116941,0.101051018,2.36559463e-05,30,1.89300001,1,1.0434464359591495,60108.4671181,1.0434464359591495,16.353824600000003,16.353824600000003
1424,651203100043542,235546049,2460109.957081036,60109.4604977,16.4463806,0.0360335708,32768,zr,23.5119593,30.7224262,3.06299996,0.36500001,20230614460498,651,0x3,0x1,20.7800007,26.557827,0.0640818775,0.105321445,5.98260449e-05,30,1.95299995,1,0.9581814525583929,60109.4604977,0.9581814525583929,16.446380600000005,16.446380600000005
1425,651203100043542,235546246,2460109.959048778,60109.4624653,16.4575253,0.0361250713,32768,zr,23.511928,30.7224677,2.74399996,0.263999999,20230614462465,651,0x3,0x1,20.7199993,26.5729809,0.0663307831,0.105828732,6.41891165e-05,30,1.92200005,1,0.9483963633585206,60109.4624653,0.9483963633585206,16.457525300000007,16.457525300000007
1426,651203100043542,235546444,2460109.961028017,60109.4644444,16.4683285,0.0362145528,32768,zr,23.5119446,30.7224047,2.648,0.287,20230614464433,651,0x3,0x1,20.7900009,26.6268177,0.0765982792,0.0947432369,8.56674669e-05,30,1.89300001,1,0.9390065031263765,60109.4644444,0.9390065031263765,16.468328500000005,16.468328500000005
1427,651203100043542,235546641,2460109.962995757,60109.466412,16.4522972,0.0360820442,0,zr,23.5119395,30.722442,2.21099997,0.177000001,20230614466412,651,0x3,0x1,20.7399998,26.5357475,0.0489103049,0.10404367,3.51538838e-05,30,1.86399996,1,0.95297414934676,60109.466412,0.95297414934676,16.452297199999997,16.452297199999997
1428,651203100043542,235546837,2460109.964963497,60109.4683796,16.4927197,0.0364194699,32768,zr,23.5119244,30.7224703,2.96799994,0.272000015,20230614468380,651,0x3,0x1,20.8299999,26.6762505,0.101638936,0.101324022,0.000150759603,30,1.83599997,1,0.9181467896006639,60109.4683796,0.9181467896006639,16.492719700000002,16.492719700000002
1429,651203100043542,235646018,2460110.95683886,60110.4601852,16.3625317,0.0353707187,0,zr,23.5119385,30.7224336,1.829,0.0949999988,20230615460185,651,0x3,0x1,20.6200008,26.4087257,0.0367821679,0.108680934,1.9823714e-05,30,1.91600001,1,1.0351119443034902,60110.4601852,1.0351119443034902,16.362531699999998,16.362531699999998
1430,651203100043542,235646215,2460110.9588066004,60110.4621528,16.3972359,0.0356396884,0,zr,23.5119581,30.7224373,2.52699995,0.157000005,20230615462153,651,0x3,0x1,20.5799999,26.3965015,0.0433924273,0.102022775,2.76498849e-05,30,1.88600004,1,1.00254907355966,60110.4621528,1.00254907355966,16.39723589999999,16.39723589999999
1431,651203100043542,235646412,2460110.9607743435,60110.4641204,16.4431725,0.036007382,32768,zr,23.5119385,30.7224234,2.88700008,0.259000003,20230615464120,651,0x3,0x1,20.7299995,26.4675369,0.0571736358,0.0982502326,4.81053758e-05,30,1.85800004,1,0.9610168445949625,60110.4641204,0.9610168445949625,16.443172499999996,16.443172499999996
1432,651203100043542,235646609,2460110.9627535855,60110.4660995,16.5029335,0.0365064852,32768,zr,23.5119423,30.7224186,2.61100006,0.237000003,20230615466088,651,0x3,0x1,20.9400005,26.6394253,0.0925337896,0.0963940024,0.000124940911,30,1.83000004,1,0.909550045664893,60110.4660995,0.909550045664893,16.502933500000005,16.502933500000005
1433,651203100043542,235646806,2460110.964721326,60110.4680671,16.4824314,0.0363325477,32768,zr,23.5119473,30.7224615,2.59200001,0.237000003,20230615468067,651,0x3,0x1,20.8700008,26.6238823,0.0915289521,0.095852457,0.000122613899,30,1.80400002,1,0.9268883850578188,60110.4680671,0.9268883850578188,16.482431400000003,16.482431400000003
1434,651203100043542,235746037,2460111.9570954195,60111.4603704,16.4739876,0.0362617448,32768,zr,23.5119533,30.7224526,2.59200001,0.270999998,20230616460359,651,0x3,0x1,20.8799992,26.5723419,0.0817972347,0.0987805948,9.68486493e-05,30,1.87199998,1,0.9341249241500915,60111.4603704,0.9341249241500915,16.473987600000008,16.473987600000008
1435,651203100043542,235746233,2460111.9590631663,60111.462338,16.4678326,0.0362104289,32769,zr,23.5119045,30.7224586,2.57599998,0.243000001,20230616462338,651,0x3,0x1,20.8600006,26.5811691,0.0672708973,0.102036141,6.60254591e-05,30,1.84399998,1,0.9394354836471325,60111.462338,0.9394354836471325,16.4678326,16.4678326
1436,651203100043542,235746431,2460111.961042409,60111.4643171,16.5085144,0.0365543328,32769,zr,23.5119331,30.7224347,2.67000008,0.231999993,20230616464317,651,0x3,0x1,20.8099995,26.6449318,0.0948447734,0.0925956443,0.000131227614,30,1.81700003,1,0.9048867729009675,60111.4643171,0.9048867729009675,16.508514400000003,16.508514400000003
1437,651203100043542,235746629,2460111.963021753,60111.4662963,16.463522,0.0361746438,32768,zr,23.5119362,30.7224316,2.74000001,0.287,20230616466285,651,0x3,0x1,20.8199997,26.64785,0.0772532448,0.0958187878,8.62119632e-05,30,1.79100001,1,0.9431726529237513,60111.4662963,0.9431726529237513,16.463522000000005,16.463522000000005
1438,651203100043542,235746828,2460111.9650125974,60111.468287,16.6014442,0.037383642,32768,zr,23.5119455,30.7224308,2.773,0.268999994,20230616468275,651,0x3,0x1,20.9599991,26.8390408,0.162535131,0.0877710283,0.000380857324,30,1.76600003,1,0.8306581299050616,60111.468287,0.8306581299050616,16.601444199999996,16.601444199999996
1439,651203100043542,237441442,2460128.912486632,60128.4144213,16.3944626,0.0356179141,0,zr,23.5118995,30.7224217,1.64199996,0.0970000029,20230703414398,651,0x3,0x1,19.6800003,26.2494984,0.0457247458,0.101531327,3.01128603e-05,30,1.86600006,2,1.0051131616988154,60128.4144213,1.0051131616988154,16.394462600000004,16.394462600000004
1440,651203100043542,237940922,2460133.9077220503,60133.4092245,16.4707489,0.0362347141,32768,zr,23.5119732,30.7224564,2.4849999,0.204999998,20230708409225,651,0x3,0x1,20.5400009,26.6609402,0.0596986338,0.0982320458,5.13630293e-05,30,1.75300002,1,0.936915534896457,60133.4092245,0.936915534896457,16.470748899999997,16.470748899999997
1441,651203100043542,238445854,2460138.9574883543,60138.4585417,16.4853554,0.036357183,32768,zr,23.5119542,30.7224385,3.3440001,0.529999971,20230713458542,651,0x3,0x1,20.2999992,25.7766609,0.0552985072,0.0859621912,4.43452736e-05,30,1.25399995,2,0.9243955369366705,60138.4585417,0.9243955369366705,16.485355399999996,16.485355399999996
1442,651203100043542,238742810,2460141.927317038,60141.4281019,16.4860153,0.0363627449,32769,zr,23.5119697,30.7224281,2.65300012,0.209999993,20230716428067,651,0x3,0x1,20.9400005,26.6540031,0.067314446,0.0795270652,6.60795704e-05,30,1.38100004,1,0.9238338689449161,60141.4281019,0.9238338689449161,16.4860153,16.4860153
1443,651203100043542,238842939,2460142.928704351,60142.4293981,16.1273613,0.0337303467,32768,zr,23.5120214,30.7225008,0.870000005,0.172999993,20230717429398,651,0x3,0x1,17.5599995,22.8437347,0.305001736,0.168886587,0.0169886332,30,1.35500002,2,1.2854508624876253,60142.4293981,1.2854508624876253,16.127361299999997,16.127361299999997
1444,651203100043542,238844915,2460142.9484631727,60142.4491551,16.581337,0.0371988751,32769,zr,23.5119971,30.7224167,3.12800002,0.109999999,20230717449144,651,0x3,0x1,21.0599995,26.8336353,0.117729977,0.066084601,0.00019728113,30,1.24600005,2,0.8461847613384765,60142.4491551,0.8461847613384765,16.581336999999998,16.581336999999998
1445,651203100043542,238938189,2460143.881291222,60143.3818981,16.4582672,0.036131192,32769,zr,23.5119353,30.722455,2.43600011,0.286000013,20230718381551,651,0x3,0x1,20.9400005,26.6532135,0.0559492782,0.0863583907,4.48700193e-05,30,1.75300002,2,0.9477485311151556,60143.3818981,0.9477485311151556,16.4582672,16.4582672
1446,651203100043542,238944456,2460143.9439591058,60143.4445602,16.5311966,0.0367510319,32769,zr,23.5119217,30.7224402,2.43799996,0.368999988,20230718444549,651,0x3,0x1,21.2000008,26.9354,0.108637929,0.0864899233,0.000172155065,30,1.255,2,0.8861788077128012,60143.4445602,0.8861788077128012,16.53119660000001,16.53119660000001
1447,651203100043542,239140508,2460145.904659377,60145.405081,16.5233383,0.0366824791,32769,zr,23.5119341,30.7224609,3.46499991,0.257999986,20230720404977,651,0x3,0x1,21.1200008,26.8435822,0.104189306,0.0803817958,0.00015661506,30,1.46800005,2,0.8926160262385205,60145.405081,0.8926160262385205,16.5233383,16.5233383
1448,651203100043542,239142384,2460145.923422711,60145.4238426,16.3886719,0.035572622,32768,zr,23.5119925,30.7224257,3.7019999,0.298000008,20230720423738,651,0x3,0x1,20.1599998,25.757637,0.0694034547,0.0696686357,7.33262932e-05,30,1.33800006,1,1.0104881851163674,60145.4238426,1.0104881851163674,16.3886719,16.3886719
1449,651203100043542,239143178,2460145.931363248,60145.4317824,16.5489368,0.0369074121,32769,zr,23.5119781,30.7224246,3.00300002,0.270000011,20230720431748,651,0x3,0x1,21.0,26.8381844,0.116018966,0.0768064708,0.000203455478,30,1.29299998,2,0.8718168930205411,60145.4317824,0.8718168930205411,16.5489368,16.5489368
1450,651203100043542,239346119,2460147.960959457,60147.4611921,16.3934441,0.0356099345,32768,zr,23.5119708,30.7224224,3.98099995,0.303000003,20230722461053,651,0x3,0x1,20.3400002,25.753437,0.056990914,0.0774712265,4.70252271e-05,30,1.14400005,1,1.0060564737641828,60147.4611921,1.0060564737641828,16.393444100000004,16.393444100000004
1451,651203100043542,239446910,2460148.9689689586,60148.4691088,16.5904388,0.0372821391,32768,zr,23.511986,30.7224732,0.744000018,0.202999994,20230723469109,651,0x3,0x1,17.5200005,22.5398006,0.0517481565,0.0429703929,0.000688617874,30,1.11199999,2,0.8391207875360647,60148.4691088,0.8391207875360647,16.59043880000001,16.59043880000001
1452,651203100043542,239540091,2460149.90086038,60149.4009144,16.594738,0.0373216718,0,zr,23.5119504,30.7224212,2.11199999,0.0900000036,20230724400845,651,0x3,0x1,20.9799995,26.9041481,0.138764963,0.0722376779,0.000279037718,30,1.41700006,2,0.8358046826933874,60149.4009144,0.8358046826933874,16.594738,16.594738
1453,651203100043542,239542266,2460149.9226100035,60149.422662,16.612278,0.0374844521,0,zr,23.5119509,30.7224123,3.16899991,0.261999995,20230724422662,651,0x3,0x1,21.3199997,27.0937519,0.201156422,0.0788354129,0.000574636157,30,1.28299999,2,0.8224107907260906,60149.422662,0.8224107907260906,16.612277999999996,16.612277999999996
1454,651203100043542,239644995,2460150.94999645,60150.4499537,16.4938011,0.0364286527,32769,zr,23.5119089,30.7224174,3.19899988,0.159999996,20230725449954,651,0x3,0x1,21.0799999,26.7419376,0.0924062207,0.0842198953,0.000123009318,30,1.15499997,1,0.9172327649611953,60150.4499537,0.9172327649611953,16.493801100000006,16.493801100000006
1455,651203100043542,239739089,2460151.891020688,60151.3908912,16.5353889,0.0367877893,32768,zr,23.5119306,30.722445,2.60400009,0.294,20230726390856,651,0x3,0x1,21.1900005,26.8657093,0.128585398,0.102923833,0.000236150998,30,1.45099998,2,0.8827636465508703,60151.3908912,0.8827636465508703,16.535388900000008,16.535388900000008
1456,651203100043542,239740957,2460151.909703027,60151.4095718,16.5696011,0.03709241,32769,zr,23.5119433,30.7224419,2.29699993,0.317999989,20230726409572,651,0x3,0x1,21.2900009,27.0198879,0.181548089,0.0790225044,0.000475687644,30,1.32599998,2,0.8553809225200938,60151.4095718,0.8553809225200938,16.569601099999993,16.569601099999993
1457,651203100043542,239946875,2460153.9690711773,60153.46875,16.3319111,0.0351394936,32769,zr,23.5119337,30.7224368,2.62599993,0.204999998,20230728468611,651,0x3,0x1,21.4099998,26.8617077,0.0937062576,0.0859909654,0.000127509906,30,1.07799995,2,1.0647203627066995,60153.46875,1.0647203627066995,16.331911100000006,16.331911100000006
1458,651203100043542,240146791,2460155.9684220515,60155.4679167,16.5894318,0.0372728892,32769,zr,23.5119501,30.7224203,3.61500001,0.400000006,20230730467847,651,0x3,0x1,21.4899998,27.090826,0.183017269,0.0777836591,0.000481429481,30,1.06799996,1,0.8398994173808498,60155.4679167,0.8398994173808498,16.589431799999993,16.589431799999993
1459,651203100043542,240146891,2460155.969417443,60155.468912,16.5613327,0.0370180123,32769,zr,23.5119502,30.7224319,2.70700002,0.231000006,20230730468889,651,0x3,0x1,21.3799992,27.007658,0.1373083,0.0701518431,0.000279159663,30,1.06599998,2,0.8619199241828658,60155.468912,0.8619199241828658,16.5613327,16.5613327
1460,651203100043542,240236910,2460156.869696985,60156.3691088,16.3748951,0.0354656838,1,zr,23.5119454,30.7224409,2.86899996,0.308999985,20230731368981,651,0x3,0x1,20.3500004,26.4608135,0.0368688181,0.0950083733,1.97021618e-05,30,1.51800001,2,1.0233918640142052,60156.3691088,1.0233918640142052,16.374895099999996,16.374895099999996
1461,651203100043542,240241035,2460156.910950814,60156.4103588,16.451601,0.0360763259,32768,zr,23.5119455,30.7224255,3.32599998,0.372999996,20230731410347,651,0x3,0x1,20.5699997,26.688673,0.0725876465,0.0935005769,7.573107e-05,30,1.24899995,2,0.953585415102413,60156.4103588,0.953585415102413,16.451601000000004,16.451601000000004
1462,651203100043542,240440679,2460158.907569288,60158.406794,16.3575096,0.0353324078,32768,zr,23.5119719,30.7224515,1.68900001,0.180999994,20230802406759,651,0x3,0x1,19.4300003,26.3005409,0.125479177,0.102433965,0.000256823754,30,1.24000001,2,1.0399109709717649,60158.406794,1.0399109709717649,16.357509600000007,16.357509600000007
1463,651203100043542,240539069,2460159.89155977,60159.3906944,16.4957924,0.0364455767,32768,zr,23.5119273,30.7224493,1.88600004,0.141000003,20230803390579,651,0x3,0x1,20.2600002,26.695034,0.0512959547,0.0812933147,3.7965201e-05,30,1.30900002,2,0.9155520512825278,60159.3906944,0.9155520512825278,16.495792399999992,16.495792399999992
1464,651203100043542,240546929,2460159.970166608,60159.469294,16.4073753,0.0357196853,1,zr,23.5119377,30.7224224,3.15400004,0.279000014,20230803469086,651,0x3,0x1,20.4799995,26.5803871,0.0298274066,0.095915854,1.30574172e-05,30,1.04499996,1,0.9932301172737076,60159.469294,0.9932301172737076,16.407375300000005,16.407375300000005
1465,651203100043542,240547075,2460159.9716250394,60159.4707523,16.4485645,0.0360514335,32769,zr,23.5119463,30.7224601,2.77699995,0.129999995,20230803470718,651,0x3,0x1,20.3799992,26.6106472,0.0590953976,0.0840606764,5.09214115e-05,30,1.04299998,2,0.9562560591461445,60159.4707523,0.9562560591461445,16.448564499999996,16.448564499999996
1466,651203100043542,240746863,2460161.969689348,60161.4686343,16.4289494,0.0358920842,32768,zr,23.5119371,30.7224227,3.11100006,0.321999997,20230805468206,651,0x3,0x1,20.8299999,26.8340569,0.0741736144,0.0924105495,7.98689143e-05,30,1.03799999,2,0.9736889468549764,60161.4686343,0.9736889468549764,16.4289494,16.4289494
1467,651203100043542,240845774,2460162.958888055,60162.4577431,16.4554882,0.0361082852,32769,zr,23.5119372,30.7224441,2.8599999,0.319000006,20230806457743,651,0x3,0x1,20.8899994,26.8445721,0.0779174492,0.0966616869,8.71868615e-05,30,1.051,1,0.9501774514195871,60162.4577431,0.9501774514195871,16.455488199999998,16.455488199999998
1468,651203100043542,240938752,2460163.888752293,60163.3875231,16.51334,0.036595881,32768,zr,23.511965,30.7224408,2.23799992,0.109999999,20230807387407,651,0x3,0x1,20.6100006,26.7616177,0.11198438,0.0811258182,0.000180912044,30,1.26800001,2,0.9008738900880507,60163.3875231,0.9008738900880507,16.513339999999992,16.513339999999992
1469,651203100043542,240943531,2460163.936546054,60163.4353125,16.4096375,0.0357376263,1,zr,23.5119097,30.7224454,3.18799996,0.340999991,20230807435312,651,0x3,0x1,20.6700001,26.6286488,0.029116936,0.104749225,1.2332699e-05,30,1.09300005,2,0.9911628139796962,60163.4353125,0.9911628139796962,16.409637499999995,16.409637499999995
1470,651203100043542,241542467,2460169.9264453286,60169.4246759,16.4706726,0.0362340771,32769,zr,23.5119275,30.7224522,2.5769999,0.261999995,20230813424664,651,0x3,0x1,21.4099998,26.9229546,0.090080142,0.0951169729,0.000116672854,30,1.079,1,0.9369813788527729,60169.4246759,0.9369813788527729,16.470672599999993,16.470672599999993
1471,651203100043542,241542618,2460169.927950161,60169.4261806,16.5850754,0.0372329988,32768,zr,23.5119468,30.7224458,2.02600002,0.27700001,20230813426146,651,0x3,0x1,21.2800007,27.0355854,0.137615129,0.0933858454,0.000268428063,30,1.07599998,2,0.8432761936005667,60169.4261806,0.8432761936005667,16.5850754,16.5850754
1472,651203100043542,241544767,2460169.9494450684,60169.4476736,16.4457359,0.0360282958,32768,zr,23.5119569,30.7224085,3.97199988,0.241999999,20230813447674,651,0x3,0x1,20.6499996,26.0619755,0.139324084,0.0785595626,0.000282695895,30,1.03600001,2,0.9587505806947325,60169.4476736,0.9587505806947325,16.445735899999995,16.445735899999995
1473,651203100043542,241640590,2460170.9077586206,60170.4059028,16.5065517,0.0365374796,32768,zr,23.5119496,30.7224419,1.898,0.272000015,20230814405891,651,0x3,0x1,21.3600006,26.9578457,0.08891958,0.0903277323,0.000113248432,30,1.12100005,2,0.9065240283391973,60170.4059028,0.9065240283391973,16.506551699999996,16.506551699999996
1474,651203100043542,241642109,2460170.922956664,60170.4210995,16.4539833,0.036095906,32768,zr,23.5119398,30.7224404,2.56200004,0.261000007,20230814420938,651,0x3,0x1,21.2600002,26.8231773,0.0653896853,0.0924431309,6.15014869e-05,30,1.08099997,2,0.9514953714449129,60170.4210995,0.9514953714449129,16.453983299999997,16.453983299999997
1475,651203100043542,241740495,2460171.9068970205,60171.4049537,16.4454193,0.0360257216,32768,zr,23.511941,30.722438,2.96199989,0.333999991,20230815404884,651,0x3,0x1,21.3700008,26.9595299,0.0790379941,0.0859399959,9.02878892e-05,30,1.11600006,2,0.9590301925313045,60171.4049537,0.9590301925313045,16.445419300000005,16.445419300000005
1476,651203100043542,241745817,2460171.960119289,60171.4581713,16.3779755,0.0354894921,32768,zr,23.5119404,30.7224472,2.17000008,0.231999993,20230815458137,651,0x3,0x1,21.3700008,26.8619385,0.0533340424,0.101894937,4.05074425e-05,30,1.01699996,2,1.0204924594354916,60171.4581713,1.0204924594354916,16.377975499999998,16.377975499999998
1477,651203100043542,241944971,2460173.951831424,60173.4497106,16.4736366,0.0362588093,32769,zr,23.5119472,30.7224352,2.24600005,0.273000002,20230817449699,651,0x3,0x1,21.2700005,26.9487514,0.0768400207,0.0836312547,8.44435854e-05,30,1.01999998,1,0.9344269596273249,60173.4497106,0.9344269596273249,16.4736366,16.4736366
1478,651203100043542,241945064,2460173.9527690033,60173.4506481,16.5134201,0.0365965702,32769,zr,23.5119508,30.7224662,2.8210001,0.25999999,20230817450648,651,0x3,0x1,21.3700008,26.9626102,0.103223957,0.0862350762,0.000152448978,30,1.01900005,2,0.9008074307247624,60173.4506481,0.9008074307247624,16.513420099999998,16.513420099999998
1479,651203100043542,242036959,2460174.8717947807,60174.3695949,16.4459686,0.0360302031,1,zr,23.5119428,30.7224517,2.43099999,0.136000007,20230818369398,651,0x3,0x1,20.9799995,26.630188,0.0493282899,0.0961665064,3.54125223e-05,30,1.21099997,2,0.9585451188589509,60174.3695949,0.9585451188589509,16.445968600000008,16.445968600000008
1480,651203100043542,242041708,2460174.919287282,60174.4170833,16.3971367,0.0356389023,0,zr,23.51192,30.7224297,2.45900011,0.164000005,20230818417049,651,0x3,0x1,21.0599995,26.6823177,0.0300505273,0.0998633504,1.31262286e-05,30,1.06599998,2,1.00264067722096,60174.4170833,1.00264067722096,16.397136699999997,16.397136699999997
1481,651203100043542,242446677,2460178.969316747,60178.4667708,16.4629478,0.0361698903,32768,zr,23.5119398,30.7224402,2.58200002,0.270000011,20230822466771,651,0x3,0x1,21.5100002,27.1222229,0.122580931,0.0872918069,0.00022690848,30,1.00100005,2,0.9436715890068064,60178.4667708,0.9436715890068064,16.462947800000002,16.462947800000002
1482,651203100043542,242446771,2460178.970265927,60178.4677199,16.3491135,0.0352687053,32768,zr,23.511937,30.7224314,2.76999998,0.223000005,20230822467708,651,0x3,0x1,21.4400005,26.9331551,0.0507544652,0.0946545452,3.89422712e-05,30,1.00100005,1,1.0479838741655476,60178.4677199,1.0479838741655476,16.34911350000001,16.34911350000001
1483,651203100043542,242538646,2460179.8890919723,60179.3864699,16.4128933,0.0357634947,0,zr,23.5119457,30.7224232,2.8269999,0.254000008,20230823386470,651,0x3,0x1,21.1000004,26.7179565,0.0317289717,0.096814841,1.5478905e-05,30,1.10699999,2,0.9881950633788726,60179.3864699,0.9881950633788726,16.4128933,16.4128933
1484,651203100043542,242541313,2460179.915760882,60179.4131366,16.4460716,0.036031045,0,zr,23.5119624,30.7224418,3.03800011,0.287999988,20230823413090,651,0x3,0x1,21.0400009,26.6552086,0.0417047739,0.0986844078,2.65772196e-05,30,1.04799998,2,0.9584541893459976,60179.4131366,0.9584541893459976,16.446071600000003,16.446071600000003
1485,651203100043542,242745509,2460181.9578837533,60181.4550926,16.4132423,0.0357662737,0,zr,23.5119261,30.722438,1.82099998,0.0829999968,20230825454931,651,0x3,0x1,20.9599991,26.7114258,0.0443654954,0.104271635,2.82327073e-05,30,1.00199997,2,0.9878774681358827,60181.4550926,0.9878774681358827,16.4132423,16.4132423
1486,651203100043542,242845646,2460182.959341739,60182.4564699,16.5044518,0.0365194827,32769,zr,23.5119347,30.7224349,2.70600009,0.372999996,20230826456262,651,0x3,0x1,21.4799995,26.9996357,0.113105044,0.0803360939,0.000181886717,30,1.00100005,2,0.9082790143591537,60182.4564699,0.9082790143591537,16.50445179999999,16.50445179999999
1487,651203100043542,242845767,2460182.9605455347,60182.4576736,16.4849453,0.0363537259,32769,zr,23.5119395,30.7224416,2.06299996,0.216999993,20230826457535,651,0x3,0x1,21.3700008,26.9620838,0.090949066,0.089075096,0.000118301818,30,1.0,1,0.9247447619253067,60182.4576736,0.9247447619253067,16.4849453,16.4849453
1488,651203100043542,242851335,2460183.0162328905,60182.5133565,16.4190025,0.0358122326,32769,zr,23.5119405,30.7224249,2.49799991,0.237000003,20230826512975,651,0x3,0x1,20.8799992,26.7631226,0.0525379889,0.0958402902,3.97967815e-05,30,1.03600001,2,0.9826503201909454,60182.5133565,0.9826503201909454,16.419002499999998,16.419002499999998
1489,651203100043542,242939454,2460183.897495302,60183.3945486,16.3375702,0.035181798,32768,zr,23.5119369,30.7224374,2.26300001,0.228,20230827394479,651,0x3,0x1,21.3299999,26.8398399,0.0377491675,0.0972098485,2.04180324e-05,30,1.06200004,2,1.0591852396581471,60183.3945486,1.0591852396581471,16.337570199999995,16.337570199999995
1490,651203100043542,242947873,2460183.9816918005,60183.4787384,16.4066334,0.0357138142,1,zr,23.5119492,30.7224258,2.61299992,0.256000012,20230827478600,651,0x3,0x1,21.1299992,26.7039871,0.0458868183,0.100818284,3.03373854e-05,30,1.005,2,0.9939090383945896,60183.4787384,0.9939090383945896,16.406633399999997,16.406633399999997
1491,651203100043542,243037888,2460184.881913408,60184.3788889,16.405899,0.0357080027,32768,zr,23.5119554,30.7224334,2.97900009,0.345999986,20230828378762,651,0x3,0x1,20.8700008,26.7619171,0.0628078058,0.0935771093,5.75763879e-05,30,1.09099996,2,0.9945815532413944,60184.3788889,0.9945815532413944,16.405898999999998,16.405898999999998
1492,651203100043542,243046866,2460184.9717005864,60184.468669,16.4905891,0.0364014134,32768,zr,23.5119415,30.7224438,2.03999996,0.217999995,20230828468634,651,0x3,0x1,21.3500004,26.9759178,0.109150521,0.0885668471,0.000171626685,30,1.00199997,1,0.919950288627857,60184.468669,0.919950288627857,16.4905891,16.4905891
1493,651203100043542,243046961,2460184.972649762,60184.4696181,16.5314102,0.0367528982,32769,zr,23.5119328,30.7224418,2.4000001,0.284000009,20230828469606,651,0x3,0x1,21.2800007,26.971817,0.120300852,0.0853183046,0.000207825549,30,1.00199997,2,0.8860044843604508,60184.4696181,0.8860044843604508,16.531410200000003,16.531410200000003
1494,651203100043542,243129567,2460185.7987675075,60185.2956713,16.4891701,0.0363894068,32769,zr,23.5119428,30.7224451,3.05699992,0.151999995,20230829295556,651,0x3,0x1,20.3700008,26.6942959,0.0619536489,0.0759670734,5.51933626e-05,30,1.47000003,2,0.9211534012037058,60185.2956713,0.9211534012037058,16.489170100000003,16.489170100000003
1495,651203100043542,243137187,2460185.8749771994,60185.371875,16.4497967,0.0360615328,32769,zr,23.5119373,30.7224254,3.09200001,0.360000014,20230829371863,651,0x3,0x1,20.7800007,26.7818565,0.06574101,0.0877071321,6.22215375e-05,30,1.102,2,0.9551714215156821,60185.371875,0.9551714215156821,16.4497967,16.4497967
1496,651203100043542,243229591,2460186.799088097,60186.2959144,16.3978462,0.0356444865,0,zr,23.511944,30.7224453,2.6789999,0.231999993,20230830295741,651,0x3,0x1,20.25,26.4357815,0.0391453207,0.0937747434,2.22249018e-05,30,1.44700003,2,1.0019856919896946,60186.2959144,1.0019856919896946,16.397846199999996,16.397846199999996
1497,651203100043542,243241318,2460186.9163657017,60186.4131829,16.3787727,0.0354956649,0,zr,23.5119135,30.7224241,2.83999991,0.257999986,20230830413021,651,0x3,0x1,20.5900002,26.5716743,0.0341996104,0.100574344,1.71347838e-05,30,1.02100003,1,1.0197434395637635,60186.4131829,1.0197434395637635,16.378772700000006,16.378772700000006
1498,651203100043542,243242738,2460186.9305681954,60186.4273843,16.4454765,0.0360261872,32769,zr,23.5119404,30.7224365,2.18700004,0.280999988,20230830427384,651,0x3,0x1,20.5400009,26.7754765,0.0647301972,0.0968361497,6.08187438e-05,30,1.00800002,2,0.958979669133634,60186.4273843,0.958979669133634,16.445476500000005,16.445476500000005
1499,651203100043542,243737062,2460191.874178228,60191.370625,16.4259491,0.0358679295,0,zr,23.5119469,30.7224418,2.29999995,0.155000001,20230904370625,651,0x3,0x1,20.2399998,26.4283409,0.0492323004,0.0840004385,3.41700943e-05,30,1.06599998,1,0.9763833389781934,60191.370625,0.9763833389781934,16.425949100000004,16.425949100000004
1500,651203100043542,243746332,2460191.9668817497,60191.4633218,16.3933544,0.0356092341,0,zr,23.5119476,30.7224398,2.53299999,0.0930000022,20230904463287,651,0x3,0x1,20.2000008,26.4558716,0.0427028649,0.0790870711,2.60438155e-05,30,1.00899994,2,1.0061395943170504,60191.4633218,1.0061395943170504,16.3933544,16.3933544
1501,651203100043542,243844209,2460192.9457251797,60192.4420949,16.4204788,0.0358240418,32768,zr,23.5119535,30.7224408,3.2579999,0.370999992,20230905442060,651,0x3,0x1,20.8999996,26.7829533,0.0594534092,0.105725281,5.0529703e-05,30,1.00100005,2,0.9813150963653707,60192.4420949,0.9813150963653707,16.420478800000005,16.420478800000005
1502,651203100043542,243937938,2460193.8830833314,60193.3793866,16.3980846,0.0356463641,32768,zr,23.5119512,30.7224196,2.95600009,0.25999999,20230906378796,651,0x3,0x1,21.2399998,26.9725075,0.088724345,0.0949557126,0.000113667818,30,1.04100001,2,1.0017657056204572,60193.3793866,1.0017657056204572,16.398084599999997,16.398084599999997
1503,651203100043542,243944131,2460193.9450205015,60193.4413194,16.4633942,0.0361735858,32768,zr,23.5119422,30.7224256,3.09200001,0.344000012,20230906441215,651,0x3,0x1,21.1499996,26.8888187,0.0811815634,0.089293696,9.48432134e-05,30,1.00100005,2,0.9432836785659938,60193.4413194,0.9432836785659938,16.463394200000003,16.463394200000003
1504,651203100043542,244034010,2460194.843868114,60194.3401042,16.3328362,0.0351463966,32768,zr,23.5119458,30.7224213,2.86800003,0.216999993,20230907339873,651,0x3,0x1,21.2900009,26.8849106,0.0505079404,0.0932604298,3.65436608e-05,30,1.12199998,2,1.0638135556019672,60194.3401042,1.0638135556019672,16.332836199999996,16.332836199999996
1505,651203100043542,244046355,2460194.9673257032,60194.4635532,16.4519653,0.0360793211,32768,zr,23.511929,30.7224394,2.45000005,0.319000006,20230907463553,651,0x3,0x1,21.2199993,26.8914547,0.0652381107,0.0949188992,6.04317502e-05,30,1.01600003,1,0.9532655096860001,60194.4635532,0.9532655096860001,16.451965300000005,16.451965300000005
1506,651203100043542,244048159,2460194.9853709503,60194.4815972,16.3997192,0.0356592201,32768,zr,23.5119197,30.7224176,2.84800005,0.289000005,20230907481377,651,0x3,0x1,21.1800003,26.8299465,0.0657406449,0.0957645774,6.20577994e-05,30,1.03799999,2,1.0002586598043237,60194.4815972,1.0002586598043237,16.3997192,16.3997192
1507,651203100043542,244128943,2460195.793262247,60195.2894329,16.5208645,0.0366609879,32768,zr,23.511951,30.7224322,2.56100011,0.252999991,20230908289317,651,0x3,0x1,21.1800003,26.7872448,0.101707235,0.0924414769,0.000148480554,30,1.32599998,2,0.8946521294980234,60195.2894329,0.8946521294980234,16.520864499999995,16.520864499999995
1508,651203100043542,244148831,2460195.992153192,60195.4883102,16.3604183,0.035354577,32769,zr,23.5119251,30.7224371,2.39599991,0.305000007,20230908488299,651,0x3,0x1,21.1399994,26.7124977,0.0468166284,0.0976288393,3.14505851e-05,30,1.05299997,2,1.0371287657536052,60195.4883102,1.0371287657536052,16.3604183,16.3604183
1509,651203100043542,244234364,2460196.8475467786,60196.3436458,16.5854912,0.0372367986,32769,zr,23.5119222,30.7224191,2.7980001,0.319999993,20230909343576,651,0x3,0x1,21.3199997,27.0079384,0.140743017,0.0824871138,0.000281905726,30,1.097,2,0.8429533093605015,60196.3436458,0.8429533093605015,16.5854912,16.5854912
1510,651203100043542,244236368,2460196.867582937,60196.3636806,16.4178047,0.0358026549,32769,zr,23.5119263,30.7224073,3.11299992,0.289999992,20230909363669,651,0x3,0x1,21.4500008,26.9649334,0.115768239,0.0832446739,0.000191643252,30,1.05299997,1,0.9837349925443185,60196.3636806,0.9837349925443185,16.417804699999998,16.417804699999998
1511,651203100043542,244431259,2460198.8166240454,60198.3125926,16.4824867,0.0363330133,32769,zr,23.5119093,30.7224601,3.09500003,0.291000009,20230911312130,651,0x3,0x1,21.3299999,26.9968224,0.133817583,0.0930524915,0.000253242411,30,1.17700005,2,0.926841176885011,60198.3125926,0.926841176885011,16.482486700000003,16.482486700000003
1512,651203100043542,244449054,2460198.9945870475,60198.490544,16.362854,0.0353731811,32768,zr,23.5119149,30.7224514,2.62100005,0.225999996,20230911490150,651,0x3,0x1,21.3700008,26.9581146,0.0787967816,0.096054405,8.92938406e-05,30,1.074,2,1.03480471768052,60198.490544,1.03480471768052,16.36285399999999,16.36285399999999
1513,651203100043542,244644916,2460200.9533348614,60200.4491667,16.4869843,0.0363709256,32768,zr,23.5119498,30.7224339,2.52800012,0.266000003,20230913449132,651,0x3,0x1,21.2999992,26.9214401,0.101581484,0.0832715854,0.000146172169,30,1.01800001,2,0.9230097316810139,60200.4491667,0.9230097316810139,16.486984299999996,16.486984299999996
1514,651203100043542,244645010,2460200.954272422,60200.4501042,16.498024,0.036464572,32768,zr,23.5119184,30.7224243,3.18600011,0.246000007,20230913450104,651,0x3,0x1,21.2900009,26.8985043,0.117221043,0.078836672,0.000196343259,30,1.01900005,1,0.9136721769020553,60200.4501042,0.9136721769020553,16.498024000000008,16.498024000000008
1515,651203100043542,244726653,2460201.7707583946,60201.2665394,16.5451927,0.036874216,32768,zr,23.5119421,30.7224562,2.73000002,0.216999993,20230914266319,651,0x3,0x1,21.0799999,26.8687439,0.106504805,0.0890703872,0.000162899669,30,1.36600006,2,0.8748284940357847,60201.2665394,0.8748284940357847,16.545192699999994,16.545192699999994
1516,651203100043542,244745662,2460201.9608511785,60201.4566204,16.5012264,0.0364918895,32768,zr,23.511956,30.7224161,3.01699996,0.296000004,20230914456620,651,0x3,0x1,21.4500008,27.0457611,0.107953608,0.084412992,0.000166245984,30,1.02900004,2,0.9109812535066095,60201.4566204,0.9109812535066095,16.5012264,16.5012264
1517,651203100043542,244832202,2460202.8263090933,60202.3220255,16.5354309,0.0367881544,32768,zr,23.5119326,30.7224311,2.72099996,0.344000012,20230915321944,651,0x3,0x1,21.2700005,26.9938831,0.127522588,0.0838139951,0.000231740807,30,1.11099994,2,0.8827294988860127,60202.3220255,0.8827294988860127,16.5354309,16.5354309
1518,651203100043542,244849486,2460202.9991551363,60202.4948611,16.4341927,0.0359344333,32769,zr,23.5119319,30.7224267,3.3269999,0.284000009,20230915494850,651,0x3,0x1,21.2800007,26.7345676,0.0522918478,0.0841713399,3.95788375e-05,30,1.11199999,2,0.9689980877459707,60202.4948611,0.9689980877459707,16.434192700000004,16.434192700000004
1519,651203100043542,244849581,2460203.000104292,60202.4958102,16.4546432,0.0361013301,32768,zr,23.5119276,30.7224509,2.10599995,0.223000005,20230915495799,651,0x3,0x1,21.3500004,26.8670616,0.0805716738,0.100691788,9.31321702e-05,30,1.11500001,1,0.9509172374394125,60202.4958102,0.9509172374394125,16.4546432,16.4546432
1520,651203100043542,244924545,2460203.7497903183,60203.2454514,16.4804382,0.036315795,32769,zr,23.5119295,30.72242,2.66100001,0.30399999,20230916245289,651,0x3,0x1,21.2999992,26.935688,0.148849398,0.0886318758,0.000318516511,30,1.47899997,2,0.9285915342759887,60203.2454514,0.9285915342759887,16.480438200000002,16.480438200000002
1521,651203100043542,244947531,2460203.979665108,60203.4753125,16.5159531,0.0366184451,32769,zr,23.51192,30.7224161,2.65400004,0.26699999,20230916475312,651,0x3,0x1,21.4599991,26.9942932,0.117776297,0.0840909407,0.000197500034,30,1.07099998,2,0.8987083152595291,60203.4753125,0.8987083152595291,16.515953099999997,16.515953099999997
1522,651203100043542,245040563,2460204.910043704,60204.4056366,16.3526421,0.0352954231,32768,zr,23.5119493,30.7224306,2.68400002,0.233999997,20230917405567,651,0x3,0x1,21.5799999,26.9829178,0.0716287419,0.0819849223,7.35972499e-05,30,1.0,2,1.044583496296643,60204.4056366,1.044583496296643,16.352642100000004,16.352642100000004
1523,651203100043542,245040657,2460204.910981259,60204.4065741,16.5283337,0.0367260017,32768,zr,23.5119456,30.7224156,3.14499998,0.254999995,20230917406574,651,0x3,0x1,21.5900002,27.145956,0.119455725,0.0812911168,0.000202226889,30,1.0,1,0.8885185925616284,60204.4065741,0.8885185925616284,16.528333699999997,16.528333699999997
1524,651203100043542,245042003,2460204.924442636,60204.4200347,16.5101013,0.0365679786,32768,zr,23.5119553,30.7224536,2.03999996,0.201000005,20230917419931,651,0x3,0x1,21.4099998,27.0306702,0.100961909,0.0914343297,0.000144478909,30,1.00399995,2,0.9035651664835289,60204.4200347,0.9035651664835289,16.510101299999995,16.510101299999995
1525,651203100043542,245138471,2460205.889173877,60205.3847106,16.5710526,0.0371055305,32768,zr,23.5119418,30.7224525,2.51900005,0.284999996,20230918384711,651,0x3,0x1,21.5699997,27.143568,0.156020224,0.0856054649,0.000345112989,30,1.00300002,2,0.8542381441477783,60205.3847106,0.8542381441477783,16.571052599999994,16.571052599999994
1526,651203100043542,245140629,2460205.9107608027,60205.4062963,16.4004612,0.0356650613,32768,zr,23.511946,30.7224492,2.43700004,0.239999995,20230918405972,651,0x3,0x1,21.6000004,27.0016479,0.10443715,0.0908652842,0.000155988731,30,1.00100005,2,0.9995753093086736,60205.4062963,0.9995753093086736,16.400461200000002,16.400461200000002
1527,651203100043542,245243239,2460206.936917849,60206.4323958,16.4591904,0.0361388177,32768,zr,23.5119436,30.7224233,2.92199993,0.291999996,20230919432361,651,0x3,0x1,21.3199997,26.9955502,0.0838661119,0.0940888152,0.000101212434,30,1.01699996,1,0.9469430043617405,60206.4323958,0.9469430043617405,16.459190400000004,16.459190400000004
1528,651203100043542,245243333,2460206.9378554006,60206.4333333,16.5211334,0.0366633199,32768,zr,23.5119356,30.7224294,2.65700006,0.270000011,20230919433333,651,0x3,0x1,21.3500004,26.9946098,0.10583584,0.0872787982,0.000160335854,30,1.01800001,2,0.894430581972684,60206.4333333,0.894430581972684,16.521133400000004,16.521133400000004
1529,651203100043542,245247988,2460206.9844089607,60206.4798843,16.4390297,0.0359736681,32768,zr,23.5119327,30.7224332,2.63899994,0.222000003,20230919479572,651,0x3,0x1,21.1499996,26.7432041,0.0617940985,0.0884942412,5.48832759e-05,30,1.10099995,2,0.9646907626983052,60206.4798843,0.9646907626983052,16.4390297,16.4390297
1530,651203100043542,245336481,2460207.86938798,60207.3648148,16.4665661,0.036199905,32768,zr,23.511947,30.7224219,2.75099993,0.231000006,20230920364572,651,0x3,0x1,21.4699993,27.0079174,0.0738487765,0.0840668902,7.78782342e-05,30,1.01199996,2,0.9405319647688857,60207.3648148,0.9405319647688857,16.4665661,16.4665661
1531,651203100043542,245338905,2460207.8936253963,60207.3890509,16.4767227,0.0362846218,32768,zr,23.5119513,30.7224297,2.60400009,0.293000013,20230920389051,651,0x3,0x1,21.5,27.1221123,0.0955702066,0.0757351071,0.000129860287,30,1.0,2,0.9317747126643579,60207.3890509,0.9317747126643579,16.476722700000003,16.476722700000003
1532,651203100043542,245530417,2460209.808854089,60209.3041782,16.4745026,0.0362660512,32768,zr,23.5119391,30.7224282,1.54400003,0.123000003,20230922304132,651,0x3,0x1,19.2999992,24.9930019,0.0464772917,0.0929305777,3.84586056e-05,30,1.10699999,2,0.9336819433806739,60209.3041782,0.9336819433806739,16.4745026,16.4745026
1533,651203100043542,245530518,2460209.809861143,60209.3051852,16.4117775,0.0357546248,32768,zr,23.5119229,30.7224139,2.62100005,0.104999997,20230922305150,651,0x3,0x1,19.7399998,25.5421562,0.0356917046,0.0871769041,1.8548757e-05,30,1.10500002,1,0.9892111433629657,60209.3051852,0.9892111433629657,16.411777499999992,16.411777499999992
1534,651203100043542,245548240,2460209.9870924805,60209.4824074,16.4685802,0.0362166539,32768,zr,23.5118909,30.7223757,0.964999974,0.116999999,20230922482211,651,0x3,0x1,17.8199997,23.461216,0.0577383898,0.0870151296,0.000357126526,30,1.13199997,2,0.9387888438622545,60209.4824074,0.9387888438622545,16.468580199999998,16.468580199999998
1535,651203100043542,245743040,2460211.9351879144,60211.4304051,16.4176483,0.0358014069,32768,zr,23.5119436,30.7223973,3.49399996,0.261999995,20230924430405,651,0x3,0x1,21.4500008,27.0220146,0.0760859326,0.0935824886,8.25754978e-05,30,1.03100002,2,0.9838767095048021,60211.4304051,0.9838767095048021,16.417648300000003,16.417648300000003
1536,651203100043542,245838672,2460212.891553418,60212.3867245,16.3791256,0.0354983993,32768,zr,23.5119359,30.7224564,2.47000003,0.209999993,20230925386690,651,0x3,0x1,21.5200005,27.0764809,0.109219819,0.100037798,0.000173427237,30,1.0,2,1.0194120432446643,60212.3867245,1.0194120432446643,16.379125600000002,16.379125600000002
1537,651203100043542,245844266,2460212.947493562,60212.442662,16.4979572,0.0364640057,32768,zr,23.511952,30.7224452,2.88700008,0.370000005,20230925442627,651,0x3,0x1,21.4400005,27.0195789,0.0726474002,0.0985322222,7.50556064e-05,30,1.05499995,1,0.9137283923793855,60212.442662,0.9137283923793855,16.497957199999995,16.497957199999995
1538,651203100043542,245844361,2460212.948442708,60212.4436111,16.3781452,0.0354908034,32768,zr,23.5119331,30.7224293,2.7190001,0.284000009,20230925443600,651,0x3,0x1,21.3400002,26.8675137,0.0364946909,0.096473895,1.88248032e-05,30,1.05599999,2,1.020332969463122,60212.4436111,1.020332969463122,16.3781452,16.3781452
1539,651203100043542,245925832,2460213.763191598,60213.2583218,16.4898033,0.03639476,32768,zr,23.511929,30.7224512,2.75300002,0.317000002,20230926258194,651,0x3,0x1,20.8600006,26.9052601,0.100841932,0.0916425884,0.000146329039,30,1.23199999,2,0.9206163423106599,60213.2583218,0.9206163423106599,16.4898033,16.4898033
1540,651203100043542,245947028,2460213.975169012,60213.4702894,16.5513077,0.0369284749,32768,zr,23.511917,30.7224477,2.48099995,0.231999993,20230926470289,651,0x3,0x1,21.2399998,27.0339222,0.107889332,0.0879817232,0.000166279191,30,1.12800002,2,0.8699152013556889,60213.4702894,0.8699152013556889,16.551307700000002,16.551307700000002
1541,651203100043542,246020731,2460214.712227929,60214.2073148,16.3871346,0.0355606265,32768,zr,23.5119292,30.7224345,3.60700011,0.386000007,20230927207072,651,0x3,0x1,20.4699993,26.5793247,0.0659927949,0.103765801,6.25640532e-05,30,1.54799998,2,1.011919954407956,60214.2073148,1.011919954407956,16.387134600000003,16.387134600000003
1542,651203100043542,246049281,2460214.997738475,60214.4928125,16.4278774,0.035883449,0,zr,23.5119285,30.7224483,2.22000003,0.194999993,20230927492743,651,0x3,0x1,20.9699993,26.7173538,0.0361616127,0.103492424,1.88164013e-05,30,1.22099996,1,0.9746507919243178,60214.4928125,0.9746507919243178,16.427877399999993,16.427877399999993
1543,651203100043542,246049375,2460214.998676017,60214.49375,16.5369186,0.0368012264,32769,zr,23.5119187,30.7224421,2.70499992,0.319000006,20230927493750,651,0x3,0x1,21.1599998,26.9586048,0.125399351,0.0946767181,0.000223110677,30,1.22500002,2,0.8815207914970398,60214.49375,0.8815207914970398,16.5369186,16.5369186
1544,651203100043542,246127656,2460215.7815230577,60215.2765625,16.3570786,0.0353291258,0,zr,23.5119461,30.72244,2.72799993,0.233999997,20230928276296,651,0x3,0x1,20.4899998,26.5812359,0.0362865627,0.102021977,1.88730373e-05,30,1.14100003,2,1.040323861873466,60215.2765625,1.040323861873466,16.3570786,16.3570786
1545,651203100043542,246145869,2460215.9636605736,60215.4586921,16.4712276,0.0362386964,32768,zr,23.5119105,30.7224466,3.44000006,0.414999992,20230928458623,651,0x3,0x1,20.5599995,26.7375908,0.0548849106,0.099582091,4.30768705e-05,30,1.11000001,2,0.9365025408310552,60215.4586921,0.9365025408310552,16.4712276,16.4712276
1546,651203100043542,246216210,2460216.6671049804,60216.1621065,16.4688644,0.0362190157,0,zr,23.5119063,30.722453,2.602,0.194999993,20230929161991,651,0x3,0x1,19.6000004,26.3271008,0.0382444113,0.0962740034,2.16129811e-05,30,2.05900002,2,0.9385431406497219,60216.1621065,0.9385431406497219,16.468864399999994,16.468864399999994
1547,651203100043542,246248709,2460216.99210714,60216.4870949,16.3612385,0.0353608355,32768,zr,23.5119489,30.7224298,3.45900011,0.331999987,20230929487083,651,0x3,0x1,19.8799992,26.4185905,0.0559745766,0.0938291177,4.47380917e-05,30,1.22000003,1,1.0363455812327789,60216.4870949,1.0363455812327789,16.361238500000006,16.361238500000006
1548,651203100043542,246250655,2460217.0115639386,60216.5065509,16.3678379,0.0354113616,0,zr,23.5119376,30.7224356,2.67799997,0.298999995,20230929506343,651,0x3,0x1,19.9099998,26.4280033,0.0523771308,0.0960369483,3.92288748e-05,30,1.31799996,2,1.0300654962455114,60216.5065509,1.0300654962455114,16.367837900000005,16.367837900000005
1549,651203100043542,246632528,2460220.83045178,60220.3252894,16.4041271,0.0356939845,0,zr,23.511921,30.7224714,3.51300001,0.237000003,20231003325162,651,0x3,0x1,20.2399998,26.3937302,0.0462618731,0.102863401,3.02076187e-05,30,1.01600003,2,0.9962060158388734,60220.3252894,0.9962060158388734,16.404127100000004,16.404127100000004
1550,651203100043542,246635920,2460220.864365015,60220.3592014,16.4154358,0.0357837491,0,zr,23.5119537,30.7224562,3.1400001,0.384000003,20231003359132,651,0x3,0x1,20.2700005,26.4100475,0.0487346575,0.104045115,3.39866165e-05,30,1.0,2,0.9858836856685852,60220.3592014,0.9858836856685852,16.415435800000004,16.415435800000004
1551,651203100043542,246723920,2460221.7443963266,60221.2392014,16.4578819,0.0361280143,0,zr,23.5118944,30.7224721,3.23300004,0.273000002,20231004238970,651,0x3,0x1,20.6700001,26.6205101,0.0450715646,0.103173263,2.9555802e-05,30,1.22000003,2,0.94808492250508,60221.2392014,0.94808492250508,16.457881899999997,16.457881899999997
1552,651203100043542,246732589,2460221.8310891963,60221.3258912,16.4581413,0.0361301564,32768,zr,23.5119434,30.7224414,2.37700009,0.228,20231004325856,651,0x3,0x1,20.7900009,26.743721,0.048520714,0.0953770652,3.36348894e-05,30,1.01300001,1,0.9478584366870295,60221.3258912,0.9478584366870295,16.4581413,16.4581413
1553,651203100043542,246749864,2460222.0038497327,60221.4986458,16.3298073,0.0351238102,0,zr,23.5119493,30.7224135,1.79299998,0.0489999987,20231004498553,651,0x3,0x1,19.9899998,26.3070774,0.0414684005,0.0953445435,2.47180451e-05,30,1.352,2,1.0667854409859099,60221.4986458,1.0667854409859099,16.32980729999999,16.32980729999999
1554,651203100043542,246824594,2460222.7511785035,60222.2459491,16.3572845,0.0353306942,0,zr,23.511952,30.7224246,2.46000004,0.141000003,20231005245938,651,0x3,0x1,20.5499992,26.4735661,0.0455608852,0.0935109705,2.99500898e-05,30,1.18200004,2,1.040126592617176,60222.2459491,1.040126592617176,16.3572845,16.3572845
1555,651203100043542,246840087,2460222.906114205,60222.4008796,16.3361549,0.035171207,0,zr,23.5119351,30.7224327,2.86599994,0.104000002,20231005400660,651,0x3,0x1,20.4699993,26.4553947,0.0476933941,0.0895923972,3.20627878e-05,30,1.03100002,2,1.0605668297100337,60222.4008796,1.0605668297100337,16.336154900000004,16.336154900000004
1556,651203100043542,246922307,2460223.728340101,60223.2230787,16.4101028,0.035741318,1,zr,23.5119079,30.7224306,2.13700008,0.0610000007,20231006223079,651,0x3,0x1,20.5,26.4572945,0.0401453078,0.10034287,2.31507784e-05,30,1.27100003,2,0.9907381350874126,60223.2230787,0.9907381350874126,16.410102799999997,16.410102799999997
1557,651203100043542,246944964,2460223.9549098383,60223.4496412,16.4460087,0.0360305272,0,zr,23.5119333,30.7224348,2.1789999,0.241999999,20231006449630,651,0x3,0x1,20.8400002,26.607317,0.0428864583,0.0903284028,2.62504218e-05,30,1.14900005,1,0.9585097171202261,60223.4496412,0.9585097171202261,16.4460087,16.4460087
1558,651203100043542,246947096,2460223.9762298996,60223.4709606,16.3788414,0.0354961939,0,zr,23.5119105,30.7224122,2.98099995,0.234999999,20231006470926,651,0x3,0x1,20.6700001,26.5300598,0.033737056,0.09902592,1.63326804e-05,30,1.23300004,2,1.0196789172998748,60223.4709606,1.0196789172998748,16.378841399999992,16.378841399999992
1559,651203100043542,247024203,2460224.7473302707,60224.242037,16.3869591,0.0355592594,32768,zr,23.5119357,30.7224351,2.52999997,0.246000007,20231007241597,651,0x3,0x1,21.2700005,26.8632679,0.0836993828,0.093404308,0.000100496924,30,1.176,2,1.0120835358608957,60224.242037,1.0120835358608957,16.386959100000006,16.386959100000006
1560,651203100043542,247039924,2460224.9045457733,60224.3992477,16.5070038,0.0365413651,32769,zr,23.5119247,30.7224542,2.75200009,0.261000007,20231007399132,651,0x3,0x1,21.0,26.8205128,0.109288163,0.0892098024,0.000170271596,30,1.03699994,2,0.9061466307772645,60224.3992477,0.9061466307772645,16.5070038,16.5070038
1561,651203100043542,247228728,2460226.792632577,60226.2872801,16.429081,0.0358931422,32769,zr,23.5119164,30.722463,3.10800004,0.354000002,20231009287269,651,0x3,0x1,21.3700008,26.9653397,0.107412465,0.0929167569,0.000164773301,30,1.04400003,2,0.9735709350400268,60226.2872801,0.9735709350400268,16.429081000000004,16.429081000000004
1562,651203100043542,247326003,2460227.7654130617,60227.2600347,16.4293137,0.0358950198,0,zr,23.5119452,30.7224337,3.08100009,0.312000006,20231010259977,651,0x3,0x1,20.9200001,26.6215687,0.0481103063,0.0841616169,3.32359305e-05,30,1.09399998,2,0.9733622971778032,60227.2600347,0.9733622971778032,16.4293137,16.4293137
1563,651203100043542,247331733,2460227.8227178613,60227.317338,16.4101028,0.035741318,0,zr,23.5119357,30.7224392,2.71499991,0.244000003,20231010317014,651,0x3,0x1,21.2000008,26.7822628,0.0320364535,0.0963233039,1.47758838e-05,30,1.00699997,2,0.9907381350874126,60227.317338,0.9907381350874126,16.410102799999997,16.410102799999997
1564,651203100043542,247428547,2460228.7908785855,60228.2854745,16.4998436,0.0364800841,32768,zr,23.5119251,30.7224246,2.625,0.349000007,20231011285266,651,0x3,0x1,21.1900005,26.9353733,0.11040546,0.0927493125,0.000173509528,30,1.03799999,2,0.9121422237277886,60228.2854745,0.9121422237277886,16.4998436,16.4998436
1565,651203100043542,247437013,2460228.875545039,60228.3701389,16.4680367,0.0362121351,32768,zr,23.5119365,30.7224481,2.38199997,0.126000002,20231011369977,651,0x3,0x1,21.0300007,26.7445068,0.0531829149,0.0822317228,3.99895725e-05,30,1.01499999,2,0.9392589023001466,60228.3701389,0.9392589023001466,16.468036699999992,16.468036699999992
1566,651203100043542,247437114,2460228.876551964,60228.3711458,16.4826622,0.0363344848,32768,zr,23.511944,30.7224221,2.81299996,0.266000003,20231011371111,651,0x3,0x1,21.1399994,26.7641907,0.0471499786,0.0831332281,3.16163532e-05,30,1.01600003,1,0.9266913730190384,60228.3711458,0.9266913730190384,16.4826622,16.4826622
1567,651203100043542,247537671,2460229.8837051466,60229.376713,16.2356663,0.0344482102,32768,zr,23.5119316,30.7224431,0.890999973,-0.0170000009,20231012376262,651,0x3,0x1,21.0799999,29.0587444,0.0505385138,0.0992498994,3.60926206e-05,300,1.02499998,2,1.1634118419180757,60229.376713,1.1634118419180757,16.2356663,16.2356663
1568,651203100043542,247627792,2460230.7833775436,60230.2779282,16.4939976,0.0364303216,32768,zr,23.5119429,30.7224373,2.45000005,0.338999987,20231013277801,651,0x3,0x1,21.2099991,26.9645882,0.0996824652,0.0850043744,0.000140493226,30,1.04100001,2,0.9170667762720159,60230.2779282,0.9170667762720159,16.493997599999993,16.493997599999993
1569,651203100043542,247636439,2460230.869849272,60230.3643981,16.5839233,0.0372224636,32768,zr,23.5119599,30.7224312,2.39299989,0.331999987,20231013364363,651,0x3,0x1,21.2000008,27.0718002,0.126051843,0.088756457,0.000226024902,30,1.01499999,2,0.8441714885551179,60230.3643981,0.8441714885551179,16.583923300000002,16.583923300000002
1570,651203100043542,247735430,2460231.8597767996,60231.3543056,16.5254993,0.0367012918,32768,zr,23.5119089,30.7224455,2.95600009,0.379999995,20231014354063,651,0x3,0x1,21.2299995,27.0150452,0.120303169,0.0955897197,0.000206057535,30,1.00899994,1,0.8908411707471593,60231.3543056,0.8908411707471593,16.5254993,16.5254993
1571,651203100043542,247736680,2460231.87227704,60231.3668056,16.5009136,0.0364892185,32768,zr,23.5119303,30.7224406,2.45000005,0.351000011,20231014366806,651,0x3,0x1,21.2199993,27.0123653,0.136473343,0.0786268115,0.000265634415,30,1.01999998,2,0.9112437445117705,60231.3668056,0.9112437445117705,16.500913599999997,16.500913599999997
1572,651203100043542,247737782,2460231.88329575,60231.3778241,16.4865341,0.0363671221,32769,zr,23.511925,30.722452,2.39700007,0.246999994,20231014377593,651,0x3,0x1,21.2199993,26.9260292,0.104390427,0.0950411186,0.000154830748,30,1.03400004,2,0.9233925365859421,60231.3778241,0.9233925365859421,16.486534099999993,16.486534099999993
1573,651203100043542,247838197,2460232.887469536,60232.3819792,16.5145092,0.0366059765,32768,zr,23.5119448,30.7224365,2.60500002,0.287,20231015381968,651,0x3,0x1,21.1800003,27.0010242,0.1187644,0.0907457098,0.00020034262,30,1.04400003,2,0.8999042854869578,60232.3819792,0.8999042854869578,16.5145092,16.5145092
1574,651203100043542,247918042,2460233.6859321934,60233.1804282,16.4676933,0.0362092778,32768,zr,23.5119426,30.7224513,2.87299991,0.25999999,20231016180405,651,0x3,0x1,21.0799999,26.8298855,0.0881972611,0.0953178331,0.0001122385,30,1.35800004,2,0.9395560209908728,60233.1804282,0.9395560209908728,16.4676933,16.4676933
1575,651203100043542,247943054,2460233.9360521063,60233.430544,16.4152184,0.0357820131,32768,zr,23.5119224,30.7224473,2.48399997,0.31099999,20231016430544,651,0x3,0x1,21.0699997,26.7374439,0.0566985123,0.0955221877,4.6422454e-05,30,1.17900002,1,0.9860811116840563,60233.430544,0.9860811116840563,16.415218400000008,16.415218400000008
1576,651203100043542,247944670,2460233.9522097544,60233.4467014,16.5816269,0.0372015126,32768,zr,23.5119089,30.7224601,2.898,0.26699999,20231016446539,651,0x3,0x1,21.1700001,27.0101662,0.140293896,0.0864444673,0.000279812521,30,1.24699998,2,0.8459588535954633,60233.4467014,0.8459588535954633,16.581626899999996,16.581626899999996
1577,651203100043542,248024170,2460234.747222088,60234.2417014,16.4180069,0.0358042717,32768,zr,23.5119523,30.7224047,2.95000005,0.266000003,20231017241644,651,0x3,0x1,21.3600006,26.9832649,0.0813178569,0.0888866261,9.49409659e-05,30,1.09200001,2,0.9835518056027283,60234.2417014,0.9835518056027283,16.4180069,16.4180069
1578,651203100043542,248030383,2460234.809352625,60234.303831,16.4119835,0.0357562639,32769,zr,23.5119314,30.7224438,2.58699989,0.233999997,20231017303819,651,0x3,0x1,21.3600006,26.9341583,0.103158318,0.0868077502,0.000152894514,30,1.00399995,2,0.9890234751575465,60234.303831,0.9890234751575465,16.411983499999998,16.411983499999998
1579,651203100043542,248124793,2460235.753474605,60235.2479398,16.5379181,0.0368100144,32768,zr,23.5119311,30.7224462,2.83100009,0.453999996,20231018247905,651,0x3,0x1,21.2900009,26.9583149,0.125548825,0.0867918283,0.000225441036,30,1.07200003,2,0.8807096602091682,60235.2479398,0.8807096602091682,16.537918100000006,16.537918100000006
1580,651203100043542,248132023,2460235.825767272,60235.3202315,16.4554596,0.0361080468,32769,zr,23.5119483,30.7224536,2.31999993,0.289000005,20231018320197,651,0x3,0x1,21.3600006,26.9526844,0.0910950303,0.0903518796,0.000119866861,30,1.0,2,0.9502024809183719,60235.3202315,0.9502024809183719,16.455459600000005,16.455459600000005
1581,651203100043542,248132116,2460235.8267047848,60235.321169,16.5622463,0.0370262079,32769,zr,23.5119272,30.722445,2.39400005,0.228,20231018321157,651,0x3,0x1,21.2900009,27.0496902,0.138116926,0.0872390717,0.000273170648,30,1.0,1,0.8611949609462703,60235.321169,0.8611949609462703,16.562246300000005,16.562246300000005
1582,651203100043542,248232451,2460236.830062015,60236.3245139,16.3900375,0.03558328,32768,zr,23.5119378,30.722442,2.53900003,0.287,20231019324444,651,0x3,0x1,21.2800007,26.8153324,0.0706519186,0.0908694714,7.12162073e-05,30,1.00100005,2,1.0092180283189023,60236.3245139,1.0092180283189023,16.3900375,16.3900375
1583,651203100043542,248236532,2460236.8708726745,60236.3653241,16.4572601,0.0361228883,32768,zr,23.5119141,30.7224245,2.40400004,0.287999988,20231019365035,651,0x3,0x1,21.1399994,26.8335419,0.0661531985,0.100321919,6.37091507e-05,30,1.03499997,2,0.9486280452663605,60236.3653241,0.9486280452663605,16.457260100000006,16.457260100000006
1584,651203100043542,248320343,2460237.708995042,60237.2034375,16.5539818,0.0369522944,32768,zr,23.5119215,30.722436,3.01300001,0.307999998,20231020203414,651,0x3,0x1,21.1499996,26.9463997,0.146205574,0.0963560641,0.000303834269,30,1.18799996,2,0.8677752912297813,60237.2034375,0.8677752912297813,16.553981799999995,16.553981799999995
1585,651203100043542,248333040,2460237.835963943,60237.3304051,16.4294815,0.0358963721,32768,zr,23.5118966,30.722475,3.39700007,0.256999999,20231020330301,651,0x3,0x1,21.3799992,27.0116997,0.0870171711,0.098177433,0.00010907129,30,1.00399995,1,0.9732118761343739,60237.3304051,0.9732118761343739,16.4294815,16.4294815
1586,651203100043542,248429993,2460238.8054982387,60238.2999306,16.5454254,0.0368762761,32768,zr,23.5119433,30.7224275,2.9000001,0.232999995,20231021299769,651,0x3,0x1,21.3299999,27.0109692,0.121314868,0.070535399,0.000211191335,30,1.00100005,2,0.8746410168420449,60238.2999306,0.8746410168420449,16.545425399999992,16.545425399999992
1587,651203100043542,248436137,2460238.866945435,60238.3613773,16.4756966,0.0362760313,32768,zr,23.5119433,30.7224441,3.0,0.335000008,20231021361377,651,0x3,0x1,21.3400002,27.0070362,0.0853387713,0.0862183869,0.000104244871,30,1.03699994,2,0.9326557240556872,60238.3613773,0.9326557240556872,16.4756966,16.4756966
1588,651203100043542,248535377,2460239.85934856,60239.3537731,16.4225883,0.0358409435,32768,zr,23.5119397,30.7224586,2.23200011,0.272000015,20231022353762,651,0x3,0x1,21.2999992,26.9749985,0.0818661302,0.0941864401,9.64790161e-05,30,1.03100002,2,0.9794103293665887,60239.3537731,0.9794103293665887,16.422588299999994,16.422588299999994
1589,651203100043542,248535476,2460239.860343966,60239.3547685,16.5270653,0.0367149338,32768,zr,23.5119518,30.7224598,2.38199997,0.232999995,20231022354734,651,0x3,0x1,21.3500004,27.0526733,0.128057331,0.101886824,0.00023329242,30,1.03199995,1,0.8895572016966345,0.0,0.8895572016966345,16.527065299999997,16.527065299999997
1590,651203100043542,248740327,2460241.9088610024,60241.4032755,16.3573551,0.0353312306,0,zr,23.5119123,30.7224399,2.5309999,0.0170000009,20231024403275,651,0x3,0x1,20.3899994,26.3645916,0.0336650722,0.0902252123,1.61649241e-05,30,1.15900004,2,1.0400589605812482,2.0,1.0400589605812482,16.3573551,16.3573551
1591,651203100043542,248821373,2460242.7193260156,60242.2137384,16.5234642,0.0366835743,32768,zr,23.511949,30.7224488,2.53800011,0.286000013,20231025213669,651,0x3,0x1,20.7999992,26.8381348,0.104339525,0.0903158784,0.00015591165,30,1.10800004,2,0.8925125261049242,3.0,29.30813592022226,12.73252950758063,16.5234642
1592,651203100043542,248844827,2460242.9538634764,60242.4482755,16.5042191,0.0365174897,32768,zr,23.5119506,30.7224222,2.875,0.27700001,20231025448241,651,0x3,0x1,21.25,26.9969444,0.107688278,0.0895665288,0.000165279911,30,1.398,2,0.9084737017765808,3.0,49.468344059099714,12.164181568239137,16.504219099999993
1593,651203100043542,248844927,2460242.954858776,60242.4492708,16.5480099,0.0368991829,32768,zr,23.511951,30.722454,2.45099998,0.344999999,20231025449236,651,0x3,0x1,21.2399998,27.0158672,0.123128831,0.0987374783,0.000218270987,30,1.40499997,1,0.8725614865114366,3.0,49.43243184383457,12.164970059404432,16.548009900000004
1594,651203100043542,249018190,2460244.687497966,60244.1819097,16.4290333,0.0358927585,32768,zr,23.5119406,30.7224393,2.56999993,0.254999995,20231027181898,651,0x3,0x1,20.0499992,26.4275913,0.0565289184,0.0887884274,4.57248789e-05,30,1.19700003,2,0.9736137081865177,5.0,49.533484065509654,12.162752809298354,16.429033300000008
1595,651203100043542,249122719,2460245.7327851923,60245.2271991,16.4050217,0.0357010588,32768,zr,23.5119229,30.72245,2.74300003,0.173999995,20231028227188,651,0x3,0x1,19.5499992,26.3535671,0.0502362661,0.084834367,3.62186329e-05,30,1.05799997,1,0.995385522941075,6.0,66.89380570065725,11.836535239009912,16.4050217
1596,651203100043542,249125013,2460245.7557249325,60245.2501389,16.415226,0.0357820801,0,zr,23.5119483,30.7224499,2.352,0.164000005,20231028249954,651,0x3,0x1,19.6900005,26.3337841,0.0431418009,0.0859100372,2.69000629e-05,30,1.023,2,0.9860742092797925,6.0,68.37873466787453,11.812697349951371,16.415225999999997
1597,651203100043542,249151678,2460246.0223674327,60245.5167824,16.2595787,0.0346150883,0,zr,23.5119089,30.7223783,0.331999987,-0.00100000005,20231028516377,651,0x3,0x1,18.0699997,26.1845722,0.0401878692,0.0946505815,7.37866212e-05,30,2.44499993,2,1.1380688068612375,6.0,68.53072926545597,11.810286616601338,16.2595787
1598,651203100043542,249251021,2460247.0158007336,60246.5102199,16.348732,0.0352658182,0,zr,23.5119039,30.722438,0.261000007,-0.00700000022,20231029509896,651,0x3,0x1,18.3099995,26.2021656,0.0455562659,0.0870214179,8.11301943e-05,30,2.3499999,2,1.0483521736615542,7.0,68.44101263225629,11.811708933488227,16.348732000000005
1599,651203100043542,249350136,2460248.0069407495,60247.5013657,16.277113,0.0347394682,0,zr,23.5118456,30.7225159,0.504000008,0.0529999994,20231030500845,651,0x3,0x1,18.1299992,26.2073956,0.0447700173,0.104625568,9.24728156e-05,30,2.21399999,2,1.1198369672198274,8.0,67.60838278537248,11.824998631014196,16.277113000000007
1600,651203100043542,249518634,2460249.691904266,60249.1863426,16.3274803,0.0351064987,0,zr,23.5119312,30.7224289,2.03999996,0.186000004,20231101186308,651,0x3,0x1,20.0599995,26.3037872,0.0437472984,0.102502532,2.77583895e-05,30,1.13300002,2,1.069074276726488,10.0,65.27610773275813,11.863114373709216,16.327480299999998
1601,651203100043542,249541303,2460249.9185918677,60249.4130324,16.3705196,0.0354319662,0,zr,23.5119116,30.7224213,0.629000008,0.0189999994,20231101412998,651,0x3,0x1,19.3099995,26.0940266,0.0431510396,0.0975208431,3.07004411e-05,30,1.29900002,2,1.0275244388047293,10.0,58.83129677975582,11.975978946595333,16.3705196
1602,651203100043542,249627366,2460250.779219536,60250.273669,16.4747543,0.0362681523,32768,zr,23.5119306,30.7224651,3.39899993,0.319999993,20231102273600,651,0x3,0x1,20.8299999,26.8065147,0.0656241849,0.10508991,6.27384652e-05,30,1.0,2,0.9334655183356542,11.0,58.737237859286736,11.977716200486185,16.474754299999994
1603,651203100043542,249630542,2460250.810978379,60250.3054282,16.4438095,0.0360125713,32768,zr,23.511942,30.722447,2.39100003,0.263999999,20231102305428,651,0x3,0x1,20.7900009,26.7185211,0.0566349588,0.0934292302,4.60820156e-05,30,1.01100004,1,0.9604531826451731,11.0,55.27394449711572,12.04369885472952,16.443809500000008
1604,651203100043542,249632370,2460250.82925367,60250.3237037,16.3823547,0.0355234332,0,zr,23.5119285,30.722443,2.77200007,0.344000012,20231102323437,651,0x3,0x1,20.75,26.6687794,0.033339899,0.0967252627,1.58609819e-05,30,1.02999997,2,1.0163847027185038,11.0,55.32987601718905,12.04260075737222,16.3823547
1605,651203100043542,249717210,2460251.6776463343,60251.1721065,16.505127,0.0365252644,32768,zr,23.5119408,30.7224533,2.43700004,0.275999993,20231103172072,651,0x3,0x1,21.1599998,26.9928226,0.118885107,0.0895593688,0.00020231893,30,1.16199994,2,0.9077143474202531,12.0,55.2212056618908,12.044735288764251,16.50512700000001
1606,651203100043542,249719869,2460251.704231614,60251.1986921,16.4257488,0.0358663201,1,zr,23.5119257,30.7224523,2.42400002,0.219999999,20231103198623,651,0x3,0x1,20.8400002,26.6563244,0.0502594039,0.0985710248,3.64550215e-05,30,1.08399999,2,0.976563481836745,12.0,51.83293980150977,12.11348539660817,16.4257488
1607,651203100043542,249827888,2460252.7844138267,60252.2788889,16.5180817,0.0366368592,32768,zr,23.5119345,30.7224265,2.65700006,0.293000013,20231104278808,651,0x3,0x1,21.2000008,26.9958744,0.121175461,0.0921263695,0.000211586055,30,1.00100005,1,0.8969481118925289,13.0,51.75332443156555,12.115154368981386,16.518081700000003
1608,651203100043542,249828972,2460252.7952469694,60252.2897222,16.3477135,0.0352581143,32768,zr,23.5119355,30.7224373,2.95000005,0.230000004,20231104289653,651,0x3,0x1,21.2099991,26.8352089,0.0549159385,0.0941031054,4.35780166e-05,30,1.00399995,2,1.0493360661145172,13.0,48.5674668210047,12.184136369603877,16.347713500000005
1609,651203100043542,249840151,2460252.9070392917,60252.4015162,16.4884491,0.0363833047,32768,zr,23.5119302,30.7224517,2.40700006,0.25999999,20231104401331,651,0x3,0x1,20.8600006,26.8430481,0.0954000503,0.0868506134,0.000130001048,30,1.28100002,2,0.9217653105867321,13.0,48.439896065476916,12.186991993417756,16.488449100000004
1610,651203100043542,249928208,2460253.787592965,60253.2820833,16.3869247,0.0355589949,32768,zr,23.5119365,30.7224413,2.60299993,0.252999991,20231105282002,651,0x3,0x1,21.2800007,26.9224796,0.0629470572,0.0939857215,5.72670979e-05,30,1.00199997,2,1.0121156027893388,14.0,48.530246357679516,12.184968760094783,16.3869247
1611,651203100043542,249929474,2460253.800254862,60253.2947454,16.5695534,0.0370919816,32768,zr,23.5119631,30.7224217,2.82599998,0.254000008,20231105294583,651,0x3,0x1,21.2299995,27.0953007,0.152948543,0.0863260701,0.000330471667,30,1.00899994,2,0.8554185030724509,14.0,45.20193725146785,12.262107379808192,16.569553399999997
1612,651203100043542,250024572,2460254.7512226705,60254.2457292,16.467701,0.0362093337,32768,zr,23.5119365,30.722443,2.80999994,0.351999998,20231106245718,651,0x3,0x1,21.3099995,27.0521622,0.117856309,0.0859499425,0.000197122907,30,1.00600004,1,0.9395493577188238,15.0,45.28606810611422,12.260088461592773,16.467700999999998
1613,651203100043542,250024702,2460254.752518948,60254.2470255,16.4192047,0.035813842,32768,zr,23.5119317,30.7224265,2.72000003,0.237000003,20231106246667,651,0x3,0x1,21.2900009,26.9635811,0.0759754777,0.091823861,8.21294307e-05,30,1.005,2,0.9824673352324305,15.0,42.34772213682269,12.332924862979823,16.4192047
1614,651203100043542,250028332,2460254.788814609,60254.2833218,16.4242802,0.0358545221,32768,zr,23.511922,30.7224185,2.81100011,0.349000007,20231106283183,651,0x3,0x1,21.2000008,26.9027004,0.0802544355,0.0961098149,9.1859285e-05,30,1.00399995,2,0.9778853052403093,15.0,42.34314010683057,12.333042346158678,16.42428019999999
1615,651203100043542,250317482,2460257.6802614112,60257.1748264,16.3413811,0.0352104008,0,zr,23.5118825,30.7224227,2.64299989,0.00499999989,20231109174792,651,0x3,0x1,20.2700005,26.432869,0.0417210497,0.0917588249,2.4871797e-05,30,1.10300004,2,1.0554740496026946,18.0,42.420728851192955,12.331054684826114,16.3413811
1616,651203100043542,250326729,2460257.772724665,60257.2672917,16.2678833,0.0346737839,0,zr,23.5119023,30.7224364,1.10800004,0.0109999999,20231109266933,651,0x3,0x1,19.9400005,26.406353,0.0427253954,0.104817644,2.61687783e-05,30,1.00100005,2,1.129397130566004,18.0,34.735457847086636,12.548067430821561,16.2678833
1617,651203100043542,250326822,2460257.7736621434,60257.2682292,16.2983418,0.034892384,0,zr,23.5119069,30.7224562,1.94500005,0.00300000003,20231109268218,651,0x3,0x1,20.1800003,26.4448681,0.043267969,0.0994630307,2.67353334e-05,30,1.00100005,1,1.09815408137169,18.0,34.70421479789232,12.549044443259966,16.298341799999996
1618,651203100043542,250424872,2460258.7541370504,60258.2487269,16.4921761,0.036414858,32768,zr,23.5119509,30.7224624,3.18000007,0.254000008,20231110248681,651,0x3,0x1,20.7999992,26.6280499,0.0949702263,0.0854168683,0.000129461987,30,1.00100005,2,0.9186065970178493,19.0,34.52466731353848,12.5546762441898,16.492176100000002
1619,651203100043542,250427424,2460258.7796572354,60258.2742477,16.4073906,0.0357198082,0,zr,23.5119295,30.722421,3.4230001,0.289000005,20231110274132,651,0x3,0x1,20.8400002,26.5932732,0.0269462653,0.0984440967,1.03926668e-05,30,1.005,2,0.9932161209515252,19.0,32.38859295260161,12.624019796244554,16.407390600000006
1620,651203100043542,250527593,2460259.781322116,60259.2759375,16.4388752,0.0359724052,0,zr,23.5119431,30.7224353,2.93099999,0.252000004,20231111275903,651,0x3,0x1,21.0900002,26.6957493,0.046373114,0.0916864499,3.06531219e-05,30,1.00800002,1,0.9648280477286787,20.0,32.36020487937876,12.624971843599504,16.438875200000005
1621,651203100043542,250529181,2460259.797201304,60259.2918171,16.3094673,0.0349735506,0,zr,23.5119168,30.7224403,1.60699999,0.0469999984,20231111291562,651,0x3,0x1,20.4200001,26.390892,0.0423545875,0.103332885,2.54498937e-05,30,1.02199996,2,1.0869587926549253,20.0,30.442206590616046,12.691309677766462,16.3094673
1622,651203100043542,250534633,2460259.851713776,60259.346331,16.4859848,0.0363624953,32768,zr,23.5119241,30.7224176,2.90300012,0.158999994,20231111346285,651,0x3,0x1,20.8700008,26.7597389,0.0740030333,0.0813905522,7.93308427e-05,30,1.13300002,2,0.9238598212237871,20.0,30.279107619184906,12.69714232109493,16.485984800000004
1623,651203100043542,250620328,2460260.7086471124,60260.203287,16.4024277,0.0356805697,0,zr,23.5119108,30.7224333,3.204,0.172999993,20231112203287,651,0x3,0x1,20.9500008,26.6790562,0.0247455388,0.0958658606,8.76611648e-06,30,1.03100002,2,0.9977665036410587,21.0,30.35301430160218,12.694495433667143,16.402427699999997
1624,651203100043542,250636042,2460260.865783992,60260.3604282,16.4661713,0.0361966304,32768,zr,23.5119291,30.7224256,2.45499992,0.118000001,20231112360289,651,0x3,0x1,20.7900009,26.6798306,0.0865005553,0.0768179595,0.000107833373,30,1.19299996,2,0.9408740271751026,21.0,28.414515777281924,12.766149351339728,16.466171300000006
1625,651203100043542,250724843,2460261.753768372,60261.2484375,16.4701729,0.0362299159,32768,zr,23.5119274,30.7224467,2.44000006,0.245000005,20231113248414,651,0x3,0x1,21.2600002,26.9390087,0.0818858072,0.092337735,9.67415472e-05,30,1.0,1,0.9374127150779461,22.0,28.41105446518477,12.76628161826985,16.4701729
1626,651203100043542,250724975,2460261.755087734,60261.2497569,16.4895077,0.0363922603,32768,zr,23.5119442,30.7224456,2.72799993,0.293000013,20231113249745,651,0x3,0x1,21.3199997,27.0293903,0.106361963,0.0900230259,0.000162521639,30,1.0,2,0.9208670212861454,22.0,26.659366152004463,12.835375451255068,16.489507699999997
1627,651203100043542,250725685,2460261.762182529,60261.2568519,16.4921799,0.0364148915,32768,zr,23.5119189,30.7224114,3.02600002,0.324999988,20231113256782,651,0x3,0x1,21.2900009,26.9401493,0.105938047,0.0984826535,0.000162259457,30,1.00100005,2,0.9186033819652905,22.0,26.657102512683608,12.835467644726542,16.492179900000004
1628,651203100043542,250826866,2460262.773969651,60262.268669,16.3913841,0.0355938114,32768,zr,23.5119296,30.7224519,2.38100004,0.303000003,20231114268634,651,0x3,0x1,21.3099995,26.9399281,0.0677710697,0.0978857949,6.63063402e-05,30,1.00800002,2,1.0079671069886984,23.0,26.746466237707015,12.831833972877178,16.391384100000003
1629,651203100043542,251415342,2460268.6585206026,60268.1534259,16.323494,0.0350769125,0,zr,23.5119425,30.7224382,1.50300002,0.0280000009,20231120153391,651,0x3,0x1,20.2099991,26.3589935,0.03464742,0.100039981,1.72712553e-05,30,1.08099997,2,1.0730066165689716,29.0,25.211127329897327,12.896019335411488,16.323494000000004
1630,651203100043542,251417570,2460268.6807998302,60268.175706,16.3529587,0.0352978185,0,zr,23.5119201,30.7224323,2.11800003,0.0270000007,20231120175694,651,0x3,0x1,20.2999992,26.3775768,0.0375331938,0.0934876427,2.01981184e-05,30,1.03900003,1,1.0442789408070172,29.0,17.839096647871433,13.271567853988557,16.352958699999995
1631,651203100043542,251437089,2460268.8759772275,60268.3708912,16.3791428,0.0354985297,32768,zr,23.5119241,30.7224174,1.68099999,-0.00100000005,20231120370868,651,0x3,0x1,19.1200008,25.6147614,0.0519852787,0.0982391462,5.516893e-05,30,1.35599995,2,1.0193958940657148,29.0,17.814213601130128,13.273083361464835,16.379142800000004
1632,651203100043542,253016070,2460284.664984905,60284.160706,16.4336281,0.0359298699,32768,zr,23.5119483,30.7224219,2.97099996,0.328000009,20231206160637,651,0x3,0x1,21.1000004,26.8146629,0.0758393779,0.101117782,8.26952382e-05,30,1.00800002,2,0.9695021131178528,45.0,17.764319820182266,13.276128541502878,16.4336281
1633,651203100043542,253017717,2460284.681453788,60284.1771759,16.3664207,0.0354004875,32768,zr,23.5119459,30.7224384,2.7249999,0.254999995,20231206177095,651,0x3,0x1,21.2000008,26.8292999,0.053401798,0.103473447,4.08495507e-05,30,1.00100005,2,1.0314109077423972,45.0,8.570286132383924,14.067511695588443,16.3664207
1634,651203100043542,253115303,2460285.6572493226,60285.1530324,16.3713474,0.0354383364,32768,zr,23.5119236,30.722446,2.51300001,0.261999995,20231207152674,651,0x3,0x1,21.2000008,26.809164,0.0555670932,0.097482197,4.45207916e-05,30,1.01100004,2,1.0267413198918607,46.0,8.565616544533386,14.06810342872462,16.371347399999998
1635,651203100043542,253311864,2460287.6227363013,60287.1186458,16.4752502,0.0362723023,32768,zr,23.5119226,30.7224421,2.74600005,0.127000004,20231209118634,651,0x3,0x1,20.8099995,26.7745533,0.0622829124,0.0875797346,5.62588939e-05,30,1.04700005,2,0.9330392639188888,48.0,8.151242205839171,14.121940505134084,16.475250199999998
1636,651203100043542,253315606,2460287.660152858,60287.1560648,16.3507042,0.035280738,0,zr,23.511917,30.7224202,2.42799997,0.0399999991,20231209156030,651,0x3,0x1,20.3199997,26.3576584,0.0330009349,0.0901250914,1.56058049e-05,30,1.00600004,1,1.0464496088758177,48.0,7.67648960173363,14.187093335053,16.350704200000003
1637,651203100043542,253315700,2460287.6610902995,60287.1570023,16.3691597,0.035421513,0,zr,23.5119618,30.7224345,2.16899991,0.0780000016,20231209157002,651,0x3,0x1,20.5499992,26.4851589,0.042353034,0.0930363312,2.5718562e-05,30,1.005,2,1.028812234064567,48.0,7.65885222692238,14.18959077463365,16.369159700000004
1638,651203100043542,253318258,2460287.6866673212,60287.182581,16.388792,0.0355735533,0,zr,23.5119379,30.722434,2.53900003,0.160999998,20231209182581,651,0x3,0x1,20.8899994,26.6569519,0.0268575493,0.0992123559,1.03875927e-05,30,1.00100005,2,1.0103764149473553,48.0,7.640416407805168,14.192207428598778,16.388792000000002
1639,651203100043542,253417907,2460288.683094445,60288.1790741,16.3223114,0.0350681543,0,zr,23.5119151,30.7224574,2.26300001,0.0430000015,20231210179074,651,0x3,0x1,20.2999992,26.3384132,0.0345542543,0.105574332,1.69617506e-05,30,1.0,2,1.0741759880452373,49.0,7.70421598090305,14.183178876624822,16.322311399999997
1640,651203100043542,253419871,2460288.7027343316,60288.1987153,16.2702675,0.0346907116,0,zr,23.5119344,30.7224454,0.816999972,-0.00100000005,20231210198657,651,0x3,0x1,19.8299999,26.3262691,0.0373449996,0.104666501,1.99187034e-05,30,1.00899994,2,1.1269197753015887,49.0,7.487041019759243,14.214224468667055,16.270267499999996
1641,651203100043542,253423446,2460288.73848423,60288.2344676,16.2787189,0.0347509496,0,zr,23.5119165,30.7224761,2.0940001,-0.00400000019,20231210234433,651,0x3,0x1,19.9400005,26.315733,0.0376179405,0.11060378,1.99969982e-05,30,1.05299997,2,1.1181818535038117,49.0,7.478303097961466,14.215492341835038,16.278718899999994
1642,651203100043542,253511876,2460289.622718631,60289.1187616,16.4360771,0.0359496996,0,zr,23.5119224,30.7224522,2.24300003,0.074000001,20231211118750,651,0x3,0x1,20.4500008,26.3552837,0.0284649432,0.0830456316,1.15944522e-05,30,1.03799999,2,0.9673177566281522,50.0,7.327439001085807,14.237619470641455,16.4360771
1643,651203100043542,253513549,2460289.639453599,60289.1354977,16.3563461,0.0353235528,32768,zr,23.5119295,30.7224079,2.72099996,0.294,20231211135278,651,0x3,0x1,20.1100006,25.761446,0.0451721251,0.0964067802,2.9228253e-05,30,1.01699996,2,1.0410259609103572,50.0,7.145880989302354,14.264860552519671,16.356346100000003
1644,651203100043542,253515726,2460289.661222924,60289.1572685,16.3003502,0.0349069871,32768,zr,23.51194,30.7224266,3.14400005,0.237000003,20231211156944,651,0x3,0x1,20.2700005,25.9251423,0.0713354126,0.0906156451,7.3227784e-05,30,1.00300002,2,1.0961245883860098,50.0,7.200979616778007,14.256521045997765,16.300350200000004
1645,651203100043542,253515820,2460289.6621603603,60289.158206,16.3434162,0.035225708,32768,zr,23.5119385,30.7224458,3.09500003,0.363000005,20231211158206,651,0x3,0x1,20.1000004,25.7682934,0.0465275794,0.0974043012,3.10099531e-05,30,1.00199997,1,1.053497525849595,50.0,7.158352554241592,14.26296729022436,16.3434162
1646,651203100043542,253618976,2460290.693652116,60290.1897685,16.3699112,0.0354272872,0,zr,23.5119295,30.7224405,2.74699998,0.293000013,20231212189549,651,0x3,0x1,21.2600002,26.9329243,0.066587694,0.0989934728,6.3637548e-05,30,1.00699997,2,1.0281003807794198,51.0,7.132955409171417,14.26682622727877,16.369911199999997
1647,651203100043542,253713422,2460291.6380422655,60291.1342245,16.5031433,0.0365082808,32768,zr,23.5119427,30.7224692,2.88700008,0.122000001,20231213134213,651,0x3,0x1,20.9799995,26.7934246,0.0740513355,0.0896756276,7.88816251e-05,30,1.01300001,2,0.9093743076143199,52.0,6.772632440648165,14.323106233666003,16.503143299999998
1648,651203100043542,253713517,2460291.6389912968,60291.1351736,16.4614887,0.0361578129,32768,zr,23.5119099,30.7224581,2.71700001,0.243000001,20231213135162,651,0x3,0x1,21.0699997,26.7506847,0.0355808698,0.092376031,1.81780342e-05,30,1.01300001,1,0.9449406236271198,52.0,6.579365551217505,14.354539958552465,16.461488699999997
1649,651203100043542,253715892,2460291.662739631,60291.1589236,16.4517632,0.0360776596,32768,zr,23.5119129,30.7224293,2.70099998,0.171000004,20231213158924,651,0x3,0x1,20.9400005,26.7628441,0.0491346829,0.0941777825,3.4940862e-05,30,1.00100005,2,0.9534429679767724,52.0,6.5878678955671575,14.353137795462395,16.451763199999995
1650,651203100043542,254127391,2460295.777429398,60295.273912,16.4651718,0.0361883268,32768,zr,23.5118989,30.7224131,0.85799998,0.057,20231217273912,651,0x3,0x1,18.8500004,25.2224693,0.0474115461,0.101507187,5.58497377e-05,30,1.23099995,2,0.9417405696871938,56.0,6.576165497277579,14.355068164441754,16.4651718
1651,651203100043542,254129798,2460295.801501681,60295.2979861,16.3773346,0.0354845338,32768,zr,23.5119313,30.7224395,1.77199996,0.151999995,20231217297951,651,0x3,0x1,19.6000004,25.7543488,0.0417975113,0.10886886,2.56840867e-05,30,1.36099994,2,1.0210950244852197,56.0,5.8520565206596835,14.481728719998017,16.377334600000005
1652,651203100043542,255112120,2460305.623938763,60305.1212037,16.2803364,0.0347625203,32768,zr,23.5119455,30.7224183,2.82200003,0.247999996,20231227121192,651,0x3,0x1,20.1100006,26.306263,0.0548623279,0.0983882323,4.33714995e-05,30,1.0,2,1.1165172571096467,66.0,5.94747875328411,14.464167751893392,16.280336400000003
1653,651203100043542,255112259,2460305.6253275443,60305.1225926,16.5144043,0.0366050713,32768,zr,23.5118919,30.7225054,0.691999972,0.233999997,20231227122569,651,0x3,0x1,16.8099995,24.0128231,0.0695601255,0.0380151235,0.00258802669,30,1.0,1,0.8999912352631281,66.0,4.299652219919178,14.816416677957015,16.514404300000002
1654,651203100043542,255113373,2460305.6364724115,60305.1337384,16.3658791,0.0353963412,32768,zr,23.5119195,30.7224291,2.91700006,0.328999996,20231227133704,651,0x3,0x1,19.6499996,26.1008949,0.0663027167,0.0857347399,6.339229e-05,30,1.00100005,2,1.0319255368900437,66.0,4.431586521546095,14.783601917962095,16.365879099999994
1655,651203100043542,255317901,2460307.681577274,60307.1790162,16.4188156,0.0358107388,0,zr,23.5119347,30.7224371,2.1500001,0.0949999988,20231229179005,651,0x3,0x1,20.5900002,26.6049156,0.033578787,0.0753393769,1.61535936e-05,30,1.04700005,1,0.9828194894168211,68.0,4.382480474072872,14.795700025519132,16.418815599999995
1656,651203100043542,255317995,2460307.6825146936,60307.1799537,16.3804588,0.0355087295,32768,zr,23.5119309,30.7224488,3.11199999,0.150999993,20231229179954,651,0x3,0x1,20.5,26.495491,0.0460422561,0.0789542273,3.01695654e-05,30,1.04900002,2,1.018161052397213,68.0,4.202970720609919,14.841109088584929,16.380458800000007
1657,651203100043542,255325271,2460307.7552746357,60307.2527199,16.3550797,0.0353139192,0,zr,23.5119145,30.7224349,2.7579999,0.203999996,20231229252569,651,0x3,0x1,19.8099995,26.131031,0.0517069362,0.0945852622,3.83748848e-05,30,1.28799999,2,1.0422409194180438,68.0,4.22705058763075,14.8349063866982,16.355079699999997
1658,651203100043542,255412368,2460308.626160755,60308.1236806,16.4092731,0.0357347317,32768,zr,23.5119415,30.7224491,2.67799997,0.280999988,20231230123553,651,0x3,0x1,21.1200008,26.8393936,0.0986255258,0.099224411,0.000138538744,30,1.0,2,0.9914955286345518,69.0,4.176305196847258,14.84801942847266,16.4092731
1659,651203100043542,255713664,2460311.638861339,60311.1366435,16.5225677,0.036675781,32768,zr,23.5119045,30.7224306,3.13199997,0.263000011,20240102136644,651,0x3,0x1,21.0599995,26.885128,0.0735686794,0.0962832347,7.73436332e-05,30,1.00899994,2,0.8932497842958607,72.0,3.9775119591542896,14.900971264723928,16.522567700000003
1660,651203100043542,255726641,2460311.76861833,60311.266412,16.3817482,0.0355187319,32768,zr,23.5119144,30.7224715,2.66000009,0.0850000009,20240102266389,651,0x3,0x1,20.3999996,26.4139519,0.04882681,0.0883786455,3.3889839e-05,30,1.44500005,2,1.016952621080907,72.0,3.8242375823922905,14.943637837069325,16.381748199999997
1661,651203100043542,256014556,2460314.647517167,60314.1455671,16.3510323,0.0352832191,0,zr,23.5119404,30.7224585,2.6730001,0.0879999995,20240105145567,651,0x3,0x1,20.6700001,26.4872646,0.0374758467,0.0987087414,1.99634469e-05,30,1.02600002,2,1.0461334287178705,75.0,3.853418390029254,14.935384585814099,16.351032300000007
1662,651203100043542,256015542,2460314.657377375,60314.1554282,16.4295483,0.0358969085,0,zr,23.5119164,30.7224355,2.75200009,0.131999999,20240105155405,651,0x3,0x1,20.8500004,26.6879921,0.0312797576,0.09100274,1.37562729e-05,30,1.03999996,1,0.97315200104391,75.0,3.5361500447268526,15.02867328857728,16.4295483
1663,651203100043542,256017702,2460314.6789727253,60314.1770255,16.4209023,0.0358274281,0,zr,23.5119348,30.7224217,2.36899996,0.0659999996,20240105177025,651,0x3,0x1,20.7000008,26.6042824,0.0474451296,0.089848794,3.1993819e-05,30,1.08099997,2,0.9809324012866473,75.0,3.5439304449695896,15.026287025979343,16.4209023
1664,651203100043542,256117129,2460315.6731538726,60315.1712963,16.3239555,0.0350803398,0,zr,23.5118997,30.722458,1.63699996,0.0260000005,20240106171296,651,0x3,0x1,20.3099995,26.369976,0.0368682519,0.100479022,1.93758333e-05,30,1.07500005,2,1.0725506242904543,76.0,3.6355486679733966,14.998575093035903,16.323955500000004
1665,651203100043542,256123907,2460315.7409254964,60315.2390741,16.3496094,0.035272453,0,zr,23.5119339,30.7224209,2.11999989,0.0860000029,20240106238866,651,0x3,0x1,20.5599995,26.4377098,0.042451784,0.1018093,2.55600917e-05,30,1.33399999,2,1.0475053264888747,76.0,3.5354964129314728,15.028873997623215,16.3496094
1666,651203100043542,256125456,2460315.75641018,60315.2545602,16.4241409,0.0358534008,0,zr,23.5119054,30.7224516,2.0150001,0.0979999974,20240106254549,651,0x3,0x1,20.5200005,26.4482708,0.049350258,0.0961801037,3.44840955e-05,30,1.43799996,2,0.9780107760142082,76.0,3.4660018624568063,15.050428020634527,16.424140900000005
1667,651203100043542,256132253,2460315.824378457,60315.3225347,16.2776375,0.0347432196,0,zr,23.5118995,30.7224118,1.33700001,-0.0250000004,20240106322361,651,0x3,0x1,19.2800007,26.2034416,0.0495021194,0.101736121,4.02847581e-05,30,2.3670001,2,1.1192961243896054,76.0,3.6072872108322036,15.007048194859898,16.277637500000004
1668,651203100043542,256718649,2460321.6877980647,60321.1864931,16.4109211,0.0357478186,0,zr,23.5119389,30.7224326,1.91999996,0.0670000017,20240112186424,651,0x3,0x1,20.4400005,26.3722267,0.0412316173,0.0853058472,2.43027498e-05,30,1.16499996,2,0.9899917147542326,82.0,3.4779828011968306,15.046681424841161,16.410921100000003
1669,651203100043542,256724236,2460321.7436608183,60321.2423611,16.307354,0.0349580757,32768,zr,23.5119646,30.7224397,0.847000003,0.101000004,20240112242245,651,0x3,0x1,17.4300003,24.3614197,0.0656450838,0.080117248,0.000589728414,30,1.47000003,2,1.0890765326644236,82.0,3.184106386175982,15.142531075516423,16.307353999999997
1670,651203100043542,256824092,2460322.742132444,60322.2409259,16.2216301,0.034351714,0,zr,23.5119005,30.7224438,0.65200001,-0.0320000015,20240113240891,651,0x3,0x1,19.4500008,26.2654953,0.0464082919,0.0978296399,3.27546768e-05,30,1.48099995,2,1.1785498583427085,83.0,3.273579711854267,15.112442698794041,16.22163009999999
1671,651203100043542,256827003,2460322.7712384905,60322.2700347,16.2351799,0.0344448499,0,zr,23.5118735,30.7223935,1.18400002,-0.0280000009,20240113269711,651,0x3,0x1,19.3899994,26.2429924,0.0440534912,0.106037818,3.03787765e-05,30,1.77900004,2,1.1639331566644295,83.0,3.201813886883073,15.136509790230434,16.2351799
1672,651203100043542,256926240,2460323.763518286,60323.2624074,16.251255,0.0345566459,0,zr,23.5119239,30.7224338,0.907000005,-0.00800000038,20240114262407,651,0x3,0x1,18.9200001,26.0870743,0.0464884974,0.0863471627,4.86358113e-05,30,1.71800005,2,1.146827240075697,84.0,3.1847079702943404,15.142325963034601,16.251255000000008
1673,651203100043542,256930495,2460323.8060605484,60323.3049537,16.2653008,0.0346554853,0,zr,23.5118983,30.7224341,1.15999997,-0.0240000002,20240114304954,651,0x3,0x1,19.2299995,26.1631622,0.047712747,0.11230325,3.91484718e-05,30,2.4749999,2,1.1320866785233723,84.0,3.1149100809744548,15.166386214326039,16.2653008
1674,651203100043542,257013556,2460324.6365960925,60324.1355671,16.4510422,0.0360717475,32768,zr,23.5119152,30.7224407,1.41499996,0.0700000003,20240115135532,651,0x3,0x1,18.6900005,24.7463722,0.0449778847,0.0686290488,6.27591653e-05,30,1.05200005,1,0.9540763268695726,85.0,2.936899729320655,15.23027720191407,16.451042199999996
1675,651203100043542,257221254,2460326.713379459,60326.2125463,16.4477673,0.0360449068,0,zr,23.511944,30.7224303,2.28699994,0.214000002,20240117212315,651,0x3,0x1,20.6700001,26.6399326,0.0488499701,0.0973022506,3.46907182e-05,30,1.35599995,2,0.9569584463966587,87.0,2.8867203099255425,15.24898823058242,16.447767300000002
1676,651203100043542,257315336,2460327.654112317,60327.1533681,16.328949,0.0351174213,0,zr,23.5118836,30.7224243,1.48599994,0.0,20240118153356,651,0x3,0x1,19.9599991,26.3428898,0.0421805419,0.088065125,2.56901985e-05,30,1.11199999,2,1.0676290933811188,88.0,2.8968972602624463,15.245167267420605,16.328949
1677,651203100043542,257319167,2460327.6924187667,60327.1916782,16.3507919,0.0352814049,0,zr,23.5119114,30.7224258,2.7349999,0.119000003,20240118191377,651,0x3,0x1,20.2399998,26.3677273,0.0432659052,0.0938978717,2.67620271e-05,30,1.255,2,1.0463650856519418,88.0,2.8280341387236563,15.27128838060208,16.350791899999997
1678,651203100043542,258016288,2460334.6629601237,60334.1628819,16.4102364,0.035742376,0,zr,23.511907,30.722439,2.59899998,0.137999997,20240125162870,651,0x3,0x1,20.1100006,26.4024658,0.0368824899,0.0844350606,1.95037337e-05,30,1.21099997,2,0.9906162321141321,95.0,2.7722852851858466,15.292905200476298,16.410236399999995
1679,651203100043542,258016381,2460334.663897536,60334.1638194,16.3730545,0.0354514867,0,zr,23.5119347,30.7224323,2.102,0.0930000022,20240125163819,651,0x3,0x1,19.8899994,26.3111877,0.0358556919,0.0911025852,1.83215725e-05,30,1.21500003,1,1.0251282458326583,95.0,2.5162995300548756,15.398094158755171,16.373054500000002
1680,651203100043542,258019282,2460334.692899453,60334.1928241,16.3960266,0.0356301852,32768,zr,23.511928,30.7224534,2.04500008,0.075000003,20240125192593,651,0x3,0x1,19.4899998,26.1620598,0.0469924957,0.082195051,3.28864298e-05,30,1.36899996,2,1.0036663412899531,95.0,2.4948376255121705,15.407394287064243,16.396026599999992
1681,651203100043542,258313972,2460337.6395175043,60337.1397222,16.4354,0.0359442122,32768,zr,23.5119406,30.722417,1.61000001,0.0780000016,20240128139387,651,0x3,0x1,19.3899994,25.7784805,0.0438670106,0.0814548135,3.0077108e-05,30,1.15400004,2,0.9679211952194338,98.0,2.4590924794416513,15.423062845949083,16.43540000000001
1682,651203100043542,258423574,2460338.735431952,60338.2357407,16.2299023,0.0344084539,32768,zr,23.5118539,30.7223862,0.386999995,0.0120000001,20240129235729,651,0x3,0x1,16.6499996,24.1735802,0.0688999593,0.024272019,0.00481054606,30,1.90999997,1,1.1696046331873513,99.0,2.555807493845122,15.381179652016982,16.2299023
1683,651203100043542,258425079,2460338.7504884033,60338.2507986,16.3088646,0.0349691361,32768,zr,23.5118034,30.7223513,0.538999975,0.149000004,20240129250613,651,0x3,0x1,17.5400009,25.4957047,0.0675679147,0.119377598,0.000470375031,30,2.17199993,2,1.087562338823201,99.0,2.4409986795897307,15.431081138764533,16.3088646
1684,651203100043542,258524942,2460339.7490165513,60339.2494213,16.3989449,0.0356531218,0,zr,23.5119477,30.7224601,1.76499999,0.057,20240130249317,651,0x3,0x1,19.7900009,26.2329559,0.0452943891,0.0932721645,2.94545462e-05,30,2.19899988,2,1.000972255346749,100.0,2.354408596113279,15.470295413163747,16.398944899999996
1685,651203100043542,258525388,2460339.7534837206,60339.2538889,16.3614845,0.035362713,0,zr,23.5119263,30.7224348,1.64199996,0.0599999987,20240130253380,651,0x3,0x1,19.6599998,26.2164326,0.0465769246,0.0969573706,3.11597323e-05,30,2.29500008,2,1.0361107984812368,100.0,2.3578179893702833,15.46872430775354,16.361484499999996
1686,651203100043542,258715430,2460341.653721049,60341.1543056,16.4189682,0.035811957,0,zr,23.511902,30.72246,2.66700006,0.119000003,20240201154271,651,0x3,0x1,20.6000004,26.539875,0.0320120342,0.0800929219,1.47762903e-05,30,1.25999999,2,0.9826813640469301,102.0,2.3043885549359766,15.493610726059195,16.418968200000002
1687,651203100043542,258717055,2460341.669969504,60341.1705556,16.5002728,0.0364837497,32768,zr,23.5119254,30.7224062,1.00600004,0.108000003,20240201170451,651,0x3,0x1,18.0699997,24.3014317,0.073781319,0.0703788772,0.000365650281,30,1.35000002,2,0.9117817180440927,102.0,2.1729796558679593,15.557360849161462,16.500272799999998
1688,651203100043542,259715346,2460351.651949942,60351.1534606,16.3408585,0.0352064781,0,zr,23.5119316,30.7224488,0.731000006,-0.0450000018,20240211153461,651,0x3,0x1,20.0599995,26.3340397,0.0461457036,0.0836078748,3.01327527e-05,30,1.41799998,1,1.0559822057334785,112.0,2.317180143557345,15.487600504312589,16.340858500000003
1689,651203100043542,259913100,2460353.62931835,60353.1310069,16.3842773,0.0355383791,0,zr,23.5119044,30.7224287,2.15499997,0.0780000016,20240213130984,651,0x3,0x1,20.3099995,26.4184723,0.042883914,0.0793710425,2.63128732e-05,30,1.30900002,1,1.0145865015532949,114.0,2.023212821340808,15.634896078697572,16.3842773
1690,651203100043542,259913194,2460353.6302557653,60353.1319444,16.3730698,0.0354516059,0,zr,23.5119014,30.7224308,2.36299992,0.0820000023,20240213131944,651,0x3,0x1,20.3500004,26.4412365,0.048426073,0.0836210996,3.35889454e-05,30,1.31500006,2,1.0251138000109408,114.0,1.9915897535091323,15.652000291959872,16.373069800000003
1691,651203100043542,260114068,2460355.638815874,60355.1406829,16.3843002,0.0355385542,0,zr,23.5119046,30.7224256,2.81999993,0.261000007,20240215140625,651,0x3,0x1,20.4599991,26.4455357,0.0401262864,0.105833121,2.31264457e-05,30,1.40499997,1,1.0145651024456976,116.0,1.9810410559438891,15.657766309658022,16.384300200000006
1692,651203100043542,260413466,2460358.6325363335,60358.1346644,16.4457264,0.0360282212,0,zr,23.5119327,30.7224422,2.52600002,0.243000001,20240218134664,651,0x3,0x1,20.5100002,26.6080399,0.0296379048,0.0914967805,1.25821125e-05,30,1.41999996,1,0.9587589696296426,119.0,1.8854202763900778,15.711479566732315,16.445726400000005
1693,651203100043542,269648832,2460450.983554275,60450.4883218,16.2000885,0.0342056528,32768,zr,23.5118134,30.7224234,0.388000011,0.328000009,20240520487604,651,0x3,0x1,17.2299995,26.0234814,0.0766995326,0.109709211,0.000928250316,30,2.87599993,1,1.2021664402190633,211.0,2.0731355673418532,15.608430743531123,16.2000885
1694,651203100043542,269748666,2460451.981939882,60451.4866667,16.4091816,0.0357340053,0,zr,23.5119137,30.7224675,0.878000021,0.050999999,20240521485961,651,0x3,0x1,18.7199993,26.0030422,0.0488265529,0.102364451,6.10388379e-05,30,2.83800006,1,0.9915790900589093,212.0,1.1933376103670663,16.20809167880227,16.409181600000004
1695,651203100043542,269748712,2460451.982402802,60451.4871296,16.4177742,0.0358024091,0,zr,23.5119031,30.7224432,0.615999997,-0.00899999961,20240521487130,651,0x3,0x1,18.4699993,26.0176601,0.0452179946,0.089919962,7.52899941e-05,30,2.81900001,1,0.9837626275615221,212.0,1.182973331732089,16.21756261436453,16.417774200000004
1696,651203100043542,269848432,2460452.979643946,60452.4843287,16.3668213,0.0354035608,32768,zr,23.5119675,30.7224671,0.842999995,-0.0399999991,20240522483634,651,0x3,0x1,18.3999996,25.9234142,0.063254647,0.0951520801,0.000147443468,30,2.82399988,1,1.0310304221401978,213.0,1.2302411263107647,16.175024397086396,16.366821300000005
1697,651203100043542,269848480,2460452.9801184665,60452.4848032,16.3729877,0.0354509726,32768,zr,23.5119602,30.7224064,1.24300003,-0.0240000002,20240522484803,651,0x3,0x1,18.4599991,25.9305954,0.0591675602,0.088683337,0.000119247568,30,2.80500007,1,1.0251913188637884,213.0,1.2218958242836422,16.182414548382916,16.372987700000003
1698,651203100043542,269848527,2460452.980593089,60452.4852778,16.3870602,0.0355600528,32768,zr,23.5119395,30.7224499,0.939999998,0.0309999995,20240522485266,651,0x3,0x1,18.5200005,25.9497089,0.0481576957,0.0784952193,7.36058719e-05,30,2.78900003,1,1.0119892985302674,213.0,1.2086938039501212,16.19420926045583,16.3870602
1699,1648211100015370,270247968,2460456.9751848304,60456.4796875,16.3816681,0.0189017504,0,zr,23.5119211,30.7224503,1.63600004,0.127000004,20240526479664,1648,0xb,0x1,19.3099995,26.2414589,0.0430147722,0.10876292,2.63255479e-05,30,2.79399991,1,1.0170276493515216,217.0,1.2137321547713753,16.189692855925692,16.381668100000006
1700,1648211100015370,270248015,2460456.975647853,60456.4801505,16.4190063,0.0190681834,0,zr,23.5119151,30.7224039,2.00600004,0.184,20240526480150,1648,0xb,0x1,19.3700008,26.2469387,0.039971225,0.118086636,2.14283718e-05,30,2.77800012,1,0.9826468809902809,217.0,1.1697260969589738,16.229789551842735,16.4190063
1701,1648211100015370,270248062,2460456.9761223765,60456.480625,16.4009361,0.0189868398,0,zr,23.5119166,30.7224162,1.61600006,0.0900000036,20240526480625,1648,0xb,0x1,19.3199997,26.2468281,0.0384040177,0.114931643,2.04733169e-05,30,2.76200008,1,0.9991381916081247,217.0,1.1862174075768177,16.21458926761077,16.400936100000003
1702,1648211100015370,270347805,2460457.973601768,60457.4780556,16.4440708,0.0191835538,0,zr,23.5119266,30.7223846,2.95799994,0.254000008,20240527478032,1648,0xb,0x1,19.8199997,26.228529,0.0351606533,0.127364576,1.48124664e-05,30,2.75699997,1,0.9602220618458712,218.0,1.1473012778145641,16.250806306791382,16.4440708
1703,1648211100015370,270347851,2460457.974064689,60457.4785185,16.400013,0.0189827196,0,zr,23.5119617,30.7224062,3.33100009,0.310000002,20240527478519,1648,0xb,0x1,19.9400005,26.233408,0.0346727259,0.120405257,1.45457152e-05,30,2.74099994,1,0.9999880266292052,218.0,1.184756805949843,16.215926969437042,16.400012999999994
1704,1648211100015370,270347899,2460457.974539315,60457.4789931,16.4157906,0.0190535933,0,zr,23.5119332,30.7224203,2.80500007,0.335999995,20240527478993,1648,0xb,0x1,19.9300003,26.2481823,0.0339375921,0.122037001,1.37873149e-05,30,2.7249999,1,0.985561568396066,218.0,1.170330347716704,16.229228832941708,16.4157906
1705,651203100043542,270447541,2460458.971012962,60458.4754167,16.4423523,0.0360006951,0,zr,23.5119643,30.7224545,2.24300003,0.133000001,20240528475417,651,0x3,0x1,19.6800003,26.1349182,0.0416730307,0.104033157,2.53489161e-05,30,2.58599997,1,0.9617431018691323,219.0,1.14651188118977,16.251553600899392,16.442352300000003
1706,651203100043542,270447729,2460458.97288806,60458.4772917,16.4083385,0.0357273184,0,zr,23.5119549,30.7224344,1.81400001,0.0879999995,20240528477292,651,0x3,0x1,19.5599995,26.1598434,0.0436690934,0.0954626203,2.83195459e-05,30,2.53299999,1,0.9923493738518453,219.0,1.1748445419058833,16.225048991053136,16.408338500000006
1707,651203100043542,270447776,2460458.973362586,60458.4777662,16.3919182,0.0355979912,0,zr,23.5119273,30.7224479,1.81599998,0.130999997,20240528477755,651,0x3,0x1,19.5699997,26.1373711,0.0413340516,0.103648737,2.47999924e-05,30,2.51999998,1,1.0074713854348023,219.0,1.1899665534888404,16.21116311298794,16.3919182
1708,651203100043542,270546792,2460459.9635755946,60459.4679282,16.4223404,0.0358389579,0,zr,23.5119604,30.7224571,2.47399998,0.0939999968,20240529467928,651,0x3,0x1,19.8099995,26.0999088,0.0389379747,0.0937113985,2.17930992e-05,30,2.73099995,1,0.9796339781127459,220.0,1.162129146166784,16.236864016458433,16.422340400000003
1709,651203100043542,270547126,2460459.9669091753,60459.4712616,16.3822289,0.0355224647,0,zr,23.5119011,30.7224399,2.60299993,0.173999995,20240529471262,651,0x3,0x1,19.8400002,26.0987053,0.0404412672,0.0927761495,2.35118314e-05,30,2.62700009,1,1.0165024740544175,220.0,1.1967601239275594,16.204982224849466,16.382228899999994
1710,651203100043542,270547604,2460459.971689528,60459.4760417,16.4412079,0.0359913781,0,zr,23.5119369,30.7224205,2.86199999,0.172999993,20240529476042,651,0x3,0x1,19.7000008,26.1028137,0.045113042,0.0971692055,2.93592148e-05,30,2.4920001,1,0.9627573436786745,220.0,1.1430149935518163,16.254870181723724,16.441207900000002
1711,651203100043542,270646790,2460460.9636053066,60460.4679051,16.3805866,0.0355097167,32768,zr,23.5119133,30.7224734,2.28600001,0.133000001,20240530467905,651,0x3,0x1,20.0200005,26.1370296,0.0590623617,0.0913859159,5.02707844e-05,30,2.64599991,1,1.0180412135965242,221.0,1.198298863469666,16.203587131476645,16.380586600000008
1712,651203100043542,270647225,2460460.9679573453,60460.4722569,16.4083824,0.0357276686,0,zr,23.5118904,30.7224516,3.29999995,0.244000003,20240530472257,651,0x3,0x1,20.0400009,26.1618958,0.0381496325,0.100696445,2.09642876e-05,30,2.52099991,1,0.9923092506095689,221.0,1.170364760644745,16.22919690792785,16.4083824
1713,651203100043542,270647607,2460460.971777052,60460.4760764,16.5005131,0.0364858061,0,zr,23.5119139,30.7224505,2.60700011,0.162,20240530476065,651,0x3,0x1,19.8099995,26.1592026,0.0400525853,0.0962151885,2.35411262e-05,30,2.421,1,0.9115799407602115,221.0,1.0896354507953876,16.3067969390684,16.5005131
1714,651203100043542,270746865,2460461.9644117323,60461.4686574,16.4465466,0.036034923,0,zr,23.5119548,30.722437,2.34699988,0.107000001,20240531468646,651,0x3,0x1,20.2099991,26.3740349,0.0384580232,0.0923467651,2.13696203e-05,30,2.54500008,1,0.9580349658135344,222.0,1.1360904758487105,16.261467702378546,16.446546599999998
1715,651203100043542,270747247,2460461.968231446,60461.4724769,16.4113503,0.035751231,0,zr,23.511941,30.7224413,2.91599989,0.294,20240531472465,651,0x3,0x1,20.1800003,26.2637615,0.0430555269,0.0950662121,2.69037228e-05,30,2.44300008,1,0.9896004406407264,222.0,1.165488491495839,16.23373002630344,16.411350300000002
1716,651203100043542,270747628,2460461.9720394593,60461.4762847,16.4236012,0.0358490646,0,zr,23.5119329,30.7224233,2.68799996,0.224000007,20240531476273,651,0x3,0x1,20.0699997,26.2340355,0.0447278023,0.093303442,2.91068754e-05,30,2.34899998,1,0.9784970484837575,222.0,1.15438509933887,16.244123219245587,16.4236012
1717,1648211100015370,270846671,2460462.96252257,60462.466713,16.3674316,0.0188399684,0,zr,23.5119429,30.7223999,3.18700004,0.335000008,20240601466701,1648,0xb,0x1,20.4899998,26.2405777,0.0306596979,0.123745956,1.12420612e-05,30,2.68000007,1,1.0304510355014687,223.0,1.2063390863565813,16.196326501147418,16.367431599999996
1718,1648211100015370,270846910,2460462.9649185077,60462.4691088,16.3835583,0.0189100262,1,zr,23.5119306,30.7224197,2.94199991,0.270000011,20240601469097,1648,0xb,0x1,20.5300007,26.2667313,0.0306680761,0.127262816,1.1214971e-05,30,2.60500002,1,1.015258607067224,223.0,1.1890131982934244,16.21203331148903,16.383558299999997
1719,1648211100015370,270847363,2460462.9694442647,60462.4736343,16.4409981,0.0191692468,0,zr,23.511947,30.7224056,2.67499995,0.25999999,20240601473623,1648,0xb,0x1,20.2700005,26.2653522,0.030944664,0.115237795,1.14552504e-05,30,2.4749999,1,0.9629433980870116,223.0,1.136697989313212,16.260887270552963,16.440998099999995
1720,1648211100015370,270946512,2460463.960993371,60463.4651273,16.3793869,0.0188917927,0,zr,23.5119361,30.7224336,2.45300007,0.0850000009,20240602465127,1648,0xb,0x1,19.9500008,26.1986961,0.036650449,0.126093477,1.61544449e-05,30,2.64400005,1,1.0191667347480942,224.0,1.1929213259742946,16.208470493552348,16.379386900000007
1721,1648211100015370,270946896,2460463.9648361956,60463.4689699,16.358881,0.0188032947,0,zr,23.5119216,30.7224454,1.63499999,0.0340000018,20240602468970,1648,0xb,0x1,19.8199997,26.2111778,0.0371148176,0.116184145,1.65862475e-05,30,2.52900004,1,1.0385982823101576,224.0,1.2102527484783154,16.192809806013052,16.358881000000004
1722,1648211100015370,270947282,2460463.9686906203,60463.4728241,16.3653755,0.0188311189,0,zr,23.511923,30.722416,2.08200002,0.104999997,20240602472824,1648,0xb,0x1,19.7700005,26.2256508,0.0366138741,0.116862491,1.6371665e-05,30,2.42400002,1,1.0324042887622813,224.0,1.2040587549304391,16.198380800304527,16.365375499999992
1723,1648211100015370,271046608,2460464.962011949,60464.466088,16.4503632,0.0192129817,32768,zr,23.5119529,30.722406,2.91799998,0.323000014,20240603466088,1648,0xb,0x1,19.75,25.5719585,0.0806010738,0.108176574,7.85046141e-05,30,2.53299999,1,0.954673175747019,225.0,1.1263276419151769,16.270838143654636,16.450363200000005
1724,1648211100015370,271046995,2460464.965877879,60464.4699537,16.4344463,0.0191389006,32768,zr,23.5119536,30.7224362,2.50699997,0.333000004,20240603469942,1648,0xb,0x1,19.6800003,25.5149593,0.0425156131,0.120113112,2.27479777e-05,30,2.42799997,1,0.9687717811927002,225.0,1.1383588075591082,16.25930206984774,16.434446299999998
1725,1648211100015370,271047380,2460464.9697323097,60464.4738079,16.457428,0.0192462523,32768,zr,23.5119372,30.722397,2.19799995,0.164000005,20240603473796,1648,0xb,0x1,19.8400002,25.8640022,0.0386849903,0.110178143,1.83514603e-05,30,2.33100009,1,0.9484813592357343,225.0,1.1180683856021423,16.278829081058326,16.457428
1726,1648211100015370,271146601,2460465.9620014844,60465.4660185,16.4468727,0.0191966332,32768,zr,23.5119206,30.7224312,2.21499991,0.298000008,20240604466019,1648,0xb,0x1,19.3299999,24.8953362,0.0492112823,0.122410282,4.0680352e-05,30,2.46000004,1,0.9577472639861011,226.0,1.1273342903525092,16.26986820693883,16.446872699999993
1727,1648211100015370,271146997,2460465.9659601264,60465.4699769,16.4810143,0.0193590932,32768,zr,23.5118921,30.7223982,2.38400006,0.263000011,20240604469965,1648,0xb,0x1,19.2000008,24.8554878,0.0488410257,0.127824143,4.45391634e-05,30,2.35800004,1,0.9280989471463784,226.0,1.0956505849044984,16.30081981271882,16.48101429999999
1728,1648211100015370,271147393,2460465.969918663,60465.4739352,16.4818363,0.0193630774,32768,zr,23.5119524,30.7224297,3.26999998,0.349999994,20240604473924,1648,0xb,0x1,19.5,25.0882797,0.0479115099,0.117535442,3.29706345e-05,30,2.26399994,1,0.9273965586535493,226.0,1.0949481964116694,16.301516068600186,16.481836300000005
1729,1648211100015370,271246554,2460466.9615871888,60466.465544,16.3821945,0.0189040564,0,zr,23.5119287,30.7224244,2.42600012,0.135000005,20240605465544,1648,0xb,0x1,20.25,26.2320004,0.0297703687,0.11754638,1.0642696e-05,30,2.4000001,1,1.0165346809928035,227.0,1.1840863187509236,16.216541592025216,16.382194500000004
1730,1648211100015370,271246950,2460466.9655457344,60466.4695023,16.3545609,0.01878489,0,zr,23.5119272,30.7224079,2.72900009,0.140000001,20240605469491,1648,0xb,0x1,20.1000004,26.2422371,0.0304280203,0.119891949,1.10790797e-05,30,2.3039999,1,1.0427390549621045,227.0,1.2082867360553975,16.194574979871398,16.354560900000003
1731,1648211100015370,271247344,2460466.9694927777,60466.4734491,16.4151955,0.0190508999,0,zr,23.5119434,30.722404,2.7249999,0.156000003,20240605473449,1648,0xb,0x1,19.9799995,26.2529793,0.0318824761,0.117136776,1.21675957e-05,30,2.21499991,1,0.9861019100101152,227.0,1.1516495911034081,16.246699105666615,16.415195500000003
1732,1648211100015370,271446429,2460468.960461092,60468.464294,16.324913,0.0186607875,0,zr,23.5119418,30.7224077,2.8670001,0.349000007,20240607464225,1648,0xb,0x1,20.6700001,26.2733688,0.0285530034,0.111312091,9.6769536e-06,30,2.2980001,1,1.0716051694781004,229.0,1.2371528505713933,16.16894159963622,16.324913000000002
1733,1648211100015370,271446777,2460468.9639451173,60468.4677778,16.3740005,0.0188683607,0,zr,23.5119233,30.7223744,3.76200008,0.307000011,20240607467697,1648,0xb,0x1,20.6900005,26.2884407,0.0281230155,0.113817222,9.4311763e-06,30,2.2190001,1,1.0242354424436035,229.0,1.185867100765748,16.214909948251766,16.3740005
1734,1648211100015370,271447127,2460468.96744064,60468.4712731,16.4168911,0.0190585852,0,zr,23.5119437,30.7224274,2.76999998,0.25,20240607471192,1648,0xb,0x1,20.6900005,26.2913704,0.0273867175,0.120476037,8.97672362e-06,30,2.14599991,1,0.9845631113054288,229.0,1.1461947696275732,16.25185394416929,16.416891100000008
1735,651203100043542,271546412,2460469.960351191,60469.4641204,16.3484268,0.0352635123,1,zr,23.5119417,30.722442,1.44700003,0.0320000015,20240608464074,651,0x3,0x1,20.1800003,26.2705612,0.0381371006,0.0854474977,2.11173156e-05,30,2.14100003,1,1.048646906448511,230.0,1.2102785647706555,16.192786646070353,16.34842679999999
1736,651203100043542,271547106,2460469.9672960425,60469.4710648,16.3920631,0.0355991162,0,zr,23.5119704,30.7224564,2.23799992,0.0659999996,20240608471019,651,0x3,0x1,20.1599998,26.3233032,0.0364089757,0.095047839,1.94384265e-05,30,2.0150001,1,1.0073369394595453,230.0,1.1670553637144117,16.232271352634335,16.392063099999994
1737,651203100043542,271646401,2460470.9603118133,60470.4640162,16.3712006,0.0354372114,1,zr,23.5119276,30.7224773,2.04699993,0.0240000002,20240609463970,651,0x3,0x1,20.0799999,26.2714424,0.0431438908,0.0931843221,2.72595662e-05,30,2.09200001,1,1.026880152708888,231.0,1.1865985769637544,16.214240442072004,16.3712006
1738,651203100043542,271647091,2460470.9672104716,60470.4709144,16.3716145,0.0354403965,1,zr,23.5119311,30.7224533,1.36500001,0.0189999994,20240609470868,651,0x3,0x1,20.0599995,26.3538742,0.0461972691,0.100774534,3.0846455e-05,30,1.972,1,1.026488764183443,231.0,1.1843230496514918,16.216324545670126,16.3716145
1739,651203100043542,275440408,2460508.903457195,60508.4040856,16.1809464,0.0340779312,32768,zr,23.5119385,30.7224193,0.726999998,0.0320000015,20240717404086,651,0x3,0x1,18.2700005,23.5317879,0.436183423,0.20582138,0.0141037619,30,1.528,1,1.22354920730884,269.0,1.3813834927768889,16.049214345051446,16.180946400000003
1740,651203100043542,275735996,2460511.859607394,60511.3599653,16.4452209,0.0360240899,0,zr,23.5119576,30.7224287,2.17400002,0.164000005,20240720359965,651,0x3,0x1,19.7700005,26.1414909,0.0381551012,0.0859989151,2.14627253e-05,30,1.95599997,1,0.9592054551548489,272.0,1.062520359486907,16.334156848657408,16.445220900000002
1741,651203100043542,276446591,2460518.966211041,60518.4659144,16.5392723,0.0368219353,32769,zr,23.5119728,30.7224236,3.19000006,0.342000008,20240727465671,651,0x3,0x1,20.75,26.7359161,0.0650324896,0.0963573158,6.19106431e-05,30,1.08700001,1,0.8796118672586323,279.0,0.9797293410433574,16.422234713642162,16.5392723
1742,651203100043542,276640026,2460520.900741102,60520.4002662,16.4508286,0.0360699892,0,zr,23.5119632,30.7224593,3.02200007,0.244000003,20240729400255,651,0x3,0x1,20.8199997,26.685442,0.0580610968,0.108573593,4.91623177e-05,30,1.32000005,1,0.9542640435082961,281.0,1.047394843767281,16.34972392105704,16.4508286
1743,651203100043542,277241307,2460526.9141051625,60526.4130787,16.4852581,0.0363563597,0,zr,23.511924,30.7224315,2.91899991,0.412,20240804413067,651,0x3,0x1,21.2000008,26.6945839,0.0419258364,0.0903571025,2.55990963e-05,30,1.18200004,1,0.9244783818447518,287.0,1.0157272073377577,16.38305728587701,16.485258100000003
1744,651203100043542,277442824,2460528.929450357,60528.4282407,16.6750031,0.0380859338,32768,zr,23.5119144,30.7224538,2.6500001,0.209000006,20240806428218,651,0x3,0x1,21.2700005,27.0956936,0.20705457,0.0786538944,0.00061970856,30,1.11399996,1,0.7762449002868026,289.0,0.8621289609107357,16.561069414258334,16.675003100000005
1745,651203100043542,277839005,2460532.8917975505,60532.3900579,16.50103,0.0364902094,32768,zr,23.5119272,30.7224208,3.27399993,0.256000012,20240810390035,651,0x3,0x1,21.4500008,27.6553612,0.122971848,0.0842278972,0.000217306937,60,1.20899999,1,0.9111460567991558,293.0,0.9953307871564107,16.405081405768037,16.501030000000007
1746,651203100043542,277938376,2460533.8855897095,60533.3837616,16.5313263,0.0367521681,32768,zr,23.5119389,30.7224158,3.20700002,0.282000005,20240811383750,651,0x3,0x1,21.6499996,27.7127285,0.141875356,0.0803968385,0.000290780852,60,1.22399998,1,0.8860729527859652,294.0,0.966984330816391,16.43645140810974,16.531326299999996
1747,651203100043542,278536152,2460539.863704645,60539.3615278,16.3989868,0.0356534533,0,zr,23.5119347,30.7224565,2.61899996,0.197999999,20240817361389,651,0x3,0x1,20.3799992,26.4762383,0.030899303,0.0995925069,1.39380245e-05,30,1.25100005,1,1.0009336272453324,300.0,1.0810518495922155,16.315383689603827,16.398986799999996
1748,651203100043542,278943033,2460543.932856628,60543.4303356,16.3343315,0.0351575688,32768,zr,23.5119333,30.7224286,2.85700011,0.287,20240821430336,651,0x3,0x1,20.4400005,26.5533924,0.0588711388,0.0941997841,5.03361116e-05,30,1.02699995,1,1.0623494563873634,304.0,1.1379087953055873,16.259731364366523,16.334331499999998
1749,651203100043542,279138748,2460545.8901711255,60545.3874884,16.3781319,0.0354907028,0,zr,23.5119465,30.7224327,2.90799999,0.199000001,20240823387488,651,0x3,0x1,20.3400002,26.5215321,0.0421849489,0.0839515626,2.6079093e-05,30,1.09800005,1,1.0203454683662259,306.0,1.0930458650278516,16.303404035860886,16.378131899999993
1750,651203100043542,279440599,2460548.908922168,60548.4059954,16.4162407,0.0357901715,0,zr,23.511914,30.7224126,2.43799996,0.0860000029,20240826405995,651,0x3,0x1,20.5599995,26.5958824,0.0407574251,0.101023063,2.41738398e-05,30,1.04299998,1,0.9851530812114268,309.0,1.056474949796105,16.340351990244976,16.416240699999996
1751,651203100043542,279642459,2460550.9276809334,60550.4245949,16.4741879,0.0362634212,32768,zr,23.5119147,30.7224505,3.08500004,0.289000005,20240828424560,651,0x3,0x1,21.4300003,27.0087166,0.111161992,0.0964616984,0.000178207192,30,1.01300001,1,0.9339526097668532,311.0,1.0032676039709039,16.396458027800783,16.474187899999997
1752,651203100043542,279836722,2460552.8704582844,60552.3672222,16.4949017,0.0364380069,32768,zr,23.5119518,30.722421,3.18899989,0.340000004,20240830367199,651,0x3,0x1,21.3299999,26.9054127,0.111338079,0.092528075,0.000177992159,30,1.10099995,1,0.9163034463235238,313.0,0.9843197727143393,16.417159477080084,16.494901700000007
1753,651203100043542,280342714,2460557.9307521814,60557.4271412,16.4221077,0.0358370915,32768,zr,23.511939,30.7224286,3.08500004,0.310000002,20240904427106,651,0x3,0x1,21.3999996,26.9805126,0.101166479,0.0915131345,0.000149140862,30,1.00100005,1,0.9798439602946607,318.0,1.0465919692633623,16.35055650505813,16.422107700000005
1754,651203100043542,280744320,2460561.9470964833,60561.443206,16.3712044,0.0354372375,0,zr,23.5119345,30.7224351,2.921,0.345999986,20240908443137,651,0x3,0x1,20.9699993,26.508564,0.0374075249,0.104710825,2.04785538e-05,30,1.00399995,1,1.0268765587071975,322.0,1.0905809599440357,16.305855221930678,16.371204400000003
1755,651203100043542,281036353,2460564.867612921,60564.3635301,16.4675865,0.0362083837,32768,zr,23.5119394,30.7224369,2.13899994,0.151999995,20240911363495,651,0x3,0x1,21.0499992,26.7549896,0.0696850941,0.0812832862,7.02160978e-05,30,1.04100001,1,0.9396484463130024,325.0,1.0010421273727925,16.398869113742855,16.467586500000003
1756,651203100043542,281246362,2460566.967837861,60566.4636227,16.53615,0.0367944688,32768,zr,23.5119211,30.7224474,2.46399999,0.26699999,20240913463507,651,0x3,0x1,21.1800003,26.7670841,0.128498018,0.096846424,0.000238604698,30,1.03799999,1,0.882145046956555,327.0,0.9418741298114034,16.46501782895418,16.53615
1757,651203100043542,281830037,2460572.8049256215,60572.3003704,16.4434319,0.0360095017,32768,zr,23.5119439,30.7224522,2.62700009,0.370999992,20240919300336,651,0x3,0x1,20.1100006,26.4332275,0.0652222186,0.0780627802,6.1354549e-05,30,1.13699996,1,0.9607872694999032,333.0,1.0194378696160489,16.379098093682565,16.4434319
1758,651203100043542,282134321,2460575.8479331834,60575.3432176,16.3038101,0.034932185,32768,zr,23.511931,30.7224396,2.61299992,0.246000007,20240922343218,651,0x3,0x1,20.6000004,26.5502491,0.075817734,0.101397604,8.32273654e-05,30,1.02699995,1,1.0926371435193436,336.0,1.148194897889916,16.24996096822938,16.3038101
1759,651203100043542,282237998,2460576.8847558536,60576.3799884,16.3995819,0.0356581435,32768,zr,23.511928,30.7224164,3.11299992,0.30399999,20240923379803,651,0x3,0x1,20.9799995,26.736187,0.063268654,0.0921300128,5.81041095e-05,30,1.0,1,1.0003851584854326,337.0,1.0544727784714663,16.342411568052647,16.39958190000001
1760,651203100043542,282340476,2460577.9095858005,60577.4047685,16.4714699,0.0362407267,32768,zr,23.511953,30.7224117,2.74499989,0.25999999,20240924404757,651,0x3,0x1,21.1599998,26.9152679,0.103016868,0.0979259908,0.000154879614,30,1.00699997,1,0.9362935681112877,338.0,0.9899019421193151,16.411019559227505,16.471469899999995
1761,651203100043542,282548872,2460579.9936411185,60579.4887269,16.4497089,0.0360608101,32768,zr,23.5119534,30.7224435,2.59599996,0.25999999,20240926488518,651,0x3,0x1,20.9500008,26.7011986,0.054742787,0.0981014222,4.39994546e-05,30,1.20099998,1,0.9552486662842,340.0,1.0083830734836525,16.390936132286534,16.449708899999997
1762,651203100043542,282746211,2460581.9671185864,60581.4621181,16.397068,0.0356383659,32768,zr,23.5119131,30.7224475,2.47199988,0.223000005,20240928462106,651,0x3,0x1,21.2800007,26.8907948,0.093935363,0.0934636146,0.000127220148,30,1.12600005,1,1.0027041213554617,342.0,1.054906151944396,16.341965437421898,16.397067999999997
1763,651203100043542,283724743,2460591.7527749124,60591.2474306,16.5224953,0.0366751514,32768,zr,23.5119125,30.7224639,3.21199989,0.349999994,20241008247431,651,0x3,0x1,21.1900005,26.9039249,0.139244139,0.0921914503,0.000282946916,30,1.13999999,1,0.8933093507360184,352.0,0.9445992910274963,16.461880961801334,16.522495299999996
1764,651203100043542,283939780,2460593.903201362,60593.3978009,16.3708725,0.0354346782,0,zr,23.5119314,30.7224324,2.23399997,0.291000009,20241010397766,651,0x3,0x1,21.0300007,26.6293011,0.0301798433,0.0999749079,1.32490677e-05,30,1.051,1,1.0271905138157635,354.0,1.0742062326772055,16.3222808303075,16.370872499999997
1765,651203100043542,284239406,2460596.8995291544,60596.3940625,16.3227806,0.03507163,32768,zr,23.5119409,30.7224288,3.18700004,0.275000006,20241013394028,651,0x3,0x1,21.2900009,26.8060513,0.0399874486,0.0939131826,2.32443745e-05,30,1.05900002,1,1.073711884071577,357.0,1.1199266125714988,16.277026087966227,16.32278060000001
1766,651203100043542,284433694,2460598.8424464464,60598.3369444,16.3791866,0.0354988687,32768,zr,23.5119109,30.7224559,3.08200002,0.291999996,20241015336829,651,0x3,0x1,20.6399994,26.5889854,0.0598246865,0.106183238,5.0912131e-05,30,1.00199997,1,1.0193547711489632,359.0,1.064399547806245,16.33223829655983,16.379186600000004
1767,651203100043542,284624773,2460600.753262497,60600.2477315,16.4696884,0.036225874,0,zr,23.5119583,30.7224396,2.40499997,0.256000012,20241017247731,651,0x3,0x1,19.5699997,26.3991604,0.0428727381,0.0939452946,2.74668037e-05,30,1.074,1,0.937831120404776,361.0,0.9821163330192801,16.419592665980765,16.469688400000003
1768,651203100043542,284938300,2460603.888575216,60603.3830093,16.3684349,0.0354159474,0,zr,23.5119159,30.7224405,2.51399994,0.312999994,20241020382963,651,0x3,0x1,20.3600006,26.5350819,0.0420192927,0.0849693939,2.52647114e-05,30,1.07599998,1,1.0294992628801507,364.0,1.0730407564333941,16.323459455667667,16.368434900000004
1769,651203100043542,285320446,2460607.7100546756,60607.2044676,16.5147362,0.0366079286,32768,zr,23.5119318,30.722448,2.8210001,0.312999994,20241024204444,651,0x3,0x1,21.2800007,27.0205498,0.124429189,0.0879373029,0.000223439056,30,1.13800001,1,0.8997161579116776,368.0,0.9421709192747134,16.46467576168957,16.51473620000001
1770,651203100043542,285530854,2460609.8141303356,60609.3085417,16.4519691,0.0360793509,32768,zr,23.5119126,30.7224616,2.99399996,0.273000002,20241026308356,651,0x3,0x1,21.2800007,26.9895363,0.106963754,0.0988970101,0.00016613958,30,1.00300002,1,0.9532621733299159,370.0,0.99431981815744,16.406184761036137,16.451969100000007
