,oid,expid,hjd,mjd,mag,magerr,catflags,filtercode,ra,dec,chi,sharp,filefracday,field,ccdid,qid,limitmag,magzp,magzprms,clrcoeff,clrcounc,exptime,airmass,programid,flux,timedays,simulated_flux,simulated_mag,original_mag
0,695111400012405,52045115,2458274.947952622,58274.4511574,18.6751213,0.0491860509,0,zg,10.9665752,41.2639765,1.08800006,-0.023,20180605451134,695,0xb,0x4,20.1000004,26.1990833,0.0382870696,-0.0633980781,2.04473599e-05,30,1.83000004,1,0.12301313311052393,58274.4511574,0.12301313311052393,18.675121299999994,18.675121299999994
1,695111400012405,52346380,2458277.960784672,58277.4638079,18.6991138,0.0500481725,0,zg,10.9665871,41.2640099,1.19299996,0.125,20180608463762,695,0xb,0x4,20.7600002,26.1384239,0.0303343199,-0.0756195635,8.97054088e-06,30,1.60300004,1,0.12032461479242722,58277.4638079,0.12032461479242722,18.6991138,18.6991138
2,695111400012405,52645255,2458280.9497229345,58280.4525579,18.65802,0.0485826023,0,zg,10.9665759,41.2640194,1.15699995,0.00499999989,20180611452546,695,0xb,0x4,21.1299992,26.2484531,0.0273233838,-0.0643045828,6.53396182e-06,30,1.63199997,1,0.12496603774043509,58280.4525579,0.12496603774043509,18.65802,18.65802
3,695111400012405,52944888,2458283.9462503656,58283.4488889,18.6120281,0.0470039807,0,zg,10.9666276,41.2640122,0.694000006,0.0170000009,20180614448866,695,0xb,0x4,20.8799992,26.237236,0.0299287345,-0.0694802776,8.00289217e-06,30,1.58899999,1,0.13037333047063288,58283.4488889,0.13037333047063288,18.612028099999996,18.612028099999996
4,695111400012405,53245130,2458286.9488733863,58286.4513079,18.6353779,0.0477974266,0,zg,10.966633,41.2639796,0.898000002,-0.0579999983,20180617451308,695,0xb,0x4,21.1000004,26.2948189,0.0287619904,-0.0819014758,7.25771133e-06,30,1.49899995,1,0.1275994610407,58286.4513079,0.1275994610407,18.6353779,18.6353779
5,695111400012405,53542804,2458289.9258182654,58289.428044,18.6017609,0.0466602184,0,zg,10.9666506,41.2640116,1.88499999,0.0879999995,20180620428044,695,0xb,0x4,20.8999996,26.2292461,0.0297935847,-0.0530717149,7.68342579e-06,30,1.63199997,1,0.13161204582294514,58289.428044,0.13161204582294514,18.601760899999995,18.601760899999995
6,695111400012405,53742096,2458291.918878008,58291.4209606,18.5770378,0.0458451584,0,zg,10.9666013,41.263997,1.40900004,0.0599999987,20180622420694,695,0xb,0x4,21.3500004,26.255064,0.0281537622,-0.070461899,6.75329375e-06,30,1.64999998,2,0.13464334113760246,58291.4209606,0.13464334113760246,18.577037799999992,18.577037799999992
7,695111400012405,53744849,2458291.946414825,58291.4484954,18.5996151,0.046588771,0,zg,10.9666216,41.2640051,1.89199996,0.128000006,20180622448437,695,0xb,0x4,21.3500004,26.2926216,0.0260336678,-0.0717871785,5.92836705e-06,30,1.421,2,0.13187241513263948,58291.4484954,0.13187241513263948,18.5996151,18.5996151
8,695111400012405,53845266,2458292.950654528,58292.452662,18.6144867,0.0470867418,0,zg,10.966606,41.264007,1.83299994,0.157000005,20180623452639,695,0xb,0x4,21.4599991,26.2895412,0.0241377018,-0.0571198091,5.00259739e-06,30,1.37600005,1,0.13007844003291447,58292.452662,0.13007844003291447,18.614486700000008,18.614486700000008
9,695111400012405,53943324,2458293.9313051826,58293.4332407,18.6990929,0.0500473902,0,zg,10.9666573,41.2640003,1.80700004,-0.00400000019,20180624433032,695,0xb,0x4,20.8600006,26.2756748,0.0322896317,-0.0998293161,9.32153671e-06,30,1.49199998,2,0.12032693101679395,58293.4332407,0.12032693101679395,18.699092900000004,18.699092900000004
10,695111400012405,53944946,2458293.947533292,58293.4494676,18.645401,0.0481430627,0,zg,10.9666431,41.2640059,1.46000004,-0.0240000002,20180624449271,695,0xb,0x4,21.2600002,26.3233547,0.0296315793,-0.102810591,7.64026208e-06,30,1.38,2,0.12642693227657928,58293.4494676,0.12642693227657928,18.645401,18.645401
11,695111400012405,54247248,2458296.9707795014,58296.4724884,18.7285843,0.051132217,0,zg,10.9665741,41.2640137,0.963,0.108999997,20180627472465,695,0xb,0x4,20.1599998,26.2874069,0.0330315419,-0.0466445647,1.5753425e-05,30,1.22000003,1,0.11710253051085433,58296.4724884,0.11710253051085433,18.7285843,18.7285843
12,695111400012405,54344454,2458297.942913199,58297.4445486,18.6262932,0.0474867672,0,zg,10.9666839,41.2639646,0.575999975,0.115999997,20180628444433,695,0xb,0x4,19.9899998,26.2570953,0.0350385718,-0.0449390151,2.06522291e-05,30,1.34300005,2,0.12867160552900997,58297.4445486,0.12867160552900997,18.6262932,18.6262932
13,695111400012405,54346436,2458297.9627295174,58297.4643634,18.6091576,0.0469075628,0,zg,10.9666683,41.2639902,0.778999984,0.131999999,20180628464340,695,0xb,0x4,19.8899994,26.2567291,0.0359313712,-0.0430791229,2.34632589e-05,30,1.24300003,2,0.13071847120411437,58297.4643634,0.13071847120411437,18.609157599999996,18.609157599999996
14,695111400012405,54446574,2458298.9641830693,58298.4657407,18.6080513,0.0468704626,0,zg,10.9666851,41.2640091,0.541000009,0.0520000011,20180629465590,695,0xb,0x4,19.8199997,26.2439823,0.0356487706,-0.0252576042,2.31951435e-05,30,1.22599995,2,0.1308517333588639,58298.4657407,0.1308517333588639,18.608051299999993,18.608051299999993
15,695111400012405,54545876,2458299.9572800645,58299.4587616,18.5976963,0.0465250202,0,zg,10.9666605,41.2640051,1.24000001,0.0790000036,20180630458738,695,0xb,0x4,20.3700008,26.2251015,0.0347010605,-0.0195099376,1.52945995e-05,30,1.24399996,2,0.13210567668757847,58299.4587616,0.13210567668757847,18.597696300000003,18.597696300000003
16,695111400012405,54546569,2458299.964213401,58299.4656944,18.7137642,0.05058356,0,zg,10.9666591,41.2640179,1.73000002,0.133000001,20180630465660,695,0xb,0x4,20.3799992,26.2277851,0.0337884165,-0.0173154883,1.50133219e-05,30,1.21500003,2,0.11871191749862951,58299.4656944,0.11871191749862951,18.713764200000007,18.713764200000007
17,695111400012405,54546663,2458299.965150977,58299.4666319,18.6028728,0.0466973074,0,zg,10.966624,41.264002,1.06799996,0.115000002,20180630466620,695,0xb,0x4,20.4300003,26.2302456,0.0347382464,-0.0196697544,1.46122857e-05,30,1.21099997,1,0.13147733121571414,58299.4666319,0.13147733121571414,18.602872799999993,18.602872799999993
18,695111400012405,54844688,2458302.945636747,58302.4468866,18.7506561,0.0519626997,0,zg,10.9665913,41.2639938,0.700999975,-0.0170000009,20180703446875,695,0xb,0x4,20.5499992,26.2360458,0.0304682367,-0.0158467162,1.02655622e-05,30,1.26100004,1,0.11474600128408002,58302.4468866,0.11474600128408002,18.750656100000008,18.750656100000008
19,695111400012405,54942234,2458303.921176074,58303.4223495,18.7198048,0.0508063659,0,zg,10.9665547,41.2640191,1.09399998,0.0320000015,20180704422245,695,0xb,0x4,20.5300007,26.2365265,0.0323996469,-0.0990710109,1.13401229e-05,30,1.37800002,2,0.11805328596703403,58303.4223495,0.11805328596703403,18.7198048,18.7198048
20,695111400012405,54945576,2458303.954593119,58303.4557639,18.6907024,0.0497438647,0,zg,10.966615,41.264013,1.18499994,0.0460000001,20180704455764,695,0xb,0x4,20.8400002,26.2631741,0.0299861915,-0.0748983175,8.18324497e-06,30,1.21099997,2,0.12126041214504224,58303.4557639,0.12126041214504224,18.6907024,18.6907024
21,1735101200069234,55048185,2458304.9807619504,58304.4818519,18.764843,0.0538022034,0,zg,10.9666383,41.2640138,1.29200006,0.120999999,20180705481609,1735,0x1,0x2,20.6800003,26.2690582,0.0387012362,-0.0341574363,1.92515872e-05,30,1.09399998,2,0.1132564122821963,58304.4818519,0.1132564122821963,18.764843000000006,18.764843000000006
22,1735101200069234,55048230,2458304.9812132847,58304.4823032,18.7591019,0.0536125824,0,zg,10.9666692,41.2639965,1.13699996,0.150000006,20180705482303,1735,0x1,0x2,20.6299992,26.2722874,0.034109503,-0.0377508365,1.56945134e-05,30,1.09300005,2,0.11385686984280446,58304.4823032,0.11385686984280446,18.759101899999997,18.759101899999997
23,695111400012405,55145686,2458305.9558505905,58305.4568634,18.7571011,0.052208215,0,zg,10.966578,41.2639823,0.699999988,-0.00100000005,20180706456782,695,0xb,0x4,20.8199997,26.2346153,0.0289818216,-0.0818959326,7.93983054e-06,30,1.18599999,1,0.11406687928441808,58305.4568634,0.11406687928441808,18.757101099999993,18.757101099999993
24,1735101200069234,55148370,2458305.9826930286,58305.4837037,18.7893944,0.0546235852,0,zg,10.9666249,41.2640305,0.773999989,0.0979999974,20180706483692,1735,0x1,0x2,20.2700005,26.1997719,0.0375686437,-0.0284869783,2.11891147e-05,30,1.08500004,2,0.11072412067907626,58305.4837037,0.11072412067907626,18.7893944,18.7893944
25,1735101200069234,55148415,2458305.9831444654,58305.4841551,18.8039474,0.0551185496,0,zg,10.9666266,41.2640044,1.20799994,0.135000005,20180706484155,1735,0x1,0x2,20.25,26.1973991,0.0375939943,-0.0294507537,2.19841222e-05,30,1.08399999,2,0.10924989795767727,58305.4841551,0.10924989795767727,18.80394739999999,18.80394739999999
26,1735101200069234,55348243,2458307.981579085,58307.4824306,18.847477,0.0566357039,0,zg,10.9666731,41.2640165,1.31299996,0.194999993,20180708482431,1735,0x1,0x2,20.7099991,26.1467991,0.0352938101,-0.0140746702,1.54410791e-05,30,1.07700002,2,0.10495646621667182,58307.4824306,0.10495646621667182,18.847477000000005,18.847477000000005
27,1735101200069234,55348473,2458307.98388247,58307.4847338,18.884613,0.0579744875,0,zg,10.966676,41.2640183,1.70700002,0.230000004,20180708484734,1735,0x1,0x2,20.6100006,26.1520157,0.0342856795,-0.0160543211,1.55029611e-05,30,1.07200003,2,0.10142728489019767,58307.4847338,0.10142728489019767,18.884612999999995,18.884612999999995
28,695111400012405,55735988,2458311.8593446733,58311.3598843,18.9855194,0.061862167,0,zg,10.9666544,41.2640033,0.829999983,-0.0109999999,20180712359768,695,0xb,0x4,21.1700001,25.882864,0.0341641195,-0.0650654435,1.00354264e-05,30,1.71899998,2,0.09242559179220697,58311.3598843,0.09242559179220697,18.98551940000001,18.98551940000001
29,695111400012405,55837472,2458312.8742648,58312.3747222,18.8833656,0.057307642,0,zg,10.9666719,41.2640297,1.72000003,0.165000007,20180713374699,695,0xb,0x4,20.9400005,25.8475666,0.0305125862,-0.0185265578,8.54903101e-06,30,1.54700005,2,0.10154388144649194,58312.3747222,0.10154388144649194,18.883365599999998,18.883365599999998
30,695111400012405,55847219,2458312.9717496717,58312.4721991,18.8190804,0.0546413437,0,zg,10.9666694,41.2640668,2.26300001,0.210999995,20180713472199,695,0xb,0x4,21.4200001,26.2072754,0.0340994559,-0.0205393434,1.04296205e-05,30,1.08599997,2,0.10773773474852358,58312.4721991,0.10773773474852358,18.819080399999997,18.819080399999997
31,695111400012405,55847383,2458312.9733817047,58312.473831,18.929142,0.0592989661,0,zg,10.9666626,41.2640543,2.11800003,0.218999997,20180713473819,695,0xb,0x4,21.3799992,26.2159424,0.0294765849,-0.0206012316,7.6440183e-06,30,1.08299994,1,0.09735162383664561,58312.473831,0.09735162383664561,18.929142000000006,18.929142000000006
32,695111400012405,55848729,2458312.9868435105,58312.4872917,18.928463,0.0592688844,32768,zg,10.966575,41.2640121,0.736999989,0.126000002,20180713487245,695,0xb,0x4,20.0699997,26.1842003,0.0364977829,0.0180798415,1.9054838e-05,30,1.05700004,2,0.09741252484191074,58312.4872917,0.09741252484191074,18.928463,18.928463
33,695111400012405,56239395,2458316.893828077,58316.3939583,18.8871746,0.0574703813,0,zg,10.9666707,41.2640737,1.60899997,0.172000006,20180717393935,695,0xb,0x4,21.2299995,26.0906391,0.0301591698,-0.017721897,8.02634349e-06,30,1.33599997,2,0.10118826745858457,58316.3939583,0.10118826745858457,18.8871746,18.8871746
34,695111400012405,56241137,2458316.9112485168,58316.4113773,18.9017601,0.0580983832,0,zg,10.9666295,41.2640117,1.90400004,0.211999997,20180717411354,695,0xb,0x4,21.3500004,26.143158,0.0288871154,-0.021109866,7.3768465e-06,30,1.24899995,2,0.09983802012834436,58316.4113773,0.09983802012834436,18.901760099999997,18.901760099999997
35,695111400012405,56243351,2458316.9333915343,58316.4335185,19.0263214,0.063796334,32768,zg,10.9666769,41.2640375,2.06200004,0.238000005,20180717433495,695,0xb,0x4,20.7700005,25.7472534,0.0590811297,-0.0144160548,3.36527373e-05,30,1.16299999,2,0.08901668970809745,58316.4335185,0.08901668970809745,19.026321399999993,19.026321399999993
36,695111400012405,56337461,2458317.8745679464,58317.3746181,18.9508362,0.0602706037,32768,zg,10.9666148,41.2640451,1.31500006,0.187000006,20180718374595,695,0xb,0x4,20.9899998,25.980093,0.039109949,-0.0257711709,1.35635873e-05,30,1.44200003,2,0.09542573638182178,58317.3746181,0.09542573638182178,18.950836200000005,18.950836200000005
37,695111400012405,56337981,2458317.8797650724,58317.3798148,18.9208488,0.0589323714,0,zg,10.966655,41.264041,1.57200003,0.173999995,20180718379699,695,0xb,0x4,21.2399998,26.0589008,0.0267310292,-0.0216602422,6.19526099e-06,30,1.40699995,2,0.09809807382364849,58317.3798148,0.09809807382364849,18.92084880000001,18.92084880000001
38,695111400012405,56441709,2458318.917129959,58318.4170949,19.0125771,0.0631372482,0,zg,10.9666568,41.2640672,1.07599998,0.0780000016,20180719417060,695,0xb,0x4,21.2399998,26.2829113,0.0270163585,-0.0304157808,6.37845051e-06,30,1.20200002,2,0.09015071177580268,58318.4170949,0.09015071177580268,19.01257710000001,19.01257710000001
39,695111400012405,56442133,2458318.9213664057,58318.421331,18.9827423,0.061733,0,zg,10.966687,41.2640647,1.602,0.151999995,20180719421296,695,0xb,0x4,21.4500008,26.2998657,0.0280476995,-0.0367346294,6.8169702e-06,30,1.18599999,2,0.09266230090456862,58318.421331,0.09266230090456862,18.982742300000005,18.982742300000005
40,695111400012405,56445005,2458318.9500956703,58318.4500579,18.9448395,0.0600001737,0,zg,10.966676,41.2640576,1.06900001,0.0700000003,20180719450035,695,0xb,0x4,21.2199993,26.2946339,0.027333701,-0.0193176996,6.57000692e-06,30,1.10000002,2,0.0959542466321344,58318.4500579,0.0959542466321344,18.944839499999993,18.944839499999993
41,695111400012405,56445162,2458318.951658297,58318.4516204,18.9093075,0.0584264696,0,zg,10.9667065,41.2640579,1.61000001,0.171000004,20180719451505,695,0xb,0x4,21.3700008,26.3018818,0.0266941935,-0.0280379187,6.22942935e-06,30,1.09599996,1,0.09914641150133402,58318.4516204,0.09914641150133402,18.909307500000004,18.909307500000004
42,695111400012405,56539591,2458319.896029462,58319.3959144,18.9314346,0.0594008267,0,zg,10.9666106,41.2640809,0.889999986,0.0590000004,20180720395880,695,0xb,0x4,20.9400005,26.2400951,0.0267555919,-0.0268244389,6.30572276e-06,30,1.28299999,2,0.09714627666343287,58319.3959144,0.09714627666343287,18.931434599999996,18.931434599999996
43,695111400012405,56541079,2458319.9109148923,58319.4107986,18.9846497,0.0618217066,0,zg,10.9666065,41.2640258,0.723999977,-0.00999999978,20180720410775,695,0xb,0x4,20.9300003,26.2985802,0.0322149061,-0.0177431237,9.1824013e-06,30,1.21599996,2,0.09249965650476837,58319.4107986,0.09249965650476837,18.9846497,18.9846497
44,695111400012405,56542275,2458319.922871873,58319.4227546,18.8878937,0.057501141,0,zg,10.9666632,41.2640384,1.63800001,0.173999995,20180720422743,695,0xb,0x4,21.5599995,26.2821579,0.0329198912,-0.0299979374,9.42590214e-06,30,1.171,2,0.10112127108174432,58319.4227546,0.10112127108174432,18.8878937,18.8878937
45,695111400012405,56647383,2458320.974034223,58320.473831,19.0389423,0.0644085035,0,zg,10.9666787,41.2640947,1.63499999,0.0799999982,20180721473727,695,0xb,0x4,21.2399998,26.1470947,0.0265142266,-0.0208504014,6.19552929e-06,30,1.04400003,2,0.08798792582070009,58320.473831,0.08798792582070009,19.038942299999995,19.038942299999995
46,695111400012405,56741707,2458321.9173521027,58321.4170718,18.895853,0.0578430928,0,zg,10.9666311,41.2640617,1.57099998,0.150000006,20180722417049,695,0xb,0x4,21.4599991,26.3042812,0.0316783749,-0.0267877318,8.7306762e-06,30,1.17200005,2,0.10038268318458417,58321.4170718,0.10038268318458417,18.895852999999995,18.895852999999995
47,695111400012405,56743630,2458321.9365897872,58321.4363079,18.9212723,0.0589510165,0,zg,10.9666398,41.2640149,1.14300001,0.0869999975,20180722436273,695,0xb,0x4,21.6100006,26.3208427,0.0449689776,-0.0298691448,1.7374934e-05,30,1.11399996,2,0.09805981735513718,58321.4363079,0.09805981735513718,18.92127229999999,18.92127229999999
48,695111400012405,56745353,2458321.9538133983,58321.4535301,19.0102768,0.0630276725,0,zg,10.9666595,41.2640703,1.64699996,0.152999997,20180722453484,695,0xb,0x4,21.4500008,26.3132629,0.0258400142,-0.0296707265,5.79270136e-06,30,1.074,1,0.0903419124682107,58321.4535301,0.0903419124682107,19.010276800000007,19.010276800000007
49,695111400012405,56745446,2458321.9547509747,58321.4544676,18.9553986,0.0604772493,0,zg,10.9666934,41.2640402,2.06900001,0.142000005,20180722454456,695,0xb,0x4,21.5200005,26.3200474,0.0269979928,-0.0321639813,6.30657496e-06,30,1.07200003,2,0.09502558677165336,58321.4544676,0.09502558677165336,18.955398600000002,18.955398600000002
50,695111400012405,56844371,2458322.9440794974,58322.4437153,18.9855804,0.0618649945,0,zg,10.9666396,41.2640712,1.14600003,0.107000001,20180723443681,695,0xb,0x4,21.3600006,26.2989578,0.0267503317,-0.0249525271,6.21828985e-06,30,1.08899999,2,0.09242039918400512,58322.4437153,0.09242039918400512,18.985580399999996,18.985580399999996
51,695111400012405,56847496,2458322.975332061,58322.4749653,18.962265,0.0607898049,0,zg,10.966644,41.2640652,1.477,0.115000002,20180723474942,695,0xb,0x4,21.1100006,26.3024654,0.0258858204,-0.00690704305,5.81922177e-06,30,1.03499997,2,0.09442652337680611,58322.4749653,0.09442652337680611,18.962264999999995,18.962264999999995
52,695111400012405,56941685,2458323.9172955374,58323.4168519,19.0211792,0.0635488629,0,zg,10.9666393,41.2640562,1.38199997,0.171000004,20180724416817,695,0xb,0x4,20.8799992,26.2540627,0.0311797298,-0.0120960828,9.00538998e-06,30,1.15400004,2,0.08943928526822197,58323.4168519,0.08943928526822197,19.0211792,19.0211792
53,695111400012405,56945196,2458323.9524141224,58323.4519676,18.9928761,0.0622058995,0,zg,10.9665934,41.2640826,1.44599998,0.0689999983,20180724451910,695,0xb,0x4,21.1100006,26.2813473,0.0269936211,-0.00979703385,6.58805038e-06,30,1.06599998,2,0.09180145403350365,58323.4519676,0.09180145403350365,18.992876099999997,18.992876099999997
54,695111400012405,57040905,2458324.9095754595,58324.4090509,19.1794224,0.0716859698,0,zg,10.9667236,41.2640561,0.68599999,0.150999993,20180725409028,695,0xb,0x4,20.2800007,26.2058372,0.0349205472,0.00277966075,1.59002648e-05,30,1.171,2,0.07730917522268485,58324.4090509,0.07730917522268485,19.1794224,19.1794224
55,695111400012405,57043011,2458324.930641992,58324.4301157,18.9370461,0.0596508905,0,zg,10.9666652,41.2640606,0.950999975,0.0909999982,20180725430000,695,0xb,0x4,20.4200001,26.1679611,0.0335708037,-0.00340686017,1.37884954e-05,30,1.10800004,2,0.09664548280908146,58324.4301157,0.09664548280908146,18.937046099999996,18.937046099999996
56,695111400012405,57044261,2458324.9431430087,58324.4426157,19.1115551,0.0680615008,0,zg,10.9667407,41.2641135,0.510999978,0.137999997,20180725442604,695,0xb,0x4,20.0900002,26.0074062,0.0396611318,4.53881948e-05,2.24671167e-05,30,1.079,1,0.08229585469144869,58324.4426157,0.08229585469144869,19.111555099999997,19.111555099999997
57,695111400012405,57044355,2458324.9440805926,58324.4435532,19.0284538,0.063899301,0,zg,10.9666863,41.2640508,0.975000024,0.118000001,20180725443530,695,0xb,0x4,20.5400009,26.1037903,0.0338398144,-0.0134654045,1.27159819e-05,30,1.07799995,2,0.08884203134578013,58324.4435532,0.08884203134578013,19.0284538,19.0284538
58,695111400012405,57143400,2458325.934612673,58325.4340046,18.7653618,0.052524969,32768,zg,10.9666945,41.2640542,0.503000021,0.0419999994,20180726433970,695,0xb,0x4,19.7700005,26.2440586,0.0412247069,0.00491856923,3.14508652e-05,30,1.09200001,2,0.11320230761978711,58325.4340046,0.11320230761978711,18.7653618,18.7653618
59,695111400012405,57145068,2458325.951292326,58325.4506829,19.0034752,0.0627050325,0,zg,10.9667982,41.2641379,0.59799999,0.123000003,20180726450648,695,0xb,0x4,19.9699993,26.2495384,0.0382544622,-0.0110904863,2.24550149e-05,30,1.05900002,2,0.09090963623786172,58325.4506829,0.09090963623786172,19.003475200000004,19.003475200000004
60,695111400012405,57245664,2458326.95733476,58326.4566435,19.1381721,0.0694581792,0,zg,10.9667281,41.2640364,1.36300004,0.264999986,20180727456574,695,0xb,0x4,20.4400005,26.3177814,0.0335396267,-0.073410809,1.33504673e-05,30,1.04499996,2,0.08030288717613351,58326.4566435,0.08030288717613351,19.1381721,19.1381721
61,695111400012405,57246226,2458326.9629602223,58326.4622685,18.8836823,0.0573211648,0,zg,10.9666652,41.2640485,1.10599995,0.0769999996,20180727461991,695,0xb,0x4,20.4699993,26.2897701,0.0332831368,-0.0541472994,1.34726706e-05,30,1.03699994,2,0.10151426628092677,58326.4622685,0.10151426628092677,18.883682299999997,18.883682299999997
62,695111400012405,57248503,2458326.98572828,58326.4850347,19.0082188,0.0629298612,0,zg,10.9666163,41.2640532,0.284000009,-0.0250000004,20180727484942,695,0xb,0x4,20.2399998,26.2930355,0.0338937901,-0.0101841697,1.55164144e-05,30,1.01499999,2,0.09051331687976541,58326.4850347,0.09051331687976541,19.0082188,19.0082188
63,695111400012405,57344210,2458327.942877759,58327.4421065,19.0266762,0.0638134629,32768,zg,10.9667995,41.2640834,0.518999994,-0.180000007,20180728441840,695,0xb,0x4,19.3199997,26.2448349,0.043353077,-0.145399883,6.11035721e-05,30,1.06400001,2,0.08898760533058343,58327.4421065,0.08898760533058343,19.026676200000004,19.026676200000004
64,695111400012405,57346550,2458327.9662824767,58327.4655093,19.0138626,0.0631985441,32768,zg,10.9667235,41.263952,0.843999982,0.101000004,20180728465475,695,0xb,0x4,19.6700001,26.2698631,0.0426812172,-0.1429362,3.97052172e-05,30,1.02999997,1,0.09004403746482702,58327.4655093,0.09004403746482702,19.013862600000003,19.013862600000003
65,695111400012405,57346655,2458327.9673241614,58327.4665509,18.9599838,0.0606857389,0,zg,10.9666701,41.2640066,0.474000007,0.0860000029,20180728466481,695,0xb,0x4,20.25,26.2286892,0.0345092863,-0.0447831303,1.70633466e-05,30,1.02900004,2,0.09462512800405812,58327.4665509,0.09462512800405812,18.959983799999996,18.959983799999996
66,695111400012405,57349637,2458327.997152989,58327.4963773,18.9993744,0.0625113994,0,zg,10.9666397,41.2639848,0.727999985,0.162,20180728496354,695,0xb,0x4,19.9099998,26.2243118,0.0365723968,-0.00676108757,2.4697265e-05,30,1.00800002,2,0.09125364904178006,58327.4963773,0.09125364904178006,18.9993744,18.9993744
67,695111400012405,57542965,2458329.930584917,58329.4296528,19.1889687,0.072212711,0,zg,10.9667175,41.2640837,0.730000019,0.151999995,20180730429606,695,0xb,0x4,20.2900009,26.2295799,0.0375583246,-0.00388557487,1.9234405e-05,30,1.07799995,2,0.07663241638284711,58329.4296528,0.07663241638284711,19.188968699999997,19.188968699999997
68,695111400012405,57543946,2458329.9404005166,58329.4394676,18.9167671,0.058752887,0,zg,10.9666859,41.2640527,1.34300005,0.170000002,20180730439144,695,0xb,0x4,20.4300003,26.238615,0.0327099673,-0.0102501372,1.42354838e-05,30,1.05900002,2,0.09846755629277805,58329.4394676,0.09846755629277805,18.91676710000001,18.91676710000001
69,695111400012405,57547490,2458329.975843191,58329.4749074,19.1486416,0.0700162277,0,zg,10.9666671,41.2639988,0.785000026,0.00800000038,20180730474792,695,0xb,0x4,20.1499996,26.259716,0.0345478505,-0.00408912543,1.69186405e-05,30,1.01600003,2,0.07953226666559486,58329.4749074,0.07953226666559486,19.148641599999998,19.148641599999998
70,695111400012405,57645452,2458330.955540259,58330.4545255,18.8591404,0.0562853739,0,zg,10.9666482,41.264129,0.533999979,-0.0120000001,20180731454444,695,0xb,0x4,20.1100006,26.2105522,0.0403275043,0.00132702314,2.45941756e-05,30,1.03299999,2,0.10383501739645831,58330.4545255,0.10383501739645831,18.859140399999994,18.859140399999994
71,695111400012405,57646665,2458330.9676708416,58330.4666551,18.952383,0.0603405423,0,zg,10.9666601,41.2640525,1.13800001,0.225999996,20180731466586,695,0xb,0x4,20.2399998,26.2091427,0.0357247777,-0.011083696,1.6603115e-05,30,1.01999998,2,0.0952898843806604,58330.4666551,0.0952898843806604,18.952383000000005,18.952383000000005
72,695111400012405,57649819,2458330.9992126813,58330.4981944,18.9329643,0.0594688654,0,zg,10.9666764,41.2640701,0.519999981,0.129999995,20180731498137,695,0xb,0x4,19.9200001,26.2376213,0.0370206423,-0.0138697568,2.32475395e-05,30,1.00600004,1,0.09700950308719214,58330.4981944,0.09700950308719214,18.932964300000002,18.932964300000002
73,695111400012405,57649910,2458331.000127151,58330.4991088,19.1034431,0.0676420778,0,zg,10.9667155,41.2640943,0.742999971,0.00800000038,20180731499109,695,0xb,0x4,19.8400002,26.2371254,0.0369344614,-0.0176055674,2.53251219e-05,30,1.00600004,2,0.0829130249541474,58330.4991088,0.0829130249541474,19.1034431,19.1034431
74,695111400012405,57747445,2458331.97555275,58331.474456,18.982151,0.0617055334,0,zg,10.9667385,41.2640816,1.49399996,0.180000007,20180801474421,695,0xb,0x4,20.3400002,26.2546501,0.0349133536,-0.00738495775,1.64788544e-05,30,1.01300001,2,0.09271277922595579,58331.474456,0.09271277922595579,18.98215100000001,18.98215100000001
75,695111400012405,57947605,2458333.977310072,58333.4760532,18.9768219,0.061458569,0,zg,10.9666038,41.2640322,1.11800003,0.150999993,20180803476053,695,0xb,0x4,20.4300003,26.2497425,0.0321605913,-0.00638754293,1.16885849e-05,30,1.00899994,1,0.09316895834878484,58333.4760532,0.09316895834878484,18.976821899999997,18.976821899999997
76,695111400012405,58231857,2458336.820058465,58336.3185764,19.0680275,0.0658445582,0,zg,10.9666423,41.2640612,2.10899997,0.223000005,20180806318576,695,0xb,0x4,21.1000004,26.2390442,0.0261429213,-0.0205507353,6.04599336e-06,30,1.47399998,1,0.08566215584225471,58336.3185764,0.08566215584225471,19.068027499999992,19.068027499999992
77,695111400012405,58647274,2458340.974549004,58340.4727431,19.1230183,0.0686591342,0,zg,10.9666256,41.2641071,1.06099999,0.0540000014,20180810472731,695,0xb,0x4,20.8500004,26.0304775,0.0303106457,-0.0112310695,8.61956414e-06,30,1.00600004,1,0.08143154598692924,58340.4727431,0.08143154598692924,19.123018300000005,19.123018300000005
78,695111400012405,58940435,2458343.9063815563,58343.4043519,18.9539566,0.0604118221,0,zg,10.9666562,41.2640596,1.40699995,0.202000007,20180813404340,695,0xb,0x4,21.3899994,26.2522583,0.0313814059,-0.0255784877,8.69745963e-06,30,1.05400002,1,0.09515187705345633,58343.4043519,0.09515187705345633,18.953956600000005,18.953956600000005
79,695111400012405,59236817,2458346.870422497,58346.3681713,19.0299911,0.0639736727,0,zg,10.9666656,41.2640547,1.19400001,0.0450000018,20180816368148,695,0xb,0x4,21.4200001,26.1911163,0.0344438516,-0.0220757425,1.05798517e-05,30,1.11300004,1,0.08871632842656292,58346.3681713,0.08871632842656292,19.029991099999997,19.029991099999997
80,1735101200069234,59450785,2458349.010266715,58348.5078588,19.0978088,0.0665084273,0,zg,10.9666555,41.2640475,1.58399999,0.171000004,20180818507812,1735,0x1,0x2,20.8500004,26.2905712,0.0345944501,-0.0230562724,1.46618195e-05,30,1.07599998,2,0.08334441066423925,58348.5078588,0.08334441066423925,19.097808800000003,19.097808800000003
81,695111400012405,59539185,2458349.894323707,58349.3918519,19.0196457,0.0634752214,0,zg,10.9666706,41.2640923,2.80800009,0.211999997,20180819391806,695,0xb,0x4,21.4699993,26.2791729,0.0283385869,-0.0278724357,6.89982107e-06,30,1.04700005,2,0.08956569907696044,58349.3918519,0.08956569907696044,19.019645700000005,19.019645700000005
82,695111400012405,59540667,2458349.9091510805,58349.4066782,19.0004349,0.0625613704,0,zg,10.9666151,41.2641031,1.11099994,-0.00700000022,20180819406644,695,0xb,0x4,21.3199997,26.2658215,0.0253490899,-0.011734128,5.5192163e-06,30,1.028,1,0.09116455995438891,58349.4066782,0.09116455995438891,19.000434899999995,19.000434899999995
83,695111400012405,59540761,2458349.9100886527,58349.4076157,19.0778027,0.0663352758,0,zg,10.9666036,41.2640344,2.80200005,0.248999998,20180819407593,695,0xb,0x4,21.5799999,26.2766533,0.0288019553,-0.0296960957,7.15661372e-06,30,1.02699995,2,0.08489437590641999,58349.4076157,0.08489437590641999,19.0778027,19.0778027
84,695111400012405,59542787,2458349.9303448093,58349.4278704,18.9515171,0.0603013784,0,zg,10.9666465,41.2640769,2.04399991,0.215000004,20180819427801,695,0xb,0x4,21.4699993,26.255537,0.0249582529,-0.0197364315,5.43028682e-06,30,1.01100004,2,0.09536591060296162,58349.4278704,0.09536591060296162,18.951517099999997,18.951517099999997
85,695111400012405,59642780,2458350.9303469327,58350.4278009,19.0241432,0.0636913627,0,zg,10.9666722,41.2640856,1.14100003,0.184,20180820427720,695,0xb,0x4,21.3999996,26.271595,0.0263355374,-0.0135100922,6.07401898e-06,30,1.00899994,2,0.08919545392327123,58350.4278009,0.08919545392327123,19.024143200000005,19.024143200000005
86,695111400012405,59645784,2458350.960395368,58350.4578472,19.0293865,0.0639444292,0,zg,10.9666911,41.2641756,1.86600006,0.204999998,20180820457778,695,0xb,0x4,21.0400009,26.2708321,0.0287315827,-0.00387910381,7.16995964e-06,30,1.00800002,2,0.08876574450850451,58350.4578472,0.08876574450850451,19.029386500000008,19.029386500000008
87,695111400012405,59743376,2458351.9363790043,58351.4337616,18.8908005,0.0576257333,0,zg,10.9666511,41.2640776,1.79900002,0.206,20180821433542,695,0xb,0x4,21.3799992,26.2810745,0.0317249186,-0.0148076415,8.8121933e-06,30,1.00600004,2,0.10085090505344846,58351.4337616,0.10085090505344846,18.890800500000005,18.890800500000005
88,695111400012405,59743962,2458351.9422474178,58351.4396296,18.8974819,0.0579133444,0,zg,10.9666796,41.2640684,2.74000001,0.209000006,20180821439595,695,0xb,0x4,21.5,26.2887955,0.0368449129,-0.0158918649,1.20461336e-05,30,1.00600004,2,0.10023219473632196,58351.4396296,0.10023219473632196,18.897481899999995,18.897481899999995
89,695111400012405,59839203,2458352.894721725,58352.392037,18.9494705,0.0602088757,0,zg,10.9666814,41.2640462,1.47800004,0.125,20180822391968,695,0xb,0x4,20.9799995,26.2492599,0.0275749899,-0.00795934349,6.70150712e-06,30,1.03499997,2,0.09554584375756664,58352.392037,0.09554584375756664,18.949470499999997,18.949470499999997
90,695111400012405,59840883,2458352.911516905,58352.408831,18.916357,0.0587348863,0,zg,10.9666596,41.2640359,2.39299989,0.246000007,20180822408519,695,0xb,0x4,21.7099991,26.3088684,0.0315853655,-0.0539291836,8.37735297e-06,30,1.01800001,1,0.09850475609508652,58352.408831,0.09850475609508652,18.916356999999998,18.916356999999998
91,695111400012405,59840980,2458352.9124891735,58352.4098032,19.0017204,0.0626220927,0,zg,10.966641,41.264038,2.23000002,0.135000005,20180822409768,695,0xb,0x4,21.4500008,26.2627258,0.0239655823,-0.0324720405,4.84426937e-06,30,1.01699996,2,0.0910566859684036,58352.4098032,0.0910566859684036,19.001720400000004,19.001720400000004
92,695111400012405,59841958,2458352.922269958,58352.4195833,18.8276463,0.0549880974,0,zg,10.9666607,41.2640326,1.676,0.222000003,20180822419572,695,0xb,0x4,21.7600002,26.2895908,0.0381687805,-0.0385954976,1.23129748e-05,30,1.01100004,2,0.10689108366907742,58352.4195833,0.10689108366907742,18.827646300000005,18.827646300000005
93,1735101200069234,60639211,2458360.895337528,58360.3921181,18.8867035,0.0580510683,0,zg,10.966853,41.2640361,0.456,-0.0209999997,20180830392106,1735,0x1,0x2,19.8199997,26.2782612,0.0422426425,0.00369930221,3.30453258e-05,30,1.01999998,2,0.10123218248695642,58360.3921181,0.10123218248695642,18.886703500000003,18.886703500000003
94,695111400012405,60641177,2458360.9149914887,58360.4117708,18.7638874,0.0524682589,0,zg,10.9663935,41.2641638,0.980000019,0.335000008,20180830411701,695,0xb,0x4,19.6100006,26.3428459,0.0398319475,-0.0105062742,3.30644252e-05,30,1.00800002,2,0.11335613767488883,58360.4117708,0.11335613767488883,18.76388740000001,18.76388740000001
95,695111400012405,60641937,2458360.9225961585,58360.419375,18.8272572,0.0549722686,0,zg,10.9666339,41.2642144,0.774999976,0.0649999976,20180830419375,695,0xb,0x4,19.7800007,26.3406162,0.0392964222,-0.00218203547,3.01242362e-05,30,1.00800002,2,0.10692939755600091,58360.419375,0.10692939755600091,18.8272572,18.8272572
96,695111400012405,60644771,2458360.950942872,58360.4477199,18.6668034,0.0488914177,0,zg,10.9665236,41.2640541,0.961000025,0.144999996,20180830447500,695,0xb,0x4,19.7399998,26.3277683,0.0375122353,0.00168326881,2.79793821e-05,30,1.01900005,2,0.1239591643918411,58360.4477199,0.1239591643918411,18.6668034,18.6668034
97,695111400012405,60738541,2458361.888698841,58361.3854167,18.7028351,0.0501834899,0,zg,10.9665787,41.2640444,0.537,0.0890000015,20180831385289,695,0xb,0x4,20.1200008,26.3365192,0.0328486413,-0.0134031158,1.3932633e-05,30,1.01900005,2,0.11991291486015654,58361.3854167,0.11991291486015654,18.70283510000001,18.70283510000001
98,695111400012405,60742468,2458361.9279720965,58361.4246875,18.7110596,0.0504842252,0,zg,10.9667013,41.2640925,0.507000029,0.0590000004,20180831424676,695,0xb,0x4,20.1700001,26.3357506,0.0360159837,-0.00577946659,1.60516938e-05,30,1.00899994,2,0.11900800091007493,58361.4246875,0.11900800091007493,18.71105959999999,18.71105959999999
99,695111400012405,60742636,2458361.9296504124,58361.4263657,18.7006855,0.0501052588,0,zg,10.9665603,41.2640117,0.818000019,0.119000003,20180831426366,695,0xb,0x4,20.1800003,26.3352871,0.0362710357,-0.00411967933,1.63438017e-05,30,1.00899994,1,0.12015056019018398,58361.4263657,0.12015056019018398,18.7006855,18.7006855
100,1735101200069234,60743613,2458361.93941962,58361.4361343,18.6859608,0.0512760691,0,zg,10.9666497,41.2640034,0.894999981,0.0890000015,20180831436134,1735,0x1,0x2,20.5799999,26.3155384,0.0357915647,-0.0205853712,1.66484733e-05,30,1.03100002,2,0.12179113562197566,58361.4361343,0.12179113562197566,18.685960799999997,18.685960799999997
101,695111400012405,60743952,2458361.942811032,58361.4395255,18.7874718,0.053384047,0,zg,10.9666392,41.2640202,0.976000011,0.0879999995,20180831439317,695,0xb,0x4,20.2999992,26.3325748,0.0325451307,-0.00806286559,1.23686741e-05,30,1.01499999,2,0.11092036244113107,58361.4395255,0.11092036244113107,18.7874718,18.7874718
102,695111400012405,60931603,2458363.8194315764,58363.3160301,18.7277508,0.0511011779,0,zg,10.966575,41.2639813,0.809000015,0.0890000015,20180902315498,695,0xb,0x4,20.6399994,26.2637367,0.0306846499,-0.0254110154,9.10245853e-06,30,1.13,2,0.11719246251562693,58363.3160301,0.11719246251562693,18.727750800000003,18.727750800000003
103,695111400012405,60934230,2458363.8457062845,58363.3423032,18.6874352,0.0496262573,0,zg,10.9666132,41.2640343,0.800999999,0.0810000002,20180902342292,695,0xb,0x4,20.6000004,26.2810993,0.0333935432,-0.0242706295,1.12282714e-05,30,1.06799996,2,0.12162585884483744,58363.3423032,0.12162585884483744,18.687435200000003,18.687435200000003
104,1735101200069234,60935192,2458363.85532498,58363.3519213,18.6129036,0.0490834862,0,zg,10.9665965,41.2639498,1.09500003,-0.0909999982,20180902351921,1735,0x1,0x2,20.3999996,26.2329025,0.0358793437,-0.00610419409,1.78086848e-05,30,1.04400003,2,0.13026824431556006,58363.3519213,0.13026824431556006,18.612903600000003,18.612903600000003
105,695111400012405,60936060,2458363.8640061044,58363.3606019,18.7091827,0.050415393,0,zg,10.9666092,41.2640486,0.61500001,0.00400000019,20180902360509,695,0xb,0x4,20.5400009,26.2829437,0.0331899635,-0.0160714202,1.10058954e-05,30,1.03900003,2,0.11921390662867816,58363.3606019,0.11921390662867816,18.709182700000007,18.709182700000007
106,695111400012405,61026381,2458364.767278184,58364.2638194,18.6908531,0.0497492775,0,zg,10.966629,41.2640012,1.89699996,0.180999994,20180903263669,695,0xb,0x4,21.5699997,26.224905,0.0305239968,-0.0337066427,7.94648349e-06,30,1.33000004,2,0.12124358238853365,58364.2638194,0.12124358238853365,18.690853100000005,18.690853100000005
107,695111400012405,61027957,2458364.7830315414,58364.2795718,18.7305832,0.051206775,0,zg,10.966605,41.2640009,1.36399996,0.0979999974,20180903279572,695,0xb,0x4,21.3799992,26.2307281,0.0269695148,-0.0338506363,6.27373493e-06,30,1.25100005,1,0.11688713665572693,58364.2795718,0.11688713665572693,18.730583200000005,18.730583200000005
108,695111400012405,61028527,2458364.7887378875,58364.2852778,18.666893,0.048894573,0,zg,10.9666181,41.2640091,1.40600002,0.0590000004,20180903285266,695,0xb,0x4,21.3299999,26.2277031,0.0272169542,-0.0266615953,6.3931293e-06,30,1.227,2,0.12394893512730581,58364.2852778,0.12394893512730581,18.66689300000001,18.66689300000001
109,695111400012405,61040935,2458364.91281947,58364.4093519,18.7720776,0.0527841337,0,zg,10.9666157,41.2640251,1.17999995,0.0989999995,20180903409317,695,0xb,0x4,20.7800007,26.2710857,0.0299733225,-0.013368859,8.06665594e-06,30,1.00800002,2,0.11250425807773949,58364.4093519,0.11250425807773949,18.772077599999996,18.772077599999996
110,1735101200069234,61045141,2458364.954882083,58364.451412,18.6868114,0.051302433,0,zg,10.9666678,41.2639949,1.31299996,0.0970000029,20180903451366,1735,0x1,0x2,20.7700005,26.2642422,0.0436145887,-0.0124597056,2.2275306e-05,30,1.05799997,2,0.12169575796937912,58364.451412,0.12169575796937912,18.686811400000003,18.686811400000003
111,695111400012405,61130543,2458365.808960658,58365.3054398,18.7029991,0.0501894876,0,zg,10.9666112,41.2639945,1.44299996,0.151999995,20180904305417,695,0xb,0x4,21.5200005,26.2919235,0.0289755706,-0.0580269247,7.13685358e-06,30,1.14499998,2,0.11989480343237688,58365.3054398,0.11989480343237688,18.702999099999992,18.702999099999992
112,695111400012405,61139915,2458365.9026815146,58365.3991551,18.7144146,0.0506075025,0,zg,10.9666377,41.2640108,1.34599996,0.129999995,20180904399120,695,0xb,0x4,21.1900005,26.3160439,0.0258906931,-0.0365881249,5.75332069e-06,30,1.00800002,2,0.1186408255433362,58365.3991551,0.1186408255433362,18.714414600000005,18.714414600000005
113,1735101200069234,61142781,2458365.931340604,58365.4278125,18.603014,0.0487971157,0,zg,10.9666462,41.2639827,1.41600001,0.0890000015,20180904427778,1735,0x1,0x2,21.3500004,26.3931446,0.0563040636,-0.0421686023,3.61281309e-05,30,1.03400004,2,0.13146023369978352,58365.4278125,0.13146023369978352,18.603013999999995,18.603013999999995
114,695111400012405,61240995,2458366.913539232,58366.4099537,18.6390305,0.0479230322,0,zg,10.9666274,41.2640271,1.22899997,0.0790000036,20180905409931,695,0xb,0x4,21.1100006,26.3292465,0.0278458595,-0.0369786322,6.66518872e-06,30,1.00899994,2,0.12717091615198856,58366.4099537,0.12717091615198856,18.639030499999997,18.639030499999997
115,695111400012405,61241993,2458366.9235167066,58366.4199306,18.6878662,0.0496417694,0,zg,10.9666689,41.2640551,1.25,0.108999997,20180905419630,695,0xb,0x4,21.1800003,26.3163548,0.0263681244,-0.023240529,6.04508796e-06,30,1.01199996,2,0.12157758713602829,58366.4199306,0.12157758713602829,18.687866199999995,18.687866199999995
116,695111400012405,61243828,2458366.9418741693,58366.438287,18.6459999,0.0481638424,0,zg,10.9666689,41.2640309,1.23500001,0.104999997,20180905437951,695,0xb,0x4,21.1800003,26.3142338,0.0254554786,-0.0218645018,5.62619834e-06,30,1.02499998,2,0.1263572134901946,58366.438287,0.1263572134901946,18.6459999,18.6459999
117,695111400012405,61341513,2458367.918782228,58367.4151389,18.6925583,0.0498108231,0,zg,10.9666174,41.2640016,1.07700002,0.108000003,20180906415139,695,0xb,0x4,21.6700001,26.3171749,0.0282249358,-0.0397303849,6.8196232e-06,30,1.01100004,1,0.12105331306740737,58367.4151389,0.12105331306740737,18.692558299999995,18.692558299999995
118,695111400012405,61341655,2458367.9201943087,58367.4165509,18.6268635,0.0475062206,0,zg,10.9665978,41.2640031,2.18799996,0.167999998,20180906416505,695,0xb,0x4,21.75,26.344099,0.0289170258,-0.0532003157,7.19440413e-06,30,1.01199996,2,0.12860403649399438,58367.4165509,0.12860403649399438,18.626863500000006,18.626863500000006
119,695111400012405,61341998,2458367.9236319982,58367.4199884,18.6754494,0.0491977483,0,zg,10.9666472,41.2640707,0.948000014,0.101999998,20180906419769,695,0xb,0x4,21.1399994,26.297924,0.0268367026,-0.0115638487,6.17786236e-06,30,1.01300001,2,0.12297596523208376,58367.4199884,0.12297596523208376,18.675449399999998,18.675449399999998
120,695111400012405,61343864,2458367.9422904616,58367.4386458,18.7055664,0.0502831489,0,zg,10.9666258,41.2640267,1.55799997,0.0970000029,20180906438252,695,0xb,0x4,21.3099995,26.2782383,0.0244624522,-0.0246061925,5.23120843e-06,30,1.028,2,0.119611638608608,58367.4386458,0.119611638608608,18.705566400000002,18.705566400000002
121,695111400012405,61437251,2458368.8762090285,58368.3725116,18.7001286,0.050085023,0,zg,10.9666587,41.2640365,1.63100004,0.166999996,20180907372106,695,0xb,0x4,21.4699993,26.3277931,0.0235033575,-0.0473872982,4.74367198e-06,30,1.01499999,2,0.12021220408669697,58368.3725116,0.12021220408669697,18.700128599999992,18.700128599999992
122,695111400012405,61437942,2458368.8831191184,58368.3794213,18.6468906,0.0481947139,0,zg,10.9666308,41.2640238,1.454,0.0960000008,20180907379421,695,0xb,0x4,21.4300003,26.3172398,0.0253066681,-0.042802345,5.48221078e-06,30,1.01100004,2,0.1262535969601091,58368.3794213,0.1262535969601091,18.6468906,18.6468906
123,695111400012405,61441643,2458368.92013509,58368.4164352,18.6717033,0.0490647182,0,zg,10.96662,41.2640286,2.31399989,0.225999996,20180907416343,695,0xb,0x4,21.5799999,26.3281746,0.0263837986,-0.0436714105,5.96956261e-06,30,1.01300001,2,0.12340100025936657,58368.4164352,0.12340100025936657,18.671703299999997,18.671703299999997
124,695111400012405,61532011,2458369.823865749,58369.3201157,18.6308861,0.0476435162,0,zg,10.9666189,41.2640093,1.74000001,0.153999999,20180908320093,695,0xb,0x4,21.7099991,26.3162727,0.033286415,-0.0448914208,9.45985994e-06,30,1.08000004,2,0.12812844633702072,58369.3201157,0.12812844633702072,18.630886100000005,18.630886100000005
125,695111400012405,61544540,2458369.9491620404,58369.4454051,18.6571159,0.0485509261,0,zg,10.9666833,41.2640364,0.989000022,0.0810000002,20180908445359,695,0xb,0x4,21.2399998,26.290432,0.0249806307,-0.0334374942,5.34771789e-06,30,1.04299998,2,0.12507014115675597,58369.4454051,0.12507014115675597,18.6571159,18.6571159
126,695111400012405,61547363,2458369.9773927806,58369.4736343,18.6106377,0.0469572656,0,zg,10.9666491,41.2640182,2.12599993,0.0909999982,20180908473414,695,0xb,0x4,21.5900002,26.301815,0.0261204522,-0.0474653728,5.79231164e-06,30,1.09599996,2,0.13054039425264757,58369.4736343,0.13054039425264757,18.610637700000005,18.610637700000005
127,695111400012405,61633927,2458370.84307642,58370.3392708,18.6287937,0.0475720391,0,zg,10.9666279,41.2640156,1.25,0.0450000018,20180909339132,695,0xb,0x4,21.6299992,26.3588943,0.0304943249,-0.0604593158,7.98379733e-06,30,1.04200006,2,0.12837560992927793,58370.3392708,0.12837560992927793,18.628793699999996,18.628793699999996
128,695111400012405,61636442,2458370.8682282846,58370.3644213,18.5633335,0.0454009771,0,zg,10.9666266,41.2639917,1.77900004,0.202000007,20180909364387,695,0xb,0x4,21.7999992,26.3470993,0.035101641,-0.0489291437,1.05413083e-05,30,1.01600003,1,0.13635359728505964,58370.3644213,0.13635359728505964,18.56333349999999,18.56333349999999
129,695111400012405,61636533,2458370.869142633,58370.3653356,18.6664162,0.0488777459,0,zg,10.9666286,41.2640067,2.38599992,0.108000003,20180909365324,695,0xb,0x4,21.6399994,26.3167763,0.0270073824,-0.0366253145,6.30470367e-06,30,1.01600003,2,0.12400337913544704,58370.3653356,0.12400337913544704,18.666416200000008,18.666416200000008
130,695111400012405,61638030,2458370.8841087413,58370.3803009,18.5876732,0.0461936258,0,zg,10.9666474,41.2640013,1.58399999,0.133000001,20180909380255,695,0xb,0x4,21.6700001,26.3444767,0.0290483162,-0.0470194928,7.28955729e-06,30,1.00899994,2,0.13333087216634573,58370.3803009,0.13333087216634573,18.587673200000005,18.587673200000005
131,695111400012405,61734653,2458371.850398858,58371.3465394,18.6254101,0.0474567339,0,zg,10.9666709,41.2640182,2.51699996,0.158000007,20180910346470,695,0xb,0x4,21.5900002,26.347683,0.0253604371,-0.0405563563,5.50362893e-06,30,1.02999997,2,0.12877630510352386,58371.3465394,0.12877630510352386,18.625410100000003,18.625410100000003
132,695111400012405,61736315,2458371.867020042,58371.3631597,18.6773872,0.0492667034,0,zg,10.9666128,41.264015,1.94400001,0.142000005,20180910363102,695,0xb,0x4,21.6200008,26.3498592,0.0243071932,-0.045051448,5.05518256e-06,30,1.01499999,2,0.12275667596843576,58371.3631597,0.12275667596843576,18.67738719999999,18.67738719999999
133,1735101200069234,61737454,2458371.8784095445,58371.3745486,18.5790329,0.0481127873,0,zg,10.9666464,41.2640162,0.772000015,0.0430000015,20180910374525,1735,0x1,0x2,21.6200008,26.5169678,0.0452315994,-0.058799956,2.2594555e-05,30,1.01800001,2,0.13439615377159697,58371.3745486,0.13439615377159697,18.57903290000001,18.57903290000001
134,695111400012405,61738798,2458371.891847752,58371.3879861,18.6544838,0.0484589152,0,zg,10.9666451,41.2640643,1.17499995,0.143000007,20180910387951,695,0xb,0x4,21.2600002,26.3208637,0.0246883072,-0.0231509972,5.29045565e-06,30,1.00800002,2,0.1253737107240258,58371.3879861,0.1253737107240258,18.6544838,18.6544838
135,695111400012405,61840844,2458372.912364138,58372.4084491,18.7169991,0.0507027283,0,zg,10.966628,41.2640145,2.54500008,0.177000001,20180911408426,695,0xb,0x4,21.5100002,26.3414459,0.0250690077,-0.0543163121,5.40796646e-06,30,1.01499999,2,0.11835874730733617,58372.4084491,0.11835874730733617,18.716999100000002,18.716999100000002
136,695111400012405,61842472,2458372.9286380773,58372.4247222,18.6183205,0.047216177,0,zg,10.9666049,41.2640182,1.51300001,0.148000002,20180911424688,695,0xb,0x4,21.5799999,26.3432426,0.0260714572,-0.0434655957,5.89731508e-06,30,1.028,2,0.12961993519900175,58372.4247222,0.12961993519900175,18.618320500000003,18.618320500000003
137,695111400012405,61845879,2458372.9627139275,58372.4587963,18.5951233,0.0464396439,0,zg,10.9666246,41.264009,1.94400001,0.140000001,20180911458588,695,0xb,0x4,21.7099991,26.3379784,0.0314469635,-0.0429033972,8.44975784e-06,30,1.08099997,2,0.13241911468784542,58372.4587963,0.13241911468784542,18.595123300000004,18.595123300000004
138,695111400012405,61937495,2458373.878918254,58373.3749537,18.6507111,0.0483274423,0,zg,10.9666218,41.2639981,1.15999997,0.0610000007,20180912374838,695,0xb,0x4,21.5100002,26.3529892,0.0254433379,-0.0584911257,5.54041389e-06,30,1.00800002,2,0.12581011519428106,58373.3749537,0.12581011519428106,18.650711100000002,18.650711100000002
139,695111400012405,61938321,2458373.88718257,58373.3832176,18.6527386,0.0483980253,0,zg,10.9666355,41.2640278,1.08800006,0.0179999992,20180912383021,695,0xb,0x4,21.1900005,26.3399506,0.0249975827,-0.0638637319,5.36648758e-06,30,1.00800002,1,0.12557539704832413,58373.3832176,0.12557539704832413,18.6527386,18.6527386
140,695111400012405,61938414,2458373.888108518,58373.3841435,18.6012955,0.0466447286,0,zg,10.9666303,41.2640206,0.93599999,0.0340000018,20180912384132,695,0xb,0x4,21.4699993,26.3292046,0.0238883533,-0.0482491963,4.92500612e-06,30,1.00800002,2,0.13166847331941925,58373.3841435,0.13166847331941925,18.6012955,18.6012955
141,695111400012405,61939755,2458373.901523597,58373.3975579,18.6532078,0.0484144092,0,zg,10.9666321,41.2640081,1.64400005,0.105999999,20180912397454,695,0xb,0x4,21.5499992,26.3394108,0.0233416613,-0.0517136976,4.69175529e-06,30,1.01100004,2,0.12552114146878177,58373.3975579,0.12552114146878177,18.653207799999997,18.653207799999997
142,695111400012405,62040929,2458374.9133103904,58374.409294,18.6828899,0.0494632162,0,zg,10.9666399,41.2640003,1.85399997,0.131999999,20180913409271,695,0xb,0x4,21.6200008,26.3551331,0.0265787132,-0.0484589338,6.08678238e-06,30,1.01900005,2,0.1221360977030775,58374.409294,0.1221360977030775,18.6828899,18.6828899
143,695111400012405,62042318,2458374.9271999747,58374.4231829,18.6892223,0.0496905334,0,zg,10.9666322,41.2640138,2.0,0.141000003,20180913423137,695,0xb,0x4,21.6900005,26.3664703,0.0296143312,-0.0531029254,7.53898667e-06,30,1.03199995,2,0.12142582978953376,58374.4231829,0.12142582978953376,18.689222300000004,18.689222300000004
144,695111400012405,62045871,2458374.9627341204,58374.4587153,18.7296028,0.0511702113,0,zg,10.966674,41.2639904,1.54700005,0.0710000023,20180913458507,695,0xb,0x4,21.4200001,26.3421822,0.0236433465,-0.057969097,4.82000632e-06,30,1.09300005,2,0.11699273127711683,58374.4587153,0.11699273127711683,18.729602800000002,18.729602800000002
145,695111400012405,62130616,2458375.8102293583,58375.306169,18.6128616,0.047032021,0,zg,10.9666307,41.2640019,1.87399995,0.140000001,20180914306157,695,0xb,0x4,21.6700001,26.377142,0.0346568972,-0.0790439919,1.01605619e-05,30,1.07500005,2,0.13027328363548196,58375.306169,0.13027328363548196,18.612861599999995,18.612861599999995
146,695111400012405,62142624,2458375.930316184,58375.42625,18.6459465,0.0481619835,0,zg,10.96663,41.2639947,1.70000005,0.115000002,20180914426227,695,0xb,0x4,21.5799999,26.360178,0.0297029447,-0.059452638,7.60716057e-06,30,1.03999996,2,0.12636342829734962,58375.42625,0.12636342829734962,18.6459465,18.6459465
147,695111400012405,62145881,2458375.9628871456,58375.4588194,18.5736961,0.045736365,0,zg,10.9666395,41.2639982,1.86199999,0.112999998,20180914458704,695,0xb,0x4,21.7000008,26.3547001,0.0314749852,-0.0665882081,8.42445206e-06,30,1.09899998,2,0.13505838742182175,58375.4588194,0.13505838742182175,18.5736961,18.5736961
148,695111400012405,62230724,2458376.811353768,58376.3072454,18.6094913,0.046918761,0,zg,10.9666152,41.2640027,1.47800004,0.213,20180915307222,695,0xb,0x4,21.6900005,26.3567219,0.0315343849,-0.0628454238,8.49814296e-06,30,1.06700003,2,0.1306783011785251,58376.3072454,0.1306783011785251,18.609491299999995,18.609491299999995
149,695111400012405,62232177,2458376.82587986,58376.3217708,18.6717854,0.0490676351,0,zg,10.9666181,41.2640213,1.53400004,0.101000004,20180915321759,695,0xb,0x4,21.6100006,26.3693638,0.0289066881,-0.071031265,7.16332443e-06,30,1.04400003,1,0.12339166941174393,58376.3217708,0.12339166941174393,18.671785399999997,18.671785399999997
150,695111400012405,62232269,2458376.8268059054,58376.3226968,18.5688305,0.0455784947,0,zg,10.9666255,41.2639941,2.11400008,0.160999998,20180915322685,695,0xb,0x4,21.6499996,26.3448162,0.0280657317,-0.0541742817,6.73542672e-06,30,1.04200006,2,0.1356649940148769,58376.3226968,0.1356649940148769,18.568830499999997,18.568830499999997
151,695111400012405,62244819,2458376.9523094296,58376.4481944,18.567667,0.0455408469,0,zg,10.9666403,41.2640019,1.704,0.112999998,20180915448160,695,0xb,0x4,21.75,26.3445244,0.0285386797,-0.0561499484,7.0043302e-06,30,1.08200002,2,0.1358104536816843,58376.4481944,0.1358104536816843,18.567666999999993,18.567666999999993
152,695111400012405,62334999,2458377.854157161,58377.35,18.5696983,0.0456065983,0,zg,10.9666133,41.2639913,2.84899998,0.196999997,20180916349942,695,0xb,0x4,21.7000008,26.34659,0.0352923311,-0.0522580817,1.07155793e-05,30,1.01400006,2,0.13555660392475713,58377.35,0.13555660392475713,18.56969829999999,18.56969829999999
153,695111400012405,62336402,2458377.8681856063,58377.3640278,18.6419506,0.0480237603,0,zg,10.9666228,41.2640368,1.74100006,0.129999995,20180916363970,695,0xb,0x4,21.2900009,26.3052349,0.0259981956,-0.0408346616,5.81033146e-06,30,1.00800002,2,0.12682934804311774,58377.3640278,0.12682934804311774,18.641950599999994,18.641950599999994
154,1735101200069234,62336990,2458377.87406548,58377.3699074,18.5853329,0.0482911691,0,zg,10.966646,41.2639995,1.09599996,0.0460000001,20180916369896,1735,0x1,0x2,21.5300007,26.4883308,0.0469502211,-0.0615244433,2.4517738e-05,30,1.01900005,2,0.13361857628341425,58377.3699074,0.13361857628341425,18.585332900000004,18.585332900000004
155,695111400012405,62339603,2458377.9001893825,58377.3960301,18.6436577,0.0480827428,0,zg,10.9666426,41.2640042,1.98300004,0.158000007,20180916395937,695,0xb,0x4,21.5300007,26.313942,0.0255484376,-0.0409609862,5.62994592e-06,30,1.01499999,2,0.12663009130014818,58377.3960301,0.12663009130014818,18.6436577,18.6436577
156,695111400012405,62432777,2458378.831979548,58378.3277778,18.6383553,0.0478997976,0,zg,10.9666401,41.2639952,1.73399997,0.143999994,20180917327708,695,0xb,0x4,21.6800003,26.3606911,0.0321359672,-0.0466152355,8.83157281e-06,30,1.02900004,2,0.1272500260747775,58378.3277778,0.1272500260747775,18.638355299999994,18.638355299999994
157,695111400012405,62434599,2458378.8501979704,58378.3459954,18.7087345,0.0503989719,0,zg,10.9666222,41.2640102,1.66600001,0.226999998,20180917345984,695,0xb,0x4,21.4899998,26.3354607,0.0234838091,-0.0402009822,4.71109843e-06,30,1.01400006,2,0.11926312917715019,58378.3459954,0.11926312917715019,18.7087345,18.7087345
158,695111400012405,62534824,2458379.852487787,58379.3482407,18.6204109,0.0472869612,0,zg,10.9666603,41.2640152,1.09300005,0.149000004,20180918348160,695,0xb,0x4,21.4799995,26.3426418,0.0233834013,-0.0439177789,4.70386158e-06,30,1.01199996,2,0.1293706141968822,58379.3482407,0.1293706141968822,18.620410900000003,18.620410900000003
159,695111400012405,62536795,2458379.8721993524,58379.3679514,18.6526756,0.0483958684,0,zg,10.9666051,41.2640138,1.66700006,0.127000004,20180918367951,695,0xb,0x4,21.5799999,26.3380852,0.0255634915,-0.0446511656,5.58173178e-06,30,1.00800002,2,0.1255826837902678,58379.3679514,0.1255826837902678,18.652675600000002,18.652675600000002
160,695111400012405,62536886,2458379.873113694,58379.3688657,18.6318436,0.0476762652,0,zg,10.9666279,41.2639849,1.10000002,0.101999998,20180918368866,695,0xb,0x4,21.5400009,26.366127,0.0247896686,-0.0616676584,5.29755243e-06,30,1.00800002,1,0.12801550093990352,58379.3688657,0.12801550093990352,18.631843600000003,18.631843600000003
161,695111400012405,62544872,2458379.9529783647,58379.4487269,18.6212749,0.0473162606,0,zg,10.9666474,41.2640042,1.36199999,0.101000004,20180918448692,695,0xb,0x4,21.4799995,26.3444977,0.0233244281,-0.062149059,4.62489925e-06,30,1.10099995,2,0.1292677054537612,58379.4487269,0.1292677054537612,18.621274899999996,18.621274899999996
162,695111400012405,62634516,2458380.849452184,58380.345162,18.6231308,0.0473792478,0,zg,10.9666562,41.2639949,1.25600004,0.0930000022,20180919344977,695,0xb,0x4,21.4799995,26.3833027,0.0240202025,-0.0957755968,4.80250401e-06,30,1.01199996,2,0.12904693082423344,58380.345162,0.12904693082423344,18.623130800000006,18.623130800000006
163,695111400012405,62637031,2458380.8746037567,58380.3703125,18.6187382,0.0472303368,0,zg,10.9666316,41.2639901,2.43600011,0.202000007,20180919370289,695,0xb,0x4,21.7600002,26.388876,0.0243414268,-0.089899756,4.94571941e-06,30,1.00800002,2,0.1295700779377822,58380.3703125,0.1295700779377822,18.618738200000003,18.618738200000003
164,695111400012405,62840565,2458382.9100351497,58382.4056597,18.6628723,0.0487528928,0,zg,10.9666179,41.2639812,1.63399994,0.148000002,20180921405637,695,0xb,0x4,21.1700001,26.3174133,0.0254157465,-0.0552143157,5.45956482e-06,30,1.03799999,2,0.1244087939658606,58382.4056597,0.1244087939658606,18.662872299999997,18.662872299999997
165,695111400012405,62842710,2458382.9314828007,58382.4271065,18.6478996,0.0482297018,0,zg,10.9666338,41.263993,1.66199994,0.160999998,20180921427095,695,0xb,0x4,21.4500008,26.3363304,0.0240494795,-0.0793910772,4.75385832e-06,30,1.07200003,2,0.12613632104731162,58382.4271065,0.12613632104731162,18.647899599999995,18.647899599999995
166,695111400012405,62844788,2458382.9522590223,58382.4478819,18.6601009,0.0486555286,0,zg,10.9666402,41.2640185,1.41299999,0.129999995,20180921447870,695,0xb,0x4,21.5799999,26.2835732,0.0227032229,-0.0398919284,4.23082065e-06,30,1.12,2,0.12472675973674277,58382.4478819,0.12472675973674277,18.660100899999996,18.660100899999996
167,695111400012405,62844899,2458382.9533702657,58382.4489931,18.6705742,0.0490247235,0,zg,10.9666461,41.2640236,1.58700001,0.075000003,20180921448889,695,0xb,0x4,21.5,26.3021069,0.0229075048,-0.0515542962,4.30827504e-06,30,1.12300003,1,0.12352939658838863,58382.4489931,0.12352939658838863,18.670574199999997,18.670574199999997
168,1735101200069234,62924478,2458383.749188757,58383.2447801,18.5471172,0.0472237095,0,zg,10.96676,41.2640353,1.05799997,0.0390000008,20180922244745,1735,0x1,0x2,20.0599995,26.2999706,0.0502985343,0.00398344267,4.62675744e-05,30,1.148,2,0.13840542715046994,58383.2447801,0.13840542715046994,18.547117199999995,18.547117199999995
169,695111400012405,62942880,2458383.933223753,58383.4288079,18.7216434,0.050874386,0,zg,10.9666262,41.2639903,1.54900002,0.188999996,20180922428785,695,0xb,0x4,20.75,26.2953854,0.0304359403,-0.0412759557,8.55337021e-06,30,1.08099997,2,0.11785354214868209,58383.4288079,0.11785354214868209,18.721643399999998,18.721643399999998
170,695111400012405,62945043,2458383.954856483,58383.4504398,18.6520691,0.0483747199,0,zg,10.9666384,41.2639754,1.926,0.213,20180922450428,695,0xb,0x4,20.7600002,26.2665405,0.029187195,-0.0248298049,7.79565744e-06,30,1.13499999,2,0.1256528547717226,58383.4504398,0.1256528547717226,18.6520691,18.6520691
171,695111400012405,62947670,2458383.981119084,58383.4767014,18.6490669,0.048270233,0,zg,10.9666497,41.2640059,1.21700001,0.0780000016,20180922476678,695,0xb,0x4,21.2299995,26.2395325,0.025983071,-0.0268021002,5.66057588e-06,30,1.227,2,0.1260007818571377,58383.4767014,0.1260007818571377,18.6490669,18.6490669
172,1735101200069234,63027865,2458384.783105838,58384.2786574,18.6827698,0.0511774048,0,zg,10.9666011,41.2640035,1.477,0.173999995,20180923278634,1735,0x1,0x2,20.3199997,26.2545147,0.0396826863,-0.0183831435,2.48808756e-05,30,1.06700003,2,0.12214960867985983,58384.2786574,0.12214960867985983,18.682769799999996,18.682769799999996
173,695111400012405,63041792,2458384.922381892,58384.4179282,18.8009834,0.0539172515,32768,zg,10.9668053,41.2639797,0.88499999,0.0599999987,20180923417465,695,0xb,0x4,19.4599991,25.7591534,0.0483610071,-0.0156187704,6.45198743e-05,30,1.06500006,2,0.10954855162647868,58384.4179282,0.10954855162647868,18.8009834,18.8009834
174,695111400012405,63043870,2458384.943158166,58384.4387037,18.6490021,0.0482680053,0,zg,10.9666224,41.2639904,1.24100006,0.118000001,20180923438148,695,0xb,0x4,20.5,26.258358,0.032446295,-0.0327499956,1.21485846e-05,30,1.11000001,2,0.1260083021869246,58384.4387037,0.1260083021869246,18.649002099999997,18.649002099999997
175,695111400012405,63046740,2458384.9718629317,58384.4674074,18.7097206,0.0504350923,0,zg,10.9666304,41.263945,0.526000023,0.0860000029,20180923467396,695,0xb,0x4,20.4599991,26.2575493,0.0334302522,-0.0684810057,1.24325143e-05,30,1.20099998,2,0.1191548598011532,58384.4674074,0.1191548598011532,18.709720600000004,18.709720600000004
176,695111400012405,63136069,2458385.865183035,58385.3606944,18.6977997,0.0500004552,0,zg,10.9666143,41.2639939,0.944000006,0.112000003,20180924360671,695,0xb,0x4,20.3799992,26.3074741,0.0363323726,-0.0450506732,1.63532477e-05,30,1.00899994,1,0.12047033555048542,58385.3606944,0.12047033555048542,18.697799699999997,18.697799699999997
177,695111400012405,63136159,2458385.8660858683,58385.3615972,18.7358761,0.051404804,0,zg,10.9666071,41.2639864,0.805000007,0.0689999983,20180924361597,695,0xb,0x4,20.3700008,26.3117771,0.0332581066,-0.0491729602,1.37529996e-05,30,1.00999999,2,0.11631870541451593,58385.3615972,0.11631870541451593,18.735876100000006,18.735876100000006
178,695111400012405,63138291,2458385.887406132,58385.3829167,18.7891712,0.0534507483,0,zg,10.9666764,41.2641219,1.245,0.111000001,20180924382627,695,0xb,0x4,20.2399998,26.3204498,0.03506523,-0.0422429033,1.6712158e-05,30,1.02199996,2,0.11074688510753658,58385.3829167,0.11074688510753658,18.78917119999999,18.78917119999999
179,695111400012405,63140003,2458385.90452476,58385.4000347,18.775238,0.0529066287,0,zg,10.9666228,41.2639959,1.97500002,0.194000006,20180924399907,695,0xb,0x4,20.3099995,26.3034267,0.0323332436,-0.0345087983,1.34160491e-05,30,1.04100001,2,0.11217725279667726,58385.4000347,0.11217725279667726,18.775237999999995,18.775237999999995
180,695111400012405,63246769,2458386.972224971,58386.4676968,18.7724037,0.0527967773,0,zg,10.9665983,41.2640455,0.926999986,-0.167999998,20180925467650,695,0xb,0x4,19.4300003,26.3066044,0.0378226116,-0.0598573498,3.54743242e-05,30,1.22399998,2,0.11247047258785772,58386.4676968,0.11247047258785772,18.772403700000005,18.772403700000005
181,695111400012405,63248859,2458386.9931283905,58386.4885995,18.6569977,0.0485467911,0,zg,10.9665729,41.2640129,0.972000003,0.177000001,20180925488518,695,0xb,0x4,19.6499996,26.2604809,0.0353876054,-0.0270798989,2.58502969e-05,30,1.32299995,2,0.12508375781184197,58386.4885995,0.12508375781184197,18.656997699999998,18.656997699999998
182,695111400012405,63323116,2458387.735723574,58387.231169,18.5760155,0.0458118245,0,zg,10.9666402,41.2640025,0.656000018,0.0799999982,20180926231053,695,0xb,0x4,20.0300007,26.3039131,0.0370227471,-0.0524689332,2.05127617e-05,30,1.19200003,2,0.1347701773886322,58387.231169,0.1347701773886322,18.576015500000004,18.576015500000004
183,695111400012405,63325754,2458387.7621017885,58387.2575463,18.6225662,0.0473600551,0,zg,10.9665888,41.2639975,0.818000019,0.120999999,20180926257535,695,0xb,0x4,20.2600002,26.3219433,0.0332450345,-0.0546300896,1.52017601e-05,30,1.11099994,2,0.12911405472068122,58387.2575463,0.12911405472068122,18.6225662,18.6225662
184,695111400012405,63328089,2458387.785447489,58387.2808912,18.6844158,0.0495178699,0,zg,10.9666572,41.264045,0.331999987,0.00200000009,20180926280833,695,0xb,0x4,20.2800007,26.3156261,0.034482915,-0.0340685137,1.60501259e-05,30,1.06099999,2,0.12196456748143412,58387.2808912,0.12196456748143412,18.684415800000004,18.684415800000004
185,695111400012405,63433550,2458388.8401007694,58388.3355093,18.671463,0.0490562283,0,zg,10.9666005,41.2639698,1.44799995,0.188999996,20180927335278,695,0xb,0x4,20.4899998,26.3299313,0.0312182177,-0.0450416505,1.07547094e-05,30,1.00800002,2,0.1234283149440674,58388.3355093,0.1234283149440674,18.671462999999996,18.671462999999996
186,695111400012405,63436069,2458388.8652866893,58388.3606944,18.6552906,0.0484871082,0,zg,10.9666156,41.2639813,0.949000001,0.175999999,20180927360683,695,0xb,0x4,20.3700008,26.3087292,0.0343704931,-0.0231138915,1.35544196e-05,30,1.01199996,2,0.12528058134662803,58388.3606944,0.12528058134662803,18.655290599999994,18.655290599999994
187,695111400012405,63436681,2458388.8714095857,58388.3668171,18.606329,0.0468127765,0,zg,10.9666592,41.2640117,1.43499994,0.0549999997,20180927366806,695,0xb,0x4,20.4500008,26.31143,0.033119075,-0.0395940617,1.23311165e-05,30,1.01600003,1,0.1310594677814404,58388.3668171,0.1310594677814404,18.606328999999995,18.606328999999995
188,695111400012405,63437734,2458388.881942328,58388.3773495,18.7442894,0.0517214946,0,zg,10.9666144,41.263999,1.13199997,0.0560000017,20180927377303,695,0xb,0x4,20.4899998,26.3141727,0.0302273091,-0.0300005805,1.01374908e-05,30,1.02400005,2,0.1154208424834016,58388.3773495,0.1154208424834016,18.744289400000007,18.744289400000007
189,695111400012405,63534975,2458389.854380829,58389.3497569,18.6037693,0.0467272252,0,zg,10.9666552,41.2640094,0.976999998,0.0700000003,20180928349745,695,0xb,0x4,20.6700001,26.3009911,0.0321325287,-0.0220641475,1.03356761e-05,30,1.00899994,2,0.13136881426886754,58389.3497569,0.13136881426886754,18.603769300000003,18.603769300000003
190,695111400012405,63535792,2458389.8625523844,58389.3579282,18.7124634,0.0505357459,0,zg,10.9666222,41.2640062,1.222,0.109999999,20180928357917,695,0xb,0x4,20.7399998,26.3083134,0.0303334128,-0.030445436,8.90307638e-06,30,1.01199996,2,0.1188542292339077,58389.3579282,0.1188542292339077,18.712463399999997,18.712463399999997
191,1735101200069234,63535839,2458389.8630154007,58389.3583912,18.5632248,0.0476693474,0,zg,10.9666365,41.2639746,1.82700002,0.186000004,20180928358380,1735,0x1,0x2,20.7099991,26.3625755,0.0399661995,-0.040424861,2.09014397e-05,30,1.02999997,2,0.13636724919970394,58389.3583912,0.13636724919970394,18.563224799999993,18.563224799999993
192,695111400012405,63538096,2458389.8855855046,58389.3809606,18.764843,0.0525049753,0,zg,10.9666364,41.2639509,0.836000025,0.0289999992,20180928380833,695,0xb,0x4,20.7299995,26.3009834,0.0334212258,-0.0383412652,1.13432843e-05,30,1.03100002,2,0.1132564122821963,58389.3809606,0.1132564122821963,18.764843000000006,18.764843000000006
193,695111400012405,63632114,2458390.825799569,58390.3211458,18.6120758,0.0470055863,0,zg,10.9666397,41.2639557,0.885999978,0.129999995,20180929321146,695,0xb,0x4,20.5799999,26.3122692,0.030608125,-0.0174010321,9.37941422e-06,30,1.00999999,2,0.13036760286273574,58390.3211458,0.13036760286273574,18.612075800000007,18.612075800000007
194,1735101200069234,63632545,2458390.830105298,58390.3254514,18.582243,0.0482035428,0,zg,10.9666378,41.2639598,0.952000022,0.0759999976,20180929325440,1735,0x1,0x2,20.6000004,26.3656445,0.0455358699,-0.036458347,2.77881409e-05,30,1.01800001,2,0.1339993834131462,58390.3254514,0.1339993834131462,18.582243,18.582243
195,695111400012405,63633531,2458390.839966693,58390.3353125,18.6544304,0.0484570861,0,zg,10.9666372,41.2639913,1.01199996,0.109999999,20180929335208,695,0xb,0x4,20.5499992,26.3188801,0.0305259041,-0.0360696688,9.48218894e-06,30,1.00800002,2,0.1253798771581617,58390.3353125,0.1253798771581617,18.654430400000003,18.654430400000003
196,695111400012405,64335020,2458397.8550404655,58397.3502083,18.6029205,0.0466988981,0,zg,10.9666335,41.2640025,2.09599996,0.0979999974,20181006350150,695,0xb,0x4,21.4799995,26.313921,0.0315044187,-0.0576911345,8.55871622e-06,30,1.02199996,2,0.13147155510646047,58397.3502083,0.13147155510646047,18.602920500000003,18.602920500000003
197,695111400012405,64336202,2458397.866857908,58397.3620255,18.6493835,0.0482812636,0,zg,10.966621,41.2639782,0.662999988,0.0710000023,20181006361991,695,0xb,0x4,21.3700008,26.3156891,0.0303423759,-0.0668887645,7.96793665e-06,30,1.03400004,1,0.12596404546416598,58397.3620255,0.12596404546416598,18.649383499999992,18.649383499999992
198,695111400012405,64336295,2458397.8677838254,58397.3629514,18.6331139,0.0477197841,0,zg,10.9666201,41.2639921,0.861000001,0.0869999975,20181006362940,695,0xb,0x4,21.6200008,26.3193436,0.0332512707,-0.0534121878,9.57509201e-06,30,1.03600001,2,0.1278658117276529,58397.3629514,0.1278658117276529,18.633113900000005,18.633113900000005
199,695111400012405,64628020,2458400.7850948395,58400.2802083,18.5593548,0.0452730097,0,zg,10.9666347,41.2639942,1.68400002,0.136999995,20181009280116,695,0xb,0x4,21.6499996,26.321661,0.0362919644,-0.0449453145,1.14730965e-05,30,1.01800001,2,0.13685418415820325,58400.2802083,0.13685418415820325,18.5593548,18.5593548
200,1735101200069234,67020782,2458424.712696655,58424.2078241,18.7415199,0.0530376211,32768,zg,10.9666635,41.263912,0.377000004,0.0250000004,20181102207824,1735,0x1,0x2,19.75,25.0830326,0.045662187,-0.0370681435,5.05229618e-05,30,1.02199996,2,0.11571563422118175,58424.2078241,0.11571563422118175,18.741519900000007,18.741519900000007
201,695111400012405,67114802,2458425.6528760297,58425.1480208,18.595623,0.0464561991,0,zg,10.9666195,41.263981,1.59300005,0.0439999998,20181103147917,695,0xb,0x4,21.2000008,26.1259594,0.0282127019,-0.0946294218,6.94847859e-06,30,1.125,2,0.13235818404315552,58425.1480208,0.13235818404315552,18.595622999999996,18.595622999999996
202,695111400012405,67118160,2458425.686463403,58425.1816088,18.6733704,0.0491238758,32768,zg,10.9666343,41.2639816,1.29700005,0.166999996,20181103181551,695,0xb,0x4,21.0300007,25.9430885,0.0300052054,-0.0696867853,8.22231414e-06,30,1.05200005,2,0.12321166886463103,58425.1816088,0.12321166886463103,18.673370400000003,18.673370400000003
203,695111400012405,67119915,2458425.7040093704,58425.1991551,18.7390785,0.0515250936,32768,zg,10.9666253,41.2640361,1.16299999,0.125,20181103199097,695,0xb,0x4,20.2399998,25.1888828,0.0428551696,-0.0621156693,2.90212029e-05,30,1.028,2,0.11597612660601121,58425.1991551,0.11597612660601121,18.739078499999998,18.739078499999998
204,695111400012405,67231759,2458426.822424554,58426.3175926,18.5688438,0.0455789156,32768,zg,10.9665967,41.2640055,1.43299997,-0.0520000011,20181104317384,695,0xb,0x4,20.3799992,25.5308933,0.0685500652,-0.0528298728,5.78274667e-05,30,1.09399998,2,0.13566333216242854,58426.3175926,0.13566333216242854,18.568843800000003,18.568843800000003
205,695111400012405,67232453,2458426.829368809,58426.324537,18.7493076,0.0519114621,32768,zg,10.9666247,41.263964,0.470999986,-0.00899999961,20181104324525,695,0xb,0x4,20.7099991,25.7525387,0.0337621234,-0.0639949962,1.15828179e-05,30,1.11099994,1,0.11488860601015194,58426.324537,0.11488860601015194,18.7493076,18.7493076
206,695111400012405,67233672,2458426.841556048,58426.3367245,18.6726379,0.0490978621,0,zg,10.9666228,41.2639905,1.04700005,0.0909999982,20181104336690,695,0xb,0x4,21.3600006,26.2343597,0.0292555951,-0.0813362151,7.38286872e-06,30,1.14600003,2,0.12329482257975184,58426.3367245,0.12329482257975184,18.672637900000005,18.672637900000005
207,695111400012405,67235497,2458426.8598080594,58426.3549769,18.6398735,0.0479520708,0,zg,10.9666584,41.263965,0.791000009,0.061999999,20181104354699,695,0xb,0x4,21.1800003,26.1765289,0.0287775528,-0.0780999437,7.16674731e-06,30,1.21000004,2,0.12707221494454596,58426.3549769,0.12707221494454596,18.6398735,18.6398735
208,695111400012405,67318796,2458427.692776387,58427.187963,18.9852219,0.0618483424,32768,zg,10.9666609,41.2639827,0.629000008,0.0439999998,20181105187894,695,0xb,0x4,19.7999992,24.9788055,0.047898151,-0.0576126464,5.20468238e-05,30,1.03499997,2,0.09245092057918548,58427.187963,0.09245092057918548,18.985221899999992,18.985221899999992
209,695111400012405,67319508,2458427.6998942345,58427.195081,18.6183777,0.0472181141,32768,zg,10.9666983,41.2639647,0.479000002,0.00400000019,20181105195069,695,0xb,0x4,19.8799992,25.0448017,0.0584854335,-0.0493933223,7.12440815e-05,30,1.02600002,2,0.12961310659278885,58427.195081,0.12961310659278885,18.618377700000003,18.618377700000003
210,1735101200069234,67335813,2458427.8629461937,58427.3581366,18.5913811,0.0484633893,0,zg,10.9666904,41.2638559,1.16900003,0.0379999988,20181105358125,1735,0x1,0x2,20.25,26.1742916,0.0398584343,-0.0372324064,2.4240655e-05,30,1.28499997,2,0.1328763102534123,58427.3581366,0.1328763102534123,18.5913811,18.5913811
211,695111400012405,67418406,2458428.6888533,58428.1840625,18.6778278,0.0492824167,0,zg,10.9666146,41.2640162,0.598999977,0.0469999984,20181106183993,695,0xb,0x4,21.2700005,26.3335514,0.0280790366,-0.0410763435,6.82630753e-06,30,1.03600001,2,0.12270687048317629,58428.1840625,0.12270687048317629,18.677827799999996,18.677827799999996
212,695111400012405,67419782,2458428.7026145826,58428.1978241,18.6753216,0.0491931736,0,zg,10.9666284,41.2639911,1.08500004,0.108999997,20181106197812,695,0xb,0x4,21.3799992,26.3419857,0.0281926636,-0.042444367,6.91250671e-06,30,1.02100003,2,0.12299044135740182,58428.1978241,0.12299044135740182,18.675321599999997,18.675321599999997
213,695111400012405,67422326,2458428.7280537887,58428.2232639,18.6612816,0.0486969985,0,zg,10.9666258,41.2640178,1.66499996,0.148000002,20181106223183,695,0xb,0x4,21.3199997,26.3415813,0.0273959748,-0.0422272608,6.50768288e-06,30,1.00699997,2,0.12459119748792226,58428.2232639,0.12459119748792226,18.661281600000002,18.661281600000002
214,695111400012405,67519835,2458429.70312287,58429.1983565,18.6431446,0.0480649844,0,zg,10.9666503,41.2640366,1.79400003,0.180000007,20181107198113,695,0xb,0x4,21.5,26.3405914,0.0341965519,-0.0442158021,1.02233562e-05,30,1.01800001,2,0.1266899486160848,58429.1983565,0.1266899486160848,18.643144599999992,18.643144599999992
215,695111400012405,67522922,2458429.7339901067,58429.2292245,18.5410233,0.0446892828,0,zg,10.9666398,41.2640143,1.33200002,0.166999996,20181107229190,695,0xb,0x4,21.4300003,26.3439007,0.0385568552,-0.0294042397,1.28772781e-05,30,1.00600004,2,0.13918443794088778,58429.2292245,0.13918443794088778,18.5410233,18.5410233
216,695111400012405,67524254,2458429.747311575,58429.2425463,18.6410446,0.0479924828,0,zg,10.9666245,41.2640009,2.08200002,0.184,20181107242546,695,0xb,0x4,21.5400009,26.3293858,0.0348363668,-0.0326202139,1.04858054e-05,30,1.00800002,2,0.12693522582888891,58429.2425463,0.12693522582888891,18.641044600000008,18.641044600000008
217,695111400012405,67524346,2458429.7482258524,58429.2434606,18.6316338,0.0476690903,0,zg,10.9666533,41.2640144,1.65999997,0.206,20181107243461,695,0xb,0x4,21.4500008,26.3359222,0.0303427,-0.0326886177,8.00328962e-06,30,1.00800002,1,0.12804024014178209,58429.2434606,0.12804024014178209,18.631633799999996,18.631633799999996
218,695111400012405,67625489,2458430.7596351835,58430.2548958,18.5536327,0.0450897813,0,zg,10.9666351,41.2640025,1.00600004,0.158000007,20181108254861,695,0xb,0x4,21.6000004,26.3547115,0.0351721123,-0.0489985347,1.06125954e-05,30,1.01600003,2,0.13757734370838653,58430.2548958,0.13757734370838653,18.5536327,18.5536327
219,1735101200069234,67626906,2458430.773801507,58430.2690625,18.506031,0.0461148061,32768,zg,10.9666103,41.2640004,1.61899996,0.0949999988,20181108269028,1735,0x1,0x2,21.5699997,26.4502907,0.0794495344,-0.0588048175,6.9606067e-05,30,1.05200005,2,0.1437432963623185,58430.2690625,0.1437432963623185,18.506031,18.506031
220,695111400012405,67627146,2458430.776208845,58430.2714699,18.5960045,0.0464688465,0,zg,10.9666513,41.2639841,1.72899997,0.0670000017,20181108271366,695,0xb,0x4,21.8299999,26.3543701,0.0364188254,-0.0509812385,1.13839142e-05,30,1.03199995,2,0.132311684924157,58430.2714699,0.132311684924157,18.5960045,18.5960045
221,695111400012405,67629250,2458430.7972383825,58430.2925,18.6280937,0.0475481637,0,zg,10.9666308,41.2640102,2.03900003,0.151999995,20181108292303,695,0xb,0x4,21.7000008,26.3446865,0.0360100493,-0.0497904494,1.10756391e-05,30,1.06400001,2,0.128458403430284,58430.2925,0.128458403430284,18.6280937,18.6280937
222,695111400012405,67710878,2458431.6135010966,58431.1087847,18.7317028,0.0512485765,0,zg,10.9666383,41.2640795,1.08000004,-0.0320000015,20181109108681,695,0xb,0x4,20.2199993,26.2637882,0.0380105451,-0.0685382038,1.83575303e-05,30,1.20099998,2,0.11676666596814643,58431.1087847,0.11676666596814643,18.7317028,18.7317028
223,695111400012405,67722820,2458431.732919152,58431.228206,18.53899,0.0446251072,0,zg,10.9667642,41.2639859,0.924000025,0.063000001,20181109228194,695,0xb,0x4,20.2800007,26.2997513,0.0353569351,-0.0395394042,1.48301806e-05,30,1.00600004,2,0.13944533822025915,58431.228206,0.13944533822025915,18.538990000000005,18.538990000000005
224,695111400012405,67724868,2458431.75339318,58431.2486806,18.6386261,0.0479091108,0,zg,10.9666767,41.2639882,1.15199995,0.149000004,20181109248600,695,0xb,0x4,20.1499996,26.2888699,0.0374170542,-0.0393651575,1.71427509e-05,30,1.01400006,2,0.12721829183775332,58431.2486806,0.12721829183775332,18.638626100000003,18.638626100000003
225,695111400012405,67823337,2458432.7380642667,58432.2333796,18.6306839,0.0476366319,0,zg,10.9666711,41.2640517,1.42900002,0.063000001,20181110233356,695,0xb,0x4,20.7800007,26.3096695,0.0300110802,-0.0307149366,8.17716136e-06,30,1.00800002,2,0.12815231031457786,58432.2333796,0.12815231031457786,18.6306839,18.6306839
226,695111400012405,67915960,2458433.664263682,58433.1596065,18.6720657,0.0490775667,0,zg,10.9666022,41.2639693,0.564999998,0.0340000018,20181111159294,695,0xb,0x4,20.6599998,25.9205856,0.0311186258,-0.0312524028,9.66427706e-06,30,1.05200005,2,0.12335981800933268,58433.1596065,0.12335981800933268,18.672065699999997,18.672065699999997
227,695111400012405,68015212,2458434.6567560327,58434.1521296,18.6298962,0.047609698,0,zg,10.9666181,41.2640303,1.03799999,0.0379999988,20181112152106,695,0xb,0x4,20.4799995,26.3139458,0.0325113647,-0.0488182642,1.06437446e-05,30,1.05999994,2,0.12824531835942468,58434.1521296,0.12824531835942468,18.629896199999997,18.629896199999997
228,695111400012405,68025811,2458434.7627364728,58434.2581134,18.6391106,0.0479257852,0,zg,10.9667195,41.2642744,0.587000012,0.0520000011,20181112258009,695,0xb,0x4,20.1200008,26.3131809,0.0366867185,-0.038184993,1.86631969e-05,30,1.02900004,2,0.12716153448579734,58434.2581134,0.12716153448579734,18.639110600000002,18.639110600000002
229,695111400012405,68027200,2458434.77662493,58434.2720023,18.6271534,0.0475160927,0,zg,10.9665635,41.2639395,1.66199994,0.0309999995,20181112271701,695,0xb,0x4,20.3899994,26.322134,0.0350300707,-0.0409832969,1.30095432e-05,30,1.04799998,2,0.1285697028012193,58434.2720023,0.1285697028012193,18.627153400000005,18.627153400000005
230,695111400012405,68118287,2458435.687463492,58435.1828704,18.5836678,0.0460620113,0,zg,10.9665953,41.2640593,1.07500005,-0.0130000003,20181113182789,695,0xb,0x4,20.4799995,26.3304253,0.0323749855,-0.0392880477,1.09993271e-05,30,1.01699996,2,0.1338236527865259,58435.1828704,0.1338236527865259,18.583667799999994,18.583667799999994
231,1735101200069234,68118472,2458435.689315233,58435.1847222,18.6301498,0.0495887809,0,zg,10.966608,41.2640149,1.14199996,0.00499999989,20181113184711,1735,0x1,0x2,20.8600006,26.3259563,0.0352743231,-0.0502464324,1.39078911e-05,30,1.01800001,2,0.1282153670557647,58435.1847222,0.1282153670557647,18.630149800000005,18.630149800000005
232,695111400012405,68119359,2458435.6981922383,58435.1935995,18.6233635,0.047387138,0,zg,10.9665457,41.2639858,1.25899994,-0.023,20181113193530,695,0xb,0x4,20.2199993,26.3212376,0.0356966108,-0.0356504396,1.62162196e-05,30,1.01100004,2,0.1290192758534402,58435.1935995,0.1290192758534402,18.623363500000004,18.623363500000004
233,695111400012405,68122059,2458435.7251821514,58435.2205903,18.6903839,0.0497323908,0,zg,10.9666452,41.2639442,1.13199997,-0.050999999,20181113220567,695,0xb,0x4,20.3199997,26.3276272,0.0346294641,-0.0510804839,1.35917398e-05,30,1.00600004,2,0.12129598902498895,58435.2205903,0.12129598902498895,18.690383899999993,18.690383899999993
234,695111400012405,68122151,2458435.72610802,58435.2215162,18.594883,0.0464317054,0,zg,10.9666565,41.2640067,0.907999992,-0.0250000004,20181113221505,695,0xb,0x4,20.5799999,26.3395748,0.0327241942,-0.0669647679,1.05990093e-05,30,1.00699997,1,0.13244842552291533,58435.2215162,0.13244842552291533,18.594883000000003,18.594883000000003
235,1735101200069234,68218495,2458436.6895130007,58436.1849537,18.5382576,0.0469812341,0,zg,10.9666326,41.2639756,1.22899997,0.00400000019,20181114184954,1735,0x1,0x2,20.5300007,26.2862282,0.036483489,-0.0426194668,1.70679123e-05,30,1.01699996,2,0.13953943494431686,58436.1849537,0.13953943494431686,18.5382576,18.5382576
236,695111400012405,68218840,2458436.6929619806,58436.1884028,18.5862904,0.0461481363,0,zg,10.9666341,41.2640286,1.55299997,0.0390000008,20181114188218,695,0xb,0x4,20.3600006,26.3439369,0.0340263098,-0.0379364863,1.21488392e-05,30,1.01199996,2,0.1335007913293934,58436.1884028,0.1335007913293934,18.586290400000003,18.586290400000003
237,695111400012405,68221039,2458436.7149519287,58436.2103935,18.5514832,0.0450211912,0,zg,10.9667169,41.264026,0.744000018,0.0320000015,20181114210231,695,0xb,0x4,20.1299992,26.3358479,0.038117867,-0.0327699259,1.89325092e-05,30,1.00600004,2,0.13784998398920328,58436.2103935,0.13784998398920328,18.5514832,18.5514832
238,695111400012405,68223476,2458436.7393260803,58436.2347685,18.6019058,0.0466650724,0,zg,10.9665759,41.2640436,0.700999975,0.00100000005,20181114234745,695,0xb,0x4,20.2800007,26.3256397,0.0356984288,-0.0277963113,1.4674908e-05,30,1.01300001,2,0.1315944823366634,58436.2347685,0.1315944823366634,18.601905800000004,18.601905800000004
239,695111400012405,68437053,2458438.875013269,58438.3705324,18.5440559,0.0447852053,32768,zg,10.9667309,41.2639675,1.15499997,0.0890000015,20181116370532,695,0xb,0x4,19.7800007,25.3601589,0.0471826978,-0.0489768162,4.72489955e-05,30,1.48300004,1,0.13879622043794232,58438.3705324,0.13879622043794232,18.544055899999996,18.544055899999996
240,1735101200069234,68920462,2458443.708915116,58443.2046296,18.6135483,0.049102243,0,zg,10.9666135,41.2639691,0.745999992,0.0140000004,20181121204618,1735,0x1,0x2,20.1700001,26.2880096,0.0329092443,-0.0418570638,1.82824733e-05,30,1.023,2,0.13019091521182505,58443.2046296,0.13019091521182505,18.613548299999998,18.613548299999998
241,695111400012405,71515385,2458469.6566298665,58469.1538542,18.6501083,0.0483064614,0,zg,10.9666481,41.2640352,1.50699997,0.171000004,20181217153600,695,0xb,0x4,20.6200008,26.223278,0.0304569397,-0.0354749337,9.75298462e-06,30,1.01999998,1,0.1258799842782266,58469.1538542,0.1258799842782266,18.650108299999992,18.650108299999992
242,695111400012405,71818259,2458472.68514996,58472.1825926,18.7777557,0.0530044585,0,zg,10.9665425,41.2640287,0.653999984,0.0130000003,20181220182581,695,0xb,0x4,19.9300003,26.3119259,0.0353853591,-0.00971033983,2.06622153e-05,30,1.07299995,1,0.11191742774805483,58472.1825926,0.11191742774805483,18.777755699999993,18.777755699999993
243,695111400012405,72110447,2458475.6068196124,58475.1044792,18.6425781,0.0480454117,0,zg,10.9666743,41.2639806,0.748000026,0.050999999,20181223104468,695,0xb,0x4,20.3299999,26.3277283,0.033681117,-0.0252033416,1.46853336e-05,30,1.00600004,1,0.1267560683442103,58475.1044792,0.1267560683442103,18.6425781,18.6425781
244,695111400012405,73215346,2458486.6549334074,58486.1534606,18.6693707,0.0489821099,0,zg,10.9666281,41.2639762,0.58099997,-0.023,20190103153449,695,0xb,0x4,21.0499992,26.32271,0.0277348086,-0.0640583485,6.84470251e-06,30,1.09300005,1,0.12366640045266647,58486.1534606,0.12366640045266647,18.669370699999995,18.669370699999995
245,695111400012405,73917563,2458493.676529964,58493.1756366,18.7288342,0.0511415452,0,zg,10.966664,41.2639946,0.372000009,0.0149999997,20190110175602,695,0xb,0x4,20.9200001,26.2837582,0.0292947907,-0.0438700989,7.66348057e-06,30,1.22399998,1,0.11707558054389285,58493.1756366,0.11707558054389285,18.7288342,18.7288342
246,695111400012405,74916211,2458503.6621709648,58503.1621181,18.556778,0.0451904014,0,zg,10.9666451,41.2639418,0.833999991,0.0140000004,20190120162106,695,0xb,0x4,19.8799992,26.2857285,0.0336650796,-0.0485323295,2.03913914e-05,30,1.28699994,1,0.13717936873091244,58503.1621181,0.13717936873091244,18.556778,18.556778
247,695111400012405,75515695,2458509.656504573,58509.156956,18.5881233,0.0462084226,0,zg,10.9666317,41.2639782,0.810000002,-0.0189999994,20190126156921,695,0xb,0x4,19.8999996,26.2556,0.0409329757,-0.030566467,2.65797571e-05,30,1.347,1,0.13327561031935087,58509.156956,0.13327561031935087,18.5881233,18.5881233
248,695111400012405,76015714,2458514.65627406,58514.1571412,18.6736584,0.0491340756,0,zg,10.9666214,41.2639838,0.453000009,0.0689999983,20190131157106,695,0xb,0x4,21.0400009,26.2204208,0.0270373542,-0.0298784841,6.34963862e-06,30,1.43400002,1,0.12317899034238759,58514.1571412,0.12317899034238759,18.6736584,18.6736584
249,695111400012405,78013657,2458534.634157032,58534.1365741,18.4076405,0.0407161638,0,zg,10.9668218,41.2641069,0.63499999,0.0430000015,20190220136574,695,0xb,0x4,18.9899998,26.1586838,0.0497723967,-0.0612682886,0.000112064219,30,1.73699999,1,0.15737791959475853,58534.1365741,0.15737791959475853,18.407640500000007,18.407640500000007
250,695111400012405,78513999,2458539.637237331,58539.14,18.6387615,0.0479137935,0,zg,10.9667248,41.2639264,0.513000011,0.00800000038,20190225139988,695,0xb,0x4,19.8400002,26.0814209,0.0402472317,9.30298265e-05,2.58425407e-05,30,1.95799994,1,0.1272024276871296,58539.14,0.1272024276871296,18.638761500000008,18.638761500000008
251,695111400012405,88745031,2458641.9472121107,58641.4503125,18.6245537,0.047427576,0,zg,10.9666071,41.2639967,1.84599996,0.179000005,20190607450312,695,0xb,0x4,21.3199997,26.1152859,0.025760131,-0.0587131232,5.58678221e-06,30,1.77900004,1,0.12887792051729305,58641.4503125,0.12887792051729305,18.6245537,18.6245537
252,695111400012405,89045127,2458644.948358464,58644.4512731,18.6831951,0.0494741388,0,zg,10.9666405,41.263985,1.30499995,0.103,20190610451273,695,0xb,0x4,21.2399998,26.1401005,0.0262419395,-0.053914316,5.76464981e-06,30,1.67700005,1,0.122101770121275,58644.4512731,0.122101770121275,18.6831951,18.6831951
253,695111400012405,89347574,2458647.973021196,58647.4757407,18.8394375,0.0554696321,32768,zg,10.9665919,41.2640244,0.518000007,-0.0240000002,20190613475718,695,0xb,0x4,19.8799992,25.5524769,0.070448868,-0.0628078803,9.33063566e-05,30,1.40600002,1,0.10573651688222219,58647.4757407,0.10573651688222219,18.839437499999995,18.839437499999995
254,695111400012405,89938444,2458653.8821268943,58653.3844444,18.8601437,0.0563272573,0,zg,10.9665679,41.2640677,0.59799999,-0.0850000009,20190619384444,695,0xb,0x4,19.4799995,25.9573879,0.0418617912,-0.0275002383,4.20707765e-05,30,2.3039999,1,0.10373911053306906,58653.3844444,0.10373911053306906,18.860143700000002,18.860143700000002
255,695111400012405,90644430,2458660.9425003263,58660.4443056,18.6552734,0.0484865233,0,zg,10.9666114,41.2639873,1.31799996,0.0960000008,20190626444294,695,0xb,0x4,20.9599991,26.0608578,0.0323322006,-0.0757592618,9.46306864e-06,30,1.38,1,0.12528256603043816,58660.4443056,0.12528256603043816,18.65527339999999,18.65527339999999
256,695111400012405,91545842,2458669.957314319,58669.4584259,18.748045,0.0518635884,0,zg,10.96662,41.2639844,1.579,0.136999995,20190705458403,695,0xb,0x4,21.3899994,26.2274342,0.0261187758,-0.0516017117,5.85069438e-06,30,1.19299996,2,0.11502228740533839,58669.4584259,0.11502228740533839,18.748044999999998,18.748044999999998
257,695111400012405,91546670,2458669.965590476,58669.4667014,18.6448956,0.0481255613,0,zg,10.9666336,41.2639786,0.824000001,0.0350000001,20190705466701,695,0xb,0x4,21.5,26.265667,0.0248154737,-0.0682993755,5.28900728e-06,30,1.16400003,2,0.1264857965247587,58669.4667014,0.1264857965247587,18.644895600000005,18.644895600000005
258,695111400012405,92045035,2458674.9496450247,58674.4503588,18.6834583,0.0494835749,0,zg,10.9666412,41.2640205,1.77400005,0.0939999968,20190710450359,695,0xb,0x4,21.4099998,26.2408581,0.0248082653,-0.0556533821,5.248874e-06,30,1.17299998,2,0.12207217426660685,58674.4503588,0.12207217426660685,18.683458300000005,18.683458300000005
259,695111400012405,92045509,2458674.95437921,58674.4550926,18.6821632,0.0494372323,0,zg,10.9666418,41.2639905,1.29900002,0.153999999,20190710455093,695,0xb,0x4,21.4200001,26.2426052,0.0253881607,-0.0580684356,5.48350909e-06,30,1.15699995,1,0.12221787264198258,58674.4550926,0.12221787264198258,18.682163199999998,18.682163199999998
260,695111400012405,92145633,2458675.9556982177,58675.456331,18.6693344,0.0489808396,0,zg,10.9666605,41.2639922,1.33000004,0.170000002,20190711456308,695,0xb,0x4,21.5900002,26.2697105,0.0237941276,-0.0795105845,4.80577955e-06,30,1.14400005,2,0.12367053512677953,58675.456331,0.12367053512677953,18.669334400000004,18.669334400000004
261,695111400012405,92242826,2458676.927709565,58676.4282639,18.6489487,0.0482661352,0,zg,10.9666151,41.2639963,1.75300002,0.165999994,20190712428171,695,0xb,0x4,21.5499992,26.1844025,0.023358589,-0.0564748123,4.61883747e-06,30,1.23699999,2,0.12601449983307703,58676.4282639,0.12601449983307703,18.6489487,18.6489487
262,695111400012405,92344822,2458677.947757415,58677.4482292,18.5939236,0.0463999286,0,zg,10.9666293,41.2640099,2.43199992,0.252000004,20190713448125,695,0xb,0x4,21.7000008,26.1738758,0.0241707768,-0.0460044034,4.95628183e-06,30,1.153,2,0.1325655139813738,58677.4482292,0.1325655139813738,18.593923600000004,18.593923600000004
263,695111400012405,92346947,2458677.969009148,58677.4694792,18.6655388,0.0488467999,0,zg,10.9666214,41.2640046,1.51999998,0.133000001,20190713469468,695,0xb,0x4,21.3500004,26.1758766,0.025966147,-0.0435554609,5.76873481e-06,30,1.09500003,2,0.12410362866007389,58677.4694792,0.12410362866007389,18.6655388,18.6655388
264,695111400012405,92347513,2458677.9746693075,58677.4751389,18.6448479,0.0481239147,0,zg,10.9666425,41.2640103,1.27600002,0.174999997,20190713475104,695,0xb,0x4,21.4099998,26.1680984,0.0251002032,-0.0324320458,5.36687503e-06,30,1.08200002,1,0.12649135358825458,58677.4751389,0.12649135358825458,18.644847899999995,18.644847899999995
265,695111400012405,92443627,2458678.93588144,58678.4362731,18.6718082,0.049068436,0,zg,10.9666356,41.263992,1.204,0.104000002,20190714436273,695,0xb,0x4,20.9099998,26.2392731,0.0285243019,-0.0424388647,7.34645391e-06,30,1.18400002,2,0.12338907826620357,58678.4362731,0.12338907826620357,18.671808200000008,18.671808200000008
266,695111400012405,92445542,2458678.955038106,58678.4554282,18.671896,0.0490715653,0,zg,10.9666217,41.2640006,2.5769999,0.256999999,20190714455417,695,0xb,0x4,21.4899998,26.2652874,0.0235973094,-0.0652595162,4.72676174e-06,30,1.12300003,2,0.1233791005911502,58678.4554282,0.1233791005911502,18.671895999999997,18.671895999999997
267,695111400012405,92647928,2458680.9790569004,58680.4792824,18.6698666,0.048999656,0,zg,10.9667244,41.263996,0.672999978,0.0689999983,20190716479259,695,0xb,0x4,20.1000004,26.265152,0.0353465118,-0.0224606972,1.78257542e-05,30,1.05900002,1,0.12360992986177473,58680.4792824,0.12360992986177473,18.6698666,18.6698666
268,695111400012405,92947277,2458683.972796533,58683.4727778,18.5888443,0.0462321788,0,zg,10.9666521,41.2640103,0.913999975,0.0450000018,20190719472766,695,0xb,0x4,20.2700005,26.0985069,0.0587447099,-0.0308971945,4.62595126e-05,30,1.05599999,1,0.13318713595874485,58683.4727778,0.13318713595874485,18.588844299999998,18.588844299999998
269,695111400012405,93248341,2458686.9836791838,58686.4834144,18.7385235,0.0515042059,0,zg,10.9666596,41.2640035,1.22599995,0.151999995,20190722483391,695,0xb,0x4,20.7600002,26.2100754,0.030178681,-0.0319261365,9.19776539e-06,30,1.02999997,1,0.11603542572865902,58686.4834144,0.11603542572865902,18.738523500000007,18.738523500000007
270,695111400012405,93645025,2458690.9508431945,58690.4502546,18.6520386,0.0483736433,0,zg,10.9666451,41.2640074,1.68099999,0.165999994,20190726450243,695,0xb,0x4,21.3700008,26.1981163,0.0269645695,-0.0573952235,6.27482086e-06,30,1.06200004,1,0.1256563846032622,58690.4502546,0.1256563846032622,18.652038600000004,18.652038600000004
271,695111400012405,93943626,2458693.9370928705,58693.4362616,18.6359062,0.0478155576,0,zg,10.9667105,41.2639974,0.754000008,0.0469999984,20190729436250,695,0xb,0x4,20.9300003,26.2200661,0.029198898,-0.00716434047,7.51206471e-06,30,1.07299995,1,0.1275373885067056,58693.4362616,0.1275373885067056,18.6359062,18.6359062
272,695111400012405,94139827,2458695.8992653764,58695.3982755,18.6608124,0.0486805029,0,zg,10.9666143,41.264,1.37199998,0.105999999,20190731398252,695,0xb,0x4,21.6000004,26.2462978,0.0239039436,-0.0704724267,4.8266952e-06,30,1.15499997,2,0.12464505110609651,58695.3982755,0.12464505110609651,18.660812400000005,18.660812400000005
273,695111400012405,94142329,2458695.924290506,58695.4232986,18.6883144,0.0496578887,0,zg,10.9666151,41.2639937,2.02900004,0.152999997,20190731423287,695,0xb,0x4,21.5900002,26.244915,0.0247057341,-0.0660230219,5.10886139e-06,30,1.08800006,2,0.12152740935923168,58695.4232986,0.12152740935923168,18.688314400000003,18.688314400000003
274,695111400012405,94145234,2458695.9533437584,58695.4523495,18.6389484,0.0479201972,0,zg,10.9666319,41.2639934,2.33400011,0.219999999,20190731452292,695,0xb,0x4,21.7199993,26.2542248,0.0235999897,-0.0557842515,4.63994229e-06,30,1.03799999,2,0.12718053278531805,58695.4523495,0.12718053278531805,18.638948399999997,18.638948399999997
275,695111400012405,94241432,2458696.915400388,58696.4143287,18.7138996,0.0505885594,0,zg,10.9666491,41.2639962,2.03399992,0.202999994,20190801414132,695,0xb,0x4,21.7199993,26.2516403,0.0236743707,-0.0571841486,4.70652276e-06,30,1.10300004,2,0.11869711409486912,58696.4143287,0.11869711409486912,18.713899599999998,18.713899599999998
276,695111400012405,94242534,2458696.92641978,58696.4253472,18.642828,0.0480540618,0,zg,10.9666236,41.2640087,0.963999987,0.162,20190801425278,695,0xb,0x4,21.7199993,26.2481537,0.0235035419,-0.0510709397,4.63846754e-06,30,1.07799995,2,0.1267268967128276,58696.4253472,0.1267268967128276,18.642828,18.642828
277,695111400012405,94242767,2458696.92874637,58696.4276736,18.6522179,0.048379913,0,zg,10.9666098,41.2639786,2.46600008,0.240999997,20190801427662,695,0xb,0x4,21.7299995,26.2615948,0.0243672337,-0.0683537051,4.98610325e-06,30,1.07299995,1,0.1256356352449652,58696.4276736,0.1256356352449652,18.652217900000004,18.652217900000004
278,695111400012405,94245827,2458696.9593507363,58696.4582755,18.6523361,0.0483840257,0,zg,10.966656,41.2639857,1.421,0.135000005,20190801458171,695,0xb,0x4,21.6599998,26.2506847,0.0231058057,-0.0602873117,4.47470393e-06,30,1.028,2,0.12562195851233768,58696.4582755,0.12562195851233768,18.652336100000007,18.652336100000007
279,695111400012405,94347150,2458697.9726611413,58697.4715046,18.687582,0.0496315286,0,zg,10.9666332,41.2639972,2.65100002,0.282000005,20190802471481,695,0xb,0x4,21.5,26.1297894,0.0241256263,-0.0594791844,4.9786895e-06,30,1.01499999,2,0.1216094151921266,58697.4715046,0.1216094151921266,18.687582,18.687582
280,695111400012405,94348293,2458697.984097259,58697.4829398,18.6293392,0.0475906804,0,zg,10.9666302,41.2639835,1.94500005,0.138999999,20190802482928,695,0xb,0x4,21.5499992,26.2482128,0.0236980878,-0.0445233807,4.80221206e-06,30,1.00999999,2,0.12831112713340623,58697.4829398,0.12831112713340623,18.629339199999997,18.629339199999997
281,695111400012405,94447950,2458698.9807394342,58698.4795023,18.6483383,0.0482449383,0,zg,10.9666682,41.2639921,2.10599995,0.181999996,20190803479410,695,0xb,0x4,21.5100002,26.255661,0.0224760622,-0.0683296621,4.23075926e-06,30,1.00999999,2,0.1260853649993886,58698.4795023,0.1260853649993886,18.6483383,18.6483383
282,695111400012405,94544988,2458699.951198728,58699.4498843,18.7184353,0.0507557467,0,zg,10.9666016,41.2639749,1.31599998,0.0920000002,20190804449687,695,0xb,0x4,21.6200008,26.2430115,0.0243452154,-0.0560885817,4.96048779e-06,30,1.028,1,0.11820228715308163,58699.4498843,0.11820228715308163,18.718435300000003,18.718435300000003
283,695111400012405,94545217,2458699.9534905064,58699.4521759,18.6732559,0.0491198152,0,zg,10.9666296,41.2640114,2.44899988,0.226999998,20190804452164,695,0xb,0x4,21.5900002,26.2335567,0.0232724641,-0.0538380146,4.56020371e-06,30,1.02600002,2,0.1232246632549235,58699.4521759,0.1232246632549235,18.673255900000008,18.673255900000008
284,695111400012405,94546072,2458699.962044488,58699.4607292,18.766243,0.0525588803,0,zg,10.9666519,41.263992,1.97500002,0.191,20190804460671,695,0xb,0x4,21.6399994,26.2319965,0.0245204475,-0.0501876213,5.14986414e-06,30,1.01900005,2,0.11311046818115797,58699.4607292,0.11311046818115797,18.766242999999996,18.766242999999996
285,695111400012405,94646960,2458700.9710018155,58700.4696065,18.6796913,0.0493488759,0,zg,10.9666351,41.2639788,1.84399998,0.122000001,20190805469583,695,0xb,0x4,21.6000004,26.2440834,0.0234461036,-0.063379623,4.65877474e-06,30,1.01199996,2,0.1224964435574001,58700.4696065,0.1224964435574001,18.679691299999995,18.679691299999995
286,695111400012405,94648082,2458700.9822180024,58700.4808218,18.6878757,0.0496421158,0,zg,10.9666536,41.2639806,2.25699997,0.147,20190805480787,695,0xb,0x4,21.6700001,26.2462711,0.0234485585,-0.052615501,4.6787568e-06,30,1.00800002,2,0.12157652335827056,58700.4808218,0.12157652335827056,18.6878757,18.6878757
287,695111400012405,94744851,2458701.9499911154,58701.4485185,18.6562786,0.0485216528,0,zg,10.9666339,41.2639933,2.06399989,0.150000006,20190806448437,695,0xb,0x4,21.6900005,26.2074585,0.0240072627,-0.0501410067,4.87458919e-06,30,1.02400005,2,0.12516663017376256,58701.4485185,0.12516663017376256,18.6562786,18.6562786
288,695111400012405,94746709,2458701.96856898,58701.4670949,18.6859283,0.04957214,0,zg,10.9666714,41.2639864,1.86399996,0.196999997,20190806467002,695,0xb,0x4,21.5799999,26.1962509,0.0251040291,-0.0452820696,5.30727721e-06,30,1.01199996,2,0.12179478132443411,58701.4670949,0.12179478132443411,18.685928299999993,18.685928299999993
289,695111400012405,94947291,2458703.9745480157,58703.4729167,18.6504345,0.0483178236,0,zg,10.9666463,41.2639919,1.727,0.196999997,20190808472685,695,0xb,0x4,21.6100006,26.238615,0.0246774647,-0.0608371571,5.20175536e-06,30,1.00800002,1,0.12584217041244497,58703.4729167,0.12584217041244497,18.650434499999996,18.650434499999996
290,695111400012405,94947403,2458703.9756708015,58703.4740394,18.7439976,0.0517104641,0,zg,10.9666609,41.2639903,1.63800001,0.104000002,20190808473808,695,0xb,0x4,21.5699997,26.2417088,0.0244457126,-0.0670572966,5.15067723e-06,30,1.00800002,2,0.11545186689609914,58703.4740394,0.11545186689609914,18.743997599999993,18.743997599999993
291,695111400012405,94948093,2458703.9825694407,58703.4809375,18.6317673,0.0476736575,0,zg,10.9666459,41.2639792,1.78900003,0.150999993,20190808480926,695,0xb,0x4,21.6000004,26.2508049,0.0253941678,-0.0750486404,5.49548668e-06,30,1.00800002,2,0.12802449753216474,58703.4809375,0.12802449753216474,18.6317673,18.6317673
292,695111400012405,95039848,2458704.9001870905,58704.3984838,18.6500149,0.0483032279,0,zg,10.9666651,41.2640081,1.13199997,0.0610000007,20190809398449,695,0xb,0x4,21.1900005,26.2593136,0.0270615574,-0.0806019232,6.23134247e-06,30,1.08899999,2,0.12589081351667178,58704.3984838,0.12589081351667178,18.650014899999995,18.650014899999995
293,695111400012405,95042837,2458704.930085223,58704.4283796,18.6697083,0.0489940867,0,zg,10.9666341,41.2639877,1.27900004,0.0579999983,20190809428345,695,0xb,0x4,21.3799992,26.2650414,0.0239453446,-0.0683377683,4.86431327e-06,30,1.03699994,2,0.1236279534648778,58704.4283796,0.1236279534648778,18.669708300000003,18.669708300000003
294,695111400012405,95044361,2458704.945317907,58704.4436111,18.6660404,0.0488644987,0,zg,10.9666608,41.2639832,1.61300004,0.0930000022,20190809443542,695,0xb,0x4,21.3500004,26.2663498,0.0243361685,-0.069051452,5.01274098e-06,30,1.02100003,2,0.12404630718315285,58704.4436111,0.12404630718315285,18.666040400000007,18.666040400000007
295,695111400012405,95140230,2458705.904084151,58705.4023032,18.7192192,0.0507846847,0,zg,10.966629,41.2639769,1.88699996,0.162,20190810402292,695,0xb,0x4,21.4799995,26.2566738,0.0242087618,-0.0671727657,5.06253764e-06,30,1.07500005,2,0.1181169760703431,58705.4023032,0.1181169760703431,18.719219200000005,18.719219200000005
296,695111400012405,95148393,2458705.98572246,58705.4839352,18.6587219,0.0486072004,0,zg,10.966608,41.2639897,0.839999974,0.104999997,20190810483912,695,0xb,0x4,21.4599991,26.2376366,0.0243965778,-0.050614249,5.22064511e-06,30,1.00899994,2,0.12488527658010687,58705.4839352,0.12488527658010687,18.658721899999996,18.658721899999996
297,695111400012405,95245179,2458706.953655656,58706.451794,18.6484528,0.0482489131,0,zg,10.9665991,41.2639818,1.57299995,0.215000004,20190811451794,695,0xb,0x4,21.7299995,26.2766666,0.0251954328,-0.0680064932,5.38708309e-06,30,1.01199996,1,0.12607206893998119,58706.451794,0.12607206893998119,18.648452799999994,18.648452799999994
298,695111400012405,95245273,2458706.9545932254,58706.4527315,18.6076698,0.0468576849,0,zg,10.9666417,41.2639841,2.09200001,0.245000005,20190811452708,695,0xb,0x4,21.7000008,26.3006516,0.0240617245,-0.0884319246,4.88929982e-06,30,1.01199996,2,0.13089771939799538,58706.4527315,0.13089771939799538,18.607669800000004,18.607669800000004
299,695111400012405,95247791,2458706.979780357,58706.4779167,18.7034473,0.0502058156,0,zg,10.966622,41.263982,2.11800003,0.187999994,20190811477824,695,0xb,0x4,21.6299992,26.2829685,0.0246071834,-0.0759787709,5.13986288e-06,30,1.00899994,2,0.11984532017787726,58706.4779167,0.11984532017787726,18.7034473,18.7034473
300,695111400012405,95341528,2458707.9172246577,58707.4152894,18.6839638,0.0495016836,0,zg,10.96661,41.2640077,1.41100001,0.162,20190812415081,695,0xb,0x4,20.8899994,26.257246,0.0271420181,-0.0461983234,6.74313833e-06,30,1.04400003,2,0.12201535280197943,58707.4152894,0.12201535280197943,18.683963800000008,18.683963800000008
301,695111400012405,95342401,2458707.9259521267,58707.4240162,18.7102928,0.0504560657,0,zg,10.9666174,41.2639696,1.10699999,0.150999993,20190812423900,695,0xb,0x4,21.0100002,26.2667255,0.0268945787,-0.0617759153,6.30965951e-06,30,1.03299999,2,0.11909207986661573,58707.4240162,0.11909207986661573,18.710292799999998,18.710292799999998
302,695111400012405,95345597,2458707.9579105615,58707.4559722,18.6386566,0.0479101799,0,zg,10.9666405,41.2639965,1.09200001,0.0860000029,20190812455868,695,0xb,0x4,21.4200001,26.2666245,0.0258178916,-0.0635951161,5.71446162e-06,30,1.00999999,2,0.12721471813045337,58707.4559722,0.12721471813045337,18.638656599999997,18.638656599999997
303,1735101200069234,95440778,2458708.909799999,58708.4077894,18.6501884,0.0501853153,0,zg,10.9665711,41.2639744,1.51100004,0.0960000008,20190813407755,1735,0x1,0x2,20.7299995,26.2783051,0.0351694748,-0.0393898524,1.51226395e-05,30,1.04400003,2,0.12587069784679827,58708.4077894,0.12587069784679827,18.650188399999998,18.650188399999998
304,1735101200069234,95440824,2458708.9102513306,58708.4082407,18.5743122,0.0479797311,0,zg,10.9666029,41.2639888,1.91900003,0.147,20190813408241,1735,0x1,0x2,20.7299995,26.2940464,0.0549663007,-0.0336240754,3.80499405e-05,30,1.04400003,3,0.13498177040562448,58708.4082407,0.13498177040562448,18.5743122,18.5743122
305,695111400012405,95443166,2458708.933679109,58708.4316667,18.6361847,0.0478251502,0,zg,10.9666194,41.2639752,1.40999997,0.143999994,20190813431597,695,0xb,0x4,20.7199993,26.2692356,0.0310625099,-0.045343291,9.32464536e-06,30,1.02199996,2,0.1275046783442757,58708.4316667,0.1275046783442757,18.636184699999994,18.636184699999994
306,695111400012405,95445023,2458708.9522453165,58708.4502315,18.6914749,0.0497717187,0,zg,10.9666373,41.2639396,0.620000005,0.0799999982,20190813450197,695,0xb,0x4,20.7099991,26.256834,0.029124165,-0.0306316745,8.22053062e-06,30,1.01100004,2,0.12117416619365735,58708.4502315,0.12117416619365735,18.691474899999996,18.691474899999996
307,695111400012405,95446736,2458708.9693762087,58708.4673611,18.6328583,0.0477110445,0,zg,10.9666421,41.2639892,1.36000001,0.153999999,20190813467338,695,0xb,0x4,21.3099995,26.2808704,0.0234373827,-0.0642782599,4.68846292e-06,30,1.00800002,2,0.12789591696742872,58708.4673611,0.12789591696742872,18.632858300000002,18.632858300000002
308,695111400012405,95544767,2458709.949762581,58709.4476736,18.7249413,0.0509966835,0,zg,10.9666923,41.264026,0.962000012,0.0939999968,20190814447558,695,0xb,0x4,20.6100006,26.2652531,0.0306186676,-0.0291494075,9.86775012e-06,30,1.01100004,2,0.11749610771381272,58709.4476736,0.11749610771381272,18.724941300000005,18.724941300000005
309,695111400012405,95547446,2458709.9765585945,58709.4744676,18.6211319,0.0473114103,0,zg,10.9666786,41.2640017,1.04299998,0.123000003,20190814474329,695,0xb,0x4,20.6200008,26.2569008,0.0290986933,-0.0243190061,8.92505614e-06,30,1.00999999,2,0.12928473214881017,58709.4744676,0.12928473214881017,18.6211319,18.6211319
310,695111400012405,95548378,2458709.985876394,58709.4837847,18.6231232,0.0473789573,0,zg,10.9666731,41.2639922,0.838999987,0.115999997,20190814483646,695,0xb,0x4,20.7199993,26.2668877,0.029821407,-0.0406064354,8.70535496e-06,30,1.01400006,1,0.129047834137675,58709.4837847,0.129047834137675,18.623123200000002,18.623123200000002
311,695111400012405,95548473,2458709.986825568,58709.4847338,18.7009201,0.0501138009,0,zg,10.9666352,41.2639872,1.76900005,0.180000007,20190814484711,695,0xb,0x4,20.7099991,26.2551193,0.0297949258,-0.0328029506,8.34158527e-06,30,1.01400006,2,0.12012460151234494,58709.4847338,0.12012460151234494,18.700920099999998,18.700920099999998
312,695111400012405,95750631,2458712.008561799,58711.5063194,18.6885738,0.0496671945,0,zg,10.9666359,41.2639296,0.749000013,0.0700000003,20190816506296,695,0xb,0x4,20.0599995,26.2558689,0.0342935883,-0.0348840803,1.83151078e-05,30,1.03999996,2,0.12149837795701332,58711.5063194,0.12149837795701332,18.688573799999993,18.688573799999993
313,695111400012405,95846413,2458712.966444846,58712.4641319,18.737421,0.0514627807,0,zg,10.9666712,41.2639803,0.899999976,0.0219999999,20190817464132,695,0xb,0x4,20.4500008,26.2988911,0.0324992128,-0.0835402384,1.23352138e-05,30,1.00899994,1,0.11615331258776765,58712.4641319,0.11615331258776765,18.737421000000005,18.737421000000005
314,695111400012405,96339357,2458717.8962432314,58717.3935764,18.7824268,0.0531865656,0,zg,10.9666226,41.2639976,1.25300002,0.126000002,20190822393507,695,0xb,0x4,20.6499996,26.2504463,0.0310681239,-0.0731591955,9.45561624e-06,30,1.03600001,2,0.11143696615179643,58717.3935764,0.11143696615179643,18.782426800000003,18.782426800000003
315,695111400012405,96340380,2458717.906475452,58717.4038079,18.6892719,0.0496923327,0,zg,10.9666237,41.2639814,1.04999995,0.159999996,20190822403738,695,0xb,0x4,20.7099991,26.2217999,0.0290390924,-0.0307080988,8.3055811e-06,30,1.02499998,2,0.12142028278505469,58717.4038079,0.12142028278505469,18.6892719,18.6892719
316,695111400012405,96342136,2458717.9240344814,58717.4213657,18.6864471,0.0495907515,0,zg,10.9666888,41.263995,1.46800005,0.0939999968,20190822421319,695,0xb,0x4,20.6800003,26.2299557,0.0305816773,-0.0350094251,8.85315876e-06,30,1.01300001,2,0.12173659772675344,58717.4213657,0.12173659772675344,18.686447100000002,18.686447100000002
317,1735101200069234,96342638,2458717.92905804,58717.4263889,18.6517906,0.0502334572,0,zg,10.9665599,41.2640043,1.09000003,-0.0350000001,20190822426389,1735,0x1,0x2,20.6700001,26.2576466,0.0379862078,-0.0596030839,1.83115535e-05,30,1.01900005,2,0.12568508986570295,58717.4263889,0.12568508986570295,18.651790600000005,18.651790600000005
318,1735101200069234,96342684,2458717.929509471,58717.4268403,18.5789585,0.0481106602,0,zg,10.9666079,41.2639835,0.694000006,0.0610000007,20190822426840,1735,0x1,0x2,20.5699997,26.2644463,0.0361265801,-0.0777648315,1.69402247e-05,30,1.01900005,3,0.1344053635744928,58717.4268403,0.1344053635744928,18.57895849999999,18.57895849999999
319,695111400012405,96440724,2458718.9099829574,58718.4072454,18.7086411,0.050395567,0,zg,10.9666741,41.2640176,1.31200004,0.063000001,20190823407222,695,0xb,0x4,20.7099991,26.2239761,0.0316007584,-0.0235044006,9.34417312e-06,30,1.01999998,2,0.1192733891789357,58718.4072454,0.1192733891789357,18.7086411,18.7086411
320,695111400012405,96440817,2458718.9109089235,58718.4081713,18.6432686,0.0480692685,0,zg,10.9666689,41.2640053,1.64100003,0.101999998,20190823408160,695,0xb,0x4,20.9200001,26.2782173,0.030189123,-0.097082682,8.36894469e-06,30,1.01900005,1,0.12667548040869353,58718.4081713,0.12667548040869353,18.643268599999992,18.643268599999992
321,695111400012405,96441944,2458718.9221828096,58718.4194444,18.6852798,0.0495488644,0,zg,10.9666631,41.2639756,1.01800001,0.0469999984,20190823419398,695,0xb,0x4,20.6399994,26.2404461,0.0299247336,-0.0353913419,8.39807399e-06,30,1.01199996,2,0.12186754992901137,58718.4194444,0.12186754992901137,18.685279799999996,18.685279799999996
322,1735101200069234,96442752,2458718.9302620706,58718.4275231,18.6210899,0.0493224151,0,zg,10.966645,41.2639865,0.699999988,0.0520000011,20190823427523,1735,0x1,0x2,20.8199997,26.2568665,0.0413593054,-0.0441143773,2.0361771e-05,30,1.01900005,2,0.12928973342237154,58718.4275231,0.12928973342237154,18.62108990000001,18.62108990000001
323,1735101200069234,96442797,2458718.930713505,58718.4279745,18.6497002,0.0501706749,0,zg,10.9666324,41.2639488,0.976000011,0.00999999978,20190823427975,1735,0x1,0x2,20.9500008,26.2716217,0.0383658782,-0.0493590571,1.71784741e-05,30,1.01900005,3,0.1259273081836056,58718.4279745,0.1259273081836056,18.649700200000005,18.649700200000005
324,695111400012405,96444534,2458718.9480874077,58718.4453472,18.6654663,0.0488442369,0,zg,10.9666621,41.2639753,0.828000009,0.0130000003,20190823445197,695,0xb,0x4,20.7700005,26.2325535,0.029055981,-0.0287602413,7.70791121e-06,30,1.00899994,2,0.1241119159525579,58718.4453472,0.1241119159525579,18.6654663,18.6654663
325,695111400012405,96548762,2458719.9904394126,58719.4876273,18.6825142,0.0494497754,0,zg,10.9666665,41.2639819,1.59000003,0.0469999984,20190824487604,695,0xb,0x4,20.7700005,26.2117348,0.0303421244,-0.0941528827,8.55569397e-06,30,1.04400003,2,0.12217836807385075,58719.4876273,0.12217836807385075,18.682514200000007,18.682514200000007
326,695111400012405,96640645,2458720.909333146,58720.4064583,18.7207546,0.0508414619,0,zg,10.9666086,41.2639661,1.90699995,0.181999996,20190825406389,695,0xb,0x4,21.2000008,26.128046,0.0264476594,-0.0300792754,6.25092252e-06,30,1.01600003,2,0.11795005833165735,58720.4064583,0.11795005833165735,18.7207546,18.7207546
327,695111400012405,96841309,2458722.916099843,58722.4130903,18.6784477,0.0493045188,0,zg,10.966635,41.2639905,2.84599996,0.180999994,20190827412963,695,0xb,0x4,21.6900005,26.2296791,0.022805579,-0.0527121462,4.47017646e-06,30,1.00999999,2,0.12263683111457918,58722.4130903,0.12263683111457918,18.6784477,18.6784477
328,695111400012405,96841964,2458722.922651176,58722.4196412,18.702425,0.0501685515,0,zg,10.9666598,41.2640012,1.59599996,0.165999994,20190827419525,695,0xb,0x4,21.6299992,26.2097969,0.0235082712,-0.0443145446,4.72947477e-06,30,1.00899994,2,0.11995821644877083,58722.4196412,0.11995821644877083,18.702424999999998,18.702424999999998
329,695111400012405,96844526,2458722.948277876,58722.4452662,18.719286,0.0507871471,0,zg,10.9666471,41.2639761,1.27600002,0.119999997,20190827444977,695,0xb,0x4,21.3799992,26.2027645,0.0242101699,-0.033368025,4.95565337e-06,30,1.01199996,2,0.11810970913823822,58722.4452662,0.11810970913823822,18.719286000000004,18.719286000000004
330,1735101200069234,96844619,2458722.949203838,58722.4461921,18.6247139,0.0494287126,0,zg,10.9666103,41.2639916,1.25600004,0.108000003,20190827446181,1735,0x1,0x2,21.5100002,26.3335152,0.0545267016,-0.0625856444,3.33564785e-05,30,1.03100002,2,0.12885890602769823,58722.4461921,0.12885890602769823,18.624713899999996,18.624713899999996
331,1735101200069234,96844664,2458722.949655267,58722.4466435,18.6110344,0.0490291677,0,zg,10.9666402,41.2639847,0.867999971,0.0320000015,20190827446632,1735,0x1,0x2,21.3299999,26.3777599,0.0546640977,-0.103748903,3.39769176e-05,30,1.03100002,3,0.13049270687259634,58722.4466435,0.13049270687259634,18.6110344,18.6110344
332,695111400012405,96940982,2458723.912901644,58723.4098264,18.6583519,0.0485942103,0,zg,10.9666622,41.2640055,2.2349999,0.216999993,20190828409664,695,0xb,0x4,21.6100006,26.2468376,0.0243887566,-0.0617873669,5.16341106e-06,30,1.00999999,2,0.12492784256104221,58723.4098264,0.12492784256104221,18.658351900000007,18.658351900000007
333,695111400012405,96942160,2458723.9246848184,58723.4216088,18.7564087,0.0521817617,0,zg,10.9666196,41.2639958,1.49100006,0.0810000002,20190828421516,695,0xb,0x4,21.5300007,26.238409,0.0247300975,-0.0386728644,5.32611011e-06,30,1.00800002,2,0.11413964566718551,58723.4216088,0.11413964566718551,18.7564087,18.7564087
334,1735101200069234,96942915,2458723.932231613,58723.4291551,18.563076,0.0476651937,0,zg,10.9666254,41.2639849,2.07399988,0.133000001,20190828429155,1735,0x1,0x2,21.6399994,26.302763,0.0496672355,-0.0319549888,2.78679763e-05,30,1.02199996,2,0.13638593959348885,58723.4291551,0.13638593959348885,18.563076000000002,18.563076000000002
335,1735101200069234,96942960,2458723.9326830423,58723.4296065,18.5788994,0.0481090099,0,zg,10.9666199,41.2639914,2.69099998,0.202999994,20190828429606,1735,0x1,0x2,21.6800003,26.3126659,0.0478359535,-0.0292570591,2.59847202e-05,30,1.02199996,3,0.1344126798757688,58723.4296065,0.1344126798757688,18.578899400000005,18.578899400000005
336,695111400012405,96946196,2458723.9650462554,58723.4619676,18.6263905,0.0474900939,0,zg,10.9666408,41.2639954,2.14299989,0.25,20190828461609,695,0xb,0x4,21.7099991,26.2377014,0.0254967902,-0.0555898137,5.67215602e-06,30,1.02699995,2,0.1286600749323589,58723.4619676,0.1286600749323589,18.626390500000007,18.626390500000007
337,695111400012405,97042909,2458724.932238772,58724.4290972,18.7149677,0.0506278686,0,zg,10.9666969,41.2640366,0.693000019,0.0309999995,20190829429062,695,0xb,0x4,21.1399994,26.2184677,0.0273525603,-0.0329726376,6.39555628e-06,30,1.00899994,2,0.11858040245999743,58724.4290972,0.11858040245999743,18.714967699999995,18.714967699999995
338,695111400012405,97043000,2458724.9331416325,58724.43,18.794508,0.0536609218,0,zg,10.9666815,41.2640139,1.61899996,0.0960000008,20190829430000,695,0xb,0x4,21.3400002,26.2414589,0.0256270412,-0.0643793419,5.57168278e-06,30,1.00899994,1,0.11020385838127447,58724.43,0.11020385838127447,18.794508,18.794508
339,695111400012405,97044818,2458724.9513257095,58724.4481829,18.7809029,0.0531270541,0,zg,10.9666439,41.2639699,1.29900002,0.0489999987,20190829448160,695,0xb,0x4,21.3999996,26.2488461,0.0256586317,-0.0767920315,5.57253088e-06,30,1.01699996,2,0.11159348485634374,58724.4481829,0.11159348485634374,18.780902899999994,18.780902899999994
340,1735101200069234,97045872,2458724.961870385,58724.4587269,18.6770363,0.0510008298,0,zg,10.9666382,41.2640315,1.72500002,0.127000004,20190829458704,1735,0x1,0x2,21.3199997,26.2741489,0.0557050072,-0.0375608206,3.6459609e-05,30,1.04900002,2,0.12279635621390549,58724.4587269,0.12279635621390549,18.677036300000005,18.677036300000005
341,695111400012405,97139814,2458725.901351916,58725.3981481,18.7242756,0.0509719849,0,zg,10.9666543,41.2639838,1.824,0.179000005,20190830397766,695,0xb,0x4,21.7099991,26.2757587,0.0301981736,-0.0720398873,7.77682453e-06,30,1.01300001,2,0.11756817046920466,58725.3981481,0.11756817046920466,18.72427559999999,18.72427559999999
342,1735101200069234,97140699,2458725.910195082,58725.4069907,18.6717072,0.0508374423,0,zg,10.9666068,41.2639978,0.912999988,0.075000003,20190830406991,1735,0x1,0x2,21.5699997,26.3798714,0.0439013913,-0.062681295,2.20924867e-05,30,1.01800001,2,0.12340055699972761,58725.4069907,0.12340055699972761,18.671707200000007,18.671707200000007
343,1735101200069234,97140744,2458725.9106465084,58725.4074421,18.5450935,0.0471681505,0,zg,10.9666609,41.2639967,2.10299993,0.155000001,20190830407442,1735,0x1,0x2,21.7000008,26.3676186,0.0438684598,-0.0412336439,2.24680134e-05,30,1.01800001,3,0.13866364112024976,58725.4074421,0.13866364112024976,18.5450935,18.5450935
344,695111400012405,97142068,2458725.923888153,58725.4206829,18.7125416,0.0505386367,0,zg,10.9666612,41.2640029,1.16999996,0.181999996,20190830420301,695,0xb,0x4,21.6599998,26.2510223,0.0236604568,-0.06088515,4.74376975e-06,30,1.00800002,2,0.1188456690827587,58725.4206829,0.1188456690827587,18.7125416,18.7125416
345,695111400012405,97144239,2458725.945602434,58725.4423958,18.7253647,0.051012449,0,zg,10.9666822,41.2640142,1.70599997,0.243000001,20190830442269,695,0xb,0x4,21.3700008,26.2308521,0.0255059302,-0.0386684164,5.57262547e-06,30,1.01499999,2,0.11745029718169056,58725.4423958,0.11745029718169056,18.725364699999993,18.725364699999993
346,1735101200069234,97241991,2458726.9231875488,58726.419919,18.7138309,0.0521492809,0,zg,10.9666689,41.2640128,1.14300001,0.0549999997,20190831419884,1735,0x1,0x2,21.3199997,26.2891827,0.0457928255,-0.0174634121,2.43611648e-05,30,1.02199996,2,0.11870462489693678,58726.419919,0.11870462489693678,18.713830899999998,18.713830899999998
347,1735101200069234,97242037,2458726.9236389794,58726.4203704,18.7754688,0.0541556031,0,zg,10.9666542,41.263985,1.91999996,0.0659999996,20190831420370,1735,0x1,0x2,21.2999992,26.3101292,0.051981885,-0.00659006648,3.16497317e-05,30,1.02199996,3,0.1121534092901303,58726.4203704,0.1121534092901303,18.77546879999999,18.77546879999999
348,695111400012405,97338965,2458727.8929819204,58727.3896528,18.8216972,0.0547469892,0,zg,10.9666643,41.2640021,2.2650001,0.192000002,20190901389595,695,0xb,0x4,21.6700001,26.2297344,0.0235654209,-0.0568891242,4.74897661e-06,30,1.01499999,2,0.10747838203498652,58727.3896528,0.10747838203498652,18.821697199999996,18.821697199999996
349,1735101200069234,97341696,2458727.920298416,58727.4169676,18.773571,0.0540922545,0,zg,10.9666148,41.2640168,0.975000024,-0.0189999994,20190901416956,1735,0x1,0x2,21.2299995,26.2613087,0.0413156375,-0.0557797588,1.99666938e-05,30,1.02199996,2,0.11234961797083426,58727.4169676,0.11234961797083426,18.773570999999997,18.773570999999997
350,695111400012405,97341998,2458727.9233194035,58727.4199884,18.8318405,0.0551588014,0,zg,10.9666538,41.2639911,1.23000002,0.0500000007,20190901419988,695,0xb,0x4,21.2700005,26.2029057,0.0261015277,-0.0379682444,5.86568603e-06,30,1.00899994,2,0.10647895984025224,58727.4199884,0.10647895984025224,18.83184049999999,18.83184049999999
351,695111400012405,97342092,2458727.9242569595,58727.4209259,18.8571281,0.0562014207,0,zg,10.9666731,41.2640126,1.704,0.0579999983,20190901420903,695,0xb,0x4,21.3299999,26.2173328,0.0273343492,-0.0580610856,6.39496557e-06,30,1.00899994,1,0.10402764333571528,58727.4209259,0.10402764333571528,18.857128100000004,18.857128100000004
352,695111400012405,97344581,2458727.9491427974,58727.4458102,18.9317608,0.0594153032,0,zg,10.9666803,41.2640273,1.87800002,0.236000001,20190901445787,695,0xb,0x4,21.5400009,26.2145138,0.0244064592,-0.0465873517,5.06074184e-06,30,1.02199996,2,0.09711709429351044,58727.4458102,0.09711709429351044,18.9317608,18.9317608
353,1735101200069234,97345353,2458727.956863177,58727.4535301,18.7048759,0.0518664457,0,zg,10.9666636,41.2639915,2.02900004,0.174999997,20190901453484,1735,0x1,0x2,21.5300007,26.2861233,0.0508262776,-0.0503412709,2.97801544e-05,30,1.05299997,3,0.11968773269554789,58727.4535301,0.11968773269554789,18.704875899999998,18.704875899999998
354,695111400012405,97631999,2458730.823506833,58730.32,18.8122845,0.0543680824,0,zg,10.9666998,41.2640122,2.43000007,0.243000001,20190904319942,695,0xb,0x4,21.2399998,25.9527245,0.0284057111,-0.0610433519,6.95334847e-06,30,1.10599995,2,0.1084142076260353,58730.32,0.1084142076260353,18.812284499999997,18.812284499999997
355,695111400012405,97840243,2458732.9060587306,58732.4024306,18.8780956,0.0570834614,0,zg,10.9666721,41.2640314,1.41199994,0.103,20190906402407,695,0xb,0x4,21.5400009,26.2106819,0.0237334874,-0.0409407057,4.82843188e-06,30,1.00800002,2,0.10203795826929872,58732.4024306,0.10203795826929872,18.8780956,18.8780956
356,695111400012405,97842748,2458732.9311179603,58732.4274884,18.9179668,0.0588055477,0,zg,10.9666596,41.2640458,0.98299998,0.136999995,20190906427465,695,0xb,0x4,21.5100002,26.2188454,0.0238892678,-0.0526477844,4.87272428e-06,30,1.01800001,2,0.09835881322496444,58732.4274884,0.09835881322496444,18.917966799999995,18.917966799999995
357,695111400012405,97944499,2458733.9486872167,58733.445,18.9904861,0.0620940365,0,zg,10.9666629,41.2640213,1.19099998,0.0649999976,20190907444965,695,0xb,0x4,21.4300003,26.2845039,0.0263592303,-0.109505512,5.90848822e-06,30,1.03799999,2,0.09200375652370371,58733.445,0.09200375652370371,18.99048609999999,18.99048609999999
358,695111400012405,97946349,2458733.96718365,58733.4634954,18.9966469,0.0623829849,0,zg,10.9666539,41.2640073,1.73399997,0.165000007,20190907463356,695,0xb,0x4,21.4200001,26.2448101,0.0248944312,-0.0853516906,5.29766248e-06,30,1.06700003,2,0.09148317736999688,58733.4634954,0.09148317736999688,18.996646899999995,18.996646899999995
359,695111400012405,97949521,2458733.9989099107,58733.4952199,18.8913765,0.0576504506,0,zg,10.9667121,41.2640333,0.815999985,0.074000001,20190907494699,695,0xb,0x4,21.0699997,26.2189941,0.0276651792,-0.0629357472,6.73232307e-06,30,1.14400005,2,0.10079741626407049,58733.4952199,0.10079741626407049,18.8913765,18.8913765
360,695111400012405,98039928,2458734.9030227424,58734.3992824,18.9895573,0.0620505586,0,zg,10.9666371,41.2640382,1.10699999,0.064000003,20190908399259,695,0xb,0x4,21.0100002,26.2392845,0.0287425797,-0.0455399044,7.24765232e-06,30,1.00800002,2,0.09208249540134766,58734.3992824,0.09208249540134766,18.989557299999994,18.989557299999994
361,1735101200069234,98041231,2458734.916055861,58734.4123148,18.9024849,0.0586337186,0,zg,10.966667,41.2640121,0.93599999,0.00100000005,20190908412315,1735,0x1,0x2,21.2999992,26.3230381,0.0520848744,-0.0738524273,3.09960596e-05,30,1.02999997,2,0.0997713939546382,58734.4123148,0.0997713939546382,18.902484899999997,18.902484899999997
362,1735101200069234,98041276,2458734.9165072865,58734.4127662,18.8832741,0.0579255037,0,zg,10.9666737,41.2639988,0.685000002,-0.00300000003,20190908412766,1735,0x1,0x2,21.2000008,26.331728,0.0473097377,-0.0740094408,2.54907172e-05,30,1.02999997,3,0.10155243937854937,58734.4127662,0.10155243937854937,18.8832741,18.8832741
363,695111400012405,98043853,2458734.9422726007,58734.4385301,18.9748802,0.0613688752,0,zg,10.9666428,41.2640299,1.62399995,0.104999997,20190908438021,695,0xb,0x4,21.4200001,26.2506104,0.0253424272,-0.0674868971,5.56605983e-06,30,1.03400004,2,0.0933357281643711,58734.4385301,0.0933357281643711,18.974880199999994,18.974880199999994
364,695111400012405,98045965,2458734.96339646,58734.4596528,18.9561234,0.0605101585,0,zg,10.9666459,41.2640002,1.11099994,0.0320000015,20190908459062,695,0xb,0x4,21.1800003,26.2367687,0.0280720927,-0.0607214384,6.77211256e-06,30,1.06500006,2,0.09496217214020695,58734.4596528,0.09496217214020695,18.956123400000003,18.956123400000003
365,695111400012405,98140738,2458735.9111797335,58735.4073843,19.0361919,0.0642744899,0,zg,10.966672,41.2640101,1.579,0.162,20190909407292,695,0xb,0x4,21.5300007,26.2431545,0.0268463921,-0.0643051565,6.28062617e-06,30,1.01100004,2,0.0882111004466203,58735.4073843,0.0882111004466203,19.0361919,19.0361919
366,695111400012405,98143048,2458735.9342827783,58735.4304861,18.9207458,0.0589278005,0,zg,10.9666608,41.2640312,1.125,0.120999999,20190909430417,695,0xb,0x4,21.2999992,26.2290573,0.0264971144,-0.0502664708,5.97085091e-06,30,1.028,2,0.09810738048657966,58735.4304861,0.09810738048657966,18.9207458,18.9207458
367,695111400012405,98143142,2458735.9352203305,58735.4314236,18.9570541,0.0605524518,0,zg,10.9666548,41.2640098,1.82599998,0.0680000037,20190909431400,695,0xb,0x4,21.4400005,26.2705784,0.0250768252,-0.0906497091,5.4017446e-06,30,1.02900004,1,0.09488080483980728,58735.4314236,0.09488080483980728,18.9570541,18.9570541
368,695111400012405,98245400,2458736.957856081,58736.4540046,18.9432182,0.0599273145,0,zg,10.9667132,41.2641075,1.11800003,-0.00499999989,20190910453993,695,0xb,0x4,21.0,26.2536182,0.031101536,-0.0798878297,8.50758352e-06,30,1.06500006,2,0.09609763950407113,58736.4540046,0.09609763950407113,18.943218199999997,18.943218199999997
369,695111400012405,98246384,2458736.9676946066,58736.4638426,19.0218735,0.0635821819,0,zg,10.9666418,41.2640183,1.43099999,0.103,20190910463843,695,0xb,0x4,21.4099998,26.2587776,0.0273530092,-0.0940320492,6.41691486e-06,30,1.08500004,2,0.08938210945996106,58736.4638426,0.08938210945996106,19.021873500000005,19.021873500000005
370,695111400012405,98248331,2458736.9871632247,58736.4833102,18.9529839,0.0603677519,0,zg,10.9666871,41.2640422,1.80900002,0.202999994,20190910483194,695,0xb,0x4,21.5599995,26.2485466,0.024861468,-0.0778165534,5.3431595e-06,30,1.13300002,2,0.09523716084705576,58736.4833102,0.09523716084705576,18.9529839,18.9529839
371,1735101200069234,98338329,2458737.8871989083,58737.3832986,18.8579922,0.0570105873,0,zg,10.9666897,41.2640109,0.964999974,0.0520000011,20190911383252,1735,0x1,0x2,20.4799995,26.2483788,0.0394978225,-0.0244836919,2.20848833e-05,30,1.01999998,2,0.10394488425905332,58737.3832986,0.10394488425905332,18.857992200000005,18.857992200000005
372,1735101200069234,98338375,2458737.8876503315,58737.38375,18.9021683,0.0586219393,0,zg,10.9666779,41.2640201,1.40100002,0.202000007,20190911383750,1735,0x1,0x2,20.3799992,26.1977844,0.0339592211,-0.0197459608,1.6575641e-05,30,1.01999998,3,0.09980049147307889,58737.38375,0.09980049147307889,18.902168299999992,18.902168299999992
373,695111400012405,98346546,2458737.9693675567,58737.465463,19.0089893,0.062966451,0,zg,10.9666513,41.2640468,1.09099996,0.133000001,20190911465405,695,0xb,0x4,21.3600006,26.2397842,0.0246880427,-0.072138235,5.30593479e-06,30,1.09399998,2,0.09044910628211525,58737.465463,0.09044910628211525,19.008989300000003,19.008989300000003
374,695111400012405,98348262,2458737.986532738,58737.4826273,18.9792442,0.0615706705,0,zg,10.9667489,41.2640277,1.46700001,0.163000003,20190911482095,695,0xb,0x4,21.3700008,26.2419624,0.0264603905,-0.0954553485,6.07731818e-06,30,1.13900006,2,0.09296132816935207,58737.4826273,0.09296132816935207,18.979244200000004,18.979244200000004
375,695111400012405,98350945,2458738.013362815,58737.509456,19.0066395,0.0628548935,0,zg,10.9666953,41.2640251,1.41100001,0.123999998,20190911509444,695,0xb,0x4,21.3700008,26.2055588,0.0255405847,-0.0746322945,5.70215434e-06,30,1.23599994,2,0.09064507236163577,58737.509456,0.09064507236163577,19.0066395,19.0066395
376,695111400012405,98446510,2458738.969060126,58738.4651042,19.0576458,0.0653278455,0,zg,10.9666959,41.2640472,1.17999995,0.172000006,20190912465081,695,0xb,0x4,20.5599995,26.2148705,0.0311939772,-0.0365566351,1.04696946e-05,30,1.10000002,1,0.08648517728327143,58738.4651042,0.08648517728327143,19.057645799999996,19.057645799999996
377,695111400012405,98446604,2458738.969997675,58738.4660417,19.0672112,0.0658037513,0,zg,10.9667049,41.2640155,1.28199995,0.0829999968,20190912466019,695,0xb,0x4,20.5400009,26.2304783,0.0318123139,-0.0488802716,1.10335732e-05,30,1.102,3,0.085726584301661,58738.4660417,0.085726584301661,19.067211199999996,19.067211199999996
378,695111400012405,98446696,2458738.9709236226,58738.4669676,19.0818214,0.0665382147,0,zg,10.9666648,41.2640228,1.08599997,0.0209999997,20190912466956,695,0xb,0x4,20.5900002,26.225174,0.0309691671,-0.044120945,1.01706601e-05,30,1.10399997,2,0.08458073211520023,58738.4669676,0.08458073211520023,19.081821400000003,19.081821400000003
379,695111400012405,98449887,2458739.0028349254,58738.4988773,19.0795689,0.0664244071,0,zg,10.9667276,41.2640037,1.324,0.114,20190912498843,695,0xb,0x4,20.9699993,26.2030907,0.028344823,-0.0583492145,7.2821631e-06,30,1.204,2,0.084756387916485,58738.4988773,0.084756387916485,19.079568900000005,19.079568900000005
380,695111400012405,98548798,2458739.991993448,58739.4879861,19.0860291,0.0667514428,0,zg,10.9666739,41.2640254,0.442999989,0.156000003,20190913487951,695,0xb,0x4,20.25,26.2175579,0.0332007669,-0.0507254675,1.53919118e-05,30,1.17400002,2,0.08425357933166357,58739.4879861,0.08425357933166357,19.086029099999998,19.086029099999998
381,695111400012405,98551445,2458740.0184646472,58739.514456,19.0048599,0.062770538,0,zg,10.966697,41.2639887,1.06500006,0.122000001,20190913514444,695,0xb,0x4,20.3899994,26.1980629,0.034078341,-0.0601998791,1.45978911e-05,30,1.28400004,2,0.09079376800548154,58739.514456,0.09079376800548154,19.004859900000007,19.004859900000007
382,695111400012405,98551540,2458740.019413784,58739.5154051,18.9626274,0.0608063526,0,zg,10.9667277,41.2641182,0.707000017,0.0729999989,20190913515382,695,0xb,0x4,20.1499996,26.1685143,0.0357966907,-0.0165362321,1.89967232e-05,30,1.28799999,3,0.09439501069305671,58739.5154051,0.09439501069305671,18.962627399999995,18.962627399999995
383,695111400012405,98748243,2458741.986534884,58741.4824306,18.9953384,0.0623214692,0,zg,10.9666624,41.2640509,0.293000013,0.023,20190915482176,695,0xb,0x4,20.0400009,26.182394,0.0374018326,-0.0611182787,2.40760492e-05,30,1.17400002,3,0.09159349689246712,58741.4824306,0.09159349689246712,18.9953384,18.9953384
384,695111400012405,98749547,2458741.999579394,58741.4954745,18.9493752,0.0602045693,0,zg,10.9666345,41.2640686,0.358999997,-0.0299999993,20190915495463,695,0xb,0x4,19.9899998,26.1333332,0.0350819081,-0.0237251911,2.18286186e-05,30,1.22300005,1,0.09555423061848009,58741.4954745,0.09555423061848009,18.9493752,18.9493752
385,695111400012405,98749641,2458742.000516944,58741.496412,18.9513359,0.0602931865,0,zg,10.9666995,41.2639569,0.976000011,0.075000003,20190915496400,695,0xb,0x4,19.9699993,26.1513062,0.034533605,-0.0299928058,2.18659097e-05,30,1.227,2,0.09538182767837317,58741.496412,0.09538182767837317,18.951335899999997,18.951335899999997
386,695111400012405,98940268,2458743.906878575,58743.4026852,19.0025826,0.0626628101,0,zg,10.966868,41.2639724,0.578999996,0.0309999995,20190917402384,695,0xb,0x4,19.5100002,26.2224236,0.0394133925,-0.044512026,3.52822753e-05,30,1.02199996,2,0.09098440514189196,58743.4026852,0.09098440514189196,19.002582600000004,19.002582600000004
387,695111400012405,98940363,2458743.907827727,58743.4036343,19.0499802,0.0649492815,0,zg,10.9665274,41.2639458,0.740999997,-0.050999999,20190917403600,695,0xb,0x4,19.7399998,26.2260685,0.0366148539,-0.0393788181,2.75824568e-05,30,1.023,3,0.08709794734057158,58743.4036343,0.08709794734057158,19.0499802,19.0499802
388,695111400012405,98941887,2458743.9230714096,58743.4188773,19.0057983,0.0628149882,0,zg,10.966644,41.2639614,0.787999988,-0.221000001,20190917418854,695,0xb,0x4,19.5499992,26.2156868,0.0390225053,-0.0244154911,3.59759433e-05,30,1.03999996,2,0.09071532900469892,58743.4188773,0.09071532900469892,19.005798300000002,19.005798300000002
389,1735101200069234,98941931,2458743.9235112285,58743.4193171,19.1076889,0.0669410229,0,zg,10.9666041,41.2639822,0.913999975,0.263999999,20190917419317,1735,0x1,0x2,19.8500004,26.1682224,0.0360705741,-0.013566955,2.66112129e-05,30,1.06700003,2,0.08258942452457596,58743.4193171,0.08258942452457596,19.107688899999992,19.107688899999992
390,695111400012405,99048697,2458744.9912209287,58744.4869792,19.0044289,0.0627501607,0,zg,10.9667414,41.2640768,1.03999996,0.233999997,20190918486829,695,0xb,0x4,20.1399994,26.1914444,0.0353830792,-0.0266281217,1.71331976e-05,30,1.22099996,2,0.09082981716910019,58744.4869792,0.09082981716910019,19.0044289,19.0044289
391,695111400012405,99150814,2458746.012434131,58745.5081481,19.0642471,0.0656558871,0,zg,10.9667067,41.2639977,0.711000025,0.150000006,20190919508137,695,0xb,0x4,20.0300007,26.1747952,0.036937099,-0.0431287773,1.98479847e-05,30,1.33700001,3,0.08596094080320346,58745.5081481,0.08596094080320346,19.064247099999996,19.064247099999996
392,695111400012405,99150908,2458746.0133716683,58745.5090856,18.8577271,0.056226369,0,zg,10.9667547,41.2640145,0.776000023,-0.057,20190919509062,695,0xb,0x4,20.0,26.1770248,0.0368712805,-0.0477049127,2.06982168e-05,30,1.34200001,2,0.10397026717717445,58745.5090856,0.10397026717717445,18.857727099999998,18.857727099999998
393,695111400012405,99152372,2458746.0280135856,58745.5237269,18.9158058,0.0587106682,0,zg,10.9664633,41.2640518,0.523000002,-0.00499999989,20190919523449,695,0xb,0x4,19.7000008,26.1495075,0.0356527716,-0.0285243075,2.45419578e-05,30,1.43400002,2,0.0985547770909238,58745.5237269,0.0985547770909238,18.915805800000008,18.915805800000008
394,695111400012405,99238659,2458746.8909204127,58746.3865972,19.1240959,0.0687156171,0,zg,10.9666365,41.2640318,0.933000028,0.129999995,20190920386586,695,0xb,0x4,20.75,26.2454357,0.0296649281,-0.0656234175,8.45675186e-06,30,1.01600003,2,0.08135076476083908,58746.3865972,0.08135076476083908,19.124095900000007,19.124095900000007
395,695111400012405,99239680,2458746.901129235,58746.3968056,18.9569168,0.0605462268,0,zg,10.9666609,41.2640591,1.16199994,0.0289999992,20190920396620,695,0xb,0x4,20.6200008,26.2512379,0.0310321636,-0.0818174854,1.00070329e-05,30,1.02400005,2,0.09489280403277395,58746.3968056,0.09489280403277395,18.956916799999995,18.956916799999995
396,1735101200069234,99239863,2458746.9029580127,58746.3986343,18.9067535,0.0587926395,0,zg,10.9666611,41.2640296,0.675999999,-0.0540000014,20190920398634,1735,0x1,0x2,20.6900005,26.2232533,0.0330064148,-0.0282806177,1.38610549e-05,30,1.04900002,2,0.09937991020461588,58746.3986343,0.09937991020461588,18.9067535,18.9067535
397,1735101200069234,99239908,2458746.9034093264,58746.3990856,19.051075,0.0645083711,0,zg,10.9667162,41.2640932,2.06399989,0.264999986,20190920399086,1735,0x1,0x2,20.6900005,26.2183208,0.0343519151,-0.0336255208,1.47555302e-05,30,1.04900002,3,0.08701016655822702,58746.3990856,0.08701016655822702,19.051075000000004,19.051075000000004
398,695111400012405,99241753,2458746.9218591945,58746.4175347,19.042469,0.0645807087,0,zg,10.9667169,41.2640296,1.20000005,-0.00999999978,20190920417326,695,0xb,0x4,20.6900005,26.238348,0.0312595293,-0.066130951,9.70429028e-06,30,1.04999995,2,0.08770258616769211,58746.4175347,0.08770258616769211,19.042469000000004,19.042469000000004
399,695111400012405,99331974,2458747.824107025,58747.3197454,19.1434078,0.0697366446,0,zg,10.9666603,41.2640714,2.28999996,0.268999994,20190921319711,695,0xb,0x4,21.0,26.1970482,0.028043732,-0.0359056965,7.14629732e-06,30,1.02699995,2,0.07991657813289552,58747.3197454,0.07991657813289552,19.1434078,19.1434078
400,695111400012405,99332069,2458747.8250560667,58747.3206944,19.0625534,0.0655715391,0,zg,10.9666948,41.264021,1.82000005,0.172000006,20190921320671,695,0xb,0x4,21.0799999,26.2226524,0.0269614104,-0.0599726252,6.36859295e-06,30,1.02600002,1,0.08609514067828908,58747.3206944,0.08609514067828908,19.062553400000006,19.062553400000006
401,695111400012405,99332162,2458747.825982105,58747.3216204,19.0127029,0.0631432161,0,zg,10.9666625,41.2640133,1.722,0.209999993,20190921321609,695,0xb,0x4,21.1800003,26.2275047,0.0264771581,-0.0663129687,6.25291796e-06,30,1.02499998,3,0.0901402669711616,58747.3216204,0.0901402669711616,19.0127029,19.0127029
402,695111400012405,99425645,2458748.760857399,58748.2564583,18.9954643,0.0623273998,0,zg,10.9666951,41.2640308,1.14699996,0.0399999991,20190922256354,695,0xb,0x4,21.2700005,26.1927605,0.0268228371,-0.0643760711,6.19388038e-06,30,1.14600003,2,0.0915828764925569,58748.2564583,0.0915828764925569,18.995464300000002,18.995464300000002
403,695111400012405,99450589,2458749.0103000635,58748.5058912,19.0473557,0.0648202077,0,zg,10.9667222,41.2640254,1.57299995,0.167999998,20190922505683,695,0xb,0x4,20.7299995,26.1551151,0.0307188723,-0.0558006726,8.80925472e-06,30,1.37100005,2,0.08730873985428476,58748.5058912,0.08730873985428476,19.047355700000004,19.047355700000004
404,695111400012405,99532701,2458749.831454552,58749.3270139,18.8916054,0.0576602779,0,zg,10.9666938,41.2640515,1.53900003,0.107000001,20190923326944,695,0xb,0x4,21.5200005,26.2147198,0.0250927154,-0.0600139908,5.45012153e-06,30,1.01699996,2,0.10077616791983766,58749.3270139,0.10077616791983766,18.891605399999996,18.891605399999996
405,695111400012405,99533932,2458749.8437698227,58749.3393287,19.1484833,0.0700077266,0,zg,10.9666915,41.264058,1.28999996,0.170000002,20190923339190,695,0xb,0x4,21.4300003,26.2151146,0.0245938208,-0.0619148947,5.30271382e-06,30,1.00999999,2,0.07954386329063907,58749.3393287,0.07954386329063907,19.148483300000002,19.148483300000002
406,1735101200069234,99534119,2458749.8456332986,58749.3411921,18.9932346,0.0621359795,0,zg,10.9666756,41.2639924,0.573000014,0.0309999995,20190923341192,1735,0x1,0x2,21.2700005,26.2750568,0.0450097695,-0.0729480162,2.3209057e-05,30,1.01800001,2,0.09177114705073772,58749.3411921,0.09177114705073772,18.9932346,18.9932346
407,1735101200069234,99534164,2458749.846084715,58749.3416435,19.0138512,0.062968798,0,zg,10.9666462,41.2640122,1.61000001,0.115999997,20190923341644,1735,0x1,0x2,21.3099995,26.2667847,0.0560191981,-0.0716877729,3.6272384e-05,30,1.01800001,3,0.09004498291309687,58749.3416435,0.09004498291309687,19.013851199999998,19.013851199999998
408,695111400012405,99636744,2458750.8719217465,58750.3674421,19.0090446,0.0629691109,0,zg,10.9667056,41.2640068,1.37699997,0.0460000001,20190924367419,695,0xb,0x4,20.7199993,26.1458263,0.0340529308,-0.041974932,1.08144122e-05,30,1.01199996,2,0.09044449953861894,58750.3674421,0.09044449953861894,19.009044600000003,19.009044600000003
409,695111400012405,99636839,2458750.8728708806,58750.3683912,19.0342007,0.0641777217,0,zg,10.9667081,41.2640075,1.74800003,0.0309999995,20190924368368,695,0xb,0x4,21.0100002,26.1611309,0.0286587179,-0.073281616,7.30949023e-06,30,1.01199996,1,0.08837302477503796,58750.3683912,0.08837302477503796,19.034200700000007,19.034200700000007
410,695111400012405,99638138,2458750.8858690565,58750.3813889,19.075058,0.0661971048,0,zg,10.9666608,41.2640337,1.26199996,0.0329999998,20190924381366,695,0xb,0x4,21.0300007,26.1572971,0.0293544419,-0.0599805787,7.72751991e-06,30,1.01999998,2,0.08510925716447905,58750.3813889,0.08510925716447905,19.075058000000006,19.075058000000006
411,1735101200069234,99638184,2458750.8863204718,58750.3818403,18.9072151,0.0588098466,0,zg,10.9666891,41.2640485,0.486999989,-0.0160000008,20190924381840,1735,0x1,0x2,21.1700001,26.1826324,0.0389288701,-0.0368981287,1.76139711e-05,30,1.04200006,2,0.09933766788449128,58750.3818403,0.09933766788449128,18.907215099999995,18.907215099999995
412,1735101200069234,99638229,2458750.8867718927,58750.3822917,19.0261765,0.0634734035,0,zg,10.9666896,41.2639671,0.949000001,0.119999997,20190924382292,1735,0x1,0x2,21.2199993,26.1862087,0.0384112895,-0.0542012565,1.69865598e-05,30,1.04200006,3,0.08902857047528906,58750.3822917,0.08902857047528906,19.0261765,19.0261765
413,695111400012405,99640274,2458750.9072240368,58750.4027431,19.0191193,0.0634500161,0,zg,10.9666277,41.2640288,0.771000028,-0.0149999997,20190924402500,695,0xb,0x4,20.8400002,26.1520786,0.0308470912,-0.0506295897,8.7961489e-06,30,1.04400003,2,0.08960913395084961,58750.4027431,0.08960913395084961,19.019119299999993,19.019119299999993
414,695111400012405,99725223,2458751.7567455075,58751.2522338,18.9028549,0.0581458211,32768,zg,10.9666895,41.2639829,0.986000001,0.104000002,20190925252130,695,0xb,0x4,20.8500004,25.8690071,0.0602343045,-0.0586665198,3.43145257e-05,30,1.13399994,2,0.09973739939292875,58751.2522338,0.09973739939292875,18.9028549,18.9028549
415,695111400012405,99740410,2458751.908625928,58751.4041088,19.0326462,0.0641022772,0,zg,10.9666564,41.264024,0.675999999,0.063000001,20190925404086,695,0xb,0x4,21.1000004,26.154871,0.026889313,-0.051934842,6.3251955e-06,30,1.04999995,2,0.08849964324565135,58751.4041088,0.08849964324565135,19.032646199999995,19.032646199999995
416,695111400012405,99742025,2458751.9247722942,58751.4202546,18.9622002,0.0607868657,0,zg,10.9667297,41.2640119,1.74899995,0.123000003,20190925419769,695,0xb,0x4,20.8899994,26.1321259,0.0312791727,-0.0216967072,8.84046949e-06,30,1.079,2,0.09443215920370941,58751.4202546,0.09443215920370941,18.962200200000005,18.962200200000005
417,695111400012405,100028879,2458754.793410495,58754.2887963,18.9742985,0.0613420233,0,zg,10.9666943,41.2640103,1.08700001,0.0430000015,20190928288738,695,0xb,0x4,20.9099998,26.2193336,0.0303645581,-0.0656589195,8.0930422e-06,30,1.04100001,2,0.09338574762554078,58754.2887963,0.09338574762554078,18.974298499999996,18.974298499999996
418,695111400012405,100240388,2458756.9085673294,58756.4038889,18.9149704,0.05867403,0,zg,10.9666817,41.264047,1.25399995,0.0689999983,20190930403819,695,0xb,0x4,21.2000008,26.2208462,0.0263694003,-0.0552928783,6.09883091e-06,30,1.074,2,0.09863063745482323,58756.4038889,0.09863063745482323,18.91497040000001,18.91497040000001
419,695111400012405,100342238,2458757.9270915347,58757.4223843,18.9166012,0.0587455593,0,zg,10.9666647,41.264003,0.603999972,0.0500000007,20191001422245,695,0xb,0x4,20.7800007,26.222105,0.0314077064,-0.0612960085,9.17952821e-06,30,1.12300003,2,0.09848260324030654,58757.4223843,0.09848260324030654,18.916601199999995,18.916601199999995
420,695111400012405,100434993,2458758.854662885,58758.3499306,18.9998131,0.0625320822,0,zg,10.9666524,41.2640141,1.35699999,0.135000005,20191002349896,695,0xb,0x4,21.3299999,26.2344208,0.0248267185,-0.0604603365,5.380934e-06,30,1.01400006,2,0.0912167847565749,58758.3499306,0.0912167847565749,18.999813100000004,18.999813100000004
421,695111400012405,100435609,2458758.8608319457,58758.3560995,18.9759521,0.0614184104,0,zg,10.9666704,41.2640254,2.23000002,0.218999997,20191002355995,695,0xb,0x4,21.5499992,26.2563648,0.0252718627,-0.066258125,5.51455878e-06,30,1.01800001,3,0.09324362734188428,58758.3560995,0.09324362734188428,18.975952099999994,18.975952099999994
422,695111400012405,100435979,2458758.8645242346,58758.3597917,19.2595196,0.0762397498,0,zg,10.9667053,41.26415,0.647000015,0.0500000007,20191002359792,695,0xb,0x4,21.4699993,26.2485275,0.0245491732,-0.0678174868,5.24665711e-06,30,1.02100003,2,0.0718111960217527,58758.3597917,0.0718111960217527,19.259519599999997,19.259519599999997
423,695111400012405,100436074,2458758.865473269,58758.3607407,19.0012779,0.0626011491,0,zg,10.9666406,41.2640053,1.30999994,0.131999999,20191002360718,695,0xb,0x4,21.3500004,26.2548504,0.0266678333,-0.089526616,6.19023058e-06,30,1.02100003,1,0.09109380437272105,58758.3607407,0.09109380437272105,19.001277899999998,19.001277899999998
424,695111400012405,100437587,2458758.8806125615,58758.3758796,18.9687214,0.0610853918,0,zg,10.9666925,41.2640201,1.028,0.127000004,20191002375694,695,0xb,0x4,21.2299995,26.2411098,0.0271392073,-0.0831469968,6.47329944e-06,30,1.03699994,2,0.09386667623059511,58758.3758796,0.09386667623059511,18.9687214,18.9687214
425,1735101200069234,100438296,2458758.8876961456,58758.382963,18.9002457,0.0585505515,0,zg,10.9666361,41.2640372,0.381000012,-0.0219999999,20191002382917,1735,0x1,0x2,21.0599995,26.3987846,0.0393731557,-0.084371902,1.82646945e-05,30,1.07500005,2,0.0999773727540545,58758.382963,0.0999773727540545,18.900245699999992,18.900245699999992
426,1735101200069234,100438341,2458758.8881475595,58758.3834144,18.9029121,0.0586495809,0,zg,10.9666524,41.2640009,1.04499996,0.0219999999,20191002383414,1735,0x1,0x2,21.2000008,26.2964649,0.0511578284,-0.0702795759,3.00973297e-05,30,1.07500005,3,0.0997321450512713,58758.3834144,0.0997321450512713,18.9029121,18.9029121
427,695111400012405,100634850,2458760.853289148,58760.3485069,18.9358482,0.0595973954,0,zg,10.9666314,41.2640372,1.34000003,0.0529999994,20191004348495,695,0xb,0x4,20.9599991,26.2241993,0.0296686646,-0.0327065475,7.8546218e-06,30,1.01600003,2,0.09675217125941192,58760.3485069,0.09675217125941192,18.935848200000002,18.935848200000002
428,695111400012405,100636005,2458760.8648404195,58760.3600579,19.0049553,0.0627750605,0,zg,10.966692,41.2640141,1.70599997,0.108000003,20191004360035,695,0xb,0x4,21.3700008,26.248621,0.0250163227,-0.0590919033,5.39621396e-06,30,1.02600002,2,0.0907857906119844,58760.3600579,0.0907857906119844,19.0049553,19.0049553
429,695111400012405,100636943,2458760.874215638,58760.3694329,18.9800835,0.0616095699,0,zg,10.9667015,41.2640261,1.56700003,0.0649999976,20191004369410,695,0xb,0x4,21.2700005,26.2486649,0.0249782354,-0.072002098,5.36124389e-06,30,1.03600001,3,0.09288949461203458,58760.3694329,0.09288949461203458,18.9800835,18.9800835
430,695111400012405,100638052,2458760.8853037986,58760.3805208,19.0423107,0.0645729527,0,zg,10.9666342,41.2639851,0.757000029,0.116999999,20191004380232,695,0xb,0x4,21.1900005,26.2355576,0.0280002356,-0.0645822585,6.71712723e-06,30,1.051,2,0.08771537410961742,58760.3805208,0.08771537410961742,19.042310699999994,19.042310699999994
431,1735101200069234,100639250,2458760.897283272,58760.3925,18.8637409,0.0572169125,0,zg,10.9666636,41.2640556,1.375,0.0649999976,20191004392500,1735,0x1,0x2,21.1499996,26.2880096,0.0484527126,-0.0626687557,2.71097779e-05,30,1.10500002,2,0.10339597669865086,58760.3925,0.10339597669865086,18.863740900000003,18.863740900000003
432,1735101200069234,100639295,2458760.897734684,58760.3929514,18.883213,0.0579232387,0,zg,10.9666656,41.2640261,0.829999983,0.00700000022,20191004392951,1735,0x1,0x2,21.0100002,26.2755871,0.0444497466,-0.060140349,2.27522487e-05,30,1.10599995,3,0.10155815442112695,58760.3929514,0.10155815442112695,18.883213000000005,18.883213000000005
433,695111400012405,100728479,2458761.789595484,58761.2847917,19.0139198,0.063201271,0,zg,10.9666997,41.2639887,1.24699998,0.0780000016,20191005284780,695,0xb,0x4,21.1900005,26.2320728,0.0272463523,-0.069913201,6.38867823e-06,30,1.02400005,3,0.09003929378652771,58761.2847917,0.09003929378652771,19.013919800000004,19.013919800000004
434,695111400012405,100728797,2458761.792778351,58761.2879745,19.0268803,0.0638233051,0,zg,10.9667067,41.2640571,0.805000007,0.075000003,20191005287905,695,0xb,0x4,21.0100002,26.2251759,0.0279129725,-0.0509624071,6.74970624e-06,30,1.02100003,2,0.08897087874159619,58761.2879745,0.08897087874159619,19.026880299999995,19.026880299999995
435,1735101200069234,100828378,2458762.7886101315,58762.2837847,18.9199314,0.0592867658,0,zg,10.9666417,41.2640154,0.654999971,0.0450000018,20191006283785,1735,0x1,0x2,20.8700008,26.2235031,0.040413443,-0.016128445,1.9402838e-05,30,1.02400005,2,0.09818099746960528,58762.2837847,0.09818099746960528,18.919931400000003,18.919931400000003
436,1735101200069234,100828423,2458762.78906154,58762.2842361,18.7740669,0.0541088022,0,zg,10.9666935,41.2640509,1.25899994,-0.00999999978,20191006284236,1735,0x1,0x2,20.8099995,26.2938843,0.0518292673,-0.0111703314,3.19868668e-05,30,1.02400005,3,0.11229831503575922,58762.2842361,0.11229831503575922,18.7740669,18.7740669
437,695111400012405,100938711,2458763.89196583,58763.3871181,19.0368671,0.0643073842,0,zg,10.9666644,41.2640207,0.510999978,0.0599999987,20191007387095,695,0xb,0x4,21.2299995,26.2104073,0.026233539,-0.053549882,5.9328122e-06,30,1.07799995,2,0.08815626058873799,58763.3871181,0.08815626058873799,19.036867100000002,19.036867100000002
438,695111400012405,100938805,2458763.8929033484,58763.3880556,19.1848354,0.0719841346,0,zg,10.9666479,41.2640034,1.62800002,0.153999999,20191007388032,695,0xb,0x4,21.1900005,26.2082672,0.0261276104,-0.0444761887,5.76939738e-06,30,1.08000004,3,0.07692470509943758,58763.3880556,0.07692470509943758,19.184835400000004,19.184835400000004
439,695111400012405,100939937,2458763.90422296,58763.399375,19.073019,0.0660946146,0,zg,10.9667088,41.2640653,1.35699999,0.217999995,20191007399306,695,0xb,0x4,21.3700008,26.222784,0.0253600348,-0.0637024045,5.50258346e-06,30,1.10599995,2,0.08526924153970485,58763.399375,0.08526924153970485,19.073018999999995,19.073018999999995
440,695111400012405,100942821,2458763.933066105,58763.4282176,19.0699749,0.0659420192,0,zg,10.9667423,41.2640286,0.884000003,0.0920000002,20191007428206,695,0xb,0x4,20.9500008,26.1948395,0.027685564,-0.0519885421,6.84593988e-06,30,1.19500005,2,0.08550864805063997,58763.4282176,0.08550864805063997,19.0699749,19.0699749
441,695111400012405,101016361,2458764.668473477,58764.1636111,19.1788101,0.0716523156,0,zg,10.9666456,41.2640337,0.855000019,0.0579999983,20191008163194,695,0xb,0x4,20.5900002,26.1170368,0.0325604975,-0.0125648119,1.15157391e-05,30,1.36000001,1,0.07735278596160482,58764.1636111,0.07735278596160482,19.1788101,19.1788101
442,1735101200069234,101031108,2458764.815953137,58764.311088,18.949234,0.0604051016,0,zg,10.9666978,41.264,0.944000006,0.0989999995,20191008311053,1735,0x1,0x2,21.0100002,26.2739697,0.0399291702,-0.0497597978,1.92305561e-05,30,1.01999998,2,0.09556665825484022,58764.311088,0.09556665825484022,18.949233999999997,18.949233999999997
443,1735101200069234,101031153,2458764.816404544,58764.3115394,19.0556984,0.0647029132,0,zg,10.9666973,41.2640274,1.125,0.133000001,20191008311539,1735,0x1,0x2,21.0599995,26.2429905,0.051499553,-0.0346202627,3.07399969e-05,30,1.01999998,3,0.08664043817061749,58764.3115394,0.08664043817061749,19.055698400000004,19.055698400000004
444,695111400012405,101033667,2458764.8415437983,58764.3366782,19.1047382,0.0677088127,0,zg,10.9666866,41.2640101,1.64600003,0.193000004,20191008336574,695,0xb,0x4,21.1000004,26.2401505,0.0279421192,-0.0739673451,6.93961101e-06,30,1.01600003,2,0.08281418267541871,58764.3366782,0.08281418267541871,19.104738200000007,19.104738200000007
445,695111400012405,101035887,2458764.863743294,58764.3588773,19.0867081,0.0667858869,0,zg,10.966645,41.2640369,1.42999995,0.172999993,20191008358819,695,0xb,0x4,21.2199993,26.2180157,0.0259668287,-0.0418165959,5.90645959e-06,30,1.03699994,2,0.0842009051228106,58764.3588773,0.0842009051228106,19.086708100000003,19.086708100000003
446,695111400012405,101038245,2458764.8873201115,58764.3824537,19.0452538,0.0647170767,0,zg,10.9666865,41.2640517,1.13,0.0649999976,20191008382431,695,0xb,0x4,21.5300007,26.2263432,0.0243120976,-0.0567021109,5.0747617e-06,30,1.074,2,0.08747792642903107,58764.3824537,0.08747792642903107,19.045253800000005,19.045253800000005
447,695111400012405,101116439,2458765.6692781826,58765.1643981,19.0122013,0.0631193444,0,zg,10.9666725,41.2640263,0.998000026,0.119999997,20191009164329,695,0xb,0x4,20.6800003,26.1643925,0.0313322395,-0.0465096347,1.02265376e-05,30,1.34000003,1,0.09018192055481182,58765.1643981,0.09018192055481182,19.012201300000008,19.012201300000008
448,1735101200069234,101127002,2458765.774905024,58765.2700231,19.0112972,0.0628648326,0,zg,10.9666525,41.2640098,1.49899995,0.0810000002,20191009270023,1735,0x1,0x2,20.8700008,26.2574844,0.0338574611,-0.0281399805,1.39423546e-05,30,1.028,2,0.09025704693466725,58765.2700231,0.09025704693466725,19.011297199999994,19.011297199999994
449,1735101200069234,101127047,2458765.7753564306,58765.2704745,19.0618286,0.0649619251,0,zg,10.9666688,41.2640352,2.04999995,0.112999998,20191009270475,1735,0x1,0x2,20.9699993,26.244278,0.053205505,-0.0269808751,3.38297141e-05,30,1.028,3,0.08615263400950078,58765.2704745,0.08615263400950078,19.061828600000005,19.061828600000005
450,695111400012405,101144179,2458765.946678744,58765.441794,19.0781059,0.0663505495,0,zg,10.9666745,41.264093,0.788999975,0.0829999968,20191009441771,695,0xb,0x4,21.2000008,26.176445,0.0258978214,-0.0351696126,5.84135159e-06,30,1.27499998,2,0.08487067182346116,58765.441794,0.08487067182346116,19.078105900000004,19.078105900000004
451,695111400012405,101145974,2458765.964630433,58765.4597454,19.0768604,0.0662878305,0,zg,10.966735,41.2640065,0.860000014,0.064000003,20191009459560,695,0xb,0x4,21.1700001,26.1763401,0.026354799,-0.0675087273,5.95097708e-06,30,1.37300003,2,0.08496808689991583,58765.4597454,0.08496808689991583,19.076860400000008,19.076860400000008
452,695111400012405,101148047,2458765.985359856,58765.4804745,19.1096992,0.067965284,0,zg,10.9667087,41.264064,1.68299997,0.195999995,20191009480451,695,0xb,0x4,21.1700001,26.1385059,0.0252699181,-0.0507612452,5.49044626e-06,30,1.51900005,2,0.08243664716682922,58765.4804745,0.08243664716682922,19.1096992,19.1096992
453,695111400012405,101216295,2458766.667847754,58766.1629514,19.0081749,0.0629277676,0,zg,10.9666613,41.2640227,0.501999974,0.0219999999,20191010162882,695,0xb,0x4,20.1299992,26.1755791,0.0350449532,-0.0443179347,1.72516611e-05,30,1.33299994,1,0.09051697671438012,58766.1629514,0.09051697671438012,19.008174899999993,19.008174899999993
454,1735101200069234,101220524,2458766.710140143,58766.2052431,18.9305687,0.0596895926,0,zg,10.9666064,41.2639805,1.47599995,0.0719999969,20191010205243,1735,0x1,0x2,20.4500008,26.2021122,0.0335962698,-0.0290291179,1.64303437e-05,30,1.12399995,2,0.09722378399249804,58766.2052431,0.09722378399249804,18.930568700000002,18.930568700000002
455,1735101200069234,101220569,2458766.710591446,58766.2056944,19.0238476,0.0633776486,0,zg,10.9666663,41.2640555,0.962000012,0.057,20191010205683,1735,0x1,0x2,20.4500008,26.1778774,0.039915897,-0.031005986,2.33237042e-05,30,1.12300003,3,0.08921974137503569,58766.2056944,0.08921974137503569,19.023847600000003,19.023847600000003
456,695111400012405,101237673,2458766.881635796,58766.3767361,18.9230633,0.0590299815,0,zg,10.9667143,41.2640655,0.481999993,0.0439999998,20191010376482,695,0xb,0x4,20.4500008,26.2127171,0.0330090635,-0.0336481743,1.23364835e-05,30,1.074,2,0.09789819397131369,58766.3767361,0.09789819397131369,18.923063300000003,18.923063300000003
457,695111400012405,101240063,2458766.90553665,58766.4006366,19.1554279,0.070380643,0,zg,10.9667052,41.2640456,1.403,0.0869999975,20191010400475,695,0xb,0x4,20.7000008,26.2145672,0.0304829217,-0.0512796305,9.23884272e-06,30,1.13100004,2,0.07903670746757038,58766.4006366,0.07903670746757038,19.1554279,19.1554279
458,695111400012405,101242616,2458766.9310694253,58766.426169,19.0185757,0.063423954,0,zg,10.9666682,41.2640186,0.248999998,0.00899999961,20191010426111,695,0xb,0x4,20.6000004,26.1980019,0.0320768282,-0.0692479163,1.05961608e-05,30,1.21800005,2,0.08965401015681526,58766.426169,0.08965401015681526,19.018575700000007,19.018575700000007
459,695111400012405,101316046,2458767.6653742124,58767.160463,18.6651077,0.0488315895,0,zg,10.9667149,41.2640842,0.363000005,-0.0320000015,20191011160394,695,0xb,0x4,18.9099998,26.1233425,0.0457819402,-0.0237169471,9.37544537e-05,30,1.33099997,1,0.12415291475461096,58767.160463,0.12415291475461096,18.6651077,18.6651077
460,695111400012405,101341752,2458767.922437937,58767.4175231,18.8758755,0.0569892712,0,zg,10.9666754,41.2640253,1.08399999,0.115999997,20191011417268,695,0xb,0x4,19.7800007,26.193409,0.0368073918,-0.0375754684,2.46268228e-05,30,1.19500005,2,0.10224681769164223,58767.4175231,0.10224681769164223,18.8758755,18.8758755
461,695111400012405,101343929,2458767.9442091244,58767.439294,19.1290474,0.0689757764,0,zg,10.9665906,41.2639839,0.771000028,-0.0489999987,20191011439120,695,0xb,0x4,19.5699997,26.1851597,0.0376713686,-0.0609755628,3.06599068e-05,30,1.28999996,2,0.08098060928386452,58767.439294,0.08098060928386452,19.129047399999997,19.129047399999997
462,695111400012405,101346747,2458767.972392386,58767.4674769,18.9368954,0.0596441254,0,zg,10.9666737,41.2640779,1.04499996,0.151999995,20191011467454,695,0xb,0x4,19.8199997,26.129015,0.0385866687,-0.0335459858,2.5799689e-05,30,1.46099997,2,0.09665889811660695,58767.4674769,0.09665889811660695,18.936895400000004,18.936895400000004
463,695111400012405,101416104,2458768.665966422,58768.1610417,18.8659019,0.0565685481,0,zg,10.9666408,41.2640273,0.582000017,0.0439999998,20191012160972,695,0xb,0x4,19.7999992,26.1851578,0.0371506847,-0.0749618858,2.68079621e-05,30,1.31299996,1,0.10319038671187729,58768.1610417,0.10319038671187729,18.865901900000004,18.865901900000004
464,695111400012405,101427638,2458768.781315144,58768.2763889,19.0262146,0.0637912154,0,zg,10.9667448,41.263987,0.728999972,0.103,20191012276331,695,0xb,0x4,19.7800007,26.2062721,0.039082706,-0.00701690558,2.8152117e-05,30,1.01600003,2,0.08902544639320902,58768.2763889,0.08902544639320902,19.026214599999996,19.026214599999996
465,1735101200069234,101428971,2458768.7946370123,58768.2897106,18.8129139,0.0554265156,0,zg,10.9664729,41.2639786,0.82099998,-0.0549999997,20191012289711,1735,0x1,0x2,19.4500008,26.2510948,0.0448182561,-0.10122449,6.38189595e-05,30,1.01800001,2,0.10835137825029259,58768.2897106,0.10835137825029259,18.812913900000005,18.812913900000005
466,1735101200069234,101429016,2458768.795088419,58768.290162,19.0707226,0.0653400347,0,zg,10.9666518,41.2639774,0.693000019,0.208000004,20191012290162,1735,0x1,0x2,19.7999992,26.2522545,0.0402847789,-0.0845245644,3.72047143e-05,30,1.01800001,3,0.08544978218033286,58768.290162,0.08544978218033286,19.070722600000003,19.070722600000003
467,695111400012405,101433420,2458768.839128369,58768.3342014,19.0606937,0.0654790848,0,zg,10.9667528,41.263991,1.37199998,0.0579999983,20191012334039,695,0xb,0x4,20.1800003,26.2413139,0.0349209607,-0.067486614,1.87641017e-05,30,1.02199996,2,0.08624273484865841,58768.3342014,0.08624273484865841,19.060693699999995,19.060693699999995
468,695111400012405,101516094,2458769.665885915,58769.1609491,19.0373745,0.0643320531,0,zg,10.9665609,41.2639441,1.14199996,0.361000001,20191013160880,695,0xb,0x4,19.5499992,26.1636944,0.0379875042,-0.0356029049,3.467231e-05,30,1.29999995,1,0.08811507191321541,58769.1609491,0.08811507191321541,19.03737449999999,19.03737449999999
469,695111400012405,101520725,2458769.712194268,58769.2072569,19.0033207,0.0626977012,0,zg,10.9666865,41.2639917,0.605000019,-0.0170000009,20191013207234,695,0xb,0x4,19.5499992,26.2043571,0.0365161113,-0.0408118069,3.17581726e-05,30,1.12300003,2,0.09092257357763543,58769.2072569,0.09092257357763543,19.003320699999996,19.003320699999996
470,695111400012405,101524968,2458769.7546253586,58769.2496875,19.0222168,0.063598685,0,zg,10.9666067,41.2640757,0.704999983,-0.0140000004,20191013249630,695,0xb,0x4,19.8299999,26.2092743,0.0343525521,-0.0266195145,2.28557983e-05,30,1.03900003,2,0.08935385211032719,58769.2496875,0.08935385211032719,19.022216800000002,19.022216800000002
471,695111400012405,101526087,2458769.765817594,58769.2608796,19.1106491,0.0680145174,0,zg,10.9667321,41.2639846,0.822000027,0.150999993,20191013260810,695,0xb,0x4,19.9099998,26.2172279,0.0399244502,-0.0303847138,2.8573384e-05,30,1.02600002,2,0.08236455569013304,58769.2608796,0.08236455569013304,19.110649099999996,19.110649099999996
472,695111400012405,101616101,2458770.665965988,58770.1610185,18.8398609,0.0554870032,0,zg,10.9667603,41.2640964,0.734000027,0.144999996,20191014160938,695,0xb,0x4,19.3899994,26.159956,0.0388812162,-0.0329746678,4.07158004e-05,30,1.28600001,1,0.10569529129443404,58770.1610185,0.10569529129443404,18.839860899999998,18.839860899999998
473,695111400012405,101712133,2458771.6262873816,58771.121331,19.0521297,0.0650551841,0,zg,10.9666728,41.2640234,0.728999972,-0.0489999987,20191015121308,695,0xb,0x4,19.3999996,26.0895615,0.0384172611,-0.049965106,4.06472682e-05,30,1.52199996,2,0.08692568465229042,58771.121331,0.08692568465229042,19.052129700000002,19.052129700000002
474,695111400012405,101716124,2458771.666206756,58771.16125,18.9131451,0.0585941039,0,zg,10.9667053,41.264015,1.27400005,-0.280000001,20191015161169,695,0xb,0x4,19.5200005,26.161581,0.038626425,-0.0589506738,3.77246251e-05,30,1.27100003,1,0.09879659113394464,58771.16125,0.09879659113394464,18.9131451,18.9131451
475,695111400012405,101816158,2458772.6665502014,58772.1615856,18.9624996,0.0608005263,0,zg,10.9666987,41.2640086,1.43499994,-0.0439999998,20191016161505,695,0xb,0x4,20.1100006,26.1843204,0.0367749296,-0.0510271043,2.01020921e-05,30,1.25699997,1,0.09440612240908686,58772.1615856,0.09440612240908686,18.962499599999994,18.962499599999994
476,1735101200069234,101824034,2458772.7453123946,58772.2403472,19.0421658,0.0641356483,0,zg,10.9665297,41.2640302,1.04999995,-0.232999995,20191016240347,1735,0x1,0x2,19.9400005,26.203371,0.0379602276,-0.0555105396,2.8980201e-05,30,1.03600001,2,0.08772708119446117,58772.2403472,0.08772708119446117,19.0421658,19.0421658
477,1735101200069234,101824079,2458772.7457637973,58772.2407986,18.9603157,0.0608351417,0,zg,10.9666789,41.2640792,0.300000012,-0.0,20191016240799,1735,0x1,0x2,19.8600006,26.2000923,0.0408206694,-0.0465951599,3.3128752e-05,30,1.03600001,3,0.0945962063561885,58772.2407986,0.0945962063561885,18.960315700000002,18.960315700000002
478,695111400012405,101916020,2458773.665179312,58773.1602083,18.983675,0.06177634,32768,zg,10.9666759,41.2639784,0.66900003,-0.165000007,20191017160127,695,0xb,0x4,19.5499992,25.2346935,0.041683007,-0.0653341413,5.25711148e-05,30,1.25100005,1,0.09258273367987166,58773.1602083,0.09258273367987166,18.983674999999998,18.983674999999998
479,695111400012405,102016013,2458774.6651149024,58774.1601389,18.8437977,0.0556489229,0,zg,10.9667891,41.2640474,1.16600001,0.0179999992,20191018160046,695,0xb,0x4,20.5300007,26.2018166,0.0340916701,-0.0723234937,1.22758383e-05,30,1.23899996,1,0.10531274187257082,58774.1601389,0.10531274187257082,18.843797700000003,18.843797700000003
480,695111400012405,102116023,2458775.6652110647,58775.1602315,19.0043602,0.0627468899,0,zg,10.9666565,41.2640115,2.36899996,0.180000007,20191019160150,695,0xb,0x4,21.2999992,26.2093239,0.0287994221,-0.0999874473,7.22645791e-06,30,1.227,1,0.09083556461109826,58775.1602315,0.09083556461109826,19.0043602,19.0043602
481,695111400012405,102215946,2458776.6644492894,58776.1594676,18.8862896,0.0574325025,0,zg,10.9666918,41.2640344,1.546,0.128999993,20191020159375,695,0xb,0x4,21.3500004,26.1886024,0.0258141104,-0.064784579,5.79721154e-06,30,1.21899998,1,0.10127078117017015,58776.1594676,0.10127078117017015,18.886289600000005,18.886289600000005
482,695111400012405,102315989,2458777.6648781803,58777.1598958,18.8582497,0.0562481992,0,zg,10.9666336,41.2640237,0.836000025,0.00499999989,20191021159803,695,0xb,0x4,20.7000008,26.202425,0.0303985588,-0.0596603975,8.68793813e-06,30,1.20700002,1,0.10392023496223896,58777.1598958,0.10392023496223896,18.858249699999995,18.858249699999995
483,695111400012405,102416009,2458778.665074232,58778.1600926,18.9693718,0.0611152798,0,zg,10.9666539,41.2639882,0.451000005,-0.0170000009,20191022159988,695,0xb,0x4,21.0900002,26.2108402,0.0287644509,-0.0752508864,7.16697059e-06,30,1.19500005,1,0.09381046312503136,58778.1600926,0.09381046312503136,18.969371799999998,18.969371799999998
484,695111400012405,102515989,2458779.6648752373,58779.1598958,18.8665466,0.0565956458,32768,zg,10.9666564,41.2639973,1.18099999,0.0399999991,20191023159803,695,0xb,0x4,21.1100006,26.2249756,0.0302065648,-0.119765595,8.01694296e-06,30,1.18599999,1,0.10312913141393179,58779.1598958,0.10312913141393179,18.8665466,18.8665466
485,695111400012405,102715982,2458781.664797113,58781.1598264,18.7218246,0.0508811027,0,zg,10.9666941,41.263932,1.72800004,0.0540000014,20191025159734,695,0xb,0x4,20.2000008,26.2242889,0.0362255201,-0.0721856058,1.68739425e-05,30,1.16700006,1,0.11783387505104348,58781.1598264,0.11783387505104348,18.721824599999998,18.721824599999998
486,695111400012405,102815864,2458782.66360998,58782.1586458,18.8219528,0.0547573492,0,zg,10.9666994,41.2640005,1.49800003,0.0829999968,20191026158553,695,0xb,0x4,20.7999992,26.2241859,0.0361748412,-0.0824653581,1.22941692e-05,30,1.16199994,1,0.10745308285000478,58782.1586458,0.10745308285000478,18.8219528,18.8219528
487,1735101200069234,102824163,2458782.7465955005,58782.2416319,18.6263428,0.0494765826,0,zg,10.9666514,41.2640029,1.375,0.0970000029,20191026241632,1735,0x1,0x2,21.2199993,26.2993889,0.0412948169,-0.0509735756,1.93916912e-05,30,1.01999998,2,0.128665727521231,58782.2416319,0.128665727521231,18.626342799999996,18.626342799999996
488,1735101200069234,102824208,2458782.7470468963,58782.2420833,18.6344528,0.0497159958,0,zg,10.9666354,41.2640207,1.88,0.204999998,20191026242083,1735,0x1,0x2,21.3500004,26.3135414,0.0473395213,-0.0571488589,2.52598729e-05,30,1.01900005,3,0.12770822831220496,58782.2420833,0.12770822831220496,18.6344528,18.6344528
489,695111400012405,102916017,2458783.665129781,58783.1601736,18.7229805,0.0509239584,32768,zg,10.9666631,41.263999,1.528,0.125,20191027160069,695,0xb,0x4,21.1399994,26.2674084,0.0311764013,-0.129320607,8.46689272e-06,30,1.148,1,0.11770849312288109,58783.1601736,0.11770849312288109,18.7229805,18.7229805
490,1735101200069234,102922200,2458783.726957966,58783.2220023,18.5637398,0.0476836972,0,zg,10.9667309,41.2639899,0.796999991,-0.0199999996,20191027222002,1735,0x1,0x2,20.6200008,26.1954956,0.035379529,-0.0453492962,1.53673518e-05,30,1.02699995,2,0.1363025811157966,58783.2220023,0.1363025811157966,18.5637398,18.5637398
491,1735101200069234,102922245,2458783.7274093595,58783.2224537,18.751255,0.0533549152,0,zg,10.9666276,41.2639864,0.683000028,-0.00600000005,20191027222454,1735,0x1,0x2,20.9300003,26.2459602,0.0341275632,-0.0474458598,1.37886545e-05,30,1.02699995,3,0.1146827240075697,58783.2224537,0.1146827240075697,18.751255000000008,18.751255000000008
492,695111400012405,103115987,2458785.6648085616,58785.1598727,18.7219505,0.0508857816,32768,zg,10.9666063,41.2639833,1.33599997,0.136000007,20191029159757,695,0xb,0x4,21.1499996,26.247076,0.0318543054,-0.115881123,8.90730644e-06,30,1.13300002,1,0.11782021204091206,58785.1598727,0.11782021204091206,18.7219505,18.7219505
493,695111400012405,103216680,2458786.6717290455,58786.1668056,18.7296791,0.0511730574,0,zg,10.9666191,41.2639927,1.01999998,0.0500000007,20191030166678,695,0xb,0x4,20.8799992,26.195755,0.0344217755,-0.102781162,1.05927393e-05,30,1.10699999,1,0.11698450991385438,58786.1668056,0.11698450991385438,18.72967909999999,18.72967909999999
494,1735101200069234,103220873,2458786.713661312,58786.2087384,18.7224655,0.0524240844,0,zg,10.9665989,41.263988,0.787999988,-0.0130000003,20191030208715,1735,0x1,0x2,21.0,26.2451077,0.0408927202,-0.056659963,1.92489315e-05,30,1.03100002,2,0.11776433933391807,58786.2087384,0.11776433933391807,18.72246549999999,18.72246549999999
495,1735101200069234,103222420,2458786.729124113,58786.2242014,18.710434,0.0520417579,0,zg,10.9666633,41.2640087,0.418000013,-0.0109999999,20191030224201,1735,0x1,0x2,20.9400005,26.2440166,0.0358555503,-0.0711949766,1.51130998e-05,30,1.02199996,3,0.11907659294796669,58786.2242014,0.11907659294796669,18.710434,18.710434
496,695111400012405,103315915,2458787.6640648744,58787.1591551,18.6593094,0.0486277565,0,zg,10.966657,41.2639801,1.45599997,0.104999997,20191031159028,695,0xb,0x4,20.7900009,26.2329273,0.0344907232,-0.101191469,1.10123192e-05,30,1.12,1,0.12481771850044181,58787.1591551,0.12481771850044181,18.659309400000005,18.659309400000005
497,695111400012405,103416005,2458788.664952456,58788.1600579,18.7066936,0.0503243059,0,zg,10.9666246,41.2639301,1.21000004,-0.0419999994,20191101159942,695,0xb,0x4,20.5,26.2188644,0.0362376384,-0.0826652646,1.36209346e-05,30,1.11000001,1,0.11948752349200303,58788.1600579,0.11948752349200303,18.7066936,18.7066936
498,695111400012405,103516046,2458789.665340909,58789.160463,18.7196465,0.0508004986,0,zg,10.9666791,41.2640066,1.13300002,0.173999995,20191102160324,695,0xb,0x4,20.9400005,26.2210312,0.0309829228,-0.0730604604,8.70912118e-06,30,1.10300004,1,0.11807049935412826,58789.160463,0.11807049935412826,18.719646500000003,18.719646500000003
499,695111400012405,103626988,2458790.774742092,58790.2698843,18.734745,0.0513624027,0,zg,10.9665396,41.2639809,1.21800005,0.00800000038,20191103269861,695,0xb,0x4,20.9099998,26.2389145,0.0343847647,-0.0739059374,1.05454246e-05,30,1.01900005,1,0.11643994724428068,58790.2698843,0.11643994724428068,18.734744999999997,18.734744999999997
500,1735101200069234,103718791,2458791.6927565117,58791.1879167,18.6277714,0.0495186225,0,zg,10.9666302,41.2640097,1.26499999,0.0160000008,20191104187917,1735,0x1,0x2,21.0499992,26.2830486,0.0433414355,-0.0524956696,2.18725054e-05,30,1.03699994,2,0.12849654187399692,58791.1879167,0.12849654187399692,18.627771399999993,18.627771399999993
501,695111400012405,103726019,2458791.765035152,58791.2601968,18.7495346,0.0519201048,0,zg,10.9666504,41.263977,0.975000024,0.064000003,20191104260185,695,0xb,0x4,21.1299992,26.2328453,0.0292159654,-0.0604818836,7.44814679e-06,30,1.01400006,1,0.1148645882171234,58791.2601968,0.1148645882171234,18.749534599999997,18.749534599999997
502,1735101200069234,103726064,2458791.7654864416,58791.2606481,18.6643429,0.0506129302,0,zg,10.9666182,41.2639804,1.25600004,0.0529999994,20191104260648,1735,0x1,0x2,21.2600002,26.2817535,0.037435703,-0.0454671308,1.59406736e-05,30,1.03299999,3,0.1242403997248208,58791.2606481,0.1242403997248208,18.6643429,18.6643429
503,695111400012405,103916994,2458793.674739035,58793.1699421,18.7269707,0.0510721579,0,zg,10.9666507,41.2640344,1.51999998,0.191,20191106169942,695,0xb,0x4,20.7000008,26.2002373,0.0308187269,-0.0472173169,9.60978196e-06,30,1.05999994,1,0.11727669539900104,58793.1699421,0.11727669539900104,18.726970700000003,18.726970700000003
504,1735101200069234,103917174,2458793.6765445955,58793.1717477,18.6087112,0.0489618219,0,zg,10.966628,41.263959,1.01199996,0.115999997,20191106171748,1735,0x1,0x2,20.8099995,26.2128448,0.0406180471,-0.0347002782,1.99832066e-05,30,1.04900002,2,0.1307722271006048,58793.1717477,0.1307722271006048,18.608711199999995,18.608711199999995
505,1735101200069234,103917265,2458793.6774473754,58793.1726505,18.6456108,0.0500481315,0,zg,10.9666406,41.263965,1.67999995,0.115999997,20191106172650,1735,0x1,0x2,20.8700008,26.2409248,0.0424044728,-0.0327641107,2.17842316e-05,30,1.04799998,3,0.12640250478880655,58793.1726505,0.12640250478880655,18.645610800000007,18.645610800000007
506,695111400012405,103920476,2458793.709564642,58793.2047685,18.6623821,0.0487356633,0,zg,10.9666238,41.2639793,0.423999995,0.0160000008,20191106204734,695,0xb,0x4,20.7900009,26.217226,0.0290124621,-0.0498686135,8.23441405e-06,30,1.01800001,1,0.12446497608425669,58793.2047685,0.12446497608425669,18.662382099999995,18.662382099999995
507,1735101200069234,104119293,2458795.697687312,58795.1929398,18.6435566,0.0499867499,0,zg,10.9666278,41.2640162,0.850000024,0.0930000022,20191108192940,1735,0x1,0x2,20.5100002,26.2207603,0.037203487,-0.042144727,1.9665802e-05,30,1.02499998,2,0.12664188320525893,58795.1929398,0.12664188320525893,18.643556600000004,18.643556600000004
508,1735101200069234,104119339,2458795.6981387,58795.1933912,18.6387959,0.0498448834,0,zg,10.9666146,41.2640199,1.09099996,0.158999994,20191108193391,1735,0x1,0x2,20.5400009,26.2479763,0.0365263671,-0.0367003866,1.86858742e-05,30,1.02499998,3,0.1271983975238418,58795.1933912,0.1271983975238418,18.638795899999998,18.638795899999998
509,695111400012405,104119483,2458795.699585465,58795.194838,18.7338696,0.0513296314,0,zg,10.9666333,41.2639833,0.805999994,0.075000003,20191108194815,695,0xb,0x4,20.5499992,26.2341671,0.0300613083,-0.0552049391,9.59970293e-06,30,1.02199996,1,0.11653386751031494,58795.194838,0.11653386751031494,18.7338696,18.7338696
510,695111400012405,104219039,2458796.69511455,58796.1903935,18.7076168,0.0503580905,0,zg,10.9666698,41.2640414,1.09099996,0.0500000007,20191109190347,695,0xb,0x4,20.1900005,26.2470436,0.0380647704,-0.0453081466,1.98620255e-05,30,1.023,1,0.11938596659825731,58796.1903935,0.11938596659825731,18.707616800000004,18.707616800000004
511,695111400012405,104622946,2458800.7340675616,58800.2294676,18.7128391,0.0505495481,0,zg,10.9666292,41.264019,1.11199999,-0.00300000003,20191113229468,695,0xb,0x4,19.9799995,26.1870575,0.0366019532,-0.0161551926,2.32251732e-05,30,1.01100004,1,0.11881310892417522,58800.2294676,0.11881310892417522,18.712839100000004,18.712839100000004
512,695111400012405,104720506,2458801.709636807,58801.2050694,18.6331863,0.04772228,0,zg,10.9666554,41.2639481,0.92900002,0.057,20191114205069,695,0xb,0x4,20.0200005,26.2066383,0.0362240039,-0.0219853725,2.15157143e-05,30,1.00800002,1,0.12785728555336137,58801.2050694,0.12785728555336137,18.6331863,18.6331863
513,695111400012405,104821266,2458802.717194444,58802.212662,18.6817303,0.0494217128,0,zg,10.9666412,41.2639936,1.44599998,0.169,20191115212650,695,0xb,0x4,20.6900005,26.2524662,0.03101933,-0.0483646765,1.01564438e-05,30,1.00800002,1,0.12226661253467677,58802.212662,0.12226661253467677,18.681730300000005,18.681730300000005
514,695111400012405,105220766,2458806.712042642,58806.207662,18.6468086,0.0481918603,0,zg,10.9666504,41.2640162,1.08000004,0.0790000036,20191119207662,695,0xb,0x4,20.9200001,26.2103882,0.035089191,-0.065048933,1.10988776e-05,30,1.00899994,1,0.12626313259672164,58806.207662,0.12626313259672164,18.646808600000007,18.646808600000007
515,695111400012405,105719344,2458811.6976114637,58811.1934491,18.5687122,0.0455746725,0,zg,10.9666134,41.2640763,1.81500006,0.00999999978,20191124193067,695,0xb,0x4,20.0900002,26.0089111,0.0391603708,-0.0682890192,2.05833639e-05,30,1.00899994,1,0.1356797766509341,58811.1934491,0.1356797766509341,18.5687122,18.5687122
516,695111400012405,106011346,2458814.617480766,58814.1134606,18.5796146,0.0459293015,32768,zg,10.9664007,41.2640452,1.02999997,-0.0410000011,20191127113461,695,0xb,0x4,19.0200005,25.0859547,0.0433184467,-0.0593720526,7.30593965e-05,30,1.05900002,1,0.1343241682345546,58814.1134606,0.1343241682345546,18.579614600000006,18.579614600000006
517,695111400012405,106615903,2458820.6627334687,58820.1590394,18.6317596,0.0476734154,32768,zg,10.9666631,41.2639877,0.764999986,0.0900000036,20191203159039,695,0xb,0x4,20.2000008,25.6900406,0.0345223807,-0.0288027059,1.74217312e-05,30,1.00800002,1,0.12802540548026664,58820.1590394,0.12802540548026664,18.631759600000002,18.631759600000002
518,695111400012405,107411972,2458828.6229271027,58828.1197222,18.6775494,0.0492724776,0,zg,10.9666073,41.264012,0.518999994,-0.0520000011,20191211119711,695,0xb,0x4,19.6900005,26.0424538,0.0406172164,-0.0428680032,3.78529658e-05,30,1.01199996,1,0.12273833850713559,58828.1197222,0.12273833850713559,18.677549399999997,18.677549399999997
519,695111400012405,107617689,2458830.679966586,58830.1768981,18.5683002,0.0455613211,0,zg,10.9666488,41.2640023,0.158999994,0.00200000009,20191213176875,695,0xb,0x4,20.2099991,26.3743668,0.0353626385,-0.0171029344,1.61338012e-05,30,1.03400004,1,0.1357312722860285,58830.1768981,0.1357312722860285,18.568300200000003,18.568300200000003
520,695111400012405,107712011,2458831.623120368,58831.1201157,18.6941681,0.0498689637,0,zg,10.9665818,41.2640246,0.43599999,0.0289999992,20191214120093,695,0xb,0x4,20.1100006,26.3790836,0.0340344831,-0.025692543,1.54011414e-05,30,1.00899994,1,0.12087396266193164,58831.1201157,0.12087396266193164,18.694168100000006,18.694168100000006
521,695111400012405,108113753,2458835.6402590354,58835.1375347,18.6103153,0.0469464138,0,zg,10.9670976,41.2640389,0.600000024,0.458000004,20191218137512,695,0xb,0x4,19.0200005,26.0236435,0.0465948731,-0.0408352949,8.39977365e-05,30,1.01300001,1,0.13057916285234245,58835.1375347,0.13057916285234245,18.610315300000003,18.610315300000003
522,695111400012405,108314137,2458837.6439568647,58837.1413773,18.6828728,0.0494626164,0,zg,10.966596,41.2639871,0.839999974,0.0890000015,20191220141366,695,0xb,0x4,21.1100006,26.376482,0.0306673832,-0.0657433271,8.28066277e-06,30,1.01900005,1,0.1221380213229289,58837.1413773,0.1221380213229289,18.682872800000005,18.682872800000005
523,695111400012405,108413461,2458838.6371247973,58838.1346181,18.6001282,0.0466058664,0,zg,10.9666868,41.2639972,0.704999983,-0.0199999996,20191221134595,695,0xb,0x4,19.9599991,25.9212551,0.0385393836,-0.0359597392,2.28343342e-05,30,1.01600003,1,0.1318101092520083,58838.1346181,0.1318101092520083,18.600128199999993,18.600128199999993
524,695111400012405,109508611,2458849.5877716034,58849.0861111,18.6683979,0.0489477068,0,zg,10.9666481,41.2640082,1.10000002,0.0719999969,20200101085972,695,0xb,0x4,21.3400002,26.3905754,0.0287360344,-0.0793538913,7.2769185e-06,30,1.00800002,1,0.12377725296402523,58849.0861111,0.12377725296402523,18.668397899999995,18.668397899999995
525,695111400012405,109508903,2458849.590699669,58849.0890394,18.6531219,0.0484114103,0,zg,10.9666517,41.2640309,1.77600002,0.211999997,20200101089005,695,0xb,0x4,21.1599998,26.3674545,0.02860827,-0.0550723225,7.1351219e-06,30,1.00899994,1,0.12553107269567254,58849.0890394,0.12553107269567254,18.653121899999995,18.653121899999995
526,695111400012405,109713313,2458851.634631815,58851.1331366,18.570509,0.045632869,32768,zg,10.9666508,41.2639873,1.00100005,-0.00499999989,20200103133113,695,0xb,0x4,19.7999992,25.8385048,0.0389591381,-0.043662589,2.99320291e-05,30,1.05299997,1,0.13545542398810972,58851.1331366,0.13545542398810972,18.57050900000001,18.57050900000001
527,695111400012405,109810961,2458852.611033872,58852.1096181,18.5901814,0.0462762751,32768,zg,10.9666914,41.2639766,0.714999974,-0.101999998,20200104109595,695,0xb,0x4,20.1200008,25.85112,0.0391907543,-0.0262022819,2.60408087e-05,30,1.02699995,1,0.13302321501103445,58852.1096181,0.13302321501103445,18.5901814,18.5901814
528,695111400012405,110115616,2458855.6573346457,58855.156169,18.5761185,0.0458152033,0,zg,10.966711,41.2639738,0.948000014,0.0439999998,20200107156157,695,0xb,0x4,19.9899998,26.3672123,0.0375133008,-0.044221092,2.16850003e-05,30,1.12699997,1,0.1347573928192369,58855.156169,0.1347573928192369,18.5761185,18.5761185
529,695111400012405,110509724,2458859.598083455,58859.0972454,18.6697521,0.0489956029,0,zg,10.9666271,41.2640198,0.625,0.0759999976,20200111097234,695,0xb,0x4,20.2299995,26.3709965,0.0340105593,-0.0410999618,1.51246877e-05,30,1.03400004,1,0.12362296625424836,58859.0972454,0.12362296625424836,18.669752100000004,18.669752100000004
530,695111400012405,110811288,2458862.6134670284,58862.1128819,18.6269989,0.0475108102,0,zg,10.9666447,41.2639833,1.76600003,0.188999996,20200114112847,695,0xb,0x4,21.5400009,26.3814125,0.0290706065,-0.0919956118,7.25307382e-06,30,1.07000005,1,0.12858799954069136,58862.1128819,0.12858799954069136,18.626998899999997,18.626998899999997
531,695111400012405,111010895,2458864.609375312,58864.1089583,18.6698933,0.0490006246,0,zg,10.9666301,41.2639804,2.36100006,0.126000002,20200116108935,695,0xb,0x4,21.3600006,26.3644257,0.0282764565,-0.0707624257,6.96193729e-06,30,1.07299995,1,0.12360689013211196,58864.1089583,0.12360689013211196,18.669893300000005,18.669893300000005
532,695111400012405,111314063,2458867.640797696,58867.1406366,18.619772,0.0472653173,32768,zg,10.9666557,41.2640484,1.15900004,0.133000001,20200119140625,695,0xb,0x4,19.75,25.5171585,0.0991944,-0.0195370093,0.00019729248,30,1.18099999,1,0.12944676456277812,58867.1406366,0.12944676456277812,18.619772000000005,18.619772000000005
533,695111400012405,111716310,2458871.662923516,58871.1631019,18.6582985,0.0485923253,0,zg,10.9666,41.2639584,1.11600006,0.0599999987,20200123163102,695,0xb,0x4,20.1800003,26.3080921,0.0342563242,-0.0553556718,1.52500434e-05,30,1.33099997,1,0.12493398706540898,58871.1631019,0.12493398706540898,18.658298499999994,18.658298499999994
534,695111400012405,112016028,2458874.659859118,58874.1602894,18.6483498,0.0482453518,32768,zg,10.9666406,41.2640131,0.967000008,0.100000001,20200126160278,695,0xb,0x4,20.5,25.6550922,0.0422481447,-0.0621858537,2.19042868e-05,30,1.36199999,1,0.12608402952396439,58874.1602894,0.12608402952396439,18.6483498,18.6483498
535,695111400012405,112317980,2458877.6791208424,58877.1798032,18.6312294,0.0476552621,0,zg,10.9666311,41.2640082,0.470999986,-0.00999999978,20200129179803,695,0xb,0x4,20.4799995,26.2319851,0.0336656719,-0.0543121397,1.19844626e-05,30,1.56200004,1,0.12808793968162777,58877.1798032,0.12808793968162777,18.631229400000002,18.631229400000002
536,695111400012405,112611276,2458880.611841417,58880.1127662,18.7367821,0.0514387935,0,zg,10.9666251,41.2640075,1.005,0.0949999988,20200201112766,695,0xb,0x4,20.75,26.3238163,0.0305402391,-0.045116093,8.90203592e-06,30,1.21000004,1,0.11622168296158661,58880.1127662,0.11622168296158661,18.736782099999992,18.736782099999992
537,695111400012405,112811645,2458882.61536954,58882.1164583,18.6547241,0.0484673269,0,zg,10.9666347,41.2640165,1.16700006,-0.0590000004,20200203116458,695,0xb,0x4,20.4200001,26.3264465,0.0323039144,-0.052129738,1.17321024e-05,30,1.24800003,1,0.12534596552326188,58882.1164583,0.12534596552326188,18.654724100000003,18.654724100000003
538,695111400012405,113010949,2458884.608240423,58884.1094907,18.6142807,0.0470798276,0,zg,10.9665754,41.2641093,1.26900005,1.61300004,20200205109491,695,0xb,0x4,18.9300003,26.3255081,0.0411772206,-0.0395918824,7.99086265e-05,30,1.24199998,1,0.13010312254856538,58884.1094907,0.13010312254856538,18.614280700000002,18.614280700000002
539,695111400012405,113317788,2458887.6763864025,58887.1778819,18.7224979,0.050906051,0,zg,10.9666111,41.2640333,0.675000012,0.0970000029,20200208177882,695,0xb,0x4,19.7399998,26.2239475,0.0379540063,-0.022287,2.84861017e-05,30,1.83000004,1,0.11776082512148964,58887.1778819,0.11776082512148964,18.7224979,18.7224979
540,695111400012405,113715856,2458891.6567585734,58891.1585648,18.7336922,0.0513229817,0,zg,10.9666647,41.2639796,0.486999989,0.0109999999,20200212158565,695,0xb,0x4,20.1100006,26.2219372,0.0358739607,-0.044185292,1.64725479e-05,30,1.73000002,1,0.11655290970214915,58891.1585648,0.11655290970214915,18.7336922,18.7336922
541,695111400012405,113910665,2458893.605221068,58893.1066551,18.6647186,0.0488178954,0,zg,10.9666188,41.264031,1.52400005,0.129999995,20200214106644,695,0xb,0x4,21.2700005,27.7913284,0.0211246982,-0.0371523499,3.88984063e-06,120,1.352,2,0.1241974159475415,58893.1066551,0.1241974159475415,18.664718600000008,18.664718600000008
542,1735101200069234,113911421,2458893.612778388,58893.114213,18.5435638,0.0471262261,0,zg,10.9666363,41.2639929,0.907000005,0.0469999984,20200214114190,1735,0x1,0x2,21.6499996,27.9592819,0.0583600812,-0.0407667942,3.83216066e-05,120,1.46300006,2,0.1388591428132469,58893.114213,0.1388591428132469,18.54356380000001,18.54356380000001
543,695111400012405,114010271,2458894.6022524526,58894.1027199,18.6936035,0.0498485379,0,zg,10.9666697,41.2640098,2.25900006,0.129999995,20200215102303,695,0xb,0x4,21.5699997,28.8373222,0.0177197792,-0.0471940078,2.71531189e-06,300,1.34399998,2,0.12093683538041576,58894.1027199,0.12093683538041576,18.693603500000002,18.693603500000002
544,695111400012405,114015876,2458894.6567273964,58894.1587616,18.7908173,0.0535154715,0,zg,10.9666269,41.2640049,0.991999984,-0.0289999992,20200215158750,695,0xb,0x4,20.7600002,26.183094,0.0293046162,-0.0351154245,8.44092392e-06,30,1.83000004,1,0.11057910740753026,58894.1587616,0.11057910740753026,18.790817300000008,18.790817300000008
545,695111400012405,114614334,2458900.6408746187,58900.1433449,18.9461079,0.0600572489,32768,zg,10.9666713,41.2639584,0.717999995,-0.375999987,20200221143345,695,0xb,0x4,19.2299995,25.2621098,0.170790792,-0.0169595797,0.00102888362,30,1.84300005,1,0.09584221453694582,58900.1433449,0.09584221453694582,18.94610790000001,18.94610790000001
546,695111400012405,115113497,2458905.6321648294,58905.1349769,18.567522,0.0455361791,0,zg,10.9663671,41.2638975,1.33299994,0.0649999976,20200226134977,695,0xb,0x4,19.1700001,26.1489754,0.0409907177,-0.0257024691,5.78436047e-05,30,1.91400003,1,0.13582859237018127,58905.1349769,0.13582859237018127,18.567522000000004,18.567522000000004
547,695111400012405,126439166,2459018.8893314144,59018.3916667,18.6824093,0.0494460166,0,zg,10.9666326,41.2640122,0.691999972,0.0160000008,20200618391655,695,0xb,0x4,20.6399994,26.1691856,0.0357537828,-0.0609871298,1.18617154e-05,30,2.17400002,1,0.12219017308681714,59018.3916667,0.12219017308681714,18.682409299999996,18.682409299999996
548,695111400012405,127038526,2459024.883363115,59024.3852662,18.6734543,0.0491268411,0,zg,10.9665971,41.2639901,1.32799995,0.063000001,20200624385266,695,0xb,0x4,20.5100002,25.8369541,0.0373760946,-0.0427564569,1.45652057e-05,30,2.00500011,1,0.12320214808088083,59024.3852662,0.12320214808088083,18.673454299999996,18.673454299999996
549,695111400012405,127336878,2459027.86710485,59027.3687847,18.6428223,0.0480538569,0,zg,10.9667056,41.2640097,1.597,0.063000001,20200627368785,695,0xb,0x4,19.6399994,26.0091438,0.0345139168,-0.0325842686,2.17047073e-05,30,2.14400005,1,0.1267275620173503,59027.3687847,0.1267275620173503,18.6428223,18.6428223
550,695111400012405,127636010,2459030.8586527924,59030.3601042,18.4857159,0.0429845005,0,zg,10.9667236,41.2639569,0.976000011,-0.0540000014,20200630360104,695,0xb,0x4,19.4699993,26.0930538,0.0349852107,-0.0254421178,2.86815284e-05,30,2.15199995,1,0.1464581823731029,59030.3601042,0.1464581823731029,18.485715899999995,18.485715899999995
551,695111400012405,127945142,2459033.9502125825,59033.4514236,18.6777725,0.0492804237,0,zg,10.9666424,41.2640099,1.13399994,0.0799999982,20200703451412,695,0xb,0x4,20.2600002,26.376152,0.0301864278,-0.0526789762,1.0861093e-05,30,1.23399997,1,0.12271312049374007,59033.4514236,0.12271312049374007,18.677772499999996,18.677772499999996
552,695111400012405,128247234,2459036.971376892,59036.4723495,18.6810951,0.0493990444,0,zg,10.9665962,41.2639859,1.00100005,0.0149999997,20200706472350,695,0xb,0x4,19.8999996,26.3945599,0.0306428652,-0.0462201051,1.48027493e-05,30,1.13199997,1,0.12233816442233203,59036.4723495,0.12233816442233203,18.6810951,18.6810951
553,695111400012405,128536223,2459039.861491924,59039.3622338,18.7189255,0.0507738441,0,zg,10.9666846,41.263889,0.551999986,0.0390000008,20200709362234,695,0xb,0x4,19.4899998,26.2967052,0.0357778184,-0.0538990423,2.71716217e-05,30,1.76199996,1,0.11814893194344399,59039.3622338,0.11814893194344399,18.718925500000005,18.718925500000005
554,695111400012405,128648803,2459040.987381151,59040.4880324,18.8487263,0.0558524653,0,zg,10.9666183,41.2639747,1.52900004,0.114,20200710487986,695,0xb,0x4,20.4200001,26.4060307,0.03350785,-0.0487222783,1.31968063e-05,30,1.06900001,1,0.1048357677413801,59040.4880324,0.1048357677413801,18.848726300000003,18.848726300000003
555,695111400012405,128836616,2459042.8656693664,59042.366169,18.7374325,0.0514632277,0,zg,10.9666235,41.2639976,1.03100002,0.0219999999,20200712366169,695,0xb,0x4,20.5799999,26.1663208,0.0336199999,-0.028599862,1.13911428e-05,30,1.63300002,1,0.11615208231100711,59042.366169,0.11615208231100711,18.737432500000004,18.737432500000004
556,695111400012405,128936503,2459043.864616039,59043.3650347,18.7755508,0.0529187992,0,zg,10.9666058,41.2639655,0.643000007,0.0390000008,20200713365035,695,0xb,0x4,20.8199997,26.2226486,0.0290258769,-0.0405311659,7.69175404e-06,30,1.61800003,1,0.11214493924718041,59043.3650347,0.11214493924718041,18.775550799999998,18.775550799999998
557,695111400012405,129036304,2459044.862706404,59044.363044,18.6658745,0.04885865,0,zg,10.966682,41.2640345,1.42400002,0.0489999987,20200714363044,695,0xb,0x4,20.7299995,26.3042583,0.0303148422,-0.0503671616,8.14213217e-06,30,1.61099994,1,0.12406526285084239,59044.363044,0.12406526285084239,18.665874499999994,18.665874499999994
558,695111400012405,129246842,2459046.9682598785,59046.4684259,18.6054649,0.0467838682,0,zg,10.9666148,41.2639754,1.79100001,0.0700000003,20200716468368,695,0xb,0x4,21.4200001,26.4294624,0.0279742554,-0.092683211,6.63522223e-06,30,1.07500005,1,0.1311638150094796,59046.4684259,0.1311638150094796,18.60546490000001,18.60546490000001
559,695111400012405,129248226,2459046.9821036095,59046.4822685,18.6347046,0.0477743112,0,zg,10.9666431,41.2639987,2.11599994,0.0810000002,20200716482211,695,0xb,0x4,21.2299995,26.4189034,0.0251078755,-0.0677597597,5.34958599e-06,30,1.051,1,0.12767861411754466,59046.4822685,0.12767861411754466,18.6347046,18.6347046
560,695111400012405,129345093,2459047.950851668,59047.4509375,18.6500282,0.0483036824,0,zg,10.9666337,41.2639816,1.83800006,0.115000002,20200717450938,695,0xb,0x4,21.7000008,26.4334087,0.0272246916,-0.0956487134,6.12315625e-06,30,1.10800004,1,0.12588927139478406,59047.4509375,0.12588927139478406,18.6500282,18.6500282
561,695111400012405,129445439,2459048.954394256,59048.4543981,18.6099052,0.0469326451,0,zg,10.9666388,41.2639876,1.68299997,0.200000003,20200718454398,695,0xb,0x4,21.5699997,26.4290371,0.026573807,-0.0848440453,5.91369371e-06,30,1.09399998,1,0.13062849401507648,59048.4543981,0.13062849401507648,18.609905200000007,18.609905200000007
562,695111400012405,129447957,2459048.979570024,59048.4795718,18.6158047,0.0471312068,0,zg,10.9666318,41.2639985,2.00600004,0.0850000009,20200718479572,695,0xb,0x4,21.4099998,26.4309616,0.02413119,-0.0759850144,4.88199521e-06,30,1.04700005,1,0.129920630644423,59048.4795718,0.129920630644423,18.615804700000005,18.615804700000005
563,695111400012405,129545118,2459049.951258252,59049.4511806,18.5999565,0.0466001593,0,zg,10.9666141,41.2639866,1.27199996,0.114,20200719451181,695,0xb,0x4,21.6599998,26.4309826,0.0285709128,-0.0887438282,6.87503143e-06,30,1.09500003,1,0.13183095555451413,59049.4511806,0.13183095555451413,18.599956499999998,18.599956499999998
564,695111400012405,129643202,2459050.9321833635,59050.4320255,18.6020679,0.0466704741,0,zg,10.9666221,41.2639728,2.65400004,0.141000003,20200720432025,695,0xb,0x4,21.6399994,26.4121609,0.0262792036,-0.0903254896,5.75246304e-06,30,1.13800001,1,0.1315748367973668,59050.4320255,0.1315748367973668,18.6020679,18.6020679
565,695111400012405,129745113,2459051.951375527,59051.4511343,18.5919304,0.0463340096,0,zg,10.9666334,41.2639889,1.94500005,0.150999993,20200721451134,695,0xb,0x4,21.5200005,26.3938541,0.0305689014,-0.0956210345,7.87647878e-06,30,1.08299994,1,0.13280910194205323,59051.4511343,0.13280910194205323,18.591930400000003,18.591930400000003
566,695111400012405,129847846,2459052.9787858403,59052.4784606,18.6808968,0.0493919253,0,zg,10.9666471,41.2640134,2.05699992,0.223000005,20200722478021,695,0xb,0x4,21.7299995,26.4294319,0.0280654058,-0.0836223364,6.54083033e-06,30,1.03400004,1,0.12236051043367403,59052.4784606,0.12236051043367403,18.680896799999992,18.680896799999992
567,695111400012405,129942501,2459053.925414181,59053.4250116,18.5374641,0.0445770286,0,zg,10.9666185,41.2639915,1.62899995,0.187999994,20200723425012,695,0xb,0x4,21.8099995,26.4260826,0.0299045593,-0.0908620358,7.52084088e-06,30,1.13399994,1,0.13964145329093897,59053.4250116,0.13964145329093897,18.5374641,18.5374641
568,695111400012405,130047165,2459054.972143165,59054.4716551,18.6345253,0.0477681756,0,zg,10.9666278,41.2639944,1.80999994,0.163000003,20200724471655,695,0xb,0x4,21.7800007,26.4385433,0.0312703252,-0.0854434073,8.22808852e-06,30,1.03499997,1,0.12769970088409693,59054.4716551,0.12769970088409693,18.6345253,18.6345253
569,695111400012405,130048545,2459054.9859405905,59054.4854514,18.6531277,0.0484116226,0,zg,10.9666811,41.2639919,1.41799998,0.108000003,20200724485440,695,0xb,0x4,21.3299999,26.4241886,0.0253718253,-0.0816360638,5.44870727e-06,30,1.02100003,1,0.12553040211079772,59054.4854514,0.12553040211079772,18.65312769999999,18.65312769999999
570,695111400012405,130143010,2459055.9306704192,59055.4301042,18.660078,0.0486547276,0,zg,10.966671,41.2640118,2.18300009,0.209000006,20200725430104,695,0xb,0x4,21.6399994,26.3912964,0.0280391481,-0.0977102742,6.64014124e-06,30,1.10599995,1,0.12472939046132164,59055.4301042,0.12472939046132164,18.66007799999999,18.66007799999999
571,695111400012405,130245375,2459056.9543996044,59056.45375,18.6824341,0.0494469181,0,zg,10.9666253,41.2639869,2.16799998,0.218999997,20200726453750,695,0xb,0x4,21.7600002,26.3907433,0.0258524064,-0.0802615359,5.60171475e-06,30,1.05299997,1,0.12218738209424373,59056.45375,0.12218738209424373,18.682434100000002,18.682434100000002
572,695111400012405,130342995,2459057.930682661,59057.4299537,18.6737709,0.0491381027,0,zg,10.9666477,41.264001,1.61399996,0.0879999995,20200727429954,695,0xb,0x4,21.6299992,26.4161396,0.0279294457,-0.0913248286,6.47770412e-06,30,1.09300005,1,0.12316622764879875,59057.4299537,0.12316622764879875,18.6737709,18.6737709
573,695111400012405,130543175,2459059.9326505023,59059.4317593,18.6599216,0.0486492477,0,zg,10.9666175,41.263988,1.88100004,0.185000002,20200729431748,695,0xb,0x4,21.5900002,26.4002171,0.0272833575,-0.0760055259,6.2773388e-06,30,1.07799995,1,0.12474735898966934,59059.4317593,0.12474735898966934,18.659921599999997,18.659921599999997
574,695111400012405,130647210,2459060.973081709,59060.4721065,18.6052513,0.0467767343,0,zg,10.9666182,41.2639871,1.773,0.252000004,20200730472106,695,0xb,0x4,21.8299999,26.4162426,0.0286556073,-0.0827876553,6.99655993e-06,30,1.01900005,1,0.13118962178172971,59060.4721065,0.13118962178172971,18.6052513,18.6052513
575,695111400012405,130648326,2459060.984240009,59060.4832639,18.6387539,0.0479135029,0,zg,10.9666386,41.2639732,2.96300006,0.25999999,20200730483264,695,0xb,0x4,21.7099991,26.4149208,0.0267688707,-0.0821729228,6.00422709e-06,30,1.01199996,1,0.12720331808926363,59060.4832639,0.12720331808926363,18.638753900000005,18.638753900000005
576,695111400012405,130747195,2459061.973011695,59061.471956,18.6381111,0.0478913859,0,zg,10.9666491,41.2639955,2.6400001,0.224000007,20200731471956,695,0xb,0x4,21.5499992,26.399065,0.0263165515,-0.0721203163,5.87541672e-06,30,1.01699996,1,0.12727864992564694,59061.471956,0.12727864992564694,18.638111099999996,18.638111099999996
577,695111400012405,130845041,2459062.951550914,59062.4504167,18.6507053,0.0483272374,0,zg,10.9666361,41.263978,1.07299995,0.104000002,20200801450417,695,0xb,0x4,21.1700001,26.3830318,0.0257032942,-0.06519752,5.60512171e-06,30,1.03499997,1,0.1258107872733875,59062.4504167,0.1258107872733875,18.65070529999999,18.65070529999999
578,695111400012405,130947378,2459063.9750007624,59063.4737847,18.6226273,0.047362119,0,zg,10.9666298,41.2639859,0.906000018,0.064000003,20200802473773,695,0xb,0x4,20.5699997,26.3984566,0.0314559154,-0.0415030494,9.82683014e-06,30,1.01300001,1,0.12910678900849593,59063.4737847,0.12910678900849593,18.622627299999998,18.622627299999998
579,695111400012405,131049241,2459064.9937162194,59064.492419,18.7023163,0.050164599,0,zg,10.966651,41.2639844,0.828999996,0.0480000004,20200803492419,695,0xb,0x4,20.4200001,26.3917446,0.0328473933,-0.044993069,1.28439333e-05,30,1.00800002,1,0.11997022683474122,59064.492419,0.11997022683474122,18.7023163,18.7023163
580,695111400012405,131147187,2459065.9732499397,59065.471875,18.7135735,0.0505765416,0,zg,10.9667282,41.2640064,0.50999999,0.0350000001,20200804471875,695,0xb,0x4,20.1000004,26.361084,0.0341615565,-0.0456827246,1.69117393e-05,30,1.01100004,1,0.11873277003242105,59065.471875,0.11873277003242105,18.713573500000003,18.713573500000003
581,695111400012405,131236989,2459066.8713416858,59066.3698958,18.655489,0.0484940596,0,zg,10.966649,41.2640297,0.657000005,0.0829999968,20200805369884,695,0xb,0x4,20.3299999,26.3499165,0.0323764086,-0.0462223254,1.32062487e-05,30,1.20000005,1,0.1252576905225111,59066.3698958,0.1252576905225111,18.655488999999996,18.655488999999996
582,695111400012405,131243605,2459066.9375043344,59066.4360532,18.7209663,0.0508493185,0,zg,10.9666794,41.2639971,0.282000005,0.0189999994,20200805436053,695,0xb,0x4,20.3899994,26.3805637,0.0336928852,-0.0462292843,1.3610992e-05,30,1.03900003,1,0.11792706232854486,59066.4360532,0.11792706232854486,18.720966300000008,18.720966300000008
583,695111400012405,131340203,2459067.903564132,59067.402037,18.5863075,0.0461486802,0,zg,10.9666329,41.2640026,1.04999995,0.0209999997,20200806402025,695,0xb,0x4,20.4300003,26.4172001,0.0330504887,-0.0668161958,1.23450154e-05,30,1.09500003,1,0.1334986887509367,59067.402037,0.1334986887509367,18.586307499999997,18.586307499999997
584,695111400012405,131341585,2459067.9173847246,59067.4158565,18.7134666,0.0505726412,0,zg,10.9666242,41.263959,0.920000017,0.140000001,20200806415845,695,0xb,0x4,20.5300007,26.4200935,0.0300818887,-0.0547089875,9.67735468e-06,30,1.06599998,1,0.118744460862962,59067.4158565,0.118744460862962,18.713466599999997,18.713466599999997
585,695111400012405,131450072,2459069.002342363,59068.5007292,18.6612835,0.0486970432,0,zg,10.9666632,41.2640053,0.446999997,0.0450000018,20200807500683,695,0xb,0x4,20.3600006,26.421339,0.0349086486,-0.0465173572,1.48502531e-05,30,1.01400006,1,0.12459097945791843,59068.5007292,0.12459097945791843,18.661283500000003,18.661283500000003
586,695111400012405,131746928,2459071.9711254663,59071.4692824,18.7022247,0.0501612574,0,zg,10.9666282,41.2639805,1.17999995,-0.00700000022,20200810469236,695,0xb,0x4,21.0499992,26.4068508,0.0269164704,-0.0385352075,6.4587457e-06,30,1.00800002,1,0.11998034875598579,59071.4692824,0.11998034875598579,18.702224699999995,18.702224699999995
587,695111400012405,131842082,2459072.9227377046,59072.4208218,18.7629662,0.0524328612,0,zg,10.9666448,41.2639957,1.528,0.0970000029,20200811420810,695,0xb,0x4,20.9699993,26.3737869,0.0268959738,-0.0563698411,6.45268392e-06,30,1.03699994,1,0.11345235624582319,59072.4208218,0.11345235624582319,18.7629662,18.7629662
588,695111400012405,131938196,2459073.8839566247,59073.3819676,18.7117004,0.050507728,0,zg,10.9666398,41.2639966,0.757000029,0.0820000023,20200812381968,695,0xb,0x4,21.1499996,26.3754272,0.024946861,-0.0516714975,5.26444319e-06,30,1.10300004,1,0.11893778327644731,59073.3819676,0.11893778327644731,18.711700400000005,18.711700400000005
589,695111400012405,131938436,2459073.886352608,59073.3843634,18.6835613,0.0494872481,0,zg,10.9666508,41.2639846,2.46199989,0.233999997,20200812384352,695,0xb,0x4,21.2000008,26.3841267,0.0249777678,-0.061424192,5.23807603e-06,30,1.09800005,1,0.12206059425526171,59073.3843634,0.12206059425526171,18.6835613,18.6835613
590,695111400012405,132139769,2459075.8998376555,59075.3976968,18.6428986,0.0480564944,0,zg,10.9666439,41.264001,1.70700002,0.237000003,20200814397697,695,0xb,0x4,21.4899998,26.3231297,0.0259677563,-0.0653483048,5.688893e-06,30,1.05999994,1,0.12671865656389542,59075.3976968,0.12671865656389542,18.642898600000002,18.642898600000002
591,695111400012405,132245077,2459076.9529947964,59076.4507755,18.6718826,0.0490710996,0,zg,10.9666609,41.2639886,1.85000002,0.119000003,20200815450729,695,0xb,0x4,21.3199997,26.3323669,0.0283281896,-0.0708446056,6.69184965e-06,30,1.00800002,1,0.12338062332765176,59076.4507755,0.12338062332765176,18.671882599999996,18.671882599999996
592,695111400012405,132249935,2459077.001574795,59076.4993519,18.6684017,0.0489478819,0,zg,10.9666249,41.2639873,1.75600004,0.141000003,20200815499352,695,0xb,0x4,21.2199993,26.2868748,0.0249227658,-0.0468631871,5.27523798e-06,30,1.03100002,1,0.12377681975314349,59076.4993519,0.12377681975314349,18.668401699999997,18.668401699999997
593,695111400012405,132339003,2459077.892323396,59077.3900347,18.6610985,0.04869055,0,zg,10.966652,41.2640067,1.96399999,0.175999999,20200816390023,695,0xb,0x4,21.6200008,26.3455086,0.0277750455,-0.0762110204,6.54022915e-06,30,1.06299996,1,0.1246122104852282,59077.3900347,0.1246122104852282,18.6610985,18.6610985
594,695111400012405,132440055,2459078.902918389,59078.4005556,18.6244869,0.0474253073,0,zg,10.9665989,41.2639991,1.73099995,0.175999999,20200817400556,695,0xb,0x4,21.4899998,26.2636337,0.0276491605,-0.0670481846,6.55120994e-06,30,1.04200006,1,0.12888584998477756,59078.4005556,0.12888584998477756,18.6244869,18.6244869
595,695111400012405,132546855,2459079.9709935985,59079.4685532,18.6218109,0.0473344103,0,zg,10.9666431,41.2640012,1.43400002,0.209000006,20200818468484,695,0xb,0x4,21.6200008,26.2660236,0.028061837,-0.0742170215,6.4831097e-06,30,1.01300001,1,0.12920390506660412,59079.4685532,0.12920390506660412,18.621810900000007,18.621810900000007
596,695111400012405,132641071,2459080.913225845,59080.4107176,18.6095695,0.0469213985,0,zg,10.966651,41.2639871,1.72599995,0.177000001,20200819410706,695,0xb,0x4,21.3899994,26.0736828,0.0295915268,-0.0752964765,7.47895092e-06,30,1.02400005,1,0.13066888943089783,59080.4107176,0.13066888943089783,18.6095695,18.6095695
597,695111400012405,132834280,2459082.845446376,59082.3428009,18.6706772,0.0490283482,32768,zg,10.9665995,41.2639855,1.73800004,0.226999998,20200821342801,695,0xb,0x4,20.7399998,25.3681793,0.0441023856,-0.0565621108,2.03095042e-05,30,1.14300001,1,0.12351767834201065,59082.3428009,0.12351767834201065,18.670677199999993,18.670677199999993
598,695111400012405,132842668,2459082.9293412003,59082.4266898,18.677227,0.0492610149,0,zg,10.9666463,41.2639924,1.92400002,0.136000007,20200821426690,695,0xb,0x4,21.4599991,26.1657124,0.0298900735,-0.0744117945,7.41901931e-06,30,1.01100004,1,0.12277479000967652,59082.4266898,0.12277479000967652,18.677226999999995,18.677226999999995
599,695111400012405,133035078,2459084.8535723,59084.350787,18.646862,0.0481937192,0,zg,10.9666562,41.2639858,1.14999998,0.0719999969,20200823350775,695,0xb,0x4,21.3500004,26.2462769,0.0302868783,-0.0941807628,7.68945483e-06,30,1.10599995,1,0.12625692272231268,59084.350787,0.12625692272231268,18.64686199999999,18.64686199999999
600,695111400012405,133136153,2459085.8643939435,59085.3615394,18.6485233,0.0482513532,0,zg,10.966638,41.2639956,1.94200003,0.167999998,20200824361481,695,0xb,0x4,21.7600002,26.3558483,0.0291492473,-0.0922726318,7.1490249e-06,30,1.07599998,1,0.12606388298075463,59085.3615394,0.12606388298075463,18.6485233,18.6485233
601,695111400012405,133138194,2459085.8848003424,59085.3819444,18.6536217,0.0484288372,0,zg,10.9666304,41.263975,1.85000002,0.125,20200824381944,695,0xb,0x4,21.75,26.3459587,0.0281185359,-0.0808832571,6.72105398e-06,30,1.04200006,1,0.12547329992238312,59085.3819444,0.12547329992238312,18.653621699999995,18.653621699999995
602,695111400012405,133247201,2459086.974943608,59086.4720139,18.7052441,0.0502713509,0,zg,10.9666228,41.2639822,2.59299994,0.169,20200825472002,695,0xb,0x4,21.5900002,26.2608528,0.026716115,-0.0756236911,5.99488294e-06,30,1.03100002,1,0.11964715050681429,59086.4720139,0.11964715050681429,18.70524410000001,18.70524410000001
603,695111400012405,133340229,2459087.9068461144,59087.4022917,18.6944389,0.0498787463,0,zg,10.9666542,41.2639895,2.23399997,0.142000005,20200826402245,695,0xb,0x4,22.6399994,28.8825951,0.0452353172,-0.0550112724,1.72389391e-05,300,1.01600003,2,0.12084381851894509,59087.4022917,0.12084381851894509,18.6944389,18.6944389
604,695111400012405,133346564,2459087.96864422,59087.4656481,18.739378,0.0515363477,0,zg,10.9666727,41.2640089,1.43900001,0.163000003,20200826465625,695,0xb,0x4,21.2999992,26.1747818,0.0286814868,-0.0724549517,7.00049623e-06,30,1.02699995,1,0.11594413903904238,59087.4656481,0.11594413903904238,18.739377999999995,18.739377999999995
605,695111400012405,133433304,2459088.8360974244,59088.333044,18.7176342,0.0507261679,0,zg,10.9666321,41.2639764,0.973999977,0.0960000008,20200827333044,695,0xb,0x4,21.0799999,26.0833149,0.0301220864,-0.0529277511,8.3429195e-06,30,1.12399995,1,0.11828953375511353,59088.333044,0.11828953375511353,18.7176342,18.7176342
606,695111400012405,133447850,2459088.981569889,59088.4785069,18.6785641,0.049308639,0,zg,10.9666371,41.2639909,1.94400001,0.166999996,20200827478484,695,0xb,0x4,21.2099991,26.1972618,0.0279109813,-0.0725887492,7.0624701e-06,30,1.046,1,0.12262368412554996,59088.4785069,0.12262368412554996,18.678564099999996,18.678564099999996
607,695111400012405,133532944,2459089.8325628974,59089.3294444,18.7062416,0.0503077917,0,zg,10.9666568,41.2639461,1.22300005,0.0829999968,20200828329444,695,0xb,0x4,20.6399994,26.2092304,0.0294505805,-0.0413154401,8.96360689e-06,30,1.12600005,1,0.11953727738616471,59089.3294444,0.11953727738616471,18.70624159999999,18.70624159999999
608,695111400012405,133539908,2459089.902208637,59089.3990856,18.6522064,0.0483794995,0,zg,10.9666491,41.2639502,0.876999974,0.0149999997,20200828399086,695,0xb,0x4,21.1000004,26.2611828,0.0309865829,-0.0763673633,8.72523651e-06,30,1.01499999,1,0.12563696597102078,59089.3990856,0.12563696597102078,18.652206400000004,18.652206400000004
609,695111400012405,133637285,2459090.8760445523,59090.3728588,18.655304,0.048487559,0,zg,10.9666498,41.2639935,1.68099999,0.0930000022,20200829372859,695,0xb,0x4,20.9599991,26.3359489,0.0281853229,-0.0460892208,7.43643523e-06,30,1.03600001,1,0.12527903516126274,59090.3728588,0.12527903516126274,18.655303999999994,18.655303999999994
610,695111400012405,133642138,2459090.9245777614,59090.4213889,18.6408768,0.0479866825,0,zg,10.9666485,41.2640055,1.79100001,0.170000002,20200829421227,695,0xb,0x4,21.4699993,26.3423519,0.0321545228,-0.0631974041,9.22258187e-06,30,1.00800002,1,0.1269548451220648,59090.4213889,0.1269548451220648,18.640876799999994,18.640876799999994
611,695111400012405,133730856,2459091.811810025,59091.3085648,18.6806316,0.0493824668,0,zg,10.9665507,41.2640016,0.750999987,0.0469999984,20200830308565,695,0xb,0x4,20.3099995,26.3822613,0.0328853428,-0.0442173518,1.38014811e-05,30,1.17499995,1,0.12239040164540346,59091.3085648,0.12239040164540346,18.680631600000005,18.680631600000005
612,695111400012405,133833549,2459092.8388073435,59092.3354977,18.5847397,0.046097178,0,zg,10.9666704,41.2639943,0.786000013,-0.0370000005,20200831335046,695,0xb,0x4,20.2399998,26.3398724,0.0347236432,-0.0357987396,1.64930407e-05,30,1.09099996,1,0.13369159972675732,59092.3354977,0.13369159972675732,18.584739699999993,18.584739699999993
613,695111400012405,133945447,2459093.9578579525,59093.4544792,18.6009064,0.0466317423,0,zg,10.966687,41.263994,0.646000028,0.057,20200901454479,695,0xb,0x4,20.2099991,26.3691425,0.0358085074,-0.0380007662,1.809682e-05,30,1.03199995,1,0.1317156683783977,59093.4544792,0.1317156683783977,18.600906400000007,18.600906400000007
614,695111400012405,134047510,2459094.978544968,59094.4751042,18.5921974,0.0463428386,0,zg,10.9666398,41.26399,0.935000002,0.0219999999,20200902475058,695,0xb,0x4,20.0300007,26.2622318,0.0360087641,-0.0300069824,2.26322591e-05,30,1.06700003,1,0.13277644606273029,59094.4751042,0.13277644606273029,18.592197399999996,18.592197399999996
615,695111400012405,134130607,2459095.8095669327,59095.3060764,18.6272087,0.047517959,0,zg,10.9666607,41.2639622,1.005,0.142000005,20200903306076,695,0xb,0x4,20.0900002,26.2985725,0.0360604748,-0.0297956802,2.15907767e-05,30,1.14699996,1,0.12856315450387784,59095.3060764,0.12856315450387784,18.627208700000004,18.627208700000004
616,695111400012405,134135106,2459095.854558024,59095.3510648,18.5928459,0.0463642776,0,zg,10.9667317,41.2639972,0.941999972,0.0790000036,20200903351065,695,0xb,0x4,20.0300007,26.3253174,0.0350890309,-0.0410929881,2.09787813e-05,30,1.04700005,1,0.13269716362284695,59095.3510648,0.13269716362284695,18.592845900000007,18.592845900000007
617,695111400012405,134250550,2459097.009070515,59096.5055093,18.6424904,0.0480424091,0,zg,10.9666871,41.2639647,0.782999992,0.165000007,20200904505509,695,0xb,0x4,20.1299992,26.3320312,0.0347483084,-0.0260658283,1.75179885e-05,30,1.15699995,1,0.12676630743923376,59096.5055093,0.12676630743923376,18.642490400000007,18.642490400000007
618,695111400012405,134339893,2459097.902548184,59097.3989352,18.5737476,0.0457380302,0,zg,10.9667078,41.2641101,0.657000005,0.0960000008,20200905398935,695,0xb,0x4,19.9500008,26.34408,0.0376893841,-0.028585894,2.44356943e-05,30,1.00800002,1,0.1350519813151055,59097.3989352,0.1350519813151055,18.573747599999997,18.573747599999997
619,695111400012405,134341406,2459097.917676365,59097.4140625,18.7183361,0.0507520922,0,zg,10.9666163,41.2639687,0.985000014,0.0309999995,20200905414062,695,0xb,0x4,20.0100002,26.3362923,0.0360699892,-0.00816061534,2.03614691e-05,30,1.00999999,1,0.11821308738477578,59097.4140625,0.11821308738477578,18.718336099999995,18.718336099999995
620,695111400012405,135240361,2459106.907699619,59106.4036111,18.6859665,0.0495735034,0,zg,10.9666474,41.264,1.36699998,0.120999999,20200914403576,695,0xb,0x4,21.1900005,25.8418846,0.0326011516,-0.0666664094,9.76051706e-06,30,1.01800001,1,0.12179049623310031,59106.4036111,0.12179049623310031,18.6859665,18.6859665
621,695111400012405,135336432,2459107.86846272,59107.3643287,18.6998615,0.0500753224,0,zg,10.9666395,41.2639747,1.546,0.0540000014,20200915364329,695,0xb,0x4,21.2900009,25.9377155,0.0307262614,-0.0644745827,8.54165955e-06,30,1.00899994,1,0.12024178091152146,59107.3643287,0.12024178091152146,18.699861500000004,18.699861500000004
622,695111400012405,135532628,2459109.8305082964,59109.3262847,18.657856,0.048576843,0,zg,10.9666161,41.2639999,1.16499996,0.109999999,20200917326273,695,0xb,0x4,21.1000004,25.8146267,0.0333092809,-0.0576063655,1.01104033e-05,30,1.02999997,1,0.12498491523389516,59109.3262847,0.12498491523389516,18.657856000000002,18.657856000000002
623,695111400012405,135533906,2459109.843286669,59109.3390625,18.6157494,0.0471293591,32768,zg,10.9666327,41.2639788,1.25,0.158999994,20200917339062,695,0xb,0x4,21.0,25.7473412,0.0339662321,-0.0635345653,1.08635595e-05,30,1.01800001,1,0.12992724808410705,59109.3390625,0.12992724808410705,18.61574939999999,18.61574939999999
624,695111400012405,135734980,2459111.8541144067,59111.3498032,18.6195736,0.0472586192,0,zg,10.9666241,41.2639924,1.62100005,0.160999998,20200919349792,695,0xb,0x4,21.3799992,26.261982,0.0271794461,-0.0621159002,6.50077391e-06,30,1.00999999,1,0.12947042093954633,59111.3498032,0.12947042093954633,18.619573600000003,18.619573600000003
625,695111400012405,135832392,2459112.8282752074,59112.3239236,18.6318245,0.0476756133,0,zg,10.9666716,41.2639847,1.64100003,0.153999999,20200920323912,695,0xb,0x4,21.6499996,26.3834152,0.029059248,-0.0701050237,7.26713097e-06,30,1.02400005,1,0.12801775297641482,59112.3239236,0.12801775297641482,18.6318245,18.6318245
626,695111400012405,135939348,2459113.8978784243,59113.3934838,18.669529,0.0489877127,0,zg,10.9666563,41.2639981,1.18900001,0.133000001,20200921393484,695,0xb,0x4,21.3700008,26.2982254,0.0293952283,-0.079655461,7.51271546e-06,30,1.02600002,1,0.12364837124441116,59113.3934838,0.12364837124441116,18.669529000000004,18.669529000000004
627,695111400012405,136032831,2459114.832741266,59114.3283102,18.6813965,0.0494097769,0,zg,10.9666188,41.2639827,1.15999997,0.143999994,20200922328299,695,0xb,0x4,21.4200001,26.3070621,0.027802201,-0.0684605166,6.72138867e-06,30,1.01600003,1,0.12230420810297842,59114.3283102,0.12230420810297842,18.681396499999998,18.681396499999998
628,695111400012405,136142966,2459115.934136969,59115.4296644,18.6358147,0.047812447,0,zg,10.9666527,41.2639899,1.76699996,0.162,20200923429641,695,0xb,0x4,21.4300003,26.3455486,0.026293315,-0.0852105543,5.95603296e-06,30,1.09200001,1,0.12754813712385482,59115.4296644,0.12754813712385482,18.635814700000005,18.635814700000005
629,695111400012405,136226354,2459116.768044687,59116.2635417,18.6954117,0.0499139391,0,zg,10.9666163,41.264001,2.43300009,0.239999995,20200924263542,695,0xb,0x4,21.3999996,26.2826996,0.0261226986,-0.0615904145,5.81646236e-06,30,1.10599995,1,0.12073559313468342,59116.2635417,0.12073559313468342,18.6954117,18.6954117
630,695111400012405,136328900,2459117.7935437923,59117.2890046,18.6799335,0.0493575186,0,zg,10.9666454,41.2639922,2.08100009,0.185000002,20200925289005,695,0xb,0x4,21.3299999,26.3778782,0.0243990291,-0.0550419427,5.17119133e-06,30,1.04999995,1,0.12246912077900474,59117.2890046,0.12246912077900474,18.679933499999997,18.679933499999997
631,695111400012405,136443337,2459118.9379575728,59118.4333796,18.7338295,0.0513281189,32768,zg,10.966657,41.2639951,1.24300003,0.0359999985,20200926432975,695,0xb,0x4,21.4899998,26.426218,0.0280260984,-0.117654964,6.72555188e-06,30,1.12100005,1,0.11653817158929974,59118.4333796,0.11653817158929974,18.733829500000006,18.733829500000006
632,695111400012405,136524267,2459119.7472779886,59119.2426736,18.6833172,0.0494785309,0,zg,10.9666407,41.2639839,1.83000004,0.243000001,20200927242674,695,0xb,0x4,20.9300003,26.3615952,0.0277128443,-0.0538431033,7.03227943e-06,30,1.14100003,1,0.12208803954123332,59119.2426736,0.12208803954123332,18.683317199999998,18.683317199999998
633,695111400012405,136626152,2459120.7661642404,59120.2615278,18.7058735,0.0502943359,0,zg,10.9666748,41.2640289,0.922999978,0.127000004,20200928261528,695,0xb,0x4,20.3999996,26.3466911,0.0338076018,-0.0374139659,1.31043371e-05,30,1.08500004,1,0.11957781129436111,59120.2615278,0.11957781129436111,18.705873500000003,18.705873500000003
634,695111400012405,136729469,2459121.7993666604,59121.2946991,18.7716961,0.0527693704,0,zg,10.966611,41.2639993,1.58000004,0.123999998,20200929294699,695,0xb,0x4,20.6900005,26.3545303,0.0312306527,-0.0364283435,1.02354379e-05,30,1.02900004,1,0.11254379614943037,59121.2946991,0.11254379614943037,18.771696100000007,18.771696100000007
635,695111400012405,136827695,2459122.7816518247,59122.276956,18.6630783,0.0487601459,0,zg,10.9666795,41.2639736,0.94599998,0.118000001,20200930276944,695,0xb,0x4,20.1299992,26.3219109,0.0358647853,-0.0322494581,1.98348025e-05,30,1.04700005,1,0.12438519174983365,59122.276956,0.12438519174983365,18.663078300000002,18.663078300000002
636,695111400012405,136938731,2459123.8920410327,59123.3873148,18.6799889,0.0493595228,0,zg,10.9666112,41.2639878,0.643000007,0.0309999995,20201001387315,695,0xb,0x4,19.8799992,26.3250027,0.0394695289,-0.0370968767,3.09706847e-05,30,1.05299997,1,0.12246287191655864,59123.3873148,0.12246287191655864,18.679988900000005,18.679988900000005
637,695111400012405,137138486,2459125.8896378838,59125.3848611,18.6285095,0.047562357,0,zg,10.9666701,41.2640194,0.80400002,0.0179999992,20201003384861,695,0xb,0x4,20.3099995,26.3684654,0.0332275666,-0.0482710563,1.65450128e-05,30,1.05799997,1,0.12840921765427674,59125.3848611,0.12840921765427674,18.6285095,18.6285095
638,695111400012405,137224613,2459126.750931217,59126.2461343,18.7562122,0.0521742515,0,zg,10.966638,41.2639845,0.852999985,0.0920000002,20201004246134,695,0xb,0x4,20.3199997,26.3232555,0.0336729661,-0.0392857939,1.6680282e-05,30,1.08299994,1,0.11416030489360036,59126.2461343,0.11416030489360036,18.7562122,18.7562122
639,695111400012405,137324641,2459127.751231036,59127.246412,18.7540779,0.0520928688,0,zg,10.9666602,41.2639761,0.944000006,0.160999998,20201005246412,695,0xb,0x4,19.8400002,25.9464245,0.0364113897,-0.0451029986,2.99624917e-05,30,1.07700002,1,0.11438493770591249,59127.246412,0.11438493770591249,18.75407789999999,18.75407789999999
640,695111400012405,137533571,2459129.840578418,59129.3357176,18.6529083,0.0484039709,0,zg,10.9666424,41.2640062,1.04100001,0.0949999988,20201007335532,695,0xb,0x4,21.0,26.3864155,0.028883379,-0.0590471402,7.54582561e-06,30,1.01499999,1,0.1255557712133458,59129.3357176,0.1255557712133458,18.6529083,18.6529083
641,695111400012405,137732510,2459131.829999177,59131.3251042,18.6797504,0.0493510067,0,zg,10.9666399,41.2640021,1.52600002,0.112999998,20201009325058,695,0xb,0x4,20.75,26.1963329,0.0288602822,-0.038627781,8.15639487e-06,30,1.01199996,1,0.12248977587629094,59131.3251042,0.12248977587629094,18.679750399999996,18.679750399999996
642,695111400012405,138026170,2459134.7666366594,59134.2617014,18.6315079,0.0476648062,0,zg,10.9666163,41.2639869,1.704,0.0989999995,20201012261690,695,0xb,0x4,21.2000008,26.3523026,0.0273456592,-0.073238723,6.5210611e-06,30,1.02600002,1,0.12805508831653906,59134.2617014,0.12805508831653906,18.631507899999995,18.631507899999995
643,695111400012405,138238693,2459136.891889664,59136.3869329,18.662468,0.0487386808,0,zg,10.9666498,41.2639757,2.37599993,0.203999996,20201014386933,695,0xb,0x4,21.6299992,26.3858433,0.0259710029,-0.0748535469,5.70126349e-06,30,1.12899995,1,0.12445512920020715,59136.3869329,0.12445512920020715,18.662467999999997,18.662467999999997
644,695111400012405,138423795,2459138.7429216644,59138.2379514,18.7018089,0.0501461625,0,zg,10.9666298,41.2639729,1.30799997,0.134000003,20201016237951,695,0xb,0x4,21.2299995,26.2523365,0.0295695849,-0.0749976262,7.47797367e-06,30,1.04100001,1,0.12002630594400537,59138.2379514,0.12002630594400537,18.701808899999996,18.701808899999996
645,695111400012405,138628259,2459140.7875720207,59140.2825926,18.6758213,0.0492109768,0,zg,10.9666412,41.2639887,1.51800001,0.134000003,20201018282581,695,0xb,0x4,21.5599995,26.3361168,0.0269345138,-0.0593551844,5.96002565e-06,30,1.00800002,1,0.12293384917355885,59140.2825926,0.12293384917355885,18.675821300000003,18.675821300000003
646,695111400012405,139032435,2459144.829331608,59144.3243519,18.5943069,0.0464125946,0,zg,10.9666343,41.2639941,1.76999998,0.116999999,20201022324352,695,0xb,0x4,21.7700005,26.3826733,0.0327829607,-0.0928248316,9.29699218e-06,30,1.04400003,1,0.13251872232688366,59144.3243519,0.13251872232688366,18.5943069,18.5943069
647,695111400012405,139545148,2459149.956427548,59149.4514815,18.9132729,0.0585996881,0,zg,10.9667867,41.2640499,1.26800001,0.0850000009,20201027451482,695,0xb,0x4,20.3099995,26.2100067,0.0348021053,-0.0408258103,1.3719412e-05,30,1.72899997,1,0.0987849626543769,59149.4514815,0.0987849626543769,18.913272900000003,18.913272900000003
648,695111400012405,139719975,2459151.7046829592,59151.1997569,18.6970367,0.0499727912,0,zg,10.9667332,41.2640805,1.20700002,0.0860000029,20201029199757,695,0xb,0x4,20.1599998,26.4212494,0.0353531428,-0.0382714346,1.72653126e-05,30,1.04499996,1,0.12055502570922953,59151.1997569,0.12055502570922953,18.697036700000005,18.697036700000005
649,695111400012405,139924355,2459153.748450258,59153.2435532,18.8599396,0.0563187301,0,zg,10.9667014,41.2640229,0.787999988,0.0979999974,20201031243553,695,0xb,0x4,20.1399994,26.4273739,0.0354210623,-0.0259516519,1.86382531e-05,30,1.00800002,1,0.10375861356022141,59153.2435532,0.10375861356022141,18.859939599999997,18.859939599999997
650,695111400012405,140122343,2459155.7283007894,59155.2234375,18.9740944,0.0613326281,0,zg,10.9667245,41.2640264,0.902999997,0.131999999,20201102223438,695,0xb,0x4,20.5100002,26.4213066,0.0321535468,-0.0411844589,1.22728461e-05,30,1.01199996,1,0.09340330421304249,59155.2234375,0.09340330421304249,18.974094400000006,18.974094400000006
651,695111400012405,140327021,2459157.7750424445,59157.2702199,19.0162716,0.0633136407,0,zg,10.9666103,41.264019,1.49100006,-0.00100000005,20201104270185,695,0xb,0x4,20.6900005,26.389946,0.0310095735,-0.0392100103,9.57233988e-06,30,1.023,1,0.08984447184324938,59157.2702199,0.08984447184324938,19.016271600000003,19.016271600000003
652,695111400012405,141026403,2459164.7686785366,59164.2640394,18.941452,0.0598480813,0,zg,10.9666961,41.2640381,0.674000025,-0.00499999989,20201111264028,695,0xb,0x4,20.5900002,26.4169617,0.0341503434,-0.0546339005,1.14253116e-05,30,1.03699994,1,0.09625409166583146,59164.2640394,0.09625409166583146,18.941452000000005,18.941452000000005
653,695111400012405,141422605,2459168.730558628,59168.2260532,19.0454006,0.0647242665,0,zg,10.966697,41.2640488,1.02400005,0.116999999,20201115226053,695,0xb,0x4,21.2700005,26.4235802,0.0255538858,-0.0624435954,5.67602638e-06,30,1.01300001,1,0.08746609953090492,59168.2260532,0.08746609953090492,19.0454006,19.0454006
654,695111400012405,141620513,2459170.7095696637,59170.2051389,18.9082718,0.0583813079,0,zg,10.966662,41.2640534,1.34800005,0.0869999975,20201117205093,695,0xb,0x4,21.0799999,26.4161835,0.0289045218,-0.0553628244,7.27309634e-06,30,1.00800002,1,0.09924103386940551,59170.2051389,0.09924103386940551,18.9082718,18.9082718
655,695111400012405,141822410,2459172.728458111,59172.2241088,18.9889755,0.0620233752,0,zg,10.966666,41.2640739,1.64600003,0.191,20201119224109,695,0xb,0x4,21.25,26.5132504,0.0368919075,-0.06787543,1.18093367e-05,30,1.01900005,1,0.09213185172939706,59172.2241088,0.09213185172939706,18.988975500000002,18.988975500000002
656,695111400012405,142027093,2459174.775198891,59174.2709375,19.0149651,0.0632511899,0,zg,10.9666757,41.2640508,0.889999986,0.112999998,20201121270938,695,0xb,0x4,20.8299999,26.2705879,0.035948243,-0.0602612086,1.27376989e-05,30,1.097,1,0.08995264955240594,59174.2709375,0.08995264955240594,19.014965100000005,19.014965100000005
657,695111400012405,142222494,2459176.729114692,59176.2249421,19.0709229,0.0659894869,32768,zg,10.9666959,41.264063,0.977999985,0.196999997,20201123224919,695,0xb,0x4,20.1700001,25.6158886,0.0388607085,-0.0595871396,2.79159867e-05,30,1.02900004,1,0.08543401959212552,59176.2249421,0.08543401959212552,19.070922899999992,19.070922899999992
658,695111400012405,142418126,2459178.6853405954,59178.1812616,19.0973434,0.0673286021,0,zg,10.966694,41.2640475,1.61099994,0.0399999991,20201125181250,695,0xb,0x4,20.9300003,26.4496555,0.0284222029,-0.0732667074,7.34042351e-06,30,1.00800002,1,0.0833801438405581,59178.1812616,0.0833801438405581,19.097343399999993,19.097343399999993
659,695111400012405,142615000,2459180.6539801867,59180.15,18.8341866,0.0552545674,0,zg,10.9668019,41.2639315,0.349999994,0.00600000005,20201127149583,695,0xb,0x4,19.3700008,26.3941078,0.0421750546,-0.025335826,4.93515654e-05,30,1.01499999,1,0.10624912447037888,59180.15,0.10624912447037888,18.834186600000002,18.834186600000002
660,695111400012405,142821721,2459182.721082157,59182.2172106,19.0121326,0.0631160513,0,zg,10.9667329,41.264046,0.88499999,0.0909999982,20201129217188,695,0xb,0x4,20.1700001,26.4199314,0.033751186,-0.0346689411,1.68561255e-05,30,1.03999996,1,0.09018762699983048,59182.2172106,0.09018762699983048,19.012132599999994,19.012132599999994
661,695111400012405,143018340,2459184.687166556,59184.1834028,18.941803,0.059863802,0,zg,10.9667422,41.2640549,0.448000014,-0.0379999988,20201201183403,695,0xb,0x4,20.2700005,26.4193573,0.0341816843,-0.0316822417,1.61592652e-05,30,1.01400006,1,0.09622297938871771,59184.1834028,0.09622297938871771,18.941803,18.941803
662,695111400012405,143216009,2459186.663743662,59186.1600926,18.9099045,0.0584525242,0,zg,10.9665729,41.2641545,0.653999984,0.104000002,20201203160093,695,0xb,0x4,19.6000004,26.4166851,0.0391664468,-0.0314562097,3.42283929e-05,30,1.00800002,1,0.09909191010656597,59186.1600926,0.09909191010656597,18.909904500000003,18.909904500000003
663,695111400012405,143418133,2459188.6848625103,59188.181331,18.8869381,0.0574602336,0,zg,10.9666543,41.2640667,1.722,0.0250000004,20201205181331,695,0xb,0x4,20.8099995,26.4332066,0.0292908568,-0.0753107145,7.955412e-06,30,1.01999998,1,0.10121031114812903,59188.181331,0.10121031114812903,18.886938100000002,18.886938100000002
664,695111400012405,143628928,2459190.79268465,59190.2892824,18.9627609,0.0608124509,0,zg,10.9666781,41.2640292,1.06400001,0.0219999999,20201207289271,695,0xb,0x4,20.8500004,26.2437553,0.0278276298,-0.0588278472,7.23482162e-06,30,1.33000004,1,0.09438340478071601,59190.2892824,0.09438340478071601,18.9627609,18.9627609
665,695111400012405,143917733,2459193.680556079,59193.177338,19.1185017,0.0684229508,0,zg,10.9666905,41.264057,1.24199998,0.0109999999,20201210177326,695,0xb,0x4,21.0900002,26.2361679,0.0292071048,-0.0719665959,7.60915282e-06,30,1.028,1,0.08177100209165668,59193.177338,0.08177100209165668,19.118501700000003,19.118501700000003
666,695111400012405,144117291,2459195.67600282,59195.1729167,19.0663662,0.0657615438,0,zg,10.9666779,41.2640068,2.03999996,0.175999999,20201212172894,695,0xb,0x4,21.5900002,26.4603577,0.0286338907,-0.0850760788,7.14785892e-06,30,1.02900004,1,0.08579332902234343,59195.1729167,0.08579332902234343,19.066366199999997,19.066366199999997
667,695111400012405,144520156,2459199.704371334,59199.2015625,18.8875999,0.0574885383,0,zg,10.9666466,41.2640641,1.01800001,0.0659999996,20201216201563,695,0xb,0x4,20.8600006,26.4177856,0.0296382662,-0.0724293068,7.76297293e-06,30,1.09500003,1,0.10114863818008561,59199.2015625,0.10114863818008561,18.887599900000005,18.887599900000005
668,695111400012405,144819883,2459202.70142483,59202.198831,18.781229,0.0531397909,0,zg,10.9666864,41.2640246,1.43599999,0.0529999994,20201219198819,695,0xb,0x4,20.9799995,26.4079533,0.0279723778,-0.0654109493,6.9475218e-06,30,1.10800004,1,0.11155997287539382,59202.198831,0.11155997287539382,18.781229000000003,18.781229000000003
669,695111400012405,145022391,2459204.7263566973,59204.223912,18.7610855,0.0523606874,0,zg,10.9666378,41.2640211,1.23300004,0.143999994,20201221223900,695,0xb,0x4,20.5400009,26.383007,0.0319785476,-0.0574324876,1.02273925e-05,30,1.204,1,0.11364904744081492,59204.223912,0.11364904744081492,18.7610855,18.7610855
670,695111400012405,145217101,2459206.673317143,59206.1710185,18.7372742,0.0514572784,32768,zg,10.9666423,41.2641025,0.61500001,-0.0529999994,20201223171019,695,0xb,0x4,19.3500004,25.6466064,0.0404750034,-0.044660572,5.19460773e-05,30,1.07099998,1,0.11616901848299477,59206.1710185,0.11616901848299477,18.737274199999995,18.737274199999995
671,695111400012405,145618438,2459210.686376503,59210.1843866,18.7509232,0.0519728512,0,zg,10.9667096,41.2640076,0.638999999,-0.0700000003,20201227184375,695,0xb,0x4,20.2600002,26.4064064,0.0336301923,-0.0409829542,1.4978481e-05,30,1.12800002,1,0.11471777629977382,59210.1843866,0.11471777629977382,18.750923199999995,18.750923199999995
672,695111400012405,146216137,2459216.66289118,59216.1613773,18.5970154,0.0465023778,0,zg,10.9666648,41.2640061,1.60300004,0.167999998,20210102161377,695,0xb,0x4,21.0,26.2634087,0.0282589365,-0.0665447488,7.29364729e-06,30,1.11000001,1,0.13218855037850025,59216.1613773,0.13218855037850025,18.597015399999997,18.597015399999997
673,695111400012405,146411750,2459218.6188546065,59218.1175,18.6192684,0.047248289,0,zg,10.9666598,41.2639898,0.86500001,0.0390000008,20210104117500,695,0xb,0x4,21.0100002,26.4054508,0.0283552483,-0.0628706664,7.10187896e-06,30,1.03799999,1,0.12950682013721063,59218.1175,0.12950682013721063,18.619268400000003,18.619268400000003
674,695111400012405,146411844,2459218.619803627,59218.1184491,18.7119904,0.0505183637,0,zg,10.9666327,41.2639967,1.41600001,0.0869999975,20210104118438,695,0xb,0x4,21.1000004,26.4047031,0.0274818577,-0.0672047585,6.73704835e-06,30,1.03900003,2,0.1189060192521751,59218.1184491,0.1189060192521751,18.711990399999998,18.711990399999998
675,695111400012405,146519760,2459219.6988701853,59219.1976042,18.703022,0.0501903072,0,zg,10.9666269,41.2640165,1.495,0.050999999,20210105197604,695,0xb,0x4,21.0499992,26.35326,0.0277023464,-0.0597599223,6.86409021e-06,30,1.26600003,2,0.11989227467628258,59219.1976042,0.11989227467628258,18.703021999999997,18.703021999999997
676,695111400012405,146616157,2459220.662760714,59220.1615741,18.6584263,0.0485968441,0,zg,10.9666593,41.2640183,1.722,0.0879999995,20210106161562,695,0xb,0x4,21.0100002,26.3703518,0.0280508976,-0.0633047596,6.95331209e-06,30,1.14100003,2,0.12491928218238386,59220.1615741,0.12491928218238386,18.658426299999995,18.658426299999995
677,695111400012405,146616251,2459220.663698135,59220.1625116,18.6007233,0.0466256738,0,zg,10.966656,41.2639866,1.52400005,0.194000006,20210106162512,695,0xb,0x4,21.1399994,26.3703175,0.0274243858,-0.0671000779,6.63779019e-06,30,1.14300001,1,0.13173788295728336,59220.1625116,0.13173788295728336,18.60072329999999,18.60072329999999
678,695111400012405,146713136,2459221.632472147,59221.1313657,18.6630573,0.0487593934,32768,zg,10.966603,41.2640266,0.736000001,0.074000001,20210107131366,695,0xb,0x4,20.0499992,25.4268246,0.0413022749,-0.0400837921,3.06469083e-05,30,1.07299995,2,0.12438759759600264,59221.1313657,0.12438759759600264,18.6630573,18.6630573
679,695111400012405,146814605,2459222.647075457,59222.1460532,18.8012371,0.0539273284,32768,zg,10.9667209,41.2640103,0.43900001,-0.0170000009,20210108146053,695,0xb,0x4,20.0799999,25.226017,0.05337549,-0.0532578975,5.24178868e-05,30,1.11300004,2,0.10952295680832937,59222.1460532,0.10952295680832937,18.8012371,18.8012371
680,695111400012405,146824690,2459222.747923492,59222.2469097,18.6811161,0.0493997633,0,zg,10.9666227,41.2640121,1.773,0.180999994,20210108246887,695,0xb,0x4,20.7299995,26.2938919,0.0305763427,-0.0513490289,8.71764678e-06,30,1.67200005,1,0.12233579821533161,59222.2469097,0.12233579821533161,18.681116100000004,18.681116100000004
681,695111400012405,146913613,2459223.637074135,59223.1361343,18.6615181,0.0487052873,0,zg,10.9666306,41.263969,1.84399998,0.0729999989,20210109136088,695,0xb,0x4,20.9300003,26.3944302,0.0287235249,-0.0742114782,7.445135e-06,30,1.09500003,2,0.12456406142197854,59223.1361343,0.12456406142197854,18.661518100000002,18.661518100000002
682,695111400012405,147017591,2459224.676767392,59224.1759144,18.5945663,0.0464212038,0,zg,10.9665346,41.2640421,1.22300005,-0.00100000005,20210110175903,695,0xb,0x4,20.25,26.3833046,0.035428673,-0.0587732643,1.60660711e-05,30,1.23099995,1,0.13248706523528692,59224.1759144,0.13248706523528692,18.594566300000004,18.594566300000004
683,695111400012405,147218560,2459226.6862864527,59226.1856019,18.5912914,0.0463129058,0,zg,10.9667173,41.2638917,0.800999999,0.0829999968,20210112185602,695,0xb,0x4,19.6399994,26.1636581,0.0424863808,-0.0453227423,4.08057786e-05,30,1.301,1,0.13288728851622286,59226.1856019,0.13288728851622286,18.591291399999996,18.591291399999996
684,695111400012405,147311516,2459227.6157684494,59227.115162,18.6994534,0.0500605069,0,zg,10.9666101,41.2640191,0.626999974,0.0610000007,20210113115127,695,0xb,0x4,20.8600006,26.3053036,0.0276898406,-0.0620751046,7.10438189e-06,30,1.074,2,0.1202869851645662,59227.115162,0.1202869851645662,18.699453400000003,18.699453400000003
685,695111400012405,147415625,2459228.6567687728,59228.15625,18.6537342,0.0484327897,0,zg,10.9666563,41.2640152,0.833999991,0.0939999968,20210114156250,695,0xb,0x4,21.0300007,26.2661667,0.0268271938,-0.0493699908,6.49051299e-06,30,1.19599998,1,0.12546029951317345,59228.15625,0.12546029951317345,18.653734199999995,18.653734199999995
686,695111400012405,147416486,2459228.6653791373,59228.1648611,18.7188416,0.0507707596,0,zg,10.9666159,41.2639801,1.71700001,0.119000003,20210114164861,695,0xb,0x4,20.8700008,26.2029381,0.0281343944,-0.038060233,7.29322346e-06,30,1.23000002,2,0.1181580622260648,59228.1648611,0.1181580622260648,18.718841599999998,18.718841599999998
687,695111400012405,147518369,2459229.6841242467,59229.1836921,18.5568085,0.0451913588,0,zg,10.966845,41.2640926,1.14499998,0.0780000016,20210115183681,695,0xb,0x4,19.5100002,26.3639412,0.0426043458,-0.0327025019,4.39534342e-05,30,1.33500004,2,0.1371755152055703,59229.1836921,0.1371755152055703,18.556808499999995,18.556808499999995
688,695111400012405,147614994,2459230.6502927123,59230.1499421,18.6304607,0.047628969,0,zg,10.9666,41.2640128,1.55799997,0.0370000005,20210116149931,695,0xb,0x4,20.7099991,26.3427315,0.0297328997,-0.055271443,8.4515641e-06,30,1.19299996,1,0.12817865790787603,59230.1499421,0.12817865790787603,18.630460700000008,18.630460700000008
689,695111400012405,147811917,2459232.6193625326,59232.1191782,18.7040367,0.0502272919,0,zg,10.9666322,41.2639845,2.1500001,0.179000005,20210118119178,695,0xb,0x4,21.3999996,26.4273643,0.0243004989,-0.0778400898,5.18404659e-06,30,1.11399996,1,0.11978027890725801,0.0,0.11978027890725801,18.704036699999996,18.704036699999996
690,695111400012405,149413585,2459248.6347060013,59248.1358565,18.6615829,0.0487075895,0,zg,10.966615,41.2640021,1.34200001,0.141000003,20210203135856,695,0xb,0x4,20.7900009,26.1308098,0.0325820521,-0.0567985661,1.00399611e-05,30,1.35800004,1,0.12455662728624915,16.0,0.12455662728624915,18.661582900000006,18.661582900000006
691,695111400012405,149614128,2459250.63997228,59250.1412847,18.6713352,0.0490516648,0,zg,10.9666754,41.2640225,0.899999976,-0.0350000001,20210205141285,695,0xb,0x4,20.3400002,26.3328896,0.0350378267,-0.0459184051,1.37643456e-05,30,1.42700005,1,0.123442844317766,18.0,9.377622571062144,13.969768126637298,18.67133520000001
692,695111400012405,149813916,2459252.6376947737,59252.1391667,18.7079582,0.0503705628,0,zg,10.9666638,41.2640133,1.28699994,-0.0410000011,20210207139167,695,0xb,0x4,21.1200008,26.3347836,0.0248923637,-0.0505055115,5.49999777e-06,30,1.45000005,1,0.11934843265452638,20.0,11.085820665768573,13.788080378064713,18.7079582
693,695111400012405,150213436,2459256.6325787264,59256.1343634,18.7516575,0.052000761,0,zg,10.9666647,41.2640081,1.05700004,0.152999997,20210211134363,695,0xb,0x4,20.9899998,26.292448,0.0260645226,-0.056600064,6.12079884e-06,30,1.49600005,1,0.11464021714340195,24.0,12.61423337400811,13.647847846130965,18.7516575
694,695111400012405,150614299,2459260.640908905,59260.1429977,18.6820068,0.0494316071,0,zg,10.9666204,41.263985,0.57099998,-0.0199999996,20210215142998,695,0xb,0x4,19.7700005,26.2317162,0.040608637,-0.0427012332,3.26442532e-05,30,1.671,1,0.12223547936082338,28.0,15.105551067658588,13.45215856636441,18.682006800000003
695,695111400012405,150914607,2459263.64376708,59263.1460764,18.5576763,0.0452191643,0,zg,10.9667112,41.2640497,0.718999982,0.0540000014,20210218146065,695,0xb,0x4,19.2199993,26.2549305,0.0426070653,-0.030324351,5.75463055e-05,30,1.79700005,1,0.13706591827849657,31.0,16.868544330459635,13.332305982994498,18.557676300000004
696,695111400012405,151116143,2459265.658981709,59265.1614352,18.6748447,0.0491762161,0,zg,10.9666494,41.2640165,1.24100006,0.114,20210220161435,695,0xb,0x4,20.3099995,26.2364445,0.0333704986,-0.0251257699,1.3780379e-05,30,2.102,1,0.12304447568431098,33.0,17.751113281303898,13.276936011203148,18.6748447
697,695111400012405,163142880,2459385.9265987165,59385.4288079,18.6600075,0.0486522615,0,zg,10.9666861,41.2639362,0.768999994,0.0370000005,20210620428785,695,0xb,0x4,20.6800003,26.2060013,0.0351062827,-0.0739979744,1.17448899e-05,30,1.61399996,1,0.12473748976526498,153.0,18.183749843869233,13.250791379714322,18.6600075
698,695111400012405,163339125,2459387.889181986,59387.39125,18.2520981,0.0366424322,32768,zg,10.9665357,41.2640663,0.718999982,-0.201000005,20210622391238,695,0xb,0x4,19.0100002,25.3456459,0.19641915,0.0745445788,0.00176884141,30,2.00500011,1,0.18161878249468857,155.0,6.54928124697123,14.359515897960293,18.252098100000005
699,695111400012405,163744649,2459391.944724352,59391.4464931,18.5791073,0.0459127091,0,zg,10.9666607,41.2639742,0.953000009,0.127000004,20210626446470,695,0xb,0x4,20.1200008,26.3244591,0.0387792885,-0.0507244244,2.19307931e-05,30,1.35800004,1,0.13438694459978287,159.0,6.374556984047062,14.388874980595503,18.579107299999997
700,695111400012405,163937129,2459393.869672735,59393.3712963,18.7317791,0.0512514301,0,zg,10.9665842,41.2642282,1.10099995,-0.0250000004,20210628371285,695,0xb,0x4,19.2800007,26.1472073,0.0459158383,-0.0381219089,6.25868706e-05,30,2.06200004,1,0.11675846049104113,161.0,6.111512849798912,14.43462817693333,18.731779100000004
701,695111400012405,164143236,2459395.9308952126,59395.4323611,18.6355534,0.0478034429,0,zg,10.9666303,41.2640054,0.442000002,0.0540000014,20210630432350,695,0xb,0x4,20.3500004,26.1521893,0.0354052633,-0.0400098674,1.55450143e-05,30,1.37800002,1,0.12757883734266345,163.0,6.004232129458877,14.45385631464191,18.6355534
702,695111400012405,164541967,2459399.9185204064,59399.4196759,18.7062225,0.0503071025,0,zg,10.9666174,41.2639791,1.31500006,0.0309999995,20210704419549,695,0xb,0x4,21.0900002,26.2539597,0.0273745563,-0.0794719234,6.61146078e-06,30,1.38900006,1,0.11953938027457302,167.0,5.881047851352454,14.476363217328192,18.706222500000003
703,695111400012405,164741268,2459401.911687207,59401.4126852,18.6685505,0.048953101,0,zg,10.9666613,41.2639715,0.308999985,0.00400000019,20210706412685,695,0xb,0x4,20.9799995,26.3310394,0.0306935254,-0.0804896206,8.50217839e-06,30,1.39900005,1,0.123759857319115,169.0,5.6635162170177695,14.517284628961775,18.668550500000002
704,695111400012405,164845061,2459402.9496979974,59402.4506134,18.7220078,0.0508878976,0,zg,10.9667021,41.2640019,0.745000005,-0.00200000009,20210707450602,695,0xb,0x4,20.9500008,26.3393555,0.0337166451,-0.0693448186,1.01127516e-05,30,1.19599998,2,0.11781399421380284,170.0,5.550802926421963,14.53911047854784,18.722007799999993
705,695111400012405,164940674,2459403.9059086307,59403.4067477,18.7288933,0.0511437692,0,zg,10.9666251,41.263977,1.23599994,0.169,20210708406725,695,0xb,0x4,21.4300003,26.1835499,0.0273178611,-0.06263794,6.43247677e-06,30,1.40199995,1,0.11706920792919331,171.0,5.497667627495835,14.549553799603423,18.728893300000003
706,695111400012405,165041467,2459404.9139176128,59404.4146759,18.6786652,0.0493122563,0,zg,10.9666658,41.2640138,1.64999998,0.180000007,20210709414676,695,0xb,0x4,21.2700005,26.0614758,0.0281957835,-0.0615025535,6.99001475e-06,30,1.33700001,2,0.12261226636381746,172.0,5.451469731129952,14.558715987396148,18.678665200000005
707,695111400012405,165146060,2459405.959927758,59405.4606019,18.6713257,0.0490513258,0,zg,10.966613,41.2639619,0.996999979,0.0780000016,20210710460602,695,0xb,0x4,21.2800007,26.2560196,0.0298776086,-0.0733363032,7.72903513e-06,30,1.13600004,1,0.12344392442557389,173.0,5.40120072641194,14.568774206513169,18.671325700000004
708,695111400012405,165543366,2459409.933316493,59409.433669,18.7039738,0.0502250269,0,zg,10.9666434,41.263989,1.28600001,0.128999993,20210714433669,695,0xb,0x4,21.3099995,26.1486416,0.0319566093,-0.0936667547,8.93611195e-06,30,1.18799996,2,0.11978721834406908,177.0,5.347074515502785,14.579709409093553,18.703973799999993
709,695111400012405,165646478,2459410.9645115184,59410.4647801,18.7833385,0.0532221943,0,zg,10.9666585,41.2639393,0.806999981,0.061999999,20210715464769,695,0xb,0x4,21.2999992,26.1240864,0.0294363275,-0.0775147676,7.59790601e-06,30,1.09000003,2,0.11134343105767705,178.0,5.142886157912716,14.621982722610412,18.783338500000006
710,695111400012405,165740527,2459411.905085828,59411.4052778,18.7280064,0.0511107221,0,zg,10.9666309,41.263981,1.02600002,0.131999999,20210716405266,695,0xb,0x4,21.1900005,26.0105782,0.0283005685,-0.0750983581,7.09759479e-06,30,1.28600001,1,0.11716487674692154,179.0,5.101261411213953,14.630806051817586,18.728006400000005
711,695111400012405,165844385,2459412.9437469863,59412.4438542,18.6960506,0.0499370731,0,zg,10.9666343,41.2639737,1.50800002,0.162,20210717443831,695,0xb,0x4,21.5,26.1669273,0.0289091598,-0.0794704035,7.20639127e-06,30,1.12899995,2,0.12066456733790185,180.0,5.057893965868797,14.640075698709147,18.6960506
712,695111400012405,166041475,2459414.91481066,59414.4147569,18.6918678,0.0497858636,0,zg,10.9666299,41.2639832,1.47500002,0.178000003,20210719414757,695,0xb,0x4,21.4500008,26.2941837,0.026317725,-0.0755207241,5.9805202e-06,30,1.20799994,2,0.12113032431343515,182.0,5.012063398548573,14.649958610422935,18.691867800000004
713,695111400012405,166146461,2459415.9647576907,59415.4646181,18.6305237,0.0476311296,0,zg,10.9666548,41.2639966,1.37899995,0.0879999995,20210720464606,695,0xb,0x4,21.4699993,26.3260231,0.0268366393,-0.0877784193,6.31108514e-06,30,1.06299996,1,0.12817122053852859,183.0,4.928191709483107,14.66828101552668,18.630523700000005
714,695111400012405,166543206,2459419.932523864,59419.4320602,18.4765816,0.0427108854,32768,zg,10.9667029,41.2640438,0.518999994,-0.0860000029,20210724432049,695,0xb,0x4,19.0300007,25.4945469,0.111275785,0.00898203906,0.000656810356,30,1.11000001,2,0.147695532855432,187.0,4.903083874745105,14.673826693548122,18.476581599999996
715,695111400012405,166845070,2459422.9514154787,59422.450706,18.6347866,0.0477771312,0,zg,10.9666418,41.2640046,1.46099997,0.167999998,20210727450706,695,0xb,0x4,20.7199993,26.3485317,0.030711025,-0.042348329,9.7884722e-06,30,1.05499995,1,0.12766897158102078,190.0,4.709843168249859,14.717483885202,18.634786600000005
716,695111400012405,167044569,2459424.946565631,59424.4456944,18.6153793,0.0471168533,0,zg,10.9666527,41.2639987,1.38300002,0.137999997,20210729445683,695,0xb,0x4,20.8500004,26.3346176,0.0287944842,-0.0488178954,7.71618488e-06,30,1.05400002,1,0.12997154454479357,192.0,4.587607459227383,14.746034374477482,18.615379299999994
717,695111400012405,167347052,2459427.9716357845,59427.4705208,18.7002659,0.0500900075,0,zg,10.9666621,41.2640031,1.24199998,0.128999993,20210801470521,695,0xb,0x4,21.0699997,26.3251762,0.0255667977,-0.0663640872,5.79102152e-06,30,1.01699996,1,0.12019700325615469,195.0,4.497258458411883,14.767630381793623,18.700265899999998
718,695111400012405,167542335,2459429.924627614,59429.4233565,18.6195908,0.0472591817,0,zg,10.9666581,41.2639989,1.27600002,0.138999999,20210803423356,695,0xb,0x4,21.2900009,26.3631439,0.0262775123,-0.0726662502,6.02957971e-06,30,1.06900001,1,0.12946836991316277,197.0,4.3892082280029765,14.794034538359462,18.619590800000005
719,695111400012405,168043256,2459434.9342352883,59434.4325694,18.6743126,0.0491573252,0,zg,10.966639,41.2639954,1.38199997,0.125,20210808432558,695,0xb,0x4,21.5799999,26.347578,0.027714802,-0.0728527606,6.61744525e-06,30,1.03400004,1,0.12310479237188988,202.0,4.3069136903208,14.814584578309422,18.6743126
720,695111400012405,168242811,2459436.9299337496,59436.4281134,18.705452,0.0502789654,0,zg,10.9666483,41.2639919,1.96200001,0.0979999974,20210810428102,695,0xb,0x4,21.6399994,26.2973328,0.0272143465,-0.0788238272,6.49309004e-06,30,1.03299999,1,0.11962424230766175,204.0,4.121231914345938,14.862432364266802,18.705452
721,695111400012405,168542570,2459439.9277547784,59439.425706,18.6691952,0.0489759073,0,zg,10.9666381,41.2639946,1.14999998,0.0649999976,20210813425694,695,0xb,0x4,21.2999992,26.1614113,0.0287055019,-0.0755618736,7.2693183e-06,30,1.02699995,1,0.12368639168752428,207.0,4.055338298976278,14.8799322770289,18.669195199999997
722,695111400012405,168832695,2459442.8292212,59442.326956,18.5343857,0.0444802456,0,zg,10.9665821,41.2639949,1.06200004,0.105999999,20210816326944,695,0xb,0x4,21.1499996,26.2065678,0.0296893865,-0.0655669421,7.62395393e-06,30,1.25600004,1,0.14003794208360248,210.0,3.9697469320366117,14.903092945638292,18.534385699999994
723,695111400012405,169246942,2459446.9719866985,59446.4694213,18.5915184,0.0463203862,0,zg,10.966619,41.2639814,0.882000029,0.0900000036,20210820469421,695,0xb,0x4,21.5900002,26.3209705,0.0324411616,-0.100214183,9.0998019e-06,30,1.01600003,1,0.13285950804692592,214.0,3.8640840156126917,14.93238359855006,18.591518400000005
724,695111400012405,169523927,2459449.74203034,59449.2392708,18.5279846,0.0442798026,0,zg,10.9666055,41.263988,0.522000015,0.0500000007,20210823239259,695,0xb,0x4,19.7199993,26.1364059,0.0374907851,-0.0235580299,3.19037426e-05,30,1.77100003,1,0.14086599265451388,217.0,3.7459155018815244,14.966105058512788,18.527984600000003
725,695111400012405,169834628,2459452.849255477,59452.3462847,18.6428604,0.0480551757,0,zg,10.9666467,41.2639578,1.11600006,0.136000007,20210826346181,695,0xb,0x4,20.6700001,26.3723698,0.0316960849,-0.0353958681,1.06015023e-05,30,1.09899998,1,0.1267231150482096,220.0,3.6408219115327505,14.997001409455976,18.642860399999996
726,695111400012405,170039006,2459454.89317494,59454.3900694,18.66259,0.0487429537,0,zg,10.9666442,41.2639931,1.75399995,0.158999994,20210828390058,695,0xb,0x4,21.0599995,26.3972645,0.0271264147,-0.0491480045,6.72242277e-06,30,1.02199996,1,0.12444114544184004,222.0,3.5506032073830314,15.02424464737367,18.66259
727,695111400012405,170638057,2459460.884058488,59460.3805787,18.6466866,0.048187647,0,zg,10.9666166,41.2639653,1.20099998,0.0659999996,20210903380544,695,0xb,0x4,21.4500008,26.4078903,0.0295486208,-0.079805024,7.54908206e-06,30,1.01699996,1,0.12627732109627812,228.0,3.4954296014233415,15.041248600538374,18.646686600000002
728,695111400012405,170834577,2459462.84937081,59462.3457755,18.6652508,0.0488366298,0,zg,10.9666102,41.263989,1.59899998,0.165999994,20210905345752,695,0xb,0x4,21.3500004,26.4058971,0.0266160741,-0.0783104524,6.22799143e-06,30,1.04799998,1,0.12413655248237823,230.0,3.3296365362331364,15.094007928939526,18.665250800000003
729,695111400012405,171043752,2459464.941237177,59464.4375231,18.7147999,0.0506216772,0,zg,10.966636,41.2639853,1.82700002,0.0970000029,20210907437407,695,0xb,0x4,21.5100002,26.3412533,0.0282484572,-0.0721404031,6.86315479e-06,30,1.03100002,1,0.11859873041951648,232.0,3.271899279410216,15.11300018477381,18.714799899999996
730,695111400012405,171240712,2459466.9109513955,59466.4071296,18.6785431,0.04930792,0,zg,10.9666698,41.2639881,1.98199999,0.26699999,20210909407130,695,0xb,0x4,21.75,26.3949795,0.0255762655,-0.0708610341,5.67209827e-06,30,1.01199996,1,0.12262605590080937,234.0,3.224851415404896,15.128725726568923,18.678543100000006
731,695111400012405,171443582,2459468.9397502174,59468.4358218,18.6733551,0.0491233319,0,zg,10.9666563,41.2639804,2.13000011,0.141000003,20210911435799,695,0xb,0x4,21.6499996,26.3985691,0.0276539326,-0.0778752565,6.57469991e-06,30,1.04299998,1,0.12321340515361857,236.0,3.1754583568077557,15.145483945642603,18.673355100000002
732,695111400012405,171637383,2459470.8778570723,59470.373831,18.7040291,0.0502270274,0,zg,10.9666633,41.2640062,1.95700002,0.179000005,20210913373831,695,0xb,0x4,21.5599995,26.4094486,0.0264963787,-0.0754095688,6.05520245e-06,30,1.00899994,1,0.11978111735521667,238.0,3.123111863156063,15.163531149990185,18.704029100000007
733,695111400012405,171840620,2459472.910327632,59472.4062037,18.712738,0.0505458638,0,zg,10.9666468,41.2639855,1.30400002,0.0540000014,20210915406181,695,0xb,0x4,21.2999992,26.3802471,0.0293605197,-0.0753902271,7.45521356e-06,30,1.02199996,1,0.11882417290503541,240.0,3.074279190619482,15.180641736495708,18.712737999999995
734,695111400012405,172041422,2459474.9184404467,59474.4142245,18.6877213,0.0496365391,0,zg,10.9666426,41.2639686,1.15900004,0.128000006,20210917414225,695,0xb,0x4,21.25,26.3689976,0.02838194,-0.0844634101,6.98891245e-06,30,1.03600001,1,0.12159381369998182,242.0,3.030184684723836,15.196327252909136,18.6877213
735,695111400012405,172332834,2459477.8326859223,59477.3283449,18.5526867,0.045059599,0,zg,10.9665968,41.2639975,1.102,0.0780000016,20210920328333,695,0xb,0x4,20.2700005,26.4201336,0.0320636779,-0.0462270193,1.44820424e-05,30,1.02100003,1,0.1376972668370248,245.0,3.0004094773164782,15.207048678531145,18.552686700000002
736,695111400012405,172522747,2459479.73189387,59479.2274769,18.9002419,0.0580326207,0,zg,10.9666583,41.263967,0.73299998,0.109999999,20210922227442,695,0xb,0x4,20.0300007,26.2904778,0.0337878615,-0.0215249229,2.05403685e-05,30,1.24899995,1,0.0999777226684059,247.0,2.8956645468803095,15.245629377835265,18.900241900000005
737,695111400012405,173130053,2459485.8051621127,59485.3005324,18.391983,0.040279977,32768,zg,10.9667123,41.2640121,1.12699997,-0.0329999998,20210928300509,695,0xb,0x4,19.4799995,25.2283115,0.0420356542,-0.0152296703,4.96848843e-05,30,1.02600002,1,0.15966392453022185,253.0,2.911826662320885,15.239586204096469,18.391983000000003
738,695111400012405,173428302,2459488.7877374925,59488.2830208,18.6301231,0.0476174392,0,zg,10.9665971,41.263992,1.49100006,0.128999993,20211001283009,695,0xb,0x4,21.3600006,26.4079227,0.0269594714,-0.0756433681,6.31117018e-06,30,1.03699994,1,0.12821852011668264,256.0,2.755119039836239,15.299649079846162,18.6301231
739,695111400012405,173736857,2459491.873370534,59491.3685764,18.462944,0.0423065312,32768,zg,10.9663746,41.2639717,1.11899996,-0.331,20211004368530,695,0xb,0x4,18.6800003,23.8766232,0.0537797958,-0.0101459781,0.000306732429,30,1.03699994,1,0.1495623911904704,259.0,2.71668222759362,15.314902895925883,18.462944
740,695111400012405,174434950,2459498.8544231034,59498.3495023,18.6382294,0.0478954464,0,zg,10.96664,41.2640057,1.54900002,0.136999995,20211011349502,695,0xb,0x4,21.4699993,26.3968792,0.0256572515,-0.0694108829,5.79746438e-06,30,1.03699994,1,0.12726478261243235,266.0,2.6364099823412133,15.34746763160684,18.638229399999993
741,695111400012405,174841049,2459502.9154605223,59502.4104977,18.4987965,0.0433801413,0,zg,10.9667233,41.2639407,1.02900004,0.0209999997,20211015410486,695,0xb,0x4,20.4200001,26.3535805,0.0412134044,-0.0610178411,1.78923947e-05,30,1.21500003,1,0.14470428776957087,270.0,2.525228612291532,15.394248246276796,18.498796500000005
742,695111400012405,175040936,2459504.91433828,59504.4093634,18.6704216,0.0490193181,0,zg,10.9666421,41.2640142,1.03900003,0.0579999983,20211017409340,695,0xb,0x4,20.5200005,26.2901859,0.0341977924,-0.0368914939,1.31714132e-05,30,1.23300004,1,0.1235467598398122,272.0,2.4345199265338677,15.43396666601324,18.670421600000005
743,695111400012405,175624464,2459510.7496186187,59510.2446412,18.7158337,0.0506597459,0,zg,10.966649,41.2639947,0.927999973,0.169,20211023244595,695,0xb,0x4,20.6499996,26.3997669,0.0306564942,-0.0389024131,9.94945913e-06,30,1.01600003,1,0.11848585860565236,278.0,2.3957034737175964,15.451417343521577,18.715833699999997
744,695111400012405,176322657,2459517.7314902204,59517.2265741,18.5836792,0.0460623614,0,zg,10.9666534,41.2639991,2.38100004,0.240999997,20211030226574,695,0xb,0x4,21.6900005,26.4345951,0.0261163674,-0.0666453838,5.9155177e-06,30,1.01600003,1,0.1338222476739144,285.0,2.3136592575290176,15.48925150269077,18.5836792
745,695111400012405,176630469,2459520.8095659446,59520.3046991,18.6911983,0.0497617424,0,zg,10.966604,41.2639957,2.3210001,0.149000004,20211102304699,695,0xb,0x4,21.3999996,26.4299068,0.0269140527,-0.074733533,6.32400224e-06,30,1.05900002,1,0.12120504021620353,288.0,2.1943687738328346,15.546725963573273,18.691198300000003
746,695111400012405,176825460,2459522.7594351424,59522.2546065,18.6368847,0.0478491969,0,zg,10.9666606,41.2640134,1.81099999,0.233999997,20211104254560,695,0xb,0x4,21.7099991,26.455431,0.0299896412,-0.0752513856,7.78477897e-06,30,1.01199996,1,0.1274224995343797,290.0,2.15701433414973,15.56536742210519,18.636884700000003
747,695111400012405,177030672,2459524.811507077,59524.3067245,18.6618252,0.0487160943,0,zg,10.9666713,41.2640068,2.0250001,0.226999998,20211106306713,695,0xb,0x4,21.8099995,26.4528122,0.0267757643,-0.079324089,6.16855505e-06,30,1.08399999,1,0.12452883351524131,292.0,2.1257545328115475,15.581217215477473,18.661825200000003
748,695111400012405,177222718,2459526.73192163,59526.2271875,18.6329708,0.0477148816,0,zg,10.9666306,41.2639965,2.34699988,0.169,20211108227176,695,0xb,0x4,21.6399994,26.454546,0.025125118,-0.0746566057,5.47789705e-06,30,1.00800002,1,0.12788266554853836,294.0,2.1012728828846616,15.593793860137659,18.632970800000002
749,695111400012405,177525320,2459529.7578533767,59529.253206,18.6913948,0.0497688353,0,zg,10.9666514,41.2640068,1.13800001,0.0439999998,20211111253194,695,0xb,0x4,20.8400002,26.4281769,0.0282386616,-0.052613508,7.05944649e-06,30,1.02400005,1,0.1211831061264961,297.0,2.067256212225688,15.611514235790118,18.691394800000005
750,695111400012405,177734215,2459531.846732951,59531.3421528,18.677494,0.0492705256,0,zg,10.9666303,41.2640057,2.22900009,0.222000003,20211113342153,695,0xb,0x4,20.8199997,26.3797874,0.0302008595,-0.0472733043,8.58440399e-06,30,1.26199996,1,0.12274460142570076,299.0,2.0287879385499186,15.631908364342102,18.677494000000003
751,695111400012405,178324366,2459537.74802812,59537.243669,18.6209507,0.0473052636,0,zg,10.9666118,41.2639576,0.606000006,0.0419999994,20211119243623,695,0xb,0x4,19.8500004,26.339365,0.0376876667,-0.0430043153,3.0161762e-05,30,1.03799999,1,0.129306310455127,305.0,2.0092768975949737,15.642400522973809,18.6209507
752,695111400012405,178629501,2459540.799238821,59540.2950116,18.6400719,0.0479589365,0,zg,10.9668288,41.2638363,0.866999984,0.0120000001,20211122294525,695,0xb,0x4,19.2900009,26.3897285,0.0446209386,-0.0345519856,5.78462641e-05,30,1.17200005,1,0.12704899675948342,308.0,1.9316259037031922,15.685192448021944,18.640071900000002
753,695111400012405,179621962,2459550.723349824,59550.2196296,18.6635075,0.0487752482,0,zg,10.9666557,41.2640049,1.83899999,0.155000001,20211202219595,695,0xb,0x4,21.2099991,26.4141521,0.0264081266,-0.0692425817,6.13255907e-06,30,1.05400002,1,0.12433603102968935,318.0,1.8927397504073438,15.70727274233834,18.6635075
754,695111400012405,186814409,2459622.64225497,59622.1440972,18.7348175,0.0513651259,0,zg,10.966672,41.2639817,1.36699998,0.152999997,20220212144086,695,0xb,0x4,20.0900002,26.2884159,0.0355666354,-0.036066737,1.84687069e-05,30,1.59500003,1,0.1164321722301555,390.0,1.7710894894589817,15.779398735652244,18.7348175
755,695111400012405,187317728,2459627.675060553,59627.1772801,18.736639,0.0514334291,0,zg,10.9668078,41.2640065,0.579999983,-0.00400000019,20220217177269,695,0xb,0x4,19.0499992,26.1699047,0.0450031646,-0.0318675973,7.41733165e-05,30,2.22600007,1,0.11623700198549777,395.0,1.1844196123959525,16.216236024726562,18.736639000000004
756,695111400012405,187517300,2459629.670645135,59629.1730093,18.654768,0.0484688655,0,zg,10.9668535,41.2640782,0.851999998,0.0670000017,20220219172998,695,0xb,0x4,19.3199997,26.182127,0.0421234593,-0.0235123821,5.21178954e-05,30,2.24900007,1,0.12534089746288254,397.0,1.1640224698901294,16.235096590334088,18.654767999999997
757,695111400012405,196847482,2459722.9709436004,59722.4748264,18.4779587,0.0427519865,0,zg,10.9666791,41.2640042,1.25899994,-0.00600000005,20220523474826,695,0xb,0x4,20.1100006,26.1940861,0.0375012979,-0.0394484811,1.97032114e-05,30,1.99000001,1,0.147508321094879,490.0,1.17469924548648,16.225183275490842,18.477958699999995
758,695111400012405,196847719,2459722.9733164115,59722.4771991,18.6937523,0.0498539247,0,zg,10.9666405,41.2640046,0.550000012,-0.0160000008,20220523477188,695,0xb,0x4,20.2399998,26.1980877,0.0353695229,-0.0370611586,1.65796264e-05,30,1.954,1,0.12092026213919238,490.0,0.7608249154019415,16.69678818403701,18.693752299999993
759,695111400012405,196847957,2459722.9756892216,59722.4795718,18.5352669,0.044507917,0,zg,10.9666212,41.2639815,1.125,0.0829999968,20220523479560,695,0xb,0x4,20.1599998,26.2016621,0.0357949957,-0.0285474639,1.72136697e-05,30,1.91999996,1,0.13992433127249548,490.0,0.7798289845352446,16.67000156768355,18.535266900000003
760,695111400012405,196848194,2459722.978061929,59722.4819444,18.5042362,0.0435460769,0,zg,10.9666556,41.2639928,1.17400002,-0.0289999992,20220523481933,695,0xb,0x4,19.9500008,26.2083988,0.0369259901,-0.0346453972,2.30034875e-05,30,1.88699996,1,0.1439811108729915,490.0,0.7838857641357406,16.66436805636382,18.5042362
761,695111400012405,196848432,2459722.980446339,59722.4843287,18.5504684,0.0449888632,0,zg,10.9666458,41.2639842,0.619000018,0.100000001,20220523484306,695,0xb,0x4,19.7099991,26.222868,0.0380998105,-0.0394095182,3.02926546e-05,30,1.85500002,1,0.13797888782307766,490.0,0.7778835410858268,16.672713543675023,18.550468399999993
762,695111400012405,200344405,2459757.94233831,59757.4440509,18.7380276,0.051485572,0,zg,10.9666527,41.2640173,1.93799996,0.188999996,20220627444039,695,0xb,0x4,21.2299995,26.2914352,0.0300518852,-0.059074007,7.74963064e-06,30,1.36099994,2,0.11608843594444601,525.0,0.7559930892071951,16.70370543628963,18.738027600000002
763,695111400012405,201042770,2459764.926534101,59764.4277083,18.7264957,0.0510544628,0,zg,10.9666073,41.2640082,1.96599996,0.141000003,20220704427708,695,0xb,0x4,21.3299999,26.3873653,0.0288677625,-0.104073517,7.21819288e-06,30,1.34500003,1,0.11732801414234045,532.0,0.6633010503158758,16.845723287524343,18.726495700000008
764,695111400012405,201242820,2459766.927189743,59766.428206,18.7075539,0.0503557809,0,zg,10.9666305,41.2640186,1.55900002,0.165999994,20220706428206,695,0xb,0x4,21.3600006,26.3825645,0.0290681086,-0.0914004371,7.31345199e-06,30,1.31200004,1,0.11939288319069553,534.0,0.6488866559019033,16.869577892110264,18.7075539
765,695111400012405,201542392,2459769.923146256,59769.4239236,18.6797523,0.0493510477,0,zg,10.9666644,41.2640094,1.40600002,0.0729999989,20220709423900,695,0xb,0x4,21.3799992,26.3724422,0.0264489483,-0.0763469562,6.07137599e-06,30,1.29200006,1,0.12248956152369748,537.0,0.6474009251875069,16.872066710728966,18.679752299999997
766,695111400012405,201546232,2459769.9615521613,59769.4623264,18.6784401,0.0493042246,0,zg,10.9666422,41.2639821,1.25999999,0.105999999,20220709462257,695,0xb,0x4,21.3299999,26.415163,0.0282343291,-0.10228046,6.91695914e-06,30,1.14100003,1,0.12263768955807057,537.0,0.640777286148602,16.88323222808966,18.678440099999996
767,695111400012405,202640111,2459780.9012248106,59780.4011111,18.7298107,0.0511779524,0,zg,10.9666183,41.2639989,1.14199996,0.0610000007,20220720401111,695,0xb,0x4,20.8199997,26.2738934,0.0286119971,-0.0623913109,8.03642979e-06,30,1.25699997,1,0.11697033130539879,548.0,0.6351099278959302,16.89287774603485,18.729810699999994
768,695111400012405,202645107,2459780.9511942253,59780.4510764,18.6514282,0.0483523868,0,zg,10.9666268,41.2639525,1.26800001,0.0780000016,20220720451065,695,0xb,0x4,20.7099991,26.2497654,0.0325500183,-0.0565707088,1.0731801e-05,30,1.09200001,1,0.12572704838088158,548.0,0.6200419811946309,16.91894726180302,18.651428200000005
769,695111400012405,202844834,2459782.948626013,59782.4483449,18.5739441,0.0457444265,0,zg,10.9666381,41.2639835,2.1099999,0.169,20220722448322,695,0xb,0x4,21.1100006,26.2799568,0.028223604,-0.0437020659,6.96819325e-06,30,1.08599997,1,0.13502754138861472,550.0,0.6293424742023641,16.90278239203115,18.5739441
770,695111400012405,203040395,2459784.9043991864,59784.4039583,18.6748009,0.0491746925,0,zg,10.9666472,41.2639831,1.60699999,0.138999999,20220724403947,695,0xb,0x4,21.5599995,26.2691307,0.0273145363,-0.0943059325,6.50543643e-06,30,1.20000005,1,0.12304943955741338,552.0,0.6131957511595664,16.931002157596787,18.6748009
771,695111400012405,203244903,2459786.9496471263,59786.4490394,18.6680279,0.0489346497,0,zg,10.9666442,41.263994,2.8440001,0.27700001,20220726449028,695,0xb,0x4,21.7000008,26.345644,0.029270377,-0.0910701603,7.4581958e-06,30,1.06299996,1,0.12381944128545454,554.0,0.6098455080748072,16.936950426770075,18.66802789999999
772,695111400012405,203445315,2459788.953930417,59788.4531597,18.6637039,0.0487821698,0,zg,10.9666522,41.2639919,1.27499998,0.104999997,20220728453056,695,0xb,0x4,21.4200001,26.2913265,0.0297134686,-0.0499075502,7.66471112e-06,30,1.04799998,1,0.12431354178425726,556.0,0.6062670394201161,16.94334010541899,18.663703899999994
773,695111400012405,203636619,2459790.867117724,59790.3661921,18.6464806,0.0481804945,0,zg,10.9666627,41.2640084,1.61000001,0.115000002,20220730366181,695,0xb,0x4,21.2399998,26.2066803,0.0296396799,-0.0526777133,7.70094539e-06,30,1.29400003,1,0.12630128234576363,558.0,0.6042291979403573,16.94699573076675,18.646480599999997
774,695111400012405,204441092,2459798.9124925816,59798.4109259,18.6789799,0.0493234806,0,zg,10.966674,41.2640018,1.33099997,0.201000005,20220807410926,695,0xb,0x4,21.4899998,26.3646889,0.0274207834,-0.0676325858,6.5406648e-06,30,1.07299995,1,0.12257673242056487,566.0,0.5965253765011816,16.96092769121622,18.678979899999995
775,695111400012405,204742930,2459801.931106725,59801.4293056,18.7046165,0.0502484627,0,zg,10.9666549,41.2640054,1.00199997,0.112000003,20220810429306,695,0xb,0x4,20.8199997,26.3803101,0.0302943904,-0.055300273,8.80697098e-06,30,1.03199995,1,0.11971633145354807,569.0,0.5781978677222014,16.99480878563343,18.704616500000007
776,695111400012405,204947802,2459803.979978682,59803.4780208,18.7447376,0.0517384373,0,zg,10.9666123,41.2639939,0.944000006,0.120999999,20220812478009,695,0xb,0x4,20.5300007,26.3756313,0.0333399437,-0.0358964056,1.32736632e-05,30,1.00999999,1,0.11537320573218776,571.0,0.5682345137489557,17.013680978470823,18.7447376
777,695111400012405,205245384,2459806.956024351,59806.4538426,18.7231522,0.0509303175,0,zg,10.9666341,41.2640089,0.703999996,0.0790000036,20220815453819,695,0xb,0x4,20.6499996,26.3387699,0.0346108042,-0.0404568687,1.39778895e-05,30,1.00899994,1,0.11768987999180672,574.0,0.5668572295570591,17.016315775268644,18.72315220000001
778,695111400012405,205432194,2459808.824264119,59808.3219444,18.7666321,0.0525738522,0,zg,10.9666847,41.2639908,1.41100001,0.194000006,20220817321944,695,0xb,0x4,20.7000008,26.2674713,0.0309149623,-0.0371624306,1.02441445e-05,30,1.26999998,1,0.11306993955398147,576.0,0.5567741562195807,17.03580232893065,18.766632100000002
779,695111400012405,205636473,2459810.8672020584,59810.3647338,18.6240883,0.0474117696,0,zg,10.966572,41.2639912,0.545000017,0.0430000015,20220819364722,695,0xb,0x4,20.6100006,26.2036934,0.0387884602,-0.0337619744,1.56951846e-05,30,1.10300004,1,0.12893317578181013,578.0,0.5690463252739825,17.01213094213218,18.624088300000004
780,695111400012405,205934082,2459813.843501508,59813.3408218,18.6799183,0.0493569635,0,zg,10.9666491,41.2639871,1.43099999,0.0850000009,20220822340822,695,0xb,0x4,21.4300003,26.3277359,0.0303520337,-0.101574503,8.07503329e-06,30,1.14499998,1,0.12247083532408277,581.0,0.5590330689349657,17.031406252953012,18.679918300000004
781,695111400012405,206143339,2459815.936215871,59815.4333912,18.6247749,0.047435116,0,zg,10.9666273,41.2640008,1.17400002,0.101999998,20220824433380,695,0xb,0x4,21.6399994,26.3498173,0.028338911,-0.0756376013,6.90482875e-06,30,1.00800002,1,0.12885166654132285,583.0,0.5601615876889081,17.029216689096693,18.6247749
782,695111400012405,206342527,2459817.928237351,59817.4252778,18.5604515,0.045308236,0,zg,10.9666575,41.263976,1.84399998,0.128999993,20220826425255,695,0xb,0x4,21.6000004,26.3330593,0.0269819703,-0.0697093904,6.23150663e-06,30,1.00800002,1,0.13671601780910772,585.0,0.5645729720142127,17.0206997920316,18.560451499999992
783,695111400012405,206542280,2459819.925892519,59819.4228009,18.6037903,0.0467279442,0,zg,10.9666516,41.2640108,1.37800002,0.0670000017,20220828422789,695,0xb,0x4,21.6299992,26.3785973,0.0310219824,-0.0697192624,8.32598289e-06,30,1.00800002,1,0.13136627339530263,587.0,0.5558084928084458,17.037687053613844,18.603790300000007
784,695111400012405,206842100,2459822.924290388,59822.4210069,18.6555271,0.0484953932,0,zg,10.9666408,41.2640348,2.00399995,0.126000002,20220831420995,695,0xb,0x4,21.2800007,26.3646984,0.0280742366,-0.0480056517,6.95797871e-06,30,1.00899994,1,0.12525329513230926,590.0,0.5463184840166337,17.0563852635377,18.655527099999993
785,695111400012405,207040484,2459824.9082555203,59824.4048495,18.6695633,0.0489889421,0,zg,10.9666559,41.2640012,1.58800006,0.0890000015,20220902404838,695,0xb,0x4,21.0300007,26.3092117,0.0332834013,-0.0469761267,9.76124738e-06,30,1.00899994,1,0.12364446507261422,592.0,0.539713670426908,17.069591453837425,18.6695633
786,695111400012405,207236650,2459826.870028144,59826.3665046,18.636097,0.0478221141,0,zg,10.9667566,41.2639825,0.513999999,-0.0460000001,20220904366470,695,0xb,0x4,20.75,26.3188534,0.0345628411,-0.0366080329,1.14438099e-05,30,1.02699995,1,0.12751497791047944,594.0,0.5402991609746995,17.068414267179868,18.636097
787,695111400012405,207446778,2459828.9714346784,59828.4677894,18.6611748,0.0486932248,0,zg,10.9666555,41.2640046,1.80400002,0.180999994,20220906467766,695,0xb,0x4,20.9400005,26.3185501,0.0305477288,-0.0480312258,8.33336253e-06,30,1.07200003,1,0.12460345368266115,596.0,0.5341385390238126,17.08086521449696,18.661174800000005
788,695111400012405,208530605,2459839.810252962,59839.3060532,18.6600342,0.0486531779,0,zg,10.9666331,41.2640015,1.51699996,0.104000002,20220917306053,695,0xb,0x4,21.3199997,26.4115963,0.0264240485,-0.052288577,6.13288375e-06,30,1.05999994,1,0.1247344223074311,607.0,0.5310558447174595,17.08714951755342,18.660034200000005
789,695111400012405,208536322,2459839.8674315494,59839.3632292,18.7080402,0.0503735766,0,zg,10.9666757,41.264026,2.09800005,0.231999993,20220917363218,695,0xb,0x4,21.25,26.4226189,0.0258024875,-0.0586391538,5.88530929e-06,30,1.00899994,1,0.11933941922946187,607.0,0.508597955405444,17.134063475117237,18.708040199999992
790,695111400012405,208636141,2459840.8656587484,59840.361412,18.6516628,0.0483605638,0,zg,10.9666438,41.2639948,1.199,0.0719999969,20220918361400,695,0xb,0x4,21.3500004,26.4183235,0.0249530207,-0.0598284341,5.42055204e-06,30,1.00899994,2,0.12569988489583808,608.0,0.5149584210718202,17.120569588698253,18.651662800000004
791,695111400012405,208728127,2459841.7855596985,59841.2812731,18.7010517,0.0501185693,0,zg,10.9666646,41.2639882,2.5999999,0.237000003,20220919281250,695,0xb,0x4,21.6100006,26.4143162,0.0256161802,-0.066199936,5.71529336e-06,30,1.10000002,1,0.12011004232248312,609.0,0.507867183347554,17.135624622247867,18.7010517
792,695111400012405,208730076,2459841.8050513407,59841.3007639,18.7006187,0.0501028337,0,zg,10.9666361,41.2639879,2.14700007,0.158000007,20220919300764,695,0xb,0x4,21.6499996,26.4426975,0.0251721293,-0.0830554888,5.52175334e-06,30,1.05999994,2,0.12015795268966294,609.0,0.5064217541566054,17.13871911693939,18.7006187
793,695111400012405,208732063,2459841.8249248955,59841.3206366,18.6854362,0.0495544709,0,zg,10.9666427,41.2640039,2.01399994,0.180999994,20220919320613,695,0xb,0x4,21.6200008,26.4444275,0.0266437475,-0.0783551708,6.20496439e-06,30,1.03199995,1,0.12184999620648432,609.0,0.5081137976734268,17.13509752949225,18.685436200000005
794,695111400012405,208934290,2459843.8472773745,59843.3429051,18.679657,0.0493476428,0,zg,10.9666403,41.2640041,1.46800005,0.108999997,20220921342905,695,0xb,0x4,21.6100006,26.4375324,0.0268574078,-0.077540122,6.21834397e-06,30,1.01100004,1,0.12250031346093981,611.0,0.5087641149278823,17.13370882181112,18.679657
795,695111400012405,209236576,2459846.8702523005,59846.3657639,18.6781197,0.0492928326,0,zg,10.966633,41.264025,1.70899999,0.0939999968,20220924365764,695,0xb,0x4,21.3999996,26.4055538,0.0261271447,-0.0527111255,5.93361619e-06,30,1.01199996,1,0.12267388519548032,614.0,0.5059749590927426,17.139677440098858,18.678119700000003
796,695111400012405,209436781,2459848.8723714515,59848.3678125,18.7089348,0.0504063107,0,zg,10.9666519,41.2640135,1.45000005,0.142000005,20220926367766,695,0xb,0x4,21.3099995,26.383215,0.027950963,-0.0497010984,6.8386762e-06,30,1.01499999,1,0.119241129172635,616.0,0.4981571946455124,17.15658398248417,18.7089348
797,695111400012405,209638681,2459850.891441943,59850.3868171,18.7025223,0.0501721092,0,zg,10.9666404,41.2639843,2.26099992,0.217999995,20220928386817,695,0xb,0x4,21.5,26.3778858,0.02561545,-0.0631863549,5.60240369e-06,30,1.03799999,1,0.11994746668153942,618.0,0.4959789726873007,17.161341838207214,18.70252229999999
798,695111400012405,209833994,2459852.844625588,59852.3399421,18.7614937,0.0523763597,0,zg,10.9666713,41.2640164,1.89900005,0.101000004,20220930339896,695,0xb,0x4,21.5499992,26.4139881,0.028616311,-0.0734053999,7.05808679e-06,30,1.00899994,1,0.11360632728353241,620.0,0.4867838188334205,17.181659666430285,18.761493699999995
799,695111400012405,210036503,2459854.8697736054,59854.3650347,18.654295,0.0484523401,0,zg,10.9666609,41.2640083,2.39299989,0.225999996,20221002365023,695,0xb,0x4,21.7299995,26.3913937,0.0280195754,-0.0742749572,6.77449043e-06,30,1.02600002,1,0.1253955140079655,622.0,0.4957491332421263,17.161845091084466,18.654294999999998
800,695111400012405,210231987,2459856.824659855,59856.3198727,18.698164,0.0500136837,0,zg,10.9666659,41.2640057,1.23599994,0.0289999992,20221004319688,695,0xb,0x4,21.0599995,26.3589573,0.027304871,-0.0502383821,6.66462074e-06,30,1.00800002,1,0.12042992059420739,624.0,0.4879894131791123,17.178973999541206,18.698164
801,695111400012405,210441052,2459858.915353757,59858.4105208,18.6697788,0.0489965752,0,zg,10.9666257,41.2639752,1.24800003,0.164000005,20221006410509,695,0xb,0x4,20.7700005,26.3496437,0.0315655209,-0.0366746038,9.38385529e-06,30,1.13,1,0.12361992620400568,626.0,0.4884146475970678,17.178028300007945,18.669778799999996
802,1735101200069234,210628364,2459860.788514735,59860.2836458,18.6696892,0.0507758074,0,zg,10.966632,41.2639806,1.02900004,0.127000004,20221008283646,1735,0x1,0x2,20.4799995,26.4499226,0.0420966782,-0.0567837767,2.65272301e-05,30,1.02199996,2,0.12363012831607242,628.0,0.4856890499224029,17.184104219451463,18.6696892
803,695111400012405,210634548,2459860.850356136,59860.3454861,18.7415009,0.0516162887,0,zg,10.9666401,41.2640061,0.698000014,0.0949999988,20221008345370,695,0xb,0x4,20.4899998,26.3912888,0.0329900347,-0.0404592976,1.32609894e-05,30,1.023,1,0.11571765922161836,628.0,0.4750693744379566,17.20810741417143,18.7415009
804,695111400012405,210838718,2459862.892090991,59862.3871875,18.7746773,0.0528848842,0,zg,10.9665988,41.2640319,1.12,0.0599999987,20221010387187,695,0xb,0x4,19.9200001,26.3988209,0.033947181,-0.0286500473,2.17993256e-05,30,1.09800005,1,0.1122351987591671,630.0,0.47158691397550534,17.21609563652442,18.7746773
805,695111400012405,211039340,2459864.8983335053,59864.3934028,18.7238884,0.0509576052,0,zg,10.9666389,41.2640011,1.23599994,0.128000006,20221012393391,695,0xb,0x4,19.9099998,26.3319263,0.0354236439,-0.0130495774,2.13757849e-05,30,1.12800002,1,0.11761010562211585,632.0,0.47428283576941677,17.20990648030324,18.7238884
806,1735101200069234,211231028,2459866.8152408423,59866.3102894,18.6104279,0.0490115955,0,zg,10.966652,41.2639971,2.14899993,0.134000003,20221014310278,1735,0x1,0x2,20.6599998,26.3476009,0.0327786878,-0.0245559812,1.33177055e-05,30,1.028,2,0.1305656213942282,634.0,0.48458722153349787,17.186570105761753,18.610427899999998
807,695111400012405,211529157,2459869.7965473826,59869.2915741,18.6228218,0.0473687202,0,zg,10.9666303,41.2639962,1.90100002,0.111000001,20221017291562,695,0xb,0x4,21.2000008,26.3821602,0.02674908,-0.0528770611,6.26643669e-06,30,1.00899994,1,0.12908366274517624,637.0,0.4804816273993787,17.195808035449666,18.622821800000004
808,695111400012405,211724322,2459871.7482098853,59871.2432292,18.6672726,0.0489079542,0,zg,10.9666499,41.2640304,1.15999997,0.063000001,20221019243194,695,0xb,0x4,21.0900002,26.3893051,0.0271023568,-0.0506562144,6.42513851e-06,30,1.02699995,1,0.12390560711500383,639.0,0.47141889588794583,17.216482534082722,18.667272599999997
809,1735101200069234,211832723,2459872.832216227,59872.3272338,18.6408272,0.0499053411,0,zg,10.9666224,41.264051,1.32700002,0.0500000007,20221020327211,1735,0x1,0x2,21.0799999,26.2996788,0.0337521471,-0.0575386956,1.28299271e-05,30,1.06500006,2,0.1269606449693247,640.0,0.4719174937887514,17.21533480809895,18.640827199999997
810,695111400012405,211921826,2459873.7232464934,59873.2182639,18.6729584,0.0491092354,0,zg,10.9666277,41.2640117,2.00500011,0.125,20221021218252,695,0xb,0x4,21.3899994,26.3789825,0.0258395653,-0.0599962249,5.84352392e-06,30,1.05200005,1,0.12325843237866468,641.0,0.4669469359135598,17.226831175187108,18.67295839999999
811,1735101200069234,212230899,2459876.813967367,59876.3089931,18.572401,0.0479259863,0,zg,10.9666583,41.263975,1.08800006,0.0109999999,20221024308970,1735,0x1,0x2,20.8400002,26.3673763,0.033060845,-0.0641604066,1.22831998e-05,30,1.05400002,2,0.1352195853995453,644.0,0.47764627043874797,17.202234022416185,18.572401000000006
812,695111400012405,212328325,2459877.7882210743,59877.2832523,18.5756893,0.0458012223,0,zg,10.9666798,41.2639838,2.17499995,0.214000002,20221025283241,695,0xb,0x4,21.3500004,26.4097214,0.0263611879,-0.0639043003,6.0435982e-06,30,1.01199996,1,0.13481067399944588,645.0,0.4734906474455959,17.211721487284727,18.5756893
813,695111400012405,212532434,2459879.829293081,59879.3243403,18.5625839,0.0453768298,0,zg,10.9666789,41.263989,1.20599997,0.0689999983,20221027324340,695,0xb,0x4,21.2299995,26.3831501,0.0274749864,-0.0795853436,6.54450969e-06,30,1.06400001,1,0.13644776928345048,647.0,0.47389161614847314,17.210802436379076,18.5625839
814,695111400012405,212734966,2459881.854595348,59881.3496644,18.6009331,0.0466326587,0,zg,10.966637,41.2640104,1.91700006,0.172999993,20221029349653,695,0xb,0x4,21.1900005,26.3749313,0.0269552357,-0.0720878839,6.39647442e-06,30,1.13499999,1,0.1317124293180363,649.0,0.46670294505846077,17.227398646391116,18.6009331
815,1735101200069234,212817427,2459882.679191184,59882.1742708,18.5465393,0.0472078286,0,zg,10.966656,41.2639921,0.967000008,0.00700000022,20221030174213,1735,0x1,0x2,21.0699997,26.450285,0.0408457406,-0.0696822181,1.8829076e-05,30,1.07299995,2,0.13847911520312314,650.0,0.4710412623449972,17.217352619524682,18.5465393
816,695111400012405,212924085,2459883.7457617703,59883.2408565,18.6246052,0.0474293195,0,zg,10.9666496,41.2639942,1.63900006,0.143000007,20221031240741,695,0xb,0x4,21.3299999,26.3940449,0.0260345563,-0.0620404631,5.98090674e-06,30,1.00899994,1,0.12887180756327393,651.0,0.46022903243131147,17.242564970975188,18.624605199999998
817,1735101200069234,213327039,2459887.7752269665,59887.2703935,18.64468,0.0500202961,0,zg,10.9665705,41.263963,0.685000002,-0.0219999999,20221104270382,1735,0x1,0x2,20.1100006,26.3578453,0.0387013033,-0.0680607408,2.48391043e-05,30,1.04400003,2,0.1265109159279745,655.0,0.4566693410506306,17.250995360513265,18.64468
818,695111400012405,214035174,2459894.8563998668,59894.3517477,18.5466328,0.0448668897,0,zg,10.9667711,41.2636239,0.978999972,0.0949999988,20221111351748,695,0xb,0x4,18.9200001,26.3466988,0.047865402,-0.0272075366,0.000111163463,30,1.278,1,0.13846719035459976,662.0,0.46389087136102125,17.233960434064933,18.546632800000005
819,695111400012405,214222284,2459896.727440014,59896.2228472,18.6707191,0.0490298718,0,zg,10.9666657,41.2640255,1.36699998,0.144999996,20221113222650,695,0xb,0x4,20.7399998,26.3731308,0.0285229161,-0.0398104712,7.89856676e-06,30,1.00899994,1,0.12351291172297273,664.0,0.4408777540772393,17.289204535907892,18.670719100000007
820,695111400012405,214421740,2459898.7219317146,59898.2174074,18.7385101,0.0515037179,0,zg,10.9666305,41.2640161,1.85000002,0.104999997,20221115217292,695,0xb,0x4,21.0799999,26.2233486,0.0286913197,-0.0634171888,7.32852868e-06,30,1.00899994,1,0.11603685783002385,666.0,0.43115080397651406,17.313426999309975,18.738510100000006
821,695111400012405,214620699,2459900.711441412,59900.2069907,18.5523529,0.0450489447,0,zg,10.9666362,41.2641068,0.552999973,0.240999997,20221117206991,695,0xb,0x4,19.9400005,26.3997498,0.0367364697,-0.0429873317,2.17664183e-05,30,1.00899994,1,0.1377396071529377,668.0,0.4506250816432088,17.265461598130052,18.552352899999995
822,695111400012405,214828054,2459902.784912456,59902.280544,18.5985622,0.0465537719,0,zg,10.9665868,41.2640048,0.693000019,-0.0419999994,20221119280532,695,0xb,0x4,20.3600006,26.3784122,0.0349355154,-0.0512107983,1.40546335e-05,30,1.10399997,1,0.13200036132405393,670.0,0.44267951104682735,17.284776446042393,18.598562199999996
823,695111400012405,215018078,2459904.68507524,59904.180787,18.6158028,0.0471311286,0,zg,10.9666358,41.2640039,1.34800005,0.177000001,20221121180729,695,0xb,0x4,21.2399998,26.3908882,0.0272369385,-0.0703928918,6.41877068e-06,30,1.00999999,1,0.12992085800113629,672.0,0.43841555629855616,17.295285110449505,18.615802800000004
824,1735101200069234,215122541,2459905.7296588654,59905.2254167,18.7447243,0.0531417765,32768,zg,10.9666171,41.263952,0.737999976,-0.0590000004,20221122225405,1735,0x1,0x2,19.5200005,24.9059563,0.0668711141,-0.0637569577,0.000147884959,30,1.04900002,2,0.1153746190340827,673.0,0.4217064697843382,17.33747434006373,18.744724299999994
825,695111400012405,215220045,2459906.704649331,59906.2004514,18.6158295,0.0471320525,0,zg,10.9666423,41.2640263,1.648,0.136000007,20221123200428,695,0xb,0x4,21.3999996,26.4161873,0.0255663022,-0.0635791048,5.69493795e-06,30,1.01100004,1,0.12991766307750685,674.0,0.4351761083903694,17.30333738965708,18.615829499999997
826,695111400012405,215424040,2459908.744506655,59908.2404051,18.6359444,0.0478168726,0,zg,10.9666391,41.2639814,0.907000005,0.0410000011,20221125240394,695,0xb,0x4,20.5799999,26.4040051,0.0323310494,-0.0548432395,9.90493663e-06,30,1.05599999,1,0.12753290137390705,676.0,0.43172324297171893,17.31198642328271,18.635944399999993
827,695111400012405,215621553,2459910.719535845,59910.2155324,18.6390114,0.0479223765,0,zg,10.9666388,41.2640139,1.65999997,0.144999996,20221127215521,695,0xb,0x4,21.3199997,26.4083843,0.025694238,-0.0662313178,5.73562056e-06,30,1.02999997,1,0.1271731533306436,678.0,0.429243062613855,17.318241787842588,18.639011400000008
828,695111400012405,216822913,2459922.732444283,59922.2291319,18.6890888,0.0496857204,0,zg,10.9665998,41.2639725,1.31500006,0.0729999989,20221209229132,695,0xb,0x4,20.3400002,26.3910236,0.0324168839,-0.0342462845,1.40061002e-05,30,1.11199999,1,0.12144076098998806,690.0,0.4214110570970337,17.33823518360652,18.6890888
829,695111400012405,217420137,2459928.704292269,59928.2013773,18.544035,0.0447845235,0,zg,10.9666227,41.2640153,0.469000012,-0.00400000019,20221215201377,695,0xb,0x4,20.5499992,26.3001652,0.0327377133,-0.0616679266,1.09048924e-05,30,1.08500004,1,0.13879889223696154,696.0,0.42659474942244635,17.324961235501114,18.544035
830,695111400012405,217813062,2459932.633261635,59932.130625,18.6532364,0.0484154075,0,zg,10.9666053,41.2640193,1.98500001,0.287999988,20221219130556,695,0xb,0x4,21.5200005,26.4022083,0.0268219486,-0.0557443686,6.27037389e-06,30,1.01100004,1,0.12551783508795886,700.0,0.40748777892950894,17.374713529414713,18.653236400000004
831,695111400012405,218020059,2459934.7030753926,59934.2005903,18.6719666,0.0490740575,0,zg,10.9666295,41.2640085,1.99399996,0.226999998,20221221200567,695,0xb,0x4,21.3199997,26.3923912,0.0262412056,-0.0624096915,5.9990125e-06,30,1.12300003,1,0.12337107812559446,702.0,0.40154965731309467,17.390651850972326,18.671966599999998
832,695111400012405,218217712,2459936.679467116,59936.1771296,18.7017136,0.0501426831,32768,zg,10.966601,41.2640018,1.38399994,0.172000006,20221223177072,695,0xb,0x4,20.8500004,26.0211449,0.0311438702,-0.0477751568,9.36426659e-06,30,1.08000004,1,0.12003684166062388,704.0,0.39634685355861354,17.404811462873845,18.701713599999998
833,695111400012405,219713770,2459951.63885698,59951.1377083,18.6058254,0.0467959493,0,zg,10.9666597,41.2640179,0.795000017,-0.0130000003,20230107137708,695,0xb,0x4,20.1100006,26.4024601,0.033944834,-0.0361883119,1.73038079e-05,30,1.08299994,1,0.13112027155393233,719.0,0.4055795076060761,17.379809990932564,18.605825400000008
834,695111400012405,220228159,2459956.782317233,59956.2815972,18.5489311,0.0449399166,0,zg,10.9665982,41.2640059,0.742999971,0.0810000002,20230112281586,695,0xb,0x4,19.5300007,26.0729713,0.0421391428,-0.0388626605,4.35463044e-05,30,2.33400011,1,0.1381743912810906,724.0,0.39929918182222307,17.39675394922275,18.548931099999997
835,695111400012405,221318378,2459967.683585627,59967.1837847,18.5278473,0.0442755222,0,zg,10.9665679,41.2639635,1.46599996,0.467000008,20230123183773,695,0xb,0x4,19.4099998,26.3146152,0.0428891368,-0.0305113923,5.20554531e-05,30,1.46700001,1,0.14088380740883807,735.0,0.39776902557174665,17.400922596436537,18.527847299999998
836,695111400012405,221517571,2459969.675351053,59969.1757176,18.6616211,0.0487089306,0,zg,10.9666191,41.2640553,0.751999974,0.0379999988,20230125175683,695,0xb,0x4,20.1900005,26.336338,0.0344151743,-0.0478442647,1.44434462e-05,30,1.44799995,1,0.12455224502521876,737.0,0.372450518076009,17.472328543222027,18.661621099999998
837,695111400012405,222314302,2459977.6419933247,59977.1430208,18.6573448,0.0485589355,0,zg,10.9666812,41.2640136,0.782000005,0.0430000015,20230202143021,695,0xb,0x4,20.2299995,26.3444538,0.033860404,-0.0383560434,1.55587823e-05,30,1.37600005,1,0.1250437760621837,745.0,0.37135659418623496,17.47552214976097,18.657344799999997
838,695111400012405,222615873,2459980.657466268,59980.1587384,18.6858788,0.0495703369,0,zg,10.9666221,41.2640312,0.925000012,0.057,20230205158727,695,0xb,0x4,20.1299992,26.3156891,0.0370827951,-0.0180307832,2.13499243e-05,30,1.54900002,1,0.12180033421940088,748.0,0.3619148061427317,17.503484123228723,18.685878800000005
839,695111400012405,222810144,2459982.6000192286,59982.1014468,18.5772038,0.0458505675,0,zg,10.9667641,41.2640077,0.689999998,0.0350000001,20230207101447,695,0xb,0x4,20.0,26.3638172,0.0359611101,-0.0398633108,1.92875432e-05,30,1.23300004,1,0.13462275686861083,750.0,0.37247059471269034,17.472270019088548,18.5772038
840,695111400012405,223014108,2459984.6394991395,59984.141088,18.7264137,0.051051449,0,zg,10.9666508,41.2640413,1.07700002,0.0759999976,20230209141088,695,0xb,0x4,19.9300003,26.3093376,0.0456105545,-0.0524393246,3.2738084e-05,30,1.495,1,0.11733687565072132,752.0,0.3536906983608405,17.528440903641503,18.726413700000002
841,695111400012405,223714098,2459991.6388597228,59991.1409838,18.6755371,0.0492008477,0,zg,10.966588,41.2639768,0.879000008,0.00700000022,20230216140938,695,0xb,0x4,19.9500008,26.2070103,0.036742378,-0.0348212756,2.12247433e-05,30,1.66400003,1,0.12296603228839152,759.0,0.3578393210445589,17.515779847135455,18.675537100000007
842,695111400012405,234344782,2460097.944431848,60097.4478241,18.6141891,0.0470767431,0,zg,10.9666291,41.2639821,0.676999986,0.0920000002,20230602447824,695,0xb,0x4,20.1700001,26.1282406,0.0383474343,-0.0368720554,2.19437661e-05,30,1.99600005,1,0.13011409938502494,865.0,0.35990952954009875,17.509516635299583,18.614189099999997
843,695111400012405,237041175,2460124.91017661,60124.4117593,18.6034966,0.0467181131,0,zg,10.9666248,41.2640119,1.273,0.0410000011,20230629411759,695,0xb,0x4,20.9799995,26.2424011,0.0324007794,-0.061378058,9.38666835e-06,30,1.55900002,1,0.1314018137901068,892.0,0.30051459497068944,17.705336077361828,18.603496599999993
844,695111400012405,237242302,2460126.921592436,60126.4230208,18.6477985,0.0482261889,0,zg,10.9666763,41.2640068,0.610000014,0.0590000004,20230701423009,695,0xb,0x4,20.6499996,26.247591,0.0327461325,-0.0231112447,1.13294291e-05,30,1.42999995,1,0.12614806697210357,894.0,0.28362047333120444,17.768156056308435,18.6477985
845,695111400012405,237945403,2460133.953163595,60133.4540394,18.7313271,0.051234547,0,zg,10.9666635,41.2640196,1.60399997,0.0930000022,20230708454028,695,0xb,0x4,20.7199993,26.3513508,0.0287774969,-0.0193417501,8.12455983e-06,30,1.17900002,1,0.11680707801959768,901.0,0.2734658742250585,17.807742153769176,18.73132710000001
846,695111400012405,238140534,2460135.904627657,60135.4053472,18.7052422,0.0502713099,0,zg,10.9666997,41.264005,0.470999986,0.0299999993,20230710405347,695,0xb,0x4,20.6499996,26.3357925,0.0318683349,-0.0332653932,9.86714804e-06,30,1.38499999,1,0.11964735988528354,903.0,0.2735083428555581,17.80757355448842,18.705242200000008
847,695111400012405,238442504,2460138.924570535,60138.4250463,18.6602535,0.0486608818,0,zg,10.9666844,41.2640172,2.05900002,0.141000003,20230713425046,695,0xb,0x4,21.0599995,26.160841,0.0286872145,-0.0453315899,7.41368694e-06,30,1.23899996,1,0.12470923064822911,906.0,0.27778482479519917,17.79072870794058,18.660253500000003
848,695111400012405,238734075,2460141.8405134864,60141.3407523,18.7324047,0.0512748174,0,zg,10.966602,41.2640145,1.26999998,0.163000003,20230716340752,695,0xb,0x4,21.1100006,26.0811081,0.0272983331,-0.0395012312,6.64983372e-06,30,1.81500006,1,0.1166912037737634,909.0,0.26860014856373554,17.827234378643375,18.732404699999996
849,695111400012405,239044472,2460144.9447368784,60144.4447222,18.6524429,0.0483877212,0,zg,10.9666419,41.2639886,1.65799999,0.163000003,20230719444722,695,0xb,0x4,21.5599995,26.4162102,0.0245143473,-0.0935191438,5.219375e-06,30,1.11600006,1,0.1256096021358358,912.0,0.2763654448541204,17.796290648969453,18.652442900000004
850,695111400012405,239445237,2460148.9527150863,60148.4523727,18.648138,0.0482379794,0,zg,10.9666462,41.2639816,2.82599998,0.174999997,20230723452361,695,0xb,0x4,21.5599995,26.3162689,0.0274237096,-0.0703884065,6.59820398e-06,30,1.074,1,0.12610862776634166,916.0,0.2757247237057307,17.79881072449293,18.648137999999996
851,695111400012405,239642582,2460150.926325317,60150.4258218,18.6880875,0.0496497005,0,zg,10.9666655,41.2640294,2.00099993,0.199000001,20230725425799,695,0xb,0x4,21.4300003,26.3244114,0.0267386213,-0.0726235583,6.22644166e-06,30,1.12300003,1,0.1215528091299735,918.0,0.26966969186013967,17.822919652754912,18.6880875
852,695111400012405,239942328,2460153.92403447,60153.423287,18.7397556,0.0515505634,0,zg,10.9667094,41.2640223,0.832000017,-0.00400000019,20230728423275,695,0xb,0x4,21.1100006,26.2996101,0.0290844962,-0.0346332826,7.64713241e-06,30,1.10800004,1,0.11590382271308179,921.0,0.2632797392539895,17.848956402071074,18.739755600000002
853,695111400012405,240636901,2460160.870322152,60160.3690162,18.6828079,0.0494602658,0,zg,10.9666859,41.2639659,1.22000003,0.203999996,20230804369005,695,0xb,0x4,20.4300003,26.3833981,0.0332064666,-0.0526873618,1.26743626e-05,30,1.222,1,0.12214532235467765,928.0,0.26842043834769264,17.827961046856707,18.682807899999993
854,695111400012405,240946767,2460163.9692242704,60163.4676736,18.5764694,0.0458266251,0,zg,10.9666465,41.2640093,0.809000015,0.057,20230807467627,695,0xb,0x4,20.6900005,26.3903942,0.0305333007,-0.0368177779,9.24106826e-06,30,1.01100004,1,0.13471384750086646,931.0,0.2784691996715126,17.788057083383897,18.5764694
855,695111400012405,241440623,2460168.9081711527,60168.4062384,18.5451145,0.0448187441,0,zg,10.9666527,41.2639789,2.18199992,0.201000005,20230812406238,695,0xb,0x4,21.6800003,26.4145565,0.0268974826,-0.0748923719,6.3022726e-06,30,1.05799997,1,0.13866095915358898,936.0,0.2813568945886459,17.77685609522276,18.545114500000004
856,695111400012405,241645464,2460170.9567290447,60170.4546412,18.4794235,0.0427957736,32768,zg,10.9666749,41.2640572,1.10399997,0.0599999987,20230814454583,695,0xb,0x4,19.9099998,24.7437153,0.10733413,-0.00395679288,0.000257736654,30,1.00899994,1,0.14730944728017037,938.0,0.2882663679310132,17.750515059603508,18.479423500000003
857,695111400012405,241947162,2460173.973932451,60173.4716204,18.6571922,0.0485535935,0,zg,10.9666733,41.2640047,1.43799996,0.116999999,20230817471609,695,0xb,0x4,21.3799992,26.3927174,0.0276358519,-0.0684224218,6.57745977e-06,30,1.01199996,1,0.12506135217428987,941.0,0.26533186138084996,17.840526490658,18.657192200000004
858,695111400012405,242442590,2460178.9285706314,60178.4259028,18.6707401,0.0490305871,0,zg,10.9666726,41.2640095,1.35699999,0.101999998,20230822425833,695,0xb,0x4,21.3099995,26.3934708,0.0272179283,-0.046197027,6.85686427e-06,30,1.01100004,1,0.12351052279456683,946.0,0.2627611151083951,17.851097259342147,18.670740099999996
859,695111400012405,242641253,2460180.915340376,60180.4125347,18.6487942,0.0482608005,32768,zg,10.9666285,41.26399,1.24399996,0.151999995,20230824412535,695,0xb,0x4,21.3400002,26.0206909,0.0413949378,-0.136095017,1.51930126e-05,30,1.01499999,1,0.1260324329419094,948.0,0.26360863695339476,17.84760091122171,18.648794200000005
860,695111400012405,242842728,2460182.930222503,60182.4272801,18.6169949,0.0471713766,0,zg,10.9666775,41.2639858,1.86399996,0.115999997,20230826427222,695,0xb,0x4,21.1100006,26.4175854,0.0295448694,-0.063020952,7.74264208e-06,30,1.00800002,1,0.12977828777126926,950.0,0.26669351637412503,17.834968855949363,18.6169949
861,695111400012405,243043125,2460184.9343251847,60184.43125,18.6568756,0.0485425405,0,zg,10.9666581,41.2640062,0.541000009,0.0240000002,20230828431250,695,0xb,0x4,21.2000008,26.4020233,0.0279016718,-0.06051616,6.85656005e-06,30,1.00899994,1,0.1250978253040806,952.0,0.2613570269477551,17.856914546992776,18.6568756
862,695111400012405,243247148,2460186.9746884215,60186.4714815,18.677433,0.0492683612,0,zg,10.96665,41.2640185,1.26600003,0.0780000016,20230830471481,695,0xb,0x4,20.3400002,26.3818226,0.0353127681,-0.0357637741,1.55114067e-05,30,1.04499996,1,0.12275149778873218,954.0,0.25835957584992375,17.869438592778756,18.677433
863,695111400012405,243745859,2460191.962112967,60191.4585995,18.7418957,0.0516311638,0,zg,10.9666678,41.2639679,1.16199994,0.103,20230904458310,695,0xb,0x4,20.2600002,26.4089775,0.0349151902,-0.0476688966,1.58679559e-05,30,1.046,1,0.1156755891252901,959.0,0.25063740239591514,17.90238529781913,18.741895700000008
864,1735101200069234,243943503,2460193.938663208,60193.4350347,18.6583652,0.0504316911,0,zg,10.9666442,41.2639969,0.850000024,0.0419999994,20230906435035,1735,0x1,0x2,20.8500004,26.3807392,0.0351792499,-0.0539818816,1.4460591e-05,30,1.04700005,2,0.12492631223524035,961.0,0.258293432563009,17.86971659043106,18.6583652
865,695111400012405,244041972,2460194.923406584,60194.4197222,18.7134113,0.0505705774,0,zg,10.9666762,41.264022,1.93400002,0.225999996,20230907419537,695,0xb,0x4,21.2099991,26.430418,0.0260685552,-0.0709044859,5.9560648e-06,30,1.01499999,1,0.11875050905025471,962.0,0.2514880262532248,17.898706718925133,18.713411299999997
866,695111400012405,244232770,2460196.8314981447,60196.3277083,18.7125282,0.0505381562,0,zg,10.9666384,41.2640084,2.53699994,0.261000007,20230909327708,695,0xb,0x4,21.5400009,26.3312263,0.0265954789,-0.0691372231,6.14980672e-06,30,1.06200004,1,0.11884713586795666,964.0,0.251271603181223,17.899641473291133,18.7125282
867,695111400012405,244636971,2460200.873711178,60200.3697106,18.6599216,0.0486492477,0,zg,10.9665895,41.2640039,2.0079999,0.164000005,20230913369525,695,0xb,0x4,21.5200005,26.4174919,0.0285803471,-0.0715321824,7.05204866e-06,30,1.00999999,1,0.12474735898966934,968.0,0.25654920356312994,17.877073323099104,18.659921599999997
868,695111400012405,244843726,2460202.941369884,60202.4372685,18.5914288,0.0463174358,0,zg,10.9666748,41.2639761,1.47099996,0.159999996,20230915437257,695,0xb,0x4,21.4400005,26.3867893,0.0310954899,-0.0988690853,8.38023971e-06,30,1.05999994,1,0.13287047268371213,970.0,0.2634408343699596,17.848292266990605,18.591428799999996
869,695111400012405,245044247,2460204.946671372,60204.4424769,18.5701351,0.0456207767,0,zg,10.9666698,41.2639911,2.19199991,0.228,20230917442454,695,0xb,0x4,21.8400002,26.3983631,0.0314654782,-0.0794439986,8.53642541e-06,30,1.08000004,1,0.13550207943216877,972.0,0.26546349880548226,17.839987964772227,18.57013510000001
870,695111400012405,245240234,2460206.906630392,60206.4023495,18.6445541,0.0481137633,0,zg,10.9666782,41.264014,1.36000001,0.155000001,20230919402245,695,0xb,0x4,21.4200001,26.4145966,0.0274944603,-0.0711212978,6.48797641e-06,30,1.02699995,1,0.12652558675478864,974.0,0.2558825425228864,17.879898356643913,18.6445541
871,695111400012405,245536162,2460209.8660229687,60209.3616204,18.7711487,0.0527482033,32768,zg,10.9665378,41.2639715,1.68900001,-0.0680000037,20230922361620,695,0xb,0x4,19.8199997,25.3203468,0.0431131423,-0.0504576005,3.93569026e-05,30,1.00899994,1,0.11260055211514662,977.0,0.24135748299878124,17.943348079644814,18.771148700000005
872,695111400012405,245841056,2460212.915083632,60212.4105671,18.6471558,0.048203893,0,zg,10.9666445,41.2640078,1.68200004,0.118000001,20230925410567,695,0xb,0x4,21.5799999,26.4235592,0.0274543297,-0.0746770129,6.54327459e-06,30,1.06099999,1,0.1262227622463756,980.0,0.2540878919799461,17.88754007459942,18.6471558
873,695111400012405,246046508,2460214.9696676484,60214.465081,18.5968418,0.0464966446,0,zg,10.9666461,41.2639987,1.34899998,-0.0149999997,20230927465081,695,0xb,0x4,20.4699993,26.3502464,0.0326090455,-0.0231250506,1.19296828e-05,30,1.23199999,1,0.13220968789508386,982.0,0.259192782944361,17.865942738206122,18.5968418
874,695111400012405,246233516,2460216.839807809,60216.335162,18.6362305,0.0478266999,0,zg,10.9666792,41.2640082,0.60799998,0.00499999989,20230929334815,695,0xb,0x4,19.9400005,26.4408836,0.0356796756,-0.0557770655,2.35000716e-05,30,1.00800002,1,0.12749929988210812,984.0,0.25389973351352313,17.888344387375234,18.636230500000003
875,695111400012405,246736416,2460221.868948614,60221.3641667,18.691555,0.0497745983,0,zg,10.9666264,41.2640121,0.916000009,0.105999999,20231004364144,695,0xb,0x4,20.6299992,26.3910484,0.0284177288,-0.0337743014,7.94755033e-06,30,1.02999997,1,0.12116522692033527,989.0,0.24698724422289745,17.918313688780565,18.691555
876,695111400012405,246930280,2460223.8076261966,60223.3028009,18.8041153,0.0540417358,0,zg,10.9666693,41.2640437,1.37199998,0.164000005,20231006302801,695,0xb,0x4,20.8500004,26.3856983,0.0289416928,-0.0431936122,7.6266515e-06,30,1.01100004,1,0.10923300468326969,991.0,0.23362730829425543,17.97869098664375,18.8041153
877,695111400012405,247424438,2460228.7492989628,60228.2443866,18.7321663,0.0512659103,0,zg,10.9666682,41.2640326,2.18899989,0.202999994,20231011244375,695,0xb,0x4,21.2000008,26.401413,0.0276313275,-0.0666857734,6.66377309e-06,30,1.05499995,1,0.11671682900139603,996.0,0.11671682900139603,18.732166299999996,18.732166299999996
878,695111400012405,247730629,2460231.811245376,60231.3062963,18.6435833,0.0480801463,0,zg,10.9666476,41.2640245,1.92200005,0.128999993,20231014306296,695,0xb,0x4,21.1100006,26.3831062,0.0290809702,-0.0461287461,7.38716426e-06,30,1.00999999,1,0.12663876891590448,999.0,0.12663876891590448,18.643583299999996,18.643583299999996
879,695111400012405,247934908,2460233.854051705,60233.3490856,18.6250706,0.0474451743,0,zg,10.9666632,41.2640064,2.03999996,0.209000006,20231016349086,695,0xb,0x4,21.1900005,26.3877239,0.0256539099,-0.0524969734,5.75515514e-06,30,1.05400002,1,0.128816578598559,1001.0,0.128816578598559,18.625070600000008,18.625070600000008
880,695111400012405,248119980,2460235.704779555,60235.1998032,18.5862255,0.0461459793,0,zg,10.9666374,41.2639681,1.72500002,0.141000003,20231018199780,695,0xb,0x4,21.3799992,26.3974037,0.0263856072,-0.0749638081,6.06478261e-06,30,1.10699999,1,0.13350877159225633,1003.0,0.13350877159225633,18.586225500000005,18.586225500000005
881,695111400012405,248323721,2460237.742192547,60237.2372106,18.5967064,0.046492137,0,zg,10.9666345,41.2639973,2.92700005,0.228,20231020237211,695,0xb,0x4,21.5499992,26.3813133,0.0246341005,-0.0686190352,5.29704585e-06,30,1.03100002,1,0.13222617653009516,1005.0,0.13222617653009516,18.596706399999995,18.596706399999995
882,695111400012405,248526302,2460239.7680023564,60239.2630208,18.6956234,0.0499216206,0,zg,10.96667,41.2639612,1.66700006,0.171000004,20231022263009,695,0xb,0x4,21.3199997,26.4095402,0.0248124953,-0.0540322661,5.37266214e-06,30,1.00999999,1,0.12071205405285036,1007.0,0.12071205405285036,18.695623399999995,18.695623399999995
883,695111400012405,248846736,2460242.9723298303,60242.4673611,18.7331085,0.0513011739,0,zg,10.9666599,41.2640253,2.14499998,0.221000001,20231025467350,695,0xb,0x4,21.3700008,26.235672,0.0288014039,-0.0586570054,7.18733418e-06,30,1.82700002,1,0.11661558627461047,1010.0,0.11661558627461047,18.733108500000007,18.733108500000007
884,695111400012405,249128847,2460245.793417637,60245.2884722,18.6126442,0.0470247157,0,zg,10.9667235,41.2640269,0.740999997,0.118000001,20231028288461,695,0xb,0x4,19.7900009,26.3977203,0.0373275653,-0.0256431345,2.85353926e-05,30,1.02100003,1,0.13029937123149798,1013.0,0.13029937123149798,18.6126442,18.6126442
885,695111400012405,249617740,2460250.682285336,60250.1774074,18.6661034,0.0488667227,0,zg,10.966631,41.2639803,0.898999989,0.0450000018,20231102177350,695,0xb,0x4,20.75,26.4046497,0.0291140135,-0.0648750514,8.01128408e-06,30,1.06700003,1,0.12403910958709617,1018.0,0.12403910958709617,18.666103400000004,18.666103400000004
886,695111400012405,249822119,2460252.726031756,60252.2211921,18.6819611,0.0494299829,0,zg,10.9666602,41.2640062,2.51399994,0.256000012,20231104221181,695,0xb,0x4,21.3099995,26.3926449,0.0261298064,-0.0595582612,5.91496837e-06,30,1.01199996,1,0.12224062451389826,1020.0,0.12224062451389826,18.681961100000002,18.681961100000002
887,695111400012405,250021777,2460254.7225743453,60254.2177778,18.7601166,0.0523235947,0,zg,10.966674,41.2640081,1.36399996,0.0390000008,20231106217766,695,0xb,0x4,21.1599998,26.4123516,0.0253360495,-0.0553402342,5.67396137e-06,30,1.01100004,1,0.11375051196669272,1022.0,0.11375051196669272,18.760116599999996,18.760116599999996
888,695111400012405,250330512,2460257.8098461344,60257.3051273,18.6043606,0.0467469767,0,zg,10.9665538,41.2640361,1.00100005,0.0199999996,20231109305116,695,0xb,0x4,20.2600002,26.3902454,0.0363151729,-0.0599465705,1.72482978e-05,30,1.09599996,1,0.13129728931532522,1025.0,0.13129728931532522,18.6043606,18.6043606
889,695111400012405,250521817,2460259.7228353675,60259.2181713,18.7128754,0.0505509004,0,zg,10.9666917,41.2640205,1.51499999,0.0560000017,20231111217998,695,0xb,0x4,20.9500008,26.3883705,0.0269046817,-0.0574394278,6.56070824e-06,30,1.00800002,1,0.11880913664827897,1027.0,0.11880913664827897,18.712875399999994,18.712875399999994
890,695111400012405,250730517,2460261.809772124,60261.3051736,18.6194592,0.0472547449,0,zg,10.9666534,41.2640149,1.755,0.191,20231113305162,695,0xb,0x4,21.3700008,26.3915958,0.0262766294,-0.0647756755,6.04133402e-06,30,1.12399995,1,0.1294840634766835,1029.0,0.1294840634766835,18.6194592,18.6194592
891,695111400012405,251433246,2460268.8368002903,60268.3324653,18.6099453,0.0469340011,0,zg,10.9666715,41.2640039,1.05700004,0.00200000009,20231120332454,695,0xb,0x4,20.5200005,26.3311634,0.0321234129,-0.0427023731,1.05957388e-05,30,1.301,1,0.1306236695412722,1036.0,0.1306236695412722,18.6099453,18.6099453
892,695111400012405,253313167,2460287.635013072,60287.1316782,18.6706886,0.0490287729,0,zg,10.9666382,41.2639795,0.992999971,0.0399999991,20231209131632,695,0xb,0x4,20.9799995,26.4044971,0.0299408622,-0.0600934066,8.03110652e-06,30,1.00999999,1,0.12351638143937824,1055.0,0.12351638143937824,18.6706886,18.6706886
893,695111400012405,253518270,2460289.6859109798,60289.1827083,18.7523441,0.0520268753,0,zg,10.9666386,41.2640132,1.59399998,0.229000002,20231211182697,695,0xb,0x4,20.6800003,26.2395668,0.0296992119,-0.0315142199,8.64996491e-06,30,1.03499997,1,0.11456774365493017,1057.0,0.11456774365493017,18.752344099999995,18.752344099999995
894,695111400012405,253717188,2460291.6749572773,60291.1718866,18.6881294,0.0496511981,0,zg,10.9666012,41.2640268,1.19400001,0.00899999961,20231213171875,695,0xb,0x4,20.7999992,26.3928547,0.0298475642,-0.0494618975,8.31909983e-06,30,1.02900004,1,0.1215481183363841,1059.0,0.1215481183363841,18.6881294,18.6881294
895,695111400012405,254226962,2460296.77234605,60296.2696296,18.5720158,0.0456817523,0,zg,10.9666866,41.2640384,0.870999992,0.0460000001,20231218269572,695,0xb,0x4,20.4400005,26.2215672,0.0333920494,-0.0444856547,1.20194172e-05,30,1.37800002,1,0.13526756742764887,1064.0,0.13526756742764887,18.572015799999996,18.572015799999996
896,695111400012405,257226290,2460326.7632266874,60326.2629051,18.7079811,0.0503713973,0,zg,10.9666833,41.2639738,0.947000027,-0.00499999989,20240117262905,695,0xb,0x4,20.0599995,26.0772877,0.0359214991,-0.0346936807,1.98233538e-05,30,2.21700001,1,0.11934591542218785,1094.0,0.11934591542218785,18.707981100000005,18.707981100000005
897,695111400012405,258612395,2460340.623117601,60340.1239583,18.5755825,0.045797728,0,zg,10.966659,41.2639915,1.05400002,0.0590000004,20240131123947,695,0xb,0x4,20.9200001,26.3526173,0.0275205709,-0.0615038052,6.96086954e-06,30,1.245,1,0.13482393549710278,1108.0,0.13482393549710278,18.575582500000003,18.575582500000003
898,695111400012405,259915859,2460353.6567186364,60353.1585995,18.625227,0.0474504866,0,zg,10.9667115,41.2640443,0.968999982,-0.0130000003,20240213158600,695,0xb,0x4,20.3400002,26.2557964,0.0359421782,-0.0387094952,1.55834095e-05,30,1.75899994,1,0.1287980239424689,1121.0,0.1287980239424689,18.625227000000002,18.625227000000002
899,695111400012405,260115662,2460355.654588297,60355.1566204,18.7038345,0.0502199419,0,zg,10.9666459,41.2640276,0.781000018,0.0120000001,20240215156609,695,0xb,0x4,20.4599991,26.2414646,0.0327727757,-0.0346565507,1.26004325e-05,30,1.79999995,1,0.11980258803508421,1123.0,0.11980258803508421,18.703834499999992,18.703834499999992
900,695111400012405,260416107,2460358.658822098,60358.1610764,18.6250572,0.0474447273,0,zg,10.9668102,41.2640831,0.372999996,-0.0460000001,20240218161065,695,0xb,0x4,19.3099995,26.0387478,0.0546249934,-0.026605431,8.66993214e-05,30,1.97099996,1,0.12881816844404578,1126.0,0.12881816844404578,18.625057200000008,18.625057200000008
901,695111400012405,273445472,2460488.953046828,60488.4547222,18.6788692,0.0493195243,0,zg,10.9666343,41.2639879,1.79900002,0.0839999989,20240627454722,695,0xb,0x4,20.8899994,26.3453865,0.028188318,-0.0514926463,7.28497298e-06,30,1.29499996,1,0.12258923079355075,1256.0,0.12258923079355075,18.6788692,18.6788692
902,695111400012405,274044843,2460494.947224081,60494.4484375,18.7084866,0.0503898971,0,zg,10.9666743,41.2640027,1.76699996,0.0700000003,20240703448426,695,0xb,0x4,21.1599998,26.3437996,0.0280072019,-0.0736822337,6.79561117e-06,30,1.24699998,1,0.11929036296109401,1262.0,0.11929036296109401,18.708486600000008,18.708486600000008
903,695111400012405,275144842,2460505.948093592,60505.4484259,18.6468315,0.0481926464,0,zg,10.9666239,41.2639777,1.02999997,0.063000001,20240714448403,695,0xb,0x4,21.0799999,26.2724838,0.0308939982,-0.093826741,8.44117858e-06,30,1.13800001,1,0.1262604695232885,1273.0,0.1262604695232885,18.646831499999998,18.646831499999998
904,695111400012405,275743087,2460511.9310353724,60511.4308796,18.6703339,0.0490161926,0,zg,10.9667493,41.26398,0.819999993,0.0680000037,20240720430868,695,0xb,0x4,19.8500004,26.2230415,0.0378075764,-0.0226629004,2.47564712e-05,30,1.14100003,1,0.12355673969348406,1279.0,0.12355673969348406,18.670333899999996,18.670333899999996
905,695111400012405,276045417,2460514.9545809827,60514.4541782,18.6411934,0.0479976274,0,zg,10.966678,41.2639863,1.09200001,0.0700000003,20240723454132,695,0xb,0x4,20.4400005,26.3091698,0.0332671851,-0.0426833294,1.32197529e-05,30,1.06599998,1,0.12691783056539732,1282.0,0.12691783056539732,18.6411934,18.6411934
906,695111400012405,276245586,2460516.9564341484,60516.4558681,18.7244053,0.0509768091,0,zg,10.9666511,41.2639797,0.750999987,0.107000001,20240725455856,695,0xb,0x4,20.3199997,26.2261734,0.035062734,-0.0334759206,1.57642935e-05,30,1.05400002,1,0.11755412683604999,1284.0,0.11755412683604999,18.724405299999994,18.724405299999994
907,695111400012405,276547109,2460519.971910643,60519.4710995,18.6343231,0.0477612242,0,zg,10.9666266,41.2639946,1.01199996,0.112999998,20240728471088,695,0xb,0x4,20.8999996,26.4102459,0.0276184008,-0.0727705657,6.88852469e-06,30,1.02499998,1,0.12772348500763134,1287.0,0.12772348500763134,18.634323099999996,18.634323099999996
908,695111400012405,276739018,2460521.891151527,60521.3901852,18.5985184,0.0465523079,0,zg,10.9666609,41.2639634,0.845000029,-0.0179999992,20240730390174,695,0xb,0x4,20.7199993,26.339365,0.0317315869,-0.0651477054,9.41217513e-06,30,1.18499994,1,0.13200568649643113,1289.0,0.13200568649643113,18.598518399999996,18.598518399999996
909,695111400012405,277137149,2460525.8727786806,60525.3714931,18.6848526,0.0495335571,0,zg,10.9666223,41.2640049,1.45700002,0.0869999975,20240803371482,695,0xb,0x4,21.2999992,26.297823,0.0280127227,-0.0626348332,6.71461112e-06,30,1.21500003,1,0.1219155100695284,1293.0,0.1219155100695284,18.684852599999992,18.684852599999992
910,695111400012405,277334759,2460527.849034874,60527.3475926,18.6888161,0.0496759005,0,zg,10.9666486,41.2640064,1.53299999,0.112999998,20240805347593,695,0xb,0x4,21.3600006,26.2828407,0.0256805029,-0.0640307218,5.64408811e-06,30,1.29799998,1,0.121471266608797,1295.0,0.121471266608797,18.688816100000004,18.688816100000004
911,695111400012405,277542930,2460529.930911471,60529.4293056,18.6527767,0.048399359,0,zg,10.9666381,41.2639636,1.90900004,0.0869999975,20240807429294,695,0xb,0x4,21.0400009,25.993082,0.0313051492,-0.0674759969,8.79923482e-06,30,1.04100001,1,0.12557099050955217,1297.0,0.12557099050955217,18.652776699999997,18.652776699999997
912,695111400012405,277846763,2460532.9696538323,60532.4676389,18.5930443,0.0463708192,32768,zg,10.9666559,41.2639933,1.39199996,0.143000007,20240810467639,695,0xb,0x4,21.5100002,27.071804,0.0216867253,-0.0630702823,4.07072821e-06,60,1.00800002,1,0.132672917667086,1300.0,0.132672917667086,18.593044299999995,18.593044299999995
913,695111400012405,277946824,2460533.97033223,60533.4682407,18.5577431,0.0452213064,32768,zg,10.9666459,41.2639976,2.77600002,0.141000003,20240811468229,695,0xb,0x4,21.8299999,27.0752888,0.0224603061,-0.0671558753,4.35685251e-06,60,1.00800002,1,0.13705748554718936,1301.0,0.13705748554718936,18.557743100000003,18.557743100000003
914,695111400012405,278338520,2460537.8874210026,60537.3852083,18.6675434,0.0489175543,0,zg,10.9666707,41.2640101,1.38600004,0.107000001,20240815385197,695,0xb,0x4,21.4099998,26.3967361,0.0270491894,-0.0725438967,6.35982269e-06,30,1.07799995,1,0.12387470692562097,1305.0,0.12387470692562097,18.667543399999992,18.667543399999992
915,695111400012405,278542927,2460539.931633865,60539.4292708,18.7305908,0.0512070879,0,zg,10.9666908,41.264034,0.54400003,0.023,20240817429271,695,0xb,0x4,20.8500004,26.3660088,0.0283260904,-0.0529984348,7.29099156e-06,30,1.01499999,1,0.11688631846515136,1307.0,0.11688631846515136,18.73059080000001,18.73059080000001
916,695111400012405,279040997,2460544.9126950623,60544.4099769,18.7538033,0.0520824268,0,zg,10.9666622,41.2639914,0.861000001,0.101999998,20240822409965,695,0xb,0x4,20.4099998,26.4004498,0.0335959718,-0.0406515822,1.37833722e-05,30,1.01900005,1,0.11441387113941817,1312.0,0.11441387113941817,18.75380330000001,18.75380330000001
917,695111400012405,279334679,2460547.8497133045,60547.346794,18.7502327,0.0519465841,0,zg,10.9666407,41.263991,1.26100004,0.105999999,20240825346782,695,0xb,0x4,20.7800007,26.3906651,0.0286695398,-0.0664975792,7.90051945e-06,30,1.10300004,1,0.11479075702760788,1315.0,0.11479075702760788,18.750232700000005,18.750232700000005
918,695111400012405,279545309,2460549.956149788,60549.4530903,18.6939678,0.0498617254,0,zg,10.9666629,41.263988,2.22000003,0.187999994,20240827453044,695,0xb,0x4,21.2600002,26.3921909,0.026239939,-0.0573174208,6.02237697e-06,30,1.01900005,1,0.1208962639244472,1317.0,0.1208962639244472,18.693967800000003,18.693967800000003
919,695111400012405,279734518,2460551.84836748,60551.3451852,18.6470318,0.048199594,0,zg,10.9666662,41.2640207,1.79400003,0.150000006,20240829345000,695,0xb,0x4,21.3999996,26.3941135,0.0287349205,-0.0721306801,7.01578165e-06,30,1.08200002,1,0.12623717874667742,1319.0,0.12623717874667742,18.6470318,18.6470318
920,695111400012405,280033672,2460554.8400945985,60554.3367245,18.6119385,0.0470009744,0,zg,10.9666602,41.2640009,1.76600003,0.128000006,20240901336713,695,0xb,0x4,21.3299999,26.3619347,0.0267976411,-0.0647877604,6.22690595e-06,30,1.08299994,1,0.1303840899280172,1322.0,0.1303840899280172,18.6119385,18.6119385
921,695111400012405,280242746,2460556.93096181,60556.4274653,18.6883965,0.0496608056,0,zg,10.9666157,41.2639635,1.49899995,0.173999995,20240903427454,695,0xb,0x4,21.5599995,26.3741512,0.0261341222,-0.0683386549,5.92167453e-06,30,1.01400006,1,0.121518220181378,1324.0,0.121518220181378,18.688396500000003,18.688396500000003
922,695111400012405,280440270,2460558.906320356,60558.4027083,18.700098,0.050083898,0,zg,10.9666312,41.2640036,1.68099999,0.103,20240905402558,695,0xb,0x4,21.2299995,26.3893185,0.0263170414,-0.0811305791,6.07134871e-06,30,1.00800002,1,0.12021559215210835,1326.0,0.12021559215210835,18.700098000000004,18.700098000000004
923,695111400012405,280638351,2460560.8872425114,60560.3835185,18.6335297,0.047734037,0,zg,10.9666341,41.2640036,2.76999998,0.228,20240907383438,695,0xb,0x4,21.3099995,26.1782837,0.0287581254,-0.0444312654,7.25657401e-06,30,1.00999999,1,0.1278168528506415,1328.0,0.1278168528506415,18.633529700000004,18.633529700000004
924,695111400012405,280832258,2460562.826410668,60562.322581,18.6440029,0.04809466,0,zg,10.9666555,41.2639953,2.00300002,0.181999996,20240909322581,695,0xb,0x4,21.1800003,26.1632099,0.029191969,-0.0777130798,7.50727077e-06,30,1.06700003,1,0.12658983680828215,1330.0,0.12658983680828215,18.644002899999997,18.644002899999997
925,695111400012405,281025858,2460564.7625191426,60564.258588,18.6046619,0.0467570536,0,zg,10.9666522,41.2639817,1.77699995,0.128000006,20240911258530,695,0xb,0x4,20.6299992,26.3100033,0.030113453,-0.0275888462,8.78429273e-06,30,1.24199998,1,0.13126085838069837,1332.0,0.13126085838069837,18.604661900000004,18.604661900000004
926,695111400012405,281240909,2460566.913136315,60566.4090972,18.6774502,0.0492689572,32768,zg,10.9666317,41.2640354,0.808000028,-0.0430000015,20240913409086,695,0xb,0x4,20.7999992,26.0863285,0.033429157,-0.0580009967,1.04052515e-05,30,1.01999998,1,0.12274955320124446,1334.0,0.12274955320124446,18.677450200000003,18.677450200000003
927,695111400012405,281530342,2460569.807602034,60569.3034259,18.6754036,0.0491960943,0,zg,10.9666875,41.2640633,0.493000001,-0.0799999982,20240916303414,695,0xb,0x4,19.8799992,26.3735371,0.0349854939,-0.0139521314,2.11500883e-05,30,1.06700003,1,0.12298115288077578,1337.0,0.12298115288077578,18.675403600000003,18.675403600000003
928,695111400012405,281839263,2460572.8969505625,60572.3926389,18.6199455,0.0472712144,0,zg,10.9666337,41.2640336,0.727999985,-0.0299999993,20240919392627,695,0xb,0x4,20.0100002,26.3986187,0.0360320061,-0.0359496996,2.24921696e-05,30,1.01999998,1,0.1294260806994424,1340.0,0.1294260806994424,18.619945499999993,18.619945499999993
929,695111400012405,282140329,2460575.907731316,60575.4032986,18.6468639,0.0481937639,0,zg,10.9666626,41.2640431,0.819000006,0.122000001,20240922403241,695,0xb,0x4,20.4500008,26.3605347,0.0338614285,-0.0475938097,1.33814128e-05,30,1.03999996,1,0.1262567017773511,1343.0,0.1262567017773511,18.646863899999992,18.646863899999992
930,695111400012405,282236863,2460576.873103481,60576.3686343,18.6738491,0.0491408557,0,zg,10.9666596,41.2640143,0.906000018,0.00499999989,20240923368623,695,0xb,0x4,20.8299999,26.3647041,0.0276445765,-0.0332971588,7.23890571e-06,30,1.01199996,1,0.12315735693774436,1344.0,0.12315735693774436,18.673849100000005,18.673849100000005
931,695111400012405,282335144,2460577.8559519,60577.3514468,18.6409836,0.0479903854,0,zg,10.9666671,41.2640106,1.03100002,-0.00400000019,20240924351447,695,0xb,0x4,20.7399998,26.3827381,0.0286214873,-0.0514359251,7.76582965e-06,30,1.00800002,1,0.1269423576407069,1345.0,0.1269423576407069,18.64098359999999,18.64098359999999
932,695111400012405,282532141,2460579.8259854023,60579.321412,18.6264896,0.0474934652,0,zg,10.9666416,41.264,1.55900002,0.108000003,20240926321400,695,0xb,0x4,21.2000008,26.3781643,0.0275829658,-0.0714647248,6.52460494e-06,30,1.01400006,1,0.12864833208773113,1347.0,0.12864833208773113,18.626489600000006,18.626489600000006
933,695111400012405,282938825,2460583.8929507523,60583.3882523,18.6011372,0.0466394536,0,zg,10.9666525,41.2639764,1.12100005,0.0329999998,20240930388252,695,0xb,0x4,21.2199993,26.3958588,0.0269516855,-0.074344866,6.33206037e-06,30,1.04999995,1,0.1316876719413025,1351.0,0.1316876719413025,18.601137200000004,18.601137200000004
934,695111400012405,283836878,2460592.873680092,60592.3687847,18.6822624,0.0494407751,0,zg,10.9666501,41.2639785,1.23099995,0.136999995,20241009368773,695,0xb,0x4,21.0300007,26.3913612,0.0275848731,-0.0677887201,6.7940764e-06,30,1.05799997,1,0.12220670652348505,1360.0,0.12220670652348505,18.682262400000006,18.682262400000006
935,695111400012405,284043337,2460594.938304356,60594.4333796,18.6489296,0.0482654758,0,zg,10.966707,41.2639934,1.00100005,0.0700000003,20241011433356,695,0xb,0x4,20.8600006,26.3623562,0.0293670762,-0.0811988786,7.84107124e-06,30,1.26999998,1,0.12601671666816724,1362.0,0.12601671666816724,18.648929599999995,18.648929599999995
936,695111400012405,284223158,2460596.736531096,60596.2315856,18.7553043,0.0521396361,0,zg,10.9666497,41.263992,1.75399995,0.230000004,20241013231574,695,0xb,0x4,20.8700008,26.417202,0.0308061615,-0.0682737455,8.84703149e-06,30,1.06400001,1,0.11425580644107086,1364.0,0.11425580644107086,18.7553043,18.7553043
937,695111400012405,284424241,2460598.7473822134,60598.242419,18.8575764,0.0562201068,0,zg,10.9666329,41.2640099,1.102,0.0850000009,20241015242407,695,0xb,0x4,20.4699993,26.4016762,0.0332640894,-0.0499097966,1.35649589e-05,30,1.03900003,1,0.103984699234083,1366.0,0.103984699234083,18.857576399999992,18.857576399999992
938,695111400012405,284629951,2460600.8044892866,60600.2995139,18.7452698,0.0517585315,0,zg,10.9666083,41.2640163,0.785000026,0.134000003,20241017299514,695,0xb,0x4,19.6000004,26.4292698,0.036281988,-0.0253021028,3.14039899e-05,30,1.01100004,1,0.11531666660829054,1368.0,0.11531666660829054,18.745269799999996,18.745269799999996
939,695111400012405,284928134,2460603.7863249043,60603.2813426,18.65769,0.0485710353,0,zg,10.9667104,41.26403,1.03999996,0.0500000007,20241020281285,695,0xb,0x4,20.2700005,26.3976288,0.0343677923,-0.0323976465,1.51897721e-05,30,1.00800002,1,0.12500402584472184,1371.0,0.12500402584472184,18.657689999999995,18.657689999999995
940,695111400012405,285323950,2460607.744474075,60607.2395023,18.648695,0.0482573174,0,zg,10.9666573,41.2640095,1.86500001,0.174999997,20241024239456,695,0xb,0x4,21.3899994,26.4174099,0.0248731226,-0.0664812103,5.40161864e-06,30,1.01800001,1,0.1260439486199012,1375.0,0.1260439486199012,18.648694999999996,18.648694999999996
941,695111400012405,285526096,2460609.765918288,60609.2609606,18.6637077,0.0487822965,0,zg,10.9666463,41.2640112,1.99199998,0.148000002,20241026260949,695,0xb,0x4,21.3799992,26.400816,0.0254701618,-0.0612376295,5.6445806e-06,30,1.00800002,1,0.12431310669640581,1377.0,0.12431310669640581,18.663707699999996,18.663707699999996
0,695211400071731,51444980,2458268.9462631783,58268.4498032,18.5821114,0.0528866239,0,zr,10.9666382,41.2639846,0.485000014,-0.0140000004,20180530449792,695,0xb,0x4,19.7099991,26.2274837,0.0353564434,0.089722231,1.09200873e-05,30,2.09200001,1,0.13401562620539642,58268.4498032,0.13401562620539642,18.582111399999995,18.582111399999995
1,695211400071731,51744550,2458271.9421320846,58271.4455093,18.5526371,0.051681906,0,zr,10.966622,41.2639995,1.84800005,0.223000005,20180602445486,695,0xb,0x4,20.2299995,26.1990452,0.0288250893,0.108805619,7.26481267e-06,30,2.02800012,1,0.13770355744464416,58271.4455093,0.13770355744464416,18.55263709999999,18.55263709999999
2,695211400071731,52047717,2458274.973972671,58274.4771759,18.6101742,0.0540623516,0,zr,10.9666622,41.2639977,1.18200004,0.174999997,20180605477153,695,0xb,0x4,20.5400009,26.3380527,0.0225939322,0.0967818797,4.52019776e-06,30,1.55599999,1,0.130596133749204,58274.4771759,0.130596133749204,18.610174199999996,18.610174199999996
3,695211400071731,52342840,2458277.925377356,58277.4284028,18.5856857,0.0530347861,0,zr,10.9666074,41.2639829,0.372999996,0.0,20180608428391,695,0xb,0x4,20.4500008,26.1843414,0.0263337065,0.0912059247,5.94184348e-06,30,2.04099989,1,0.13357516520862808,58277.4284028,0.13357516520862808,18.585685699999992,18.585685699999992
4,695211400071731,52647533,2458280.972502116,58280.4753356,18.6024361,0.0537353382,0,zr,10.9666303,41.2639682,1.26900005,0.0549999997,20180611475312,695,0xb,0x4,20.8600006,26.3409863,0.0219507031,0.0963088423,4.2042293e-06,30,1.44200003,1,0.131530224081101,58280.4753356,0.131530224081101,18.6024361,18.6024361
5,695211400071731,52946958,2458283.966946162,58283.4695833,18.6151619,0.0542742871,0,zr,10.9666868,41.2639728,1.38300002,0.0719999969,20180614469560,695,0xb,0x4,20.7199993,26.3207073,0.0227494352,0.0974736139,4.48012679e-06,30,1.426,1,0.12999757171669638,58283.4695833,0.12999757171669638,18.615161899999997,18.615161899999997
6,695211400071731,53247104,2458286.968608561,58286.4710417,18.4839783,0.0489918441,0,zr,10.9666902,41.2640198,0.437999994,0.00300000003,20180617471030,695,0xb,0x4,20.5300007,26.3378506,0.0228452403,0.0850719362,4.51296228e-06,30,1.36399996,1,0.14669276005717305,58286.4710417,0.14669276005717305,18.483978299999997,18.483978299999997
7,695211400071731,53547143,2458289.969212594,58289.4714352,18.5342979,0.0509476289,0,zr,10.9666054,41.2639902,0.704999983,0.0710000023,20180620471412,695,0xb,0x4,21.0300007,26.3392849,0.0229833312,0.102751523,4.53564917e-06,30,1.31500006,1,0.1400492669601368,58289.4714352,0.1400492669601368,18.534297900000006,18.534297900000006
8,695211400071731,53746903,2458291.966960328,58291.4690394,18.5500851,0.0515790172,0,zr,10.9666536,41.2639842,1.40799999,0.119000003,20180622469039,695,0xb,0x4,21.2700005,26.4050312,0.0253938437,0.0978142098,5.57399926e-06,30,1.29900002,2,0.13802760743290027,58291.4690394,0.13802760743290027,18.550085099999997,18.550085099999997
9,695211400071731,53847604,2458292.974035954,58292.4760417,18.5043354,0.0497727953,0,zr,10.9666161,41.2639851,0.97299999,0.141000003,20180623476007,695,0xb,0x4,21.0699997,26.3564034,0.0248811543,0.102523617,5.34668015e-06,30,1.25199997,1,0.143967956412761,58292.4760417,0.143967956412761,18.504335399999995,18.504335399999995
10,695211400071731,53947151,2458293.9695835337,58293.4715162,18.4923363,0.0493107922,0,zr,10.966632,41.2640238,0.79400003,0.00600000005,20180624471435,695,0xb,0x4,21.0799999,26.3933239,0.0243505705,0.0841957033,5.14752492e-06,30,1.25999999,2,0.1455678541453648,58293.4715162,0.1455678541453648,18.492336299999998,18.492336299999998
11,695211400071731,54236233,2458296.860620699,58296.362338,18.6666508,0.0565155968,0,zr,10.9666981,41.2640326,0.847000003,0.0610000007,20180627362338,695,0xb,0x4,19.4899998,26.2428665,0.038126912,0.0818284824,1.32265413e-05,30,2.30699992,1,0.123976588051286,58296.362338,0.123976588051286,18.666650800000006,18.666650800000006
12,695211400071731,54342664,2458297.9250067286,58297.4266435,18.6603642,0.0562366322,0,zr,10.9666443,41.2639582,0.60799998,0.112000003,20180628426644,695,0xb,0x4,20.2600002,26.302763,0.0247173142,0.0985800922,5.31630621e-06,30,1.46000004,2,0.12469651613432498,58297.4266435,0.12469651613432498,18.660364199999997,18.660364199999997
13,695211400071731,54442208,2458298.920522298,58298.4220833,18.5443344,0.0513480268,0,zr,10.9667378,41.2640028,0.933000028,0.169,20180629421979,695,0xb,0x4,19.9099998,26.2629337,0.0307300091,0.106145598,8.22395214e-06,30,1.47300005,2,0.13876062266564607,58298.4220833,0.13876062266564607,18.544334400000004,18.544334400000004
14,695211400071731,54444427,2458298.9427115065,58298.4442708,18.466114,0.0483178422,0,zr,10.9667646,41.2640656,1.13300002,0.0869999975,20180629444155,695,0xb,0x4,19.4899998,26.2759151,0.0361870155,0.106322087,1.14280092e-05,30,1.329,2,0.14912635403632354,58298.4442708,0.14912635403632354,18.466113999999997,18.466113999999997
15,695211400071731,54539565,2458299.894173268,58299.3956597,18.6504517,0.0557998307,0,zr,10.9666118,41.2639921,0.67900002,0.0970000029,20180630395625,695,0xb,0x4,20.3400002,26.2295303,0.0267433729,0.103007123,6.26081783e-06,30,1.68400002,2,0.12584017686357252,58299.3956597,0.12584017686357252,18.650451699999998,18.650451699999998
16,695211400071731,54541577,2458299.9142906303,58299.4157755,18.6930351,0.0577026084,0,zr,10.9666187,41.2640206,1.48199999,0.150000006,20180630415752,695,0xb,0x4,20.3799992,26.2449532,0.0271583442,0.106785044,6.39455811e-06,30,1.50100005,2,0.12100016429349497,58299.4157755,0.12100016429349497,18.693035099999996,18.693035099999996
17,695211400071731,54542195,2458299.920471608,58299.421956,18.6481609,0.0556993894,0,zr,10.9666389,41.2640501,1.75300002,0.0610000007,20180630421921,695,0xb,0x4,20.4699993,26.2491894,0.0252336878,0.106632873,5.51706944e-06,30,1.454,2,0.12610596795163845,58299.421956,0.12610596795163845,18.6481609,18.6481609
18,695211400071731,54542291,2458299.9214323787,58299.4229167,18.4952602,0.0494229309,0,zr,10.9666987,41.2640381,1.079,0.0270000007,20180630422882,695,0xb,0x4,20.25,26.2487106,0.0277551208,0.107659116,6.67973336e-06,30,1.44700003,1,0.1451763656296895,58299.4229167,0.1451763656296895,18.495260199999997,18.495260199999997
19,695211400071731,54841171,2458302.9104603534,58302.411713,18.5909863,0.0532554016,0,zr,10.9667808,41.2641162,0.799000025,-0.0240000002,20180703411678,695,0xb,0x4,20.1000004,26.2826214,0.0311106909,0.124880686,8.33433933e-06,30,1.46899998,1,0.13292463608615065,58302.411713,0.13292463608615065,18.590986300000004,18.590986300000004
20,695211400071731,54935868,2458303.8575021103,58303.3586806,18.6892662,0.0575314015,0,zr,10.9666435,41.2640416,0.76700002,-0.0250000004,20180704358461,695,0xb,0x4,20.0499992,26.1875267,0.0273702294,0.0813840404,6.36901723e-06,30,2.02600002,2,0.12142092023034359,58303.3586806,0.12142092023034359,18.6892662,18.6892662
21,695211400071731,54946805,2458303.966885789,58303.4680556,18.5602493,0.0519901365,0,zr,10.9666684,41.2640054,3.102,0.277999997,20180704468056,695,0xb,0x4,21.0699997,26.3141003,0.0252867807,0.102086097,5.50182904e-06,30,1.16600001,2,0.13674148122549715,58303.4680556,0.13674148122549715,18.560249300000002,18.560249300000002
22,695211400071731,54948282,2458303.9816554594,58303.4828241,18.587923,0.0531277806,0,zr,10.9666356,41.264017,1.722,0.250999987,20180704482801,695,0xb,0x4,20.6900005,26.2946587,0.0232504159,0.102721907,4.65601215e-06,30,1.12100005,2,0.1333001996875423,58303.4828241,0.1333001996875423,18.587922999999996,18.587922999999996
23,695211400071731,55143105,2458305.9300383204,58305.4310532,18.6287575,0.0548565984,0,zr,10.9666596,41.2639965,1.05599999,0.057,20180706431018,695,0xb,0x4,20.8199997,26.2932014,0.0254427101,0.100306258,5.65094342e-06,30,1.29799998,1,0.1283798902273201,58305.4310532,0.1283798902273201,18.6287575,18.6287575
24,695211400071731,55840225,2458312.9018017566,58312.4022569,18.824255,0.0640119389,32768,zr,10.966674,41.2640113,1.07299995,-0.0960000008,20180713402141,695,0xb,0x4,20.5900002,25.9371796,0.0437720083,0.0824499726,1.6406284e-05,30,1.352,2,0.10722548023318672,58312.4022569,0.10722548023318672,18.824255,18.824255
25,695211400071731,55842042,2458312.919974544,58312.4204282,18.7294388,0.0593842603,0,zr,10.9666729,41.2640122,0.713999987,0.0299999993,20180713420324,695,0xb,0x4,21.0799999,26.1806583,0.0321641713,0.090298973,8.88186332e-06,30,1.25699997,1,0.1170104043150037,58312.4204282,0.1170104043150037,18.729438800000004,18.729438800000004
26,695211400071731,55842134,2458312.920889021,58312.4213426,18.7773438,0.0616768301,0,zr,10.9666421,41.2640085,1.16100001,0.0329999998,20180713421343,695,0xb,0x4,21.1700001,26.2114315,0.0246723294,0.0945032835,5.24575398e-06,30,1.25300002,2,0.11195989435617792,58312.4213426,0.11195989435617792,18.777343800000004,18.777343800000004
27,695211400071731,55845350,2458312.9530559466,58312.4535069,18.8566284,0.0656768307,0,zr,10.9666719,41.2640374,2.11500001,-0.00600000005,20180713453484,695,0xb,0x4,21.5300007,26.4234562,0.0344445258,0.100318871,1.03191733e-05,30,1.13399994,2,0.1040755321113136,58312.4535069,0.1040755321113136,18.856628399999998,18.856628399999998
28,695211400071731,56234913,2458316.848997983,58316.3491319,18.8153763,0.0635630116,0,zr,10.9666512,41.2640573,0.533999979,0.0120000001,20180717349097,695,0xb,0x4,20.5799999,26.2041473,0.0353110284,0.0722353011,1.08280565e-05,30,1.68700004,2,0.10810592073390007,58316.3491319,0.10810592073390007,18.815376300000004,18.815376300000004
29,695211400071731,56245283,2458316.952710225,58316.4528356,18.7903442,0.0623148754,0,zr,10.9666416,41.264016,1.67200005,0.0879999995,20180717452813,695,0xb,0x4,21.4799995,26.4691353,0.0410159677,0.0910586938,1.47018991e-05,30,1.10599995,2,0.11062730178019313,58316.4528356,0.11062730178019313,18.7903442,18.7903442
30,695211400071731,56246716,2458316.9670402,58316.4671644,18.7124023,0.0585908592,0,zr,10.9666502,41.2640248,1.61000001,0.120999999,20180717467153,695,0xb,0x4,21.5799999,26.4453964,0.0478029288,0.0997603089,2.01199764e-05,30,1.074,2,0.11886091796521592,58316.4671644,0.11886091796521592,18.7124023,18.7124023
31,695211400071731,56436033,2458318.8603659803,58318.3603356,18.7950211,0.0625461489,0,zr,10.9666314,41.264032,0.825999975,0.0329999998,20180719360232,695,0xb,0x4,20.9699993,26.3579865,0.030400781,0.0780139267,7.93645904e-06,30,1.53100002,2,0.11015179026347495,58318.3603356,0.11015179026347495,18.795021100000007,18.795021100000007
32,695211400071731,56535212,2458319.8522410425,58319.3521296,18.8582077,0.0657591298,0,zr,10.9666841,41.2640889,0.986000001,0.00100000005,20180720352014,695,0xb,0x4,20.3299999,26.2639427,0.0258274283,0.087959826,5.73786156e-06,30,1.579,2,0.10392425503108212,58319.3521296,0.10392425503108212,18.8582077,18.8582077
33,695211400071731,56545079,2458319.9509181767,58319.4507986,18.8376179,0.0646937564,0,zr,10.9667079,41.2640331,0.970000029,0.0469999984,20180720450775,695,0xb,0x4,21.5,26.479538,0.0390283093,0.0955472291,1.32160594e-05,30,1.09099996,2,0.10591387071524476,58319.4507986,0.10591387071524476,18.837617900000005,18.837617900000005
34,695211400071731,56546753,2458319.967655656,58319.4675347,18.727356,0.0592866614,0,zr,10.9666582,41.2640245,2.07399988,0.148000002,20180720467535,695,0xb,0x4,21.6900005,26.576582,0.040442612,0.0994469076,1.42414019e-05,30,1.05799997,2,0.1172350842841794,58319.4675347,0.1172350842841794,18.727356000000007,18.727356000000007
35,695211400071731,56637476,2458320.8749635727,58320.3747685,18.8086624,0.0632257164,0,zr,10.9666686,41.2640186,1.49100006,0.129999995,20180721374734,695,0xb,0x4,21.25,26.2395992,0.0301968027,0.0990736261,7.85115662e-06,30,1.38600004,2,0.10877648977707854,58320.3747685,0.10877648977707854,18.808662399999996,18.808662399999996
36,695211400071731,56638413,2458320.8843277446,58320.3841319,18.8264027,0.0641209856,0,zr,10.9666793,41.2640207,1.44799995,0.0670000017,20180721384028,695,0xb,0x4,21.0200005,26.1663055,0.0292843059,0.0869375244,7.37592518e-06,30,1.33099997,2,0.10701358663883591,58320.3841319,0.10701358663883591,18.826402699999996,18.826402699999996
37,695211400071731,56747450,2458321.9747873205,58321.4745023,18.7141914,0.0586736649,0,zr,10.9666767,41.2640319,2.18899989,0.196999997,20180722474502,695,0xb,0x4,21.5699997,26.5205383,0.044398956,0.103656739,1.69461146e-05,30,1.03900003,2,0.11866521761408819,58321.4745023,0.11866521761408819,18.714191399999997,18.714191399999997
38,695211400071731,56747545,2458321.975736499,58321.4754514,18.918932,0.069007352,0,zr,10.9666731,41.2640218,2.09699988,0.129999995,20180722475428,695,0xb,0x4,21.6200008,26.594595,0.0273087882,0.0939209685,6.46392755e-06,30,1.03799999,1,0.09827141285971584,58321.4754514,0.09827141285971584,18.918932000000005,18.918932000000005
39,695211400071731,56837803,2458322.8783911937,58322.3780324,18.8031807,0.0629516765,0,zr,10.9666641,41.2640124,1.59200001,0.155000001,20180723377998,695,0xb,0x4,21.0499992,26.3761005,0.0260702483,0.0964736938,5.88453713e-06,30,1.33399999,2,0.10932707276116485,58322.3780324,0.10932707276116485,18.803180700000006,18.803180700000006
40,695211400071731,56840898,2458322.909342842,58322.4089815,18.8247509,0.0640370995,32768,zr,10.966663,41.2640282,1.91600001,0.157000005,20180723408970,695,0xb,0x4,21.5599995,26.5506477,0.0569417514,0.0983159468,2.80289078e-05,30,1.19099998,2,0.10717651716637663,58322.4089815,0.10717651716637663,18.824750900000005,18.824750900000005
41,695211400071731,56848806,2458322.9884349327,58322.4880671,18.7232685,0.0590955913,0,zr,10.966693,41.2640322,2.25,0.169,20180723488021,695,0xb,0x4,21.4099998,26.4695168,0.0364433341,0.102214389,1.15761486e-05,30,1.02100003,2,0.11767727416735356,58322.4880671,0.11767727416735356,18.723268499999996,18.723268499999996
42,695211400071731,57046555,2458324.9660847927,58324.4655556,18.803112,0.0629482865,0,zr,10.9667074,41.264045,1.82200003,0.157000005,20180725465521,695,0xb,0x4,21.3199997,26.4406776,0.0391391777,0.102838434,1.33462563e-05,30,1.03999996,1,0.10933399065475156,58324.4655556,0.10933399065475156,18.80311199999999,18.80311199999999
43,695211400071731,57046650,2458324.9670338742,58324.4665046,18.8309574,0.0643529817,0,zr,10.9666607,41.2640268,2.24399996,0.149000004,20180725466481,695,0xb,0x4,21.4200001,26.4544277,0.0429446697,0.103312723,1.5939484e-05,30,1.03900003,2,0.10656560134708758,58324.4665046,0.10656560134708758,18.830957399999996,18.830957399999996
44,695211400071731,57128318,2458325.7837785957,58325.2831829,18.8133888,0.0634629801,0,zr,10.9665303,41.2639358,0.609000027,-0.123999998,20180726283160,695,0xb,0x4,19.6700001,26.133194,0.0361875147,0.0798550621,1.11966692e-05,30,2.31900001,2,0.10830399582210434,58325.2831829,0.10830399582210434,18.813388800000006,18.813388800000006
45,695211400071731,57147624,2458325.976861527,58325.47625,18.89645,0.0677860305,0,zr,10.9666934,41.2640343,0.787999988,0.00100000005,20180726476181,695,0xb,0x4,20.8099995,26.3152924,0.024676092,0.103862226,5.25658061e-06,30,1.02400005,2,0.10032750220363533,58325.47625,0.10032750220363533,18.89645000000001,18.89645000000001
46,695211400071731,57148976,2458325.9903811263,58325.4897685,18.9715939,0.0719560683,0,zr,10.9667285,41.2640567,1.704,0.273999989,20180726489734,695,0xb,0x4,20.8899994,26.3181324,0.0246248897,0.10904108,5.23218432e-06,30,1.01300001,2,0.09361866417949499,58325.4897685,0.09361866417949499,18.971593899999995,18.971593899999995
47,695211400071731,57238340,2458326.8840880687,58326.3834028,18.8943424,0.0676726699,32768,zr,10.9667353,41.2640524,0.564999998,0.135000005,20180727383368,695,0xb,0x4,20.0100002,26.0700417,0.0293214899,0.0825887099,7.43064402e-06,30,1.25199997,2,0.10052244422192201,58326.3834028,0.10052244422192201,18.894342399999992,18.894342399999992
48,695211400071731,57240923,2458326.9099234766,58326.4092361,18.6792126,0.0570774004,32768,zr,10.9670582,41.2637991,1.04799998,-0.338999987,20180727409178,695,0xb,0x4,19.5200005,26.3015938,0.0385866277,0.0592595413,1.41425571e-05,30,1.153,2,0.12255046402399496,58326.4092361,0.12255046402399496,18.679212599999993,18.679212599999993
49,695211400071731,57337858,2458327.8793540844,58327.378588,18.7758217,0.0616025627,0,zr,10.9666864,41.2639932,1.07200003,-0.105999999,20180728378565,695,0xb,0x4,19.9699993,26.0939713,0.0355234332,0.0832507983,1.09179173e-05,30,1.26100004,2,0.11211696166460702,58327.378588,0.11211696166460702,18.7758217,18.7758217
50,695211400071731,57340594,2458327.9067174247,58327.4059491,18.9262428,0.0694092363,32768,zr,10.9666382,41.263981,0.805000007,0.063000001,20180728405926,695,0xb,0x4,18.9699993,26.121912,0.0453921966,0.0653408468,4.32706147e-05,30,1.15400004,2,0.0976119255489964,58327.4059491,0.0976119255489964,18.926242800000004,18.926242800000004
51,1735201200131033,57340975,2458327.910525532,58327.4097569,18.8848743,0.078780286,0,zr,10.9666658,41.2640224,1.04999995,0.0799999982,20180728409745,1735,0x1,0x2,20.2399998,26.198801,0.0304383133,0.0922774747,1.0484262e-05,30,1.11500001,2,0.10140287770869291,58327.4097569,0.10140287770869291,18.8848743,18.8848743
52,1735201200131033,57341020,2458327.910976965,58327.4102083,18.8205204,0.0751676187,0,zr,10.9666955,41.264056,0.81099999,0.136000007,20180728410208,1735,0x1,0x2,20.2600002,26.2184525,0.0332055241,0.0858948156,1.2109198e-05,30,1.11399996,2,0.10759493809033216,58327.4102083,0.10759493809033216,18.8205204,18.8205204
53,695211400071731,57343370,2458327.9344742745,58327.4337037,18.7883091,0.0622145459,32768,zr,10.9667013,41.264198,0.566999972,0.128999993,20180728433669,695,0xb,0x4,19.6100006,26.3104382,0.0371509679,0.0631882325,1.23440796e-05,30,1.08099997,1,0.11083485565131733,58327.4337037,0.11083485565131733,18.7883091,18.7883091
54,695211400071731,57343537,2458327.9361411226,58327.4353704,18.9303551,0.0696363896,0,zr,10.9666585,41.2640235,0.902999997,0.137999997,20180728435162,695,0xb,0x4,20.3500004,26.253006,0.0274986066,0.100261666,6.53905045e-06,30,1.07700002,2,0.09724291298817722,58327.4353704,0.09724291298817722,18.930355100000007,18.930355100000007
55,695211400071731,57437761,2458328.878462743,58328.3776157,18.8746796,0.0666244552,0,zr,10.9666276,41.2640617,0.875,-0.0430000015,20180729377500,695,0xb,0x4,20.0499992,26.2419682,0.0313245319,0.087519832,8.5149577e-06,30,1.25300002,2,0.10235950098925214,58328.3776157,0.10235950098925214,18.8746796,18.8746796
56,695211400071731,57440072,2458328.901578128,58328.4007292,18.9328194,0.0697728395,0,zr,10.9666488,41.2640515,1.08500004,0.0170000009,20180729400660,695,0xb,0x4,20.2000008,26.2109203,0.0256361235,0.093273513,5.72859926e-06,30,1.16299999,2,0.09702245062911427,58328.4007292,0.09702245062911427,18.932819399999993,18.932819399999993
57,695211400071731,57442996,2458328.9308166048,58328.4299653,19.0825043,0.0785843208,0,zr,10.9667206,41.2640398,0.93599999,0.0939999968,20180729429931,695,0xb,0x4,20.3099995,26.1390553,0.026456058,0.0963206664,6.07508946e-06,30,1.08299994,2,0.08452754974853924,58328.4299653,0.08452754974853924,19.082504300000004,19.082504300000004
58,695211400071731,57535376,2458329.854687548,58329.3537616,18.8152924,0.0635587499,0,zr,10.966709,41.2640183,0.757000029,-0.0280000009,20180730353738,695,0xb,0x4,20.1499996,26.2657413,0.0278046746,0.083017692,6.7445344e-06,30,1.36399996,2,0.1081142749152968,58329.3537616,0.1081142749152968,18.815292399999997,18.815292399999997
59,695211400071731,57536090,2458329.861829335,58329.3609028,18.9053726,0.0682680756,0,zr,10.9666651,41.2639665,0.753000021,0.061999999,20180730360787,695,0xb,0x4,20.2700005,26.2735329,0.0273553133,0.0794308409,6.57553983e-06,30,1.32299995,2,0.09950638754337213,58329.3609028,0.09950638754337213,18.9053726,18.9053726
60,695211400071731,57548592,2458329.9868625808,58329.4859259,18.9345703,0.0698699877,0,zr,10.9666559,41.2640255,1.44099998,0.143000007,20180730485822,695,0xb,0x4,20.8199997,26.3417206,0.0266082287,0.0977158248,6.22073821e-06,30,1.00999999,2,0.09686611458092448,58329.4859259,0.09686611458092448,18.934570299999997,18.934570299999997
61,695211400071731,57638275,2458330.883763555,58330.3827546,18.8463669,0.0651443154,0,zr,10.966628,41.2640127,0.976000011,0.142000005,20180731382731,695,0xb,0x4,20.3999996,26.290781,0.0221330598,0.0860416293,4.2967431e-06,30,1.20799994,2,0.10506383277245973,58330.3827546,0.10506383277245973,18.8463669,18.8463669
62,695211400071731,57639855,2458330.8995634355,58330.3985532,18.9460487,0.0705101341,0,zr,10.9666563,41.2639969,1.278,0.171000004,20180731398542,695,0xb,0x4,20.6200008,26.3051319,0.0270114541,0.0991830155,6.42011628e-06,30,1.15199995,2,0.09584744049677289,58330.3985532,0.09584744049677289,18.9460487,18.9460487
63,695211400071731,57642956,2458330.9305729447,58330.4295602,18.8039513,0.0629901588,0,zr,10.9666733,41.2640274,0.893999994,0.0820000023,20180731429549,695,0xb,0x4,20.5200005,26.2865162,0.0233159829,0.0975870192,4.75367597e-06,30,1.07299995,1,0.10924950552917002,58330.4295602,0.10924950552917002,18.8039513,18.8039513
64,695211400071731,57643049,2458330.93151052,58330.4304977,18.9590454,0.0712420568,0,zr,10.9667024,41.2640085,1.21700001,0.185000002,20180731430486,695,0xb,0x4,20.5400009,26.3030777,0.0247826856,0.0959922746,5.36477228e-06,30,1.07099998,2,0.094706947698381,58330.4304977,0.094706947698381,18.9590454,18.9590454
65,695211400071731,57740778,2458331.908880783,58331.4077894,18.9099979,0.0685193241,0,zr,10.966686,41.2640389,2.37700009,0.275000006,20180801407755,695,0xb,0x4,20.7800007,26.3182106,0.0333531946,0.101438254,9.82246365e-06,30,1.11699998,2,0.09908338613335099,58331.4077894,0.09908338613335099,18.9099979,18.9099979
66,695211400071731,57742224,2458331.923337952,58331.4222454,18.8012352,0.0628547296,0,zr,10.9666697,41.2640172,1.83899999,0.213,20180801422234,695,0xb,0x4,20.7800007,26.319828,0.0259822663,0.102415107,5.91849266e-06,30,1.08200002,2,0.10952314846980274,58331.4222454,0.10952314846980274,18.8012352,18.8012352
67,695211400071731,57949870,2458333.9999623736,58333.4987037,18.8325729,0.0644354522,0,zr,10.966655,41.2640389,1.40999997,0.153999999,20180803498704,695,0xb,0x4,20.7800007,26.3180637,0.0287164412,0.102401637,7.26671487e-06,30,1.00699997,1,0.10640715704625237,58333.4987037,0.10640715704625237,18.832572899999995,18.832572899999995
68,1735201200131033,58042275,2458334.9240867803,58334.4227546,18.7811508,0.0730403885,0,zr,10.9666389,41.2640068,1.37899995,0.199000001,20180804422755,1735,0x1,0x2,20.9599991,26.2897568,0.0438167676,0.0941387117,2.044557e-05,30,1.05299997,2,0.111568008256383,58334.4227546,0.111568008256383,18.7811508,18.7811508
69,1735201200131033,58042321,2458334.924549813,58334.4232176,18.8215485,0.0752239674,0,zr,10.9666817,41.264033,1.82000005,0.0659999996,20180804423206,1735,0x1,0x2,21.0599995,26.2901554,0.0335936807,0.091246374,1.19651759e-05,30,1.05200005,2,0.10749310304163592,58334.4232176,0.10749310304163592,18.8215485,18.8215485
70,1735201200131033,58141069,2458335.912104867,58335.4106944,18.7241116,0.0700678155,0,zr,10.9666983,41.2640181,1.41700006,0.108000003,20180805410683,1735,0x1,0x2,20.9899998,26.3342342,0.0530883037,0.0850370452,3.04983405e-05,30,1.06700003,2,0.117585930433505,58335.4106944,0.117585930433505,18.724111600000008,18.724111600000008
71,1735201200131033,58141347,2458335.914882891,58335.4134722,18.7918167,0.0736106038,0,zr,10.9666552,41.2640099,1.329,0.0489999987,20180805413472,1735,0x1,0x2,21.0200005,26.3419151,0.0544241592,0.095939815,3.26021873e-05,30,1.06299996,2,0.11047736822577629,58335.4134722,0.11047736822577629,18.79181669999999,18.79181669999999
72,1735201200131033,58238192,2458336.8834083984,58336.3819213,18.7704792,0.0724744722,32768,zr,10.9666719,41.2640395,1.21099997,0.0799999982,20180806381875,1735,0x1,0x2,21.1200008,26.3403091,0.0600523539,0.0955244526,3.89147172e-05,30,1.12300003,2,0.11267000666297504,58336.3819213,0.11267000666297504,18.770479200000004,18.770479200000004
73,1735201200131033,58238238,2458336.883871437,58336.3823843,18.7289963,0.0703174025,0,zr,10.9666842,41.2639793,1.454,0.118000001,20180806382373,1735,0x1,0x2,21.1499996,26.3828354,0.0548938662,0.0962179899,3.25932779e-05,30,1.12100005,2,0.11705810250927161,58336.3823843,0.11705810250927161,18.7289963,18.7289963
74,695211400071731,58239887,2458336.900365739,58336.3988773,18.8307972,0.0643448308,0,zr,10.9667032,41.264061,0.943000019,0.0879999995,20180806398866,695,0xb,0x4,21.1499996,26.392664,0.027504351,0.104096241,6.56326074e-06,30,1.10500002,1,0.10658132622463344,58336.3988773,0.10658132622463344,18.8307972,18.8307972
75,695211400071731,58947193,2458343.973967672,58343.4719329,18.8141403,0.0635007694,0,zr,10.9666652,41.2640605,1.48500001,0.0140000004,20180813471921,695,0xb,0x4,21.6499996,26.517849,0.0492082052,0.105981618,2.12904124e-05,30,1.00699997,1,0.10822905838194975,58343.4719329,0.10822905838194975,18.8141403,18.8141403
76,1735201200131033,59136671,2458345.8688898943,58345.366713,18.7573471,0.0717842802,32768,zr,10.9666927,41.2640301,1.26199996,0.116999999,20180815366701,1735,0x1,0x2,21.1900005,26.3522453,0.0600677654,0.0911915973,3.93998343e-05,30,1.10000002,2,0.11404103758039083,58345.366713,0.11404103758039083,18.757347099999997,18.757347099999997
77,695211400071731,59240511,2458346.9073696416,58346.4051157,18.825058,0.0640526563,32768,zr,10.9666648,41.264049,2.38899994,0.115999997,20180816405093,695,0xb,0x4,21.6299992,26.5107918,0.061855562,0.0961494893,3.31759948e-05,30,1.03999996,1,0.10714620662328694,58346.4051157,0.10714620662328694,18.825058000000006,18.825058000000006
78,695211400071731,59340474,2458347.9070728845,58347.4047454,18.7880287,0.0622007325,0,zr,10.9666887,41.2640358,2.56299996,0.123999998,20180817404688,695,0xb,0x4,21.5400009,26.5063133,0.0348784402,0.104911745,1.07205706e-05,30,1.03699994,2,0.11086348332976752,58347.4047454,0.11086348332976752,18.788028700000005,18.788028700000005
79,695211400071731,59342376,2458347.926090483,58347.4237616,18.8040466,0.0629949123,32768,zr,10.9666532,41.2640405,1.41700006,0.0599999987,20180817423681,695,0xb,0x4,21.5599995,26.5222492,0.0565343313,0.104149975,2.84969356e-05,30,1.01699996,2,0.10923991662450505,58347.4237616,0.10923991662450505,18.8040466,18.8040466
80,695211400071731,59440978,2458348.9121809034,58348.4097801,18.8146591,0.0635268688,0,zr,10.9666455,41.264026,1.72899997,0.127000004,20180818409757,695,0xb,0x4,21.6399994,26.4589329,0.0328624696,0.100106448,9.24864617e-06,30,1.02699995,2,0.10817735537857252,58348.4097801,0.10817735537857252,18.814659099999993,18.814659099999993
81,695211400071731,59442851,2458348.930920666,58348.4285185,18.784193,0.0620121099,0,zr,10.966681,41.2640243,1.45000005,0.181999996,20180818428380,695,0xb,0x4,21.6800003,26.5015812,0.0342703387,0.103841916,1.00072357e-05,30,1.01199996,2,0.11125583562578213,58348.4285185,0.11125583562578213,18.784192999999995,18.784192999999995
82,695211400071731,59534560,2458349.8480703584,58349.3456019,18.8133888,0.0634629801,0,zr,10.9667001,41.2640349,1.55799997,0.151999995,20180819345590,695,0xb,0x4,21.5400009,26.4455795,0.0345883816,0.100669637,1.02273043e-05,30,1.15499997,2,0.10830399582210434,58349.3456019,0.10830399582210434,18.813388800000006,18.813388800000006
83,695211400071731,59546689,2458349.969375319,58349.4668981,18.7895241,0.062274415,32768,zr,10.9666726,41.2640315,1.64499998,0.219999999,20180819466725,695,0xb,0x4,21.6800003,26.540102,0.0556741469,0.0936816111,2.68740332e-05,30,1.00999999,2,0.11071089457437475,58349.4668981,0.11071089457437475,18.7895241,18.7895241
84,695211400071731,59546781,2458349.970289784,58349.4678125,18.8207378,0.0638336763,0,zr,10.9666883,41.264035,2.07500005,0.268000007,20180819467801,695,0xb,0x4,21.7000008,26.5281925,0.0278781522,0.0992101729,6.69658493e-06,30,1.01100004,1,0.10757339621141333,58349.4678125,0.10757339621141333,18.820737799999996,18.820737799999996
85,695211400071731,59548042,2458349.9829063886,58349.4804282,18.8141499,0.0635012463,0,zr,10.96668,41.2640407,1.77499998,0.165000007,20180819480046,695,0xb,0x4,21.6700001,26.4635658,0.0328701958,0.102184482,9.2395594e-06,30,1.01900005,2,0.10822810143277281,58349.4804282,0.10822810143277281,18.814149899999997,18.814149899999997
86,695211400071731,59639312,2458350.8956685592,58350.393125,18.7873497,0.0621672869,0,zr,10.9666441,41.2640218,1.80999994,0.158000007,20180820392917,695,0xb,0x4,21.6800003,26.4687119,0.0371105075,0.0975392684,1.17922873e-05,30,1.04100001,2,0.11093283705306255,58350.393125,0.11093283705306255,18.7873497,18.7873497
87,695211400071731,59640244,2458350.9049863257,58350.4024421,18.8490448,0.0652828217,0,zr,10.966655,41.264025,1.96200001,0.172999993,20180820402442,695,0xb,0x4,21.7299995,26.5612659,0.0260455608,0.101187974,5.83050223e-06,30,1.02900004,2,0.10480501874833567,58350.4024421,0.10480501874833567,18.849044799999994,18.849044799999994
88,695211400071731,59736734,2458351.8699622,58351.3673495,18.8614616,0.0659291744,0,zr,10.9666898,41.2640253,1.528,0.075000003,20180821367141,695,0xb,0x4,21.6100006,26.534483,0.0440030955,0.106561296,1.65855599e-05,30,1.08200002,2,0.10361326520285323,58351.3673495,0.10361326520285323,18.861461600000005,18.861461600000005
89,695211400071731,59738664,2458351.889257571,58351.3866435,18.7254658,0.0591982082,0,zr,10.9666635,41.2640319,1.62399995,0.167999998,20180821386620,695,0xb,0x4,21.7399998,26.5549431,0.032353472,0.10352803,8.90227693e-06,30,1.04700005,2,0.11743936112542969,58351.3866435,0.11743936112542969,18.725465800000002,18.725465800000002
90,695211400071731,59748116,2458351.9837897457,58351.481169,18.7826653,0.0619371831,0,zr,10.9666469,41.2640719,1.10300004,0.061999999,20180821480764,695,0xb,0x4,21.2800007,26.4052219,0.0315715447,0.118661374,8.71039992e-06,30,1.02499998,2,0.11141248985874776,58351.481169,0.11141248985874776,18.782665299999998,18.782665299999998
91,695211400071731,59832628,2458352.828964804,58352.3262847,18.7903481,0.0623151101,0,zr,10.966607,41.2639897,1.55700004,0.0469999984,20180822326204,695,0xb,0x4,20.8799992,26.3553829,0.0237729847,0.101651751,4.73227192e-06,30,1.19500005,2,0.11062690440401694,58352.3262847,0.11062690440401694,18.790348099999996,18.790348099999996
92,695211400071731,59846893,2458352.971625304,58352.4689352,18.7646866,0.0610621646,0,zr,10.9666758,41.2640313,1.74199998,0.0820000023,20180822468912,695,0xb,0x4,21.75,26.544138,0.0328369737,0.0962335765,9.04173066e-06,30,1.01699996,2,0.11327272801217171,58352.4689352,0.11327272801217171,18.764686599999997,18.764686599999997
93,695211400071731,59846988,2458352.972574472,58352.4698843,18.8560257,0.0656453967,32768,zr,10.9666524,41.2640219,2.352,0.119000003,20180822469861,695,0xb,0x4,21.8199997,26.5731583,0.049807772,0.0919342637,2.09430254e-05,30,1.01699996,1,0.1041333212281058,58352.4698843,0.1041333212281058,18.856025699999996,18.856025699999996
94,695211400071731,59848042,2458352.983119104,58352.4804282,18.7320518,0.0595069639,0,zr,10.9666759,41.2640315,1.60300004,0.170000002,20180822480000,695,0xb,0x4,21.8299999,26.5815926,0.0412591621,0.0948324576,1.42959852e-05,30,1.02699995,2,0.11672913842016878,58352.4804282,0.11672913842016878,18.7320518,18.7320518
95,1735201200131033,59934271,2458353.845470744,58353.3427199,18.755785,0.0717026517,0,zr,10.96672,41.2640559,0.442999989,0.0469999984,20180823342546,1735,0x1,0x2,20.7800007,26.3199482,0.0546871237,0.100245476,3.35609839e-05,30,1.10399997,2,0.11420523190056288,58353.3427199,0.11420523190056288,18.755784999999996,18.755784999999996
96,695211400071731,59940893,2458353.9116906505,58353.4089352,18.756176,0.0606525131,0,zr,10.9666746,41.2640692,2.37599993,0.241999999,20180823408727,695,0xb,0x4,21.1499996,26.3665714,0.0267004073,0.101031877,6.02422824e-06,30,1.01600003,2,0.11416411122511394,58353.4089352,0.11416411122511394,18.756176000000004,18.756176000000004
97,695211400071731,59943103,2458353.9337870847,58353.4310301,18.7597961,0.0608264208,0,zr,10.9666503,41.2640249,2.5309999,0.244000003,20180823430961,695,0xb,0x4,21.3999996,26.4012413,0.0320359021,0.0985775292,8.65211496e-06,30,1.00600004,2,0.11378409509706831,58353.4310301,0.11378409509706831,18.759796099999996,18.759796099999996
98,695211400071731,59945523,2458353.9579901537,58353.4552315,18.7745857,0.0615423247,0,zr,10.9666992,41.2640429,1.72500002,0.160999998,20180823455220,695,0xb,0x4,21.7000008,26.5090561,0.0342598297,0.0970739201,9.96758718e-06,30,1.00999999,2,0.11224466807395196,58353.4552315,0.11224466807395196,18.774585699999996,18.774585699999996
99,695211400071731,59947179,2458353.974553799,58353.471794,18.6398869,0.0553383231,0,zr,10.9666607,41.2640222,2.33899999,0.175999999,20180823471771,695,0xb,0x4,21.7600002,26.5448341,0.0303350836,0.0994831324,7.80521623e-06,30,1.02100003,2,0.127070646647232,58353.471794,0.127070646647232,18.6398869,18.6398869
100,695211400071731,59948840,2458353.9911637423,58353.4884028,18.6906929,0.0575961471,0,zr,10.9666597,41.2640232,1.92700005,0.150999993,20180823488287,695,0xb,0x4,21.7700005,26.5185146,0.0325527824,0.10213089,8.95764697e-06,30,1.04100001,2,0.1212614731568706,58353.4884028,0.1212614731568706,18.690692899999995,18.690692899999995
101,695211400071731,59950295,2458354.0057133427,58353.5029514,18.7597828,0.0608257987,0,zr,10.9666541,41.2640184,1.52699995,0.0850000009,20180823502917,695,0xb,0x4,21.5799999,26.485363,0.0421805009,0.0958574414,1.50315045e-05,30,1.06400001,2,0.11378548893262988,58353.5029514,0.11378548893262988,18.759782800000004,18.759782800000004
102,1735201200131033,60029108,2458354.7939041303,58354.291088,18.7617455,0.0720147118,0,zr,10.9666792,41.2640312,1.204,0.0549999997,20180824291065,1735,0x1,0x2,20.6000004,26.2368546,0.0362384245,0.0988200381,1.43941243e-05,30,1.26699996,2,0.11357998317136923,58354.291088,0.11357998317136923,18.761745499999996,18.761745499999996
103,695211400071731,60031993,2458354.822748728,58354.3199306,18.7666569,0.0611574203,0,zr,10.966678,41.2640173,2.2019999,0.232999995,20180824319896,695,0xb,0x4,20.8899994,26.3559799,0.0263819359,0.0971808806,6.04251227e-06,30,1.19799995,2,0.11306735688015757,58354.3199306,0.11306735688015757,18.766656900000008,18.766656900000008
104,695211400071731,60034633,2458354.84915095,58354.346331,18.7689533,0.0612686239,0,zr,10.9666535,41.2640395,1.801,0.219999999,20180824346123,695,0xb,0x4,20.9699993,26.3622742,0.0283443481,0.102364108,6.95656445e-06,30,1.11300004,2,0.11282846507113856,58354.346331,0.11282846507113856,18.7689533,18.7689533
105,695211400071731,60042891,2458354.931737626,58354.428912,18.7050095,0.0582500547,0,zr,10.966657,41.2640053,1.31200004,0.129999995,20180824428843,695,0xb,0x4,21.0900002,26.4047108,0.0251062419,0.0977647826,5.45389958e-06,30,1.00600004,2,0.11967300600848087,58354.428912,0.11967300600848087,18.705009499999996,18.705009499999996
106,695211400071731,60045608,2458354.958915481,58354.456088,18.8072433,0.0631546304,0,zr,10.966654,41.2640427,0.961000025,0.111000001,20180824455938,695,0xb,0x4,21.0300007,26.3796444,0.0249146372,0.103005648,5.36773814e-06,30,1.01199996,2,0.10891875789000884,58354.456088,0.10891875789000884,18.807243300000003,18.807243300000003
107,695211400071731,60046981,2458354.9726432166,58354.4698148,18.7440605,0.0600743368,0,zr,10.9666689,41.2640314,1.72300005,0.173999995,20180824469537,695,0xb,0x4,21.3099995,26.4056797,0.028553484,0.0989363864,7.0459887e-06,30,1.02199996,2,0.1154451786121059,58354.4698148,0.1154451786121059,18.744060499999996,18.744060499999996
108,695211400071731,60048927,2458354.992100546,58354.4892708,18.727663,0.0593010671,32768,zr,10.9666207,41.2639992,1.79999995,0.109999999,20180824489236,695,0xb,0x4,21.7000008,26.5534,0.0503304936,0.0963556916,2.16261724e-05,30,1.046,2,0.1172019398769006,58354.4892708,0.1172019398769006,18.727663,18.727663
109,1735201200131033,60132372,2458355.8266134006,58355.3237269,18.874445,0.0781832412,0,zr,10.9666916,41.2640111,1.23699999,0.179000005,20180825323611,1735,0x1,0x2,20.5900002,26.3144245,0.0281742364,0.0826026052,8.74776288e-06,30,1.13900006,2,0.1023816206656256,58355.3237269,0.1023816206656256,18.874445,18.874445
110,695211400071731,60134291,2458355.84580451,58355.3429167,18.7721519,0.0614239387,0,zr,10.966654,41.2640425,1.52199996,0.103,20180825342894,695,0xb,0x4,20.75,26.3594646,0.0254573729,0.0976448581,5.53656901e-06,30,1.11500001,2,0.11249655935651334,58355.3429167,0.11249655935651334,18.772151900000004,18.772151900000004
111,695211400071731,60136137,2458355.8642663723,58355.3613773,18.915863,0.0688392892,0,zr,10.9666534,41.2639849,1.04700005,0.152999997,20180825361366,695,0xb,0x4,20.7399998,26.2967567,0.0310947113,0.0971710384,8.32184378e-06,30,1.07200003,2,0.0985495850518905,58355.3613773,0.0985495850518905,18.915862999999995,18.915862999999995
112,695211400071731,60138099,2458355.883885805,58355.3809954,18.6798401,0.0571056604,32768,zr,10.9666517,41.2640233,1.87399995,0.222000003,20180825380972,695,0xb,0x4,20.4899998,26.2185078,0.0955041647,0.102707781,7.79589973e-05,30,1.03900003,2,0.12247965658673216,58355.3809954,0.12247965658673216,18.6798401,18.6798401
113,695211400071731,60146846,2458355.9713569246,58355.4684606,18.772337,0.0614329129,0,zr,10.9666479,41.2640127,1.59200001,0.162,20180825468391,695,0xb,0x4,20.9300003,26.3759918,0.0263961367,0.103136092,5.99215082e-06,30,1.023,1,0.11247738219529473,58355.4684606,0.11247738219529473,18.772337,18.772337
114,695211400071731,60146942,2458355.97231769,58355.4694213,18.7960625,0.0625977293,0,zr,10.966644,41.2640037,2.2019999,0.226999998,20180825469387,695,0xb,0x4,21.0100002,26.380619,0.0273467284,0.0977755114,6.49731737e-06,30,1.02400005,2,0.11004618719196764,58355.4694213,0.11004618719196764,18.796062499999998,18.796062499999998
115,695211400071731,60148781,2458355.990710123,58355.4878125,18.7631016,0.0609856769,0,zr,10.9666986,41.2640401,1.50399995,0.133000001,20180825487789,695,0xb,0x4,20.9699993,26.387785,0.0234570224,0.099183619,4.701531e-06,30,1.04799998,2,0.11343820871057506,58355.4878125,0.11343820871057506,18.76310159999999,18.76310159999999
116,695211400071731,60150329,2458356.0061972667,58355.5032986,18.688942,0.0575167015,0,zr,10.9666537,41.2640266,2.02999997,0.135000005,20180825503229,695,0xb,0x4,21.1700001,26.4068985,0.0256415121,0.102146305,5.62068544e-06,30,1.07599998,2,0.12145718183779416,58355.5032986,0.12145718183779416,18.688942000000004,18.688942000000004
117,1735201200131033,60230804,2458356.8109967774,58356.308044,18.7771206,0.0728261843,0,zr,10.9666726,41.2640189,0.91900003,0.0799999982,20180826307998,1735,0x1,0x2,20.3500004,26.2397785,0.0303855091,0.0945150033,1.01644227e-05,30,1.17900002,2,0.1119829128546755,58356.308044,0.1119829128546755,18.777120599999996,18.777120599999996
118,695211400071731,60237898,2458356.881939059,58356.3789815,18.7595711,0.0608155876,0,zr,10.9666599,41.2640288,1.06599998,0.116999999,20180826378912,695,0xb,0x4,20.5900002,26.364954,0.0228874795,0.102327012,4.50241851e-06,30,1.03799999,2,0.11380767732099457,58356.3789815,0.11380767732099457,18.759571099999995,18.759571099999995
119,695211400071731,60240349,2458356.906454606,58356.4034954,18.7336788,0.0595835112,0,zr,10.9666439,41.2640128,1.02900004,0.0979999974,20180826403403,695,0xb,0x4,20.6399994,26.3812141,0.0253920481,0.0990410745,5.54956841e-06,30,1.01400006,2,0.11655434819026518,58356.4034954,0.11655434819026518,18.7336788,18.7336788
120,695211400071731,60242424,2458356.927208295,58356.4242477,18.8224602,0.0639209002,0,zr,10.966681,41.2639902,1.17700005,0.0659999996,20180826424236,695,0xb,0x4,20.7299995,26.3757401,0.0297233686,0.0995592251,7.62516584e-06,30,1.00600004,2,0.1074028782458847,58356.4242477,0.1074028782458847,18.822460200000002,18.822460200000002
121,695211400071731,60246946,2458356.972431212,58356.4694676,18.7197285,0.0589306802,0,zr,10.966681,41.2639932,1.62699997,0.202999994,20180826469444,695,0xb,0x4,20.6499996,26.3794785,0.0279661547,0.106222436,6.72438273e-06,30,1.02699995,2,0.1180615824410637,58356.4694676,0.1180615824410637,18.719728499999995,18.719728499999995
122,695211400071731,60249307,2458356.9960438814,58356.4930787,18.7453995,0.0601379313,0,zr,10.9666674,41.2640013,0.848999977,0.107000001,20180826493056,695,0xb,0x4,20.7000008,26.3660831,0.0235969797,0.0999427065,4.80560766e-06,30,1.06099999,2,0.11530289191947804,58356.4930787,0.11530289191947804,18.745399499999998,18.745399499999998
123,695211400071731,60250244,2458357.005407904,58356.5024421,18.6439667,0.0555160418,0,zr,10.9666463,41.2640036,1.42499995,0.122000001,20180826502419,695,0xb,0x4,20.5300007,26.3559723,0.0246273577,0.101435661,5.26985332e-06,30,1.08000004,2,0.12659405756509942,58356.5024421,0.12659405756509942,18.6439667,18.6439667
124,1735201200131033,60333722,2458357.840243482,58357.3372222,18.6591854,0.0668381304,0,zr,10.9666418,41.2640063,0.908999979,0.0989999995,20180827337222,1735,0x1,0x2,20.3099995,26.2507572,0.0263740048,0.0979168713,7.67698566e-06,30,1.09200001,2,0.12483197452403486,58357.3372222,0.12483197452403486,18.659185400000005,18.659185400000005
125,695211400071731,60337767,2458357.880697569,58357.3776736,18.7145176,0.05868873,0,zr,10.9666833,41.2640291,0.834999979,0.00200000009,20180827377396,695,0xb,0x4,20.3099995,26.3561478,0.0249027703,0.111137167,5.35506797e-06,30,1.03600001,2,0.11862957103661473,58357.3776736,0.11862957103661473,18.7145176,18.7145176
126,695211400071731,60340812,2458357.91115099,58357.408125,18.7396717,0.0598663017,0,zr,10.9666456,41.264005,1.70799994,0.119999997,20180827408056,695,0xb,0x4,20.6599998,26.3732452,0.0242555365,0.102940492,5.07260484e-06,30,1.00999999,2,0.11591277949873188,58357.408125,0.11591277949873188,18.739671699999995,18.739671699999995
127,695211400071731,60342591,2458357.9289415646,58357.4259144,18.7524929,0.0604761019,0,zr,10.966626,41.2640293,0.957000017,0.145999998,20180827425856,695,0xb,0x4,20.5100002,26.3600826,0.0252577756,0.101706751,5.47693344e-06,30,1.00600004,2,0.1145520432370528,58357.4259144,0.1145520432370528,18.7524929,18.7524929
128,695211400071731,60347216,2458357.9751946125,58357.4721644,18.6981564,0.0579360873,0,zr,10.9666828,41.2639908,1.76600003,0.197999999,20180827472141,695,0xb,0x4,20.7099991,26.377039,0.0246995743,0.102978088,5.22668097e-06,30,1.03400004,2,0.12043076358958293,58357.4721644,0.12043076358958293,18.698156399999995,18.698156399999995
129,695211400071731,60348600,2458357.9890380222,58357.4860069,18.6913948,0.0576280393,0,zr,10.9666301,41.2640159,1.88199997,0.0900000036,20180827485868,695,0xb,0x4,20.6399994,26.3683434,0.0257449914,0.0988865271,5.68831956e-06,30,1.05400002,2,0.1211831061264961,58357.4860069,0.1211831061264961,18.691394800000005,18.691394800000005
130,695211400071731,60350572,2458358.0087616094,58357.5057292,18.6618824,0.0563038848,0,zr,10.9667305,41.264036,1.09000003,0.201000005,20180827505648,695,0xb,0x4,20.4099998,26.3559361,0.0226188935,0.0984094217,4.37491326e-06,30,1.09300005,2,0.12452227311722033,58357.5057292,0.12452227311722033,18.661882400000003,18.661882400000003
131,695211400071731,60441278,2458358.915881352,58358.4127894,18.812561,0.0634213239,0,zr,10.9666602,41.2640437,0.774999976,0.148000002,20180828412789,695,0xb,0x4,20.0400009,26.260004,0.0287043769,0.107847601,7.05706861e-06,30,1.00699997,1,0.10838660173834261,58358.4127894,0.10838660173834261,18.812560999999995,18.812560999999995
132,695211400071731,60441408,2458358.9171776352,58358.4140856,18.7668266,0.0611656159,0,zr,10.9667183,41.264023,0.802999973,0.143000007,20180828413704,695,0xb,0x4,20.2600002,26.2834377,0.0244827662,0.102369525,5.16520322e-06,30,1.00699997,2,0.11304968589253184,58358.4140856,0.11304968589253184,18.766826599999995,18.766826599999995
133,695211400071731,60442024,2458358.923335539,58358.4202431,18.6158562,0.0543038361,0,zr,10.9666918,41.264014,1.14100003,0.120999999,20180828420220,695,0xb,0x4,20.5300007,26.355896,0.0222131684,0.102154642,4.25042799e-06,30,1.00600004,2,0.1299144682324437,58358.4202431,0.1299144682324437,18.615856200000003,18.615856200000003
134,695211400071731,60445093,2458358.954031941,58358.4509375,18.5884666,0.0531504005,0,zr,10.966635,41.2640083,1.14300001,0.125,20180828450729,695,0xb,0x4,20.6399994,26.3556271,0.0224500541,0.102517731,4.3055702e-06,30,1.01600003,2,0.13323347643438083,58358.4509375,0.13323347643438083,18.588466599999997,18.588466599999997
135,695211400071731,60527584,2458359.7789927954,58359.2758449,18.8050995,0.0630474687,0,zr,10.9666549,41.2639834,1.14199996,0.112999998,20180829275729,695,0xb,0x4,20.5200005,26.3372364,0.0235501919,0.0965088531,4.70182158e-06,30,1.34200001,2,0.10913403182887012,58359.2758449,0.10913403182887012,18.805099500000004,18.805099500000004
136,695211400071731,60530592,2458359.8090757527,58359.3059259,18.6442356,0.0555277988,0,zr,10.9666604,41.2640324,0.133000001,0.00499999989,20180829305903,695,0xb,0x4,19.9899998,26.2418919,0.0300598107,0.098984383,7.65564619e-06,30,1.199,2,0.12656270839680198,58359.3059259,0.12656270839680198,18.644235599999995,18.644235599999995
137,695211400071731,60532023,2458359.8233822905,58359.3202315,18.7652683,0.0610902719,0,zr,10.9665331,41.2640202,0.776000023,-0.0179999992,20180829320197,695,0xb,0x4,20.2700005,26.329628,0.0252673589,0.101197958,5.45309786e-06,30,1.14900005,2,0.11321205664673911,58359.3202315,0.11321205664673911,18.765268299999995,18.765268299999995
138,695211400071731,60538082,2458359.883976516,58359.3808218,18.659605,0.0562030412,0,zr,10.9666742,41.2639976,0.398999989,0.057,20180829380741,695,0xb,0x4,20.0400009,26.120409,0.0281674881,0.0990237296,6.76284753e-06,30,1.02600002,2,0.12478374054589254,58359.3808218,0.12478374054589254,18.659604999999992,18.659604999999992
139,1735201200131033,60539163,2458359.894787315,58359.3916319,18.658577,0.066808641,0,zr,10.9666371,41.2640089,0.763999999,-0.0820000023,20180829391597,1735,0x1,0x2,20.3999996,26.2662659,0.0357490331,0.0934223905,1.39946878e-05,30,1.01800001,2,0.1249019446105804,58359.3916319,0.1249019446105804,18.658577,18.658577
140,695211400071731,60542422,2458359.9273820203,58359.4242245,18.365715,0.044720497,32768,zr,10.966678,41.2639235,0.240999997,-0.00999999978,20180829424213,695,0xb,0x4,18.5100002,25.3333683,0.0429367051,0.0885499343,4.16533767e-05,30,1.00600004,2,0.16357389682061899,58359.4242245,0.16357389682061899,18.365715,18.365715
141,695211400071731,60630680,2458360.810019579,58360.3068056,18.6508732,0.0558183566,0,zr,10.9666619,41.2640134,1.528,0.0260000005,20180830306771,695,0xb,0x4,20.4200001,26.3425179,0.0262184534,0.110528976,5.83683504e-06,30,1.18499994,2,0.12579133319432126,58360.3068056,0.12579133319432126,18.6508732,18.6508732
142,695211400071731,60631614,2458360.8193603815,58360.3161458,18.6661701,0.0564942248,0,zr,10.9665984,41.2640022,1.64100003,0.237000003,20180830316123,695,0xb,0x4,20.4599991,26.3348083,0.0241937935,0.107700616,4.98041209e-06,30,1.15400004,2,0.12403148973022149,58360.3161458,0.12403148973022149,18.666170099999995,18.666170099999995
143,695211400071731,60634162,2458360.844836612,58360.3416204,18.6978035,0.0579199679,0,zr,10.9666129,41.2640352,0.734000027,0.0379999988,20180830341597,695,0xb,0x4,20.2600002,26.3433914,0.0255820863,0.10814026,5.54639246e-06,30,1.08599997,2,0.12046991391356072,58360.3416204,0.12046991391356072,18.6978035,18.6978035
144,695211400071731,60730489,2458361.8081728597,58361.3048958,18.6851025,0.0573429093,0,zr,10.966626,41.2640104,1.57700002,0.193000004,20180831304873,695,0xb,0x4,20.75,26.3626232,0.0223207362,0.0983119383,4.24501332e-06,30,1.18200004,2,0.12188745244383806,58361.3048958,0.12188745244383806,18.685102499999992,18.685102499999992
145,695211400071731,60731416,2458361.817444348,58361.3141667,18.599905,0.0536287986,0,zr,10.9666417,41.2639876,1.77100003,0.214000002,20180831314028,695,0xb,0x4,21.0599995,26.3827,0.0278108921,0.0990454704,6.62166758e-06,30,1.15100002,2,0.1318372088738773,58361.3141667,0.1318372088738773,18.599905,18.599905
146,695211400071731,60734358,2458361.846867505,58361.343588,18.6804962,0.0571351647,0,zr,10.9666599,41.2640123,2.42799997,0.120999999,20180831343576,695,0xb,0x4,20.9200001,26.3771248,0.0249844436,0.101162687,5.34358333e-06,30,1.07599998,2,0.12240566566042192,58361.343588,0.12240566566042192,18.6804962,18.6804962
147,695211400071731,60734937,2458361.8526548715,58361.349375,18.6618462,0.0563022457,0,zr,10.9666651,41.2639933,1.56299996,0.128000006,20180831349352,695,0xb,0x4,20.9500008,26.3785286,0.0221564509,0.102394722,4.20458082e-06,30,1.06500006,1,0.12452642493735387,58361.349375,0.12452642493735387,18.661846200000006,18.661846200000006
148,1735201200131033,60835019,2458362.853539,58362.3501968,18.5561829,0.0620388985,0,zr,10.9666468,41.2639935,1.829,0.217999995,20180901350150,1735,0x1,0x2,20.9699993,26.3419018,0.05503387,0.0976785123,3.34101933e-05,30,1.04999995,2,0.13725457836153443,58362.3501968,0.13725457836153443,18.556182900000003,18.556182900000003
149,695211400071731,60927806,2458363.7814662326,58363.2780671,18.6787128,0.0570549518,0,zr,10.9666624,41.2640129,1.24800003,0.103,20180902278021,695,0xb,0x4,20.6700001,26.284214,0.0250377227,0.091118902,5.3253234e-06,30,1.27100003,2,0.12260689101028566,58363.2780671,0.12260689101028566,18.678712799999992,18.678712799999992
150,695211400071731,60943260,2458363.936012791,58363.4326042,18.6847038,0.0573249198,0,zr,10.96667,41.264023,1.19500005,0.167999998,20180902432535,695,0xb,0x4,20.9899998,26.3405647,0.0254161451,0.104196168,5.55928727e-06,30,1.01400006,2,0.12193221971869314,58363.4326042,0.12193221971869314,18.6847038,18.6847038
151,695211400071731,60943964,2458363.9430502206,58363.4396412,18.5881958,0.053139139,0,zr,10.9666364,41.2640007,1.66100001,0.127000004,20180902439224,695,0xb,0x4,21.1200008,26.3493538,0.0251918044,0.103608593,5.43374517e-06,30,1.01900005,2,0.13326671114190214,58363.4396412,0.13326671114190214,18.5881958,18.5881958
152,1735201200131033,60944750,2458363.950909496,58363.4475,18.4905567,0.0591805652,32768,zr,10.9666616,41.2640056,0.640999973,0.023,20180902447465,1735,0x1,0x2,20.8799992,26.2909088,0.0611394793,0.0877399892,4.09919412e-05,30,1.04900002,2,0.1458066460094073,58363.4475,0.1458066460094073,18.490556700000006,18.490556700000006
153,695211400071731,61032152,2458364.8249900835,58364.3215278,18.5863094,0.0530607365,0,zr,10.9666349,41.2640101,1.676,0.136999995,20180903321516,695,0xb,0x4,21.2900009,26.3521748,0.0305127949,0.0951160938,7.94302741e-06,30,1.10800004,2,0.13349845513315253,58364.3215278,0.13349845513315253,18.586309399999998,18.586309399999998
154,695211400071731,61034074,2458364.8442041455,58364.3407407,18.6252499,0.0547056869,0,zr,10.9666512,41.2639818,1.20299995,0.0359999985,20180903340718,695,0xb,0x4,21.3299999,26.3280773,0.0311961304,0.0990254432,8.3294899e-06,30,1.06599998,1,0.12879530740448392,58364.3407407,0.12879530740448392,18.625249899999993,18.625249899999993
155,695211400071731,61034167,2458364.8451417014,58364.3416782,18.5635967,0.0521263108,0,zr,10.9666576,41.2639941,1.5,0.108000003,20180903341655,695,0xb,0x4,21.3500004,26.3505573,0.0309509411,0.0983165056,8.2394381e-06,30,1.06400001,2,0.13632054697592114,58364.3416782,0.13632054697592114,18.563596699999998,18.563596699999998
156,695211400071731,61036143,2458364.864899892,58364.3614352,18.5628662,0.0520965494,0,zr,10.9666553,41.2640049,1.58000004,0.165999994,20180903361343,695,0xb,0x4,21.3899994,26.3448639,0.022397384,0.0960542262,4.30138698e-06,30,1.03499997,2,0.13641229639612784,58364.3614352,0.13641229639612784,18.562866199999995,18.562866199999995
157,1735201200131033,61037001,2458364.87347681,58364.3700116,18.5739841,0.0628405362,0,zr,10.9666318,41.2639951,2.53900003,0.125,20180903370012,1735,0x1,0x2,21.1900005,26.4377422,0.0374654867,0.0978374779,1.55420003e-05,30,1.02600002,2,0.13502256688178638,58364.3700116,0.13502256688178638,18.573984099999997,18.573984099999997
158,695211400071731,61134824,2458365.851764101,58365.3482407,18.5754299,0.0526108369,0,zr,10.9666452,41.2640118,1.96000004,0.153999999,20180904348218,695,0xb,0x4,21.2800007,26.3724098,0.0244271886,0.0997323245,5.11625512e-06,30,1.04900002,2,0.134842886305209,58365.3482407,0.134842886305209,18.575429899999996,18.575429899999996
159,695211400071731,61135797,2458365.8614984797,58365.3579745,18.5877247,0.0531195514,0,zr,10.9666199,41.2640204,1.671,0.125,20180904357685,695,0xb,0x4,21.2199993,26.373661,0.0247855727,0.106250182,5.26535541e-06,30,1.03499997,2,0.13332454799935417,58365.3579745,0.13332454799935417,18.587724700000003,18.587724700000003
160,1735201200131033,61137114,2458365.874670559,58365.3711458,18.4944992,0.0593480729,0,zr,10.9666827,41.2639958,1.495,0.0890000015,20180904371134,1735,0x1,0x2,21.1200008,26.3901978,0.0436887816,0.0923311785,2.09468981e-05,30,1.02400005,2,0.1452781564151764,58365.3711458,0.1452781564151764,18.4944992,18.4944992
161,695211400071731,61139311,2458365.8966394607,58365.3931134,18.5167618,0.0502563417,0,zr,10.9666345,41.263975,2.08200002,0.223000005,20180904393056,695,0xb,0x4,21.4300003,26.4109688,0.0284089036,0.103104949,6.9154039e-06,30,1.00899994,2,0.14232961677128372,58365.3931134,0.14232961677128372,18.516761800000005,18.516761800000005
162,695211400071731,61234739,2458366.8509776946,58366.3473958,18.6320038,0.054996632,0,zr,10.9666228,41.2640373,1.13600004,0.0540000014,20180905347176,695,0xb,0x4,21.3400002,26.387804,0.0306288116,0.105044112,7.99453665e-06,30,1.046,2,0.1279966136906305,58366.3473958,0.1279966136906305,18.6320038,18.6320038
163,695211400071731,61236153,2458366.86512212,58366.3615394,18.6061096,0.0538902842,0,zr,10.9666528,41.2640115,1.80200005,0.171000004,20180905361447,695,0xb,0x4,21.5,26.4250107,0.0264023673,0.102454096,5.99615078e-06,30,1.028,2,0.13108595428209896,58366.3615394,0.13108595428209896,18.606109600000003,18.606109600000003
164,695211400071731,61238129,2458366.8848801698,58366.3812963,18.5652809,0.0521949828,0,zr,10.9666431,41.2640111,1.579,0.150999993,20180905381192,695,0xb,0x4,21.5,26.4323578,0.0258276816,0.100048013,5.74428896e-06,30,1.01300001,2,0.1361092497153288,58366.3812963,0.1361092497153288,18.565280899999998,18.565280899999998
165,695211400071731,61333819,2458367.841833329,58367.3381944,18.5123653,0.0500846691,0,zr,10.9666442,41.2640149,1.19799995,0.104999997,20180906338113,695,0xb,0x4,21.5300007,26.4354763,0.0286937673,0.101584196,6.98064105e-06,30,1.05599999,2,0.14290712427862626,58367.3381944,0.14290712427862626,18.512365299999992,18.512365299999992
166,695211400071731,61336440,2458367.8680501333,58367.3644097,18.514164,0.0501548313,0,zr,10.9666428,41.2639936,2.18000007,0.175999999,20180906364375,695,0xb,0x4,21.5900002,26.4313221,0.0302863307,0.103395358,7.80101709e-06,30,1.023,2,0.14267057120011242,58367.3644097,0.14267057120011242,18.514164,18.514164
167,695211400071731,61338736,2458367.891002845,58367.3873611,18.5449371,0.0513721965,0,zr,10.9666249,41.2639989,1.80700004,0.127000004,20180906387303,695,0xb,0x4,21.5699997,26.4280624,0.0237354897,0.101835303,4.84527936e-06,30,1.00899994,1,0.13868361701812906,58367.3873611,0.13868361701812906,18.54493709999999,18.54493709999999
168,695211400071731,61338884,2458367.8924844284,58367.3888426,18.5412636,0.0512251444,0,zr,10.9666595,41.2640085,0.925999999,0.023,20180906388819,695,0xb,0x4,21.4400005,26.406456,0.0272878148,0.100711659,6.36022378e-06,30,1.00899994,2,0.13915363642634712,58367.3888426,0.13915363642634712,18.5412636,18.5412636
169,695211400071731,61431611,2458368.8198053525,58368.3161111,18.5887089,0.0531604774,0,zr,10.9666519,41.2640078,1.72099996,0.186000004,20180907316076,695,0xb,0x4,21.4099998,26.3866444,0.031094173,0.104224727,8.20578134e-06,30,1.09399998,2,0.1332037464969587,58368.3161111,0.1332037464969587,18.588708899999993,18.588708899999993
170,1735201200131033,61431754,2458368.8212406333,58368.3175463,18.5915909,0.0636447445,32768,zr,10.9666455,41.264015,1.92799997,0.150000006,20180907317500,1735,0x1,0x2,21.2700005,26.4921665,0.0375602543,0.0822176039,1.54507325e-05,30,1.07500005,2,0.13285063665376534,58368.3175463,0.13285063665376534,18.591590899999993,18.591590899999993
171,695211400071731,61434553,2458368.8492283123,58368.3455324,18.5866184,0.053073559,0,zr,10.9666453,41.2640256,1.48099995,0.152999997,20180907345521,695,0xb,0x4,21.3899994,26.3756065,0.0320323221,0.105954818,8.77999082e-06,30,1.04100001,2,0.13346046694320152,58368.3455324,0.13346046694320152,18.5866184,18.5866184
172,695211400071731,61442533,2458368.9290359872,58368.4253356,18.5129566,0.0501077212,0,zr,10.966641,41.2640162,1.32299995,0.172000006,20180907424988,695,0xb,0x4,21.4200001,26.3933811,0.0270799808,0.102787837,6.29060469e-06,30,1.01900005,2,0.1428293171865695,58368.4253356,0.1428293171865695,18.512956600000003,18.512956600000003
173,695211400071731,61538532,2458369.8890777514,58369.3853241,18.5327244,0.050885167,0,zr,10.9666512,41.2639972,1.66100001,0.144999996,20180908385255,695,0xb,0x4,21.5300007,26.4259682,0.022767337,0.100891247,4.43620138e-06,30,1.00800002,2,0.14025238009319466,58369.3853241,0.14025238009319466,18.5327244,18.5327244
174,695211400071731,61541195,2458369.915711113,58369.411956,18.5393543,0.0511489362,0,zr,10.9666615,41.264012,1.10500002,0.0810000002,20180908411956,695,0xb,0x4,21.3700008,26.3926601,0.0325319581,0.104696833,9.09552182e-06,30,1.01199996,2,0.13939855759811068,58369.411956,0.13939855759811068,18.539354300000007,18.539354300000007
175,695211400071731,61630193,2458370.8057364887,58370.3019329,18.5863953,0.0530642979,0,zr,10.9666483,41.2640088,1.73599994,-0.0379999988,20180909301863,695,0xb,0x4,21.3600006,26.428278,0.0328114964,0.100070581,9.24317101e-06,30,1.11600006,2,0.13348789357720448,58370.3019329,0.13348789357720448,18.5863953,18.5863953
176,695211400071731,61640909,2458370.9129065936,58370.4090972,18.5455284,0.051395908,0,zr,10.9666273,41.2640015,1.65499997,0.182999998,20180909409074,695,0xb,0x4,21.5699997,26.4517994,0.0257007964,0.101281486,5.67167626e-06,30,1.01199996,2,0.1386081094532644,58370.4090972,0.1386081094532644,18.545528400000002,18.545528400000002
177,695211400071731,61641049,2458370.9143071687,58370.4104977,18.4767151,0.0487165377,0,zr,10.966668,41.2639868,1.54900002,0.107000001,20180909410475,695,0xb,0x4,21.4699993,26.4251442,0.0276908986,0.103048146,6.59876696e-06,30,1.01300001,1,0.14767737361804384,58370.4104977,0.14767737361804384,18.4767151,18.4767151
178,695211400071731,61643111,2458370.934921676,58370.4311111,18.5109005,0.0500275977,0,zr,10.9666635,41.2639956,2.2349999,0.112999998,20180909431111,695,0xb,0x4,21.6599998,26.4552269,0.0223980881,0.102613248,4.29264264e-06,30,1.02900004,2,0.1431000547761518,58370.4311111,0.1431000547761518,18.510900499999998,18.510900499999998
179,1735201200131033,61733047,2458371.834333104,58371.3304745,18.3444099,0.0533414595,32768,zr,10.9666422,41.2640188,1.05700004,-0.0289999992,20180910330440,1735,0x1,0x2,21.1800003,26.4331455,0.0919551626,0.0911853984,9.35711796e-05,30,1.04400003,2,0.16681536113471626,58371.3304745,0.16681536113471626,18.344409899999995,18.344409899999995
180,695211400071731,61740834,2458371.91220763,58371.4083449,18.4432011,0.0474686883,0,zr,10.9666624,41.2640066,2.10899997,0.239999995,20180910408322,695,0xb,0x4,21.5300007,26.4337196,0.030804839,0.107147396,8.12450435e-06,30,1.01300001,2,0.15230689342783682,58371.4083449,0.15230689342783682,18.443201100000003,18.443201100000003
181,695211400071731,61742729,2458371.9311554306,58371.4272917,18.536602,0.0510392487,0,zr,10.9666153,41.2639792,1.829,0.0930000022,20180910426933,695,0xb,0x4,21.6299992,26.4819202,0.0318745375,0.100052647,8.69263022e-06,30,1.028,2,0.13975237591028544,58371.4272917,0.13975237591028544,18.536601999999995,18.536601999999995
182,1735201200131033,61833305,2458372.8369667283,58372.3330556,18.4127407,0.0559836775,32768,zr,10.9666593,41.2639824,1.29100001,0.104000002,20180911333021,1735,0x1,0x2,21.1200008,26.3677273,0.06229081,0.098150149,4.24738355e-05,30,1.03799999,2,0.15664037710294934,58372.3330556,0.15664037710294934,18.412740699999993,18.412740699999993
183,695211400071731,61833734,2458372.841260849,58372.3373495,18.5447998,0.0513667054,0,zr,10.9666559,41.264036,1.06299996,0.063000001,20180911337280,695,0xb,0x4,21.0799999,26.361948,0.0254600551,0.10899955,5.55787392e-06,30,1.03699994,2,0.13870115577620157,58372.3373495,0.13870115577620157,18.5447998,18.5447998
184,695211400071731,61836076,2458372.864676465,58372.3607639,18.5443306,0.0513478816,0,zr,10.9666773,41.2640575,1.01999998,0.00700000022,20180911360694,695,0xb,0x4,20.8500004,26.3464718,0.0232971665,0.115450412,4.66988786e-06,30,1.01499999,2,0.1387611083188711,58372.3607639,0.1387611083188711,18.544330600000002,18.544330600000002
185,695211400071731,61838240,2458372.8863210925,58372.3824074,18.5270157,0.0506592616,0,zr,10.9666258,41.2640063,1.48300004,0.0439999998,20180911382373,695,0xb,0x4,21.3799992,26.4263039,0.0259410925,0.104236975,5.7860193e-06,30,1.00800002,2,0.14099175614729142,58372.3824074,0.14099175614729142,18.5270157,18.5270157
186,695211400071731,61930569,2458373.8096554223,58373.3056944,18.5241089,0.0505446866,0,zr,10.9666702,41.2639947,0.963999987,0.0970000029,20180912305660,695,0xb,0x4,21.2299995,26.3822498,0.0286414456,0.0970271379,6.99933798e-06,30,1.08700001,2,0.14136973372827163,58373.3056944,0.14136973372827163,18.52410890000001,18.52410890000001
187,695211400071731,61932163,2458373.825593739,58373.3216319,18.583931,0.0529619828,0,zr,10.9666307,41.2639946,1.24600005,0.0529999994,20180912321620,695,0xb,0x4,21.3899994,26.4159546,0.029230874,0.0971630141,7.27467977e-06,30,1.05599999,2,0.13379121570248337,58373.3216319,0.13379121570248337,18.583931,18.583931
188,695211400071731,61932349,2458373.8274573325,58373.3234954,18.5338688,0.0509305894,0,zr,10.9666649,41.2639989,1.06099999,0.0960000008,20180912323472,695,0xb,0x4,21.4200001,26.4240074,0.0357957743,0.0973395258,1.1010392e-05,30,1.05299997,1,0.14010462756893585,58373.3234954,0.14010462756893585,18.5338688,18.5338688
189,695211400071731,61945281,2458373.9567809817,58373.4528125,18.4813271,0.0488911532,0,zr,10.9666563,41.2639791,1.07500005,0.0320000015,20180912452778,695,0xb,0x4,21.3899994,26.4199009,0.02742441,0.0989974886,6.42307305e-06,30,1.074,2,0.14705139879629592,58373.4528125,0.14705139879629592,18.48132710000001,18.48132710000001
190,695211400071731,62034011,2458374.8441286585,58374.3401157,18.5606117,0.0520048589,0,zr,10.966676,41.2640077,1.10000002,0.180000007,20180913340069,695,0xb,0x4,21.2600002,26.375721,0.0298375692,0.105900288,7.68159225e-06,30,1.028,2,0.13669584689629402,58374.3401157,0.13669584689629402,18.560611700000003,18.560611700000003
191,695211400071731,62035953,2458374.8635509266,58374.359537,18.5560017,0.0518179126,0,zr,10.9666198,41.2640049,1.91400003,0.153999999,20180913359537,695,0xb,0x4,21.4400005,26.4411926,0.025510801,0.10147544,5.63542199e-06,30,1.01300001,2,0.13727748687738195,58374.359537,0.13727748687738195,18.556001700000003,18.556001700000003
192,695211400071731,62038752,2458374.891538413,58374.3875231,18.5832138,0.0529322922,0,zr,10.9666355,41.2640307,1.48699999,0.100000001,20180913387442,695,0xb,0x4,21.2199993,26.3563938,0.0260038972,0.112634242,5.82800476e-06,30,1.00800002,2,0.13387962277481466,58374.3875231,0.13387962277481466,18.583213800000003,18.583213800000003
193,695211400071731,62135061,2458375.8546759267,58375.3506134,18.5566998,0.0518461466,0,zr,10.9666342,41.2639925,1.77400005,0.0700000003,20180914350579,695,0xb,0x4,21.4899998,26.46488,0.0238110572,0.10036166,4.87079569e-06,30,1.01600003,2,0.13718924941179822,58375.3506134,0.13718924941179822,18.556699799999997,18.556699799999997
194,695211400071731,62136881,2458375.87288281,58375.3688194,18.480547,0.0488615893,0,zr,10.9666509,41.2639979,2.37299991,0.202000007,20180914368819,695,0xb,0x4,21.5699997,26.4759235,0.0304617938,0.100294776,7.96595577e-06,30,1.00800002,2,0.14715709299419108,58375.3688194,0.14715709299419108,18.480546999999994,18.480546999999994
195,695211400071731,62140611,2458375.910176312,58375.4061111,18.6024666,0.0537365898,0,zr,10.9666498,41.2640198,1.44200003,0.0700000003,20180914406007,695,0xb,0x4,21.4400005,26.4316063,0.024192661,0.101425439,5.01710838e-06,30,1.01900005,2,0.1315265292466912,58375.4061111,0.1315265292466912,18.602466600000007,18.602466600000007
196,695211400071731,62237209,2458376.8762063496,58376.3720949,18.5720234,0.0524708703,0,zr,10.9666559,41.2640093,2.83800006,0.123999998,20180915372095,695,0xb,0x4,21.5900002,26.4871559,0.0449094512,0.0959862694,1.7241131e-05,30,1.00800002,1,0.13526662057710553,58376.3720949,0.13526662057710553,18.5720234,18.5720234
197,695211400071731,62237300,2458376.8771207943,58376.3730093,18.5657291,0.0522132739,0,zr,10.9666529,41.2639918,2.27099991,0.136000007,20180915372998,695,0xb,0x4,21.6200008,26.5148811,0.0461106524,0.0949244946,1.81568503e-05,30,1.00800002,2,0.13605307439788106,58376.3730093,0.13605307439788106,18.56572909999999,18.56572909999999
198,695211400071731,62241695,2458376.9210695657,58376.416956,18.4770546,0.0487293787,0,zr,10.9666546,41.2639932,1.48399997,0.127000004,20180915416852,695,0xb,0x4,21.6100006,26.4675922,0.0357000493,0.100773714,1.09024368e-05,30,1.03199995,2,0.14763120344307168,58376.416956,0.14763120344307168,18.477054599999995,18.477054599999995
199,695211400071731,62330489,2458377.8090508645,58377.3048958,18.4957504,0.0494417511,0,zr,10.9666417,41.2640023,1.76900005,0.180999994,20180916304838,695,0xb,0x4,21.4500008,26.4089794,0.0288150329,0.105453052,7.08896687e-06,30,1.06700003,2,0.14511083461832613,58377.3048958,0.14511083461832613,18.4957504,18.4957504
200,695211400071731,62341149,2458377.9156530933,58377.4114931,18.5518074,0.0516484305,0,zr,10.9666166,41.2640005,2.31800008,0.108999997,20180916411470,695,0xb,0x4,21.3899994,26.4060822,0.0268282555,0.102552667,6.18496369e-06,30,1.02900004,2,0.1378088282343039,58377.4114931,0.1378088282343039,18.551807399999994,18.551807399999994
201,695211400071731,62342260,2458377.926764701,58377.4226042,18.559803,0.0519719794,0,zr,10.9666267,41.2640137,1.82299995,0.0689999983,20180916422581,695,0xb,0x4,21.4200001,26.4000969,0.0245025866,0.101880282,5.1431889e-06,30,1.04200006,2,0.13679770138972705,58377.4226042,0.13679770138972705,18.559802999999995,18.559802999999995
202,695211400071731,62439407,2458378.8982788306,58378.3940741,18.4556675,0.047928568,0,zr,10.9666841,41.2640111,2.32500005,0.138999999,20180917394051,695,0xb,0x4,21.3999996,26.4071732,0.0268535912,0.107952766,6.17262413e-06,30,1.01600003,2,0.1505681103562872,58378.3940741,0.1505681103562872,18.455667499999997,18.455667499999997
203,695211400071731,62440848,2458378.912689178,58378.4084838,18.5256386,0.0506049469,0,zr,10.9666168,41.2639964,1.81500006,0.057,20180917408461,695,0xb,0x4,21.4599991,26.4169559,0.027329931,0.102497816,6.41934048e-06,30,1.028,2,0.1411706973398676,58378.4084838,0.1411706973398676,18.5256386,18.5256386
204,695211400071731,62441791,2458378.922122498,58378.4179167,18.562151,0.0520674437,0,zr,10.9666514,41.2639977,2.47099996,0.165000007,20180917417431,695,0xb,0x4,21.5599995,26.4684162,0.0231467467,0.0969011709,4.57309307e-06,30,1.03900003,2,0.13650218398966116,58378.4179167,0.13650218398966116,18.562150999999993,18.562150999999993
205,1735201200131033,62526541,2458379.769660126,58379.2654167,18.341526,0.0532331951,0,zr,10.9666704,41.2640066,0.998000026,0.111000001,20180918265417,1735,0x1,0x2,21.1399994,26.4370327,0.0544630699,0.0986549109,3.25374567e-05,30,1.12199998,2,0.16725904008500447,58379.2654167,0.16725904008500447,18.34152600000001,18.34152600000001
206,695211400071731,62538045,2458379.8846998974,58379.3804514,18.5405807,0.0511979051,0,zr,10.96665,41.2640258,0.783999979,0.0370000005,20180918380428,695,0xb,0x4,21.2700005,26.4039021,0.0254688449,0.106341533,5.56571649e-06,30,1.00999999,2,0.1392411879966535,58379.3804514,0.1392411879966535,18.5405807,18.5405807
207,695211400071731,62540416,2458379.908416236,58379.4041667,18.5115223,0.0500518307,0,zr,10.9666142,41.26397,1.796,0.137999997,20180918404155,695,0xb,0x4,21.5499992,26.448967,0.022532627,0.0993885845,4.35553102e-06,30,1.02699995,1,0.14301812498577776,58379.4041667,0.14301812498577776,18.511522300000003,18.511522300000003
208,695211400071731,62540510,2458379.909353774,58379.4051042,18.523922,0.050537318,0,zr,10.9666694,41.2639894,2.59599996,0.171000004,20180918405081,695,0xb,0x4,21.5699997,26.4783344,0.0236774292,0.0971074402,4.79760411e-06,30,1.028,2,0.14139407138728094,58379.4051042,0.14139407138728094,18.523921999999992,18.523921999999992
209,695211400071731,62542400,2458379.928254994,58379.4240046,18.4709053,0.0484976098,0,zr,10.9666648,41.2640057,2.11299992,0.221000001,20180918423657,695,0xb,0x4,21.4500008,26.4014225,0.0271032248,0.102557041,6.29826536e-06,30,1.05200005,2,0.14846971675474108,58379.4240046,0.14846971675474108,18.47090529999999,18.47090529999999
210,1735201200131033,62630475,2458380.8090453497,58380.3047569,18.4866085,0.0590134077,0,zr,10.9667153,41.2640028,1.06299996,-0.00600000005,20180919304734,1735,0x1,0x2,20.9599991,26.4303036,0.0438989848,0.104017235,2.21446953e-05,30,1.04499996,2,0.14633782638720494,58380.3047569,0.14633782638720494,18.486608499999996,18.486608499999996
211,695211400071731,62632877,2458380.833062582,58380.3287731,18.5307407,0.0508065447,0,zr,10.966661,41.2639966,2.53999996,0.134000003,20180919328750,695,0xb,0x4,21.4300003,26.4030514,0.0206546858,0.0923673362,3.55283237e-06,30,1.023,2,0.14050886316932693,58380.3287731,0.14050886316932693,18.530740700000003,18.530740700000003
212,695211400071731,62643070,2458380.9349998124,58380.430706,18.5681572,0.0523124412,0,zr,10.9666528,41.2639858,2.46700001,0.221000001,20180919430683,695,0xb,0x4,21.6299992,26.4271603,0.0221660566,0.0979807526,4.0236564e-06,30,1.06900001,2,0.1357491503397454,58380.430706,0.1357491503397454,18.568157199999995,18.568157199999995
213,695211400071731,62645072,2458380.955023854,58380.4507292,18.5839005,0.052960746,0,zr,10.9666617,41.2639868,2.39400005,0.184,20180919450451,695,0xb,0x4,21.5400009,26.4059238,0.0260186866,0.096868448,5.5970122e-06,30,1.11300004,2,0.1337949741563127,58380.4507292,0.1337949741563127,18.58390049999999,18.58390049999999
214,695211400071731,62832913,2458382.83350428,58382.3291319,18.5203056,0.0503952131,0,zr,10.9666325,41.2639898,1.58099997,0.143000007,20180921328715,695,0xb,0x4,20.9699993,26.3606987,0.0230986197,0.0983730853,4.45322712e-06,30,1.01800001,2,0.14186581586106742,58382.3291319,0.14186581586106742,18.520305599999993,18.520305599999993
215,695211400071731,62834118,2458382.8455534666,58382.3411806,18.6161251,0.0543153211,0,zr,10.966641,41.2639753,2.18000007,0.107000001,20180921341088,695,0xb,0x4,21.0599995,26.3611469,0.0230452362,0.101011135,4.37023346e-06,30,1.01100004,1,0.12988229681297037,58382.3411806,0.12988229681297037,18.616125099999998,18.616125099999998
216,695211400071731,62834209,2458382.846467803,58382.3420949,18.5017433,0.0496725626,0,zr,10.9666478,41.2639793,1.88699996,0.238999993,20180921342083,695,0xb,0x4,21.1100006,26.3650761,0.0225968938,0.100409493,4.20417155e-06,30,1.01100004,2,0.144312077903204,58382.3420949,0.144312077903204,18.501743300000008,18.501743300000008
217,695211400071731,62836421,2458382.868586792,58382.364213,18.5594215,0.0519564897,0,zr,10.966634,41.2639875,1.78400004,0.172999993,20180921364155,695,0xb,0x4,21.0200005,26.3366375,0.0249144044,0.108773306,5.12875567e-06,30,1.00800002,2,0.13684577705741385,58382.364213,0.13684577705741385,18.559421500000006,18.559421500000006
218,1735201200131033,62932224,2458383.8266571183,58383.3222454,18.4768219,0.058601398,32768,zr,10.9666283,41.2639875,3.0769999,0.0869999975,20180922322234,1735,0x1,0x2,20.7999992,26.2856255,0.0610027201,0.0951761752,4.24545869e-05,30,1.02400005,2,0.14766284783568187,58383.3222454,0.14766284783568187,18.476821899999997,18.476821899999997
219,695211400071731,62934166,2458383.8460791768,58383.3416667,18.5578022,0.051890824,0,zr,10.9666433,41.2639996,1.36300004,0.137999997,20180922341539,695,0xb,0x4,20.9799995,26.3356609,0.0299007073,0.0999337211,7.47844933e-06,30,1.00999999,2,0.13705002528482702,58383.3416667,0.13705002528482702,18.557802200000005,18.557802200000005
220,695211400071731,62938570,2458383.8901201896,58383.385706,18.5371475,0.0510609858,0,zr,10.9666455,41.2639986,1.61000001,0.172000006,20180922385370,695,0xb,0x4,20.9799995,26.3231449,0.0224466883,0.0984748304,4.18109721e-06,30,1.01999998,2,0.13968217858905577,58383.385706,0.13968217858905577,18.537147499999996,18.537147499999996
221,695211400071731,62940524,2458383.909658045,58383.4052431,18.5903835,0.0532302484,0,zr,10.9666356,41.2639902,1.38499999,0.153999999,20180922404931,695,0xb,0x4,21.0400009,26.3222942,0.0277676713,0.0965231806,6.36689401e-06,30,1.04100001,2,0.1329984562439559,58383.4052431,0.1329984562439559,18.590383499999994,18.590383499999994
222,695211400071731,63018692,2458384.691366204,58384.1869213,18.5534439,0.0517144799,0,zr,10.9666504,41.2640147,1.16700006,0.178000003,20180923186898,695,0xb,0x4,20.3299999,26.2449474,0.0266029164,0.0966086909,5.88378589e-06,30,1.47399998,2,0.13760126928154762,58384.1869213,0.13760126928154762,18.553443899999998,18.553443899999998
223,695211400071731,63019634,2458384.700787869,58384.1963426,18.5662785,0.0522356629,0,zr,10.9666059,41.2640174,1.41100001,0.166999996,20180923196331,695,0xb,0x4,20.5200005,26.2376614,0.0248722825,0.0999673605,5.07367304e-06,30,1.40799999,2,0.13598424676718834,58384.1963426,0.13598424676718834,18.566278500000003,18.566278500000003
224,695211400071731,63125917,2458385.7636631047,58385.2591782,18.6038437,0.0537946224,0,zr,10.9666217,41.2639905,1.31700003,0.125,20180924259178,695,0xb,0x4,20.4799995,26.3327961,0.0237987153,0.100557394,4.67692871e-06,30,1.12100005,2,0.13135981253818055,58385.2591782,0.13135981253818055,18.60384369999999,18.60384369999999
225,695211400071731,63126011,2458385.7646006383,58385.2601157,18.6379089,0.055252336,0,zr,10.9666022,41.2640196,1.53199995,0.195999995,20180924260093,695,0xb,0x4,20.4200001,26.3297482,0.0262513608,0.102798119,5.68887754e-06,30,1.11800003,1,0.1273023556282594,58385.2601157,0.1273023556282594,18.637908900000006,18.637908900000006
226,695211400071731,63127549,2458385.7799832085,58385.2754977,18.5892601,0.0531834587,0,zr,10.9666578,41.2639957,1.75999999,0.232999995,20180924275486,695,0xb,0x4,20.5100002,26.3322525,0.0234439988,0.0992978439,4.53719622e-06,30,1.08200002,2,0.13313613958590054,58385.2754977,0.13313613958590054,18.589260099999997,18.589260099999997
227,695211400071731,63130717,2458385.8116625766,58385.3071759,18.6100922,0.054058861,0,zr,10.9666552,41.263993,1.29400003,0.103,20180924307141,695,0xb,0x4,20.4200001,26.3121357,0.0233476143,0.0997050777,4.45981959e-06,30,1.03100002,2,0.13060599736738535,58385.3071759,0.13060599736738535,18.610092200000004,18.610092200000004
228,695211400071731,63233398,2458386.8385050176,58386.3339815,18.6174049,0.0543698594,0,zr,10.9666527,41.2640146,0.56400001,0.0160000008,20180925333866,695,0xb,0x4,20.2199993,26.3375244,0.030317476,0.103832006,7.60225157e-06,30,1.00999999,2,0.1297292896329536,58386.3339815,0.1297292896329536,18.617404900000004,18.617404900000004
229,695211400071731,63235525,2458386.859778867,58386.3552546,18.6649342,0.0564392805,0,zr,10.9666197,41.2640114,1.37300003,-0.0590000004,20180925354768,695,0xb,0x4,20.1000004,26.3320084,0.0263660979,0.104994945,5.7149864e-06,30,1.00899994,2,0.12417275590183392,58386.3552546,0.12417275590183392,18.664934199999998,18.664934199999998
230,1735201200131033,63235964,2458386.8641656213,58386.3596412,18.5031929,0.0597191937,0,zr,10.9666086,41.2640076,0.437999994,-0.0120000001,20180925359398,1735,0x1,0x2,19.75,26.207634,0.0327281654,0.0648449138,1.22285355e-05,30,1.02600002,2,0.14411953094923585,58386.3596412,0.14411953094923585,18.503192899999995,18.503192899999995
231,695211400071731,63240954,2458386.914074766,58386.4095486,18.5381088,0.0510992669,0,zr,10.9666254,41.2639749,0.42899999,-0.00899999961,20180925409537,695,0xb,0x4,20.4500008,26.3413544,0.0241330937,0.0958169252,4.80525705e-06,30,1.05999994,2,0.13955856011552367,58386.4095486,0.13955856011552367,18.538108799999996,18.538108799999996
232,695211400071731,63342243,2458387.9269916858,58387.4224306,18.5593605,0.0519540235,0,zr,10.9666422,41.264011,1.097,0.158999994,20180926422361,695,0xb,0x4,20.4799995,26.3586273,0.0258925948,0.094948709,5.5598689e-06,30,1.09099996,2,0.13685346569012716,58387.4224306,0.13685346569012716,18.559360500000004,18.559360500000004
233,695211400071731,63344310,2458387.9476636783,58387.4431019,18.5456161,0.0513994507,0,zr,10.9666154,41.2639452,0.813000023,-0.0680000037,20180926443079,695,0xb,0x4,20.0799999,26.2721806,0.0279758647,0.0951426327,6.47785555e-06,30,1.14600003,2,0.13859691387904297,58387.4431019,0.13859691387904297,18.545616099999997,18.545616099999997
234,695211400071731,63346122,2458387.965789282,58387.4612269,18.6329498,0.0550374873,0,zr,10.9666874,41.2638913,0.654999971,0.182999998,20180926461204,695,0xb,0x4,19.2299995,25.9342861,0.0402387157,0.0998186618,1.65476777e-05,30,1.20899999,2,0.1278851390425012,58387.4612269,0.1278851390425012,18.6329498,18.6329498
235,695211400071731,63424569,2458388.750282903,58388.2456944,18.5280342,0.0506995134,0,zr,10.9666241,41.2639831,1.52199996,0.0979999974,20180927245683,695,0xb,0x4,20.5100002,26.35042,0.0259439256,0.0895359442,5.62464811e-06,30,1.13499999,2,0.14085955757975627,58388.2456944,0.14085955757975627,18.5280342,18.5280342
236,695211400071731,63426273,2458388.7673205696,58388.2627315,18.5675812,0.0522888936,0,zr,10.9666523,41.2639897,1.39900005,0.187999994,20180927262720,695,0xb,0x4,20.6599998,26.3436928,0.0236144643,0.0984330401,4.63509059e-06,30,1.09099996,2,0.1358211864888849,58388.2627315,0.1358211864888849,18.5675812,18.5675812
237,695211400071731,63426366,2458388.7682581013,58388.263669,18.5677338,0.0522951335,0,zr,10.9666508,41.2639748,1.79700005,0.150000006,20180927263646,695,0xb,0x4,20.6100006,26.3468227,0.0231821556,0.0962722749,4.47593948e-06,30,1.08899999,1,0.13580209819055053,58388.263669,0.13580209819055053,18.567733800000006,18.567733800000006
238,695211400071731,63428468,2458388.789277297,58388.2846875,18.535223,0.0509843864,0,zr,10.9666391,41.2639802,1.44099998,0.171000004,20180927284664,695,0xb,0x4,20.7999992,26.3523388,0.0224882383,0.0965411142,4.22542735e-06,30,1.04999995,2,0.13992998900252554,58388.2846875,0.13992998900252554,18.535222999999995,18.535222999999995
239,695211400071731,63527454,2458389.779170159,58389.2745486,18.5535088,0.0517170876,0,zr,10.9666201,41.2639779,1.26699996,0.175999999,20180928274502,695,0xb,0x4,20.75,26.2856178,0.0248538293,0.0940210298,5.07636196e-06,30,1.06200004,2,0.13759304439650044,58389.2745486,0.13759304439650044,18.553508799999996,18.553508799999996
240,695211400071731,63530467,2458389.8092984143,58389.3046759,18.566761,0.0522553809,0,zr,10.9666159,41.2639728,0.653999984,0.100000001,20180928304653,695,0xb,0x4,20.5300007,26.2847881,0.0251256283,0.104614608,5.21024867e-06,30,1.023,2,0.13592382894018915,58389.3046759,0.13592382894018915,18.566761000000007,18.566761000000007
241,695211400071731,63531622,2458389.8208497777,58389.3162269,18.4226685,0.0467220806,0,zr,10.9666657,41.2639889,1.56099999,0.169,20180928316123,695,0xb,0x4,20.75,26.2670784,0.0263484474,0.0963935331,5.71107876e-06,30,1.01400006,2,0.15521461071370674,58389.3162269,0.15521461071370674,18.422668500000007,18.422668500000007
242,695211400071731,63621042,2458390.715078585,58390.2104282,18.6303368,0.0549246334,0,zr,10.9666475,41.2639796,1.23500001,0.0920000002,20180929210324,695,0xb,0x4,20.8700008,26.3547192,0.0244387034,0.0916292816,4.97921019e-06,30,1.24300003,2,0.12819328599326002,58390.2104282,0.12819328599326002,18.630336800000002,18.630336800000002
243,695211400071731,63624483,2458390.7494894457,58390.244838,18.5855827,0.0530305319,0,zr,10.9665798,41.2639723,1.18799996,0.115999997,20180929244826,695,0xb,0x4,20.8600006,26.3488293,0.0245572235,0.0951408446,5.03345473e-06,30,1.12199998,2,0.1335878376189009,58390.244838,0.1335878376189009,18.585582699999996,18.585582699999996
244,695211400071731,63625234,2458390.7570011746,58390.2523495,18.5832672,0.0529345162,0,zr,10.9666537,41.263992,1.71899998,0.237000003,20180929251933,695,0xb,0x4,20.7800007,26.3354244,0.0260062572,0.104884624,5.63106914e-06,30,1.10300004,2,0.13387303830612193,58390.2523495,0.13387303830612193,18.5832672,18.5832672
245,695211400071731,64340850,2458397.9133402426,58397.4085069,18.5199623,0.0503817387,0,zr,10.9666316,41.2639878,2.625,0.203999996,20181006408484,695,0xb,0x4,21.4899998,26.5291252,0.0545785464,0.0920833275,2.61793375e-05,30,1.12399995,2,0.14191067964550652,58397.4085069,0.14191067964550652,18.519962299999996,18.519962299999996
246,695211400071731,64621836,2458400.723253595,58400.2183681,18.5201607,0.0503895022,0,zr,10.966641,41.2639957,2.33200002,0.128000006,20181009218310,695,0xb,0x4,21.3999996,26.4062157,0.0288337357,0.100169599,7.21935066e-06,30,1.12,2,0.14188475022872726,58400.2183681,0.14188475022872726,18.520160699999998,18.520160699999998
247,695211400071731,66930320,2458423.808094,58423.303206,18.5155277,0.0502080955,0,zr,10.9666666,41.2639843,1.34099996,0.0719999969,20181101303183,695,0xb,0x4,20.8999996,26.2475204,0.024124166,0.0953383371,5.04520722e-06,30,1.04999995,2,0.14249148743808204,58423.303206,0.14249148743808204,18.5155277,18.5155277
248,695211400071731,66930414,2458423.809031483,58423.3041435,18.5726833,0.0524979308,0,zr,10.966636,41.2639904,0.851000011,0.0480000004,20181101304132,695,0xb,0x4,20.9400005,26.2765141,0.0247314852,0.10096892,5.3239819e-06,30,1.051,1,0.13518443180823425,58423.3041435,0.13518443180823425,18.5726833,18.5726833
249,695211400071731,66931346,2458423.818348425,58423.3134606,18.526577,0.0506419465,0,zr,10.9666221,41.2640049,2.35400009,0.165000007,20181101313137,695,0xb,0x4,21.1299992,26.3738518,0.0234366897,0.0937897786,4.75012212e-06,30,1.06799996,2,0.14104873645331803,58423.3134606,0.14104873645331803,18.526576999999996,18.526576999999996
250,1735201200131033,66934456,2458423.8494474986,58423.3445602,18.5104351,0.0600304417,0,zr,10.9666341,41.2639733,1.18200004,0.0270000007,20181101344549,1735,0x1,0x2,20.5400009,26.0989456,0.0357621089,0.0874102786,1.37641018e-05,30,1.18499994,2,0.14316140765449847,58423.3445602,0.14316140765449847,18.510435100000002,18.510435100000002
251,695211400071731,67122487,2458425.729726482,58425.2248727,18.5134773,0.0501280352,32768,zr,10.9665869,41.2639756,1.653,0.0549999997,20181103224815,695,0xb,0x4,20.5100002,25.7336025,0.0289370921,0.100312941,7.23130279e-06,30,1.00899994,2,0.14276083517923005,58425.2248727,0.14276083517923005,18.513477299999998,18.513477299999998
252,695211400071731,67123674,2458425.741601256,58425.2367477,18.684063,0.0572959557,32768,zr,10.966631,41.2640023,1.56599998,0.151999995,20181103236690,695,0xb,0x4,20.3899994,25.5830994,0.0290223714,0.0983958691,7.30299871e-06,30,1.00600004,2,0.12200420518618307,58425.2367477,0.12200420518618307,18.684063000000002,18.684063000000002
253,695211400071731,67125126,2458425.7561148778,58425.2512616,18.5193653,0.0503583103,32768,zr,10.9666501,41.2639765,0.991999984,-0.00300000003,20181103250833,695,0xb,0x4,19.9099998,25.3788738,0.03223335,0.0996757224,9.00985378e-06,30,1.00699997,2,0.14198873172831256,58425.2512616,0.14198873172831256,18.519365299999997,18.519365299999997
254,695211400071731,67213296,2458426.637798757,58426.132963,18.4252682,0.0468158312,32768,zr,10.9666428,41.2637819,0.395999998,0.150999993,20181104132824,695,0xb,0x4,19.0,24.4550266,0.0515446514,0.0777315348,4.29915599e-05,30,1.16299999,2,0.15484340754233908,58426.132963,0.15484340754233908,18.425268199999998,18.425268199999998
255,695211400071731,67225039,2458426.7552268654,58426.2503935,18.5725269,0.0524915196,0,zr,10.9666403,41.2639742,1.47899997,0.0500000007,20181104250382,695,0xb,0x4,21.0799999,26.4436321,0.0259056687,0.102315679,5.80428423e-06,30,1.00800002,2,0.13520390649087424,58426.2503935,0.13520390649087424,18.572526900000007,18.572526900000007
256,695211400071731,67225842,2458426.763259099,58426.2584259,18.577549,0.0526981503,0,zr,10.9666327,41.2639795,2.08699989,0.163000003,20181104258403,695,0xb,0x4,21.1800003,26.306818,0.0292777959,0.0964879543,7.40268797e-06,30,1.01100004,2,0.13457996158499608,58426.2584259,0.13457996158499608,18.577548999999998,18.577548999999998
257,695211400071731,67225936,2458426.76419658,58426.2593634,18.5474586,0.0514733866,0,zr,10.9666444,41.2639848,1.25,0.0469999984,20181104259340,695,0xb,0x4,21.1900005,26.3328094,0.0307939555,0.100296468,8.18248282e-06,30,1.01199996,1,0.13836191364831602,58426.2593634,0.13836191364831602,18.54745859999999,18.54745859999999
258,695211400071731,67323167,2458427.7364906305,58427.2316782,18.6386585,0.0552849025,32768,zr,10.966666,41.2640177,1.24899995,0.104000002,20181105231655,695,0xb,0x4,19.9400005,25.6445904,0.0311566386,0.103799492,8.42148529e-06,30,1.00600004,2,0.1272144955093851,58427.2316782,0.1272144955093851,18.6386585,18.6386585
259,695211400071731,67325459,2458427.759406827,58427.2545949,18.5733185,0.0525240265,32768,zr,10.9666736,41.2639388,0.83099997,0.144999996,20181105254572,695,0xb,0x4,19.9200001,25.7206573,0.0331623256,0.103087269,9.44171916e-06,30,1.01100004,2,0.13510536652780533,58427.2545949,0.13510536652780533,18.573318499999992,18.573318499999992
260,695211400071731,67424244,2458428.74723154,58428.2424421,18.6058178,0.0538779497,0,zr,10.9666275,41.2639993,0.638999999,0.057,20181106242442,695,0xb,0x4,20.9899998,26.3799553,0.0306315906,0.108896986,8.13743918e-06,30,1.00699997,2,0.13112118938051576,58428.2424421,0.13112118938051576,18.605817800000004,18.605817800000004
261,695211400071731,67425969,2458428.7644881317,58428.2596991,18.5435829,0.0513179414,0,zr,10.9666389,41.2640385,1.56299996,-0.115000002,20181106259572,695,0xb,0x4,21.1200008,26.3850574,0.0275362059,0.11196027,6.58774843e-06,30,1.01600003,2,0.1388567000593934,58428.2596991,0.1388567000593934,18.543582899999997,18.543582899999997
262,695211400071731,67428320,2458428.787994474,58428.283206,18.5629539,0.0521001481,0,zr,10.9666668,41.2640186,1.43900001,0.0799999982,20181106282986,695,0xb,0x4,20.9899998,26.3764877,0.0308121461,0.112458214,8.24661856e-06,30,1.03999996,2,0.13640127818084916,58428.283206,0.13640127818084916,18.562953900000004,18.562953900000004
263,695211400071731,67526925,2458429.7740239054,58429.2692593,18.4945908,0.0493972152,0,zr,10.9666375,41.2640142,0.737999976,0.0769999996,20181107269201,695,0xb,0x4,21.1900005,26.3959427,0.0362806395,0.111646295,1.14319464e-05,30,1.02600002,1,0.14526590029096195,58429.2692593,0.14526590029096195,18.494590800000005,18.494590800000005
264,695211400071731,67527069,2458429.775458968,58429.2706944,18.511713,0.0500592589,0,zr,10.9666177,41.2640229,2.3670001,0.164000005,20181107270671,695,0xb,0x4,21.2900009,26.4130211,0.0308594313,0.107535884,8.26121868e-06,30,1.028,2,0.1429930073178984,58429.2706944,0.1429930073178984,18.511713000000007,18.511713000000007
265,695211400071731,67527559,2458429.7803547466,58429.2755903,18.5460262,0.0514159016,0,zr,10.9666437,41.264008,2.06699991,0.151999995,20181107275556,695,0xb,0x4,21.3099995,26.4483967,0.0342666507,0.104924314,1.02458989e-05,30,1.03400004,2,0.1385445734845176,58429.2755903,0.1385445734845176,18.546026199999993,18.546026199999993
266,1735201200131033,67528540,2458429.7901693,58429.2854051,18.4946423,0.0593541563,0,zr,10.9666633,41.2639913,1.11500001,-0.0109999999,20181107285370,1735,0x1,0x2,20.8999996,26.3100338,0.0436403528,0.109238155,2.05771503e-05,30,1.074,2,0.14525901002018898,58429.2854051,0.14525901002018898,18.494642300000002,18.494642300000002
267,695211400071731,67529410,2458429.7988727773,58429.2941088,18.5081673,0.0499213263,0,zr,10.9666285,41.264023,1.95000005,0.0879999995,20181107294086,695,0xb,0x4,21.25,26.3975391,0.0246178359,0.108484313,5.23162771e-06,30,1.06200004,2,0.1434607443982032,58429.2941088,0.1434607443982032,18.508167300000004,18.508167300000004
268,695211400071731,67610460,2458430.60934978,58430.1046065,18.5825462,0.0529046394,0,zr,10.9666501,41.2639915,1.829,0.138999999,20181108104583,695,0xb,0x4,21.0599995,26.3798027,0.0232667681,0.0906940326,4.65092035e-06,30,1.23000002,2,0.13396196830211035,58430.1046065,0.13396196830211035,18.582546200000003,18.582546200000003
269,695211400071731,67619957,2458430.7043126365,58430.1995718,18.5421219,0.0512594581,0,zr,10.9666375,41.2639951,1.33899999,0.061999999,20181108199560,695,0xb,0x4,21.2299995,26.3874722,0.0357853472,0.105087355,1.11350055e-05,30,1.01499999,2,0.1390436756736818,58430.1995718,0.1390436756736818,18.542121900000005,18.542121900000005
270,695211400071731,67714915,2458431.653870412,58431.1491551,18.5958118,0.0534570962,0,zr,10.9666933,41.2640322,0.848999977,0.0370000005,20181109149039,695,0xb,0x4,20.5300007,26.3150654,0.0236589015,0.100875221,4.8353586e-06,30,1.08200002,2,0.13233517011724863,58431.1491551,0.13233517011724863,18.5958118,18.5958118
271,695211400071731,67718069,2458431.6854088567,58431.1806944,18.4036102,0.0460410155,0,zr,10.9667309,41.2639771,0.540000021,0.0759999976,20181109180694,695,0xb,0x4,19.7299995,26.3221092,0.03742918,0.098230578,1.22884367e-05,30,1.02999997,2,0.15796319889415014,58431.1806944,0.15796319889415014,18.403610199999996,18.403610199999996
272,695211400071731,67719834,2458431.703058876,58431.1983449,18.3274918,0.0434327275,0,zr,10.9667452,41.2639137,0.81400001,-0.050999999,20181109198275,695,0xb,0x4,19.4400005,26.3335114,0.0384908132,0.100939184,1.34282973e-05,30,1.01400006,2,0.1694350596946488,58431.1983449,0.1694350596946488,18.327491799999997,18.327491799999997
273,1735201200131033,67720652,2458431.7112415414,58431.2065278,18.4446411,0.0572695546,0,zr,10.9665237,41.2639498,1.19599998,0.0799999982,20181109206516,1735,0x1,0x2,19.75,26.1730785,0.0403317325,0.0907139704,1.77578459e-05,30,1.01499999,2,0.1521050243663431,58431.2065278,0.1521050243663431,18.444641100000005,18.444641100000005
274,695211400071731,67826512,2458432.76981104,58432.2651273,18.6100578,0.0540573969,0,zr,10.9666525,41.2639896,1.49199998,0.123999998,20181110265104,695,0xb,0x4,20.8099995,26.3598499,0.0295164473,0.100009561,7.55182964e-06,30,1.03100002,2,0.13061013549731576,58432.2651273,0.13061013549731576,18.6100578,18.6100578
275,695211400071731,67826607,2458432.7707601115,58432.2660764,18.5623741,0.0520765148,0,zr,10.9666369,41.2639899,1.02600002,0.0689999983,20181110266053,695,0xb,0x4,20.8600006,26.3752823,0.025283413,0.095036678,5.53212385e-06,30,1.03199995,1,0.13647413803477668,58432.2660764,0.13647413803477668,18.562374099999992,18.562374099999992
276,695211400071731,67827621,2458432.780898715,58432.2762153,18.5576859,0.0518860891,0,zr,10.9666772,41.2639959,0.495000005,0.00899999961,20181110276169,695,0xb,0x4,20.7900009,26.3617744,0.0254252069,0.0948644429,5.59492673e-06,30,1.046,2,0.13706470635704363,58432.2762153,0.13706470635704363,18.557685900000003,18.557685900000003
277,695211400071731,67829326,2458432.797946811,58432.2932639,18.6093826,0.0540287979,0,zr,10.9666432,41.263986,1.13600004,0.0939999968,20181110292836,695,0xb,0x4,20.9500008,26.3573856,0.0219351556,0.0967024267,4.14534361e-06,30,1.07599998,2,0.13069138487451168,58432.2932639,0.13069138487451168,18.609382599999996,18.609382599999996
278,1735201200131033,67832150,2458432.826186675,58432.3215046,18.5525017,0.0618745349,0,zr,10.9666728,41.263989,1.06700003,0.0480000004,20181110321493,1735,0x1,0x2,20.5,26.2394028,0.0358552523,0.0924103037,1.38823116e-05,30,1.19000006,2,0.13772073125190792,58432.3215046,0.13772073125190792,18.5525017,18.5525017
279,695211400071731,68018515,2458434.6897758967,58434.1851505,18.5700455,0.0523897335,0,zr,10.966622,41.2640074,0.615999997,0.0250000004,20181112185069,695,0xb,0x4,20.6299992,26.3399525,0.0223405156,0.103053361,4.32415891e-06,30,1.01800001,2,0.13551326215523157,58434.1851505,0.13551326215523157,18.5700455,18.5700455
280,695211400071731,68020141,2458434.7060368843,58434.201412,18.4483452,0.0476578474,0,zr,10.9666349,41.2639805,1.31400001,0.0500000007,20181112201366,695,0xb,0x4,20.3799992,26.340929,0.0245116092,0.103316605,5.18741126e-06,30,1.00800002,2,0.15158698670571497,58434.201412,0.15158698670571497,18.4483452,18.4483452
281,695211400071731,68029564,2458434.80026997,58434.2956481,18.5149841,0.0501868576,0,zr,10.9666314,41.2639472,1.005,-0.0140000004,20181112295451,695,0xb,0x4,20.2099991,26.3282013,0.0258009508,0.104432888,5.68312771e-06,30,1.09300005,2,0.14256284709816242,58434.2956481,0.14256284709816242,18.5149841,18.5149841
282,695211400071731,68126476,2458435.769358884,58435.2647685,18.4400711,0.0473539792,0,zr,10.9667986,41.2640029,1.14400005,-0.0430000015,20181113264757,695,0xb,0x4,20.1399994,26.3372555,0.027442351,0.101347826,6.50610946e-06,30,1.04100001,2,0.1527466028055633,58435.2647685,0.1527466028055633,18.440071100000004,18.440071100000004
283,695211400071731,68126571,2458435.7703079465,58435.2657176,18.4576759,0.0480031483,0,zr,10.9666388,41.2639681,0.907999992,0.0120000001,20181113265694,695,0xb,0x4,20.1399994,26.3488159,0.0265254974,0.0954878554,6.10394773e-06,30,1.04200006,1,0.15028984619552982,58435.2657176,0.15028984619552982,18.457675900000005,18.457675900000005
284,695211400071731,68127350,2458435.778096989,58435.2735069,18.5370693,0.0510578565,0,zr,10.9667237,41.2639813,1.27100003,0.0549999997,20181113273472,695,0xb,0x4,20.2299995,26.3461552,0.0264138486,0.101052634,5.9724357e-06,30,1.05499995,2,0.1396922395409651,58435.2735069,0.1396922395409651,18.537069300000006,18.537069300000006
285,695211400071731,68129362,2458435.79821211,58435.2936227,18.5059662,0.0498359576,0,zr,10.9666606,41.2639733,0.591000021,0.0399999991,20181113293600,695,0xb,0x4,19.8899994,26.3390846,0.0306209102,0.0921559334,8.16052398e-06,30,1.09500003,2,0.14375187565029884,58435.2936227,0.14375187565029884,18.505966199999996,18.505966199999996
286,1735201200131033,68132407,2458435.828662488,58435.3240741,18.4406109,0.0571052209,0,zr,10.9668045,41.2639595,0.245000005,-0.0430000015,20181113324074,1735,0x1,0x2,19.8700008,26.1872997,0.0350128002,0.0841637701,1.33171452e-05,30,1.23099995,2,0.152670680014582,58435.3240741,0.152670680014582,18.440610900000003,18.440610900000003
287,1735201200131033,68227019,2458436.774753167,58436.2701968,18.4415321,0.0571427457,0,zr,10.9668832,41.2638864,0.944000006,0.233999997,20181114270162,1735,0x1,0x2,18.8199997,25.6625843,0.0468761772,0.0910047591,4.10533685e-05,30,1.08200002,2,0.1525412005119927,58436.2701968,0.1525412005119927,18.441532099999996,18.441532099999996
288,695211400071731,68227166,2458436.776223,58436.2716667,18.5930214,0.0533403531,32768,zr,10.9664603,41.2637547,0.879999995,0.757000029,20181114271609,695,0xb,0x4,18.5900002,25.662962,0.049143523,0.0856193304,4.56890048e-05,30,1.05599999,2,0.1326757159912461,58436.2716667,0.1326757159912461,18.593021400000005,18.593021400000005
289,695211400071731,68229302,2458436.797576352,58436.2930208,18.4576988,0.0480039865,0,zr,10.9665826,41.2640428,0.871999979,0.104000002,20181114292998,695,0xb,0x4,19.6299992,26.0541115,0.0392139554,0.100852542,1.34291304e-05,30,1.10000002,2,0.15028667636369847,58436.2930208,0.15028667636369847,18.457698799999996,18.457698799999996
290,1735201200131033,68328600,2458437.7905275007,58437.2860069,18.5802155,0.0631239116,0,zr,10.9666788,41.2639866,0.742999971,0.0170000009,20181115286007,1735,0x1,0x2,20.7700005,26.3140602,0.030774368,0.0835448056,1.02336317e-05,30,1.12399995,2,0.13424984717892668,58437.2860069,0.13424984717892668,18.5802155,18.5802155
291,1735201200131033,68526708,2458439.7715302664,58439.2670833,18.4160004,0.0561135001,32768,zr,10.9666695,41.2639513,1.04700005,0.150999993,20181117267060,1735,0x1,0x2,19.8400002,25.6096287,0.0661089569,0.0870873407,4.74778972e-05,30,1.09200001,2,0.1561708017910775,58439.2670833,0.1561708017910775,18.416000399999994,18.416000399999994
292,695211400071731,68727903,2458441.783406332,58441.2790394,18.542551,0.0512766205,0,zr,10.9666461,41.2640422,1.07500005,0.0359999985,20181119279005,695,0xb,0x4,19.9500008,26.3056602,0.0277809724,0.103693798,6.70067811e-06,30,1.09899998,1,0.13898873428688968,58441.2790394,0.13898873428688968,18.542550999999996,18.542550999999996
293,1735201200131033,68909869,2458443.602982196,58443.0986921,18.5680256,0.062570937,0,zr,10.9666532,41.2639866,1.31099999,0.0759999976,20181121098657,1735,0x1,0x2,20.4099998,26.2295647,0.0304175634,0.0927429423,1.01466294e-05,30,1.10099995,2,0.13576560523073672,58443.0986921,0.13576560523073672,18.56802559999999,18.56802559999999
294,695211400071731,69332728,2458447.831375678,58447.3272801,18.6127548,0.0541719012,0,zr,10.9667025,41.2639749,0.224000007,-0.0379999988,20181125327268,695,0xb,0x4,19.7900009,26.3146152,0.0324565768,0.0982230529,9.05147863e-06,30,1.35599995,1,0.13028609878427128,58447.3272801,0.13028609878427128,18.612754799999998,18.612754799999998
295,1735201200131033,69524759,2458449.7515927446,58449.2475926,18.4893112,0.0591278188,0,zr,10.9666458,41.2639988,0.725000024,-0.0469999984,20181127247581,1735,0x1,0x2,20.4200001,26.226265,0.028687669,0.0953043476,8.90684714e-06,30,1.11000001,2,0.14597400376990968,58449.2475926,0.14597400376990968,18.489311199999996,18.489311199999996
296,1735201200131033,69624542,2458450.749377007,58450.2454282,18.2058563,0.0484304726,32768,zr,10.9665712,41.2639705,0.782999992,-0.057,20181128245232,1735,0x1,0x2,19.2600002,24.9042377,0.0445176028,0.0884131342,2.74116901e-05,30,1.11099994,2,0.18952106141804273,58450.2454282,0.18952106141804273,18.2058563,18.2058563
297,1735201200131033,69724543,2458451.749335999,58451.2454398,18.5755234,0.0629104301,32768,zr,10.9666287,41.264037,0.953999996,0.0549999997,20181129245243,1735,0x1,0x2,20.1900005,25.1949883,0.0317224637,0.0921631381,1.10616766e-05,30,1.11800003,2,0.1348312745831733,58451.2454398,0.1348312745831733,18.5755234,18.5755234
298,695211400071731,70217237,2458456.6759931967,58456.1723727,18.5524101,0.0516727641,0,zr,10.9667014,41.2640083,1.24600005,0.0549999997,20181204172361,695,0xb,0x4,20.6000004,26.353384,0.0225916337,0.0943324342,4.39559426e-06,30,1.00899994,1,0.1377323507881222,58456.1723727,0.1377323507881222,18.552410099999996,18.552410099999996
299,1735201200131033,70222886,2458456.7324828613,58456.2288657,18.5081177,0.0599306561,0,zr,10.9666423,41.2639997,1.16900003,-0.0270000007,20181204228854,1735,0x1,0x2,20.7800007,26.2832279,0.0339687318,0.0828466043,1.25538763e-05,30,1.11099994,2,0.14346729830644117,58456.2288657,0.14346729830644117,18.508117700000007,18.508117700000007
300,1735201200131033,70320555,2458457.7091149013,58457.2055556,18.4719009,0.0583954528,0,zr,10.9667354,41.2640381,0.64200002,0.0729999989,20181205205509,1735,0x1,0x2,20.1599998,26.2087822,0.0305254422,0.0783335343,1.0085033e-05,30,1.06799996,2,0.14833363517471174,58457.2055556,0.14833363517471174,18.4719009,18.4719009
301,695211400071731,70827908,2458462.7823284534,58462.2790856,18.5177765,0.0502960458,32768,zr,10.9666113,41.2639838,0.954999983,0.108999997,20181210279086,695,0xb,0x4,19.8600006,25.5119553,0.03207675,0.0881083235,8.98285271e-06,30,1.31500006,1,0.14219666145845553,58462.2790856,0.14219666145845553,18.517776500000004,18.517776500000004
302,695211400071731,71222018,2458466.723165292,58466.2201852,18.3228378,0.043278899,32768,zr,10.9668271,41.2639841,0.755999982,-0.118000001,20181214220139,695,0xb,0x4,18.7399998,25.1184769,0.0449871682,0.0796454176,3.47419445e-05,30,1.12399995,1,0.17016290061972267,58466.2201852,0.17016290061972267,18.322837799999995,18.322837799999995
303,695211400071731,71519622,2458469.698999544,58469.1962269,18.6659336,0.0564836822,32768,zr,10.9666009,41.2639879,0.588999987,-0.0769999996,20181217196192,695,0xb,0x4,19.0300007,25.3737831,0.0445980802,0.100609489,2.6982385e-05,30,1.08500004,1,0.12405850977634068,58469.1962269,0.12405850977634068,18.665933599999995,18.665933599999995
304,1735201200131033,71717747,2458471.680107485,58471.1774769,18.7587662,0.07185857,0,zr,10.966617,41.264013,0.815999985,-0.0610000007,20181219177465,1735,0x1,0x2,19.2000008,25.9396458,0.0392330773,0.0774348304,1.98884645e-05,30,1.08700001,2,0.11389207881949712,58471.1774769,0.11389207881949712,18.758766200000004,18.758766200000004
305,695211400071731,71811459,2458472.617157258,58472.1145949,18.6067238,0.0539162345,0,zr,10.9666252,41.2639955,1.27199996,0.100000001,20181220114525,695,0xb,0x4,20.6200008,26.3736439,0.0241390411,0.10393782,5.03015781e-06,30,1.00600004,1,0.13101182004581055,58472.1145949,0.13101182004581055,18.606723800000005,18.606723800000005
306,695211400071731,72116181,2458475.6641531815,58475.1618171,18.5382633,0.0511054471,0,zr,10.9666338,41.2639814,0.94599998,0.0719999969,20181223161806,695,0xb,0x4,20.3700008,26.3613586,0.0252240039,0.0991562754,5.48377557e-06,30,1.051,1,0.13953870237899577,58475.1618171,0.13953870237899577,18.538263300000004,18.538263300000004
307,695211400071731,72730324,2458481.8051023968,58481.3032407,18.5157661,0.0502174161,0,zr,10.9667195,41.2639214,1.22899997,0.0130000003,20181229303241,695,0xb,0x4,19.7000008,26.2357388,0.0383640081,0.10943339,1.28359807e-05,30,2.05699992,1,0.14246020337362947,58481.3032407,0.14246020337362947,18.5157661,18.5157661
308,695211400071731,73211224,2458486.613721576,58486.1122454,18.5814133,0.0528577119,0,zr,10.9666578,41.2640037,0.837000012,0.0320000015,20190103112083,695,0xb,0x4,21.0200005,26.3823586,0.021370193,0.0954520181,3.96431278e-06,30,1.02499998,1,0.1341018224580597,58486.1122454,0.1341018224580597,18.5814133,18.5814133
309,695211400071731,73613255,2458490.633704272,58490.1325579,18.5249729,0.050578732,0,zr,10.966684,41.2639971,0.651000023,0.0149999997,20190107132523,695,0xb,0x4,20.5699997,26.3451271,0.0237384755,0.0955629572,4.89431704e-06,30,1.07299995,1,0.1412572802031532,58490.1325579,0.1412572802031532,18.5249729,18.5249729
310,695211400071731,73911590,2458493.6168011827,58493.1159028,18.5178146,0.050297536,0,zr,10.9666404,41.2640016,1.50800002,0.165999994,20190110115903,695,0xb,0x4,20.6299992,26.2091579,0.0226272643,0.103568524,4.40068152e-06,30,1.05799997,1,0.14219167166653218,58493.1159028,0.14219167166653218,18.5178146,18.5178146
311,695211400071731,87346427,2458627.960422364,58627.4642708,18.5427647,0.0512852073,0,zr,10.9666254,41.2639829,1.49300003,0.175999999,20190524464259,695,0xb,0x4,20.5900002,26.1545944,0.0266958419,0.110915989,6.06318508e-06,30,2.1329999,2,0.13896138052495255,58627.4642708,0.13896138052495255,18.5427647,18.5427647
312,695211400071731,87346848,2458627.96463556,58627.4684838,18.5719528,0.0524679348,0,zr,10.9666516,41.2640107,1.44099998,0.104000002,20190524468449,695,0xb,0x4,20.6900005,26.1877041,0.0255954489,0.105834223,5.57523572e-06,30,2.06100011,2,0.13527541657549438,58627.4684838,0.13527541657549438,18.5719528,18.5719528
313,695211400071731,87347222,2458627.9683741336,58627.4722222,18.7064896,0.0583181381,0,zr,10.9666976,41.2640773,1.45899999,0.120999999,20190524472222,695,0xb,0x4,20.6000004,26.168869,0.0239458866,0.10838072,4.84426255e-06,30,2.00099993,2,0.11950997622480491,58627.4722222,0.11950997622480491,18.706489600000005,18.706489600000005
314,695211400071731,87347594,2458627.9721012097,58627.4759491,18.6190186,0.0544387698,0,zr,10.9666439,41.2639835,1.71399999,0.177000001,20190524475949,695,0xb,0x4,20.5100002,26.1736908,0.0241710767,0.104571149,4.96754092e-06,30,1.94500005,2,0.12953661975645359,58627.4759491,0.12953661975645359,18.619018599999997,18.619018599999997
315,695211400071731,89643473,2458650.9322123155,58650.4347338,18.6279163,0.054820355,0,zr,10.9666472,41.2639594,0.902999997,0.0350000001,20190616434722,695,0xb,0x4,20.3299999,26.2152996,0.0258147866,0.110038713,5.51894027e-06,30,1.67900002,1,0.1284793941483739,58650.4347338,0.1284793941483739,18.627916300000003,18.627916300000003
316,695211400071731,89944752,2458653.9452100745,58653.4475231,18.6979694,0.0579275377,0,zr,10.966697,41.2640425,1.19099998,0.140000001,20190619447523,695,0xb,0x4,20.5300007,26.2068729,0.0240667593,0.101922557,4.8078482e-06,30,1.49000001,1,0.12045150757159186,58653.4475231,0.12045150757159186,18.697969399999998,18.697969399999998
317,695211400071731,90343269,2458657.9306691755,58657.4326968,18.6541767,0.0559635684,0,zr,10.9666938,41.2640325,1.69599998,0.25,20190623432662,695,0xb,0x4,20.7199993,26.2218056,0.0217369031,0.108208269,3.93744722e-06,30,1.52100003,1,0.12540917763770365,58657.4326968,0.12540917763770365,18.6541767,18.6541767
318,695211400071731,91145221,2458665.9507860853,58665.4522106,18.5037155,0.0497488081,0,zr,10.9666226,41.2639677,1.57700002,0.162,20190701452211,695,0xb,0x4,21.4200001,26.2773933,0.0212990195,0.098451294,3.79046264e-06,30,1.26400006,1,0.14405017824346,58665.4522106,0.14405017824346,18.50371549999999,18.50371549999999
319,695211400071731,91436834,2458668.867147461,58668.3683449,18.6074257,0.0539459288,0,zr,10.9666489,41.2639899,1.50899994,0.0829999968,20190704368345,695,0xb,0x4,20.9400005,26.2179222,0.0209872127,0.100585259,3.68218002e-06,30,1.88300002,1,0.13092715170875732,58668.3683449,0.13092715170875732,18.6074257,18.6074257
320,695211400071731,91543458,2458669.93346982,58669.4345833,18.589468,0.0531920977,0,zr,10.9666415,41.2640023,1.64199996,0.167999998,20190705434560,695,0xb,0x4,21.2999992,26.2893906,0.0239092521,0.10603486,4.95073618e-06,30,1.29700005,2,0.1331106487222454,58669.4345833,0.1331106487222454,18.589468000000004,18.589468000000004
321,695211400071731,91742074,2458671.919784571,58671.4207407,18.6335087,0.0550616607,32768,zr,10.9666228,41.2639504,1.30499995,0.192000002,20190707420741,695,0xb,0x4,19.9899998,25.0501823,0.0552693047,0.0928980634,2.60859033e-05,30,1.34200001,2,0.12781932507166266,58671.4207407,0.12781932507166266,18.6335087,18.6335087
322,695211400071731,91742168,2458671.920733744,58671.4216898,18.64645,0.0556245185,32768,zr,10.9666514,41.2640111,1.972,0.0979999974,20190707421667,695,0xb,0x4,20.5400009,25.5460682,0.0352342539,0.0975566134,1.03943312e-05,30,1.33599997,1,0.12630484202599224,58671.4216898,0.12630484202599224,18.64645000000001,18.64645000000001
323,695211400071731,92047684,2458674.9761286695,58674.4768403,18.5152321,0.0501965433,0,zr,10.9666292,41.2639955,1.33399999,0.135000005,20190710476840,695,0xb,0x4,21.4599991,26.3363132,0.0283917394,0.0984984115,6.87247802e-06,30,1.097,1,0.1425302871187359,58674.4768403,0.1425302871187359,18.5152321,18.5152321
324,695211400071731,92048256,2458674.981858233,58674.4825694,18.6556015,0.0560263097,0,zr,10.9666327,41.2639925,1.148,0.261000007,20190710482512,695,0xb,0x4,21.25,26.3113232,0.0287441704,0.100769095,7.010628e-06,30,1.08399999,2,0.12524471245279856,58674.4825694,0.12524471245279856,18.655601499999996,18.655601499999996
325,695211400071731,92246555,2458676.9650042984,58676.4655556,18.4818058,0.0489093401,0,zr,10.966666,41.2639656,2.18600011,0.263000011,20190712465451,695,0xb,0x4,21.5400009,26.3108444,0.0225153547,0.0965804383,4.28967678e-06,30,1.11099994,2,0.1469865782732618,58676.4655556,0.1469865782732618,18.481805799999997,18.481805799999997
326,695211400071731,92348842,2458677.9879573896,58677.4884259,18.4681625,0.0483946204,0,zr,10.9666552,41.2639829,1.44500005,0.136999995,20190713488414,695,0xb,0x4,21.0300007,26.2533894,0.0254376791,0.103120558,5.53792552e-06,30,1.05700004,1,0.14884525690551612,58677.4884259,0.14884525690551612,18.4681625,18.4681625
327,695211400071731,92348935,2458677.988883464,58677.4893519,18.609375,0.054028444,0,zr,10.9666588,41.2639934,1.94599998,0.153999999,20190713489340,695,0xb,0x4,20.9799995,26.2562332,0.0223070681,0.0979859829,4.2622064e-06,30,1.05599999,2,0.13069229969893845,58677.4893519,0.13069229969893845,18.609374999999993,18.609374999999993
328,695211400071731,92448754,2458678.9871588284,58678.4875463,18.5961819,0.0534725711,0,zr,10.9666275,41.2639631,2.19899988,0.239999995,20190714487512,695,0xb,0x4,21.1900005,26.3170662,0.0249170419,0.0986737236,5.26578106e-06,30,1.05400002,2,0.13229006809371668,58678.4875463,0.13229006809371668,18.596181899999998,18.596181899999998
329,695211400071731,92642534,2458680.925117285,58680.4253472,18.526226,0.0506281257,0,zr,10.9666472,41.2640017,1.41499996,0.219999999,20190716425313,695,0xb,0x4,20.6100006,26.2902489,0.021978341,0.105547898,4.08201777e-06,30,1.204,1,0.14109434247594335,58680.4253472,0.14109434247594335,18.526226,18.526226
330,1735201200131033,92943126,2458683.9312769235,58683.4312616,18.5882492,0.0634912625,0,zr,10.9666512,41.2639785,0.529999971,0.0649999976,20190719431215,1735,0x1,0x2,20.6800003,26.1959515,0.0337323919,0.0936697125,1.29352284e-05,30,1.12600005,2,0.13326015681743322,58683.4312616,0.13326015681743322,18.5882492,18.5882492
331,1735201200131033,92943171,2458683.93172836,58683.431713,18.5682411,0.0625806823,0,zr,10.9666567,41.2639861,0.976999998,0.0710000023,20190719431713,1735,0x1,0x2,20.5900002,26.1879692,0.026194185,0.0905960649,7.79661877e-06,30,1.125,3,0.1357386607626079,58683.431713,0.1357386607626079,18.5682411,18.5682411
332,695211400071731,92944402,2458683.944044171,58683.4440278,18.6200237,0.0544817261,0,zr,10.9666781,41.2639862,0.898999989,-0.0199999996,20190719444016,695,0xb,0x4,20.7399998,26.2957897,0.0234958138,0.100311853,4.67652035e-06,30,1.11699998,1,0.12941675913957404,58683.4440278,0.12941675913957404,18.620023699999997,18.620023699999997
333,695211400071731,93240540,2458686.905663472,58686.4054051,18.6365376,0.0551928543,0,zr,10.9666643,41.2639984,0.69599998,0.0149999997,20190722405405,695,0xb,0x4,20.7000008,26.1982346,0.0326034874,0.105061874,9.02958436e-06,30,1.21800005,1,0.12746324186188918,58686.4054051,0.12746324186188918,18.636537600000004,18.636537600000004
334,1735201200131033,93241513,2458686.915398072,58686.4151389,18.5280476,0.0607948974,0,zr,10.9666537,41.2640518,1.94000006,0.256000012,20190722415139,1735,0x1,0x2,20.6000004,26.0555916,0.0324510075,0.0922492519,1.20645454e-05,30,1.14699996,2,0.14085781912209464,58686.4151389,0.14085781912209464,18.5280476,18.5280476
335,1735201200131033,93241559,2458686.915849511,58686.4155903,18.5499287,0.0617598966,0,zr,10.9666544,41.2640053,0.990999997,0.101999998,20190722415590,1735,0x1,0x2,20.5100002,26.0094776,0.032021571,0.0971131921,1.17668378e-05,30,1.14600003,3,0.13804749170370129,58686.4155903,0.13804749170370129,18.549928700000002,18.549928700000002
336,695211400071731,93643531,2458690.935899871,58690.4353125,18.4943047,0.0493862368,0,zr,10.9666562,41.2639924,2.3900001,0.192000002,20190726435231,695,0xb,0x4,21.3999996,26.2772732,0.0280120131,0.0940633193,6.67667746e-06,30,1.09200001,1,0.14530418403810016,58690.4353125,0.14530418403810016,18.494304700000008,18.494304700000008
337,695211400071731,93946881,2458693.9696533214,58693.4688194,18.5320854,0.0508598275,0,zr,10.9666663,41.2639944,2.03500009,0.130999997,20190729468785,695,0xb,0x4,21.6700001,26.3280334,0.0268358737,0.0965043977,6.15639738e-06,30,1.02600002,1,0.1403349486292232,58693.4688194,0.1403349486292232,18.532085399999993,18.532085399999993
338,695211400071731,94147353,2458695.9745260687,58695.4735301,18.4793377,0.0488157421,0,zr,10.9666556,41.2639982,2.06100011,0.105999999,20190731473530,695,0xb,0x4,21.6000004,26.3324299,0.0320522524,0.103134863,8.7103499e-06,30,1.01699996,2,0.14732108882803327,58695.4735301,0.14732108882803327,18.479337699999995,18.479337699999995
339,695211400071731,94247091,2458696.9719906547,58696.4709144,18.5754375,0.0526111796,0,zr,10.9666453,41.2639912,2.30599999,0.119999997,20190801470833,695,0xb,0x4,21.6299992,26.3512764,0.0257870704,0.0974332318,5.60548415e-06,30,1.01699996,1,0.13484194242736422,58696.4709144,0.13484194242736422,18.5754375,18.5754375
340,695211400071731,94247553,2458696.9766090247,58696.4755324,18.5123653,0.0500846691,0,zr,10.966652,41.264011,3.29999995,0.328999996,20190801475532,695,0xb,0x4,21.7000008,26.3443928,0.0214668568,0.0937321335,3.92958054e-06,30,1.01400006,2,0.14290712427862626,58696.4755324,0.14290712427862626,18.512365299999992,18.512365299999992
341,695211400071731,94340855,2458697.9097046773,58697.4085532,18.5268192,0.0506515503,0,zr,10.9666619,41.2639888,2.28500009,0.143999994,20190802408530,695,0xb,0x4,21.5799999,26.3428745,0.028527163,0.0972440913,6.93441098e-06,30,1.11000001,2,0.14101727559407068,58697.4085532,0.14101727559407068,18.5268192,18.5268192
342,695211400071731,94442164,2458698.9228760046,58698.4216435,18.6269989,0.0547808595,32768,zr,10.9666275,41.2639966,2.51099992,0.277999997,20190803421644,695,0xb,0x4,21.3899994,26.1425591,0.0239373725,0.0937420875,4.85503324e-06,30,1.07500005,2,0.12858799954069136,58698.4216435,0.12858799954069136,18.626998899999997,18.626998899999997
343,695211400071731,94538275,2458699.884063659,58699.3827546,18.533226,0.0509050786,0,zr,10.9666412,41.2639992,1.82700002,0.167999998,20190804382755,695,0xb,0x4,21.5100002,26.2990894,0.0230388641,0.0981523916,4.50177367e-06,30,1.16999996,1,0.14018759976682196,58699.3827546,0.14018759976682196,18.533226000000006,18.533226000000006
344,695211400071731,94539136,2458699.8926754487,58699.3913657,18.5312881,0.0508282185,0,zr,10.9666609,41.2639769,2.43600011,0.219999999,20190804391366,695,0xb,0x4,21.3500004,26.2738037,0.0214072894,0.102351561,3.85789417e-06,30,1.14300001,2,0.14043804010433128,58699.3913657,0.14043804010433128,18.531288100000005,18.531288100000005
345,695211400071731,94645002,2458700.9514168613,58700.4500231,18.5315475,0.0508385152,0,zr,10.9666411,41.2639968,1.77499998,0.151999995,20190805450000,695,0xb,0x4,21.5,26.3184872,0.0283695478,0.101136677,6.80164931e-06,30,1.02499998,2,0.14040449118519835,58700.4500231,0.14040449118519835,18.531547499999995,18.531547499999995
346,695211400071731,94739251,2458701.8939797804,58701.3925116,18.6194553,0.0544574149,32768,zr,10.9666555,41.2639992,1.06099999,0.0729999989,20190806392500,695,0xb,0x4,20.1499996,25.0521145,0.174172774,0.103763685,0.000256518746,30,1.12399995,2,0.12948452858851622,58701.3925116,0.12948452858851622,18.61945529999999,18.61945529999999
347,695211400071731,94942967,2458703.931303838,58703.4296759,18.5350609,0.0509779453,0,zr,10.9666407,41.2639747,2.16799998,0.0799999982,20190808429664,695,0xb,0x4,21.6000004,26.310091,0.0249914266,0.0950213596,5.28926148e-06,30,1.03900003,1,0.13995088205597314,58703.4296759,0.13995088205597314,18.535060899999998,18.535060899999998
348,695211400071731,94943061,2458703.932241408,58703.4306134,18.5519009,0.0516522303,0,zr,10.9666732,41.2639931,2.01399994,0.181999996,20190808430590,695,0xb,0x4,21.5599995,26.324892,0.0203436464,0.0942333117,3.51737094e-06,30,1.03799999,2,0.13779696110618522,58703.4306134,0.13779696110618522,18.5519009,18.5519009
349,695211400071731,95046780,2458704.9695095853,58704.4678009,18.5458031,0.0514069051,0,zr,10.9666701,41.2639825,1.898,0.143999994,20190809467801,695,0xb,0x4,21.1599998,26.2958298,0.0226350185,0.107733972,4.37029121e-06,30,1.00899994,2,0.13857304492176745,58704.4678009,0.13857304492176745,18.545803099999993,18.545803099999993
350,695211400071731,95146712,2458705.968915564,58705.4671296,18.5701656,0.0523946695,0,zr,10.9666234,41.2639929,1.92799997,0.135000005,20190810467037,695,0xb,0x4,21.3999996,26.3000755,0.0213058498,0.101497538,3.87941873e-06,30,1.00800002,2,0.13549827302380224,58705.4671296,0.13549827302380224,18.570165600000003,18.570165600000003
351,695211400071731,95240813,2458706.9099948974,58706.4081366,18.4713802,0.0485154539,0,zr,10.9666429,41.2639777,1.67700005,0.202999994,20190811408125,695,0xb,0x4,21.5900002,26.3615608,0.0243538283,0.0983060524,5.02575949e-06,30,1.05900002,1,0.14840479043995058,58706.4081366,0.14840479043995058,18.47138019999999,18.47138019999999
352,695211400071731,95347388,2458707.9758286257,58707.4738889,18.5758381,0.0526276678,0,zr,10.9666327,41.2640091,1.36699998,0.0500000007,20190812473738,695,0xb,0x4,21.2999992,26.3117905,0.0227715038,0.10491427,4.43328963e-06,30,1.00800002,2,0.13479219948080548,58707.4738889,0.13479219948080548,18.57583809999999,18.57583809999999
353,695211400071731,95449406,2458708.9960796204,58708.4940625,18.5292015,0.0507456437,0,zr,10.9666753,41.2640354,0.944000006,0.0909999982,20190813494051,695,0xb,0x4,21.3899994,26.3532124,0.0240809172,0.105689615,4.95236645e-06,30,1.01900005,2,0.14070819760505626,58708.4940625,0.14070819760505626,18.529201499999992,18.529201499999992
354,1735201200131033,95638884,2458710.8910020064,58710.3888426,18.5451717,0.0615486838,0,zr,10.9666605,41.2639934,1.29700005,0.130999997,20190815388819,1735,0x1,0x2,20.4300003,26.1921864,0.0259691197,0.0888625532,7.63720982e-06,30,1.06200004,2,0.13865365425032924,58710.3888426,0.13865365425032924,18.545171700000004,18.545171700000004
355,1735201200131033,95638929,2458710.8914534426,58710.389294,18.5983944,0.0639585182,0,zr,10.9666392,41.2639802,1.50199997,0.145999998,20190815389294,1735,0x1,0x2,20.4799995,26.1924171,0.0264812931,0.0971205682,7.88938632e-06,30,1.06200004,3,0.1320207634919388,58710.389294,0.1320207634919388,18.598394399999997,18.598394399999997
356,695211400071731,95643358,2458710.935750757,58710.433588,18.5836563,0.0529506169,0,zr,10.966646,41.2639824,1.75399995,0.187999994,20190815433588,695,0xb,0x4,20.6000004,26.2963505,0.0230617393,0.101638548,4.52045742e-06,30,1.01600003,2,0.13382507023963355,58710.433588,0.13382507023963355,18.583656299999994,18.583656299999994
357,1735201200131033,95736098,2458711.863215426,58711.3609838,18.6405487,0.0659407154,0,zr,10.9666295,41.2639933,0.841000021,0.0680000037,20190816360961,1735,0x1,0x2,20.4699993,26.1749191,0.0269550532,0.0878263265,8.32172373e-06,30,1.11099994,2,0.1269932155649536,58711.3609838,0.1269932155649536,18.640548700000004,18.640548700000004
358,1735201200131033,95736143,2458711.8636668543,58711.3614352,18.5885391,0.0635045543,0,zr,10.9666937,41.264024,1.07700002,0.125,20190816361435,1735,0x1,0x2,20.5599995,26.2019024,0.0250840764,0.0891540945,7.14817043e-06,30,1.11000001,3,0.1332245800703259,58711.3614352,0.1332245800703259,18.5885391,18.5885391
359,695211400071731,95743702,2458711.9392627752,58711.4370255,18.5751343,0.0525986664,0,zr,10.9666488,41.264018,1.08899999,0.138999999,20190816436817,695,0xb,0x4,20.7900009,26.2917919,0.0255940594,0.101150125,5.53110749e-06,30,1.01300001,2,0.13487960331210752,58711.4370255,0.13487960331210752,18.575134299999995,18.575134299999995
360,695211400071731,95837773,2458712.88003809,58712.3777315,18.6231499,0.0546156056,0,zr,10.966643,41.2639841,1.10300004,0.0670000017,20190817377662,695,0xb,0x4,20.5300007,26.2839851,0.0214628894,0.0963420868,3.93508935e-06,30,1.08599997,1,0.12904466068284187,58712.3777315,0.12904466068284187,18.62314990000001,18.62314990000001
361,1735201200131033,95838637,2458712.8886845247,58712.3863773,18.565979,0.0624786206,0,zr,10.9666685,41.2640103,1.33599997,0.104000002,20190817386354,1735,0x1,0x2,20.6499996,26.1979446,0.0354512185,0.0887750238,1.44173118e-05,30,1.05799997,2,0.13602176315427228,58712.3863773,0.13602176315427228,18.56597899999999,18.56597899999999
362,1735201200131033,95838682,2458712.88913596,58712.3868287,18.6141777,0.0646929741,0,zr,10.966672,41.2639915,1.65400004,0.143999994,20190817386829,1735,0x1,0x2,20.5599995,26.1901493,0.0290001184,0.0882032588,9.6765898e-06,30,1.05700004,3,0.13011546556265993,58712.3868287,0.13011546556265993,18.614177699999992,18.614177699999992
363,1735201200131033,95936599,2458713.868374239,58713.3659954,18.6466007,0.0662307367,0,zr,10.9666784,41.2640171,0.967999995,0.00100000005,20190818365961,1735,0x1,0x2,20.5900002,26.1969891,0.0257863477,0.0908128843,7.60953844e-06,30,1.08800006,2,0.12628731215206596,58713.3659954,0.12628731215206596,18.6466007,18.6466007
364,1735201200131033,95936644,2458713.8688256764,58713.3664468,18.5806599,0.063144125,0,zr,10.9666513,41.2639759,1.89199996,0.150999993,20190818366447,1735,0x1,0x2,20.6100006,26.168066,0.0300719962,0.0925537795,1.0365713e-05,30,1.08700001,3,0.1341949089501779,58713.3664468,0.1341949089501779,18.580659899999993,18.580659899999993
365,1735201200131033,96038383,2458714.886283634,58714.383831,18.5650864,0.0624383986,0,zr,10.9666416,41.2639977,1.375,0.142000005,20190819383796,1735,0x1,0x2,20.7299995,26.2110977,0.0340195484,0.0955358371,1.31996849e-05,30,1.05400002,2,0.13613363466290415,58714.383831,0.13613363466290415,18.565086400000006,18.565086400000006
366,1735201200131033,96038429,2458714.886746665,58714.384294,18.5999184,0.0640290678,0,zr,10.9666481,41.2640298,2.0480001,0.166999996,20190819384282,1735,0x1,0x2,20.7600002,26.1909351,0.0325165726,0.0887252688,1.19668621e-05,30,1.05299997,3,0.13183558176805682,58714.384294,0.13183558176805682,18.5999184,18.5999184
367,1735201200131033,96140004,2458715.902571936,58715.4000463,18.5206699,0.0604733303,0,zr,10.9667114,41.2640043,0.514999986,0.00300000003,20190820400046,1735,0x1,0x2,20.5699997,26.1925583,0.0290741306,0.0993344784,9.60096077e-06,30,1.03299999,2,0.14181822322575868,58715.4000463,0.14181822322575868,18.520669899999994,18.520669899999994
368,1735201200131033,96140049,2458715.9030233687,58715.4004977,18.5601387,0.0622160397,0,zr,10.9666662,41.2640368,1.35300004,0.193000004,20190820400498,1735,0x1,0x2,20.7399998,26.2110367,0.0340058021,0.0917661265,1.30494809e-05,30,1.03199995,3,0.1367554112925588,58715.4004977,0.1367554112925588,18.560138700000003,18.560138700000003
369,695211400071731,96142387,2458715.926404646,58715.4238773,18.622673,0.054595165,0,zr,10.9666668,41.2640131,1.26600003,0.143000007,20190820423808,695,0xb,0x4,21.0,26.3124657,0.0209190939,0.0992552713,3.71490296e-06,30,1.01400006,1,0.12910135485601817,58715.4238773,0.12910135485601817,18.622673,18.622673
370,1735201200131033,96241641,2458716.9190099672,58716.416412,18.4680138,0.0582333505,0,zr,10.9666503,41.263997,2.35800004,0.210999995,20190821416400,1735,0x1,0x2,20.9699993,26.2597179,0.0386698321,0.0917254835,1.70536914e-05,30,1.02100003,2,0.14886564381472783,58716.416412,0.14886564381472783,18.4680138,18.4680138
371,1735201200131033,96241686,2458716.9194614016,58716.4168634,18.5331936,0.0610203408,0,zr,10.966626,41.2639843,1.93200004,0.184,20190821416863,1735,0x1,0x2,20.9599991,26.2659111,0.044102788,0.0955517218,2.21283863e-05,30,1.02100003,3,0.14019178323789483,58716.4168634,0.14019178323789483,18.533193599999997,18.533193599999997
372,695211400071731,96346728,2458717.969952096,58717.4672801,18.5150852,0.0501907691,0,zr,10.9667126,41.264022,2.13000011,0.214000002,20190822467257,695,0xb,0x4,20.7199993,26.2681637,0.0237997025,0.112330012,4.83359554e-06,30,1.01699996,2,0.14254957275698163,58717.4672801,0.14254957275698163,18.51508520000001,18.51508520000001
373,1735201200131033,96349622,2458717.9989009206,58717.4962269,18.5002766,0.0595944077,0,zr,10.9666579,41.2639943,0.47299999,0.057,20190822496204,1735,0x1,0x2,20.6599998,26.1818085,0.029043084,0.0961011946,9.74405975e-06,30,1.07700002,2,0.14450715802813108,58717.4962269,0.14450715802813108,18.5002766,18.5002766
374,1735201200131033,96349667,2458717.999352251,58717.4966782,18.535738,0.0611321181,0,zr,10.966686,41.26399,1.59099996,0.129999995,20190822496678,1735,0x1,0x2,20.7700005,26.1832485,0.0329221562,0.0977355987,1.23969467e-05,30,1.07799995,3,0.13986363139596508,58717.4966782,0.13986363139596508,18.535738000000002,18.535738000000002
375,695211400071731,96447265,2458718.9753925973,58718.4726505,18.6208973,0.054519102,0,zr,10.9666494,41.2639893,1.05799997,0.123999998,20190823472627,695,0xb,0x4,20.8199997,26.2727432,0.0210030973,0.104917258,3.79733729e-06,30,1.02400005,2,0.12931267031192667,58718.4726505,0.12931267031192667,18.620897300000003,18.620897300000003
376,695211400071731,96447358,2458718.976330162,58718.473588,18.6299095,0.0549062304,0,zr,10.9666492,41.2639866,1.125,0.128000006,20190823473565,695,0xb,0x4,21.0300007,26.2867298,0.021651499,0.10032054,4.01237139e-06,30,1.02499998,1,0.12824374739561156,58718.473588,0.12824374739561156,18.629909500000004,18.629909500000004
377,1735201200131033,96449979,2458719.0025356705,58718.4997917,18.4576969,0.0578056574,0,zr,10.9666658,41.263985,1.86800003,0.195999995,20190823499769,1735,0x1,0x2,20.8700008,26.1958218,0.0502278619,0.0903441012,2.88005322e-05,30,1.08899999,2,0.15028693936030355,58718.4997917,0.15028693936030355,18.457696899999995,18.457696899999995
378,1735201200131033,96450024,2458719.0029871,58718.5002431,18.7469177,0.0712410435,0,zr,10.9666226,41.2640495,1.046,-0.0719999969,20190823500243,1735,0x1,0x2,20.7999992,26.193079,0.0291591268,0.0886666551,9.73233819e-06,30,1.09000003,3,0.11514177495814146,58718.5002431,0.11514177495814146,18.746917700000004,18.746917700000004
379,1735201200131033,96540409,2458719.9069035864,58719.4040972,18.4802132,0.0587438121,0,zr,10.9666335,41.2639942,1.329,0.00999999978,20190824404097,1735,0x1,0x2,20.8700008,26.2113934,0.0374804065,0.085754104,1.60846739e-05,30,1.023,2,0.14720234209716282,58719.4040972,0.14720234209716282,18.4802132,18.4802132
380,1735201200131033,96540454,2458719.907355016,58719.4045486,18.4946671,0.0593551621,0,zr,10.9666565,41.2639971,1.46500003,0.157000005,20190824404537,1735,0x1,0x2,21.0300007,26.2008457,0.0535073765,0.0945249125,3.24982138e-05,30,1.023,3,0.14525569210346878,58719.4045486,0.14525569210346878,18.494667100000008,18.494667100000008
381,695211400071731,96541825,2458719.9210596564,58719.4182523,18.5855427,0.053028848,0,zr,10.9666584,41.2640287,1.23500001,0.0820000023,20190824418044,695,0xb,0x4,21.1200008,26.283287,0.0205367766,0.0960679799,3.59262049e-06,30,1.01100004,2,0.13359275926737615,58719.4182523,0.13359275926737615,18.585542699999998,18.585542699999998
382,695211400071731,96638434,2458720.8872136367,58720.3843403,18.6022415,0.0537271015,0,zr,10.9666506,41.2639713,2.02900004,0.104000002,20190825384132,695,0xb,0x4,21.3600006,26.2590504,0.0270678811,0.094169192,6.21048002e-06,30,1.03799999,2,0.13155380077996956,58720.3843403,0.13155380077996956,18.602241499999998,18.602241499999998
383,695211400071731,96744847,2458721.951417384,58721.4484722,18.9531136,0.0709070489,32768,zr,10.9666519,41.2640398,0.731000006,-0.0430000015,20190826448449,695,0xb,0x4,20.5799999,26.0228348,0.167920604,0.0614131615,0.000242781927,30,1.01300001,2,0.09522578467488015,58721.4484722,0.09522578467488015,18.953113600000002,18.953113600000002
384,695211400071731,96938609,2458723.889173188,58723.3860995,18.5814018,0.0528572761,0,zr,10.9666617,41.263982,2.61599994,0.361000001,20190828385903,695,0xb,0x4,21.6499996,26.3428783,0.0243036542,0.094710961,5.06303923e-06,30,1.02600002,2,0.13410324285752484,58723.3860995,0.13410324285752484,18.581401800000002,18.581401800000002
385,1735201200131033,97038443,2458724.8875715854,58724.3844329,18.4674568,0.0582101792,0,zr,10.9666811,41.2639707,1.76999998,-0.057,20190829384433,1735,0x1,0x2,20.8299999,26.2221127,0.0550644249,0.110428765,3.42417407e-05,30,1.02600002,2,0.14894203385869006,58724.3844329,0.14894203385869006,18.4674568,18.4674568
386,1735201200131033,97038488,2458724.888023011,58724.3848843,18.624464,0.0651766062,0,zr,10.9667069,41.2640126,0.575999975,0.0320000015,20190829384884,1735,0x1,0x2,20.9300003,26.203146,0.0293601882,0.096524395,9.79780634e-06,30,1.02600002,3,0.12888856843247987,58724.3848843,0.12888856843247987,18.624463999999996,18.624463999999996
387,695211400071731,97040967,2458724.9128162214,58724.4096759,18.6300182,0.0549109131,0,zr,10.9666441,41.2639969,1.44200003,0.116999999,20190829409653,695,0xb,0x4,21.1000004,26.2768002,0.0221451558,0.0953325182,4.18245963e-06,30,1.00999999,1,0.12823090873601117,58724.4096759,0.12823090873601117,18.630018200000002,18.630018200000002
388,695211400071731,97041106,2458724.914205209,58724.4110648,18.6535625,0.0559365451,0,zr,10.9666484,41.2640232,0.704999983,0.0320000015,20190829411065,695,0xb,0x4,20.8299999,26.2442799,0.022588199,0.112075239,4.34621279e-06,30,1.00899994,2,0.1254801415675573,58724.4110648,0.1254801415675573,18.6535625,18.6535625
389,695211400071731,97148615,2458725.989366815,58725.4861574,18.5802422,0.0528093129,0,zr,10.9666612,41.2639724,2.16000009,0.202000007,20190830486123,695,0xb,0x4,21.4400005,26.3612137,0.0272977073,0.0918447301,6.39587643e-06,30,1.06900001,2,0.1342465457997968,58725.4861574,0.1342465457997968,18.580242200000008,18.580242200000008
390,1735201200131033,97239503,2458726.898301684,58726.3950347,18.5954647,0.0638232231,0,zr,10.966643,41.2640124,1.80299997,0.127000004,20190831395035,1735,0x1,0x2,21.3999996,26.335022,0.0450968966,0.0878558978,2.32635884e-05,30,1.01900005,2,0.13237748323197826,58726.3950347,0.13237748323197826,18.5954647,18.5954647
391,1735201200131033,97239548,2458726.898753111,58726.3954861,18.5181236,0.0603627898,0,zr,10.9666688,41.26401,1.93299997,0.213,20190831395486,1735,0x1,0x2,21.4099998,26.3426685,0.0397940762,0.0872887522,1.79790186e-05,30,1.01900005,3,0.14215120974337855,58726.3954861,0.14215120974337855,18.518123600000003,18.518123600000003
392,695211400071731,97348766,2458727.990997175,58727.487662,18.6879253,0.0574706234,0,zr,10.9667047,41.2640258,1.85500002,0.162,20190901487662,695,0xb,0x4,21.3500004,26.2635269,0.0229710527,0.102185227,4.47752791e-06,30,1.08299994,1,0.121570969469771,58727.487662,0.121570969469771,18.687925299999996,18.687925299999996
393,695211400071731,97350201,2458728.005349957,58727.5020139,18.6811409,0.0571642034,0,zr,10.9666816,41.2640392,1.52600002,0.0939999968,20190901501782,695,0xb,0x4,21.1599998,26.2427788,0.0217314363,0.10419742,4.02145088e-06,30,1.11699998,2,0.12233300389647984,58727.5020139,0.12233300389647984,18.681140899999995,18.681140899999995
394,695211400071731,97846677,2458732.9704025933,58732.4667708,18.8993263,0.0679410473,0,zr,10.9666835,41.2640429,1.68099999,0.213,20190906466771,695,0xb,0x4,21.4899998,26.2662125,0.0283552464,0.0930819437,6.81792835e-06,30,1.06799996,1,0.10006206931811922,58732.4667708,0.10006206931811922,18.899326300000006,18.899326300000006
395,695211400071731,97846769,2458732.971328648,58732.4676968,18.7746296,0.0615444742,0,zr,10.9667025,41.2640036,1.73399997,0.179000005,20190906467685,695,0xb,0x4,21.2399998,26.1039257,0.0264733918,0.0975460559,5.91963999e-06,30,1.07000005,2,0.11224012973278719,58732.4676968,0.11224012973278719,18.774629600000004,18.774629600000004
396,695211400071731,97941337,2458733.917065048,58733.4133796,18.836731,0.0646482706,0,zr,10.9666582,41.2640228,2.09299994,0.165999994,20190907413322,695,0xb,0x4,21.3199997,26.2829189,0.0233565979,0.101304807,4.66256324e-06,30,1.01100004,2,0.10600042340464602,58733.4133796,0.10600042340464602,18.836731000000007,18.836731000000007
397,1735201200131033,98133210,2458735.8358978475,58735.3321065,18.766468,0.0722629875,0,zr,10.9666648,41.2640144,2.18099999,0.104999997,20190909332072,1735,0x1,0x2,20.9899998,26.2549801,0.041533187,0.0919210464,1.95524917e-05,30,1.046,2,0.11308703042676528,58735.3321065,0.11308703042676528,18.766467999999996,18.766467999999996
398,1735201200131033,98133255,2458735.8363492726,58735.3325579,18.7619781,0.0720269158,0,zr,10.9666694,41.2639992,1.79700005,0.0680000037,20190909332558,1735,0x1,0x2,20.9400005,26.2024956,0.0526411086,0.0909759775,3.14172103e-05,30,1.046,3,0.1135556532519099,58735.3325579,0.1135556532519099,18.7619781,18.7619781
399,695211400071731,98138406,2458735.887856672,58735.3840625,18.7925034,0.0624215528,0,zr,10.9666718,41.2640149,1.69000006,0.199000001,20190909384005,695,0xb,0x4,21.3400002,26.3097343,0.02838891,0.0995603502,6.90551724e-06,30,1.00899994,2,0.11040751624679172,58735.3840625,0.11040751624679172,18.792503400000008,18.792503400000008
400,695211400071731,98138496,2458735.8887595185,58735.3849653,18.7994881,0.0627678335,0,zr,10.9667067,41.2640318,2.38199997,0.238000005,20190909384965,695,0xb,0x4,21.3600006,26.3006897,0.0265301187,0.0995662883,6.04941488e-06,30,1.00800002,1,0.10969952826362374,58735.3849653,0.10969952826362374,18.799488099999998,18.799488099999998
401,1735201200131033,98238790,2458736.891753095,58736.3879051,18.7686882,0.0723799691,0,zr,10.9666832,41.2640167,1.00699997,0.136000007,20190910387905,1735,0x1,0x2,20.8600006,26.1907387,0.0389361717,0.0959436595,1.69702089e-05,30,1.01999998,2,0.11285601732357456,58736.3879051,0.11285601732357456,18.768688200000007,18.768688200000007
402,1735201200131033,98238836,2458736.8922161204,58736.3883681,18.817646,0.0750102177,0,zr,10.9666775,41.2640159,1.11600006,0.147,20190910388356,1735,0x1,0x2,20.9599991,26.2496929,0.0442653373,0.0941026658,2.21207338e-05,30,1.01999998,3,0.1078801644972678,58736.3883681,0.1078801644972678,18.817646000000003,18.817646000000003
403,695211400071731,98241229,2458736.9161409857,58736.4122917,18.8405285,0.0648433045,0,zr,10.9667151,41.2640283,1.91700006,0.207000002,20190910412280,695,0xb,0x4,20.9699993,26.2794247,0.0219721515,0.103315771,4.15609611e-06,30,1.01499999,2,0.10563032110472555,58736.4122917,0.10563032110472555,18.840528499999998,18.840528499999998
404,695211400071731,98332828,2458737.8321844367,58737.328287,18.7691116,0.0612763129,0,zr,10.9666571,41.2640078,1.10000002,0.0240000002,20190911328218,695,0xb,0x4,20.3600006,26.27141,0.0233764555,0.102625132,4.7071353e-06,30,1.051,2,0.11281201591529402,58737.328287,0.11281201591529402,18.769111599999995,18.769111599999995
405,1735201200131033,98434914,2458738.8530935417,58738.3491435,18.8403549,0.0762629956,0,zr,10.9667105,41.2640355,1.21200001,0.122000001,20190912349144,1735,0x1,0x2,20.3899994,26.18713,0.0334286466,0.106341951,1.25900588e-05,30,1.02400005,2,0.10564721184645537,58738.3491435,0.10564721184645537,18.8403549,18.8403549
406,1735201200131033,98434959,2458738.8535449635,58738.3495949,18.8048496,0.0743134096,0,zr,10.966731,41.2640402,1.50300002,0.061999999,20190912349595,1735,0x1,0x2,20.5300007,26.1756268,0.0291620269,0.101555355,9.59948648e-06,30,1.02400005,3,0.10915915370773245,58738.3495949,0.10915915370773245,18.804849600000004,18.804849600000004
407,695211400071731,98435865,2458738.8626079303,58738.3586574,18.9169636,0.0688994825,0,zr,10.9666694,41.2640193,0.602999985,0.100000001,20190912358449,695,0xb,0x4,20.6800003,26.2687683,0.0243843962,0.105571337,5.11024336e-06,30,1.01600003,2,0.09844973693304725,58738.3586574,0.09844973693304725,18.916963599999995,18.916963599999995
408,695211400071731,98438662,2458738.890572356,58738.3866204,18.8103542,0.0633105263,0,zr,10.9666695,41.2640261,1.39900005,0.158000007,20190912386620,695,0xb,0x4,20.7600002,26.2775192,0.0217208136,0.0939734429,4.06136769e-06,30,1.00800002,1,0.10860712565135507,58738.3866204,0.10860712565135507,18.8103542,18.8103542
409,695211400071731,98438753,2458738.891486702,58738.3875347,18.9175472,0.0689314529,0,zr,10.9666903,41.2640187,1.59000003,0.187999994,20190912387535,695,0xb,0x4,20.7800007,26.2763519,0.025389744,0.0984013453,5.57589192e-06,30,1.00800002,3,0.09839683289665119,58738.3875347,0.09839683289665119,18.917547199999994,18.917547199999994
410,1735201200131033,98533802,2458739.842020702,58739.3380208,19.0184631,0.0868304074,0,zr,10.9667726,41.2641042,1.03600001,-0.0939999968,20190913338021,1735,0x1,0x2,20.2099991,26.1770058,0.0313738249,0.0811442658,1.10627243e-05,30,1.02999997,2,0.08966330851583539,58739.3380208,0.08966330851583539,19.018463099999998,19.018463099999998
411,1735201200131033,98535224,2458739.856246023,58739.3522454,18.7814388,0.0730557516,0,zr,10.9666756,41.2640143,0.949999988,0.061999999,20190913352153,1735,0x1,0x2,20.3500004,26.1748028,0.02992603,0.105090261,1.01528449e-05,30,1.02199996,3,0.11153841789637035,58739.3522454,0.11153841789637035,18.781438799999997,18.781438799999997
412,1735201200131033,98642053,2458740.9245856605,58740.4205324,19.0320511,0.0876917019,0,zr,10.9666658,41.263997,0.716000021,0.0979999974,20190914420509,1735,0x1,0x2,20.2000008,26.1584663,0.0296413079,0.0879579857,1.00127936e-05,30,1.05599999,2,0.08854816384711105,58740.4205324,0.08854816384711105,19.032051099999997,19.032051099999997
413,1735201200131033,98642097,2458740.9250254817,58740.4209722,18.9796257,0.0844122618,0,zr,10.9666828,41.2639883,0.828999996,0.0549999997,20190914420972,1735,0x1,0x2,20.2000008,26.1460533,0.0302530546,0.0951927304,1.04213696e-05,30,1.05700004,3,0.09292866966854114,58740.4209722,0.09292866966854114,18.979625700000007,18.979625700000007
414,695211400071731,98643880,2458740.942862044,58740.4388079,19.1045685,0.0799728483,0,zr,10.9666218,41.2640118,0.629000008,0.119999997,20190914438275,695,0xb,0x4,20.1900005,26.2536297,0.0269515738,0.104071893,6.15246108e-06,30,1.05799997,3,0.08282712750039516,58740.4388079,0.08282712750039516,19.104568499999992,19.104568499999992
415,1735201200131033,98736692,2458741.8710201294,58741.3669213,18.8378963,0.0761263743,0,zr,10.9667147,41.2640032,1.18200004,0.226999998,20190915366921,1735,0x1,0x2,20.1800003,26.1549759,0.028831346,0.0904055834,9.53621111e-06,30,1.01900005,2,0.10588671619888321,58741.3669213,0.10588671619888321,18.837896300000004,18.837896300000004
416,1735201200131033,98736737,2458741.8714715494,58741.3673727,18.9021339,0.0797781646,0,zr,10.9666979,41.2640339,0.913999975,0.148000002,20190915367361,1735,0x1,0x2,20.2299995,26.1602077,0.0324519016,0.0946662426,1.20124387e-05,30,1.01900005,3,0.09980365355911586,58741.3673727,0.09980365355911586,18.902133900000003,18.902133900000003
417,695211400071731,98742483,2458741.928939575,58741.424838,18.8246193,0.064030394,0,zr,10.9667119,41.26403,0.43900001,0.0549999997,20190915424838,695,0xb,0x4,20.2800007,26.2228546,0.0268857032,0.102641881,6.21546087e-06,30,1.04100001,3,0.10718950861348703,58741.424838,0.10718950861348703,18.824619300000002,18.824619300000002
418,695211400071731,98742582,2458741.929923421,58741.4258218,18.943161,0.0703484863,0,zr,10.9666762,41.2640467,1.55799997,0.122000001,20190915425787,695,0xb,0x4,20.3500004,26.2489929,0.0264633298,0.0993890986,6.00923477e-06,30,1.04200006,2,0.09610270236349493,58741.4258218,0.09610270236349493,18.943160999999996,18.943160999999996
419,695211400071731,98742672,2458741.930826165,58741.4267245,18.8855133,0.067199938,0,zr,10.9666648,41.2640353,1.16700006,0.112999998,20190915426725,695,0xb,0x4,20.2099991,26.2405453,0.0307828579,0.108093284,8.08622281e-06,30,1.04299998,1,0.1013432155415473,58741.4267245,0.1013432155415473,18.885513300000007,18.885513300000007
420,695211400071731,98936333,2458743.8675249023,58743.3633333,18.8320885,0.0644107312,0,zr,10.9666837,41.2639458,1.06799996,0.224000007,20190917363299,695,0xb,0x4,19.9699993,26.2441425,0.0289200917,0.111637622,7.17800594e-06,30,1.00800002,3,0.10645464107268796,58743.3633333,0.10645464107268796,18.832088500000005,18.832088500000005
421,695211400071731,98936471,2458743.8689022576,58743.3647106,18.9277534,0.0694926381,0,zr,10.9667063,41.2640486,0.691999972,0.144999996,20190917364687,695,0xb,0x4,20.2600002,26.2694931,0.0249932706,0.0937317759,5.33830462e-06,30,1.00800002,2,0.09747621114136626,58743.3647106,0.09747621114136626,18.927753399999993,18.927753399999993
422,695211400071731,99037431,2458744.878553912,58744.3743171,18.8450508,0.0650763437,0,zr,10.9667338,41.2640206,1.15499997,0.182999998,20190918374282,695,0xb,0x4,20.5799999,26.2688446,0.025758395,0.096365355,5.70205293e-06,30,1.00899994,2,0.10519126552259243,58744.3743171,0.10519126552259243,18.845050800000003,18.845050800000003
423,695211400071731,99037521,2458744.8794567534,58744.3752199,18.9014378,0.0680550486,0,zr,10.9667243,41.2640052,0.453000009,0.0219999999,20190918375220,695,0xb,0x4,20.5400009,26.2860527,0.0237497669,0.0927759558,4.8355646e-06,30,1.00899994,1,0.09986766137102908,58744.3752199,0.09986766137102908,18.901437800000004,18.901437800000004
424,1735201200131033,99040399,2458744.90823122,58744.4039931,18.7714024,0.0725232884,0,zr,10.966642,41.2640051,0.433999985,-0.064000003,20190918403993,1735,0x1,0x2,19.9599991,26.1210041,0.030116152,0.0947578475,1.02539198e-05,30,1.04900002,3,0.11257424423054287,58744.4039931,0.11257424423054287,18.771402399999992,18.771402399999992
425,695211400071731,99135124,2458745.8555293595,58745.35125,18.9008217,0.068021819,0,zr,10.9666557,41.2640781,0.89200002,-0.100000001,20190919351250,695,0xb,0x4,20.3999996,26.2803822,0.0271147527,0.11830543,6.27074451e-06,30,1.00999999,3,0.09992434726428603,58745.35125,0.09992434726428603,18.9008217,18.9008217
426,695211400071731,99135219,2458745.8564785016,58745.3521991,18.8777885,0.0667890906,0,zr,10.9666913,41.2640531,1.39699996,0.165000007,20190919352176,695,0xb,0x4,20.7199993,26.2834721,0.0216639061,0.0950538144,3.96632049e-06,30,1.00999999,2,0.1020668237422667,58745.3521991,0.1020668237422667,18.8777885,18.8777885
427,1735201200131033,99139121,2458745.8954963777,58745.3912153,18.8532219,0.0769822001,0,zr,10.9666722,41.264013,1.42999995,0.108999997,20190919391215,1735,0x1,0x2,20.4400005,26.1904869,0.036568135,0.112492345,1.50493297e-05,30,1.03799999,2,0.1044025821399039,58745.3912153,0.1044025821399039,18.8532219,18.8532219
428,1735201200131033,99139166,2458745.89594779,58745.3916667,18.9341316,0.0816610828,0,zr,10.9667221,41.2641099,1.16100001,-0.064000003,20190919391667,1735,0x1,0x2,20.3799992,26.1553612,0.0308289938,0.102412947,1.06757507e-05,30,1.03799999,3,0.09690526198218574,58745.3916667,0.09690526198218574,18.934131599999994,18.934131599999994
429,695211400071731,99340363,2458747.907999324,58747.4036343,18.9320965,0.0697328076,0,zr,10.9666857,41.2640626,0.851000011,0.0890000015,20190921403611,695,0xb,0x4,21.0400009,26.2617359,0.0221651178,0.101453751,4.23991605e-06,30,1.03499997,2,0.0970870711914222,58747.4036343,0.0970870711914222,18.932096499999993,18.932096499999993
430,695211400071731,99342121,2458747.925581034,58747.4212153,18.9577522,0.0711688772,0,zr,10.9667,41.2639996,1.05200005,0.128000006,20190921421215,695,0xb,0x4,20.8799992,26.245409,0.0210945848,0.101215877,3.82607868e-06,30,1.05999994,1,0.09481981857073825,58747.4212153,0.09481981857073825,18.95775220000001,18.95775220000001
431,695211400071731,99342215,2458747.926518569,58747.4221528,18.8623238,0.0659742877,0,zr,10.9666811,41.2640439,0.723999977,0.0790000036,20190921422130,695,0xb,0x4,21.0,26.2642841,0.0228089262,0.0953092948,4.49421168e-06,30,1.06200004,3,0.10353101695972004,58747.4221528,0.10353101695972004,18.862323800000006,18.862323800000006
432,695211400071731,99342893,2458747.93330124,58747.4289352,18.9174767,0.068927601,0,zr,10.9666533,41.2640612,0.660000026,0.00200000009,20190921428912,695,0xb,0x4,20.7399998,26.2451172,0.023617059,0.108428359,4.81974939e-06,30,1.074,2,0.09840322229576269,58747.4289352,0.09840322229576269,18.9174767,18.9174767
433,695211400071731,99345048,2458747.9548530043,58747.4504861,18.8906555,0.0674748942,0,zr,10.9666703,41.2640121,0.331999987,0.0130000003,20190921450463,695,0xb,0x4,20.6599998,26.2325115,0.0216926057,0.110769063,4.05237233e-06,30,1.125,2,0.10086437458471088,58747.4504861,0.10086437458471088,18.8906555,18.8906555
434,695211400071731,99430703,2458748.8114381167,58748.307037,18.8705978,0.0664089471,0,zr,10.966626,41.2640107,1.85599995,0.150000006,20190922307025,695,0xb,0x4,20.9699993,26.2065468,0.0234783255,0.104438014,4.71243675e-06,30,1.03900003,2,0.10274504341642368,58748.307037,0.10274504341642368,18.870597800000006,18.870597800000006
435,695211400071731,99431552,2458748.8199222507,58748.3155208,18.8299026,0.0642991662,0,zr,10.9666796,41.264031,1.88100004,0.261999995,20190922315440,695,0xb,0x4,21.1800003,26.2890148,0.0218746476,0.102255814,4.08402366e-06,30,1.02900004,2,0.10666918084898729,58748.3155208,0.10666918084898729,18.829902600000004,18.829902600000004
436,695211400071731,99433671,2458748.8411152875,58748.336713,18.9626503,0.0714464411,32768,zr,10.9666897,41.2640419,1.82299995,0.074000001,20190922336528,695,0xb,0x4,20.3600006,25.7643871,0.030334536,0.100793406,7.87638783e-06,30,1.01300001,2,0.09439301976474515,58748.336713,0.09439301976474515,18.9626503,18.9626503
437,695211400071731,99525281,2458749.7572502918,58749.2528125,18.8572922,0.0657113791,0,zr,10.9666794,41.2640826,0.690999985,0.023,20190923252708,695,0xb,0x4,21.1100006,26.2313862,0.0260522328,0.106716067,5.80436108e-06,30,1.14900005,2,0.10401192161049753,58749.2528125,0.10401192161049753,18.857292199999996,18.857292199999996
438,695211400071731,99528380,2458749.7882468933,58749.2838079,18.877243,0.0667601377,0,zr,10.9666855,41.2640368,1.68499994,0.197999999,20190923283762,695,0xb,0x4,21.2800007,26.2560768,0.0294089857,0.10393203,7.43042347e-06,30,1.07200003,2,0.10211811745550642,58749.2838079,0.10211811745550642,18.877243,18.877243
439,695211400071731,99530736,2458749.811800999,58749.3073611,18.8441601,0.0650303289,0,zr,10.9667371,41.2640373,1.87,0.240999997,20190923307350,695,0xb,0x4,21.2000008,26.2321587,0.0233404767,0.10703174,4.6889063e-06,30,1.03499997,2,0.10527759616339152,58749.3073611,0.10527759616339152,18.844160100000003,18.844160100000003
440,695211400071731,99630518,2458750.809662543,58750.3051852,19.0925179,0.079211548,0,zr,10.966641,41.2640878,1.44700003,0.153999999,20190924305127,695,0xb,0x4,21.1100006,26.2257423,0.021973189,0.0977201834,4.13841099e-06,30,1.03400004,2,0.08375154743064324,58750.3051852,0.08375154743064324,19.092517899999997,19.092517899999997
441,695211400071731,99631699,2458750.821468482,58750.3169907,18.8559494,0.0656414255,0,zr,10.9667558,41.2640474,1.69599998,0.187999994,20190924316782,695,0xb,0x4,20.9699993,26.199955,0.0226797201,0.0989015177,4.41693464e-06,30,1.02199996,2,0.10414063944367272,58750.3169907,0.10414063944367272,18.855949400000007,18.855949400000007
442,695211400071731,99632512,2458750.8296053843,58750.3251273,18.8417511,0.0649062395,0,zr,10.9666847,41.264047,0.839999974,0.0900000036,20190924325104,695,0xb,0x4,20.9300003,26.1938076,0.0209017508,0.105397679,3.75431341e-06,30,1.01600003,1,0.10551144236990187,58750.3251273,0.10551144236990187,18.841751100000003,18.841751100000003
443,695211400071731,99728354,2458751.788054537,58751.2835417,18.9735718,0.0720692351,0,zr,10.9667084,41.2640009,0.675000012,0.170000002,20190925283495,695,0xb,0x4,21.1599998,26.2339649,0.0207275841,0.102205649,3.70757425e-06,30,1.06200004,2,0.093448273070108,58751.2835417,0.093448273070108,18.973571799999995,18.973571799999995
444,695211400071731,99729300,2458751.797522478,58751.2930093,18.9375172,0.0700337738,0,zr,10.9666906,41.2640124,1.23199999,0.0719999969,20190925292674,695,0xb,0x4,21.2600002,26.2460537,0.0211727079,0.0996317863,3.88374838e-06,30,1.04700005,2,0.09660355751402898,58751.2930093,0.09660355751402898,18.937517199999995,18.937517199999995
445,695211400071731,99731931,2458751.823831222,58751.3193171,19.0116653,0.0742842704,0,zr,10.9666118,41.2640194,1.98500001,0.0829999968,20190925319213,695,0xb,0x4,21.0699997,26.2309246,0.0252848491,0.102514595,5.5233445e-06,30,1.01800001,2,0.09022645203737807,58751.3193171,0.09022645203737807,19.011665299999997,19.011665299999997
446,695211400071731,100239571,2458756.9003957966,58756.3957176,18.8620605,0.0659604743,0,zr,10.9667034,41.2640335,1.48099995,0.00700000022,20190930395440,695,0xb,0x4,20.9899998,26.2927017,0.0194212571,0.0852583721,3.28786587e-06,30,1.05900002,2,0.10355612713129425,58756.3957176,0.10355612713129425,18.862060500000005,18.862060500000005
447,695211400071731,100430950,2458758.8142335177,58758.3095023,18.817379,0.0636639893,0,zr,10.9666936,41.2640396,1.08299994,0.158999994,20191002309444,695,0xb,0x4,21.3700008,26.309166,0.0310619697,0.101630963,8.37013067e-06,30,1.01199996,2,0.10790669722756646,58758.3095023,0.10790669722756646,18.817378999999995,18.817378999999995
448,695211400071731,100431784,2458758.8225786397,58758.3178472,18.8025436,0.0629199445,0,zr,10.9666889,41.2640277,1.95500004,0.153999999,20191002317847,695,0xb,0x4,21.4400005,26.3263264,0.0204920284,0.0941470191,3.64225389e-06,30,1.00899994,1,0.109391243705642,58758.3178472,0.109391243705642,18.8025436,18.8025436
449,695211400071731,100431874,2458758.823481461,58758.31875,18.861372,0.0659244955,0,zr,10.9666917,41.2640557,2.1789999,0.100000001,20191002318750,695,0xb,0x4,21.2900009,26.3159866,0.0218126029,0.1007763,4.11589099e-06,30,1.00899994,2,0.1036218162041017,58758.31875,0.1036218162041017,18.861371999999996,18.861371999999996
450,695211400071731,100431971,2458758.8244420863,58758.3197106,18.834919,0.0645554438,0,zr,10.9666901,41.2640639,1.11500001,0.0309999995,20191002319676,695,0xb,0x4,21.2700005,26.2946224,0.0263377633,0.102510169,6.04571187e-06,30,1.00899994,3,0.10617747666307153,58758.3197106,0.10617747666307153,18.834919000000006,18.834919000000006
451,695211400071731,100630105,2458760.805834327,58760.3010532,18.9376755,0.0700425878,0,zr,10.9666588,41.2640145,1.06099999,0.107000001,20191004300984,695,0xb,0x4,21.0100002,26.2783585,0.0238749888,0.109878011,4.89963804e-06,30,1.01400006,2,0.09658947377220141,58760.3010532,0.09658947377220141,18.937675500000005,18.937675500000005
452,695211400071731,100632219,2458760.826980728,58760.3221991,18.8238983,0.0639938489,0,zr,10.966704,41.2640281,1.31599998,0.063000001,20191004322164,695,0xb,0x4,21.1399994,26.2749786,0.0220757071,0.103832327,4.21658751e-06,30,1.00800002,2,0.10726071311210458,58760.3221991,0.10726071311210458,18.823898300000003,18.823898300000003
453,695211400071731,100632310,2458760.827883549,58760.3231019,18.8156204,0.0635753274,0,zr,10.9666942,41.2640378,1.92799997,0.188999996,20191004323090,695,0xb,0x4,21.0799999,26.2687263,0.022861585,0.108570442,4.50352672e-06,30,1.00800002,3,0.1080816186161758,58760.3231019,0.1080816186161758,18.815620399999993,18.815620399999993
454,695211400071731,100734190,2458761.8467147565,58761.3419097,18.8187828,0.0637348294,0,zr,10.9666596,41.2640443,1.67900002,0.0829999968,20191005341840,695,0xb,0x4,20.9799995,26.261961,0.0235782024,0.108466528,4.74603257e-06,30,1.01400006,2,0.10776726968004564,58761.3419097,0.10776726968004564,18.8187828,18.8187828
455,695211400071731,100734285,2458761.8476638785,58761.3428588,18.8205566,0.0638245121,0,zr,10.966688,41.2640221,1.66199994,0.179000005,20191005342836,695,0xb,0x4,21.2099991,26.2937183,0.0219045896,0.0958359465,4.10503662e-06,30,1.01400006,1,0.10759135078080766,58761.3428588,0.10759135078080766,18.820556599999996,18.820556599999996
456,695211400071731,100734379,2458761.848601399,58761.3437963,18.940239,0.0701853633,0,zr,10.9666323,41.2640284,1.81500006,0.202000007,20191005343773,695,0xb,0x4,21.1700001,26.2759953,0.0231690463,0.0994899943,4.56910493e-06,30,1.01499999,3,0.09636168820523912,58761.3437963,0.09636168820523912,18.940239,18.940239
457,695211400071731,100736077,2458761.8655809737,58761.3607755,18.8090057,0.0632429272,0,zr,10.9666622,41.2640294,1.86399996,0.217999995,20191005360775,695,0xb,0x4,21.0100002,26.2711773,0.0222760942,0.101236828,4.25485541e-06,30,1.02900004,2,0.10874210106862148,58761.3607755,0.10874210106862148,18.809005699999993,18.809005699999993
458,695211400071731,100739706,2458761.9018664663,58761.3970602,18.8179798,0.0636943206,0,zr,10.9666832,41.2640343,1.477,0.112000003,20191005396586,695,0xb,0x4,21.0400009,26.2642117,0.0222223289,0.0989131406,4.25690087e-06,30,1.08800006,2,0.1078470027920784,58761.3970602,0.1078470027920784,18.817979799999996,18.817979799999996
459,695211400071731,100931494,2458763.819788437,58763.3149421,18.8541641,0.065548487,0,zr,10.966675,41.2640445,1.68499994,0.119999997,20191007314444,695,0xb,0x4,21.3400002,26.3261814,0.0282459017,0.0960418433,6.80635503e-06,30,1.00800002,2,0.10431202105981345,58763.3149421,0.10431202105981345,18.8541641,18.8541641
460,695211400071731,100934637,2458763.851224247,58763.3463773,18.9662094,0.0716488212,0,zr,10.9666585,41.2640596,0.768999994,-0.0359999985,20191007346354,695,0xb,0x4,20.8199997,26.2728462,0.0239404347,0.113419667,4.91023229e-06,30,1.02100003,3,0.09408410111705527,58763.3463773,0.09408410111705527,18.966209400000004,18.966209400000004
461,695211400071731,100934731,2458763.8521617674,58763.3473148,18.8719006,0.0664776638,0,zr,10.9667067,41.2640191,1.84099996,0.185000002,20191007347292,695,0xb,0x4,21.25,26.2858505,0.0205100887,0.0953761265,3.60381705e-06,30,1.02199996,2,0.1026218311983127,58763.3473148,0.1026218311983127,18.871900599999996,18.871900599999996
462,695211400071731,100936357,2458763.868423679,58763.3635764,18.9382362,0.0700737834,0,zr,10.9666771,41.2640417,1.40400004,0.180000007,20191007363472,695,0xb,0x4,21.2600002,26.28508,0.020954648,0.100999311,3.76278626e-06,30,1.03900003,2,0.09653960554827526,58763.3635764,0.09653960554827526,18.9382362,18.9382362
463,695211400071731,101013076,2458764.635625647,58764.1307639,18.8767719,0.0667351931,0,zr,10.9666938,41.2640165,1.53799999,0.172999993,20191008130694,695,0xb,0x4,20.6900005,26.1737518,0.0253413562,0.108621076,5.46833189e-06,30,1.60599995,1,0.1021624360325309,58764.1307639,0.1021624360325309,18.8767719,18.8767719
464,695211400071731,101041222,2458764.9170891354,58764.4122222,18.9052258,0.0682601258,0,zr,10.9667246,41.2640302,2.171,0.301999986,20191008412199,695,0xb,0x4,21.4099998,26.3018589,0.0292045958,0.0939133987,7.25949531e-06,30,1.14900005,2,0.09951984249237167,58764.4122222,0.09951984249237167,18.905225800000004,18.905225800000004
465,695211400071731,101042123,2458764.926105492,58764.4212384,18.8852921,0.0671881065,0,zr,10.9666947,41.2640393,0.623000026,-0.0480000004,20191008421215,695,0xb,0x4,20.8099995,26.3115902,0.0286158212,0.121986046,7.03102114e-06,30,1.17900002,2,0.10136386457478828,58764.4212384,0.10136386457478828,18.885292100000008,18.885292100000008
466,695211400071731,101044518,2458764.9500527065,58764.4451852,18.8029461,0.0629400238,0,zr,10.9667193,41.2640437,1.454,0.114,20191008445069,695,0xb,0x4,21.2800007,26.2660904,0.0244765319,0.0981481895,5.13377245e-06,30,1.27900004,2,0.10935069811538173,58764.4451852,0.10935069811538173,18.802946100000007,18.802946100000007
467,695211400071731,101113094,2458765.6358285854,58765.1309491,18.9010715,0.0680352747,0,zr,10.966719,41.2640413,1.98899996,0.209000006,20191009130891,695,0xb,0x4,20.8099995,26.2129765,0.0238940753,0.0978381857,4.90565026e-06,30,1.58000004,1,0.0999013598842921,58765.1309491,0.0999013598842921,18.901071499999993,18.901071499999993
468,695211400071731,101137581,2458765.880693885,58765.3758102,18.9223785,0.0691965297,0,zr,10.9666978,41.2640741,2.03999996,0.0130000003,20191009375532,695,0xb,0x4,20.9699993,26.2861843,0.0199513976,0.0918248072,3.44309092e-06,30,1.06700003,2,0.09795996019912415,58765.3758102,0.09795996019912415,18.9223785,18.9223785
469,695211400071731,101139957,2458765.9044558727,58765.3995718,18.9194756,0.0690371543,0,zr,10.9666847,41.2640133,1.28600001,0.0850000009,20191009399537,695,0xb,0x4,20.9599991,26.2711964,0.0222986322,0.0970629528,4.28726798e-06,30,1.12100005,2,0.09822222322328591,58765.3995718,0.09822222322328591,18.91947559999999,18.91947559999999
470,695211400071731,101142500,2458765.9298844784,58765.425,19.0034161,0.0737989172,0,zr,10.9666933,41.2640583,2.30699992,0.160999998,20191009424919,695,0xb,0x4,21.25,26.2939548,0.0256779548,0.0959480181,5.68913902e-06,30,1.20299995,2,0.09091458486692025,58765.425,0.09091458486692025,19.003416100000003,19.003416100000003
471,695211400071731,101212172,2458766.626620176,58766.1217245,18.7845058,0.0620274991,0,zr,10.9667976,41.2640478,0.973999977,-0.0109999999,20191010121620,695,0xb,0x4,20.0,26.1855774,0.0284775794,0.105553135,6.90821298e-06,30,1.64100003,2,0.1112237874978259,58766.1217245,0.1112237874978259,18.784505799999998,18.784505799999998
472,695211400071731,101213068,2458766.635578725,58766.1306829,18.7495995,0.0603379197,0,zr,10.9667322,41.2640202,0.634000003,0.0799999982,20191010130625,695,0xb,0x4,19.7099991,26.1827984,0.0325514823,0.111797661,8.97432255e-06,30,1.55799997,1,0.1148577223790464,58766.1306829,0.1148577223790464,18.749599499999995,18.749599499999995
473,695211400071731,101313087,2458767.6357903727,58767.1308796,18.9514084,0.0708110556,0,zr,10.96673,41.2639985,0.933000028,-0.0520000011,20191011130822,695,0xb,0x4,19.3600006,26.1459217,0.0438184328,0.113887846,1.70990261e-05,30,1.53299999,1,0.09537545877255488,58767.1308796,0.09537545877255488,18.9514084,18.9514084
474,695211400071731,101320238,2458767.707296152,58767.2023843,18.8806496,0.0669409484,0,zr,10.9671208,41.2638229,0.462000012,0.264999986,20191011202373,695,0xb,0x4,19.1100006,26.223156,0.0408571325,0.0985966697,1.73904482e-05,30,1.153,2,0.10179821433219559,58767.2023843,0.10179821433219559,18.880649600000005,18.880649600000005
475,695211400071731,101351475,2458768.0196729964,58767.5147569,18.9410706,0.0702317879,0,zr,10.9667327,41.264017,1.699,0.363999993,20191011514734,695,0xb,0x4,20.0799999,26.1434631,0.0268326905,0.110113107,6.00504518e-06,30,1.95700002,2,0.09628790997194919,58767.5147569,0.09628790997194919,18.941070599999996,18.941070599999996
476,695211400071731,101413108,2458768.636012311,58768.131088,19.080471,0.0784575343,0,zr,10.9667311,41.2640918,0.755999982,0.00899999961,20191012131019,695,0xb,0x4,19.9699993,26.1945152,0.0286696907,0.106395945,7.01769795e-06,30,1.50899994,1,0.08468599606387682,58768.131088,0.08468599606387682,19.080470999999996,19.080470999999996
477,695211400071731,101418690,2458768.6918347697,58768.1869097,18.9252052,0.069352068,0,zr,10.9666504,41.2640414,0.744000018,0.0199999996,20191012186806,695,0xb,0x4,19.8700008,26.2449532,0.0287996028,0.0799055398,7.09571577e-06,30,1.19700003,2,0.09770525443019051,58768.1869097,0.09770525443019051,18.9252052,18.9252052
478,695211400071731,101419510,2458768.700029378,58768.1951042,18.910984,0.068572998,0,zr,10.9667017,41.2640669,0.791000009,0.108000003,20191012195000,695,0xb,0x4,20.0200005,26.2487984,0.0285316706,0.0879081413,6.92164849e-06,30,1.16799998,2,0.09899343631849754,58768.1951042,0.09899343631849754,18.910984000000006,18.910984000000006
479,695211400071731,101513062,2458769.635561452,58769.130625,19.0767593,0.0782266855,0,zr,10.966859,41.2638778,0.486000001,0.172000006,20191013130567,695,0xb,0x4,19.5799999,26.181963,0.0408756509,0.105091609,1.45664762e-05,30,1.49199998,1,0.08497599920265499,58769.130625,0.08497599920265499,19.0767593,19.0767593
480,695211400071731,101533700,2458769.8419411406,58769.3370023,19.0634193,0.0774022713,0,zr,10.9666712,41.2640328,0.351000011,0.0399999991,20191013336736,695,0xb,0x4,20.0,26.2574749,0.0271377247,0.103897966,6.36773211e-06,30,1.02699995,2,0.08602650516416448,58769.3370023,0.08602650516416448,19.0634193,19.0634193
481,695211400071731,101536118,2458769.8661197037,58769.3611806,18.9369354,0.0700014085,0,zr,10.9666606,41.2640055,0.781000018,0.112999998,20191013361042,695,0xb,0x4,20.0599995,26.2514,0.0288322959,0.104450531,7.15255692e-06,30,1.05999994,2,0.09665533713679679,58769.3611806,0.09665533713679679,18.936935400000003,18.936935400000003
482,695211400071731,101537653,2458769.8814786645,58769.3765394,18.9834919,0.0726395994,0,zr,10.9666572,41.2640507,0.735000014,0.116999999,20191013376424,695,0xb,0x4,20.0699997,26.2369576,0.0316654257,0.105716452,8.64228787e-06,30,1.09099996,2,0.0925983482720155,58769.3765394,0.0925983482720155,18.983491899999997,18.983491899999997
483,695211400071731,101613170,2458770.636648576,58770.1317014,18.8079414,0.0631896034,0,zr,10.9665812,41.2639948,0.694000006,0.101000004,20191014131632,695,0xb,0x4,19.7900009,26.1711922,0.0318772271,0.106332988,8.73570207e-06,30,1.46300006,1,0.10884874848519413,58770.1317014,0.10884874848519413,18.807941399999997,18.807941399999997
484,695211400071731,101625907,2458770.764022608,58770.2590741,18.9380226,0.0700618997,0,zr,10.9666196,41.2640295,1.25600004,0.270000011,20191014259005,695,0xb,0x4,19.9099998,26.2462349,0.0323106684,0.117124423,8.97004247e-06,30,1.02499998,2,0.09655859993032505,58770.2590741,0.09655859993032505,18.938022600000004,18.938022600000004
485,695211400071731,101627428,2458770.77923106,58770.2742824,19.0361786,0.0757453442,0,zr,10.966689,41.2640421,1.18700004,0.219999999,20191014273935,695,0xb,0x4,20.0,26.2521515,0.0282795448,0.108082294,6.88572163e-06,30,1.01400006,2,0.0882121810174047,58770.2742824,0.0882121810174047,19.036178599999992,19.036178599999992
486,695211400071731,101713166,2458771.6366231814,58771.1316667,19.0685921,0.0777209848,0,zr,10.9666611,41.2639851,0.319000006,-0.0869999975,20191015131609,695,0xb,0x4,19.5200005,26.171917,0.0365808345,0.110970959,1.16508081e-05,30,1.44299996,1,0.08561762174648421,58771.1316667,0.08561762174648421,19.068592099999996,19.068592099999996
487,695211400071731,101726107,2458771.7660340485,58771.2610764,18.886034,0.0672277436,0,zr,10.9666877,41.2640122,0.35800001,0.0209999997,20191015260764,695,0xb,0x4,20.0599995,26.2384624,0.0286344122,0.10478761,7.08145808e-06,30,1.02100003,2,0.10129462476923788,58771.2610764,0.10129462476923788,18.886034000000002,18.886034000000002
488,695211400071731,101727603,2458771.780987876,58771.2760301,18.7912941,0.0623617657,0,zr,10.9666751,41.2640102,1.31400001,0.216000006,20191015275995,695,0xb,0x4,19.9799995,26.2482395,0.0290585421,0.106188521,7.25518157e-06,30,1.01199996,2,0.11053055736102592,58771.2760301,0.11053055736102592,18.791294099999995,18.791294099999995
489,695211400071731,101737626,2458771.8812201875,58771.3762616,18.9084415,0.0684347153,0,zr,10.966677,41.2640281,0.363000005,0.00600000005,20191015375741,695,0xb,0x4,19.6800003,26.2442455,0.0339099504,0.0985804722,9.87022395e-06,30,1.10300004,2,0.09922552375994473,58771.3762616,0.09922552375994473,18.908441500000002,18.908441500000002
490,695211400071731,101813186,2458772.636827764,58772.1318634,18.8862782,0.0672407821,0,zr,10.9666734,41.264045,1.74899995,0.148000002,20191016131794,695,0xb,0x4,20.2900009,26.1973038,0.0272689927,0.104791589,6.34024536e-06,30,1.42299998,1,0.10127184449748797,58772.1318634,0.10127184449748797,18.8862782,18.8862782
491,695211400071731,101913175,2458773.6367301247,58773.1317593,19.0391312,0.0759232417,32768,zr,10.9666404,41.2640285,0.684000015,0.0130000003,20191017131690,695,0xb,0x4,20.1800003,25.6365967,0.0296528619,0.0998640731,7.50165646e-06,30,1.40600002,1,0.08797261872002711,58773.1317593,0.08797261872002711,19.039131200000007,19.039131200000007
492,695211400071731,102013206,2458774.6370360614,58774.1320602,18.6367531,0.0552022085,0,zr,10.9667294,41.2640186,0.734000027,-0.00200000009,20191018132002,695,0xb,0x4,20.0699997,26.2205448,0.0294245202,0.105464578,7.37056962e-06,30,1.38600004,1,0.12743794510685344,58774.1320602,0.12743794510685344,18.6367531,18.6367531
493,695211400071731,102113178,2458775.6367618614,58775.1317824,18.7150078,0.0587114915,0,zr,10.9666471,41.2640276,1.83700001,0.131999999,20191019131713,695,0xb,0x4,20.8899994,26.0775719,0.0280793272,0.100691259,6.75845467e-06,30,1.37100005,1,0.11857602295574142,58775.1317824,0.11857602295574142,18.715007800000002,18.715007800000002
494,695211400071731,102213157,2458776.6365557294,58776.1315741,18.7416115,0.0599581301,0,zr,10.966646,41.2640202,1.94599998,0.162,20191020131505,695,0xb,0x4,21.0400009,26.2331104,0.0227162298,0.100810856,4.40674421e-06,30,1.35599995,1,0.11570587208472966,58776.1315741,0.11570587208472966,18.741611499999998,18.741611499999998
495,695211400071731,102313197,2458777.6369615654,58777.1319792,18.7054253,0.0582691766,0,zr,10.96678,41.2639905,1.03699994,0.0949999988,20191021131910,695,0xb,0x4,20.2700005,26.2180367,0.0260136798,0.105478212,5.78400341e-06,30,1.33800006,1,0.11962718409640298,58777.1319792,0.11962718409640298,18.705425299999995,18.705425299999995
496,695211400071731,102413216,2458778.637146051,58778.1321644,18.6812172,0.0571676418,0,zr,10.9666611,41.2640352,1.74100006,0.172999993,20191022132095,695,0xb,0x4,21.0200005,26.2387199,0.0233058147,0.104987532,4.69711722e-06,30,1.32200003,1,0.12232440725929429,58778.1321644,0.12232440725929429,18.6812172,18.6812172
497,695211400071731,102513195,2458779.636935498,58779.131956,18.7431374,0.0600304827,0,zr,10.9666514,41.2640146,1.83800006,0.197999999,20191023131887,695,0xb,0x4,20.7800007,26.2245789,0.0239310972,0.104230985,4.87603165e-06,30,1.30799997,1,0.11554337259229965,58779.131956,0.11554337259229965,18.743137400000002,18.743137400000002
498,695211400071731,102713185,2458781.636822755,58781.1318519,18.6600456,0.0562225506,0,zr,10.9666445,41.2639335,1.22800004,0.0199999996,20191025131782,695,0xb,0x4,19.9099998,26.2417603,0.0336600803,0.0997734889,9.69425218e-06,30,1.28100002,1,0.12473311262931408,58781.1318519,0.12473311262931408,18.660045599999997,18.660045599999997
499,695211400071731,102813094,2458782.6359134614,58782.1309491,18.6083565,0.0539853238,0,zr,10.966672,41.2640038,1.02499998,0.074000001,20191026130880,695,0xb,0x4,21.0300007,26.2792149,0.0230570864,0.0949944407,4.55038389e-06,30,1.273,1,0.13081495615977634,58782.1309491,0.13081495615977634,18.608356500000006,18.608356500000006
500,695211400071731,102913217,2458783.6371323075,58783.1321759,18.5494404,0.0515531041,0,zr,10.9667,41.2640069,2.17199993,0.197999999,20191027132095,695,0xb,0x4,20.9300003,26.2604599,0.0226682723,0.101217605,4.39214455e-06,30,1.25399995,1,0.13810959127298586,58783.1321759,0.13810959127298586,18.5494404,18.5494404
501,695211400071731,103113179,2458785.636730171,58785.131794,18.5428047,0.0512867831,0,zr,10.9666578,41.264003,1.11699998,0.150000006,20191029131713,695,0xb,0x4,20.9699993,26.2617264,0.024131421,0.0990300402,5.01551176e-06,30,1.23199999,1,0.13895626109280307,58785.131794,0.13895626109280307,18.542804699999998,18.542804699999998
502,695211400071731,103213866,2458786.6435927986,58786.138669,18.6916504,0.0576396286,0,zr,10.9666644,41.2639989,0.702000022,-0.0149999997,20191030138576,695,0xb,0x4,20.7999992,26.2258968,0.0230256747,0.101749264,4.53897246e-06,30,1.19400001,1,0.12115458100581131,58786.138669,0.12115458100581131,18.691650400000007,18.691650400000007
503,695211400071731,103313104,2458787.635951867,58787.1310417,18.6283226,0.0548378602,0,zr,10.9666437,41.2639165,0.559000015,-0.0329999998,20191031130949,695,0xb,0x4,19.9500008,26.2444935,0.0289200116,0.100987881,7.20301887e-06,30,1.21300006,1,0.12843132408165836,58787.1310417,0.12843132408165836,18.628322599999997,18.628322599999997
504,695211400071731,103413193,2458788.636827884,58788.1319329,18.6041012,0.0538054854,0,zr,10.9666487,41.2640233,1.76400006,0.180999994,20191101131840,695,0xb,0x4,20.5699997,26.2357388,0.0232334081,0.107661679,4.62797152e-06,30,1.199,1,0.131328662116186,58788.1319329,0.131328662116186,18.604101199999995,18.604101199999995
505,695211400071731,103513231,2458789.6371931806,58789.1323148,18.6127415,0.0541712977,0,zr,10.966674,41.2640185,1.12800002,0.0659999996,20191102132211,695,0xb,0x4,20.7999992,26.2425842,0.0222537778,0.101612307,4.25816597e-06,30,1.18700004,1,0.13028769476653707,58789.1323148,0.13028769476653707,18.61274149999999,18.61274149999999
506,695211400071731,103526035,2458789.7652349854,58789.2603588,18.55299,0.051696144,0,zr,10.9666786,41.2640238,0.774999976,0.0790000036,20191102260336,695,0xb,0x4,20.7000008,26.2614803,0.0231475458,0.0990364999,4.58245449e-06,30,1.01100004,1,0.13765880652956627,58789.2603588,0.13765880652956627,18.55299,18.55299
507,695211400071731,103616302,2458790.667880595,58790.1630208,18.5548267,0.051770363,0,zr,10.9666506,41.2640142,1.74399996,0.170000002,20191103163021,695,0xb,0x4,20.5599995,26.2617512,0.0240100455,0.095296219,4.97021847e-06,30,1.09000003,1,0.1374261310499477,58790.1630208,0.1374261310499477,18.5548267,18.5548267
508,695211400071731,103816049,2458792.6653171564,58792.1604977,18.6281509,0.0548304692,0,zr,10.9666241,41.2639866,2.42799997,0.256999999,20191105160486,695,0xb,0x4,20.8899994,26.2297726,0.0265515167,0.100971788,6.04803427e-06,30,1.08399999,1,0.12845163601560805,58792.1604977,0.12845163601560805,18.6281509,18.6281509
509,695211400071731,103912453,2458793.6293349587,58793.124537,18.5691948,0.0523549244,0,zr,10.9666503,41.263974,2.10500002,0.259000003,20191106124525,695,0xb,0x4,20.6399994,26.2361488,0.021676261,0.101140186,4.00715771e-06,30,1.176,1,0.13561948160905085,58793.124537,0.13561948160905085,18.5691948,18.5691948
510,695211400071731,104211002,2458796.6147463014,58796.1100231,18.649826,0.0557723716,0,zr,10.9666635,41.2639574,0.718999982,0.162,20191109110023,695,0xb,0x4,20.1299992,26.2403927,0.0270488523,0.103238083,6.17398427e-06,30,1.199,1,0.12591271832505704,58796.1100231,0.12591271832505704,18.649825999999997,18.649825999999997
511,695211400071731,104526936,2458799.7739941454,58799.2693634,18.6807709,0.0571475625,0,zr,10.9666376,41.2639984,0.282000005,0.0309999995,20191112269352,695,0xb,0x4,19.8799992,26.2851887,0.0303769354,0.101805113,7.91278944e-06,30,1.04499996,1,0.12237469995909402,58799.2693634,0.12237469995909402,18.68077089999999,18.68077089999999
512,695211400071731,104628847,2458800.793070211,58800.2884722,18.6176109,0.0543786585,0,zr,10.9666248,41.2640464,1.421,0.186000004,20191113288461,695,0xb,0x4,20.2000008,26.2596512,0.0286109727,0.100671157,6.97612541e-06,30,1.08299994,1,0.12970467803902144,58800.2884722,0.12970467803902144,18.617610899999995,18.617610899999995
513,695211400071731,104630427,2458800.808868288,58800.3042708,18.7118301,0.0585644059,0,zr,10.9666963,41.2640329,1.30599999,0.135000005,20191113304271,695,0xb,0x4,20.2600002,26.2566776,0.0258945785,0.10458307,5.73134912e-06,30,1.12100005,1,0.11892357604170088,58800.3042708,0.11892357604170088,18.711830100000007,18.711830100000007
514,695211400071731,104730379,2458801.808360312,58801.3037963,18.6932297,0.0577114485,0,zr,10.9666228,41.263991,0.902999997,0.0920000002,20191114303738,695,0xb,0x4,20.4300003,26.2660465,0.0246489551,0.0970408767,5.21467427e-06,30,1.12699997,1,0.12097847898740872,58801.3037963,0.12097847898740872,18.693229699999996,18.693229699999996
515,695211400071731,104925976,2458803.7642631764,58803.2597685,18.5606289,0.0520055369,0,zr,10.9667003,41.2639797,1.38300002,0.0399999991,20191116259745,695,0xb,0x4,20.0799999,25.9799061,0.0252970979,0.0962911919,5.51241328e-06,30,1.04700005,1,0.13669368140716937,58803.2597685,0.13669368140716937,18.560628900000005,18.560628900000005
516,695211400071731,104928019,2458803.784690717,58803.2801968,18.726263,0.0592354983,0,zr,10.9666955,41.2639654,1.45599997,0.182999998,20191116280174,695,0xb,0x4,20.6800003,26.2312279,0.0229963697,0.0987732485,4.51262986e-06,30,1.08299994,1,0.11735316311936826,58803.2801968,0.11735316311936826,18.726262999999996,18.726262999999996
517,695211400071731,105221749,2458806.7218802418,58806.2175,18.5478573,0.0514894351,0,zr,10.966663,41.2640274,1.13699996,0.118000001,20191119217477,695,0xb,0x4,20.9099998,26.268446,0.0238581467,0.107581466,4.9272121e-06,30,1.01300001,1,0.13831111423014472,58806.2175,0.13831111423014472,18.547857299999997,18.547857299999997
518,695211400071731,105715363,2458811.6577985296,58811.1536343,18.5649624,0.0521819517,0,zr,10.9666024,41.2639411,0.437999994,0.00899999961,20191124153623,695,0xb,0x4,20.7399998,26.2362137,0.0220176633,0.0981950834,4.16088596e-06,30,1.01999998,1,0.1361491831309492,58811.1536343,0.1361491831309492,18.564962400000006,18.564962400000006
519,695211400071731,105824145,2458812.7455708184,58812.2414583,18.5966873,0.0534937568,0,zr,10.9666373,41.264005,1.61399996,0.125,20191125241435,695,0xb,0x4,21.2099991,26.2846813,0.0244686808,0.0952786878,5.18658271e-06,30,1.05599999,1,0.1322285026404097,58812.2414583,0.1322285026404097,18.596687300000006,18.596687300000006
520,695211400071731,106015256,2458814.6565876147,58814.1525694,18.5860577,0.0530502349,0,zr,10.9666358,41.264027,1.29400003,-0.00999999978,20191127152500,695,0xb,0x4,20.4400005,26.2060623,0.0244650096,0.0869745761,5.15033526e-06,30,1.01499999,1,0.13352940690222675,58814.1525694,0.13352940690222675,18.586057700000005,18.586057700000005
521,695211400071731,106018689,2458814.6909145806,58814.1868981,18.7265358,0.0592482761,0,zr,10.9666211,41.2640303,1.56700003,0.0680000037,20191127186875,695,0xb,0x4,20.4200001,25.8328228,0.0247734729,0.0984122604,5.25992346e-06,30,1.00999999,1,0.11732368089227217,58814.1868981,0.11732368089227217,18.7265358,18.7265358
522,695211400071731,106511512,2458819.618880613,58819.1151273,18.6442089,0.0555266067,32768,zr,10.9665965,41.2640272,1.23000002,0.151999995,20191202115116,695,0xb,0x4,19.4500008,25.2846603,0.0589747243,0.102205426,3.20964718e-05,30,1.03600001,1,0.12656582081568393,58819.1151273,0.12656582081568393,18.644208900000002,18.644208900000002
523,695211400071731,106515987,2458819.663623509,58819.1598727,18.6746101,0.0568709075,0,zr,10.9666873,41.2640122,1.65900004,0.180999994,20191202159873,695,0xb,0x4,20.8299999,26.1591282,0.0238593668,0.0969830975,4.91427681e-06,30,1.00800002,1,0.12307106534091711,58819.1598727,0.12307106534091711,18.674610100000002,18.674610100000002
524,695211400071731,107419125,2458828.69445022,58828.19125,18.6710987,0.0567138419,0,zr,10.9666723,41.2639755,0.284000009,0.0769999996,20191211191123,695,0xb,0x4,19.1100006,25.8292294,0.0392091982,0.0936732814,1.8578432e-05,30,1.046,1,0.12346973612849632,58828.19125,0.12346973612849632,18.67109870000001,18.67109870000001
525,695211400071731,107628297,2458830.7860357887,58830.2829745,18.5315895,0.0508401729,0,zr,10.9666575,41.263977,0.879999995,0.0810000002,20191213282951,695,0xb,0x4,20.3999996,26.3681068,0.0244156085,0.106051378,5.10975724e-06,30,1.37699997,1,0.14039905996300175,58830.2829745,0.14039905996300175,18.531589500000003,18.531589500000003
526,695211400071731,107709731,2458831.6003210205,58831.0973148,18.5728741,0.0525057614,0,zr,10.966627,41.2639965,0.653999984,0.0410000011,20191214097292,695,0xb,0x4,20.8099995,26.4002838,0.0226198081,0.10281606,4.37185008e-06,30,1.02100003,1,0.13516067748996893,58831.0973148,0.13516067748996893,18.5728741,18.5728741
527,695211400071731,108308105,2458837.583637171,58837.0810532,18.5357437,0.0510051064,0,zr,10.966638,41.2639876,0.623000026,-0.0109999999,20191220081019,695,0xb,0x4,20.9099998,26.3961353,0.0225116834,0.103616908,4.38762891e-06,30,1.02100003,1,0.13986289712865144,58837.0810532,0.13986289712865144,18.535743700000005,18.535743700000005
528,695211400071731,109211487,2458846.616769628,58846.1148727,18.5983772,0.0535646603,0,zr,10.9666503,41.2640125,1.27199996,0.218999997,20191229114815,695,0xb,0x4,21.0900002,26.4213886,0.0235720668,0.0961841345,4.85912688e-06,30,1.01699996,1,0.13202285495311195,58846.1148727,0.13202285495311195,18.59837720000001,18.59837720000001
529,695211400071731,109508032,2458849.581985069,58849.0803241,18.5152779,0.0501983166,0,zr,10.9666532,41.2640381,1.88800001,0.126000002,20200101080324,695,0xb,0x4,20.9699993,26.3978348,0.027407378,0.0985714719,6.50593029e-06,30,1.00800002,1,0.14252427483929006,58849.0803241,0.14252427483929006,18.515277899999994,18.515277899999994
530,695211400071731,109515112,2458849.6527779666,58849.1511227,18.5691605,0.0523535125,0,zr,10.9666488,41.2640065,1.71399999,0.112999998,20200101151123,695,0xb,0x4,21.1900005,26.4377098,0.0219107065,0.0951885805,4.17302954e-06,30,1.07599998,1,0.13562376609516893,58849.1511227,0.13562376609516893,18.569160500000002,18.569160500000002
531,695211400071731,109815538,2458852.6567939166,58852.1553819,18.5380955,0.0510987453,0,zr,10.9666216,41.2639808,1.89699996,0.167999998,20200104155370,695,0xb,0x4,21.0300007,26.4258766,0.0239611119,0.0970584527,4.9850496e-06,30,1.10300004,1,0.13956026968384114,58852.1553819,0.13956026968384114,18.538095500000004,18.538095500000004
532,695211400071731,109907936,2458853.5806999006,58853.0793634,18.6775131,0.0570010804,32768,zr,10.966546,41.2639149,0.976999998,0.0799999982,20200105079352,695,0xb,0x4,19.6900005,25.8347378,0.0447946638,0.102018669,1.86236939e-05,30,1.00899994,1,0.1227424421523389,58853.0793634,0.1227424421523389,18.67751309999999,18.67751309999999
533,695211400071731,110013482,2458854.6360762594,58854.1348264,18.4334297,0.0471116938,0,zr,10.9668171,41.2639818,0.861000001,-0.0219999999,20200106134815,695,0xb,0x4,19.6599998,26.3932514,0.0349774919,0.107013449,1.06722346e-05,30,1.07099998,1,0.15368381047726382,58854.1348264,0.15368381047726382,18.433429699999998,18.433429699999998
534,695211400071731,110119312,2458855.694287566,58855.193125,18.5677814,0.0522970855,0,zr,10.9666234,41.2640445,0.995999992,0.0450000018,20200107193125,695,0xb,0x4,19.9200001,26.3665314,0.0295954142,0.11335326,7.53168115e-06,30,1.26199996,1,0.13579614459137337,58855.193125,0.13579614459137337,18.567781399999994,18.567781399999994
535,695211400071731,110216667,2458856.6677602245,58856.1666782,18.5859947,0.053047657,0,zr,10.9666834,41.2640061,0.833999991,0.109999999,20200108166655,695,0xb,0x4,20.5799999,26.3886948,0.0229844693,0.0960395262,4.50892867e-06,30,1.16799998,1,0.13353715519013182,58856.1666782,0.13353715519013182,18.585994700000008,18.585994700000008
536,695211400071731,110518232,2458859.683157297,58859.1823264,18.5732613,0.0525216721,0,zr,10.9666392,41.2639704,1.17900002,0.109999999,20200111182326,695,0xb,0x4,20.2700005,26.3656559,0.0257091075,0.103399619,5.69912208e-06,30,1.26199996,1,0.13511248449117516,58859.1823264,0.13511248449117516,18.573261300000006,18.573261300000006
537,695211400071731,110617831,2458860.679057739,58860.1783102,18.4911079,0.0492637865,0,zr,10.9666843,41.2642673,0.419999987,0.144999996,20200112178310,695,0xb,0x4,19.3799992,26.3458004,0.0377498716,0.105748132,1.27971898e-05,30,1.25600004,1,0.14573264255824675,58860.1783102,0.14573264255824675,18.491107899999996,18.491107899999996
538,695211400071731,111709064,2458871.5904758726,58871.0906481,18.616869,0.0543470308,0,zr,10.9666682,41.26403,0.924000025,0.0860000029,20200123090648,695,0xb,0x4,20.8199997,26.4041843,0.0208561383,0.0987229273,3.757576e-06,30,1.07500005,1,0.12979333749856195,58871.0906481,0.12979333749856195,18.616869,18.616869
539,695211400071731,112011475,2458874.614330465,58874.1147569,18.4593163,0.0480641425,0,zr,10.9666392,41.2639937,1.81900001,0.158999994,20200126114757,695,0xb,0x4,21.0900002,26.3012943,0.0230955221,0.0938934982,4.61785021e-06,30,1.15900004,1,0.1500629500898542,58874.1147569,0.1500629500898542,18.459316300000005,18.459316300000005
540,695211400071731,112312351,2458877.622840865,58877.1235185,18.5540428,0.0517386608,0,zr,10.9666419,41.2640048,1.14499998,0.0939999968,20200129123484,695,0xb,0x4,20.7000008,26.3618488,0.022267092,0.101016,4.27350642e-06,30,1.22000003,1,0.13752538834916597,58877.1235185,0.13752538834916597,18.554042799999998,18.554042799999998
541,695211400071731,112615109,2458880.650171539,58880.1510995,18.530262,0.050787624,0,zr,10.9666505,41.2639979,0.879999995,0.0359999985,20200201151100,695,0xb,0x4,20.5499992,26.3511333,0.0240020938,0.10850282,4.94380629e-06,30,1.40699995,1,0.14057082704459292,58880.1510995,0.14057082704459292,18.530262,18.530262
542,695211400071731,113013178,2458884.630530315,58884.1317824,18.5593128,0.0519520938,0,zr,10.966691,41.2640984,0.901000023,0.330000013,20200205131782,695,0xb,0x4,19.25,26.3447685,0.0400692709,0.10911984,1.54259633e-05,30,1.35500002,1,0.13685947824979175,58884.1317824,0.13685947824979175,18.559312800000008,18.559312800000008
543,695211400071731,113311222,2458887.610731956,58887.1122222,18.5931664,0.0533464327,0,zr,10.9666527,41.2639882,1.11399996,0.127000004,20200208112222,695,0xb,0x4,20.4699993,26.3788548,0.0265806653,0.106117167,6.07353786e-06,30,1.29299998,1,0.13265799834107037,58887.1122222,0.13265799834107037,18.593166399999994,18.593166399999994
544,695211400071731,113711274,2458891.610940439,58891.1127431,18.6051636,0.0538503602,0,zr,10.966664,41.2639931,0.700999975,-0.0149999997,20200212112743,695,0xb,0x4,20.6700001,26.3436489,0.0215288848,0.101760939,3.99052715e-06,30,1.35500002,1,0.13120021901010068,58891.1127431,0.13120021901010068,18.605163600000004,18.605163600000004
545,695211400071731,113912189,2458893.620462904,58893.1218981,18.6294403,0.0548859835,0,zr,10.9666857,41.2640279,1.97500002,0.182999998,20200214121887,695,0xb,0x4,21.6499996,28.0529518,0.0298515204,0.0935009494,7.72393469e-06,120,1.45000005,2,0.12829917980131214,58893.1218981,0.12829917980131214,18.62944029999999,18.62944029999999
546,1735201200131033,113913403,2458893.6326032714,58893.1340394,18.4514084,0.0575466752,32768,zr,10.9666498,41.2640024,1.72000003,0.0719999969,20200214134028,1735,0x1,0x2,21.3999996,28.0952492,0.0467651524,0.0978562906,2.49605291e-05,120,1.62,2,0.15115991533647757,58893.1340394,0.15115991533647757,18.4514084,18.4514084
547,695211400071731,114010792,2458894.6074603577,58894.1079282,18.5736961,0.0525395535,32768,zr,10.9666471,41.2640301,3.12700009,-0.0610000007,20200215107512,695,0xb,0x4,21.4799995,29.3084373,0.0428282171,0.118703038,1.59509382e-05,300,1.375,2,0.13505838742182175,58894.1079282,0.13505838742182175,18.5736961,18.5736961
548,695211400071731,114013128,2458894.6292525847,58894.1312847,18.619709,0.0544682667,0,zr,10.9666757,41.2639978,2.09699988,0.173999995,20200215131250,695,0xb,0x4,20.9400005,26.3392391,0.0226481948,0.101190977,4.39508221e-06,30,1.54400003,1,0.12945427594790013,58894.1312847,0.12945427594790013,18.619708999999993,18.619708999999993
549,695211400071731,114117516,2458895.674614388,58895.175162,18.5763969,0.0526506416,0,zr,10.9666631,41.2640135,0.897000015,-0.0250000004,20200216175150,695,0xb,0x4,21.2199993,28.8534985,0.0203002542,0.115927324,3.48764456e-06,300,2.11599994,2,0.1347228433140252,58895.175162,0.1347228433140252,18.5763969,18.5763969
550,695211400071731,114615635,2458900.6538829897,58900.1563542,18.6086273,0.0539967827,32768,zr,10.9667249,41.2639407,0.536000013,-0.185000002,20200221156354,695,0xb,0x4,18.8400002,25.491951,0.0731283501,0.103607476,7.55051951e-05,30,2.02999997,1,0.13078233288296454,58900.1563542,0.13078233288296454,18.608627300000002,18.608627300000002
551,695211400071731,115111869,2458905.6158811487,58905.1186921,18.41786,0.0465491526,0,zr,10.9667395,41.2640467,1.50899994,0.136999995,20200226118692,695,0xb,0x4,19.2999992,26.2898674,0.0394386239,0.108348593,1.43111874e-05,30,1.71200001,1,0.1559035484208557,58905.1186921,0.1559035484208557,18.417859999999997,18.417859999999997
552,695211400071731,122547938,2458979.975035164,58979.4793866,18.574913,0.0525895953,0,zr,10.9665801,41.2640089,1.11300004,0.136999995,20200510479363,695,0xb,0x4,20.1000004,26.113966,0.0288959872,0.105944566,6.89349554e-06,30,2.59100008,2,0.13490709792659691,58979.4793866,0.13490709792659691,18.574913000000002,18.574913000000002
553,695211400071731,122747158,2458981.9672958017,58981.4715856,18.5417366,0.0512440614,0,zr,10.9666373,41.263997,0.771000028,-0.0260000005,20200512471586,695,0xb,0x4,20.0699997,26.2136593,0.028330287,0.101888224,6.82658629e-06,30,2.65499997,2,0.13909302747300883,58981.4715856,0.13909302747300883,18.5417366,18.5417366
554,695211400071731,122747445,2458981.970166296,58981.474456,18.6516094,0.0558506511,0,zr,10.9666407,41.2639667,0.764999986,0.0240000002,20200512474444,695,0xb,0x4,20.0400009,26.2192459,0.0321071558,0.0984978825,8.71067095e-06,30,2.5769999,2,0.12570606737266377,58981.474456,0.12570606737266377,18.651609400000005,18.651609400000005
555,695211400071731,122747826,2458981.973974323,58981.4782639,18.6968746,0.0578775145,0,zr,10.9666492,41.2639855,0.916999996,0.0909999982,20200512478252,695,0xb,0x4,20.0499992,26.2324009,0.03161522,0.101288073,8.40948269e-06,30,2.48099995,2,0.12057302587212448,58981.4782639,0.12057302587212448,18.696874599999994,18.696874599999994
556,695211400071731,122748206,2458981.977770747,58981.4820602,18.5805473,0.0528219268,0,zr,10.9666837,41.2639912,0.819000006,-0.0350000001,20200512482060,695,0xb,0x4,20.0599995,26.2334251,0.02945631,0.0998738334,7.3361889e-06,30,2.39199996,2,0.13420882681553287,58981.4820602,0.13420882681553287,18.5805473,18.5805473
557,695211400071731,123346487,2458987.9607986966,58987.4648727,18.5714741,0.0524483249,0,zr,10.966654,41.2639772,1.10800004,-0.0340000018,20200518464757,695,0xb,0x4,20.4500008,26.252224,0.0241517853,0.0953635871,4.92605113e-06,30,2.41000009,2,0.13533507252067942,58987.4648727,0.13533507252067942,18.571474099999996,18.571474099999996
558,695211400071731,123346724,2458987.9631714923,58987.4672454,18.5863228,0.0530612767,0,zr,10.9666674,41.263967,1.005,0.104999997,20200518467234,695,0xb,0x4,20.7800007,26.2580452,0.0231291875,0.105059966,4.55579084e-06,30,2.35700011,2,0.13349680752459742,58987.4672454,0.13349680752459742,18.586322799999998,18.586322799999998
559,695211400071731,123346968,2458987.965613693,58987.4696875,18.5816765,0.0528686158,0,zr,10.9666613,41.2640127,1.78199995,0.151999995,20200518469676,695,0xb,0x4,20.5799999,26.2514248,0.0233949069,0.10734687,4.61766513e-06,30,2.30500007,2,0.13406931794936672,58987.4696875,0.13406931794936672,18.581676500000007,18.581676500000007
560,695211400071731,123347255,2458987.9684842112,58987.4725579,18.4694901,0.0484444089,0,zr,10.9666185,41.2639789,1.23399997,0.0960000008,20200518472546,695,0xb,0x4,20.5300007,26.2625446,0.0229658838,0.10874074,4.44924854e-06,30,2.24600005,2,0.14866336539447442,58987.4725579,0.14866336539447442,18.469490099999994,18.469490099999994
561,695211400071731,123746276,2458991.958860653,58991.4627662,18.6709118,0.0567054823,0,zr,10.9666269,41.2639908,1.36500001,0.104000002,20200522462766,695,0xb,0x4,21.1299992,26.3022861,0.0208813101,0.102236934,3.66790459e-06,30,2.22399998,2,0.12349099219410963,58991.4627662,0.12349099219410963,18.670911799999992,18.670911799999992
562,695211400071731,123746570,2458991.961800585,58991.465706,18.6142082,0.0542336926,0,zr,10.9666724,41.2640255,1.05499995,0.112999998,20200522465648,695,0xb,0x4,20.8799992,26.2777538,0.0230073258,0.109903514,4.43781801e-06,30,2.16799998,2,0.1301118104704348,58991.465706,0.1301118104704348,18.6142082,18.6142082
563,695211400071731,123746907,2458991.965168839,58991.4690741,18.5423126,0.0512670837,0,zr,10.9666587,41.2640059,1.24100006,0.150000006,20200522469062,695,0xb,0x4,20.9599991,26.2900906,0.021610558,0.103868715,3.94434892e-06,30,2.10800004,2,0.139019256021512,58991.4690741,0.139019256021512,18.542312599999995,18.542312599999995
564,695211400071731,123747254,2458991.968641197,58991.4725463,18.5746651,0.0525793992,0,zr,10.9666608,41.2640073,1.82299995,0.225999996,20200522472546,695,0xb,0x4,20.9899998,26.3093719,0.0212398451,0.102757074,3.81193831e-06,30,2.04999995,2,0.1349379040171562,58991.4725463,0.1349379040171562,18.574665099999997,18.574665099999997
565,695211400071731,123946222,2458993.958407965,58993.4622222,18.5914745,0.0532757416,0,zr,10.9666688,41.2640303,1.70799994,0.140000001,20200524462222,695,0xb,0x4,20.5900002,26.2520924,0.0251787454,0.103284605,5.31578689e-06,30,2.1329999,2,0.13286488011639822,58993.4622222,0.13286488011639822,18.591474499999997,18.591474499999997
566,695211400071731,123946557,2458993.9617646243,58993.4655787,18.4685116,0.0484077223,0,zr,10.9666537,41.2639301,0.65200001,0.0149999997,20200524465532,695,0xb,0x4,20.0499992,26.2524719,0.0339909308,0.104184359,9.72456291e-06,30,2.07399988,2,0.14879740593939458,58993.4655787,0.14879740593939458,18.468511599999992,18.468511599999992
567,695211400071731,123946938,2458993.9655727013,58993.4693866,18.5975933,0.0535317473,0,zr,10.96676,41.2639867,1.17499995,0.00100000005,20200524469387,695,0xb,0x4,19.9400005,26.2602272,0.035036847,0.107113488,1.04032924e-05,30,2.01300001,2,0.13211820968599836,58993.4693866,0.13211820968599836,18.597593299999993,18.597593299999993
568,695211400071731,123947319,2458993.9693806884,58993.4731944,18.7306786,0.0594424456,0,zr,10.9666738,41.2640457,0.610000014,0.0189999994,20200524473194,695,0xb,0x4,20.3199997,26.2699356,0.0271025058,0.108745247,6.17605838e-06,30,1.95500004,2,0.1168768666261376,58993.4731944,0.1168768666261376,18.730678599999997,18.730678599999997
569,695211400071731,124146163,2458995.9579135324,58995.4616319,18.6110268,0.0540984981,0,zr,10.9666649,41.2640108,1.09899998,0.104000002,20200526461620,695,0xb,0x4,21.0,26.2825871,0.0222287066,0.106222235,4.16962121e-06,30,2.04900002,2,0.13049362030630138,58995.4616319,0.13049362030630138,18.611026799999998,18.611026799999998
570,695211400071731,124146495,2458995.9612355,58995.4649537,18.5682487,0.0523161925,0,zr,10.9666357,41.263998,1.68799996,0.174999997,20200526464931,695,0xb,0x4,21.1000004,26.2919216,0.0206591263,0.103406541,3.5997507e-06,30,1.99699998,2,0.13573771061448936,58995.4649537,0.13573771061448936,18.568248700000005,18.568248700000005
571,695211400071731,124146826,2458995.964545864,58995.4682639,18.567524,0.0522865579,0,zr,10.9666664,41.264003,1.35399997,0.155000001,20200526468252,695,0xb,0x4,21.0599995,26.3031883,0.0254584011,0.104661867,5.46141428e-06,30,1.94700003,2,0.13582834216489853,58995.4682639,0.13582834216489853,18.567524,18.567524
572,695211400071731,124147158,2458995.96786773,58995.4715856,18.5635929,0.0521261655,0,zr,10.9666648,41.264004,1.93900001,0.241999999,20200526471574,695,0xb,0x4,21.0400009,26.2922649,0.0217389353,0.105817407,3.97361828e-06,30,1.89900005,2,0.1363210240890387,58995.4715856,0.1363210240890387,18.563592899999996,18.563592899999996
573,695211400071731,124546207,2458999.958558422,58999.4620718,18.5159893,0.0502261296,0,zr,10.9666257,41.263966,1.92700005,0.0759999976,20200530462025,695,0xb,0x4,20.5200005,26.2883167,0.0243402421,0.106881127,4.86857834e-06,30,1.88,2,0.14243092015627548,58999.4620718,0.14243092015627548,18.515989299999994,18.515989299999994
574,695211400071731,124547185,2458999.968339056,58999.4718519,18.4549389,0.0479015633,32768,zr,10.9665958,41.2640517,0.532000005,-0.0140000004,20200530471829,695,0xb,0x4,19.4799995,26.0064278,0.0573505796,0.105542086,2.84824782e-05,30,1.75800002,2,0.15066918531557716,58999.4718519,0.15066918531557716,18.454938899999995,18.454938899999995
575,695211400071731,124547674,2458999.9732351056,58999.4767477,18.3533497,0.0442990884,32768,zr,10.9668692,41.2641789,1.25999999,-0.0329999998,20200530476725,695,0xb,0x4,18.9400005,25.2351131,0.109014533,0.121028654,0.000143769939,30,1.70299995,2,0.1654474660475537,58999.4767477,0.1654474660475537,18.353349700000003,18.353349700000003
576,695211400071731,124746159,2459001.9581925957,59001.4615972,18.4747543,0.0486425087,0,zr,10.9666229,41.2639712,1.22399998,0.0359999985,20200601461574,695,0xb,0x4,20.5100002,25.9497223,0.0243029967,0.105141707,4.97571818e-06,30,1.81599998,2,0.14794431454073606,59001.4615972,0.14794431454073606,18.474754299999994,18.474754299999994
577,695211400071731,124746608,2459001.9626836483,59001.466088,18.4551678,0.0479100458,0,zr,10.9666264,41.2639843,1.37600005,0.189999998,20200601466065,695,0xb,0x4,20.7700005,26.1291771,0.0244133808,0.104662292,5.02344938e-06,30,1.76100004,2,0.15063742387928597,59001.466088,0.15063742387928597,18.455167800000005,18.455167800000005
578,695211400071731,124747099,2459001.9675913234,59001.4709954,18.5575199,0.0518793762,0,zr,10.9666446,41.263962,1.67499995,0.188999996,20200601470972,695,0xb,0x4,20.8299999,26.2022514,0.0237707086,0.101162374,4.74933313e-06,30,1.70599997,2,0.137085664008265,59001.4709954,0.137085664008265,18.557519899999996,18.557519899999996
579,695211400071731,124747589,2459001.9724873984,59001.4758912,18.5246162,0.0505646914,0,zr,10.9666612,41.2640157,1.58099997,0.175999999,20200601475880,695,0xb,0x4,20.75,26.2244034,0.0252989568,0.100797966,5.36788139e-06,30,1.65499997,2,0.14130369548279306,59001.4758912,0.14130369548279306,18.524616200000004,18.524616200000004
580,695211400071731,126447168,2459018.969360193,59018.4716898,18.5670681,0.0522679463,0,zr,10.9666828,41.2639975,2.36400008,0.112999998,20200618471690,695,0xb,0x4,21.0100002,26.3929043,0.0211657342,0.100724272,3.8254143e-06,30,1.33500004,1,0.13588538838266018,59018.4716898,0.13588538838266018,18.567068099999993,18.567068099999993
581,695211400071731,127047035,2459024.968462079,59024.4703588,18.5848999,0.0530021824,0,zr,10.9666843,41.2640077,1.704,0.162,20200624470359,695,0xb,0x4,21.1599998,26.1652107,0.0262567122,0.0978667215,5.79302059e-06,30,1.25899994,1,0.13367187503286207,59024.4703588,0.13367187503286207,18.584899900000003,18.584899900000003
582,695211400071731,127646969,2459030.968256233,59030.4696991,18.5569763,0.0518573448,0,zr,10.9667133,41.2639786,1.23099995,0.0329999998,20200630469699,695,0xb,0x4,20.25,26.3607578,0.0239877421,0.100192979,4.88123214e-06,30,1.19400001,1,0.13715431643488646,59030.4696991,0.13715431643488646,18.556976299999995,18.556976299999995
583,695211400071731,127936233,2459033.8611199325,59033.362338,18.4834805,0.0489729047,0,zr,10.9666063,41.2639805,1.02499998,0.0320000015,20200703362338,695,0xb,0x4,19.9799995,26.3524494,0.0265043117,0.110168003,5.86385795e-06,30,1.97899997,1,0.14676003275060398,59033.362338,0.14676003275060398,18.483480500000006,18.483480500000006
584,695211400071731,128238913,2459036.8881526184,59036.3891319,18.6245575,0.0546759479,0,zr,10.9666512,41.2640112,1.02900004,0.145999998,20200706389132,695,0xb,0x4,20.2199993,26.3846016,0.0251826681,0.0963496417,5.30050102e-06,30,1.57200003,1,0.12887746945446754,59036.3891319,0.12887746945446754,18.6245575,18.6245575
585,695211400071731,128348225,2459037.981364675,59037.4822569,18.5966034,0.0534902625,0,zr,10.9666285,41.2639923,0.856000006,0.00899999961,20200707482106,695,0xb,0x4,20.3600006,26.4222965,0.0233594589,0.10298492,4.62186836e-06,30,1.09899998,1,0.13223872096045522,59037.4822569,0.13223872096045522,18.5966034,18.5966034
586,695211400071731,128546193,2459039.961199099,59039.4619329,18.5933304,0.0533532538,0,zr,10.9666853,41.2640105,0.901000023,-0.0390000008,20200709461910,695,0xb,0x4,20.2600002,26.422472,0.0219903905,0.0993094072,4.07576135e-06,30,1.13800001,1,0.13263796191914248,59039.4619329,0.13263796191914248,18.593330400000006,18.593330400000006
587,695211400071731,128846701,2459042.966522503,59042.4670139,18.5696087,0.052371867,0,zr,10.9666454,41.2639767,2.79900002,0.280000001,20200712467014,695,0xb,0x4,21.2299995,26.4004364,0.0223168172,0.0938929096,4.16727244e-06,30,1.102,1,0.13556779114761913,59042.4670139,0.13556779114761913,18.569608699999996,18.569608699999996
588,695211400071731,128946373,2459043.963327816,59043.4637384,18.5251198,0.05058451,0,zr,10.9666439,41.2639817,1.16600001,0.0780000016,20200713463681,695,0xb,0x4,21.1700001,26.4251461,0.0230024811,0.097396329,4.43645331e-06,30,1.10399997,1,0.14123816940013298,59043.4637384,0.14123816940013298,18.52511979999999,18.52511979999999
589,695211400071731,128948422,2459043.983815586,59043.4842245,18.6181755,0.0544027723,0,zr,10.9666429,41.2640115,1.03199995,0.0920000002,20200713484225,695,0xb,0x4,21.0699997,26.4205971,0.0198531859,0.0969934091,3.33003663e-06,30,1.06099999,1,0.1296372470889493,59043.4842245,0.1296372470889493,18.6181755,18.6181755
590,695211400071731,129046354,2459044.9632123485,59044.4635417,18.5291824,0.0507448912,0,zr,10.966672,41.2639937,1.09599996,-0.00800000038,20200714463542,695,0xb,0x4,21.2000008,26.4350033,0.0208399165,0.0980721265,3.68474662e-06,30,1.09800005,1,0.14071067293027836,59044.4635417,0.14071067293027836,18.529182400000003,18.529182400000003
591,695211400071731,129048737,2459044.9870452983,59044.4873727,18.5314121,0.0508331321,0,zr,10.9666455,41.2639819,0.92900002,0.127000004,20200714487373,695,0xb,0x4,20.9599991,26.4271507,0.0226058252,0.100598715,4.30059572e-06,30,1.051,1,0.14042200184153264,59044.4873727,0.14042200184153264,18.531412100000004,18.531412100000004
592,695211400071731,129136547,2459045.865218495,59045.3654745,18.4969501,0.0494878888,0,zr,10.9666456,41.2639942,2.46199989,0.233999997,20200715365475,695,0xb,0x4,21.3400002,26.4107189,0.0251853634,0.101455882,5.33013281e-06,30,1.56400001,1,0.14495058084618428,59045.3654745,0.14495058084618428,18.4969501,18.4969501
593,695211400071731,129148785,2459045.98761284,59045.4878588,18.5422897,0.0512661785,0,zr,10.9666614,41.2639857,1.454,0.0920000002,20200715487847,695,0xb,0x4,21.0,26.4422951,0.0211622659,0.0945773646,3.79924973e-06,30,1.046,1,0.13902218820201906,59045.4878588,0.13902218820201906,18.542289700000005,18.542289700000005
594,695211400071731,129244751,2459046.94734386,59046.4475116,18.5172577,0.0502757467,0,zr,10.9666505,41.2639854,1.08099997,0.057,20200716447512,695,0xb,0x4,21.3500004,26.472578,0.0246902965,0.098159261,5.11247345e-06,30,1.125,1,0.14226462387482275,59046.4475116,0.14226462387482275,18.517257699999995,18.517257699999995
595,695211400071731,129342938,2459047.9292989965,59047.4293866,18.636816,0.055204954,0,zr,10.9666326,41.2639867,1.65600002,0.148000002,20200717429387,695,0xb,0x4,21.7099991,26.529707,0.0247873329,0.0903517678,5.10916152e-06,30,1.17200005,1,0.12743056245301315,59047.4293866,0.12743056245301315,18.636816000000003,18.636816000000003
596,695211400071731,129443145,2459048.9314525686,59048.4314583,18.510582,0.0500152148,0,zr,10.9666578,41.2639844,1.79499996,0.186000004,20200718431458,695,0xb,0x4,21.4899998,26.4696484,0.0257413592,0.096148178,5.50995719e-06,30,1.15600002,1,0.1431420392406533,59048.4314583,0.1431420392406533,18.510581999999992,18.510581999999992
597,695211400071731,129543603,2459049.936106502,59049.4360301,18.5189629,0.0503425151,0,zr,10.9666606,41.2639848,2.00600004,0.147,20200719436018,695,0xb,0x4,21.6100006,26.4831009,0.0301446393,0.0988858938,7.59540353e-06,30,1.13399994,1,0.1420413659268805,59049.4360301,0.1420413659268805,18.5189629,18.5189629
598,695211400071731,129646435,2459050.96451242,59050.4643519,18.54566,0.0514011681,0,zr,10.9666364,41.2640019,1.676,0.140000001,20200720464329,695,0xb,0x4,21.5900002,26.4840469,0.0198773425,0.094330065,3.29700038e-06,30,1.06200004,1,0.13859131004867523,59050.4643519,0.13859131004867523,18.545660000000005,18.545660000000005
599,695211400071731,129648406,2459050.9842246408,59050.4840625,18.513504,0.050129056,0,zr,10.9666226,41.2639724,1.77400005,0.151999995,20200720484063,695,0xb,0x4,21.4500008,26.4767742,0.0289750788,0.0953766629,6.98257509e-06,30,1.03299999,1,0.14275732450378623,59050.4840625,0.14275732450378623,18.513504000000005,18.513504000000005
600,695211400071731,129740038,2459051.900618948,59051.4003819,18.5260239,0.0506201349,0,zr,10.9666362,41.2639806,1.32000005,0.144999996,20200721400312,695,0xb,0x4,21.3700008,26.4213505,0.0221911296,0.0979994014,4.0795876e-06,30,1.24199998,1,0.14112060835947404,59051.4003819,0.14112060835947404,18.526023900000006,18.526023900000006
601,695211400071731,129840833,2459052.9086527773,59052.4083333,18.4857883,0.0490607023,0,zr,10.9666402,41.2639871,2.57999992,0.244000003,20200722408287,695,0xb,0x4,21.5300007,26.4753742,0.03329283,0.0975956917,9.2456421e-06,30,1.199,1,0.1464484164476161,59052.4083333,0.1464484164476161,18.485788300000003,18.485788300000003
602,695211400071731,129945646,2459053.9568750644,59053.4564699,18.5301552,0.0507833771,0,zr,10.966638,41.2639804,2.14100003,0.142000005,20200723456285,695,0xb,0x4,21.6900005,26.5307484,0.0248725191,0.096249409,5.18175693e-06,30,1.06200004,1,0.14058465517583818,59053.4564699,0.14058465517583818,18.530155200000003,18.530155200000003
603,695211400071731,129949582,2459053.996230185,59053.4958218,18.5396881,0.0511622578,0,zr,10.9666822,41.2639938,1.06599998,0.147,20200723495822,695,0xb,0x4,20.8199997,26.4370613,0.0208764914,0.100049153,3.68512769e-06,30,1.01600003,1,0.1393557073309421,59053.4958218,0.1393557073309421,18.5396881,18.5396881
604,695211400071731,130043002,2459054.930507748,59054.4300231,18.4984779,0.0495466515,0,zr,10.9666811,41.2639887,1.34500003,0.138999999,20200724430012,695,0xb,0x4,21.5499992,26.4672318,0.0269267522,0.0977503508,6.1145488e-06,30,1.11300004,1,0.14474675623546254,59054.4300231,0.14474675623546254,18.498477900000005,18.498477900000005
605,695211400071731,130144773,2459055.9482991663,59055.4477315,18.6053734,0.053859219,0,zr,10.9666462,41.2639899,1.99899995,0.149000004,20200725447732,695,0xb,0x4,21.6800003,26.476963,0.0238919705,0.0971518084,4.83457188e-06,30,1.06799996,1,0.1311748692552043,59055.4477315,0.1311748692552043,18.605373399999998,18.605373399999998
606,695211400071731,130247243,2459056.973081727,59056.4724306,18.5498276,0.051568646,0,zr,10.9666477,41.2640026,1.32700002,0.104999997,20200726471875,695,0xb,0x4,21.6200008,26.4635048,0.026740836,0.098807171,6.1153296e-06,30,1.028,1,0.13806034680714654,59056.4724306,0.13806034680714654,18.549827600000008,18.549827600000008
607,695211400071731,130248725,2459056.9879092346,59056.4872569,18.5540943,0.0517407767,0,zr,10.9666757,41.2640005,1.51900005,0.153999999,20200726487257,695,0xb,0x4,21.5300007,26.4761524,0.0203718673,0.0940683112,3.50795153e-06,30,1.01600003,1,0.13751886522734602,59056.4872569,0.13751886522734602,18.554094299999996,18.554094299999996
608,695211400071731,130344150,2459057.9422345,59057.4415046,18.7998352,0.0627850816,0,zr,10.9666759,41.2640397,1.44299996,0.0860000029,20200727441505,695,0xb,0x4,21.6299992,26.4822674,0.0283657424,0.0966436639,6.79379218e-06,30,1.06900001,1,0.10966446392630685,59057.4415046,0.10966446392630685,18.799835199999997,18.799835199999997
609,695211400071731,130349563,2459057.996370913,59057.4956366,18.6027565,0.0537487976,0,zr,10.9666281,41.2640121,1.66499996,0.218999997,20200727495625,695,0xb,0x4,20.8299999,26.4268627,0.0244766045,0.098655656,5.05989965e-06,30,1.00999999,1,0.13149141532981862,59057.4956366,0.13149141532981862,18.602756500000005,18.602756500000005
610,695211400071731,130546964,2459059.9705354734,59059.4696412,18.5097809,0.0499840528,0,zr,10.9666576,41.2639938,2.63899994,0.208000004,20200729469641,695,0xb,0x4,21.5499992,26.5021019,0.0248943549,0.100174025,5.23288782e-06,30,1.023,1,0.1432476941888965,59059.4696412,0.1432476941888965,18.509780900000003,18.509780900000003
611,695211400071731,130547437,2459059.9752696566,59059.474375,18.5092564,0.0499636605,0,zr,10.9666594,41.2639925,1.26499999,0.143999994,20200729474363,695,0xb,0x4,21.5,26.4926147,0.0325924009,0.100312978,8.99026145e-06,30,1.01900005,1,0.14331691133944174,59059.474375,0.14331691133944174,18.509256400000005,18.509256400000005
612,695211400071731,130643486,2459060.935833295,59060.4348611,18.5581932,0.0519066751,0,zr,10.9666486,41.2639739,2.04399991,0.136000007,20200730434815,695,0xb,0x4,21.6499996,26.4778919,0.0288972687,0.0997830033,7.03228079e-06,30,1.06599998,1,0.1370006791251462,59060.4348611,0.1370006791251462,18.558193199999998,18.558193199999998
613,695211400071731,130645277,2459060.953751444,59060.4527778,18.5125217,0.0500907488,0,zr,10.9666382,41.2640144,2.148,0.177000001,20200730452766,695,0xb,0x4,21.7000008,26.4873104,0.0312586352,0.096869953,8.25853112e-06,30,1.03799999,1,0.14288654002951162,59060.4527778,0.14288654002951162,18.5125217,18.5125217
614,695211400071731,130736640,2459061.867447662,59061.3664005,18.5750732,0.0525961705,0,zr,10.9666582,41.2639864,1.11699998,0.125,20200731366343,695,0xb,0x4,21.0799999,26.3889084,0.0217692107,0.10101375,4.00364161e-06,30,1.273,1,0.13488719389959603,59061.3664005,0.13488719389959603,18.5750732,18.5750732
615,695211400071731,130847645,2459062.977594601,59062.4764583,18.5739098,0.0525483228,0,zr,10.9666957,41.263985,1.421,0.0930000022,20200801476458,695,0xb,0x4,21.2999992,26.4225273,0.0203984287,0.103792556,3.52250117e-06,30,1.01300001,1,0.1350318071741772,59062.4764583,0.1350318071741772,18.573909800000003,18.573909800000003
616,695211400071731,130935339,2459063.8545975927,59063.3533912,18.5106487,0.0500178151,0,zr,10.9666859,41.2639816,0.81099999,0.0970000029,20200802353380,695,0xb,0x4,20.4300003,26.3842506,0.0247261841,0.109095156,5.06850984e-06,30,1.31099999,1,0.14313324587011444,59063.3533912,0.14313324587011444,18.510648699999997,18.510648699999997
617,695211400071731,130940469,2459063.905909624,59063.4046991,18.6114559,0.0541167185,0,zr,10.966643,41.2639996,0.805000007,0.150999993,20200802404676,695,0xb,0x4,20.7299995,26.4217949,0.0211040843,0.0973109603,3.75371019e-06,30,1.11500001,1,0.13044205736801803,59063.4046991,0.13044205736801803,18.611455900000003,18.611455900000003
618,695211400071731,131035224,2459064.8535314123,59064.3522454,18.5757275,0.052623108,0,zr,10.9666876,41.2640328,1.23599994,0.0719999969,20200803352245,695,0xb,0x4,20.1299992,26.3783264,0.0265672412,0.10403356,5.94083804e-06,30,1.30200005,1,0.13480593097150734,59064.3522454,0.13480593097150734,18.575727499999992,18.575727499999992
619,695211400071731,131042597,2459064.9272641214,59064.4259722,18.509325,0.0499663018,0,zr,10.9666829,41.2639939,1.31799996,0.180000007,20200803425972,695,0xb,0x4,20.6000004,26.4160805,0.0216055475,0.0964602977,3.95229381e-06,30,1.06299996,1,0.1433078564424167,59064.4259722,0.1433078564424167,18.509324999999997,18.509324999999997
620,695211400071731,131136765,2459065.8690171456,59065.3676505,18.5412903,0.0512262397,0,zr,10.9666989,41.2640023,1.28199995,0.150999993,20200804367639,695,0xb,0x4,20.0699997,26.3701458,0.027050538,0.10190618,6.17552359e-06,30,1.21899998,1,0.13915021445663317,59065.3676505,0.13915021445663317,18.541290300000007,18.541290300000007
621,695211400071731,131144209,2459065.9434674806,59065.4420949,18.5937862,0.0533723384,0,zr,10.9666547,41.2639922,1.69599998,0.173999995,20200804442095,695,0xb,0x4,20.3299999,26.3906307,0.0252675135,0.106330901,5.38318045e-06,30,1.03499997,1,0.13258229121889534,59065.4420949,0.13258229121889534,18.593786200000004,18.593786200000004
622,695211400071731,131247046,2459066.9719168586,59066.470463,18.5951309,0.0534285977,0,zr,10.9665996,41.2639945,1.10800004,0.0540000014,20200805470451,695,0xb,0x4,20.5599995,26.4080219,0.0216602162,0.104044251,4.00777753e-06,30,1.01100004,1,0.132418187775999,59066.470463,0.132418187775999,18.595130900000008,18.595130900000008
623,695211400071731,131249377,2459066.9952287925,59066.4937731,18.5759659,0.0526329204,0,zr,10.9666758,41.2639863,0.646000028,0.0460000001,20200805493773,695,0xb,0x4,20.5499992,26.4099255,0.0227040723,0.0980257466,4.40183612e-06,30,1.00899994,1,0.13477633427412616,59066.4937731,0.13477633427412616,18.575965899999993,18.575965899999993
624,695211400071731,131343109,2459067.9326289226,59067.4310995,18.6611881,0.0562730953,0,zr,10.9666462,41.2640157,1.21500003,0.141000003,20200806431100,695,0xb,0x4,20.8799992,26.44384,0.0209345594,0.095782809,3.73549915e-06,30,1.04200006,1,0.12460192733051849,59067.4310995,0.12460192733051849,18.661188099999997,18.661188099999997
625,695211400071731,131440476,2459068.906374155,59068.4047685,18.5500488,0.0515775755,0,zr,10.9666679,41.2640015,0.912,-0.00400000019,20200807404768,695,0xb,0x4,20.75,26.4330578,0.0214310046,0.101816796,3.92820903e-06,30,1.08299994,1,0.13803222226096393,59068.4047685,0.13803222226096393,18.550048800000006,18.550048800000006
626,695211400071731,131542967,2459069.9313614103,59069.4296759,18.560503,0.0520004518,0,zr,10.9666472,41.2639905,1.14199996,0.155000001,20200808429676,695,0xb,0x4,21.1299992,26.4701042,0.0272917729,0.0964955389,6.49393905e-06,30,1.03699994,1,0.13670953307745257,59069.4296759,0.13670953307745257,18.560503000000004,18.560503000000004
627,695211400071731,131849496,2459072.996886865,59072.4949653,18.5352306,0.0509847216,0,zr,10.9666831,41.2639911,1.99100006,0.204999998,20200811494965,695,0xb,0x4,21.1599998,26.4362411,0.0224436484,0.0988234356,4.25496137e-06,30,1.01699996,1,0.13992900951580428,59072.4949653,0.13992900951580428,18.5352306,18.5352306
628,695211400071731,131945302,2459073.955015233,59073.4530208,18.5902405,0.0532242879,0,zr,10.966654,41.2639818,1.55700004,0.177000001,20200812453009,695,0xb,0x4,21.2199993,26.4090309,0.025177693,0.101275444,5.34058518e-06,30,1.00999999,1,0.13301597434059495,59073.4530208,0.13301597434059495,18.5902405,18.5902405
629,695211400071731,132042512,2459074.9271951774,59074.4251273,18.6426582,0.0554589517,32768,zr,10.9666516,41.2640305,1.31500006,0.0579999983,20200813424884,695,0xb,0x4,20.0300007,25.3614388,0.0410951935,0.109760843,1.42234258e-05,30,1.02600002,1,0.12674671728221723,59074.4251273,0.12674671728221723,18.642658199999993,18.642658199999993
630,695211400071731,132239289,2459076.8951084893,59076.3928935,18.5184784,0.0503235497,0,zr,10.9666875,41.2639882,2.1170001,0.223000005,20200815392894,695,0xb,0x4,21.3999996,26.386879,0.0268788822,0.10066478,5.99290752e-06,30,1.06299996,1,0.14210476475130346,59076.3928935,0.14210476475130346,18.5184784,18.5184784
631,695211400071731,132240385,2459076.906070009,59076.4038542,18.5084782,0.0499334149,0,zr,10.9666431,41.2639819,1.62300003,0.193000004,20200815403831,695,0xb,0x4,21.3099995,26.3797798,0.0231983624,0.102481849,4.47756884e-06,30,1.046,1,0.1434196703693776,59076.4038542,0.1434196703693776,18.508478200000006,18.508478200000006
632,695211400071731,132347425,2459077.9765542066,59077.4742593,18.5484066,0.0515114702,0,zr,10.9666476,41.2639885,2.148,0.112000003,20200816474259,695,0xb,0x4,21.5300007,26.4348469,0.0336135626,0.0961647034,9.4597026e-06,30,1.01300001,1,0.13824115701646328,59077.4742593,0.13824115701646328,18.5484066,18.5484066
633,695211400071731,132538434,2459079.8867745963,59079.3843403,18.4839687,0.0489914827,0,zr,10.9666502,41.2639785,1.41600001,0.114,20200818384340,695,0xb,0x4,21.6000004,26.4155769,0.0244859476,0.0959845558,4.95218956e-06,30,1.06400001,1,0.146694057109548,59079.3843403,0.146694057109548,18.4839687,18.4839687
634,695211400071731,132543050,2459079.932946948,59079.4305093,18.4986191,0.0495521128,0,zr,10.9666464,41.2639868,2.25300002,0.233999997,20200818430498,695,0xb,0x4,21.4699993,26.3689384,0.0291253645,0.0991394818,7.03141586e-06,30,1.01199996,1,0.14472793314293578,59079.4305093,0.14472793314293578,18.498619100000006,18.498619100000006
635,695211400071731,132738711,2459081.8896960253,59081.3871181,18.5598755,0.0519749336,0,zr,10.9666443,41.2639798,2.454,0.180999994,20200820387095,695,0xb,0x4,21.3799992,26.2868195,0.0232927389,0.0995172188,4.63090555e-06,30,1.04999995,1,0.13678856703261302,59081.3871181,0.13678856703261302,18.559875499999997,18.559875499999997
636,695211400071731,132847416,2459082.976821435,59082.4741667,18.5577068,0.0518869571,0,zr,10.9666458,41.2639741,1.25399995,0.0759999976,20200821474155,695,0xb,0x4,20.6900005,26.2673969,0.0224710274,0.109495848,4.24083646e-06,30,1.02199996,1,0.13706206794010736,59082.4741667,0.13706206794010736,18.5577068,18.5577068
637,695211400071731,132850745,2459083.010110761,59082.5074537,18.630085,0.0549137853,0,zr,10.9666548,41.2639987,0.810000002,0.138999999,20200821507454,695,0xb,0x4,21.2399998,26.310215,0.0203874111,0.0999386758,3.43147508e-06,30,1.06700003,1,0.1282230195625957,59082.5074537,0.1282230195625957,18.630085,18.630085
638,695211400071731,133050837,2459085.011175749,59084.5083796,18.5464172,0.0514315963,0,zr,10.9666801,41.2639817,1.10399997,0.0909999982,20200823508380,695,0xb,0x4,21.2999992,26.4420414,0.0227066688,0.0922998488,4.33368314e-06,30,1.079,1,0.1384946891985984,59084.5083796,0.1384946891985984,18.5464172,18.5464172
639,695211400071731,133146922,2459085.972086384,59085.4692245,18.5285759,0.0507209003,0,zr,10.9666542,41.2639799,1.66299999,0.174999997,20200824469201,695,0xb,0x4,21.6000004,26.422226,0.0322940461,0.094798319,8.80575226e-06,30,1.02499998,1,0.14078929687525657,59085.4692245,0.14078929687525657,18.5285759,18.5285759
640,695211400071731,133236081,2459086.8637324166,59086.3608102,18.5174637,0.0502838194,0,zr,10.9666539,41.2639814,2.32800007,0.167999998,20200825360810,695,0xb,0x4,21.6399994,26.4202385,0.031694781,0.099067077,8.43768248e-06,30,1.07200003,1,0.14223763413978352,59086.3608102,0.14223763413978352,18.5174637,18.5174637
641,695211400071731,133242474,2459086.9276719308,59086.4247454,18.5733948,0.0525271595,0,zr,10.9666818,41.2640015,2.48000002,0.191,20200825424711,695,0xb,0x4,21.5,26.3968925,0.0339098424,0.103640243,9.60454327e-06,30,1.00800002,1,0.13509587234568765,59086.4247454,0.13509587234568765,18.573394799999996,18.573394799999996
642,695211400071731,133342194,2459087.926500122,59087.4219444,18.4267845,0.0468706377,32768,zr,10.9666626,41.2639923,1.29799998,-0.00999999978,20200826421725,695,0xb,0x4,22.3700008,29.2384415,0.0688536689,0.105763651,4.16460534e-05,300,1.00800002,2,0.15462730975987513,59087.4219444,0.15462730975987513,18.426784500000004,18.426784500000004
643,695211400071731,133342707,2459087.930065365,59087.4270718,18.6553059,0.0560132824,0,zr,10.9666445,41.2639711,2.04699993,0.216000006,20200826427072,695,0xb,0x4,21.3999996,26.3097134,0.0240177307,0.102934688,4.9300902e-06,30,1.00800002,1,0.12527881592756832,59087.4270718,0.12527881592756832,18.655305899999995,18.655305899999995
644,695211400071731,133343379,2459087.936790311,59087.4337963,18.5565166,0.0518387593,0,zr,10.9666503,41.2639791,1.51100004,0.104999997,20200826433785,695,0xb,0x4,21.3299999,26.3120937,0.0320737548,0.106945217,8.70761596e-06,30,1.00800002,1,0.13721239977824484,59087.4337963,0.13721239977824484,18.556516600000002,18.556516600000002
645,695211400071731,133438177,2459088.884827441,59088.3817708,18.5304089,0.050793428,0,zr,10.9666616,41.2640056,2.01699996,0.172999993,20200827381771,695,0xb,0x4,21.2800007,26.331768,0.0437360369,0.101312913,1.73166554e-05,30,1.03199995,1,0.14055180911233245,59088.3817708,0.14055180911233245,18.530408900000005,18.530408900000005
646,695211400071731,133440671,2459088.909771284,59088.406713,18.5666733,0.0522518307,0,zr,10.9666598,41.264012,1.528,0.109999999,20200827406701,695,0xb,0x4,21.2900009,26.3412056,0.0239667371,0.102381386,5.17499348e-06,30,1.01199996,1,0.1359348085880982,59088.406713,0.1359348085880982,18.566673299999998,18.566673299999998
647,695211400071731,133542187,2459089.924999512,59089.421875,18.5052624,0.0498086587,0,zr,10.9666715,41.2639904,1.704,0.223000005,20200828421863,695,0xb,0x4,21.3500004,26.3936329,0.0302125122,0.103944659,8.13212318e-06,30,1.00800002,1,0.14384508923934244,59089.421875,0.14384508923934244,18.5052624,18.5052624
648,695211400071731,133545312,2459089.956251533,59089.453125,18.5080452,0.0499166101,0,zr,10.9666806,41.2639896,1.65100002,0.162,20200828453113,695,0xb,0x4,21.2299995,26.3742962,0.0243342463,0.105064377,5.27415841e-06,30,1.01999998,1,0.14347687865051162,59089.453125,0.14347687865051162,18.508045200000005,18.508045200000005
649,695211400071731,133644538,2459090.9485722934,59090.4453819,18.5600929,0.0519837923,0,zr,10.9666584,41.2639941,1.449,0.158999994,20200829445336,695,0xb,0x4,21.2800007,26.459259,0.021437116,0.103220791,4.11284509e-06,30,1.01699996,1,0.13676118021683156,59090.4453819,0.13676118021683156,18.560092899999994,18.560092899999994
650,695211400071731,133649148,2459090.9946748256,59090.4914815,18.5272903,0.0506701358,0,zr,10.9666737,41.2639843,1.07599998,0.061999999,20200829491435,695,0xb,0x4,21.3400002,26.4605885,0.0233760979,0.0990915373,4.84652264e-06,30,1.07799995,1,0.14095610159281324,59090.4914815,0.14095610159281324,18.527290299999997,18.527290299999997
651,695211400071731,133747223,2459091.975489372,59091.4722338,18.4303207,0.0469987467,0,zr,10.966652,41.2639952,2.90799999,0.209000006,20200830472234,695,0xb,0x4,21.5499992,26.549984,0.0382986963,0.101676427,1.30703238e-05,30,1.04900002,1,0.15412451394765472,59091.4722338,0.15412451394765472,18.430320700000003,18.430320700000003
652,695211400071731,133939153,2459093.894914302,59093.3915394,18.5228386,0.050494682,0,zr,10.96668,41.2639905,0.676999986,0.00300000003,20200901391505,695,0xb,0x4,20.3400002,26.3907871,0.0247454755,0.109331697,5.36581001e-06,30,1.01300001,1,0.14153523163417853,59093.3915394,0.14153523163417853,18.522838599999993,18.522838599999993
653,695211400071731,134034805,2459094.851488705,59094.3480556,18.6967926,0.0578738153,0,zr,10.9666307,41.2639907,1.51400006,0.186000004,20200902348044,695,0xb,0x4,20.2099991,26.3447628,0.028289631,0.0978119001,7.11679922e-06,30,1.05599999,1,0.12058213246859124,59094.3480556,0.12058213246859124,18.696792600000002,18.696792600000002
654,695211400071731,134040224,2459094.905681787,59094.4022454,18.5646439,0.0521689728,0,zr,10.966658,41.2639842,0.555999994,0.061999999,20200902402245,695,0xb,0x4,20.1000004,26.328125,0.0280331448,0.104420759,6.93892616e-06,30,1.00800002,1,0.13618912826273025,59094.4022454,0.13618912826273025,18.5646439,18.5646439
655,695211400071731,134141533,2459095.9188326537,59095.4153356,18.6375732,0.0552377962,0,zr,10.96663,41.2640205,0.595000029,0.0270000007,20200903415220,695,0xb,0x4,20.25,26.3661194,0.026305221,0.107319191,6.06337107e-06,30,1.00899994,1,0.1273417224726023,59095.4153356,0.1273417224726023,18.6375732,18.6375732
656,695211400071731,134144648,2459095.9499804024,59095.4464815,18.6717567,0.0567432344,0,zr,10.9666401,41.2639547,0.625,0.0780000016,20200903446481,695,0xb,0x4,20.2000008,26.3742523,0.0254032817,0.107964858,5.64946504e-06,30,1.02999997,1,0.12339493115037135,59095.4464815,0.12339493115037135,18.671756699999996,18.671756699999996
657,695211400071731,134233648,2459096.8400328564,59096.3364815,18.5490952,0.0515391901,0,zr,10.9666711,41.263991,1.73000002,0.224999994,20200904336481,695,0xb,0x4,20.5400009,26.4111538,0.0253198557,0.103025913,5.5812302e-06,30,1.06599998,1,0.13815350894883327,59096.3364815,0.13815350894883327,18.549095200000004,18.549095200000004
658,695211400071731,134346371,2459097.967332002,59097.4637153,18.5341053,0.050940007,0,zr,10.9666592,41.2640008,0.899999976,0.103,20200905463692,695,0xb,0x4,20.3199997,26.3809071,0.0253580213,0.107450835,5.54694179e-06,30,1.06200004,1,0.1400741126650792,59097.4637153,0.1400741126650792,18.5341053,18.5341053
659,695211400071731,134434165,2459098.845321834,59098.3416551,18.5968933,0.0535023957,0,zr,10.9666554,41.2639831,1.43799996,0.064000003,20200906341655,695,0xb,0x4,20.5100002,26.38344,0.0235280804,0.103240944,4.77580488e-06,30,1.04900002,1,0.13220341690824813,59098.3416551,0.13220341690824813,18.596893299999998,18.596893299999998
660,695211400071731,134535327,2459099.8569989214,59099.3532755,18.4879036,0.0491413623,0,zr,10.9666496,41.2640003,1.62899995,0.211999997,20200907353275,695,0xb,0x4,20.5599995,26.3547401,0.0260898005,0.102936342,5.98671977e-06,30,1.02999997,1,0.14616337413157546,59099.3532755,0.14616337413157546,18.487903600000003,18.487903600000003
661,695211400071731,135040613,2459104.9101248784,59104.4061343,18.5045166,0.0497798063,0,zr,10.9665976,41.2639859,2.01900005,0.263000011,20200912406123,695,0xb,0x4,20.4099998,25.768774,0.0270565376,0.110185064,6.51131222e-06,30,1.01600003,1,0.14394393140847195,59104.4061343,0.14394393140847195,18.504516599999995,18.504516599999995
662,695211400071731,135235851,2459106.8626048598,59106.3585185,18.5483227,0.0515081249,0,zr,10.9666744,41.2640008,1.24100006,0.119999997,20200914358333,695,0xb,0x4,20.8600006,26.016901,0.0291779842,0.115691677,7.48180719e-06,30,1.01199996,1,0.13825183998085938,59106.3585185,0.13825183998085938,18.548322699999993,18.548322699999993
663,695211400071731,135538236,2459109.886587193,59109.3823611,18.6166039,0.054335691,0,zr,10.9666838,41.263987,1.32700002,0.199000001,20200917382361,695,0xb,0x4,20.6399994,26.0370922,0.0263429414,0.111980334,6.13206157e-06,30,1.01100004,1,0.12982503250387056,59109.3823611,0.12982503250387056,18.616603899999994,18.616603899999994
664,695211400071731,135541364,2459109.917873277,59109.4136458,18.5186443,0.0503300428,0,zr,10.9666868,41.2639881,1.477,0.116999999,20200917413646,695,0xb,0x4,21.0300007,26.1445599,0.0235101916,0.109789886,4.84105522e-06,30,1.03600001,1,0.14208305286648024,59109.4136458,0.14208305286648024,18.5186443,18.5186443
665,695211400071731,135637256,2459110.876838912,59110.3725694,18.5334129,0.0509125069,32768,zr,10.9666391,41.2640196,1.83700001,0.152999997,20200918372569,695,0xb,0x4,20.7299995,25.8274002,0.0469717979,0.100078858,1.91244471e-05,30,1.00899994,1,0.14016346977348848,59110.3725694,0.14016346977348848,18.533412899999995,18.533412899999995
666,695211400071731,135835313,2459112.857489404,59112.3531366,18.5291252,0.0507426225,0,zr,10.9666705,41.2639949,2.60100007,0.238000005,20200920353137,695,0xb,0x4,21.5499992,26.5244465,0.0309657753,0.0975442305,8.32801743e-06,30,1.00800002,1,0.14071808620661014,59112.3531366,0.14071808620661014,18.529125200000003,18.529125200000003
667,695211400071731,135837239,2459112.8767493903,59112.3723958,18.4162369,0.0464909412,0,zr,10.966655,41.2639871,2.07500005,0.141000003,20200920372384,695,0xb,0x4,21.5300007,26.4717636,0.0373825878,0.100896522,1.20186896e-05,30,1.00999999,1,0.15613678766117642,59112.3723958,0.15613678766117642,18.416236899999994,18.416236899999994
668,695211400071731,135928297,2459113.787364736,59113.2829745,18.5370045,0.0510552898,0,zr,10.9666537,41.2639858,0.610000014,0.0199999996,20200921282963,695,0xb,0x4,21.0699997,26.4139557,0.0363845527,0.106960729,1.12979915e-05,30,1.08000004,1,0.1397005770424832,59113.2829745,0.1397005770424832,18.537004500000002,18.537004500000002
669,695211400071731,136040793,2459114.9123739107,59114.4079398,18.5528202,0.0516893119,0,zr,10.9666764,41.2639759,2.01900005,0.222000003,20200922407940,695,0xb,0x4,21.5100002,26.4014244,0.028805282,0.0986242965,7.29483781e-06,30,1.04700005,1,0.13768033689129217,59114.4079398,0.13768033689129217,18.552820200000006,18.552820200000006
670,695211400071731,136130982,2459115.8142945394,59115.3098264,18.6276474,0.0548087582,0,zr,10.966664,41.2640017,2.17700005,0.119000003,20200923309826,695,0xb,0x4,21.3199997,26.4368553,0.0250955895,0.0979046971,5.43940905e-06,30,1.02999997,1,0.12851121807345472,59115.3098264,0.12851121807345472,18.627647399999994,18.627647399999994
671,695211400071731,136133452,2459115.8389945608,59115.3345255,18.5421314,0.051259838,0,zr,10.9666444,41.2640016,1.92400002,0.101000004,20200923334444,695,0xb,0x4,21.3999996,26.4222164,0.0313403569,0.0960950628,8.44037459e-06,30,1.01100004,1,0.13904245907140436,59115.3345255,0.13904245907140436,18.542131399999995,18.542131399999995
672,695211400071731,136234608,2459116.850593972,59116.346088,18.5294666,0.0507561117,0,zr,10.9666564,41.2639769,2.21000004,0.175999999,20200924346088,695,0xb,0x4,21.5400009,26.4464893,0.0252311453,0.0961261615,5.48590242e-06,30,1.00800002,1,0.14067384562390098,59116.346088,0.14067384562390098,18.5294666,18.5294666
673,695211400071731,136336684,2459117.871382192,59117.3668403,18.601944,0.0537145995,0,zr,10.966653,41.263996,1.56900001,0.128000006,20200925366829,695,0xb,0x4,21.4599991,26.4335575,0.0281786639,0.102846347,6.80276389e-06,30,1.01400006,1,0.1315898524636143,59117.3668403,0.1315898524636143,18.601943999999996,18.601943999999996
674,695211400071731,136425717,2459118.7617480126,59118.2571759,18.5405731,0.0511975698,0,zr,10.9666513,41.2640096,1.69299996,0.156000003,20200926257153,695,0xb,0x4,21.1700001,26.4284172,0.0261240415,0.102373049,5.84997179e-06,30,1.10800004,1,0.13924216266870448,59118.2571759,0.13924216266870448,18.540573099999996,18.540573099999996
675,695211400071731,136434189,2459118.84647306,59118.3418981,18.5800171,0.0528000034,0,zr,10.9666423,41.2639886,1.90699995,0.149000004,20200926341887,695,0xb,0x4,21.3199997,26.4505043,0.0236279834,0.0977848545,4.81868256e-06,30,1.00800002,1,0.1342743813183211,59118.3418981,0.1342743813183211,18.5800171,18.5800171
676,695211400071731,137028835,2459124.7931062067,59124.2883565,18.5855732,0.053030137,0,zr,10.9666333,41.2640063,1.45700002,0.181999996,20201002288356,695,0xb,0x4,20.3099995,26.3943214,0.0282679405,0.104022786,6.87240981e-06,30,1.02699995,1,0.13358900649399646,59124.2883565,0.13358900649399646,18.585573199999992,18.585573199999992
677,695211400071731,137132775,2459125.832530023,59125.3277546,18.6383533,0.0552716479,0,zr,10.9666707,41.2640472,1.46800005,0.147,20201003327708,695,0xb,0x4,20.1100006,26.3928947,0.0254250448,0.106720805,5.61227125e-06,30,1.00800002,1,0.1272502604782035,59125.3277546,0.1272502604782035,18.6383533,18.6383533
678,695211400071731,137234340,2459126.848201941,59126.3434028,18.6367836,0.0552035049,0,zr,10.9666789,41.2639793,1.55499995,0.158999994,20201004343391,695,0xb,0x4,20.4099998,26.3877659,0.024720557,0.103262998,5.70841121e-06,30,1.01400006,1,0.12743436522924195,59126.3434028,0.12743436522924195,18.636783599999994,18.636783599999994
679,695211400071731,137330324,2459127.8080609646,59127.3032407,18.5331898,0.050903663,0,zr,10.9666527,41.2639896,0.488999993,0.0240000002,20201005303229,695,0xb,0x4,19.5599995,25.8829021,0.0369261615,0.101292714,1.36013232e-05,30,1.01100004,1,0.1401922739000895,59127.3032407,0.1401922739000895,18.533189799999995,18.533189799999995
680,695211400071731,137523664,2459129.74150246,59129.2366435,18.5887566,0.0531624593,0,zr,10.9666626,41.2639935,1.66700006,0.195999995,20201007236644,695,0xb,0x4,20.9500008,26.4022045,0.0211126357,0.0981654599,3.90362493e-06,30,1.08599997,1,0.133197894542211,59129.2366435,0.133197894542211,18.588756600000004,18.588756600000004
681,695211400071731,138030556,2459134.8105028714,59134.3055671,18.5713577,0.0524435341,0,zr,10.9666887,41.264015,1.55999994,0.0270000007,20201012305567,695,0xb,0x4,20.6800003,26.3837757,0.0231738817,0.103478059,4.65448556e-06,30,1.00800002,1,0.1353495823498889,59134.3055671,0.1353495823498889,18.5713577,18.5713577
682,695211400071731,138230226,2459136.8072245554,59136.3022685,18.5904198,0.0532317907,0,zr,10.9666538,41.2639993,0.920000017,0.128000006,20201014302014,695,0xb,0x4,21.3899994,26.4513607,0.0266778395,0.100321576,6.00548583e-06,30,1.00899994,1,0.13299400970967284,59136.3022685,0.13299400970967284,18.5904198,18.5904198
683,695211400071731,138624162,2459140.746599692,59140.2416204,18.5802727,0.0528105907,0,zr,10.9666522,41.263997,2.85100007,0.187000006,20201018241620,695,0xb,0x4,21.5699997,26.4158287,0.0220179763,0.0958006233,3.98787051e-06,30,1.02999997,1,0.13424277466080578,59140.2416204,0.13424277466080578,18.580272700000002,18.580272700000002
684,695211400071731,139024444,2459144.7494243374,59144.2444444,18.5195694,0.0503663085,0,zr,10.966645,41.2640042,2.64899993,0.204999998,20201022244444,695,0xb,0x4,21.5,26.3916874,0.0247954372,0.0943196565,5.2976784e-06,30,1.01800001,1,0.1419620427624985,59144.2444444,0.1419620427624985,18.5195694,18.5195694
685,695211400071731,139519870,2459149.7036523814,59149.1987037,18.6314831,0.0549741313,0,zr,10.9666544,41.2639902,0.708999991,0.0469999984,20201027198692,695,0xb,0x4,19.8400002,26.3531971,0.0278250873,0.0986460075,6.75433876e-06,30,1.05499995,1,0.12805801333869948,59149.1987037,0.12805801333869948,18.631483100000004,18.631483100000004
686,695211400071731,139723673,2459151.741661695,59151.2367361,18.7224751,0.0590586178,0,zr,10.9666437,41.2640194,1.26499999,0.0860000029,20201029236736,695,0xb,0x4,20.5,26.4546051,0.0229141749,0.102001913,4.55841837e-06,30,1.01100004,1,0.11776329807485708,59151.2367361,0.11776329807485708,18.722475100000004,18.722475100000004
687,695211400071731,139932131,2459153.826215217,59153.3213194,18.7359467,0.0596903302,0,zr,10.9666725,41.2640423,1.55400002,0.301999986,20201031321308,695,0xb,0x4,20.2999992,26.4575462,0.025021771,0.100666493,5.47016634e-06,30,1.08200002,1,0.1163111420362526,59153.3213194,0.1163111420362526,18.735946699999992,18.735946699999992
688,695211400071731,140123498,2459155.739851476,59155.2349884,18.8053989,0.0630624145,0,zr,10.9666692,41.2639932,1.796,0.108000003,20201102234977,695,0xb,0x4,20.7399998,26.4694519,0.0234359447,0.0978234708,4.74450826e-06,30,1.00899994,1,0.10910394144020447,59155.2349884,0.10910394144020447,18.805398899999993,18.805398899999993
689,695211400071731,140332180,2459157.826627023,59157.3218056,18.8669777,0.066218406,0,zr,10.9666592,41.2640501,1.58700001,0.104000002,20201104321806,695,0xb,0x4,20.6499996,26.4103203,0.0228096526,0.0973818377,4.50218113e-06,30,1.10800004,1,0.10308819131896553,59157.3218056,0.10308819131896553,18.8669777,18.8669777
690,695211400071731,141030513,2459164.809776743,59164.3051389,18.8594856,0.0658258498,0,zr,10.9667174,41.2640402,0.890999973,-0.0710000023,20201111305139,695,0xb,0x4,20.5300007,26.4334164,0.0228303745,0.101356253,4.58006571e-06,30,1.11399996,1,0.10380200924002186,59164.3051389,0.10380200924002186,18.859485599999992,18.859485599999992
691,695211400071731,141232803,2459166.832604493,59166.3280324,18.7329102,0.05954732,0,zr,10.9666938,41.2640426,2.06399989,0.215000004,20201113328032,695,0xb,0x4,21.3500004,26.4583187,0.0297182072,0.103125736,7.70053612e-06,30,1.20500004,1,0.1166368870128203,59166.3280324,0.1166368870128203,18.7329102,18.7329102
692,695211400071731,141414023,2459168.644740038,59168.1402315,18.8866577,0.0672610253,0,zr,10.9667008,41.2640279,1.91799998,0.238000005,20201115140197,695,0xb,0x4,21.2900009,26.4714241,0.0224419497,0.0980565995,4.37972176e-06,30,1.06599998,1,0.10123645289051277,59168.1402315,0.10123645289051277,18.886657699999994,18.886657699999994
693,695211400071731,141614126,2459170.645694845,59170.1412616,18.8278084,0.0641925335,0,zr,10.966673,41.264026,1.74399996,0.194000006,20201117141262,695,0xb,0x4,21.2900009,26.4738369,0.0209926423,0.0988278836,3.76102116e-06,30,1.05499995,1,0.1068751260624417,59170.1412616,0.1068751260624417,18.827808400000002,18.827808400000002
694,695211400071731,141815690,2459172.661261807,59172.1569097,18.9183483,0.0689753294,0,zr,10.966676,41.2640239,1.898,0.160999998,20201119156910,695,0xb,0x4,21.3199997,26.4937973,0.021515483,0.0960884467,4.0225068e-06,30,1.02699995,1,0.09832425851878014,59172.1569097,0.09832425851878014,18.918348299999998,18.918348299999998
695,695211400071731,142011606,2459174.620333035,59174.1160648,18.7759533,0.0616089515,0,zr,10.9667099,41.2640029,1.26199996,0.148000002,20201121116065,695,0xb,0x4,21.1299992,26.3921814,0.0222479403,0.0975944027,4.28566727e-06,30,1.08099997,1,0.1121033730065715,59174.1160648,0.1121033730065715,18.775953300000005,18.775953300000005
696,695211400071731,142624356,2459180.747540141,59180.2435648,18.6686821,0.0566060469,0,zr,10.9664745,41.2642148,0.643999994,0.718999982,20201127243565,695,0xb,0x4,19.0200005,26.425108,0.0459298007,0.101465441,2.43706309e-05,30,1.074,1,0.1237448575335805,59180.2435648,0.1237448575335805,18.668682100000005,18.668682100000005
697,695211400071731,142811787,2459182.6217472875,59182.1178704,18.8874378,0.0673026741,0,zr,10.9666872,41.2640218,1.33500004,0.125,20201129117465,695,0xb,0x4,20.2099991,26.4411755,0.0254056342,0.105063185,5.60589888e-06,30,1.04100001,1,0.10116374076044618,59182.1178704,0.10116374076044618,18.887437800000008,18.887437800000008
698,695211400071731,143028068,2459184.784441166,59184.2806829,18.9698601,0.0718569458,0,zr,10.9667007,41.2640809,1.17700005,0.0579999983,20201201280671,695,0xb,0x4,20.2900009,26.4215775,0.0240273904,0.10126026,5.01222667e-06,30,1.21200001,1,0.09376828220695854,59184.2806829,0.09376828220695854,18.9698601,18.9698601
699,695211400071731,143224521,2459186.748866005,59186.2452199,18.6854572,0.0573589653,0,zr,10.966809,41.2639666,0.550999999,0.563000023,20201203244803,695,0xb,0x4,18.9899998,26.4205914,0.0422145054,0.102038838,2.18625355e-05,30,1.11500001,1,0.12184763944140498,59186.2452199,0.12184763944140498,18.685457199999995,18.685457199999995
700,695211400071731,143424418,2459188.7477175007,59188.2441898,18.841053,0.064870283,0,zr,10.9666722,41.2640228,0.690999985,0.0109999999,20201205244190,695,0xb,0x4,20.5599995,26.4351635,0.0215915032,0.104290798,4.07038078e-06,30,1.12699997,1,0.10557930528412408,59188.2441898,0.10557930528412408,18.841052999999995,18.841052999999995
701,695211400071731,143613513,2459190.6385508124,59190.1351389,18.9506931,0.0707708299,32768,zr,10.9666952,41.2639836,0.442000002,-0.0189999994,20201207135104,695,0xb,0x4,20.2900009,25.7171478,0.0369712971,0.0986118391,1.19698871e-05,30,1.00999999,1,0.09543831431995091,59190.1351389,0.09543831431995091,18.950693100000002,18.950693100000002
702,695211400071731,143922140,2459193.724615684,59193.2214005,18.8731251,0.0665422976,0,zr,10.9666153,41.264009,1.62800002,0.138999999,20201210221400,695,0xb,0x4,20.9699993,26.2938747,0.023771571,0.0970618054,4.93506695e-06,30,1.10300004,1,0.10250615890325762,59193.2214005,0.10250615890325762,18.873125100000003,18.873125100000003
703,695211400071731,144121559,2459195.71867354,59195.2155903,18.8772869,0.0667624846,0,zr,10.9666515,41.2640215,1.28799999,0.0790000036,20201212215590,695,0xb,0x4,21.2099991,26.4649544,0.0202807765,0.0943542868,3.58633679e-06,30,1.102,1,0.1021139885568783,59195.2155903,0.1021139885568783,18.877286899999994,18.877286899999994
704,695211400071731,144322174,2459197.7246945426,59197.2217477,18.9656143,0.0716149658,32768,zr,10.9666464,41.2639925,0.898999989,0.234999999,20201214221748,695,0xb,0x4,19.5799999,25.4631081,0.0380802527,0.0986544564,1.30009394e-05,30,1.13300002,1,0.09413568343995109,59197.2217477,0.09413568343995109,18.96561429999999,18.96561429999999
705,695211400071731,144513281,2459199.6356262085,59199.1328125,18.7565689,0.0606713891,0,zr,10.9667518,41.2640778,1.69599998,0.0909999982,20201216132801,695,0xb,0x4,20.2900009,26.4383698,0.0233723484,0.104922578,4.77661843e-06,30,1.00999999,1,0.11412280564450215,59199.1328125,0.11412280564450215,18.756568899999998,18.756568899999998
706,695211400071731,144813548,2459202.6380845644,59202.1354861,18.7326298,0.0595341511,0,zr,10.9666437,41.2640217,1.67299998,0.0579999983,20201219135486,695,0xb,0x4,21.1000004,26.4617329,0.0209303852,0.0972167253,3.85890326e-06,30,1.01400006,1,0.11666701330546723,59202.1354861,0.11666701330546723,18.732629800000005,18.732629800000005
707,695211400071731,145017616,2459204.6786172763,59204.176169,18.678009,0.0570233464,0,zr,10.9666766,41.2640976,1.551,0.0610000007,20201221176169,695,0xb,0x4,20.4699993,26.4174652,0.0223176312,0.101061694,4.32056459e-06,30,1.07000005,1,0.12268639347452027,59204.176169,0.12268639347452027,18.678008999999996,18.678008999999996
708,695211400071731,145221778,2459206.7200844665,59206.2177894,18.564352,0.0521570668,32768,zr,10.9665122,41.2639741,0.84799999,-0.158999994,20201223217789,695,0xb,0x4,18.6800003,25.4383183,0.0393476263,0.0841034353,2.80240456e-05,30,1.20099998,1,0.13622574760978617,59206.2177894,0.13622574760978617,18.564352000000007,18.564352000000007
709,695211400071731,145616678,2459210.6687736856,59210.1667824,18.6486969,0.0557228886,0,zr,10.9666839,41.2640244,1.19500005,-0.0130000003,20201227166782,695,0xb,0x4,20.3400002,26.4341297,0.0238652471,0.100068323,5.01645854e-06,30,1.08399999,1,0.12604372804763644,59210.1667824,0.12604372804763644,18.648696899999997,18.648696899999997
710,695211400071731,146211689,2459216.6184156006,59216.1168981,18.5408459,0.0512084775,0,zr,10.9666504,41.2640154,2.59599996,0.236000001,20210102116898,695,0xb,0x4,20.8799992,26.2081909,0.0242963526,0.0968183056,5.14736757e-06,30,1.03100002,1,0.1392071813443655,59216.1168981,0.1392071813443655,18.5408459,18.5408459
711,695211400071731,146416204,2459218.6633995427,59218.1620486,18.5868187,0.053081885,0,zr,10.9666556,41.2639976,1.29100001,0.0920000002,20210104162049,695,0xb,0x4,20.9099998,26.3662701,0.0206377059,0.100805715,3.69943177e-06,30,1.12600005,1,0.13343584801113526,59218.1620486,0.13343584801113526,18.586818700000002,18.586818700000002
712,695211400071731,146416298,2459218.6643369677,59218.1629861,18.5354671,0.0509941094,0,zr,10.9666847,41.2639972,1.18700004,0.101999998,20210104162986,695,0xb,0x4,20.9300003,26.3780842,0.0225107856,0.0983759016,4.4133817e-06,30,1.12899995,2,0.13989853286170498,59218.1629861,0.13989853286170498,18.535467099999998,18.535467099999998
713,695211400071731,146517641,2459219.677679742,59219.176412,18.5294304,0.0507546961,0,zr,10.9666363,41.2640144,1.63499999,0.111000001,20210105176412,695,0xb,0x4,21.1800003,26.4261951,0.0214944948,0.101326831,4.07858624e-06,30,1.17999995,2,0.14067853596956975,59219.176412,0.14067853596956975,18.529430400000003,18.529430400000003
714,695211400071731,146611138,2459220.6125796773,59220.1113889,18.5384827,0.0511141829,0,zr,10.9666721,41.2639923,1.88699996,0.202000007,20210106111389,695,0xb,0x4,21.1700001,26.4449978,0.0247637723,0.103475846,5.36650214e-06,30,1.03699994,1,0.13951050796295364,59220.1113889,0.13951050796295364,18.538482699999996,18.538482699999996
715,695211400071731,146611675,2459220.6179496325,59220.1167593,18.4386749,0.047302939,0,zr,10.9666638,41.264006,1.51499999,0.209999993,20210106116759,695,0xb,0x4,21.2000008,26.4555912,0.0256443322,0.10518036,5.77575747e-06,30,1.04400003,2,0.15294315330134303,59220.1167593,0.15294315330134303,18.438674900000002,18.438674900000002
716,695211400071731,146719703,2459221.698137973,59221.197037,18.5310459,0.0508186296,0,zr,10.9666865,41.2640013,1.90999997,0.195999995,20210107197037,695,0xb,0x4,21.25,26.4240761,0.0253765043,0.0985885412,5.5971509e-06,30,1.28999996,2,0.14046937173653082,59221.197037,0.14046937173653082,18.531045900000002,18.531045900000002
717,695211400071731,146911415,2459223.6150967786,59223.1141551,18.6071625,0.0539347865,0,zr,10.9666436,41.2639987,1.472,0.0860000029,20210109114155,695,0xb,0x4,21.0799999,26.4425983,0.0199397169,0.101587944,3.46251159e-06,30,1.05299997,2,0.13095889441324643,59223.1141551,0.13095889441324643,18.60716250000001,18.60716250000001
718,695211400071731,147011128,2459224.612143136,59224.1112847,18.5352001,0.0509834886,0,zr,10.9666534,41.2639896,1.93700004,0.152999997,20210110111285,695,0xb,0x4,21.0599995,26.4488468,0.0210690685,0.0974674225,3.88662647e-06,30,1.05200005,1,0.13993294039212215,59224.1112847,0.13993294039212215,18.535200100000004,18.535200100000004
719,695211400071731,147118377,2459225.684541712,59225.1837731,18.5382328,0.0511042029,32768,zr,10.9666155,41.2639239,1.04299998,0.0989999995,20210111183762,695,0xb,0x4,19.7600002,25.6971664,0.0882912725,0.101440527,6.81104793e-05,30,1.278,2,0.13954262229083408,59225.1837731,0.13954262229083408,18.538232799999996,18.538232799999996
720,695211400071731,147211491,2459226.615609535,59226.114919,18.5573196,0.0518712588,0,zr,10.9666952,41.2640092,0.842000008,0.120999999,20210112114919,695,0xb,0x4,20.7900009,26.4179363,0.0210454725,0.0979695991,3.8527146e-06,30,1.06799996,1,0.137110956331878,59226.114919,0.137110956331878,18.557319599999992,18.557319599999992
721,695211400071731,147314342,2459227.644029958,59227.1434259,18.6374493,0.0552324168,32768,zr,10.9666489,41.2639727,0.688000023,-0.00100000005,20210113143414,695,0xb,0x4,19.7299995,25.8008213,0.0387470424,0.100272484,1.32452979e-05,30,1.14300001,2,0.12735625504471332,59227.1434259,0.12735625504471332,18.637449300000007,18.637449300000007
722,695211400071731,147511530,2459229.61573884,59229.1153009,18.5633087,0.0521145612,0,zr,10.9666565,41.2639529,0.916999996,0.0189999994,20210115115255,695,0xb,0x4,20.3199997,26.4261703,0.0244184751,0.101099722,5.19280911e-06,30,1.08500004,2,0.13635671186097345,59229.1153009,0.13635671186097345,18.5633087,18.5633087
723,695211400071731,147612013,2459230.620492049,59230.1201389,18.5743675,0.052567143,0,zr,10.9666613,41.2640029,1.37199998,0.159999996,20210116120139,695,0xb,0x4,20.8199997,26.3543549,0.0228396524,0.102663659,4.57394844e-06,30,1.10300004,1,0.13497489552959202,59230.1201389,0.13497489552959202,18.5743675,18.5743675
724,695211400071731,147815858,2459232.658768983,59232.158588,18.566515,0.0522453524,0,zr,10.9666684,41.2639927,2.11999989,0.207000002,20210118158588,695,0xb,0x4,21.2999992,26.4587097,0.0360072777,0.0957800224,1.13293645e-05,30,1.25,1,0.13595462928568097,0.0,0.13595462928568097,18.566515000000003,18.566515000000003
725,695211400071731,149615958,2459250.6582693825,59250.1595833,18.5420189,0.0512553602,0,zr,10.9665567,41.2639191,0.686999977,0.351999998,20210205159502,695,0xb,0x4,19.5699997,26.3701687,0.0432684571,0.10127762,1.64513986e-05,30,1.56900001,1,0.1390568668870438,18.0,0.1390568668870438,18.542018899999995,18.542018899999995
726,695211400071731,149816255,2459252.661084095,59252.1625579,18.669136,0.0566262938,0,zr,10.9666364,41.2640009,1.31299996,0.0480000004,20210207162558,695,0xb,0x4,20.9599991,26.3900585,0.020701807,0.0995039865,3.75158174e-06,30,1.648,1,0.12369313589848646,20.0,7.403269345750582,14.226441124570535,18.669136
727,695211400071731,150015872,2459254.657095755,59254.1587269,18.5267334,0.050648164,0,zr,10.9666508,41.2639984,1.30700004,0.131999999,20210209158715,695,0xb,0x4,20.8199997,26.2480965,0.0226537418,0.0993214771,4.4617891e-06,30,1.66400003,1,0.1410284198851755,22.0,8.513475236588095,14.07473280719595,18.526733400000005
728,695211400071731,150217179,2459256.67000641,59256.171794,18.578125,0.0527218953,0,zr,10.9667265,41.2640257,0.981999993,0.0829999968,20210211171782,695,0xb,0x4,20.6599998,26.3024292,0.0211159643,0.101373136,3.88725812e-06,30,1.88199997,1,0.13450858375040053,24.0,9.472925589187065,13.958789685274013,18.578124999999993
729,695211400071731,150615803,2459260.6559424736,59260.1580324,18.6917648,0.0576448366,0,zr,10.9666361,41.2640217,0.833000004,0.0649999976,20210215158032,695,0xb,0x4,19.5499992,26.017519,0.0392512418,0.0965222567,1.35700975e-05,30,1.84399998,1,0.12114181606913525,28.0,10.29373991553577,13.868567022377675,18.69176480000001
730,695211400071731,150917789,2459263.67558185,59263.1778935,18.5079651,0.049913507,0,zr,10.9668841,41.263939,0.635999978,1.13800001,20210218177894,695,0xb,0x4,18.7800007,26.3104382,0.049638655,0.107495293,3.81947721e-05,30,2.30800009,1,0.14348746402278714,31.0,11.604150702520652,13.73846659918047,18.5079651
731,695211400071731,151114491,2459265.642466692,59265.144919,18.637825,0.0552487113,0,zr,10.9666501,41.2640034,0.428000003,0.0430000015,20210220144907,695,0xb,0x4,20.4400005,26.3790512,0.0233953502,0.104153946,4.71250542e-06,30,1.85300004,1,0.12731219326678953,33.0,12.25511971355983,13.679206105014963,18.637825
732,695211400071731,152512502,2459279.621669555,59279.1250231,18.5979424,0.0535463952,0,zr,10.9666573,41.2639994,0.73299998,0.118000001,20210306125023,695,0xb,0x4,19.7800007,26.2413559,0.0366221033,0.109114602,1.17455684e-05,30,2.13100004,2,0.1320757361526962,47.0,12.582093289347187,13.650617747706946,18.5979424
733,695211400071731,152512803,2459279.6246786807,59279.1280324,18.5490589,0.0515377484,0,zr,10.9666667,41.2640212,0.762000024,0.0900000036,20210306128021,695,0xb,0x4,20.0100002,26.2506256,0.0293561965,0.112391919,7.52278675e-06,30,2.18499994,2,0.13815812798630236,47.0,12.976420166363852,13.61711275197166,18.5490589
734,695211400071731,152513101,2459279.6276646047,59279.1310185,18.5846176,0.0529904589,0,zr,10.9666509,41.2640178,0.911000013,0.0170000009,20210306131019,695,0xb,0x4,19.7999992,26.244091,0.0357497521,0.112255685,1.09962775e-05,30,2.24300003,2,0.1337066352963183,47.0,12.971968673673867,13.617485271965556,18.584617599999994
735,695211400071731,152513401,2459279.630662118,59279.1340162,18.5859203,0.0530445389,0,zr,10.96676,41.2637984,1.04799998,0.0439999998,20210306134016,695,0xb,0x4,19.4200001,26.2553692,0.0475131236,0.108135507,1.99425176e-05,30,2.3039999,2,0.13354630612819002,47.0,12.971808344505739,13.617498691382657,18.585920300000005
736,695211400071731,152612579,2459280.6223879294,59280.1257986,18.6245613,0.0546761602,0,zr,10.9666345,41.2639924,0.953000009,0.131999999,20210307125648,695,0xb,0x4,20.4899998,26.3189793,0.0237559415,0.106345482,4.88642172e-06,30,2.19499993,2,0.1288770183932197,48.0,12.967139056770769,13.61788957962655,18.624561300000003
737,695211400071731,152612834,2459280.6249340824,59280.1283449,18.5237141,0.0505291559,0,zr,10.9666646,41.2639689,1.37800002,0.135000005,20210307128194,695,0xb,0x4,20.4799995,26.3103905,0.0272110868,0.10710445,6.39773907e-06,30,2.24399996,2,0.1414211485372285,48.0,12.925091627049179,13.621415923683536,18.5237141
738,695211400071731,152613087,2459280.627468639,59280.1308796,18.5823288,0.0528956093,0,zr,10.9666415,41.264012,1.37899995,0.0560000017,20210307130729,695,0xb,0x4,20.5400009,26.3169003,0.0228765775,0.10405276,4.5205129e-06,30,2.29500008,2,0.1339887945677359,48.0,12.917659273079687,13.622040437385273,18.582328799999992
739,695211400071731,152613342,2459280.6300147907,59280.1334259,18.6182728,0.0544069,0,zr,10.9666241,41.2639936,1.26400006,0.0540000014,20210307133275,695,0xb,0x4,20.4899998,26.2987537,0.0229118634,0.106717058,4.54848441e-06,30,2.3499999,2,0.12962562995865193,48.0,12.913296108470602,13.622407225663785,18.618272799999993
740,695211400071731,152613596,2459280.632549345,59280.1359606,18.5365009,0.0510352217,0,zr,10.9666849,41.2639609,0.760999978,0.136999995,20210307135810,695,0xb,0x4,20.3099995,26.2881889,0.0243252218,0.109787844,5.13129226e-06,30,2.4059999,2,0.13976538977404257,48.0,12.923435868285994,13.621555019981251,18.5365009
741,695211400071731,158748723,2459341.982792612,59341.4872338,18.4833279,0.048967097,0,zr,10.9667014,41.2639308,0.760999978,0.0280000009,20210507487234,695,0xb,0x4,19.7199993,26.2042809,0.0362054929,0.107234009,1.1105164e-05,30,2.61400008,1,0.1467806612926211,109.0,12.930451139804571,13.620965806107257,18.4833279
742,695211400071731,158748958,2459341.9851421784,59341.4895833,18.5696716,0.0523744486,0,zr,10.9666303,41.2639769,0.488999993,0.0209999997,20210507489583,695,0xb,0x4,19.6399994,26.2143726,0.0378864519,0.102855936,1.2233404e-05,30,2.55200005,1,0.13555993752071785,109.0,6.868232691305108,14.307887499110542,18.5696716
743,695211400071731,158749194,2459341.9875033395,59341.4919444,18.5525532,0.0516785383,0,zr,10.9666611,41.2639759,1.09599996,-0.0419999994,20210507491944,695,0xb,0x4,19.5300007,26.2282772,0.0395607799,0.0977252126,1.34519605e-05,30,2.49300003,1,0.1377141988645584,109.0,6.870386952648949,14.307547004997545,18.5525532
744,695211400071731,158749429,2459341.989853004,59341.494294,18.504673,0.0497858562,0,zr,10.9666936,41.264107,0.623000026,-0.0939999968,20210507494294,695,0xb,0x4,19.0100002,26.2335033,0.0430021025,0.107311003,1.95833782e-05,30,2.43600011,1,0.14392319781833357,109.0,6.876595951602724,14.306566231912313,18.504673000000004
745,695211400071731,158848644,2459342.9820316536,59342.4864468,18.5880909,0.0531347767,0,zr,10.9666825,41.2639528,0.671000004,0.0850000009,20210508486447,695,0xb,0x4,20.2399998,26.1895924,0.028224377,0.10220632,6.79448749e-06,30,2.56299996,1,0.13327958752319247,110.0,6.865952341307583,14.30824803867931,18.588090900000005
746,695211400071731,158848885,2459342.9844391234,59342.4888542,18.5956764,0.053451404,0,zr,10.9666436,41.2640106,0.586000025,-0.0379999988,20210508488843,695,0xb,0x4,20.0799999,26.1961117,0.0302953217,0.102869853,7.82981442e-06,30,2.50200009,1,0.13235167440187484,110.0,6.785767192853138,14.321002610693363,18.595676399999995
747,695211400071731,158849366,2459342.9892540574,59342.493669,18.5565357,0.0518395342,0,zr,10.9666541,41.2640434,0.871999979,-0.0379999988,20210508493669,695,0xb,0x4,19.7000008,26.1990223,0.036017064,0.106398575,1.11884556e-05,30,2.38800001,1,0.13720998599322737,110.0,6.79062550444449,14.32022554934408,18.556535700000005
748,695211400071731,159048526,2459344.9809071138,59344.4852662,18.5604897,0.0519998707,0,zr,10.9666797,41.2640297,0.524999976,0.0329999998,20210510485266,695,0xb,0x4,20.1900005,26.1420403,0.0290190447,0.102875873,7.25782093e-06,30,2.45600009,1,0.13671120774568188,112.0,6.790126726196945,14.32030530068517,18.560489699999998
749,695211400071731,159048768,2459344.9833261888,59344.4876852,18.5125103,0.0500902869,0,zr,10.966608,41.2639825,1.53600001,0.135000005,20210510487685,695,0xb,0x4,19.9799995,26.1431351,0.0311290603,0.105011255,8.28138764e-06,30,2.4000001,1,0.14288804031577,112.0,6.640915983336993,14.344430035362812,18.512510299999995
750,695211400071731,159049010,2459344.98574526,59344.4901042,18.4942493,0.0493841358,0,zr,10.9666847,41.2640116,1.023,0.0390000008,20210510490104,695,0xb,0x4,19.9099998,26.159893,0.0330416411,0.10175699,9.31156865e-06,30,2.34599996,1,0.14531159841475844,112.0,6.643339541435981,14.344033875443024,18.4942493
751,695211400071731,159049252,2459344.988164237,59344.4925231,18.5441399,0.0513402373,0,zr,10.9665735,41.2639849,0.603999972,0.122000001,20210510492512,695,0xb,0x4,19.7900009,26.1626034,0.0330347493,0.113032967,9.38358244e-06,30,2.29500008,1,0.13878548262569,112.0,6.6368134256469125,14.345100977723632,18.544139899999998
752,695211400071731,159148296,2459345.9786338517,59345.482963,18.4405613,0.0473719127,0,zr,10.9667216,41.2639847,1.21300006,0.115000002,20210511482963,695,0xb,0x4,20.1800003,26.1885662,0.0308441762,0.10283871,8.1113194e-06,30,2.4460001,1,0.15267765467257519,113.0,6.650705597693798,14.342830690904357,18.440561300000006
753,695211400071731,159148538,2459345.981052832,59345.4853819,18.5222015,0.0504696481,0,zr,10.966641,41.2640164,0.657000005,0.0540000014,20210511485382,695,0xb,0x4,20.1499996,26.1999264,0.0281586871,0.105270922,6.78623428e-06,30,2.3900001,1,0.14161830757558186,113.0,6.563497472346328,14.357161694177478,18.5222015
754,695211400071731,159148778,2459345.983460405,59345.4877894,18.5638981,0.0521386042,0,zr,10.9667058,41.2639816,0.635999978,0.0439999998,20210511487789,695,0xb,0x4,20.1399994,26.2084846,0.0272224545,0.103585564,6.32714045e-06,30,2.33699989,1,0.13628270969064363,113.0,6.55816187446139,14.358044669716449,18.563898099999996
755,695211400071731,159149019,2459345.985867885,59345.4901968,18.5325527,0.0508783571,0,zr,10.96662,41.2639971,0.998000026,-0.0189999994,20210511490197,695,0xb,0x4,19.9200001,26.2141953,0.0329905376,0.107982926,9.26944722e-06,30,2.28699994,1,0.14027456157501858,113.0,6.562153726345764,14.357383999900186,18.532552700000004
756,695211400071731,159149261,2459345.9882868608,59345.4926157,18.5318489,0.0508504696,0,zr,10.966621,41.2639753,0.532999992,-0.0250000004,20210511492604,695,0xb,0x4,19.5,26.2224426,0.0383573547,0.104539759,1.2965269e-05,30,2.23799992,1,0.1403655203557448,113.0,6.56224468512649,14.357368950487903,18.531848899999993
757,695211400071731,159248432,2459346.980030911,59346.4843287,18.5292664,0.0507481918,0,zr,10.9666256,41.2639968,0.734000027,0.0299999993,20210512484329,695,0xb,0x4,20.4200001,26.2335987,0.0271447115,0.101056807,6.26484234e-06,30,2.35299993,1,0.14069978700857808,114.0,6.562578951779324,14.357313646825595,18.529266400000004
758,695211400071731,159248667,2459346.9823804847,59346.4866782,18.565136,0.0521890521,0,zr,10.9667226,41.2640225,0.745999992,0.0579999983,20210512486678,695,0xb,0x4,20.1499996,26.2343178,0.0280620046,0.105434746,6.68387838e-06,30,2.30299997,1,0.1361274157728827,114.0,6.482874952696627,14.370580888410444,18.565136000000003
759,695211400071731,159248902,2459346.984730163,59346.4890278,18.5150833,0.0501907244,0,zr,10.9666927,41.264002,0.481000006,-0.0850000009,20210512489028,695,0xb,0x4,20.0400009,26.2393627,0.0282343458,0.103124879,6.76290392e-06,30,2.25500011,1,0.14254982221391568,114.0,6.48929735913766,14.369505811762245,18.515083300000008
760,695211400071731,159249137,2459346.9870797414,59346.4913773,18.7795448,0.0617843494,0,zr,10.9666877,41.2640509,1.12100005,0.160999998,20210512491377,695,0xb,0x4,19.6800003,26.2370205,0.0357914828,0.103165627,1.09242219e-05,30,2.20900011,1,0.1117331596111199,114.0,6.458480696534864,14.37467408531969,18.779544800000004
761,695211400071731,159448340,2459348.9791714586,59348.4834028,18.5868683,0.0530839153,0,zr,10.9666167,41.2639957,1.65900004,0.158000007,20210514483391,695,0xb,0x4,20.6900005,26.2240162,0.0241763014,0.104938492,4.96918028e-06,30,2.2579999,1,0.133429752362064,116.0,6.480177289285808,14.371032780576115,18.5868683
762,695211400071731,159448575,2459348.9815210397,59348.4857523,18.6383743,0.0552725792,0,zr,10.9666652,41.2639617,1.26600003,0.195999995,20210514485752,695,0xb,0x4,20.4899998,26.2223339,0.0298258997,0.104702376,7.63369098e-06,30,2.21199989,1,0.127247799263761,116.0,6.326743241957778,14.397049475359779,18.638374300000002
763,695211400071731,159448810,2459348.9838707247,59348.4881019,18.527935,0.0506956056,0,zr,10.9666152,41.2639681,0.81099999,0.104999997,20210514488102,695,0xb,0x4,20.2399998,26.2271385,0.0267330538,0.108607918,6.08818891e-06,30,2.16799998,1,0.14087242802325245,116.0,6.3403678707172695,14.394713858612825,18.527935000000006
764,695211400071731,159449046,2459348.9862319077,59348.490463,18.6901588,0.0575719066,0,zr,10.9666615,41.2639936,1.39699996,-0.0839999989,20210514490463,695,0xb,0x4,20.0499992,26.2388783,0.0323301405,0.103659548,8.94497953e-06,30,2.125,1,0.12132113929406325,116.0,6.320816581988081,14.398067029712237,18.6901588
765,695211400071731,159548096,2459349.9767643106,59349.4809606,18.6519966,0.055867672,0,zr,10.9667039,41.2640457,0.893000007,0.00999999978,20210515480961,695,0xb,0x4,20.25,26.2513561,0.0263076872,0.105813771,5.89529873e-06,30,2.25200009,1,0.12566124551718416,117.0,6.325156688211202,14.397321778944537,18.651996599999997
766,695211400071731,159548337,2459349.9791833973,59349.4833796,18.52034,0.0503965169,0,zr,10.9667301,41.2639966,0.716000021,0.0729999989,20210515483380,695,0xb,0x4,19.9599991,26.2600174,0.0283253845,0.103222974,6.88800537e-06,30,2.20499992,1,0.1418613211166398,117.0,6.269215551256372,14.40696699444397,18.520339999999997
767,695211400071731,159548578,2459349.9815908843,59349.485787,18.5751934,0.0526011214,0,zr,10.9667408,41.2639655,0.907000005,0.074000001,20210515485787,695,0xb,0x4,19.8700008,26.2566967,0.0312996879,0.11080724,8.5242491e-06,30,2.16000009,1,0.1348722615954255,117.0,6.262226491735158,14.408178072262487,18.575193399999996
768,695211400071731,159548819,2459349.983998376,59349.4881944,18.4880085,0.0491453633,0,zr,10.9666749,41.2639723,0.866999984,-0.00999999978,20210515488194,695,0xb,0x4,19.6200008,26.2697353,0.0335751176,0.107012942,9.74363684e-06,30,2.1170001,1,0.1461492530244267,117.0,6.273503483164159,14.406224641356985,18.4880085
769,695211400071731,159549060,2459349.9864059607,59349.4906019,18.4173107,0.0465294421,0,zr,10.9667674,41.2640272,0.569999993,0.0260000005,20210515490602,695,0xb,0x4,19.3400002,26.2802048,0.0425012186,0.103534758,1.6390879e-05,30,2.07599998,1,0.15598244372299389,117.0,6.283336673862727,14.40452417321395,18.417310699999994
770,695211400071731,159848237,2459352.9782893667,59352.4823727,18.4752979,0.0486630164,0,zr,10.966699,41.2639595,1.38300002,-0.00200000009,20210518482373,695,0xb,0x4,19.8099995,26.200882,0.0336389616,0.104438946,9.65997606e-06,30,2.0769999,1,0.1478702611936578,120.0,6.2752244913333906,14.405926832544246,18.475297900000008
771,695211400071731,159848471,2459352.980627371,59352.4847106,18.5723248,0.0524831973,0,zr,10.9665477,41.2640791,0.43599999,-0.0489999987,20210518484711,695,0xb,0x4,19.4599991,26.1966248,0.0361701474,0.112464912,1.13873666e-05,30,2.03800011,1,0.1352290758208319,120.0,6.051970465041897,14.445258000242681,18.572324799999997
772,695211400071731,159848704,2459352.982965456,59352.4870486,18.5127716,0.0501005165,0,zr,10.9667402,41.2640602,0.968999982,-0.0790000036,20210518487049,695,0xb,0x4,19.3500004,26.2082195,0.0413234197,0.107198842,1.53949586e-05,30,2.00099993,1,0.1428536561326715,120.0,6.059595045353737,14.44389099546082,18.5127716
773,695211400071731,159947899,2459353.97494971,59353.4789931,18.6799393,0.0571101122,0,zr,10.966708,41.2639781,1.12399995,0.0769999996,20210519478993,695,0xb,0x4,20.3299999,26.2610149,0.0250261519,0.115083389,5.4168313e-06,30,2.08800006,1,0.12246846655102644,121.0,6.039209855772092,14.447549697207762,18.679939299999994
774,695211400071731,159948133,2459353.9772877074,59353.481331,18.5916462,0.0532829054,0,zr,10.9667083,41.2639711,0.734000027,0.0250000004,20210519481331,695,0xb,0x4,19.8999996,26.2609653,0.0306414943,0.116559453,8.07316792e-06,30,2.04900002,1,0.13284387032039133,121.0,5.981281321667278,14.45801442660035,18.591646200000007
775,695211400071731,159948368,2459353.979637408,59353.4836806,18.6168499,0.0543462187,0,zr,10.9666682,41.2640351,0.851999998,0.0579999983,20210519483681,695,0xb,0x4,20.0599995,26.2730713,0.0294961296,0.112001196,7.4944187e-06,30,2.01099992,1,0.12979562081060483,121.0,5.978233072157492,14.458567893039984,18.6168499
776,695211400071731,159948601,2459353.981975402,59353.4860185,18.7049942,0.0582493991,0,zr,10.9667204,41.2639903,0.460999995,-0.0,20210519486018,695,0xb,0x4,19.3899994,26.2759361,0.0389108546,0.11259494,1.34475567e-05,30,1.97500002,1,0.11967469243091336,121.0,5.9681121437778,14.460407562126711,18.70499420000001
777,695211400071731,159948835,2459353.984313503,59353.4883565,18.5189171,0.0503407419,0,zr,10.9666361,41.2639558,1.03799999,0.103,20210519488356,695,0xb,0x4,19.5100002,26.2933674,0.0368947759,0.10596659,1.18649677e-05,30,1.94099998,1,0.1420473578351767,121.0,5.990484809182063,14.456345071976457,18.518917100000003
778,695211400071731,160048000,2459354.975997934,59354.48,18.6716576,0.0567388162,0,zr,10.9666991,41.2639071,0.508000016,-0.00600000005,20210520480000,695,0xb,0x4,19.7700005,26.2918854,0.0335792005,0.10822361,9.73502756e-06,30,2.02600002,1,0.12340619447171185,122.0,5.971843645818598,14.459728928626369,18.671657599999996
779,695211400071731,160048233,2459354.9783360097,59354.482338,18.6704693,0.0566857383,0,zr,10.9671932,41.2639775,1.25,0.25999999,20210520482338,695,0xb,0x4,19.3500004,26.2976913,0.0398326255,0.105993114,1.47218125e-05,30,1.99000001,1,0.12354133213926557,122.0,5.904606436913535,14.472022610906386,18.6704693
780,695211400071731,160048467,2459354.980674041,59354.4846759,18.4685192,0.0484079905,0,zr,10.9666103,41.264015,1.60300004,-0.00600000005,20210520484676,695,0xb,0x4,19.2600002,26.2922688,0.041995436,0.120075874,1.66363734e-05,30,1.95500004,1,0.14879636438222504,122.0,5.929861469156494,14.46738863078987,18.468519199999996
781,695211400071731,160048702,2459354.983023731,59354.4870255,18.7724743,0.0614395849,0,zr,10.9668114,41.2640241,0.44600001,-0.0250000004,20210520487025,695,0xb,0x4,19.3299999,26.3133469,0.0395462923,0.103166535,1.45012837e-05,30,1.921,1,0.11246315943281009,122.0,5.893528264207079,14.474061573340641,18.772474299999992
782,695211400071731,160247799,2459356.974081664,59356.4779977,18.6720772,0.0567575619,0,zr,10.9666202,41.263989,1.00899994,-0.050999999,20210522477951,695,0xb,0x4,20.3500004,26.2716465,0.0276706778,0.104326941,6.67957829e-06,30,1.97300005,1,0.12335851140245337,124.0,5.9044236161767225,14.472056228416392,18.672077199999997
783,695211400071731,160248034,2459356.976431268,59356.4803472,18.5611553,0.0520269535,0,zr,10.9666736,41.2639938,1.18099999,0.112999998,20210522480336,695,0xb,0x4,20.0599995,26.2680168,0.0307879895,0.107799962,8.24574545e-06,30,1.93799996,1,0.13662742395604363,124.0,5.785697450662937,14.494110701237474,18.561155300000003
784,695211400071731,160248270,2459356.978792472,59356.4827083,18.5535698,0.0517195873,0,zr,10.9667257,41.2640015,0.927999973,0.0549999997,20210522482697,695,0xb,0x4,20.0400009,26.2814426,0.0280748848,0.106069073,6.84887891e-06,30,1.90499997,1,0.1375853142131475,124.0,5.786655340920041,14.493930959718455,18.5535698
785,695211400071731,160248506,2459356.9811536814,59356.4850694,18.6235332,0.0546320118,0,zr,10.966653,41.2639878,0.648999989,0.064000003,20210522485058,695,0xb,0x4,19.9699993,26.2861862,0.0306005273,0.109232403,8.1590324e-06,30,1.87199998,1,0.1289991117840738,124.0,5.7780691384909675,14.49554316458648,18.623533200000004
786,695211400071731,160347805,2459357.974184364,59357.4780556,18.6691093,0.0566250682,0,zr,10.9666814,41.2639728,1.51400006,0.185000002,20210523478009,695,0xb,0x4,20.5300007,26.2923107,0.0239639916,0.109846964,4.97516703e-06,30,1.93200004,1,0.12369617774909747,125.0,5.772766204455991,14.496540077399587,18.669109299999995
787,695211400071731,160348040,2459357.976533975,59357.4804051,18.663147,0.0563599616,0,zr,10.9666388,41.2639954,0.578000009,0.0560000017,20210523480394,695,0xb,0x4,20.4300003,26.2953568,0.0287971273,0.107367083,7.17856665e-06,30,1.89900005,1,0.12437732152105198,125.0,5.708801908275804,14.508637566171906,18.663147000000002
788,695211400071731,160348277,2459357.9789067847,59357.4827778,18.697567,0.0579091348,0,zr,10.9666409,41.2640363,0.875,0.0260000005,20210523482755,695,0xb,0x4,20.2900009,26.3066654,0.0242421981,0.102004334,5.09630809e-06,30,1.86699998,1,0.12049615807653095,125.0,5.704920744831282,14.509375961515609,18.697567
789,695211400071731,160348513,2459357.981267996,59357.4851389,18.5583458,0.0519128665,0,zr,10.9666172,41.2640386,0.646000028,-0.0529999994,20210523485116,695,0xb,0x4,19.8799992,26.3028278,0.0298771132,0.101959884,7.75969875e-06,30,1.83599997,1,0.13698142506101416,125.0,5.721406011815766,14.506243080055079,18.558345800000005
790,695211400071731,160447587,2459358.9720542054,59358.4758796,18.612421,0.0541577227,0,zr,10.9666854,41.2639895,1.03199995,0.155000001,20210524475880,695,0xb,0x4,20.2299995,26.287468,0.0290638618,0.107738808,7.29321073e-06,30,1.92400002,1,0.13032616025178007,126.0,5.714750747006532,14.507506767310112,18.612421000000005
791,695211400071731,160447824,2459358.974415414,59358.4782407,18.5490646,0.0515379421,32768,zr,10.9667658,41.264044,0.781000018,0.0120000001,20210524478218,695,0xb,0x4,19.7999992,26.2962856,0.0676387176,0.10071104,3.97868898e-05,30,1.89100003,1,0.13815740267267734,126.0,5.658822756438198,14.51818477165856,18.5490646
792,695211400071731,160448060,2459358.976776733,59358.4806019,18.6184235,0.0544133671,0,zr,10.9666329,41.2640784,0.998000026,0.0529999994,20210524480590,695,0xb,0x4,20.0699997,26.2974396,0.0323035754,0.107928574,9.05923389e-06,30,1.85899997,1,0.12960763919191268,126.0,5.650272992957434,14.519826421835972,18.6184235
793,695211400071731,160448296,2459358.9791379413,59358.482963,18.6147461,0.0542565733,0,zr,10.9667045,41.2640585,1.02999997,-0.0939999968,20210524482951,695,0xb,0x4,19.6399994,26.2947521,0.0401699431,0.111040354,1.39316799e-05,30,1.829,1,0.13004736589472257,126.0,5.650712719660244,14.519741928816721,18.614746099999998
794,695211400071731,160448532,2459358.9814991537,59358.4853241,18.663166,0.0563608035,0,zr,10.9666852,41.2639894,0.451999992,0.0120000001,20210524485312,695,0xb,0x4,19.7399998,26.2980022,0.033277858,0.109912403,9.57841257e-06,30,1.79900002,1,0.12437514498091244,126.0,5.645040498746433,14.520832345012273,18.663165999999997
795,695211400071731,160547687,2459359.973096731,59359.476875,18.6152363,0.0542774312,0,zr,10.9666211,41.2639876,0.864000022,0.0729999989,20210525476863,695,0xb,0x4,20.1399994,26.2797127,0.0300200377,0.110468358,7.7295972e-06,30,1.87199998,1,0.1299886639470921,127.0,5.650654017712613,14.519753207953364,18.6152363
796,695211400071731,160547924,2459359.9754695464,59359.4792477,18.6387577,0.0552892052,0,zr,10.9666127,41.2639587,0.456,0.0970000029,20210525479225,695,0xb,0x4,20.1499996,26.2701149,0.0285522938,0.110284574,6.98818258e-06,30,1.84099996,1,0.12720287288741702,127.0,5.5849837884940365,14.532445207927687,18.638757700000006
797,695211400071731,160548160,2459359.97783076,59359.4816088,18.5842896,0.0529768616,0,zr,10.9666377,41.2640164,0.537,0.0109999999,20210525481586,695,0xb,0x4,20.0300007,26.2897911,0.0312538631,0.112582311,8.36208528e-06,30,1.81200004,1,0.1337470340609982,127.0,5.591527949667618,14.531173749767156,18.584289599999998
798,695211400071731,160548396,2459359.9801919707,59359.4839699,18.538126,0.05109993,0,zr,10.966705,41.2639946,0.90200001,0.0359999985,20210525483947,695,0xb,0x4,19.8799992,26.2857285,0.0319944955,0.106656559,8.86185535e-06,30,1.78299999,1,0.13955634927626964,127.0,5.597337264882889,14.530046310245822,18.538126
799,695211400071731,160846271,2459362.959088768,59362.4627199,18.5323582,0.0508706495,0,zr,10.9666578,41.2639599,1.52400005,-0.00499999989,20210528462720,695,0xb,0x4,20.3799992,26.3369102,0.0254296958,0.102026232,5.52701522e-06,30,1.95599997,1,0.14029969276806845,130.0,5.598080608374688,14.529902130733824,18.532358199999997
800,695211400071731,160846468,2459362.9610564704,59362.4646875,18.6541996,0.055964563,0,zr,10.9666564,41.2639952,1.30700004,0.150999993,20210528464676,695,0xb,0x4,20.25,26.3303928,0.0257714652,0.110052973,5.69980784e-06,30,1.92799997,1,0.1254065325754248,130.0,5.399668883099641,14.569082177596144,18.65419959999999
801,695211400071731,160846664,2459362.96301257,59362.4666435,18.5659389,0.0522218421,0,zr,10.9666869,41.2640182,1.19099998,0.0590000004,20210528466644,695,0xb,0x4,20.2700005,26.3323822,0.0323303156,0.104686558,8.94257573e-06,30,1.89999998,1,0.1360267870020581,130.0,5.4102891375262745,14.566948811597378,18.5659389
802,695211400071731,160846861,2459362.9649802726,59362.4686111,18.5987701,0.0535811223,0,zr,10.9666793,41.2640035,1.20700002,0.129999995,20210528468611,695,0xb,0x4,20.3199997,26.3400936,0.0268728659,0.104854703,6.19551474e-06,30,1.87300003,1,0.1319750879217801,130.0,5.406237438445996,14.567762210715316,18.598770100000003
803,695211400071731,160847057,2459362.9669479737,59362.4705787,18.5289154,0.05073433,0,zr,10.9666968,41.264025,1.01400006,0.131999999,20210528470567,695,0xb,0x4,20.3799992,26.3414001,0.0260980316,0.106460616,5.84036707e-06,30,1.84800005,1,0.14074528020356536,130.0,5.415007630727781,14.566002317596357,18.528915399999995
804,695211400071731,160946333,2459363.959753647,59363.4633333,18.4898682,0.0492163822,0,zr,10.9667029,41.2639972,0.372999996,-0.0489999987,20210529463322,695,0xb,0x4,19.9699993,26.3339119,0.0298308358,0.110143848,7.61176398e-06,30,1.90799999,1,0.14589913598224472,131.0,5.420161486506461,14.56496943510519,18.489868199999997
805,695211400071731,160946528,2459363.961709853,59363.4652894,18.5007687,0.049634967,0,zr,10.9666635,41.2640092,0.569000006,0.0130000003,20210529465289,695,0xb,0x4,20.1700001,26.333786,0.0258316044,0.106644094,5.72453064e-06,30,1.88100004,1,0.14444167632165075,131.0,5.35920486360432,14.577249102710823,18.500768700000002
806,695211400071731,160946725,2459363.963677458,59363.4672569,18.5880585,0.0531334355,0,zr,10.9666424,41.2639882,0.924000025,0.143999994,20210529467257,695,0xb,0x4,20.1000004,26.3418064,0.0300059449,0.10076385,7.67813981e-06,30,1.85500002,1,0.13328356484572268,131.0,5.348046752128392,14.579512012078503,18.588058499999995
807,695211400071731,160946922,2459363.9656451624,59363.4692245,18.5400543,0.0511768647,0,zr,10.9666406,41.263981,0.842000008,0.0520000011,20210529469213,695,0xb,0x4,20.1000004,26.3349228,0.0309577137,0.0984538421,8.17746786e-06,30,1.83000004,1,0.13930871299230405,131.0,5.354071900274973,14.578289502333398,18.5400543
808,695211400071731,160947118,2459363.967601356,59363.4711806,18.5187683,0.0503349006,0,zr,10.9667962,41.2639318,0.795000017,0.0670000017,20210529471181,695,0xb,0x4,19.5799999,26.1676826,0.0401117541,0.108215354,1.38614123e-05,30,1.80499995,1,0.14206682674043028,131.0,5.3568300140230996,14.577730336720016,18.518768299999998
809,695211400071731,161046153,2459364.9580121683,59364.4615394,18.5626068,0.0520859696,0,zr,10.9666433,41.2639901,1.97000003,0.268000007,20210530461539,695,0xb,0x4,20.5400009,26.2780571,0.024119569,0.100429639,4.96364646e-06,30,1.89499998,1,0.13644489140118826,132.0,5.351208078683857,14.578870403508468,18.562606800000005
810,695211400071731,161046350,2459364.959979775,59364.4635069,18.5452881,0.051386252,0,zr,10.9666336,41.2639871,1.255,0.0450000018,20210530463507,695,0xb,0x4,20.7099991,26.2827644,0.0236246735,0.104168378,4.74887429e-06,30,1.86899996,1,0.13863879021597086,132.0,5.294720808384598,14.590392338454372,18.5452881
811,695211400071731,161046546,2459364.961935979,59364.465463,18.4809284,0.0488760509,0,zr,10.9666651,41.2639993,1.45899999,0.166999996,20210530465463,695,0xb,0x4,20.7199993,26.2835636,0.024160469,0.10718973,4.97542487e-06,30,1.84300005,1,0.14710540837854488,132.0,5.303187426547172,14.588657559170976,18.480928400000003
812,695211400071731,161046743,2459364.9639036884,59364.4674306,18.51437,0.0501628332,0,zr,10.9666061,41.2639642,1.454,0.207000002,20210530467431,695,0xb,0x4,20.7000008,26.2758884,0.0220342278,0.0998314694,4.14573879e-06,30,1.81799996,1,0.1426435044507709,132.0,5.298725522619398,14.589571441589328,18.514370000000007
813,695211400071731,161046939,2459364.9658712936,59364.4693981,18.6406441,0.0553712547,0,zr,10.9666232,41.263991,2.02900004,0.222000003,20210530469387,695,0xb,0x4,20.7099991,26.2838058,0.0233328864,0.100451015,4.65183575e-06,30,1.79400003,1,0.12698205758710684,132.0,5.283064075755734,14.592785304827991,18.640644099999996
814,695211400071731,161146391,2459365.96043846,59365.463912,18.5361748,0.0510222726,0,zr,10.9666911,41.2639547,1.00899994,0.157000005,20210531463912,695,0xb,0x4,20.4599991,26.2631474,0.0278146509,0.105480641,6.61050262e-06,30,1.82799995,1,0.139807374501706,133.0,5.295889392670333,14.5901527348341,18.536174800000005
815,695211400071731,161146583,2459365.962359867,59365.4658333,18.5354061,0.0509916879,0,zr,10.9666732,41.2639931,1.50699997,0.184,20210531465833,695,0xb,0x4,20.6700001,26.2703438,0.0233511236,0.105403259,4.64924051e-06,30,1.80400002,1,0.13990639301244862,133.0,5.2381140008780545,14.60206263485452,18.535406099999996
816,695211400071731,161146774,2459365.9642697754,59365.4677431,18.5380154,0.0510955602,0,zr,10.9666143,41.2640158,1.625,0.163000003,20210531467743,695,0xb,0x4,20.6800003,26.2769375,0.0239924286,0.101988144,4.907743e-06,30,1.78100002,1,0.13957056609831017,133.0,5.237778173963917,14.602132246002334,18.5380154
817,695211400071731,161146966,2459365.966191181,59365.4696644,18.5203362,0.0503963791,0,zr,10.9666096,41.2639936,1.22099996,0.131999999,20210531469653,695,0xb,0x4,20.3899994,26.2722664,0.0275753736,0.106659159,6.44030069e-06,30,1.75800002,1,0.1418618176221093,133.0,5.240069425487715,14.601657397566214,18.520336199999996
818,695211400071731,161147158,2459365.9681124794,59365.4715856,18.559494,0.0519594476,0,zr,10.9667372,41.2640164,0.860000014,0.126000002,20210531471574,695,0xb,0x4,20.3799992,26.2783203,0.0260043871,0.105760254,5.75089598e-06,30,1.73599994,1,0.13683663949015695,133.0,5.235044247355763,14.602699108123673,18.559493999999994
819,695211400071731,161246337,2459366.959960639,59366.4633796,18.6054344,0.0538617857,0,zr,10.9666222,41.2640075,1.53699994,0.114,20210601463380,695,0xb,0x4,20.8799992,26.2872257,0.0217761509,0.100186862,4.06191248e-06,30,1.801,1,0.13116749965454544,134.0,5.229375107520152,14.603875511851918,18.6054344
820,695211400071731,161246539,2459366.961974652,59366.4653935,18.6187019,0.0544252247,0,zr,10.9666285,41.2639912,2.07599998,0.164000005,20210601465394,695,0xb,0x4,20.9400005,26.2784176,0.0252009556,0.099869363,5.40797146e-06,30,1.77600002,1,0.129574409996008,134.0,5.1707031930422955,14.616125976843968,18.618701899999998
821,695211400071731,161246740,2459366.963988665,59366.4674074,18.6012726,0.0536863543,0,zr,10.9666229,41.2640253,0.851000011,0.0520000011,20210601467407,695,0xb,0x4,20.8400002,26.2840004,0.0264380779,0.104588047,5.97785265e-06,30,1.75300002,1,0.13167125045793884,134.0,5.172800033504227,14.615685774798983,18.60127260000001
822,695211400071731,161246942,2459366.9660026776,59366.4694213,18.5750656,0.0525958762,0,zr,10.9666211,41.2640145,1.11300004,0.0489999987,20210601469421,695,0xb,0x4,20.7800007,26.2998352,0.0276439041,0.103175588,6.51935216e-06,30,1.73000002,1,0.13488813809419695,134.0,5.1760169211404845,14.615010781415457,18.575065599999995
823,695211400071731,161247143,2459366.968016688,59366.4714352,18.5658607,0.0522186309,0,zr,10.9666502,41.2639713,1.83399999,0.112999998,20210601471435,695,0xb,0x4,20.8600006,26.2986488,0.0233676378,0.10239134,4.64915638e-06,30,1.70799994,1,0.13603658466541463,134.0,5.177165367711702,14.614769906679186,18.565860699999995
824,695211400071731,161346251,2459367.959148216,59367.4625116,18.5908585,0.0532500818,0,zr,10.9666261,41.2640266,1.41900003,0.128999993,20210602462500,695,0xb,0x4,20.4799995,26.2677364,0.0251810458,0.106502928,5.44510749e-06,30,1.778,1,0.13294028332003258,135.0,5.174069066366321,14.615419445938144,18.590858500000003
825,695211400071731,161346451,2459367.961150629,59367.4645139,18.6176014,0.0543782525,0,zr,10.9666405,41.2639936,1.19599998,0.143999994,20210602464502,695,0xb,0x4,20.6499996,26.2693672,0.0272789486,0.104917802,6.38579513e-06,30,1.755,1,0.1297058129370059,135.0,5.114540252561505,14.627983497621166,18.617601400000005
826,695211400071731,161346650,2459367.9631414413,59367.4665046,18.6492767,0.0557482764,0,zr,10.9666701,41.2640261,1.61699998,0.0810000002,20210602466493,695,0xb,0x4,20.6399994,26.2579136,0.0270741079,0.106898323,6.24446784e-06,30,1.73199999,1,0.1259764367077094,135.0,5.110810876332208,14.62877547413558,18.649276699999994
827,695211400071731,161346850,2459367.965143857,59367.4685069,18.5538521,0.0517309494,0,zr,10.9666359,41.2639753,0.805000007,0.0979999974,20210602468495,695,0xb,0x4,20.6299992,26.271719,0.0262737516,0.104779929,5.8626706e-06,30,1.71000004,1,0.13754954559359578,135.0,5.122383985218095,14.626319672434128,18.553852099999993
828,695211400071731,161347050,2459367.96714637,59367.4705093,18.5386906,0.0511224531,0,zr,10.9666654,41.264012,1.75300002,0.192000002,20210602470486,695,0xb,0x4,20.6700001,26.2705898,0.0255638212,0.106482297,5.59419595e-06,30,1.68799996,1,0.13948379663312233,135.0,5.124318236257621,14.625909767596006,18.538690600000002
829,695211400071731,163139123,2459385.889026504,59385.3912384,18.5699005,0.0523838252,0,zr,10.9666684,41.2639701,1.02400005,0.0309999995,20210620391134,695,0xb,0x4,20.3999996,26.2240715,0.025055144,0.106188804,5.30437865e-06,30,2.0940001,1,0.13553136115117123,153.0,5.12036580077567,14.626747529404405,18.569900499999996
830,695211400071731,163343684,2459387.9347756305,59387.4368403,18.6623287,0.0563236438,0,zr,10.9666472,41.2639744,1.36600006,0.0549999997,20210622436782,695,0xb,0x4,20.7900009,26.2395687,0.0211686175,0.096822761,3.82937469e-06,30,1.49800003,1,0.12447109782279996,155.0,4.218044570430693,14.837222088879997,18.662328699999996
831,695211400071731,163740719,2459391.9054273735,59391.4071991,18.5954781,0.0534431152,0,zr,10.9666717,41.2639777,0.855000019,0.120999999,20210626407188,695,0xb,0x4,20.2700005,26.3459702,0.0305170007,0.101520188,7.95750384e-06,30,1.66600001,1,0.13237584945821165,159.0,4.139789316796336,14.857554401352957,18.5954781
832,695211400071731,163944900,2459393.9473870075,59393.4490046,18.6793022,0.0570814759,0,zr,10.9666506,41.2640132,1.64499998,0.166999996,20210628449005,695,0xb,0x4,20.8099995,26.3621292,0.0216782,0.105254367,4.03587273e-06,30,1.31400001,1,0.1225403510071684,161.0,3.9644626245452517,14.904539180393712,18.679302200000002
833,695211400071731,164539233,2459399.8911803337,59399.392338,18.3131523,0.0429608077,32768,zr,10.9666062,41.2639879,0.615999997,-0.0390000008,20210704392326,695,0xb,0x4,19.6599998,25.5186195,0.238166809,0.115610145,0.00050229457,30,1.59800005,1,0.1716876594091242,167.0,3.934142623789243,14.91287474932215,18.313152300000006
834,695211400071731,164744209,2459401.94109926,59401.4420949,18.5866356,0.0530742519,0,zr,10.9666902,41.2639985,1.25100005,0.0909999982,20210706442072,695,0xb,0x4,21.1000004,26.4142494,0.0206529237,0.0948718861,3.66093491e-06,30,1.24199998,1,0.1334583527078659,169.0,3.6698483560615127,14.988379702780101,18.5866356
835,695211400071731,164843374,2459402.932833245,59402.43375,18.5638428,0.0521363169,0,zr,10.9666682,41.2639944,2.09899998,0.172999993,20210707433750,695,0xb,0x4,21.2000008,26.3776379,0.0219058171,0.100350939,4.11920155e-06,30,1.26699996,2,0.13628965117950953,170.0,3.601232415599781,15.00887212328984,18.563842799999996
836,695211400071731,164942684,2459403.9260028508,59403.4268403,18.541853,0.051248733,0,zr,10.9666552,41.2639874,1.199,0.0970000029,20210708426829,695,0xb,0x4,21.4099998,26.3538589,0.0267045237,0.0987667516,6.13633756e-06,30,1.28799999,1,0.13907811633669187,171.0,3.5689968695244163,15.018634582442644,18.541852999999996
837,695211400071731,165046188,2459404.9611321366,59404.4618866,18.6286297,0.0548510514,0,zr,10.9666358,41.2639925,2.08699989,0.192000002,20210709461806,695,0xb,0x4,21.2700005,26.2130928,0.0227938071,0.0964061245,4.51824235e-06,30,1.13999999,2,0.1283950024760906,172.0,3.5237467198375723,15.032488288483442,18.628629699999998
838,695211400071731,165143146,2459405.9307933887,59405.4314699,18.5287075,0.0507261269,0,zr,10.9666766,41.2639862,1.25300002,0.116999999,20210710431470,695,0xb,0x4,21.2700005,26.3329048,0.0214029327,0.0987705439,3.90429204e-06,30,1.24100006,1,0.1407722331091511,173.0,3.5020069551415327,15.039207489308907,18.528707500000003
839,695211400071731,165445348,2459408.953051676,59408.4534838,18.7869663,0.0621484555,32768,zr,10.9666869,41.2640428,1.80200005,0.236000001,20210713453472,695,0xb,0x4,20.2900009,25.1759205,0.0623663291,0.0956271812,3.34684009e-05,30,1.13300002,1,0.11097201706742245,176.0,3.4385329579411215,15.059067021598942,18.786966299999996
840,695211400071731,165546157,2459409.961223875,59409.4615741,18.5847588,0.0529963486,0,zr,10.9666732,41.2639874,1.98000002,0.188999996,20210714461562,695,0xb,0x4,21.2700005,26.2815342,0.0243231915,0.0986829475,5.06013066e-06,30,1.10399997,2,0.13368924787822978,177.0,3.3628214698672765,15.083240471253696,18.584758799999996
841,695211400071731,165642890,2459410.9286289746,59410.4289005,18.6097069,0.054042533,0,zr,10.9666431,41.2640192,1.51199996,0.153999999,20210715428889,695,0xb,0x4,21.0200005,26.2202682,0.0215987843,0.0989844874,4.04708317e-06,30,1.19599998,2,0.13065235431919853,178.0,3.3278175163650285,15.0946012415667,18.6097069
842,695211400071731,165746520,2459411.965021247,59411.4652083,18.5774918,0.0526957922,0,zr,10.9666643,41.2639837,1.70500004,0.186000004,20210716465208,695,0xb,0x4,21.3299999,26.2621136,0.0232431311,0.096845068,4.69726956e-06,30,1.08399999,1,0.13458705186765318,179.0,3.300195820786257,15.103650725029695,18.577491799999997
843,695211400071731,165842899,2459412.928884662,59412.4289931,18.5069885,0.0498755686,0,zr,10.9666537,41.2640043,2.17499995,0.187999994,20210717428993,695,0xb,0x4,21.2999992,26.2840252,0.0224227645,0.0953581184,4.31483932e-06,30,1.176,2,0.14361658645398265,180.0,3.2780734271322216,15.110953306717647,18.5069885
844,695211400071731,166044987,2459414.9499293463,59414.4498727,18.5233974,0.0505166762,0,zr,10.9666505,41.2639983,2.39700007,0.145999998,20210719449861,695,0xb,0x4,21.4400005,26.4063702,0.0194459464,0.0903716311,3.27600401e-06,30,1.10000002,2,0.14146240589820744,182.0,3.2451656807208034,15.121907813887866,18.5233974
845,695211400071731,166141230,2459415.912438488,59415.4123032,18.5231609,0.0505073927,0,zr,10.9666635,41.2639805,1.58899999,0.180000007,20210720412303,695,0xb,0x4,21.3799992,26.3569336,0.0231369957,0.0985750034,4.61411446e-06,30,1.20700002,1,0.14149322323935054,183.0,3.1848605321913404,15.142273952611923,18.5231609
846,695211400071731,166241528,2459416.915506672,59416.4152894,18.5392838,0.0511461347,0,zr,10.9666408,41.2639987,1.05799997,0.074000001,20210721415278,695,0xb,0x4,20.9799995,26.1972351,0.0347303078,0.0936030671,1.03625625e-05,30,1.18599999,2,0.1394076094445377,184.0,3.1531807980457773,15.153127817070548,18.5392838
847,695211400071731,166440906,2459418.9094426595,59418.4090625,18.6125641,0.0541637987,0,zr,10.9666697,41.2639714,1.03600001,0.0780000016,20210723409062,695,0xb,0x4,20.2199993,26.1772289,0.0263719372,0.0985616297,5.95607571e-06,30,1.18900001,1,0.13030898439958763,186.0,3.1148629716108465,15.166402634937583,18.612564100000007
848,695211400071731,166843121,2459422.9319231883,59422.4312153,18.6608467,0.0562580042,0,zr,10.9666469,41.2639852,1.74899995,0.167999998,20210727431204,695,0xb,0x4,20.8400002,26.3952198,0.021620987,0.0943531916,4.03170952e-06,30,1.09200001,1,0.12464111344821747,190.0,3.0518590420724188,15.188588823142695,18.6608467
849,695211400071731,167038975,2459424.890623579,59424.3897569,18.5999508,0.0536307544,0,zr,10.9666461,41.2639783,2.01799989,0.0989999995,20210729389757,695,0xb,0x4,20.8700008,26.3595676,0.0207400881,0.094747819,3.72793625e-06,30,1.199,1,0.13183164765487512,192.0,2.9486349800406053,15.225947466692688,18.599950799999995
850,695211400071731,167345500,2459427.956113735,59427.455,18.5890236,0.0531735756,0,zr,10.9666783,41.2640032,1.88,0.138999999,20210801454988,695,0xb,0x4,21.1900005,26.3906136,0.0201500058,0.0951103419,3.50853338e-06,30,1.02999997,1,0.1331651430642879,195.0,2.896806302098895,15.245201358419656,18.589023599999997
851,695211400071731,167540412,2459429.905389975,59429.4041204,18.495533,0.0494334213,0,zr,10.9666427,41.263986,2.57299995,0.192000002,20210803404109,695,0xb,0x4,21.4099998,26.409668,0.020588534,0.098162964,3.67619964e-06,30,1.11099994,1,0.1451398934761769,197.0,2.831481784664082,15.269965569770754,18.495533000000002
852,695211400071731,168036766,2459434.869322808,59434.367662,18.5155201,0.0502077676,0,zr,10.9666365,41.2639735,1.22500002,0.0540000014,20210808367662,695,0xb,0x4,21.5499992,26.4166813,0.0205002297,0.0970944986,3.59852834e-06,30,1.17999995,1,0.14249248486184826,202.0,2.778875157497079,15.29032740926025,18.515520099999996
853,695211400071731,168238513,2459436.886955928,59436.3851389,18.5100536,0.0499946699,0,zr,10.9666152,41.2639945,2.25,0.150000006,20210810385116,695,0xb,0x4,21.6000004,26.4330311,0.0320435874,0.0893558934,8.93936976e-06,30,1.11099994,1,0.14321171975909067,204.0,2.6599389363302364,15.337820833158446,18.5100536
854,695211400071731,168538929,2459439.891340021,59439.389294,18.5842819,0.0529765636,0,zr,10.9666402,41.2639768,2.26099992,0.156000003,20210813389294,695,0xb,0x4,21.3400002,26.2810555,0.0248645004,0.0980043262,5.36527477e-06,30,1.08200002,1,0.13374798259325613,207.0,2.604619224930814,15.360639395497131,18.5842819
855,695211400071731,168842998,2459442.9322612383,59442.4299884,18.4950027,0.0494130515,0,zr,10.9666585,41.2639877,1.13399994,0.105999999,20210816429954,695,0xb,0x4,21.25,26.3230419,0.0223680809,0.103378274,4.31097442e-06,30,1.01699996,1,0.14521080064928063,210.0,2.5493446823546355,15.383928605202314,18.495002700000008
856,695211400071731,169239385,2459446.8964142194,59446.3938542,18.5118237,0.0500635281,0,zr,10.9666396,41.2639615,1.204,0.145999998,20210820393843,695,0xb,0x4,20.5499992,26.350975,0.0239105653,0.104964823,4.94797814e-06,30,1.04200006,1,0.14297842871316893,214.0,2.482737241159931,15.412673103200497,18.5118237
857,695211400071731,169537023,2459449.8730001776,59449.3702315,18.606226,0.0538952239,0,zr,10.9666372,41.2639682,1.05999994,0.104999997,20210823370220,695,0xb,0x4,19.9799995,26.2400055,0.0304296389,0.105069838,8.02197883e-06,30,1.06599998,1,0.131071901524968,217.0,2.388498651904761,15.454687498752996,18.606226
858,695211400071731,169842418,2459452.927165783,59452.4241898,18.2829857,0.041987557,32768,zr,10.9666762,41.2641151,0.671000004,0.114,20210826424178,695,0xb,0x4,18.9500008,25.6215191,0.0714510456,0.101033799,7.86465243e-05,30,1.00800002,1,0.17652479670039423,220.0,2.3747052897245835,15.460975700874776,18.282985700000005
859,695211400071731,170034346,2459454.846563091,59454.3434606,18.5423622,0.0512690842,0,zr,10.9666359,41.2639843,2.27099991,0.25,20210828343403,695,0xb,0x4,21.0799999,26.4262505,0.0276858266,0.0971639156,6.55769372e-06,30,1.09300005,1,0.13901290530982816,222.0,2.279992235644346,15.505166579892027,18.542362200000007
860,695211400071731,170436540,2459458.868762593,59458.3654051,18.5739441,0.0525497459,0,zr,10.9666502,41.2639917,1.91299999,0.202999994,20210901365405,695,0xb,0x4,21.3400002,26.4017277,0.0215514768,0.0967587382,4.00858426e-06,30,1.03600001,1,0.13502754138861472,226.0,2.2389665468924504,15.524880988259376,18.5739441
861,695211400071731,170633921,2459460.8426903044,59460.339213,18.6197109,0.054468371,0,zr,10.9666461,41.2639546,1.19400001,0.142000005,20210903339097,695,0xb,0x4,21.0499992,26.4175167,0.0230216589,0.0997360498,4.54926158e-06,30,1.06799996,1,0.1294540494076893,228.0,2.1618285054749298,15.562946902321237,18.619710899999994
862,695211400071731,170838982,2459462.8934242623,59462.3898264,18.6176167,0.0543789193,0,zr,10.9666359,41.2640132,1.46300006,0.0549999997,20210905389699,695,0xb,0x4,21.3600006,26.5261822,0.0299957879,0.105373546,7.76571324e-06,30,1.00999999,1,0.1297039851588151,230.0,2.1275078937355167,15.580322049671985,18.617616700000006
863,695211400071731,171038716,2459464.8908756766,59464.3871644,18.6103497,0.0540697798,0,zr,10.9666461,41.2639653,2.02099991,0.129999995,20210907387164,695,0xb,0x4,21.3500004,26.4248562,0.0222414862,0.0986419767,4.28372232e-06,30,1.00899994,1,0.13057502570372154,232.0,2.094586546637136,15.597254225580365,18.610349699999993
864,695211400071731,171238296,2459466.8867834997,59466.382963,18.6323318,0.0550107956,0,zr,10.9666615,41.2639991,2.43700004,0.228,20210909382951,695,0xb,0x4,21.5400009,26.4745998,0.0239395741,0.0931239501,4.97239353e-06,30,1.00899994,1,0.12795795186076178,234.0,2.058933881228601,15.615893999261893,18.632331799999996
865,695211400071731,171435534,2459468.8592714784,59468.3553472,18.5526543,0.0516826212,0,zr,10.9666704,41.2639896,1.95700002,0.181999996,20210911354907,695,0xb,0x4,21.4699993,26.4524555,0.0215061903,0.098690562,3.99411692e-06,30,1.01900005,1,0.13770137599171167,236.0,2.036377821060274,15.627854104174638,18.552654299999993
866,695211400071731,171640737,2459470.9114004225,59470.4073727,18.6419029,0.0554260723,0,zr,10.9666594,41.2640056,1.90600002,0.148000002,20210913407350,695,0xb,0x4,21.3899994,26.4537201,0.0192503463,0.094628863,3.18080083e-06,30,1.01900005,1,0.12683492020030418,238.0,1.9939279511904529,15.650726346462285,18.641902899999998
867,695211400071731,171839018,2459472.8943083817,59472.3901852,18.6013527,0.0536897108,0,zr,10.966666,41.263979,1.59000003,0.228,20210915390174,695,0xb,0x4,21.2800007,26.4366817,0.0250122659,0.10282477,5.44644445e-06,30,1.01199996,1,0.13166153679261441,240.0,1.967867816199196,15.665010192382717,18.6013527
868,695211400071731,172028793,2459474.7921500867,59474.2879398,18.5409622,0.0512131453,0,zr,10.9666742,41.263972,1.89199996,0.201000005,20210917287940,695,0xb,0x4,20.8600006,26.4132614,0.0228856876,0.0950009525,4.52043605e-06,30,1.09500003,1,0.13919227079053623,242.0,1.9451896611252308,15.677595118539251,18.540962200000003
869,695211400071731,172323694,2459477.741281613,59477.2369444,18.6092091,0.0540214218,0,zr,10.966691,41.26399,0.838999987,0.107000001,20210920236933,695,0xb,0x4,20.2999992,26.4111252,0.0250341538,0.105557598,5.39215125e-06,30,1.23199999,1,0.1307122709488574,245.0,1.907160421623571,15.699031936373395,18.609209100000008
870,695211400071731,172535903,2459479.8634615145,59479.3590394,18.7230797,0.0590868033,0,zr,10.9666418,41.2639842,1.495,0.050999999,20210922358900,695,0xb,0x4,20.3999996,26.390461,0.030869741,0.104139298,8.23097616e-06,30,1.00899994,1,0.11769773899213304,247.0,1.8510204214700197,15.731471974615822,18.723079699999992
871,695211400071731,172934913,2459483.853698401,59483.3491319,18.5629845,0.0521013588,32768,zr,10.9666242,41.2639903,0.912,-0.248999998,20210926349005,695,0xb,0x4,19.2199993,25.3080883,0.0444692336,0.106814303,2.54316928e-05,30,1.00899994,1,0.13639743395029416,251.0,1.841743989344295,15.736926847050235,18.562984499999992
872,695211400071731,173140658,2459485.9112185966,59485.4065856,18.5488243,0.0515283048,32768,zr,10.9667554,41.2639918,0.896000028,0.344999999,20210928406586,695,0xb,0x4,19.1299992,25.244976,0.0446362272,0.130940303,2.5533227e-05,30,1.07099998,1,0.13818798367189955,253.0,1.7893671954838326,15.76825132212992,18.5488243
873,695211400071731,173432783,2459488.832553516,59488.3278356,18.5511513,0.0516219959,0,zr,10.9666509,41.2639769,1.19700003,0.0869999975,20211001327836,695,0xb,0x4,21.2900009,26.4672337,0.0260079242,0.10117054,5.82654775e-06,30,1.00800002,1,0.13789212995730418,256.0,1.7628489871682793,15.784462223858235,18.551151300000008
874,695211400071731,173724153,2459491.7463305886,59491.2415394,18.4743996,0.0486291572,0,zr,10.966627,41.2639912,1.852,0.0610000007,20211004241528,695,0xb,0x4,21.0,26.2161636,0.0215803105,0.097855188,4.03671856e-06,30,1.09500003,1,0.1479926544788885,259.0,1.7346506678360933,15.801969930866427,18.474399600000005
875,695211400071731,174432790,2459498.832825622,59498.3279051,18.4447651,0.04752611,0,zr,10.9666616,41.2640062,2.59200001,0.189999998,20211011327905,695,0xb,0x4,21.4300003,26.4815102,0.0269381646,0.101622254,6.2698191e-06,30,1.01600003,1,0.1520876537141183,266.0,1.7016457215797638,15.822827134686456,18.444765100000005
876,695211400071731,174836405,2459502.869013397,59502.3640509,18.5314293,0.0508338399,0,zr,10.9666523,41.2639871,0.890999973,0.0729999989,20211015364051,695,0xb,0x4,20.8400002,26.4138412,0.0215348303,0.0997156724,4.01370698e-06,30,1.079,1,0.14041977732392838,270.0,1.6078186868859874,15.884407320132901,18.531429300000006
877,695211400071731,176323999,2459517.7449159366,59517.24,18.4636536,0.0482258312,0,zr,10.9666606,41.2639972,1.88800001,0.156000003,20211030240000,695,0xb,0x4,21.6299992,26.5671577,0.0260077566,0.0918885246,5.84885265e-06,30,1.00999999,1,0.1494646742693752,285.0,1.5725240241287468,15.908506777319054,18.463653600000008
878,695211400071731,176624721,2459520.7520785024,59520.2472106,18.5694103,0.0523637608,0,zr,10.9666595,41.2640099,2.12899995,0.163000003,20211102247199,695,0xb,0x4,21.4899998,26.5037708,0.0237839185,0.0992551371,4.92617983e-06,30,1.00899994,1,0.1355925661410735,288.0,1.4075270373122741,16.028858134987722,18.56941030000001
879,695211400071731,176830171,2459522.8065406405,59522.301713,18.487236,0.0491158962,0,zr,10.9666481,41.2639857,3.02099991,0.207000002,20211104301701,695,0xb,0x4,21.5599995,26.5197392,0.0275659319,0.093632482,6.50418497e-06,30,1.06400001,1,0.14625327504304028,290.0,1.3905814457566787,16.042008924035095,18.487236000000003
880,695211400071731,177021483,2459524.719622784,59524.214838,18.4872131,0.0491150357,0,zr,10.9666573,41.2640017,3.44099998,0.223000005,20211106214780,695,0xb,0x4,21.5699997,26.5263634,0.0285260379,0.0920694023,7.0536671e-06,30,1.01199996,1,0.14625635980276913,292.0,1.3726265134546995,16.056119041487726,18.487213099999998
881,695211400071731,177215252,2459526.657259196,59526.1525231,18.6362114,0.055178687,0,zr,10.9666496,41.2639981,2.21499991,0.282999992,20211108152523,695,0xb,0x4,21.4500008,26.5081692,0.0307067595,0.0954759866,8.17689852e-06,30,1.08099997,1,0.12750154283765955,294.0,1.3362606195046796,16.085272075881754,18.6362114
882,695211400071731,177520521,2459529.7098687547,59529.2052199,18.4995193,0.0495867915,0,zr,10.9666575,41.2640007,1.54200006,0.167999998,20211111205220,695,0xb,0x4,21.0400009,26.452076,0.0258912593,0.10504172,5.78837489e-06,30,1.00999999,1,0.14460798679728315,297.0,1.3360946230990338,16.085406959376904,18.499519299999996
883,695211400071731,177723761,2459531.7421994014,59531.2376157,18.4942398,0.0493837632,0,zr,10.9666328,41.2639888,1.44000006,0.153999999,20211113237569,695,0xb,0x4,20.9599991,26.4604626,0.0239215419,0.0966912061,4.97557585e-06,30,1.01600003,1,0.14531286987113887,299.0,1.311508200746864,16.105572473648657,18.494239799999995
884,695211400071731,178332962,2459537.8339851205,59537.3296296,18.6042614,0.0538122766,0,zr,10.9666308,41.2639948,1.63900006,0.164000005,20211119329618,695,0xb,0x4,20.25,26.0040874,0.0329120308,0.102646321,9.42500083e-06,30,1.27999997,1,0.13130928604719325,305.0,1.2810439610683122,16.13108991622807,18.604261400000006
885,695211400071731,179615207,2459550.655795872,59550.1520718,18.4785461,0.0487857759,0,zr,10.9666694,41.2639891,1.41799998,0.125,20211202151759,695,0xb,0x4,21.2000008,26.465826,0.0215640385,0.100250185,4.03204012e-06,30,1.00899994,1,0.14742853840628198,318.0,1.2496204617502267,16.158054680272933,18.478546099999996
886,695211400071731,186817996,2459622.678120282,59622.1799653,18.5489025,0.0515314229,0,zr,10.966595,41.2639333,0.879999995,0.0769999996,20220212179954,695,0xb,0x4,19.7199993,26.3250656,0.0340624489,0.112008572,9.91442812e-06,30,2.03200006,1,0.13817803105990725,390.0,1.1460853673433267,16.251957580735414,18.548902500000004
887,695211400071731,187015717,2459624.655180705,59624.1571759,18.6387177,0.0552874915,0,zr,10.9666523,41.2639835,0.99000001,0.0370000005,20220214157176,695,0xb,0x4,20.3099995,26.3615379,0.0252529737,0.104979321,5.54177541e-06,30,1.79100001,1,0.12720755930076746,392.0,0.7698658997813549,16.683962291149662,18.638717699999994
888,695211400071731,187515844,2459629.656085978,59629.1584491,18.5541973,0.0517449155,0,zr,10.9666938,41.2639514,0.739000022,-0.0199999996,20220219158368,695,0xb,0x4,19.8899994,26.3463078,0.0330949984,0.109824471,9.42758743e-06,30,1.99399996,1,0.13750581991190808,397.0,0.7727969508597579,16.67983650034332,18.55419729999999
889,695211400071731,195348355,2459707.9791316576,59707.4835532,18.3881989,0.0454986244,0,zr,10.9670984,41.2640841,0.944000006,0.878000021,20220508483495,695,0xb,0x4,18.8099995,26.2414837,0.0454164445,0.116928488,2.96233993e-05,30,2.65899992,1,0.16022136965874917,475.0,0.7775892526907338,16.673124376407394,18.3881989
890,695211400071731,195348597,2459707.981550743,59707.4859722,18.3544502,0.0443363972,32768,zr,10.9665698,41.2639958,0.799000025,-0.0299999993,20220508485972,695,0xb,0x4,18.9500008,26.2457752,0.04188627,0.1063127,2.27287528e-05,30,2.59299994,1,0.16527985379389276,475.0,0.5741979419058236,17.002345921189452,18.354450199999995
891,695211400071731,195348840,2459707.983981386,59707.4884028,18.1343784,0.0375614129,32768,zr,10.9670482,41.2638542,1.01699996,0.97299999,20220508488391,695,0xb,0x4,18.8299999,26.2731495,0.0469106734,0.107558869,3.05531539e-05,30,2.52999997,1,0.20241777186217763,475.0,0.6113358599741086,16.934300321125498,18.134378399999996
892,695211400071731,195349082,2459707.9864004776,59707.4908218,18.4148006,0.0464395434,32768,zr,10.9664237,41.2638488,0.861000001,0.389999986,20220508490822,695,0xb,0x4,18.7600002,26.2559395,0.0452958457,0.10885822,3.02333901e-05,30,2.47000003,1,0.1563434747613663,475.0,0.5652615628732972,17.01937636263471,18.4148006
893,695211400071731,195448233,2459708.977943521,59708.482338,18.6189651,0.0544364788,0,zr,10.9667655,41.2639491,0.54400003,-0.0120000001,20220509482326,695,0xb,0x4,19.6499996,26.2533302,0.0387446843,0.105498873,1.31705192e-05,30,2.6170001,1,0.12954300287223514,476.0,0.5384610909841661,17.072114183010534,18.618965100000004
894,695211400071731,195448476,2459708.9803740988,59708.4847685,18.5950375,0.0534246489,0,zr,10.9665058,41.2638461,1.10000002,0.0109999999,20220509484757,695,0xb,0x4,19.5200005,26.2594452,0.0392738506,0.104789808,1.36445542e-05,30,2.55299997,1,0.1324295794848429,476.0,0.5393489124827375,17.070325481552423,18.595037499999997
895,695211400071731,195448719,2459708.982804764,59708.4871991,18.6134071,0.0541996211,0,zr,10.9666685,41.2639133,0.814999998,0.0590000004,20220509487188,695,0xb,0x4,19.4699993,26.2677631,0.0380758271,0.100324988,1.28387819e-05,30,2.4920001,1,0.1302078476421442,476.0,0.5371271806400387,17.07480717536685,18.613407099999996
896,695211400071731,195448962,2459708.985235338,59708.4896296,18.7043705,0.0582206994,32768,zr,10.9666119,41.2639878,0.727999985,0.0529999994,20220509489630,695,0xb,0x4,19.2600002,26.2734528,0.0423216633,0.103753701,1.74365632e-05,30,2.43400002,1,0.11974345917941041,476.0,0.5266627921773049,17.096168406796984,18.704370500000003
897,695211400071731,195449207,2459708.987677594,59708.4920718,18.5916271,0.0532821119,32768,zr,10.9667848,41.263755,0.458000004,-0.0299999993,20220509492060,695,0xb,0x4,19.0799999,26.2850132,0.0426201522,0.101289682,1.92059506e-05,30,2.37800002,1,0.13284620729711735,476.0,0.5397655402950119,17.06948711279366,18.591627100000004
898,695211400071731,195548158,2459709.9772195,59709.4815856,18.8336124,0.0644886047,32768,zr,10.9666774,41.2639195,0.740999997,0.0270000007,20220510481574,695,0xb,0x4,19.1800003,25.4124565,0.0523060523,0.0969139561,2.99757903e-05,30,2.56500006,1,0.106305330003721,477.0,0.5132246630016155,17.124231204456017,18.8336124
899,695211400071731,195648211,2459710.9777817205,59710.4821181,18.7596035,0.0608171374,0,zr,10.9665398,41.2639135,1.09099996,-0.0489999987,20220511482106,695,0xb,0x4,19.7099991,26.2452431,0.0364348628,0.113382041,1.1602413e-05,30,2.48300004,1,0.11380428117954407,478.0,0.5187381977860189,17.112629427842826,18.759603500000004
900,695211400071731,195648453,2459710.9802006828,59710.484537,18.4535522,0.0478502028,32768,zr,10.9668397,41.2639067,1.02900004,0.00899999961,20220511484537,695,0xb,0x4,19.3500004,26.2630081,0.0749874935,0.101821698,5.33732346e-05,30,2.42499995,1,0.15086174262328292,478.0,0.5538234701530947,17.04157160873688,18.453552199999997
901,695211400071731,195648696,2459710.982631368,59710.4869676,18.491333,0.0492724106,32768,zr,10.9666925,41.2640062,1.18099999,0.0189999994,20220511486968,695,0xb,0x4,19.5,26.2717037,0.0459742323,0.10097383,1.86736706e-05,30,2.36999989,1,0.14570243170468186,478.0,0.5486641592344937,17.0517335214848,18.491333000000004
902,695211400071731,195648939,2459710.9850619417,59710.4893981,18.5012474,0.0496534146,32768,zr,10.966695,41.2639121,1.01699996,0.0439999998,20220511489387,695,0xb,0x4,19.3600006,26.2795753,0.0456030779,0.104396701,1.90315786e-05,30,2.31800008,1,0.1443780061690097,478.0,0.5473397336988215,17.05435755861422,18.501247400000004
903,695211400071731,195649181,2459710.987481019,59710.4918171,18.5500526,0.0515777208,32768,zr,10.9667587,41.2640744,0.469999999,0.0109999999,20220511491817,695,0xb,0x4,19.25,26.2812462,0.040752843,0.102772057,1.55479611e-05,30,2.26799989,1,0.13803173915878414,478.0,0.540993466688596,17.067019949055314,18.550052600000008
904,695211400071731,195748075,2459711.976446864,59711.4807523,18.6327782,0.0550300628,32768,zr,10.9666135,41.2640088,0.469999999,0.118000001,20220512480752,695,0xb,0x4,19.1900005,26.2218819,0.0487529151,0.112365499,2.39064484e-05,30,2.45000005,1,0.12790535281455756,479.0,0.5308670803443694,17.08753551226426,18.632778199999997
905,695211400071731,195748549,2459711.9811924137,59711.4854977,18.2000389,0.039443735,32768,zr,10.9668913,41.2642921,0.931999981,3.00999999,20220512485486,695,0xb,0x4,18.2299995,26.2521725,0.0762195736,0.0979676843,0.000195954766,30,2.34299994,1,0.1905392449912699,479.0,0.591541900474858,16.97003621930387,18.200038900000003
906,695211400071731,195748785,2459711.9835535786,59711.4878588,18.3823681,0.0452953428,32768,zr,10.9670201,41.264051,0.609000027,0.0829999968,20220512487847,695,0xb,0x4,18.6200008,26.2500782,0.0479190238,0.100682996,4.20912584e-05,30,2.29299998,1,0.16108413153657739,479.0,0.5620867870201655,17.025491558879715,18.3823681
907,695211400071731,195749021,2459711.985914762,59711.4902199,18.5857754,0.0530385524,32768,zr,10.9668453,41.264001,0.802999973,0.414999992,20220512490220,695,0xb,0x4,18.4799995,26.241951,0.0464619286,0.107959919,4.51336127e-05,30,2.24499989,1,0.13356413011802612,479.0,0.5345667856016142,17.079995072226204,18.585775399999996
908,695211400071731,195848138,2459712.9771157475,59712.4813889,18.5736942,0.0525394566,0,zr,10.9666901,41.2639934,1.38499999,0.158000007,20220513481389,695,0xb,0x4,20.2800007,26.2101002,0.0258863326,0.112142354,5.78089384e-06,30,2.37299991,1,0.1350586237694358,480.0,0.5360612792530239,17.076963903938527,18.5736942
909,695211400071731,195848376,2459712.9794885223,59712.4837616,18.5048771,0.0497937463,0,zr,10.9667785,41.263933,0.75,-0.0930000022,20220513483750,695,0xb,0x4,19.6599998,26.2114429,0.0390486009,0.11130105,1.32144323e-05,30,2.3210001,1,0.14389614523986716,480.0,0.5429527365135908,17.06309493415271,18.50487710000001
910,695211400071731,195848612,2459712.9818497086,59712.4861227,18.5331154,0.0509006828,0,zr,10.9666714,41.2640136,0.588,0.0450000018,20220513486123,695,0xb,0x4,19.7399998,26.2145615,0.0351437293,0.113930903,1.06661728e-05,30,2.27200007,1,0.14020188089533037,480.0,0.539258472169054,17.070507557671256,18.533115400000007
911,695211400071731,195848849,2459712.9842224927,59712.4884954,18.6245785,0.0546768717,0,zr,10.9665859,41.2639968,0.976999998,-0.0430000015,20220513488484,695,0xb,0x4,19.4799995,26.2277489,0.0362964049,0.105081461,1.15365365e-05,30,2.2249999,1,0.12887497676731746,480.0,0.527931568041041,17.093555920693156,18.624578500000005
912,695211400071731,195849085,2459712.9865836687,59712.4908565,18.493782,0.0493662097,0,zr,10.9666973,41.264051,0.671999991,0.0340000018,20220513490856,695,0xb,0x4,19.5799999,26.2282944,0.0358302891,0.11557164,1.13412061e-05,30,2.18000007,1,0.1453741538722211,480.0,0.5444307451459447,17.060143393139974,18.493782000000003
913,695211400071731,195948091,2459713.9766747667,59713.4809144,18.5848083,0.0529983714,32768,zr,10.9666367,41.2639663,0.871999979,0.0810000002,20220514480903,695,0xb,0x4,19.7800007,26.0417137,0.0590436496,0.10974329,3.00575903e-05,30,2.32399988,1,0.1336831529659565,481.0,0.5327397442396802,17.083712255315426,18.5848083
914,695211400071731,195948328,2459713.9790474474,59713.483287,18.4050179,0.0460909382,32768,zr,10.9667027,41.2639759,0.545000017,0.0489999987,20220514483275,695,0xb,0x4,18.8899994,25.4763241,0.0439201482,0.106457993,2.81720058e-05,30,2.2750001,1,0.15775852606109375,481.0,0.5548819528755222,17.03949850015612,18.405017899999997
915,695211400071731,195948564,2459713.981408631,59713.4856481,18.4871235,0.0491115786,0,zr,10.9666964,41.2639923,0.661000013,0.0439999998,20220514485648,695,0xb,0x4,19.9899998,26.2511921,0.0342389382,0.114186957,1.00081852e-05,30,2.227,1,0.14626843005567133,481.0,0.5433918568700998,17.062217185235504,18.487123500000003
916,695211400071731,195948802,2459713.9837814164,59713.4880208,18.5366039,0.0510393456,0,zr,10.9666576,41.2640058,0.796999991,0.131999999,20220514488021,695,0xb,0x4,19.9400005,26.2535076,0.0312973149,0.115932748,8.36064828e-06,30,2.18199992,1,0.13975213134877928,481.0,0.5368755581632079,17.07531591827439,18.536603899999996
917,695211400071731,195949038,2459713.986142601,59713.4903819,18.5413742,0.0512295738,0,zr,10.9666269,41.2640084,0.81400001,0.103,20220514490382,695,0xb,0x4,19.7800007,26.2702293,0.0336697996,0.106962509,9.74230534e-06,30,2.13899994,1,0.13913946207325226,481.0,0.5362628888876808,17.076555641421173,18.5413742
918,695211400071731,196048024,2459714.9760382334,59714.4802431,18.7008018,0.058057081,0,zr,10.9666356,41.2640003,1.14300001,0.218999997,20220515480232,695,0xb,0x4,19.8199997,26.2940903,0.0359472372,0.112609543,1.11357895e-05,30,2.2809999,1,0.12013769080098988,482.0,0.5172611176154184,17.115725415419995,18.7008018
919,695211400071731,196048266,2459714.978457216,59714.482662,18.6251431,0.0547011346,0,zr,10.9667456,41.2639575,1.08000004,0.100000001,20220515482662,695,0xb,0x4,19.8500004,26.3056164,0.0349179097,0.106243573,1.04140463e-05,30,2.23200011,1,0.12880797716286943,482.0,0.524011032252875,17.10164892378061,18.625143099999995
920,695211400071731,196048509,2459714.9808879085,59714.4850926,18.6673393,0.0565462038,0,zr,10.9666594,41.2639796,0.851000011,0.108999997,20220515485081,695,0xb,0x4,19.8500004,26.3076248,0.0324660689,0.109021313,9.05135403e-06,30,2.18600011,1,0.12389799545932961,482.0,0.5191010505493352,17.111870230503136,18.667339300000002
921,695211400071731,196048751,2459714.9833069984,59714.4875116,18.6739655,0.0568420254,0,zr,10.9666287,41.2639822,0.583999991,-0.00499999989,20220515487512,695,0xb,0x4,19.5200005,26.2391968,0.0400941111,0.114046805,1.4096242e-05,30,2.14199996,1,0.12314415414698554,482.0,0.5183472092369912,17.11344808837081,18.6739655
922,695211400071731,196048994,2459714.985737588,59714.4899421,18.54953,0.0515567027,0,zr,10.9666321,41.2640265,0.589999974,0.0359999985,20220515489931,695,0xb,0x4,19.6399994,26.3011131,0.0369488373,0.11029125,1.18047183e-05,30,2.09899998,1,0.13809819429761494,482.0,0.5333012493876206,17.082568497189236,18.549529999999997
923,695211400071731,196447603,2459718.9719765764,59718.4760301,18.5194912,0.0503632203,0,zr,10.9666343,41.2639642,1.14600003,0.119000003,20220519476030,695,0xb,0x4,20.2700005,26.2466869,0.0268245917,0.106817335,6.09157269e-06,30,2.15199995,1,0.14197226792722556,486.0,0.5371753230172311,17.07470986586275,18.519491199999997
924,695211400071731,196447839,2459718.974337771,59718.4783912,18.5682793,0.0523174666,0,zr,10.9666899,41.2639649,0.957000017,0.0260000005,20220519478391,695,0xb,0x4,20.0499992,26.2493229,0.0301375389,0.103258491,7.75170247e-06,30,2.1099999,1,0.13573388508542125,486.0,0.5233812774410228,17.10295454284124,18.568279299999993
925,695211400071731,196448075,2459718.976698967,59718.4807523,18.6448936,0.055556532,0,zr,10.9667334,41.2640191,1.00100005,0.123999998,20220519480752,695,0xb,0x4,20.0699997,26.2477169,0.0310106818,0.107830688,8.13877796e-06,30,2.06999993,1,0.12648602952042157,486.0,0.5141334218760232,17.122310408419644,18.644893599999996
926,695211400071731,196448311,2459718.9790601684,59718.4831134,18.4741516,0.0486198105,0,zr,10.9666404,41.2639688,1.153,0.0719999969,20220519483102,695,0xb,0x4,20.0499992,26.2603989,0.029454546,0.100938231,7.3553424e-06,30,2.0309999,1,0.14802646229533717,486.0,0.5356738546509388,17.077748875751276,18.474151599999992
927,695211400071731,196448546,2459718.981409868,59718.485463,18.5470963,0.0514588244,0,zr,10.9666015,41.2639706,0.862999976,0.195999995,20220519485463,695,0xb,0x4,19.8899994,26.2581463,0.0310049858,0.107584007,8.09542325e-06,30,1.99399996,1,0.13840809142679783,486.0,0.5260554837823994,17.09742111951227,18.5470963
928,695211400071731,196547606,2459719.9720521923,59719.4760648,18.4011173,0.0459527932,0,zr,10.966657,41.264101,0.961000025,-0.0659999996,20220520476065,695,0xb,0x4,19.4400005,26.2797604,0.035531152,0.115725547,1.09656858e-05,30,2.10299993,1,0.15832630632195002,487.0,0.5459736986775516,17.057070695409998,18.401117300000003
929,695211400071731,196547842,2459719.9744133847,59719.4784259,18.4666595,0.0483382829,0,zr,10.9667623,41.2639898,0.467999995,-0.0240000002,20220520478426,695,0xb,0x4,19.4899998,26.2901268,0.0349195376,0.106835395,1.0483458e-05,30,2.06299996,1,0.14905144818581537,487.0,0.5348408642001662,17.079438545322795,18.4666595
930,695211400071731,196548078,2459719.976774587,59719.480787,18.4083824,0.04621052,0,zr,10.9667327,41.2639778,0.48300001,0.0430000015,20220520480775,695,0xb,0x4,19.3700008,26.2959862,0.0389567688,0.107069239,1.38246705e-05,30,2.0250001,1,0.1572704176107292,487.0,0.54305983362508,17.062880794436573,18.4083824
931,695211400071731,196548313,2459719.979124295,59719.4831366,18.309351,0.0428367071,0,zr,10.9665668,41.2639832,1.07700002,-0.0419999994,20220520483137,695,0xb,0x4,19.25,26.2951717,0.04109345,0.115279302,1.5779422e-05,30,1.98800004,1,0.17228981314823896,487.0,0.5580792291625898,17.033260352362426,18.309351
932,695211400071731,196548549,2459719.981485484,59719.4854977,18.4828224,0.0489478931,0,zr,10.9668437,41.2641273,0.676999986,-0.0329999998,20220520485486,695,0xb,0x4,19.0699997,26.3011971,0.0400909483,0.110328041,1.65138481e-05,30,1.95299995,1,0.14684901574115528,487.0,0.5326384317555062,17.08391875219113,18.482822399999996
933,695211400071731,196647465,2459720.9706822345,59720.4746528,18.5367317,0.0510444269,0,zr,10.9666988,41.2639626,0.513999999,0.057,20220521474641,695,0xb,0x4,20.3600006,26.3107662,0.0259205028,0.0993815809,5.76100774e-06,30,2.07999992,1,0.13973568235205497,488.0,0.5255250983664058,17.09851634456154,18.536731699999997
934,695211400071731,196647657,2459720.972603623,59720.4765741,18.4955425,0.049433779,0,zr,10.9666244,41.2639928,0.728999972,0.0909999982,20220521476551,695,0xb,0x4,20.3799992,26.3076859,0.0236391127,0.104757302,4.80412746e-06,30,2.04900002,1,0.14513862353330512,488.0,0.5290822358408621,17.09119204960873,18.495542499999992
935,695211400071731,196647893,2459720.974964825,59720.4789352,18.5362263,0.051024314,0,zr,10.9666288,41.2639958,0.874000013,0.074000001,20220521478924,695,0xb,0x4,20.3700008,26.3172321,0.0239627063,0.099041827,4.94512005e-06,30,2.01099992,1,0.13980074314042681,488.0,0.5237443554479838,17.102201611309958,18.536226300000003
936,695211400071731,196648130,2459720.977337627,59720.4813079,18.5808735,0.0528354309,0,zr,10.966666,41.26399,1.33800006,0.0970000029,20220521481296,695,0xb,0x4,20.4300003,26.3187275,0.023722766,0.0960999429,4.84219481e-06,30,1.97399998,1,0.13416851099731114,488.0,0.5181121233048682,17.11394061384498,18.580873500000003
937,695211400071731,196648369,2459720.979721931,59720.4836921,18.5091057,0.0499577746,0,zr,10.9666671,41.2639633,1.03400004,0.118000001,20220521483669,695,0xb,0x4,20.2399998,26.3291397,0.0267363489,0.102605708,6.10932602e-06,30,1.93900001,1,0.1433368050828798,488.0,0.5272804173904369,17.09489589396035,18.5091057
938,695211400071731,196747386,2459721.969938391,59721.4738657,18.41959,0.0466112681,0,zr,10.9666996,41.2639916,1.69599998,0.192000002,20220522473854,695,0xb,0x4,20.5599995,26.3099422,0.0264683142,0.100357883,5.964926e-06,30,2.0480001,1,0.1556553312455322,489.0,0.5395989435530892,17.069822273193033,18.419589999999992
939,695211400071731,196747623,2459721.9723112,59721.4762384,18.5231628,0.0505074374,0,zr,10.9666632,41.264009,1.03299999,0.0299999993,20220522476227,695,0xb,0x4,20.4400005,26.316288,0.0260596126,0.100187443,5.83236715e-06,30,2.00999999,1,0.14149297563142457,489.0,0.5236028570607071,17.10249498092241,18.5231628
940,695211400071731,196747862,2459721.9746956066,59721.4786227,18.4861145,0.0490731411,0,zr,10.9666668,41.2640306,1.62600005,0.195999995,20220522478600,695,0xb,0x4,20.3899994,26.3153019,0.0250069797,0.106483266,5.33796219e-06,30,1.97399998,1,0.14640442390348457,489.0,0.5285143053327671,17.09235813279772,18.486114500000006
941,695211400071731,196748098,2459721.977056812,59721.4809838,18.5666695,0.0522516333,0,zr,10.9666776,41.2639977,1.09000003,0.144999996,20220522480972,695,0xb,0x4,20.2399998,26.3146343,0.0268706717,0.110979855,6.16296211e-06,30,1.93900001,1,0.1359352843511563,489.0,0.5180451657804388,17.11408093657267,18.566669499999996
942,695211400071731,196748335,2459721.9794296194,59721.4833565,18.5174313,0.0502825156,0,zr,10.9666541,41.2640129,1.01600003,-0.00400000019,20220522483345,695,0xb,0x4,19.8299999,26.3204956,0.0327343568,0.10858988,9.23266998e-06,30,1.90499997,1,0.1422418787878757,489.0,0.5243517602171582,17.100943174392178,18.51743129999999
943,695211400071731,196947351,2459723.9696812667,59723.4735185,18.5187798,0.05033537,0,zr,10.9666439,41.2639701,1.28400004,0.141000003,20220524473472,695,0xb,0x4,20.5400009,26.2726936,0.024378093,0.100913279,5.08310359e-06,30,1.96800005,1,0.14206532199199487,491.0,0.5241752034212774,17.10130881898491,18.518779799999997
944,695211400071731,196947590,2459723.972065675,59723.4759028,18.5224266,0.0504785106,0,zr,10.9667329,41.2640027,1.27100003,0.0170000009,20220524475880,695,0xb,0x4,20.1399994,26.2743225,0.0260509197,0.102996066,5.92730385e-06,30,1.93400002,1,0.14158894963712118,491.0,0.5200671935179608,17.109851352985963,18.522426599999996
945,695211400071731,196947826,2459723.9744268893,59723.4782639,18.5580711,0.0519017465,0,zr,10.9666764,41.2640135,1.06299996,0.119000003,20220524478252,695,0xb,0x4,20.25,26.2788334,0.0250482839,0.104710937,5.35076379e-06,30,1.89999998,1,0.1370160868489295,491.0,0.5154943307297691,17.119440266524954,18.5580711
946,695211400071731,196948063,2459723.976799703,59723.4806366,18.5096169,0.0499776565,0,zr,10.9666505,41.2640589,1.01499999,0.112000003,20220524480625,695,0xb,0x4,20.4300003,26.2914696,0.0257445611,0.105304316,5.68735777e-06,30,1.86800003,1,0.1432693333274906,491.0,0.5217475772083302,17.106348897378815,18.509616900000005
947,695211400071731,196948300,2459723.979172518,59723.4830093,18.5650024,0.0521836057,0,zr,10.9666013,41.2640579,1.29900002,0.0140000004,20220524482998,695,0xb,0x4,19.8500004,26.2877007,0.0297282077,0.106422164,7.52036158e-06,30,1.83700001,1,0.13614416730207315,491.0,0.5146224111829129,17.121278261787474,18.565002400000004
948,695211400071731,197047474,2459724.970954997,59724.4747454,18.5258427,0.0506129824,0,zr,10.9667016,41.2639982,1.41499996,0.133000001,20220525474711,695,0xb,0x4,20.7000008,26.2944031,0.0250304919,0.1026517,5.49562083e-06,30,1.91100001,1,0.14114416213619993,492.0,0.5196224060170396,17.110780326254236,18.52584269999999
949,695211400071731,197047711,2459724.973327814,59724.4771181,18.5841923,0.0529728606,0,zr,10.96666,41.2639643,1.94000006,0.160999998,20220525477106,695,0xb,0x4,20.5499992,26.3025341,0.0248498321,0.104201853,5.31740079e-06,30,1.87800002,1,0.13375902055411742,492.0,0.5104391630350191,17.13014003028271,18.584192300000005
950,695211400071731,197047949,2459724.9757005298,59724.4794907,18.5818233,0.0528746769,0,zr,10.9666451,41.2639824,1.18200004,0.115000002,20220525479479,695,0xb,0x4,20.4200001,26.2911301,0.0270617157,0.104982011,6.31585135e-06,30,1.847,1,0.1340511919577028,492.0,0.5107313344386045,17.129518741124222,18.581823300000003
951,695211400071731,197048186,2459724.9780733413,59724.4818634,18.5962181,0.0534741282,0,zr,10.9666996,41.2640019,1.32799995,0.173999995,20220525481852,695,0xb,0x4,20.2800007,26.2924843,0.02619683,0.107605621,5.84849568e-06,30,1.81700003,1,0.13228565742691573,492.0,0.5089657999078174,17.133278498039864,18.59621810000001
952,695211400071731,197048423,2459724.980446156,59724.4842361,18.5062447,0.0498467237,0,zr,10.9666958,41.2639741,0.479999989,0.063000001,20220525484225,695,0xb,0x4,19.9699993,26.3087482,0.0306299999,0.105668671,8.1352664e-06,30,1.78799999,1,0.1437150068759145,492.0,0.5203951493568162,17.109166900459577,18.506244700000003
953,695211400071731,197546160,2459729.9580683187,59729.4616088,18.5164986,0.0502460375,0,zr,10.9667251,41.2640036,1.05599999,0.050999999,20220530461597,695,0xb,0x4,20.5400009,26.3285275,0.0231963824,0.0970166624,4.62472963e-06,30,1.90400004,1,0.1423641239526163,497.0,0.519044266433518,17.111989004954943,18.5164986
954,695211400071731,197546357,2459729.9600360245,59729.4635764,18.6647739,0.0564321354,0,zr,10.9667262,41.2640356,1.02999997,-0.00200000009,20220530463576,695,0xb,0x4,20.6000004,26.3223896,0.0246430282,0.106097117,5.22876326e-06,30,1.87699997,1,0.12419109033901411,497.0,0.4920540901705632,17.169967884487086,18.664773899999993
955,695211400071731,197546555,2459729.9620153327,59729.4655556,18.5478172,0.0514878035,0,zr,10.9666867,41.2640014,1.14199996,-0.0120000001,20220530465544,695,0xb,0x4,20.3500004,26.3267441,0.0243423432,0.101168975,5.13532996e-06,30,1.85099995,1,0.13831622263316068,497.0,0.5061792224647097,17.13923921409475,18.547817200000004
956,695211400071731,197546752,2459729.9639829416,59729.4675231,18.5817547,0.0528718717,0,zr,10.9666394,41.2639658,1.10300004,0.0710000023,20220530467523,695,0xb,0x4,20.5200005,26.324564,0.0244489759,0.105047055,5.16929549e-06,30,1.82599998,1,0.1340596619730219,497.0,0.501922661804571,17.14840798870633,18.581754699999998
957,695211400071731,197546950,2459729.965962248,59729.4695023,18.5524292,0.0516735353,0,zr,10.9666463,41.2640111,1.03499997,0.0879999995,20220530469502,695,0xb,0x4,20.5799999,26.3393192,0.0226167105,0.103728101,4.43595763e-06,30,1.801,1,0.13772992785633695,497.0,0.505592927687886,17.140497524154007,18.5524292
958,695211400071731,197646342,2459730.959938878,59730.4634259,18.5443993,0.0513506532,0,zr,10.9666647,41.2639985,1.60099995,0.222000003,20220531463426,695,0xb,0x4,21.1100006,26.3633862,0.0295939967,0.103686072,7.56627469e-06,30,1.84300005,1,0.13875232848219515,498.0,0.5066153283137442,17.1383041854884,18.544399300000002
959,695211400071731,197646535,2459730.9618718843,59730.4653588,18.5643272,0.0521560907,0,zr,10.9666648,41.2639945,1.69000006,0.158000007,20220531465347,695,0xb,0x4,21.2000008,26.4002399,0.025324259,0.100168854,5.53258997e-06,30,1.81799996,1,0.1362288592653721,498.0,0.5023624513483969,17.147457072568123,18.5643272
960,695211400071731,197646728,2459730.9637932903,59730.4672801,18.5127831,0.05010093,0,zr,10.9666504,41.2639742,2.04500008,0.246000007,20220531467280,695,0xb,0x4,21.1599998,26.3698101,0.0249779057,0.102780201,5.41118743e-06,30,1.79499996,1,0.14285214305026875,498.0,0.5089857351332935,17.133235972643895,18.5127831
961,695211400071731,197646921,2459730.965726298,59730.469213,18.4971504,0.049495589,0,zr,10.9666313,41.2640034,1.48099995,0.195999995,20220531469213,695,0xb,0x4,21.1200008,26.3851986,0.0210536532,0.100817755,3.82749977e-06,30,1.77199996,1,0.14492384237759726,498.0,0.511057434460622,17.128825723891943,18.497150400000002
962,695211400071731,197647114,2459730.967659201,59730.4711458,18.5439072,0.0513309278,0,zr,10.9666628,41.2639958,2.52800012,0.272000015,20220531471134,695,0xb,0x4,21.0900002,26.363821,0.0258330181,0.103736579,5.76898719e-06,30,1.74899995,1,0.13881523095936454,498.0,0.5049488230423893,17.141881589339768,18.5439072
963,695211400071731,197746204,2459731.9586159056,59731.4620486,18.5317116,0.0508450419,0,zr,10.9666384,41.264056,0.481999993,-0.00400000019,20220601462049,695,0xb,0x4,20.4599991,26.3143978,0.0253923833,0.104026251,5.53378914e-06,30,1.82599998,1,0.14038327181735336,499.0,0.5065168639003781,17.138515226810803,18.5317116
964,695211400071731,197746407,2459731.9606415126,59731.4640741,18.4687901,0.0484181419,0,zr,10.9667242,41.2639699,0.442000002,0.00499999989,20220601464062,695,0xb,0x4,20.2299995,26.3206577,0.0287255403,0.103005596,7.09641972e-06,30,1.801,1,0.14875924311220667,499.0,0.5131745545613682,17.124337214957286,18.4687901
965,695211400071731,197746608,2459731.9626555257,59731.466088,18.5285435,0.0507196262,0,zr,10.9667262,41.2639641,1.245,0.115000002,20220601466088,695,0xb,0x4,20.5,26.3292198,0.0243703667,0.10153044,5.08800667e-06,30,1.77600002,1,0.14079349830214216,499.0,0.5052088097513037,17.14132271223051,18.528543500000005
966,695211400071731,197746811,2459731.964681044,59731.4681134,18.4659729,0.0483125784,0,zr,10.9666478,41.2640193,0.708000004,0.0560000017,20220601468113,695,0xb,0x4,20.4400005,26.3278027,0.0259100143,0.103111565,5.76387629e-06,30,1.75300002,1,0.14914573544387932,499.0,0.5135610468930409,17.123519811262348,18.465972900000004
967,695211400071731,197747013,2459731.9667066587,59731.4701389,18.6031971,0.0537673868,0,zr,10.9666007,41.2638792,0.721000016,0.0170000009,20220601470139,695,0xb,0x4,20.2299995,26.3236523,0.0268703103,0.108292595,6.2004101e-06,30,1.73000002,1,0.13143806594009166,499.0,0.4958533773892532,17.161616810813136,18.603197099999996
968,695211400071731,197846133,2459732.957953692,59732.461331,18.6123028,0.0541526526,0,zr,10.9666414,41.2639603,0.790000021,0.0729999989,20220602461319,695,0xb,0x4,20.9099998,26.3277225,0.0238531865,0.100308545,4.87633588e-06,30,1.801,1,0.13034034914096193,500.0,0.4947556605901235,17.164023070626094,18.612302800000002
969,695211400071731,197846333,2459732.9599561067,59732.4633333,18.552721,0.0516853184,0,zr,10.966629,41.2639868,1.73099995,0.185000002,20220602463322,695,0xb,0x4,21.1200008,26.3432961,0.0238409303,0.101974316,4.84006932e-06,30,1.77699995,1,0.13769291684701015,500.0,0.5004009851954743,17.15170460983395,18.552721
970,695211400071731,197846533,2459732.9619585206,59732.4653356,18.5429497,0.051292602,0,zr,10.9666307,41.2640104,2.75699997,0.228,20220602465324,695,0xb,0x4,21.0699997,26.3465424,0.021961363,0.0984113142,4.14749002e-06,30,1.75300002,1,0.1389377047322398,500.0,0.5016457730807039,17.149007107031245,18.5429497
971,695211400071731,197846733,2459732.9639610318,59732.467338,18.6008568,0.0536688492,0,zr,10.9666782,41.2639977,2.45000005,0.263999999,20220602467326,695,0xb,0x4,20.9400005,26.3412819,0.0232258756,0.100123949,4.61809395e-06,30,1.73000002,1,0.1317216857206887,500.0,0.49442975406915285,17.164738504793924,18.600856799999995
972,695211400071731,197846934,2459732.9659634456,59732.4693403,18.5676861,0.0522931814,0,zr,10.9666711,41.2639855,1.12199998,0.115999997,20220602469329,695,0xb,0x4,20.8700008,26.3391685,0.0253803656,0.102266505,5.53360132e-06,30,1.70799994,1,0.13580806455913416,500.0,0.49851613290759833,17.15580195637292,18.567686099999996
973,695211400071731,201038718,2459764.8860100782,59764.3871875,18.571743,0.0524593256,0,zr,10.9666764,41.2640003,1.04200006,0.0299999993,20220704387176,695,0xb,0x4,20.9699993,26.3888493,0.0211652163,0.098568894,3.87401769e-06,30,1.65400004,1,0.1353015587677692,532.0,0.4980096271162333,17.156905654330394,18.571743000000005
974,695211400071731,201239153,2459766.8905202057,59766.3915394,18.6401825,0.0553511828,0,zr,10.9666375,41.26401,1.39600003,0.0860000029,20220706391539,695,0xb,0x4,21.1299992,26.4051361,0.0235616527,0.0942270085,4.75644174e-06,30,1.56200004,1,0.12703605539922389,534.0,0.4404465410366678,17.290266990784183,18.6401825
975,695211400071731,201836643,2459772.8658947577,59772.3664352,18.6678371,0.0565683879,0,zr,10.9666923,41.2639853,1.53600001,0.234999999,20220712366354,695,0xb,0x4,20.5200005,26.347187,0.0223459359,0.100690648,4.29455122e-06,30,1.64300001,1,0.12384120239578689,540.0,0.4344840231616278,17.30506547197566,18.667837100000007
976,695211400071731,201846326,2459772.9627313586,59772.4632639,18.6427784,0.055464197,0,zr,10.9666601,41.263983,1.52499998,0.141000003,20220712463252,695,0xb,0x4,21.1800003,26.4098129,0.0214341469,0.0937544331,3.99985947e-06,30,1.11600006,1,0.12673268614641675,540.0,0.42927174585990596,17.318169238275807,18.642778400000005
977,695211400071731,202036744,2459774.867063801,59774.3674421,18.6087532,0.054002136,0,zr,10.9666401,41.2640081,1.14300001,0.125,20220714367431,695,0xb,0x4,20.2800007,26.2975712,0.0256221313,0.104132943,5.63209369e-06,30,1.58299994,2,0.1307671684802118,542.0,0.433306228193701,17.30801267130561,18.608753200000002
978,695211400071731,202141461,2459775.9143249406,59775.4146181,18.6490879,0.0557400249,0,zr,10.9667323,41.2640185,1.36000001,0.163000003,20220715414595,695,0xb,0x4,20.6900005,26.3791676,0.0258938055,0.0952297002,5.84004874e-06,30,1.25800002,1,0.1259983448095206,543.0,0.42590090090977906,17.326728603151317,18.649087900000005
979,695211400071731,202146144,2459775.9611574854,59775.4614468,18.6644592,0.0564181544,0,zr,10.966641,41.2639861,1.995,0.246999994,20220715461447,695,0xb,0x4,20.8500004,26.3971939,0.0230690688,0.0943445936,4.52455788e-06,30,1.10000002,1,0.12422709227077913,543.0,0.42282326385603886,17.334602814253806,18.664459200000003
980,695211400071731,202443422,2459778.9341775146,59778.4342245,18.6619797,0.0563081652,0,zr,10.9666691,41.2639903,2.92700005,0.222000003,20220718434213,695,0xb,0x4,20.7600002,26.352869,0.0209321585,0.0979492366,3.80344704e-06,30,1.15199995,1,0.12451111435302192,546.0,0.4231072859382816,17.33387374005425,18.661979699999996
981,695211400071731,202444530,2459778.945254823,59778.4453009,18.6579895,0.0561316535,0,zr,10.9666819,41.2639936,1.17799997,0.111000001,20220718445278,695,0xb,0x4,20.7900009,26.34305,0.0245872233,0.0972290486,5.2848427e-06,30,1.12,1,0.12496954827795688,546.0,0.4196933262543356,17.34266984164818,18.657989500000006
982,695211400071731,202841104,2459782.91131974,59782.4110417,18.506567,0.0498592481,0,zr,10.9666817,41.2640179,1.68099999,0.180999994,20220722411007,695,0xb,0x4,20.7399998,26.1345463,0.0223942995,0.0970689803,4.32457273e-06,30,1.19400001,1,0.14367235151243002,550.0,0.43839612948880874,17.29533322201332,18.506566999999997
983,695211400071731,203045210,2459784.9525513416,59784.4521065,18.4258156,0.046835646,0,zr,10.9666546,41.2639898,2.44400001,0.236000001,20220724452049,695,0xb,0x4,21.6499996,26.4475155,0.0246587954,0.0971165821,5.30706939e-06,30,1.06799996,1,0.15476535919386372,552.0,0.44443289495836735,17.28048450995916,18.4258156
984,695211400071731,203238773,2459786.888334197,59786.3877315,18.5455837,0.0513981096,0,zr,10.9666742,41.2639828,2.36599994,0.165000007,20220726387708,695,0xb,0x4,21.5200005,26.4078999,0.0221315008,0.092919454,4.22957919e-06,30,1.24399996,1,0.1386010498809479,554.0,0.42578528303007884,17.327023384306734,18.5455837
985,695211400071731,203442922,2459788.929993262,59788.4292245,18.5715904,0.0524530634,0,zr,10.966699,41.2639953,2.17000008,0.159999996,20220728429213,695,0xb,0x4,21.3899994,26.391943,0.0260828268,0.0871197656,5.9825561e-06,30,1.09200001,1,0.1353205767104455,556.0,0.4200507983525939,17.341745463825596,18.571590399999998
986,695211400071731,204044861,2459794.949864588,59794.4486111,18.6016579,0.053702563,0,zr,10.9666467,41.2640083,2.13400006,0.248999998,20220803448600,695,0xb,0x4,20.9599991,26.0047264,0.0250826981,0.0929497182,5.44334716e-06,30,1.03199995,1,0.13162453199010732,562.0,0.4139296020911977,17.35768378501796,18.6016579
987,695211400071731,204445202,2459798.953595413,59798.4520255,18.5743237,0.0525653325,0,zr,10.9666557,41.2639981,2.48399997,0.39199999,20220807452014,695,0xb,0x4,21.3400002,26.4127903,0.022825757,0.103257805,4.49295339e-06,30,1.01900005,1,0.13498034070093914,566.0,0.41017891803928863,17.367566662055232,18.5743237
988,695211400071731,204746702,2459801.9688295345,59801.4670255,18.5384178,0.0511115715,0,zr,10.966645,41.2640017,2.66400003,0.101000004,20220810467026,695,0xb,0x4,21.4599991,26.455389,0.0249288902,0.098827146,5.36608695e-06,30,1.00899994,1,0.13951884746802018,569.0,0.4101164945801226,17.36773190840119,18.538417799999998
989,695211400071731,204938430,2459803.886256333,59803.3843056,18.6082821,0.0539821945,0,zr,10.9666761,41.2640175,0.839999974,0.108000003,20220812384306,695,0xb,0x4,20.6399994,26.3864689,0.025028294,0.102421246,5.43486522e-06,30,1.10099995,1,0.13082392055293865,571.0,0.3980404146455321,17.400182075051596,18.608282100000004
990,695211400071731,205241000,2459806.9121784805,59806.41,18.6085854,0.053995017,0,zr,10.9666506,41.2640051,1.99899995,0.208000004,20220815409988,695,0xb,0x4,20.7900009,26.4050369,0.0238595568,0.0975347981,4.96334633e-06,30,1.03900003,1,0.13078738004401666,574.0,0.39578217431794716,17.406359424829397,18.608585400000003
991,695211400071731,205442357,2459808.9259036155,59808.4235764,18.6107426,0.0540864654,0,zr,10.9666544,41.2639978,1.98199999,0.063000001,20220817423565,695,0xb,0x4,21.0400009,26.4008121,0.0223388281,0.0971784368,4.34173535e-06,30,1.01999998,1,0.1305277825097586,576.0,0.39223770259633284,17.416126658729716,18.610742600000002
992,695211400071731,205642958,2459810.9320562426,59810.4295833,18.5407639,0.051205188,0,zr,10.9666845,41.2639954,1.63999999,0.252999991,20220819429572,695,0xb,0x4,21.1100006,26.3472233,0.0211465284,0.101138465,3.87824821e-06,30,1.01300001,1,0.1392176953346787,578.0,0.398768953434617,17.398196653714983,18.540763899999995
993,695211400071731,205938114,2459813.883828348,59813.3811458,18.4663296,0.0483259149,0,zr,10.9666534,41.263994,1.829,0.167999998,20220822381146,695,0xb,0x4,21.4200001,26.4059429,0.026128754,0.102061771,5.94185167e-06,30,1.05299997,1,0.14909674421973448,581.0,0.4065139281935637,17.377311424473795,18.4663296
994,695211400071731,206138947,2459815.892300855,59815.3894792,18.442728,0.047451321,0,zr,10.9666669,41.2640161,2.0999999,0.178000003,20220824389468,695,0xb,0x4,21.4699993,26.3973579,0.0203623865,0.0951878279,3.59767864e-06,30,1.03400004,1,0.1523732742781898,583.0,0.4066346869511682,17.37698894429318,18.442727999999995
995,695211400071731,206347634,2459817.979305557,59817.4763426,18.425518,0.0468248725,0,zr,10.9666753,41.2640176,2.25900006,0.108999997,20220826476331,695,0xb,0x4,21.5699997,26.421833,0.0276836213,0.0967769846,6.62534512e-06,30,1.03799999,1,0.15480778615129367,585.0,0.4069950793900724,17.376027103513472,18.425518000000004
996,695211400071731,206547135,2459819.97444898,59819.4713542,18.4827385,0.0489447266,0,zr,10.9666628,41.2640177,1.926,0.148000002,20220828471273,695,0xb,0x4,21.6399994,26.493885,0.0284549315,0.0964336395,7.0190672e-06,30,1.03799999,1,0.14686036390143153,587.0,0.3969969290239115,17.403032131789494,18.482738500000004
997,695211400071731,206846696,2459822.97025396,59822.4669676,18.5346317,0.0509608909,0,zr,10.9666759,41.2639872,1.48699999,0.153999999,20220831466968,695,0xb,0x4,21.3400002,26.4356976,0.0231363699,0.098331891,4.61227501e-06,30,1.04299998,1,0.14000621666887553,590.0,0.3881151160981111,17.427598605658638,18.5346317
998,695211400071731,207038368,2459824.88708533,59824.3836806,18.5093498,0.0499672741,0,zr,10.9666453,41.2640072,2.10100007,0.137999997,20220902383681,695,0xb,0x4,21.6399994,26.4617691,0.0236092359,0.0927537233,4.80866629e-06,30,1.01699996,1,0.14330458309274433,592.0,0.3884145202210413,17.42676135773653,18.509349800000003
999,695211400071731,207243072,2459826.9342565327,59826.4307292,18.5726337,0.0524959229,0,zr,10.9666522,41.2640039,1.57799995,0.152999997,20220904430694,695,0xb,0x4,21.3700008,26.4031982,0.0252688136,0.0977317318,5.5580299e-06,30,1.01699996,1,0.13519060761866344,594.0,0.37832913240625976,17.455325538810506,18.572633700000004
1000,695211400071731,208930614,2459843.8105165837,59843.3061458,18.5781384,0.0527224354,0,zr,10.9666798,41.2640312,1.36899996,0.100000001,20220921306123,695,0xb,0x4,21.2900009,26.4516144,0.0245677717,0.103993498,5.23712424e-06,30,1.04299998,1,0.1345069236750592,611.0,0.3756959904795436,17.462908599524802,18.578138399999993
1001,695211400071731,209242387,2459846.9283678057,59846.4238773,18.5391407,0.0511404276,0,zr,10.9666693,41.2639937,1.71700001,0.192000002,20220924423877,695,0xb,0x4,21.3600006,26.4794159,0.0235283822,0.0948074386,4.79624941e-06,30,1.08200002,1,0.13942598457427646,614.0,0.36488931752503617,17.494597127062754,18.539140699999997
1002,695211400071731,209434221,2459848.8467686847,59848.3422106,18.5163269,0.0502393208,0,zr,10.96665,41.263991,1.76499999,0.140000001,20220926342211,695,0xb,0x4,21.5400009,26.5002003,0.0296279173,0.0974769294,7.61483989e-06,30,1.00800002,1,0.1423866394152825,616.0,0.3652240161863127,17.493601680293303,18.516326900000003
1003,695211400071731,209627623,2459850.7808597665,59850.2762384,18.585268,0.0530174635,0,zr,10.9666916,41.2640195,1.78400004,0.204999998,20220928276227,695,0xb,0x4,21.3500004,26.4203434,0.0212354511,0.103239886,3.93408209e-06,30,1.05999994,1,0.13362656358709604,618.0,0.35473693951359087,17.525233962908025,18.585268000000006
1004,695211400071731,209832534,2459852.8300302695,59852.3253472,18.5455723,0.0513976812,0,zr,10.9666577,41.2640021,1.88100004,0.149000004,20220930325336,695,0xb,0x4,21.4500008,26.4749985,0.021018222,0.0965328664,3.87722412e-06,30,1.00899994,1,0.13860250517023304,620.0,0.3580044927147099,17.515278808048386,18.545572299999996
1005,695211400071731,210030082,2459854.8055590373,59854.3008218,18.625824,0.0547303781,0,zr,10.966656,41.2639915,2.89499998,0.209999993,20221002300787,695,0xb,0x4,21.6700001,26.5480709,0.0213442668,0.0929533318,3.95970437e-06,30,1.01800001,1,0.12872722287320343,622.0,0.3464391847062595,17.55093248029683,18.625824
1006,695211400071731,210229653,2459856.8013260085,59856.2965394,18.640276,0.0553552285,0,zr,10.9666603,41.2639985,1.79200006,0.157000005,20221004296505,695,0xb,0x4,21.1000004,26.4153881,0.0235572625,0.100868598,4.82637824e-06,30,1.01699996,1,0.12702511594662028,624.0,0.343065168981987,17.561558432831042,18.640275999999993
1007,695211400071731,210429560,2459858.800432518,59858.2956019,18.5702667,0.0523988232,0,zr,10.9666674,41.2639988,1.57700002,0.188999996,20221006295544,695,0xb,0x4,20.8600006,26.4116402,0.0232649967,0.103076786,4.70561417e-06,30,1.01400006,1,0.13548565648069877,626.0,0.34987167582570244,17.54022803698013,18.570266699999998
1008,695211400071731,210622302,2459860.7278886284,59860.2230208,18.6058998,0.053881418,0,zr,10.9666519,41.2639666,0.81400001,0.145999998,20221008223009,695,0xb,0x4,20.5400009,26.3955708,0.0262808912,0.0970258117,5.89352703e-06,30,1.11600006,1,0.13111128685403456,628.0,0.34386090969052874,17.559042980557088,18.605899799999996
1009,1735201200131033,210730840,2459861.813289349,59861.3084028,18.6493073,0.0663608462,0,zr,10.9666186,41.2640081,2.08400011,0.430000007,20221009308403,1735,0x1,0x2,20.3600006,26.3235455,0.0302655324,0.0865421221,1.02453068e-05,30,1.02100003,2,0.12597288628300707,629.0,0.337103515675935,17.580591795420382,18.649307299999997
1010,695211400071731,210831031,2459862.8152148584,59862.3103125,18.6860943,0.0573877506,0,zr,10.9666475,41.2640105,1.52100003,0.222000003,20221010310312,695,0xb,0x4,20.3199997,26.4157925,0.0270793792,0.104389742,6.27284862e-06,30,1.00800002,1,0.12177616134278946,630.0,0.3321037480256098,17.59681555763415,18.6860943
1011,695211400071731,211027726,2459864.7821978102,59864.2772685,18.5614052,0.0520370826,0,zr,10.9666557,41.263991,1.81799996,0.134000003,20221012277222,695,0xb,0x4,20.5799999,26.389843,0.028193688,0.106209472,6.92944741e-06,30,1.01499999,1,0.13659598053167368,632.0,0.3461247891662782,17.551918239466225,18.561405200000003
1012,1735201200131033,211137025,2459865.8751965184,59865.3702546,18.5420151,0.0614089519,0,zr,10.9666772,41.2640122,0.479999989,-0.0219999999,20221013370231,1735,0x1,0x2,20.2600002,26.3569317,0.0363945737,0.0741233006,1.48227764e-05,30,1.11199999,2,0.13905735357710333,633.0,0.3470012874216763,17.549172284787282,18.542015100000008
1013,695211400071731,211234876,2459866.853713394,59866.3487616,18.562439,0.0520791784,0,zr,10.9666439,41.2640315,1.30400002,0.0820000023,20221014348762,695,0xb,0x4,20.7199993,26.4072399,0.0218053609,0.104507342,4.14024862e-06,30,1.046,1,0.13646598052210793,634.0,0.3436237618471949,17.55979203001305,18.562439000000005
1014,695211400071731,211719656,2459871.7015430583,59871.1965625,18.5693207,0.0523600504,0,zr,10.9666139,41.2639702,1.171,0.0430000015,20221019196551,695,0xb,0x4,20.9699993,26.4320354,0.0209029447,0.0958577245,3.80873826e-06,30,1.10699999,1,0.1356037563318284,639.0,0.34197953823976956,17.564999696083383,18.5693207
1015,695211400071731,211918072,2459873.6857117955,59873.1807292,18.5825844,0.0529062189,0,zr,10.966696,41.2639851,1.051,0.0909999982,20221021180671,695,0xb,0x4,21.1200008,26.4293766,0.0227596536,0.0955249667,4.45167643e-06,30,1.13399994,1,0.1339572551340836,641.0,0.33648438719048246,17.582587705378067,18.582584399999995
1016,1735201200131033,212028633,2459874.791312289,59874.286331,18.3298817,0.0527988933,32768,zr,10.9666674,41.2639987,1.85099995,0.127000004,20221022286331,1735,0x1,0x2,21.4300003,26.5060444,0.0864695832,0.0944080725,8.23150549e-05,30,1.02699995,2,0.16906251292931235,642.0,0.3700783164148842,17.479265900726425,18.32988170000001
1017,695211400071731,212334734,2459877.8523178427,59877.3473495,18.5461521,0.0514209233,0,zr,10.9666605,41.264004,1.98500001,0.192000002,20221025347350,695,0xb,0x4,21.3199997,26.4744492,0.02282097,0.0988756716,4.5223801e-06,30,1.10000002,1,0.13852850903861455,645.0,0.3387945716993053,17.57515889180909,18.546152099999993
1018,695211400071731,212528608,2459879.791041147,59879.286088,18.4968872,0.0494854636,0,zr,10.9666872,41.2640174,1.426,0.0970000029,20221027286088,695,0xb,0x4,21.1700001,26.4446278,0.0216411576,0.10175211,4.05466335e-06,30,1.01699996,1,0.1449589785173676,647.0,0.342999205225676,17.561767215683908,18.496887199999996
1019,695211400071731,212727931,2459881.7842489323,59881.2793171,18.4730377,0.0485778116,0,zr,10.9666437,41.2640011,2.12100005,0.131999999,20221029279317,695,0xb,0x4,21.3400002,26.4683037,0.029550761,0.100596257,7.57026055e-06,30,1.01600003,1,0.14817840646599484,649.0,0.3447539792029666,17.556226781075218,18.4730377
1020,1735201200131033,212830379,2459882.8087149407,59882.3037963,18.4985485,0.0595205799,0,zr,10.9666531,41.2640088,1.43799996,0.116999999,20221030303796,1735,0x1,0x2,20.7800007,26.0400181,0.0290653817,0.0945825651,9.46554337e-06,30,1.07099998,2,0.14473734438320804,650.0,0.3398634208424097,17.57173893894811,18.49854849999999
1021,695211400071731,212930626,2459883.8111658785,59883.3062616,18.55299,0.051696144,0,zr,10.9666623,41.2640035,1.13,0.104000002,20221031306250,695,0xb,0x4,21.25,26.4680786,0.0280804969,0.100135297,6.85222813e-06,30,1.05200005,1,0.13765880652956627,651.0,0.3320657579032459,17.596939764635387,18.55299
1022,1735201200131033,212935531,2459883.8602160155,59883.3553125,18.4680862,0.0582363829,0,zr,10.9666707,41.2639999,1.27699995,-0.0710000023,20221031355301,1735,0x1,0x2,21.0499992,26.3592567,0.0293644946,0.0974092558,9.61941623e-06,30,1.21500003,2,0.14885571735817005,651.0,0.3425472601503182,17.56319875454158,18.468086199999995
1023,695211400071731,213432050,2459888.825320264,59888.3205093,18.3273964,0.0434295684,32768,zr,10.9665904,41.2640671,0.619000018,-0.0140000004,20221105320509,695,0xb,0x4,19.1000004,25.7940025,0.042151127,0.0997886583,2.07563044e-05,30,1.10800004,1,0.16944994803933672,656.0,0.36314149083148484,17.49981031954008,18.327396400000005
1024,695211400071731,214028435,2459894.7890061378,59894.2843519,18.5982685,0.0535601042,0,zr,10.9665971,41.264029,0.711000025,0.00899999961,20221111284340,695,0xb,0x4,20.2999992,26.4149075,0.0234029703,0.101996973,4.71677913e-06,30,1.06599998,1,0.13203607326772263,662.0,0.322205490184626,17.62966765935304,18.598268499999996
1025,695211400071731,214230193,2459896.8065230767,59896.3019329,18.6508083,0.0558154806,0,zr,10.9666839,41.2639796,2.1400001,0.224000007,20221113301887,695,0xb,0x4,20.8500004,26.4218483,0.0226401389,0.0976615846,4.46743115e-06,30,1.11699998,1,0.12579885260971027,664.0,0.311859481275213,17.665102619549096,18.6508083
1026,695211400071731,214624241,2459900.7468683547,59900.242419,18.5052452,0.0498080142,0,zr,10.9667149,41.2640064,0.230000004,-0.0109999999,20221117242407,695,0xb,0x4,19.7600002,26.4201698,0.0335722305,0.109763607,9.81707944e-06,30,1.02900004,1,0.14384736802043294,668.0,0.3285661682932114,17.60844289227061,18.505245199999997
1027,1735201200131033,214724491,2459901.7493292456,59901.244919,18.5931683,0.0637173355,32768,zr,10.9666568,41.2640147,1.66799998,0.0989999995,20221118244896,1735,0x1,0x2,21.1100006,26.4399319,0.0487301946,0.088698864,2.63855509e-05,30,1.05999994,2,0.13265776619446343,669.0,0.31473351479404627,17.655142520575858,18.593168299999995
1028,695211400071731,214816415,2459902.6685283426,59902.1641551,18.6547604,0.0559892282,0,zr,10.9666589,41.2639875,1.73899996,0.180000007,20221119164155,695,0xb,0x4,21.0300007,26.4354801,0.0250056684,0.101999991,5.44281238e-06,30,1.02199996,1,0.12534177483452144,670.0,0.3067650958740303,17.682985141237715,18.654760400000008
1029,695211400071731,215019748,2459904.7017759155,59904.1974884,18.5637913,0.0521342345,0,zr,10.9666647,41.2640279,2.25500011,0.157000005,20221121197488,695,0xb,0x4,21.0799999,26.4306259,0.0253174938,0.106330283,5.53870814e-06,30,1.00899994,1,0.13629611599432584,672.0,0.3170703017352745,17.64711108522325,18.5637913
1030,1735201200131033,215023768,2459904.7419709605,59904.2376852,18.5739441,0.0628387481,0,zr,10.9666603,41.2639921,0.85799998,0.0179999992,20221121237662,1735,0x1,0x2,20.8999996,26.3117275,0.0330630429,0.0850391537,1.20212762e-05,30,1.06200004,2,0.13502754138861472,672.0,0.31451325081109127,17.655902631247038,18.5739441
1031,695211400071731,215215326,2459906.657463998,59906.1532639,18.5150547,0.0501895994,0,zr,10.9666502,41.2639998,1.21500003,0.122000001,20221123153241,695,0xb,0x4,21.2000008,26.4634991,0.0247534327,0.106234364,5.25817131e-06,30,1.02199996,1,0.14255357724998685,674.0,0.3220392866724634,17.630227860012774,18.5150547
1032,695211400071731,215618087,2459910.6848848118,59910.1808796,18.5842819,0.0529765636,0,zr,10.9666327,41.2639966,2.06200004,0.123000003,20221127180868,695,0xb,0x4,21.0,26.4502773,0.0234513897,0.103096254,4.75602474e-06,30,1.00899994,1,0.13374798259325613,678.0,0.31195813878361706,17.66475919856773,18.5842819
1033,695211400071731,215916532,2459913.669172483,59913.1653241,18.624939,0.054692328,0,zr,10.9666613,41.2640098,2.29999995,0.231999993,20221130165324,695,0xb,0x4,21.0400009,26.4460716,0.0204039272,0.0999351889,3.64930702e-06,30,1.00800002,1,0.12883219315491834,681.0,0.30452937056314866,17.69092703788663,18.624939000000005
1034,1735201200131033,215918302,2459913.6868682248,59913.1830208,18.4819908,0.0588186085,0,zr,10.9667141,41.2639597,1.24399996,0.0979999974,20221130183009,1735,0x1,0x2,20.7700005,26.3297253,0.0317331105,0.0937966108,1.10778092e-05,30,1.02900004,2,0.14696153517318888,681.0,0.3208067216090106,17.634391352161067,18.4819908
1035,695211400071731,215923321,2459913.737062284,59913.2332176,18.6130505,0.0541844703,0,zr,10.966692,41.2639984,1.09399998,-0.00700000022,20221130233218,695,0xb,0x4,20.8600006,26.4313335,0.0216429643,0.0962290689,4.08616734e-06,30,1.06700003,1,0.13025062022741765,681.0,0.3040958066632393,17.692473921323106,18.613050500000007
1036,695211400071731,216813165,2459922.6349737206,59922.1316551,18.5975513,0.0535299964,0,zr,10.9666518,41.2640146,1.34800005,0.201000005,20221209131296,695,0xb,0x4,20.5499992,26.4455624,0.0242938902,0.103735849,5.08244466e-06,30,1.00999999,1,0.13212332057030846,690.0,0.3059685070061301,17.685808181649996,18.5975513
1037,695211400071731,217822733,2459932.7299675927,59932.227338,18.5096111,0.0499774218,32768,zr,10.9666474,41.264029,1.32099998,0.142000005,20221219227338,695,0xb,0x4,20.8899994,26.4146881,0.022558732,0.10211432,4.37884455e-06,30,1.19099998,1,0.14327009867394444,700.0,0.31172223649777153,17.665580541277528,18.509611099999994
1038,695211400071731,218024395,2459934.746440161,59934.2439583,18.5936737,0.0533676073,0,zr,10.9666832,41.2640218,1.171,0.136000007,20221221243947,695,0xb,0x4,21.0400009,26.4140701,0.0222036038,0.103306949,4.30777891e-06,30,1.28499997,1,0.13259602962097547,702.0,0.29532991054771485,17.724231415367534,18.593673700000004
1039,695211400071731,218219686,2459936.699199424,59936.1968634,18.5446644,0.0513612553,0,zr,10.9666739,41.2640039,2.21300006,0.157000005,20221223196863,695,0xb,0x4,21.2800007,26.3997517,0.0284750611,0.0993685052,7.026606e-06,30,1.12800002,1,0.1387184539997255,704.0,0.30034184244399154,17.70596039846813,18.544664399999995
1040,695211400071731,219726418,2459951.765327933,59951.2641898,18.6948566,0.0577855371,32768,zr,10.9666197,41.2641043,0.859000027,0.116999999,20230107264178,695,0xb,0x4,19.3099995,26.3619881,0.040236827,0.102221653,1.5003292e-05,30,1.82200003,1,0.12079733692012858,719.0,0.2813209761520651,17.77699471075784,18.6948566
1041,1735201200131033,220208754,2459956.588282748,59956.0875463,18.5739708,0.0628399402,32768,zr,10.9667022,41.2640496,1.54200006,0.0790000036,20230112087546,1735,0x1,0x2,19.0400009,25.5616302,0.0444424674,0.0842527226,2.99295225e-05,30,1.04999995,2,0.1350242208849682,724.0,0.2876294722620766,17.75291653889915,18.573970800000005
1042,695211400071731,220213917,2459956.6399102965,59956.1391782,18.3908405,0.045591075,0,zr,10.966678,41.2640259,1.33000004,-0.101000004,20230112139167,695,0xb,0x4,20.0200005,26.367033,0.0278279856,0.102896981,6.71162934e-06,30,1.12,1,0.15983202433489674,724.0,0.3099215914615289,17.671870416243088,18.390840500000003
1043,695211400071731,220414195,2459958.6425198526,59958.141956,18.5495834,0.0515588596,0,zr,10.9666992,41.264034,1.22000003,0.0270000007,20230114141956,695,0xb,0x4,20.6900005,26.4205914,0.0225492474,0.105983697,4.40472058e-06,30,1.14300001,1,0.13809140235110226,726.0,0.2881809694777344,17.750836754881526,18.549583399999996
1044,695211400071731,221313858,2459967.638392791,59967.138588,18.4397621,0.0473426878,0,zr,10.9668033,41.2641185,0.819000006,0.0189999994,20230123138484,695,0xb,0x4,19.8299999,26.4079952,0.0335712284,0.0963554531,9.86100895e-06,30,1.21700001,1,0.15279008060160776,735.0,0.3018899617161088,17.700378319162873,18.439762100000003
1045,695211400071731,221514421,2459969.6438491247,59969.144213,18.4238682,0.0467653163,0,zr,10.9666825,41.2640372,0.651000023,-0.0160000008,20230125144213,695,0xb,0x4,20.0900002,26.4119263,0.0271823574,0.0990746915,6.41560291e-06,30,1.26499999,1,0.15504319879313017,737.0,0.2998031843541257,17.707909396530546,18.42386820000001
1046,695211400071731,222612145,2459980.6201892006,59980.1214583,18.5678711,0.05230074,0,zr,10.9666744,41.2640071,1.34300005,0.148000002,20230205121447,695,0xb,0x4,20.6200008,26.4250507,0.0239801966,0.10028144,4.973052e-06,30,1.301,1,0.1357849260182455,748.0,0.27960512418627526,17.783637184377476,18.567871099999998
1047,695211400071731,222818475,2459982.683322622,59982.1847569,18.5009441,0.0496417321,32768,zr,10.966742,41.2638674,1.01199996,0.259000003,20230207184745,695,0xb,0x4,19.2600002,26.3538189,0.0422074646,0.0942716748,1.73372991e-05,30,1.88999999,1,0.14441834374455242,750.0,0.28322317562134414,17.769678030062913,18.500944100000005
1048,695211400071731,223011148,2459984.6098949905,59984.1114815,18.6260605,0.0547405183,0,zr,10.966667,41.2640555,1.05999994,0.0759999976,20230209111470,695,0xb,0x4,20.3700008,26.3840656,0.0323065966,0.102183394,9.08106813e-06,30,1.30599999,1,0.12869918597750718,752.0,0.26661924443047036,17.835271266634685,18.6260605
1049,695211400071731,223717510,2459991.6729775784,59991.1751042,18.6155758,0.054291904,0,zr,10.9667539,41.2641448,1.04700005,0.0170000009,20230216175093,695,0xb,0x4,19.4099998,26.2240505,0.0396763384,0.107879713,1.40703742e-05,30,2.12199998,1,0.1299480240087468,759.0,0.26699141459742853,17.833756759068983,18.615575799999995
1050,695211400071731,224017442,2459994.672075451,59994.1744213,18.643013,0.0554744378,0,zr,10.9666779,41.2640168,0.38499999,-0.0599999987,20230219174329,695,0xb,0x4,19.8400002,26.2473431,0.0348368138,0.105800129,1.07044752e-05,30,2.26300001,1,0.12670530539208533,762.0,0.26074287531036117,17.859468874134386,18.643013000000003
1051,695211400071731,231848486,2460072.9804329295,60072.4848611,18.5842056,0.0529734045,0,zr,10.9666521,41.2639433,1.03600001,0.101000004,20230508484850,695,0xb,0x4,19.75,26.2103405,0.0344096087,0.113208324,1.03844559e-05,30,2.64199996,1,0.1337573820492307,840.0,0.26653584636285144,17.835610936287004,18.584205599999997
1052,695211400071731,231848723,2460072.9828056954,60072.4872338,18.609272,0.054024104,0,zr,10.966654,41.2639899,0.521000028,-0.0520000011,20230508487222,695,0xb,0x4,19.6599998,26.2103233,0.0346612856,0.10924495,1.05620693e-05,30,2.57800007,1,0.13070469860886078,840.0,0.23598520563666964,17.967788057317897,18.609271999999997
1053,695211400071731,231848959,2460072.9851668617,60072.4895949,18.6982555,0.057940606,0,zr,10.9666175,41.2640253,1.278,0.0500000007,20230508489595,695,0xb,0x4,19.6900005,26.2190342,0.0327014774,0.10784287,9.26482517e-06,30,2.51699996,1,0.12041977183673457,840.0,0.22570027886454344,18.016169760820695,18.698255499999995
1054,695211400071731,231849196,2460072.9875396187,60072.4919676,18.7705574,0.0613464601,0,zr,10.9667625,41.2639813,0.689999998,0.0130000003,20230508491968,695,0xb,0x4,19.4599991,26.2241001,0.0348648354,0.110347457,1.07364986e-05,30,2.45900011,1,0.11266189191356224,840.0,0.21794239894137113,18.054145682587112,18.770557399999994
1055,695211400071731,231948379,2460073.9793947823,60073.4837963,18.8413792,0.0648870915,0,zr,10.9668702,41.2640508,0.735000014,0.130999997,20230509483796,695,0xb,0x4,19.2999992,26.0457764,0.0407223143,0.108214058,1.58972634e-05,30,2.59699988,1,0.10554758966466057,841.0,0.21082809669246944,18.090178779837323,18.8413792
1056,695211400071731,231948622,2460073.9818254616,60073.4862269,18.5086288,0.0499392487,0,zr,10.9666654,41.2641171,0.691999972,-0.0410000011,20230509486215,695,0xb,0x4,19.25,26.0439968,0.0397675931,0.126265794,1.52756584e-05,30,2.53299999,1,0.14339977833265824,841.0,0.24838427615330827,17.912189751069498,18.508628800000004
1057,695211400071731,231948865,2460073.98425602,60073.4886574,18.665205,0.056451302,0,zr,10.9667723,41.2639182,1.21599996,0.305999994,20230509488646,695,0xb,0x4,19.25,26.0631123,0.0390611999,0.115347341,1.49491761e-05,30,2.47300005,1,0.12414178908957135,841.0,0.22912628691022136,17.999812706913495,18.665205000000007
1058,695211400071731,231949108,2460073.9866866968,60073.491088,18.6086102,0.0539960787,0,zr,10.9666198,41.2639793,0.485000014,0.0460000001,20230509491076,695,0xb,0x4,19.1700001,26.0846806,0.040589802,0.108202346,1.70439525e-05,30,2.41599989,1,0.13078439267934316,841.0,0.23576889049999317,17.96878375059925,18.608610200000008
1059,695211400071731,231949350,2460073.98910566,60073.4935069,18.6606941,0.0562512502,0,zr,10.9667871,41.2640265,0.714999974,0.219999999,20230509493507,695,0xb,0x4,19.1700001,26.090601,0.0392494537,0.119505204,1.66776954e-05,30,2.36100006,1,0.12465863296220088,841.0,0.2296431307828509,17.997366352294016,18.660694099999994
1060,695211400071731,232148224,2460075.977901148,60075.4822454,18.6452217,0.055570852,0,zr,10.9666565,41.2640425,1.31599998,0.143000007,20230511482245,695,0xb,0x4,20.0699997,26.2150364,0.0302217025,0.110709392,7.95641699e-06,30,2.49600005,1,0.12644781232156874,843.0,0.23143231014221877,17.988940023822373,18.6452217
1061,695211400071731,232148467,2460075.980331725,60075.4846759,18.6398315,0.0553358868,0,zr,10.9665929,41.2640311,0.882000029,0.0189999994,20230511484664,695,0xb,0x4,19.9899998,26.2196331,0.0307909697,0.109548829,8.25501138e-06,30,2.43799996,1,0.12707713062869846,843.0,0.23147331596627435,17.988747667085327,18.639831500000007
1062,695211400071731,232148709,2460075.982750799,60075.4870949,18.57967,0.0527856722,0,zr,10.9666289,41.2640274,0.75999999,0.151999995,20230511487095,695,0xb,0x4,19.7900009,26.2256413,0.0343479626,0.112754509,1.03726316e-05,30,2.3829999,1,0.13431731448035913,843.0,0.238713499817935,17.95530754977414,18.57967
1063,695211400071731,232148952,2460075.985181469,60075.4895255,18.5766296,0.0526602678,0,zr,10.9666848,41.2639503,0.42899999,0.0529999994,20230511489514,695,0xb,0x4,19.7000008,26.2245789,0.031994164,0.115662888,9.09189384e-06,30,2.329,1,0.1346939719857942,843.0,0.23909015732337008,17.953595755529612,18.576629599999997
1064,695211400071731,232149195,2460075.987612044,60075.491956,18.4046764,0.0460788421,0,zr,10.9667297,41.264007,0.398000002,0.0489999987,20230511491944,695,0xb,0x4,19.4500008,26.2330666,0.0385072306,0.112498559,1.34314205e-05,30,2.27900004,1,0.15780815414751634,843.0,0.2622043394850922,17.853400312518396,18.404676399999992
1065,695211400071731,232248143,2460076.9771215227,60076.4814352,18.5139084,0.0501448251,0,zr,10.966673,41.2640219,0.686999977,0.0729999989,20230512481424,695,0xb,0x4,20.2999992,26.2042713,0.0295167249,0.110559776,7.53504219e-06,30,2.45000005,1,0.14270416213186146,844.0,0.24710034746943732,17.917816609744968,18.5139084
1066,695211400071731,232248380,2460076.9794943,60076.4838079,18.599947,0.0536306053,0,zr,10.9666553,41.2640202,1.09899998,0.0299999993,20230512483796,695,0xb,0x4,20.2399998,26.2060452,0.0297317281,0.112549111,7.69811959e-06,30,2.39499998,1,0.13183210905713258,844.0,0.2359359784379839,17.968014568667122,18.599947000000007
1067,695211400071731,232248618,2460076.981867077,60076.4861806,18.4727249,0.0485660471,0,zr,10.9666424,41.2640173,1.37199998,0.175999999,20230512486169,695,0xb,0x4,20.1900005,26.209137,0.0265045576,0.109540939,6.11006499e-06,30,2.34299994,1,0.14822110273302194,844.0,0.2523249721138733,17.895099415178784,18.472724899999996
1068,695211400071731,232248855,2460076.9842397505,60076.4885532,18.5851212,0.0530113839,0,zr,10.9666964,41.2640072,0.759000003,0.064000003,20230512488542,695,0xb,0x4,19.9599991,26.220211,0.0312952064,0.116150469,8.46904823e-06,30,2.29299998,1,0.13364463216181424,844.0,0.23774850154266555,17.959705529023715,18.585121199999996
1069,695211400071731,232249091,2460076.986601029,60076.4909144,18.4977226,0.0495176055,0,zr,10.9666153,41.2639764,0.925000012,0.0949999988,20230512490914,695,0xb,0x4,19.8600006,26.2250099,0.0326467492,0.111371107,9.21815081e-06,30,2.24499989,1,0.14484748536326678,844.0,0.2489513547441181,17.909713765093166,18.497722599999996
1070,695211400071731,232347996,2460077.9756834647,60077.4799653,18.5834999,0.0529441461,0,zr,10.9666509,41.263948,1.38600004,0.107000001,20230513479965,695,0xb,0x4,20.2700005,26.1804409,0.0320627354,0.107594185,8.78092851e-06,30,2.421,1,0.1338443490925102,845.0,0.2379482184733615,17.958793856077584,18.5834999
1071,695211400071731,232348233,2460077.9780562427,60077.482338,18.6263809,0.0547543056,0,zr,10.9667313,41.2640238,0.782999992,0.103,20230513482338,695,0xb,0x4,20.2000008,26.1922207,0.0361240432,0.109972782,1.11404515e-05,30,2.3670001,1,0.1286612125403467,845.0,0.23247398443183614,17.98406410209487,18.626380900000008
1072,695211400071731,232348471,2460077.9804289243,60077.4847106,18.5238037,0.0505326726,0,zr,10.9666377,41.2639564,1.53900003,0.141000003,20230513484711,695,0xb,0x4,20.2000008,26.192873,0.0292891189,0.110393435,7.33491288e-06,30,2.31599998,1,0.14140947828802924,845.0,0.24522225017951868,17.926100316911565,18.523803699999995
1073,695211400071731,232348708,2460077.982801703,60077.4870833,18.5350685,0.0509782806,0,zr,10.9666971,41.2640179,0.873000026,0.127000004,20230513487072,695,0xb,0x4,19.9699993,26.2080517,0.0350275263,0.108844042,1.04825976e-05,30,2.26699996,1,0.13994990242300512,845.0,0.24376267431449455,17.932581985312062,18.5350685
1074,695211400071731,232348945,2460077.985174485,60077.489456,18.7004642,0.0580416322,0,zr,10.966616,41.2639779,1.16100001,0.0839999989,20230513489456,695,0xb,0x4,19.9099998,26.2089462,0.0324692912,0.113385856,9.00463328e-06,30,2.22000003,1,0.12017505235395368,845.0,0.2239878242454431,18.02443897209691,18.700464199999992
1075,695211400071731,232448070,2460078.976457363,60078.480706,18.6257439,0.0547269434,0,zr,10.966705,41.2640262,1.45599997,0.0579999983,20230514480706,695,0xb,0x4,20.1900005,26.1771946,0.0302397143,0.10961803,7.79082347e-06,30,2.34299994,1,0.12873672005204348,846.0,0.23254949194353292,17.98371151241256,18.625743899999996
1076,695211400071731,232448307,2460078.978830146,60078.4830787,18.7211132,0.0589951128,0,zr,10.9666952,41.2640385,1.33500004,0.155000001,20230514483067,695,0xb,0x4,20.2999992,26.194294,0.0282599945,0.11081963,6.80513813e-06,30,2.29299998,1,0.11791110788813981,846.0,0.2214339945160553,18.036889263776196,18.721113199999998
1077,695211400071731,232448545,2460078.9812029297,60078.4854514,18.5471592,0.0514613651,0,zr,10.9666442,41.2639727,0.751999974,0.023,20230514485440,695,0xb,0x4,20.1599998,26.2068024,0.0310091246,0.107040793,8.20493915e-06,30,2.24499989,1,0.13840007325743045,846.0,0.24192295988534596,17.940807281572283,18.547159200000003
1078,695211400071731,232448781,2460078.9835641137,60078.4878125,18.5187035,0.0503323786,0,zr,10.9666621,41.264082,1.26100004,0.108000003,20230514487813,695,0xb,0x4,20.1599998,26.214386,0.0316339582,0.1010511,8.51992354e-06,30,2.19899988,1,0.1420753059686765,846.0,0.245598192596592,17.924437083935224,18.518703500000008
1079,695211400071731,232449018,2460078.985936892,60078.4901852,18.5793037,0.0527705587,0,zr,10.9666838,41.2639625,0.984000027,0.0329999998,20230514490185,695,0xb,0x4,19.9799995,26.2217598,0.0319922231,0.102272488,8.73748922e-06,30,2.15499997,1,0.1343626373981207,846.0,0.2378855240260362,17.959079962864955,18.579303700000004
1080,695211400071731,232548035,2460079.9761446007,60079.4803588,18.5288963,0.0507335775,0,zr,10.9666388,41.2639873,1.10000002,0.0970000029,20230515480359,695,0xb,0x4,20.3299999,26.2305489,0.028311478,0.104539737,6.83895405e-06,30,2.29299998,1,0.14074775618113988,847.0,0.24427064280905536,17.930321811814743,18.528896300000007
1081,695211400071731,232548278,2460079.9785752846,60079.4827894,18.4814186,0.0488946326,0,zr,10.9667056,41.2639684,0.677999973,-0.0439999998,20230515482778,695,0xb,0x4,19.9400005,26.2381592,0.0356826186,0.0974782407,1.0865625e-05,30,2.24300003,1,0.1470390066185459,847.0,0.25027321400185676,17.903964072880022,18.481418600000005
1082,695211400071731,232548521,2460079.9810058763,60079.4852199,18.4354076,0.0471836962,0,zr,10.9666305,41.263976,0.720000029,0.0970000029,20230515485208,695,0xb,0x4,20.1900005,26.2382011,0.0284508094,0.108630143,6.88182672e-06,30,2.19700003,1,0.15340409750344963,847.0,0.2566383048867605,17.876696304826687,18.435407599999998
1083,695211400071731,232548763,2460079.983424962,60079.4876389,18.5337296,0.0509250462,0,zr,10.9666583,41.2639665,0.92900002,0.127000004,20230515487639,695,0xb,0x4,20.0400009,26.2432365,0.0269635171,0.0969391316,6.19241291e-06,30,2.15199995,1,0.14012259124585458,847.0,0.24335679862916543,17.93439129104771,18.533729600000008
1084,695211400071731,232549006,2460079.985855551,60079.4900694,18.6259804,0.0547370873,0,zr,10.9666451,41.2639962,0.930000007,0.143999994,20230515490058,695,0xb,0x4,19.7600002,26.2402267,0.0329006687,0.0978247374,9.24502274e-06,30,2.10899997,1,0.12870868108785488,847.0,0.23194288847116573,17.986547346773143,18.625980399999996
1085,695211400071731,232747885,2460081.9747126214,60081.4788542,18.6194305,0.0544563979,0,zr,10.9666475,41.2640169,0.326000005,-0.0109999999,20230517478854,695,0xb,0x4,20.0300007,26.2366657,0.0297331195,0.103412159,7.61878255e-06,30,2.21399999,1,0.12948748626181553,849.0,0.23272169364512638,17.982907827867855,18.6194305
1086,695211400071731,232748122,2460081.9770854088,60081.4812269,18.5121326,0.0500756092,0,zr,10.9667373,41.2640152,1.00100005,0.0700000003,20230517481215,695,0xb,0x4,19.9500008,26.2306538,0.0313873366,0.107282534,8.51328969e-06,30,2.16899991,1,0.1429377560762544,849.0,0.2455981984020695,17.924437058270478,18.512132599999994
1087,695211400071731,232748358,2460081.979446604,60081.483588,18.5248871,0.0505753495,0,zr,10.9666591,41.2640259,0.363000005,0.0520000011,20230517483588,695,0xb,0x4,20.0699997,26.2383156,0.029879,0.108842596,7.641499e-06,30,2.12599993,1,0.14126844346130574,849.0,0.24392888578712085,17.93184191992966,18.524887099999994
1088,695211400071731,232748596,2460081.981819293,60081.4859606,18.5614967,0.0520408191,0,zr,10.9666749,41.2639745,0.867999971,0.0240000002,20230517485961,695,0xb,0x4,19.9400005,26.2468185,0.0346825533,0.107485279,1.02753884e-05,30,2.08500004,1,0.13658446944313907,849.0,0.23924491176895418,17.95289322493489,18.5614967
1089,695211400071731,232748833,2460081.984192088,60081.4883333,18.5459766,0.0514138937,0,zr,10.9666137,41.2640035,0.809000015,0.136999995,20230517488333,695,0xb,0x4,19.7299995,26.2623081,0.0371184498,0.0991001353,1.1814268e-05,30,2.046,1,0.1385509028007727,849.0,0.24121134512658782,17.94400567364729,18.545976599999996
1090,695211400071731,232847934,2460082.9752369435,60082.4793403,18.6709671,0.0567079857,0,zr,10.9667126,41.2639235,0.916000009,0.0130000003,20230518479340,695,0xb,0x4,20.4300003,26.2070122,0.0303892493,0.102351487,7.93757499e-06,30,2.15400004,1,0.1234847025650727,850.0,0.22614514489088783,18.0140318292107,18.670967100000006
1091,695211400071731,232848171,2460082.97760974,60082.481713,18.4986916,0.0495548695,0,zr,10.9667041,41.263997,0.469000012,-0.00899999961,20230518481713,695,0xb,0x4,20.3999996,26.2112083,0.0369583517,0.103274271,1.17333402e-05,30,2.11100006,1,0.14471826926253348,850.0,0.24709361355650564,17.91784619834234,18.498691599999994
1092,695211400071731,232848408,2460082.979982432,60082.4840856,18.5866203,0.0530736074,0,zr,10.9667359,41.2639674,1.34899998,0.153999999,20230518484086,695,0xb,0x4,20.3799992,26.2248669,0.0286609214,0.102471597,7.09642563e-06,30,2.0710001,1,0.1334602333923041,850.0,0.23583557768627625,17.968476693741614,18.5866203
1093,695211400071731,232848645,2460082.982355232,60082.4864583,18.494915,0.0494096614,0,zr,10.9666374,41.2639932,1.55499995,0.239999995,20230518486447,695,0xb,0x4,20.1900005,26.2233734,0.0285919365,0.104415677,6.98539998e-06,30,2.03200006,1,0.14522253047970218,850.0,0.24759787477367434,17.91563271837483,18.494915
1094,695211400071731,232848883,2460082.9847280225,60082.488831,18.4886475,0.0491697527,0,zr,10.9666963,41.2639637,1.37399995,0.209000006,20230518488819,695,0xb,0x4,19.9899998,26.2291164,0.0314051211,0.106585987,8.47005595e-06,30,1.995,1,0.14606326354011245,850.0,0.2484386078340846,17.91195228264757,18.488647500000006
1095,695211400071731,232947664,2460083.9725794736,60083.4766435,18.5946198,0.0534071922,0,zr,10.9667083,41.264011,1.63699996,0.165000007,20230519476644,695,0xb,0x4,20.8199997,26.1818695,0.0266769212,0.099013634,6.10694724e-06,30,2.15300012,1,0.13248053705346152,851.0,0.23485588134743368,17.972996398955665,18.594619799999997
1096,695211400071731,232947901,2460083.974952272,60083.4790162,18.5343285,0.050948862,0,zr,10.9666893,41.2640012,1.20000005,0.129999995,20230519479005,695,0xb,0x4,20.7600002,26.1917286,0.0237643551,0.101685509,4.86175395e-06,30,2.11100006,1,0.14004531991742034,851.0,0.24213674776002875,17.939848237689453,18.534328500000008
1097,695211400071731,232948136,2460083.9773018686,60083.4813657,18.5557957,0.0518095642,0,zr,10.966664,41.2639756,1.17499995,0.163000003,20230519481366,695,0xb,0x4,20.4899998,26.1861,0.0270352308,0.1053266,6.25252051e-06,30,2.0710001,1,0.13730353541945678,851.0,0.2393949632620652,17.95221247787439,18.555795699999997
1098,695211400071731,232948372,2460083.979663162,60083.4837269,18.6814899,0.0571799353,0,zr,10.9667469,41.2640062,1.39600003,0.221000001,20230519483715,695,0xb,0x4,20.3799992,26.205431,0.0249974299,0.0994730815,5.36563266e-06,30,2.03200006,1,0.1222936873874848,851.0,0.22438511523009322,18.02251488934896,18.681489899999995
1099,695211400071731,232948608,2460083.9820243646,60083.486088,18.6746445,0.0568723977,0,zr,10.9666191,41.2639953,0.822000027,0.103,20230519486076,695,0xb,0x4,20.3099995,26.2066002,0.0263381191,0.100711398,5.94599669e-06,30,1.995,1,0.1230671660718684,851.0,0.22515859391447682,18.01877868028685,18.674644499999992
1100,695211400071731,233147569,2460085.9717128486,60085.4756944,18.5392857,0.0511461794,0,zr,10.9666422,41.2640063,0.421999991,-0.0250000004,20230521475683,695,0xb,0x4,20.5799999,26.2208462,0.0285465494,0.0948415995,6.99883185e-06,30,2.07399988,1,0.13940736548636015,853.0,0.24149879332896856,17.94271258724887,18.5392857
1101,695211400071731,233147759,2460085.973611129,60085.4775926,18.5375652,0.051077608,0,zr,10.9666733,41.2639929,0.902999997,0.0599999987,20230521477581,695,0xb,0x4,20.5100002,26.2212067,0.026234787,0.104448482,5.90291438e-06,30,2.04299998,1,0.1396284509671823,853.0,0.2411555666191825,17.944256771903547,18.537565199999996
1102,695211400071731,233147996,2460085.9759839326,60085.4799653,18.596447,0.0534837171,0,zr,10.9666597,41.2639819,1.85699999,0.202000007,20230521479954,695,0xb,0x4,20.5200005,26.2338924,0.0261617284,0.0988253653,5.84336112e-06,30,2.00500011,1,0.13225777128369753,853.0,0.23378488693569774,17.97795891827095,18.596447000000005
1103,695211400071731,233148233,2460085.978356736,60085.482338,18.6885509,0.0574989766,0,zr,10.966691,41.264018,1.18299997,0.128999993,20230521482326,695,0xb,0x4,20.2900009,26.2247219,0.0269658547,0.102586165,6.23295909e-06,30,1.96899998,1,0.12150094058887846,853.0,0.22302805624087868,18.029101251525695,18.688550900000003
1104,695211400071731,233148471,2460085.9807294374,60085.4847106,18.5566196,0.0518429093,0,zr,10.9666853,41.2639962,0.996999979,0.0979999974,20230521484687,695,0xb,0x4,20.1599998,26.2231312,0.0300739389,0.10703288,7.72517524e-06,30,1.93400002,1,0.1371993835347342,853.0,0.23872649918673441,17.95524842659477,18.556619599999998
1105,695211400071731,233347513,2460087.971244598,60087.4751389,18.5805187,0.0528207459,0,zr,10.966652,41.2640117,1.47800004,0.160999998,20230523475139,695,0xb,0x4,20.8299999,26.2770748,0.0238017458,0.100373812,4.77777667e-06,30,1.99600005,1,0.1342123621337682,855.0,0.2357394777857684,17.968919207150627,18.580518699999992
1106,695211400071731,233347752,2460087.973628907,60087.4775231,18.5891495,0.0531788431,0,zr,10.9666456,41.2639943,2.46499991,0.270000011,20230523477500,695,0xb,0x4,20.7999992,26.2697372,0.0224795248,0.0984581113,4.32729803e-06,30,1.96000004,1,0.13314970237120893,855.0,0.2341171604340445,17.976416880018682,18.589149499999998
1107,695211400071731,233347989,2460087.9760017134,60087.4798958,18.6213112,0.0545368046,0,zr,10.9666766,41.2639846,0.741999984,0.0520000011,20230523479873,695,0xb,0x4,20.6100006,26.274765,0.0223550983,0.106520541,4.24728751e-06,30,1.92499995,1,0.12926338364958226,855.0,0.23023084171241784,17.994591246853325,18.6213112
1108,695211400071731,233348225,2460087.978362924,60087.4822569,18.6536255,0.055939272,0,zr,10.9666488,41.264014,1.39100003,0.125,20230523482245,695,0xb,0x4,20.5699997,26.2859573,0.0236062314,0.0982691497,4.73621321e-06,30,1.89199996,1,0.12547286077546727,855.0,0.22644031883830285,18.012615605701406,18.653625499999997
1109,695211400071731,233348462,2460087.980735732,60087.4846296,18.5750504,0.0525952391,0,zr,10.9666539,41.2639586,0.88499999,0.136000007,20230523484618,695,0xb,0x4,20.2900009,26.2865925,0.02474753,0.0988149121,5.23495828e-06,30,1.86000001,1,0.1348900265032232,855.0,0.2358574845660588,17.968375843869374,18.575050400000002
1110,695211400071731,233447554,2460088.971695104,60088.475544,18.6124496,0.0541589372,0,zr,10.9666448,41.2639728,0.939999998,0.0949999988,20230524475509,695,0xb,0x4,20.6299992,26.2678051,0.0232429616,0.103495367,4.61959644e-06,30,1.949,1,0.13032272730087102,856.0,0.2312901853637066,17.989606989547944,18.612449599999998
1111,695211400071731,233447792,2460088.9740794143,60088.4779282,18.5803852,0.052815225,0,zr,10.966676,41.2640166,0.813000023,0.111000001,20230524477905,695,0xb,0x4,20.3299999,26.2748222,0.0242502149,0.102709003,5.036115e-06,30,1.91400003,1,0.13422886563788922,856.0,0.23491822563758527,17.97270822022309,18.580385200000002
1112,695211400071731,233448030,2460088.976452224,60088.4803009,18.5820312,0.0528833158,0,zr,10.9666964,41.2639821,1.08299994,0.123000003,20230524480289,695,0xb,0x4,20.3799992,26.2774296,0.0254622269,0.102574393,5.54709459e-06,30,1.88199997,1,0.13402552589387154,856.0,0.2347148858935676,17.97364841515536,18.582031199999996
1113,695211400071731,233448267,2460088.9788250374,60088.4826736,18.6333237,0.05505367,0,zr,10.9666514,41.2639879,0.819000006,0.0649999976,20230524482662,695,0xb,0x4,20.3700008,26.2785416,0.023580797,0.10456983,4.7473618e-06,30,1.85000002,1,0.1278411062278356,856.0,0.22853046622753165,18.002639735894455,18.6333237
1114,695211400071731,233448504,2460088.9811978475,60088.4850463,18.6140881,0.0542285703,0,zr,10.9666944,41.2640335,1.18299997,0.158000007,20230524485035,695,0xb,0x4,20.0599995,26.2903271,0.0289001185,0.102384798,7.17604644e-06,30,1.82000005,1,0.130126203738956,856.0,0.23081556373865206,17.991837275858323,18.614088099999996
1115,695211400071731,233547443,2460089.9706304846,60089.4744329,18.5753689,0.0526083373,0,zr,10.9666514,41.2640125,1.76900005,0.112999998,20230525474398,695,0xb,0x4,20.7099991,26.2491894,0.0223015286,0.100605346,4.27834311e-06,30,1.92499995,1,0.13485046240619725,857.0,0.2355398224058933,17.969839141835998,18.575368899999994
1116,695211400071731,233547680,2460089.9730032994,60089.4768056,18.6570473,0.0560900792,0,zr,10.9666377,41.2639919,1.17200005,0.0989999995,20230525476794,695,0xb,0x4,20.6599998,26.2476025,0.0230489038,0.10409528,4.55391864e-06,30,1.89199996,1,0.1250780437050006,857.0,0.22549045167102622,18.017179608682135,18.657047299999995
1117,695211400071731,233547917,2460089.9753760123,60089.4791782,18.6348248,0.0551186167,0,zr,10.9666496,41.2639834,1.20099998,0.0649999976,20230525479167,695,0xb,0x4,20.2900009,26.2584553,0.0261508189,0.106086276,5.88978037e-06,30,1.86000001,1,0.12766447981875056,857.0,0.22807688778477617,18.004796804520957,18.634824799999997
1118,695211400071731,233548155,2460089.9777488266,60089.4815509,18.5640392,0.0521443337,0,zr,10.9666391,41.2639573,1.53900003,0.0909999982,20230525481539,695,0xb,0x4,20.2800007,26.2578354,0.0253053419,0.102309003,5.46027195e-06,30,1.83000004,1,0.13626499982631782,857.0,0.23667740779234342,17.96460798994064,18.564039200000003
1119,695211400071731,233548392,2460089.98012164,60089.4839236,18.5491352,0.0515408255,0,zr,10.9666526,41.263983,0.319000006,-0.0390000008,20230525483900,695,0xb,0x4,20.0699997,26.2599373,0.0269879568,0.102918036,6.27612008e-06,30,1.79999995,1,0.13814841927922544,857.0,0.23856082724525104,17.956002169768944,18.549135200000002
1120,695211400071731,233647343,2460090.9696827047,60090.4734375,18.7767906,0.0616498329,0,zr,10.9665535,41.2639662,0.976000011,0.0320000015,20230526473380,695,0xb,0x4,20.3299999,26.2791538,0.0267588459,0.10577035,6.16603756e-06,30,1.90100002,1,0.11201695425223168,858.0,0.21242936221825728,18.081963636960914,18.776790600000005
1121,695211400071731,233647581,2460090.9720555088,60090.4758102,18.6537819,0.0559462011,0,zr,10.9667728,41.2639124,0.963999987,0.151999995,20230526475787,695,0xb,0x4,19.2999992,26.2495174,0.0403168239,0.105496399,1.58007351e-05,30,1.86899996,1,0.1254547877463138,858.0,0.2255913839077815,18.016693728840117,18.653781900000006
1122,695211400071731,233647818,2460090.9744283324,60090.4781829,18.4894142,0.0491990261,0,zr,10.9666614,41.2639447,1.13800001,0.0599999987,20230526478171,695,0xb,0x4,20.0499992,26.2915955,0.0287775267,0.107358113,7.14770431e-06,30,1.83800006,1,0.1459601563830674,858.0,0.24609675254453506,17.922235292858936,18.48941419999999
1123,695211400071731,233648055,2460090.9768011426,60090.4805556,18.4670982,0.0483547188,0,zr,10.9667869,41.2639987,1.10399997,0.0289999992,20230526480544,695,0xb,0x4,19.9300003,26.2973118,0.0281965081,0.101128481,6.84464931e-06,30,1.80799997,1,0.14899123497621922,858.0,0.24912783113768688,17.908944382138692,18.467098200000002
1124,695211400071731,233648292,2460090.979173864,60090.4829282,18.5422115,0.0512630828,0,zr,10.9666956,41.2639751,1.12100005,0.0260000005,20230526482917,695,0xb,0x4,19.7800007,26.303215,0.0318858624,0.103513248,8.7509834e-06,30,1.77900004,1,0.1390322016165024,858.0,0.23916879777797007,17.95323869879882,18.5422115
1125,695211400071731,233946321,2460093.9596118857,60093.4632176,18.5635605,0.0521248057,0,zr,10.9666647,41.2640044,0.748000026,0.123999998,20230529463206,695,0xb,0x4,20.8799992,26.2693977,0.0237915833,0.103325047,4.87778198e-06,30,1.92900002,1,0.13632509217395986,861.0,0.23646168833542752,17.965598034697415,18.5635605
1126,695211400071731,233946518,2460093.9615795906,60093.4651852,18.6070404,0.0539296418,0,zr,10.9666375,41.2639965,1.074,0.0970000029,20230529465185,695,0xb,0x4,21.1399994,26.2887764,0.0232864544,0.10243085,4.68562439e-06,30,1.90199995,1,0.13097362265025417,861.0,0.23028956730950484,17.994314340527346,18.607040399999995
1127,695211400071731,233946715,2460093.9635472936,60093.4671528,18.5550575,0.0517797135,0,zr,10.9666385,41.2640064,1.09399998,0.0879999995,20230529467153,695,0xb,0x4,21.0799999,26.275919,0.0219919663,0.101466008,4.16919875e-06,30,1.875,1,0.1373969208422287,861.0,0.2367128655014794,17.964445343089658,18.555057499999997
1128,695211400071731,233946912,2460093.965514994,60093.4691204,18.5778904,0.0527122095,0,zr,10.9666808,41.2639794,1.47599995,0.138999999,20230529469120,695,0xb,0x4,20.8899994,26.2806644,0.0215228945,0.101405077,3.99235751e-06,30,1.84899998,1,0.13453765077703955,861.0,0.23385359543629025,17.977639871357503,18.577890399999994
1129,695211400071731,233947108,2460093.9674826995,60093.471088,18.6309242,0.0549499951,0,zr,10.9666464,41.26398,2.27900004,0.127000004,20230529471088,695,0xb,0x4,20.9799995,26.2915173,0.0234555434,0.101377368,4.74071658e-06,30,1.824,1,0.12812395020975498,861.0,0.22743989486900568,18.0078333851607,18.630924200000003
1130,695211400071731,234046178,2460094.95822863,60094.4617824,18.4195347,0.0466093011,0,zr,10.9666606,41.2639866,1.81500006,0.158000007,20230530461771,695,0xb,0x4,21.1700001,26.3427505,0.0275069308,0.101059534,6.53966936e-06,30,1.91100001,1,0.1556632594687886,862.0,0.25497920412803926,17.8837380969615,18.419534700000007
1131,695211400071731,234046375,2460094.960196333,60094.46375,18.5647678,0.052174028,0,zr,10.966695,41.2639988,1.45899999,0.057,20230530463750,695,0xb,0x4,21.0900002,26.3426113,0.0227293372,0.101189941,4.46046897e-06,30,1.88399994,1,0.13617358777493577,862.0,0.235218224256051,17.971322582475885,18.56476779999999
1132,695211400071731,234046572,2460094.9621756417,60094.4657292,18.544529,0.0513558611,0,zr,10.9666525,41.2639767,1.62800002,0.144999996,20230530465718,695,0xb,0x4,21.1000004,26.3294277,0.0219821278,0.103089765,4.1739936e-06,30,1.85800004,1,0.13873575438060978,862.0,0.23778039086172503,17.959559908478447,18.544529000000004
1133,695211400071731,234046769,2460094.964143346,60094.4676968,18.5128498,0.050103534,0,zr,10.9666696,41.2640069,1.19599998,0.141000003,20230530467685,695,0xb,0x4,21.0699997,26.3448009,0.0239699967,0.10492979,4.9464993e-06,30,1.83200002,1,0.14284336748836693,862.0,0.24188800396948218,17.94096417302918,18.512849800000005
1134,695211400071731,234046966,2460094.966111051,60094.4696644,18.5935078,0.0533606783,0,zr,10.966673,41.2640066,1.98000002,0.191,20230530469653,695,0xb,0x4,21.1399994,26.3342285,0.0206242353,0.102022342,3.67815369e-06,30,1.80700004,1,0.13261629178218973,862.0,0.23166092826330498,17.98786801943661,18.593507800000005
1135,695211400071731,234346262,2460097.959235881,60097.4626273,18.5831642,0.0529302172,0,zr,10.9666965,41.2640293,0.523000002,0.0670000017,20230602462604,695,0xb,0x4,20.2199993,26.2699451,0.0284807924,0.110915564,6.93943821e-06,30,1.79299998,1,0.1338857389759173,865.0,0.23293037545703255,17.981934683201864,18.58316419999999
1136,695211400071731,234346462,2460097.961238298,60097.4646296,18.5635548,0.0521246083,0,zr,10.9666279,41.2639917,1.72599995,0.232999995,20230602464606,695,0xb,0x4,20.7299995,26.2843761,0.0228090622,0.108237833,4.46835111e-06,30,1.76900005,1,0.13632580786812373,865.0,0.23456316802595326,17.97435045347205,18.5635548
1137,695211400071731,234346663,2460097.9632407115,60097.4666319,18.6805573,0.0571378991,0,zr,10.9666307,41.264008,1.63800001,0.0970000029,20230602466620,695,0xb,0x4,20.9400005,26.3040333,0.0232436992,0.101135939,4.66114079e-06,30,1.74600005,1,0.12239877745341408,865.0,0.22063613761124362,18.040808384320194,18.680557299999997
1138,695211400071731,234346863,2460097.965243224,60097.4686343,18.6218529,0.054560028,0,zr,10.9666419,41.2639982,1.49000001,0.0610000007,20230602468623,695,0xb,0x4,20.8700008,26.2974701,0.0228746179,0.10214927,4.51792175e-06,30,1.72399998,1,0.12919890711311371,865.0,0.22743626727094324,18.00785070246541,18.6218529
1139,695211400071731,234347063,2460097.967245637,60097.4706366,18.6030579,0.0537615046,0,zr,10.9666331,41.2640151,1.06700003,0.123000003,20230602470613,695,0xb,0x4,20.9099998,26.3107109,0.02225223,0.0999528095,4.24452946e-06,30,1.70200002,1,0.1314549184237854,865.0,0.22969227858161492,17.99713400989838,18.603057900000003
1140,695211400071731,237044902,2460124.9474479826,60124.4490278,18.4812946,0.0488899313,0,zr,10.966635,41.2639787,2.20900011,0.165999994,20230629449016,695,0xb,0x4,21.1900005,26.3990917,0.026802294,0.103599511,6.18948616e-06,30,1.30700004,1,0.14705580064084206,892.0,0.24529316079867158,17.925786401281876,18.481294600000005
1141,695211400071731,237940827,2460133.9073960115,60133.4082755,18.6240978,0.0546562523,0,zr,10.9666502,41.2640066,0.763000011,0.103,20230708408275,695,0xb,0x4,20.8600006,26.3918896,0.0228441264,0.0999286994,4.47736284e-06,30,1.40100002,1,0.12893204764423263,901.0,0.22033029679506377,18.042314451332807,18.62409780000001
1142,695211400071731,238146250,2460135.9617850906,60135.4625,18.5355835,0.0509987511,0,zr,10.9666877,41.2639842,1.81099999,0.204999998,20230710462488,695,0xb,0x4,21.1200008,26.4442673,0.0198062006,0.0940671861,3.42469866e-06,30,1.13499999,1,0.1398835353731037,903.0,0.22916201932012853,17.999643398769827,18.535583499999994
1143,695211400071731,238446030,2460138.9598280145,60138.4603009,18.7935905,0.0624753311,32768,zr,10.966668,41.264012,0.931999981,0.109999999,20230713460127,695,0xb,0x4,20.6200008,25.832634,0.118242569,0.0728921071,0.000120578661,30,1.11800003,1,0.11029702537152392,906.0,0.19911464985668936,18.1522419639714,18.7935905
1144,695211400071731,238742952,2460141.9292939887,60141.4295255,18.6290932,0.0548710339,0,zr,10.966653,41.2639999,2.04299998,0.192000002,20230716429514,695,0xb,0x4,21.4400005,26.3741531,0.0203890689,0.0944431052,3.61425964e-06,30,1.18900001,1,0.12834020244034078,909.0,0.2164733358044167,18.061488976061405,18.629093199999993
1145,695211400071731,239038751,2460144.887521564,60144.3875116,18.5288162,0.0507304184,0,zr,10.9666604,41.2639847,2.10899997,0.224999994,20230719387500,695,0xb,0x4,21.4200001,26.4262314,0.0262663011,0.0995485857,5.94536777e-06,30,1.34500003,1,0.1407581402054519,912.0,0.22821483571049045,18.00414031633951,18.5288162
1146,695211400071731,239240510,2460146.9052791656,60146.4051042,18.5366974,0.0510430485,0,zr,10.9666516,41.2639893,1.426,0.0839999989,20230721405104,695,0xb,0x4,21.3700008,26.4400139,0.0207350943,0.0934665874,3.72584691e-06,30,1.23099995,1,0.13974009687704897,914.0,0.22652829216643727,18.012193873041404,18.5366974
1147,695211400071731,239245304,2460146.953222915,60146.453044,18.5130062,0.0501096249,0,zr,10.9666192,41.2639911,1.96500003,0.226999998,20230721453044,695,0xb,0x4,21.4699993,26.4604492,0.0245600026,0.0976426899,5.22235541e-06,30,1.08299994,1,0.14282279242274,914.0,0.2291696745104289,17.99960713020112,18.5130062
1148,695211400071731,239446333,2460148.963676582,60148.4633333,18.5898113,0.0532063991,32768,zr,10.966711,41.2639768,0.768000007,0.0810000002,20230723463322,695,0xb,0x4,20.25,25.4251099,0.0290509425,0.101058945,7.36224729e-06,30,1.05400002,1,0.13306856698839886,916.0,0.2194154490760878,18.046831992355827,18.5898113
1149,695211400071731,239645148,2460150.951987122,60150.4514815,18.5563698,0.0518327728,0,zr,10.9666725,41.2640086,2.69400001,0.245000005,20230725451435,695,0xb,0x4,21.3099995,26.4006119,0.0199063737,0.093112573,3.46123215e-06,30,1.06500006,1,0.13723095321875176,918.0,0.22313996621845283,18.02855659251494,18.55636979999999
1150,695211400071731,239945739,2460153.9581460566,60153.4573958,18.5291824,0.0507448912,0,zr,10.9666682,41.2639849,2.33400011,0.184,20230728457396,695,0xb,0x4,21.3700008,26.4178925,0.0252610184,0.0983326361,5.51964467e-06,30,1.04299998,1,0.14071067293027836,921.0,0.22618522815298783,18.01383940415338,18.529182400000003
1151,695211400071731,240237938,2460156.88037316,60156.3793866,18.6024818,0.0537372455,0,zr,10.9666558,41.2639866,1.25899994,0.0780000016,20230731379375,695,0xb,0x4,20.5900002,26.3416424,0.0235216208,0.097502552,4.77682534e-06,30,1.22399998,1,0.13152468792534514,924.0,0.21635388184894594,18.06208827057089,18.6024818
1152,695211400071731,240643576,2460160.93707519,60160.4357639,18.5365238,0.0510361195,0,zr,10.9666479,41.2639984,1.45099998,0.167999998,20230804435752,695,0xb,0x4,20.8199997,26.4332981,0.0211255122,0.105426304,3.86856618e-06,30,1.046,1,0.1397624419183292,928.0,0.22395376921197024,18.024604059614596,18.536523800000005
1153,695211400071731,240940431,2460163.9058627854,60163.4043171,18.5473709,0.0514698923,0,zr,10.9666663,41.2639857,1.27900004,0.160999998,20230807404317,695,0xb,0x4,21.0400009,26.4429111,0.0205487479,0.0989917442,3.6501358e-06,30,1.08800006,1,0.13837309023970118,931.0,0.22172540401521595,18.035461362708098,18.547370899999997
1154,695211400071731,241444745,2460168.9493896025,60168.4474537,18.425621,0.0468285754,0,zr,10.9666623,41.2639895,2.43300009,0.216999993,20230812447442,695,0xb,0x4,21.6299992,26.497448,0.028413292,0.0972296745,7.00524924e-06,30,1.01400006,1,0.15479310077413286,936.0,0.23752462612830932,17.96072839207465,18.425621
1155,695211400071731,241640638,2460170.908473114,60170.4063889,18.5148125,0.0501801521,0,zr,10.9666515,41.2639922,2.0480001,0.122000001,20230814406366,695,0xb,0x4,21.5200005,26.4392853,0.0260132235,0.0961445868,5.88053399e-06,30,1.04900002,1,0.14258538085709935,938.0,0.22429809388212718,18.02293604274778,18.514812499999998
1156,695211400071731,241945362,2460173.955933432,60173.4536227,18.5408535,0.0512087569,0,zr,10.9666597,41.2639934,2.48699999,0.0219999999,20230817453565,695,0xb,0x4,21.2900009,26.4403687,0.0195926353,0.094053857,3.33549906e-06,30,1.00800002,1,0.13920620691717914,941.0,0.2205168510450962,18.041395544557552,18.540853500000004
1157,695211400071731,242446378,2460178.966455184,60178.4637847,18.5021877,0.0496897325,0,zr,10.9666833,41.2640257,1.87800002,0.180999994,20230822463681,695,0xb,0x4,21.3899994,26.4466896,0.0272973496,0.104339033,6.7135602e-06,30,1.01499999,1,0.14425302197045128,946.0,0.22496631779190487,18.01970625018958,18.5021877
1158,695211400071731,242845270,2460182.9556524046,60182.4527083,18.5740528,0.0525542013,0,zr,10.9666702,41.2640109,1.28699994,0.165000007,20230826452662,695,0xb,0x4,21.2199993,26.4529209,0.0229328386,0.104588471,4.51726237e-06,30,1.01499999,1,0.13501402359397938,950.0,0.21474684882899275,18.070183000595357,18.574052799999997
1159,695211400071731,243047155,2460184.974628715,60184.4715509,18.5727959,0.05250258,0,zr,10.9666484,41.2640006,1.88300002,0.159999996,20230828471551,695,0xb,0x4,21.2600002,26.4435158,0.0244751871,0.10306561,5.2076316e-06,30,1.03799999,1,0.13517041276966105,952.0,0.21413220963230242,18.073295003722656,18.572795899999996
1160,695211400071731,243241254,2460186.9157494744,60186.4125463,18.6791687,0.0570754707,0,zr,10.9666694,41.264025,0.904999971,0.0729999989,20230830412546,695,0xb,0x4,20.6100006,26.4232407,0.023247702,0.100223117,4.72208694e-06,30,1.00899994,1,0.12255541925539797,954.0,0.20113607613766749,18.141275066393,18.679168699999998
1161,695211400071731,244032428,2460194.8279614,60194.3242824,18.5650444,0.0521853082,0,zr,10.9666655,41.2639981,1.93900001,0.184,20230907324271,695,0xb,0x4,21.3199997,26.4548264,0.021665521,0.0990455821,4.07793186e-06,30,1.079,1,0.13613890088063013,962.0,0.21434129813091346,18.072235358415092,18.565044399999998
1162,695211400071731,244234413,2460196.8479226404,60196.3441319,18.5629234,0.0520988815,0,zr,10.9666619,41.2640131,2.85500002,0.156000003,20230909344109,695,0xb,0x4,21.5799999,26.4383965,0.0274148267,0.0968841463,6.5584677e-06,30,1.03699994,1,0.136405109956378,964.0,0.21312274712999224,18.07842548615779,18.562923399999995
1163,695211400071731,244645255,2460200.956562592,60200.4525579,18.506794,0.0498680361,0,zr,10.9666832,41.2639975,1.19700003,0.123000003,20230913452558,695,0xb,0x4,21.2700005,26.4528122,0.0203334428,0.0964989662,3.59797264e-06,30,1.07799995,1,0.14364231639473946,968.0,0.21999570441108535,18.043964497589663,18.506794000000006
1164,695211400071731,244832100,2460202.825102748,60202.3210069,18.4957771,0.0494428016,0,zr,10.9666671,41.2639901,1.94099998,0.224999994,20230915320995,695,0xb,0x4,21.3299999,26.4255428,0.0191355683,0.0930540785,3.175036e-06,30,1.046,1,0.145107266153326,970.0,0.22074030856470547,18.040295886751572,18.495777100000005
1165,695211400071731,245038812,2460204.892317024,60204.388125,18.501358,0.0496576913,0,zr,10.9666706,41.264015,2.27800012,0.185000002,20230917388079,695,0xb,0x4,21.5400009,26.5064869,0.0307922903,0.0996445417,8.24856215e-06,30,1.01300001,1,0.14436329965546735,972.0,0.21964019633830278,18.04572044185708,18.501358000000003
1166,695211400071731,245242902,2460206.933309829,60206.4290278,18.5549889,0.0517769195,0,zr,10.9666748,41.2639995,2.06399989,0.0769999996,20230919429016,695,0xb,0x4,21.3899994,26.4864273,0.0282553006,0.0926829726,6.85216719e-06,30,1.06400001,1,0.13740560225719553,974.0,0.21232900551733094,18.08247668585596,18.554988900000005
1167,695211400071731,245530613,2460209.810534675,60209.3061343,18.6240292,0.0546532869,0,zr,10.9666902,41.264014,1.09399998,0.0700000003,20230922306134,695,0xb,0x4,20.7399998,26.2405663,0.0210207067,0.100370184,3.84487385e-06,30,1.03999996,1,0.1289401942067724,977.0,0.2035127323746883,18.12852103701716,18.624029200000003
1168,695211400071731,245838386,2460212.888381293,60212.3838657,18.4912224,0.0492681637,0,zr,10.9666589,41.2639975,2.40700006,0.155000001,20230925383854,695,0xb,0x4,21.5,26.5134983,0.0307126082,0.0954460725,8.1528724e-06,30,1.02499998,1,0.14571727463768464,980.0,0.2197683914760377,18.045086926217543,18.491222400000005
1169,695211400071731,246030822,2460214.812810726,60214.3082292,18.5544949,0.0517569669,0,zr,10.9666418,41.2640092,0.989000022,0.115000002,20230927308218,695,0xb,0x4,20.7700005,26.4503918,0.0223186649,0.0958041325,4.31253375e-06,30,1.023,1,0.13746813476884784,982.0,0.21100361175128124,18.089275277037437,18.5544949
1170,695211400071731,246248614,2460216.9907961166,60216.4861458,18.5392303,0.0511439927,0,zr,10.9667047,41.2640053,0.850000024,0.119999997,20230929486146,695,0xb,0x4,19.9699993,26.4019127,0.0306200068,0.102511756,8.06190928e-06,30,1.36600006,1,0.13941447896848846,984.0,0.21260936955625392,18.08104400079103,18.539230300000007
1171,695211400071731,246731851,2460221.823299335,60221.3185185,18.6524105,0.0558858514,0,zr,10.9666897,41.2640417,0.962000012,0.0579999983,20231004318333,695,0xb,0x4,20.7099991,26.4219818,0.023346791,0.100842759,4.72834017e-06,30,1.00899994,1,0.12561335057106138,989.0,0.19847016704188714,18.15576191195995,18.652410499999995
1172,695211400071731,246922214,2460223.7269647694,60223.2221412,18.614399,0.05424181,0,zr,10.9667146,41.2640405,1.38600004,0.057,20231006222130,695,0xb,0x4,20.9400005,26.412035,0.0222754721,0.102660514,4.31196804e-06,30,1.13499999,1,0.13008894750230562,991.0,0.2021114230395436,18.13602285026858,18.614399
1173,695211400071731,247228631,2460226.7912013475,60226.2863194,18.4935608,0.0493577085,0,zr,10.966679,41.264008,2.02999997,0.241999999,20231009286319,695,0xb,0x4,21.4599991,26.4685497,0.0240619294,0.0993150473,5.02796456e-06,30,1.01499999,1,0.14540377436254842,994.0,0.14540377436254842,18.493560800000004,18.493560800000004
1174,695211400071731,247429561,2460228.8005264984,60228.2956134,18.5786591,0.0527439341,0,zr,10.9666464,41.2639908,1.91100001,0.151999995,20231011295602,695,0xb,0x4,21.2700005,26.4695759,0.0229139533,0.0994948149,4.53720349e-06,30,1.00899994,1,0.13444243198444608,996.0,0.13444243198444608,18.578659100000003,18.578659100000003
1175,695211400071731,247733133,2460231.836280317,60231.331331,18.52948,0.050756678,0,zr,10.9666839,41.264019,2.4920001,0.214000002,20231014331273,695,0xb,0x4,21.25,26.4578838,0.0209108479,0.0993622914,3.81016184e-06,30,1.02499998,1,0.14067210945825545,999.0,0.14067210945825545,18.52948,18.52948
1176,695211400071731,247917994,2460233.684906998,60233.1799421,18.5076809,0.0499024466,0,zr,10.9666484,41.2640037,1.68799996,0.136999995,20231016179931,695,0xb,0x4,21.2399998,26.4296169,0.02015098,0.0987023264,3.5035639e-06,30,1.18299997,1,0.14352502791233213,1001.0,0.14352502791233213,18.507680900000004,18.507680900000004
1177,695211400071731,248124744,2460235.7524186685,60235.2474421,18.5318336,0.0508498587,0,zr,10.96664,41.2640099,1.87300003,0.202000007,20231018247431,695,0xb,0x4,21.3199997,26.4649849,0.020585373,0.101378649,3.66292147e-06,30,1.02600002,1,0.14036749837543616,1003.0,0.14036749837543616,18.53183359999999,18.53183359999999
1178,695211400071731,248320295,2460237.7079332923,60237.2029514,18.5198593,0.050377667,0,zr,10.9666554,41.2639794,1.32299995,0.135000005,20231020202940,695,0xb,0x4,21.0900002,26.3936768,0.023917906,0.0998537987,4.95926997e-06,30,1.08700001,1,0.14192414285441776,1005.0,0.14192414285441776,18.5198593,18.5198593
1179,695211400071731,248535092,2460239.8559072847,60239.3509259,18.5041504,0.0497656427,32768,zr,10.9666533,41.2639854,2.31100011,0.188999996,20231022350914,695,0xb,0x4,21.4599991,26.4944897,0.0385217778,0.0998214856,1.28100501e-05,30,1.08800006,1,0.14399248938960518,1007.0,0.14399248938960518,18.504150400000007,18.504150400000007
1180,695211400071731,248837812,2460242.8830943564,60242.378125,18.5868931,0.0530849546,0,zr,10.9666525,41.2640273,1.45500004,0.165999994,20231025378113,695,0xb,0x4,20.7800007,26.4050217,0.0263355337,0.103371575,6.00716021e-06,30,1.19099998,1,0.13342670464195275,1010.0,0.13342670464195275,18.586893100000005,18.586893100000005
1181,695211400071731,249122624,2460245.7311960743,60245.22625,18.7179279,0.0588469431,0,zr,10.9666802,41.2640565,0.647000015,0.129999995,20231028226215,695,0xb,0x4,19.75,26.4285355,0.0321074985,0.108053051,8.96195343e-06,30,1.02100003,1,0.11825753985328417,1013.0,0.11825753985328417,18.7179279,18.7179279
1182,695211400071731,249630444,2460250.809320129,60250.3044444,18.590456,0.0532332808,0,zr,10.966685,41.264008,1.995,0.256999999,20231102304433,695,0xb,0x4,20.8899994,26.4516182,0.0203972328,0.0956931263,3.61611342e-06,30,1.05700004,1,0.13298957557284372,1018.0,0.13298957557284372,18.590455999999996,18.590455999999996
1183,695211400071731,249829831,2460252.803148285,60252.2983102,18.5819798,0.0528812036,0,zr,10.9666842,41.2640095,1.45000005,0.159999996,20231104298299,695,0xb,0x4,21.1399994,26.4390335,0.0235747974,0.100704126,4.81077223e-06,30,1.05599999,1,0.13403187096652253,1020.0,0.13403187096652253,18.581979799999992,18.581979799999992
1184,695211400071731,250023623,2460254.7410345203,60254.2362384,18.5908394,0.0532492884,0,zr,10.966681,41.2640327,1.39100003,0.104000002,20231106236100,695,0xb,0x4,21.1499996,26.4485264,0.0229122713,0.103309385,4.56799671e-06,30,1.00800002,1,0.13294262199284798,1022.0,0.13294262199284798,18.5908394,18.5908394
1185,695211400071731,250317531,2460257.6800348875,60257.1753125,18.52841,0.0507143475,0,zr,10.9666529,41.2640063,0.728999972,0.0240000002,20231109175289,695,0xb,0x4,20.6299992,26.429285,0.0208679121,0.0960815176,3.7645973e-06,30,1.03999996,1,0.14081081105964685,1025.0,0.14081081105964685,18.52841,18.52841
1186,695211400071731,250529376,2460259.7984233783,60259.2937616,18.5364418,0.0510329008,0,zr,10.9666258,41.264024,0.702000022,-0.0250000004,20231111293762,695,0xb,0x4,20.4699993,26.4104099,0.0239826776,0.0967387706,4.9955629e-06,30,1.08299994,1,0.13977299784616487,1027.0,0.13977299784616487,18.5364418,18.5364418
1187,695211400071731,250724407,2460261.7486746493,60261.2440741,18.5280437,0.0506998897,0,zr,10.966642,41.2640071,1.449,0.0839999989,20231113244028,695,0xb,0x4,21.0499992,26.4351463,0.0231521875,0.105536081,4.65350604e-06,30,1.01999998,1,0.14085832508890128,1029.0,0.14085832508890128,18.528043700000005,18.528043700000005
1188,695211400071731,251417429,2460268.678635689,60268.174294,18.6304569,0.0549298339,0,zr,10.9667439,41.2639849,1.23800004,0.0399999991,20231120173900,695,0xb,0x4,20.2199993,26.4211807,0.0269622486,0.105994508,6.27439431e-06,30,1.01400006,1,0.12817910652490622,1036.0,0.12817910652490622,18.630456900000006,18.630456900000006
1189,695211400071731,253311958,2460287.6229189406,60287.1195833,18.583334,0.0529372804,0,zr,10.9666815,41.2640087,2.08200002,0.169,20231209119583,695,0xb,0x4,20.8299999,26.4294434,0.0221376102,0.0982358083,4.30116052e-06,30,1.01499999,1,0.13386480201094736,1055.0,0.13386480201094736,18.583334,18.583334
1190,695211400071731,253418008,2460288.6833488108,60288.180081,18.4739571,0.0486124828,0,zr,10.9667103,41.2640289,1.06599998,0.0450000018,20231210180069,695,0xb,0x4,20.2900009,26.4141769,0.0234471504,0.102414228,4.78718357e-06,30,1.02900004,2,0.14805298229695635,1056.0,0.14805298229695635,18.4739571,18.4739571
1191,695211400071731,253512111,2460289.6243178155,60289.1211111,18.5732708,0.0525220633,0,zr,10.9666633,41.2640121,1.87199998,0.187999994,20231211121100,695,0xb,0x4,20.6000004,26.1513901,0.0257494226,0.0976602063,5.80410961e-06,30,1.01199996,2,0.13511130228597673,1057.0,0.13511130228597673,18.573270799999996,18.573270799999996
1192,695211400071731,253515185,2460289.655056604,60289.1518519,18.6393261,0.0553139113,32768,zr,10.9666424,41.2639973,2.00200009,0.194999993,20231211151667,695,0xb,0x4,20.5799999,25.9722538,0.026872728,0.100072034,6.32573528e-06,30,1.01100004,1,0.12713629760855438,1057.0,0.12713629760855438,18.639326099999998,18.639326099999998
1193,695211400071731,253711844,2460291.621523379,60291.1184491,18.5769997,0.0526755005,0,zr,10.9666526,41.2639993,2.22099996,0.144999996,20231213118438,695,0xb,0x4,21.2399998,26.4681873,0.0249452107,0.0996016636,5.43995338e-06,30,1.01100004,1,0.13464806604341523,1059.0,0.13464806604341523,18.576999699999995,18.576999699999995
1194,695211400071731,255714089,2460311.64246914,60311.1408912,18.4382553,0.047287602,0,zr,10.9666629,41.264022,1.56599998,0.197999999,20240102140891,695,0xb,0x4,21.1399994,26.4603767,0.0213646889,0.0971451178,3.96684254e-06,30,1.06200004,1,0.15300227203493152,1079.0,0.15300227203493152,18.4382553,18.4382553
1195,695211400071731,256117270,2460315.6739575095,60315.1727083,18.5086899,0.0499416552,0,zr,10.966695,41.2640751,1.17999995,0.00800000038,20240106172708,695,0xb,0x4,20.1000004,26.3971863,0.0263906065,0.103870191,6.04811385e-06,30,1.16900003,1,0.1433917087114303,1083.0,0.1433917087114303,18.5086899,18.5086899
1196,695211400071731,256125644,2460315.757689052,60315.2564468,18.5162354,0.0502357297,0,zr,10.9667098,41.2640336,0.818000019,0.0299999993,20240106256435,695,0xb,0x4,20.4099998,26.3490467,0.0235186741,0.102423936,4.83356507e-06,30,1.69299996,1,0.14239863950006007,1083.0,0.14239863950006007,18.516235399999992,18.516235399999992
1197,695211400071731,258016239,2460334.6620516,60334.1623958,18.502634,0.0497070067,0,zr,10.9666495,41.2640178,0.878000021,0.0590000004,20240125162350,695,0xb,0x4,19.9799995,26.3512325,0.0285359845,0.106066085,7.06272203e-06,30,1.35699999,1,0.14419373787062148,1102.0,0.14419373787062148,18.502633999999993,18.502633999999993
1198,695211400071731,259716082,2460351.659094699,60351.1608218,18.3684387,0.0448139012,0,zr,10.9666427,41.2639759,0.836000025,0.00600000005,20240211160810,695,0xb,0x4,19.9699993,26.3320503,0.02819236,0.108365595,6.86952581e-06,30,1.722,1,0.16316406627454672,1119.0,0.16316406627454672,18.368438700000006,18.368438700000006
1199,695211400071731,260413561,2460358.633360964,60358.1356134,18.5183926,0.0503201857,0,zr,10.9666038,41.2640284,0.856999993,0.123000003,20240218135602,695,0xb,0x4,20.4099998,26.3629742,0.0248093586,0.106413744,5.38899121e-06,30,1.65799999,1,0.14211599498433175,1126.0,0.14211599498433175,18.51839259999999,18.51839259999999
1200,1735201200131033,267649278,2460430.988207396,60430.4927894,19.0806847,0.0908393115,0,zr,10.9666793,41.2640525,0.623000026,-0.112000003,20240430492720,1735,0x1,0x2,19.7399998,26.0832901,0.0354008898,0.105642542,1.4159813e-05,30,2.47799993,1,0.0846693293851872,1198.0,0.0846693293851872,19.0806847,19.0806847
1201,1735201200131033,267848918,2460432.984642907,60432.4891898,18.9553528,0.0829335526,0,zr,10.9666772,41.264032,0.901000023,0.128999993,20240502489109,1735,0x1,0x2,20.0499992,25.9459152,0.0335548073,0.109118402,1.27815483e-05,30,2.43700004,1,0.09502959535463207,1200.0,0.09502959535463207,18.955352800000007,18.955352800000007
1202,1735201200131033,267948634,2460433.9818152874,60433.4863426,19.0097008,0.0862792432,0,zr,10.9666929,41.2640694,0.782000005,0.0140000004,20240503486262,1735,0x1,0x2,20.3099995,26.0151558,0.031083066,0.103169747,1.08000659e-05,30,2.43899989,1,0.09038985297806965,1201.0,0.09038985297806965,19.009700799999997,19.009700799999997
1203,1735201200131033,267949023,2460433.985704269,60433.4902315,18.8928852,0.0792419165,0,zr,10.9667466,41.264079,0.572000027,0.0109999999,20240503490150,1735,0x1,0x2,20.1599998,26.0284805,0.0291855801,0.102128007,9.55727683e-06,30,2.35599995,1,0.10065744906711739,1201.0,0.10065744906711739,18.892885200000002,18.892885200000002
1204,695211400071731,268348851,2460437.984083364,60437.4885185,18.922945,0.0692276582,0,zr,10.9666104,41.2639941,0.27700001,0.0280000009,20240507488507,695,0xb,0x4,19.8799992,26.1900463,0.0302155949,0.112492584,7.84953136e-06,30,2.56200004,1,0.09790886137584758,1205.0,0.09790886137584758,18.92294499999999,18.92294499999999
1205,695211400071731,268348899,2460437.984557972,60437.4889931,18.8799534,0.0669039711,0,zr,10.9667373,41.2639916,0.598999977,0.0649999976,20240507488982,695,0xb,0x4,19.9500008,26.1911812,0.0295741577,0.119699702,7.47562717e-06,30,2.54999995,1,0.10186351071242936,1205.0,0.10186351071242936,18.879953399999998,18.879953399999998
1206,695211400071731,268348945,2460437.985020886,60437.489456,18.9263992,0.0694179088,0,zr,10.9667413,41.2640831,0.800999999,0.181999996,20240507489456,695,0xb,0x4,20.0200005,26.1944675,0.0285325609,0.116127431,7.02289981e-06,30,2.53800011,1,0.09759786559081046,1205.0,0.09759786559081046,18.9263992,18.9263992
1207,695211400071731,268449065,2460438.9862510134,60438.4906597,18.9565868,0.0711030364,0,zr,10.9666691,41.2640282,0.460999995,0.0320000015,20240508490660,695,0xb,0x4,19.7900009,26.2104397,0.0325604081,0.113896176,9.25549739e-06,30,2.44199991,1,0.09492165025212075,1206.0,0.09492165025212075,18.956586800000004,18.956586800000004
1208,695211400071731,268449113,2460438.9867256256,60438.4911343,18.8691902,0.066334784,0,zr,10.9667068,41.2640481,0.702000022,0.133000001,20240508491123,695,0xb,0x4,19.7299995,26.2193451,0.0332408473,0.115368247,9.61346905e-06,30,2.43099999,1,0.10287833335523995,1206.0,0.10287833335523995,18.8691902,18.8691902
1209,695211400071731,268449159,2460438.9871885413,60438.4915972,18.9179821,0.0689552799,0,zr,10.9666613,41.2640763,0.425999999,0.0719999969,20240508491597,695,0xb,0x4,19.75,26.2229843,0.0336692631,0.103447177,9.82572601e-06,30,2.42000008,1,0.09835742717996376,1206.0,0.09835742717996376,18.917982099999996,18.917982099999996
1210,695211400071731,268548689,2460439.982517019,60439.4868981,18.6949368,0.0577891767,0,zr,10.9667891,41.2640413,0.389999986,0.0250000004,20240509486887,695,0xb,0x4,19.5499992,26.130909,0.039048586,0.115383781,1.33085896e-05,30,2.46700001,1,0.12078841432127072,1207.0,0.12078841432127072,18.6949368,18.6949368
1211,695211400071731,268548736,2460439.9829800283,60439.4873611,18.9388199,0.0701063052,0,zr,10.9668717,41.2640164,0.582000017,-0.0790000036,20240509487361,695,0xb,0x4,19.4899998,26.1379967,0.0374181457,0.104412653,1.23944192e-05,30,2.45499992,1,0.09648771907429919,1207.0,0.09648771907429919,18.93881989999999,18.93881989999999
1212,695211400071731,268548783,2460439.983454546,60439.4878356,18.85709,0.0657008737,0,zr,10.9667389,41.2639492,0.870000005,-0.057,20240509487836,695,0xb,0x4,19.5300007,26.1385574,0.0390913747,0.108971745,1.33873582e-05,30,2.44400001,1,0.10403129387507921,1207.0,0.10403129387507921,18.857089999999992,18.857089999999992
1213,695211400071731,268648703,2460440.9826849587,60440.487037,18.934721,0.0698783249,0,zr,10.9667075,41.2640489,0.587000012,0.0839999989,20240510487037,695,0xb,0x4,19.9500008,26.2140331,0.030588299,0.111664832,8.10000802e-06,30,2.39899993,1,0.09685267051378346,1208.0,0.09685267051378346,18.934721000000003,18.934721000000003
1214,695211400071731,268648751,2460440.983159572,60440.4875116,18.8389492,0.0647621155,0,zr,10.9667327,41.2640351,0.504000008,-0.0160000008,20240510487500,695,0xb,0x4,19.6599998,26.2076015,0.0340501666,0.109445482,1.00993457e-05,30,2.38899994,1,0.10578408161574251,1208.0,0.10578408161574251,18.838949199999995,18.838949199999995
1215,695211400071731,268648797,2460440.9836224928,60440.4879745,18.8843079,0.0671356693,0,zr,10.9666396,41.2641431,0.666000009,-0.0450000018,20240510487975,695,0xb,0x4,19.8700008,26.217823,0.0328813642,0.10866379,9.40128484e-06,30,2.37800002,1,0.10145579072139733,1208.0,0.10145579072139733,18.884307900000003,18.884307900000003
1216,1735201200131033,268747685,2460441.9725298714,60441.4768519,18.7564354,0.0717366636,0,zr,10.9666116,41.2639041,1.12199998,0.148000002,20240511476852,1735,0x1,0x2,19.8700008,26.0954609,0.0327888951,0.105509609,1.20876039e-05,30,2.19300008,1,0.11413683882418332,1209.0,0.11413683882418332,18.756435400000008,18.756435400000008
1217,1735201200131033,268748140,2460441.977078619,60441.4814005,18.7779465,0.0728699863,0,zr,10.966636,41.2640207,0.5,0.074000001,20240511481389,1735,0x1,0x2,19.9599991,26.1461334,0.0348411277,0.100883737,1.3589065e-05,30,2.11500001,1,0.11189776185781251,1209.0,0.11189776185781251,18.777946500000006,18.777946500000006
1218,1735201200131033,268748540,2460441.9810833456,60441.4854051,19.0486336,0.0887534693,0,zr,10.9667172,41.2641092,0.632000029,0.075000003,20240511485405,1735,0x1,0x2,19.8500004,26.1388874,0.0393739156,0.0976635143,1.74174311e-05,30,2.05100012,1,0.08720603884414335,1209.0,0.08720603884414335,19.048633599999995,19.048633599999995
1219,1735201200131033,268847565,2460442.971369244,60442.4756597,18.7502556,0.0714144483,0,zr,10.9668156,41.2639761,0.948000014,0.187000006,20240512475660,1735,0x1,0x2,20.2000008,26.1082401,0.0444763564,0.0932788923,2.22120416e-05,30,2.16599989,1,0.11478833592329087,1210.0,0.11478833592329087,18.750255599999996,18.750255599999996
1220,1735201200131033,268847953,2460442.9752466786,60442.479537,18.8322716,0.0758147016,0,zr,10.9667245,41.2640511,1.20599997,0.0,20240512479525,1735,0x1,0x2,20.3099995,26.1343651,0.031895373,0.102582239,1.14492996e-05,30,2.10100007,1,0.10643668993389134,1210.0,0.10643668993389134,18.832271600000006,18.832271600000006
1221,1735201200131033,268848295,2460442.978661199,60442.4829514,18.878252,0.0784006789,0,zr,10.9666173,41.2641205,1.14300001,0.0890000015,20240512482940,1735,0x1,0x2,20.2099991,26.1364536,0.0303848367,0.102324694,1.02914983e-05,30,2.04699993,1,0.10202326078824223,1210.0,0.10202326078824223,18.878251999999996,18.878251999999996
1222,1735201200131033,268947799,2460443.9737402303,60443.4779977,19.0524254,0.0889979377,0,zr,10.9667429,41.2640572,0.987999976,0.155000001,20240513477986,1735,0x1,0x2,19.9099998,26.052496,0.0360157974,0.0911626369,1.46420834e-05,30,2.08200002,1,0.08690201368605795,1211.0,0.08690201368605795,19.052425399999997,19.052425399999997
1223,1735201200131033,268948134,2460443.977085249,60443.4813426,18.7930603,0.0736773536,0,zr,10.9666855,41.2640653,0.474000007,0.0820000023,20240513481331,1735,0x1,0x2,20.0,26.0643044,0.0428605378,0.100786597,2.07819467e-05,30,2.02999997,1,0.11035090011902611,1211.0,0.11035090011902611,18.7930603,18.7930603
1224,1735201200131033,268948565,2460443.981402492,60443.4856597,19.0065918,0.0860844553,0,zr,10.9667844,41.2640091,0.382999986,0.0790000036,20240513485660,1735,0x1,0x2,19.6200008,26.0689354,0.0383767597,0.0926677138,1.68066126e-05,30,1.96700001,1,0.09064905478840976,1211.0,0.09064905478840976,19.006591800000002,19.006591800000002
1225,1735201200131033,269047451,2460444.970290482,60444.4745139,18.8261223,0.0754753649,0,zr,10.9666792,41.2640218,0.653999984,0.0759999976,20240514474502,1735,0x1,0x2,20.5699997,26.1492081,0.0274804886,0.100671805,8.43209546e-06,30,2.0940001,1,0.1070412273167625,1212.0,0.1070412273167625,18.8261223,18.8261223
1226,1735201200131033,269047785,2460444.973635503,60444.4778588,18.8447571,0.0765082911,0,zr,10.9666559,41.2640329,1.46099997,0.140000001,20240514477847,1735,0x1,0x2,20.5,26.1589203,0.0298612174,0.0983218402,1.00416783e-05,30,2.04099989,1,0.10521972441854623,1212.0,0.10521972441854623,18.844757100000002,18.844757100000002
1227,1735201200131033,269048214,2460444.977918052,60444.4821412,18.7543945,0.0716300905,0,zr,10.9667288,41.264013,0.736999989,0.023,20240514482141,1735,0x1,0x2,20.3700008,26.1617241,0.0283122007,0.0950553715,9.00010764e-06,30,1.97800004,1,0.11435158799204728,1212.0,0.11435158799204728,18.754394499999997,18.754394499999997
1228,1735201200131033,269148493,2460445.9807430003,60445.4849306,18.8848305,0.0787777454,0,zr,10.9665793,41.2639914,1.28100002,-0.116999999,20240515484919,1735,0x1,0x2,19.7600002,26.0804825,0.0343313403,0.0941341445,1.31543547e-05,30,1.90199995,1,0.10140696851418714,1213.0,0.10140696851418714,18.8848305,18.8848305
1229,1735201200131033,269148874,2460445.9845625344,60445.48875,18.8034897,0.0742398053,0,zr,10.9666932,41.2639187,0.759000003,0.152999997,20240515488750,1735,0x1,0x2,19.6700001,26.0912113,0.0387378372,0.0986949354,1.69565519e-05,30,1.85300004,1,0.10929596275616546,1213.0,0.10929596275616546,18.803489699999993,18.803489699999993
1230,1735201200131033,269247502,2460446.970871804,60446.4750231,18.8118954,0.0746962726,32768,zr,10.9667185,41.2640501,1.07099998,-0.0199999996,20240516475012,1735,0x1,0x2,20.0100002,26.0690556,0.051271446,0.0954848975,2.99565927e-05,30,2.00200009,1,0.10845306745932648,1214.0,0.10845306745932648,18.811895400000004,18.811895400000004
1231,1735201200131033,269247788,2460446.973730708,60446.4778819,18.8944588,0.0793329105,0,zr,10.966781,41.2639734,0.836000025,0.101999998,20240516477870,1735,0x1,0x2,20.2999992,26.1077557,0.0364276879,0.096294038,1.49236976e-05,30,1.96099997,1,0.10051166795300208,1214.0,0.10051166795300208,18.894458800000002,18.894458800000002
1232,1735201200131033,269248130,2460446.9771568486,60446.4813079,18.9071693,0.080071643,0,zr,10.9666199,41.2640444,1.20799994,0.160999998,20240516481308,1735,0x1,0x2,20.1100006,26.1085243,0.0380175151,0.0936522558,1.63780369e-05,30,1.91400003,1,0.09934185836937177,1214.0,0.09934185836937177,18.9071693,18.9071693
1233,695211400071731,269347278,2460447.9686759245,60447.4727894,18.8637733,0.0660502166,0,zr,10.966709,41.2640541,1.10099995,0.00600000005,20240517472766,695,0xb,0x4,20.5,26.2366238,0.0246192012,0.111050434,5.23513518e-06,30,2.29399991,1,0.10339289125336054,1215.0,0.10339289125336054,18.8637733,18.8637733
1234,695211400071731,269347565,2460447.9715463365,60447.4756597,18.9922428,0.073146522,0,zr,10.9667095,41.2639835,0.305000007,-0.00100000005,20240517475648,695,0xb,0x4,20.2299995,26.2416306,0.0263392255,0.111628659,6.01669308e-06,30,2.23600006,1,0.09185501660194517,1215.0,0.09185501660194517,18.992242800000007,18.992242800000007
1235,695211400071731,269348011,2460447.976002511,60447.4801157,18.8518658,0.0654290766,0,zr,10.9667445,41.2640128,1.19400001,0.0710000023,20240517480104,695,0xb,0x4,20.2999992,26.2637253,0.0247830134,0.110476933,5.33180446e-06,30,2.15199995,1,0.10453306392339336,1215.0,0.10453306392339336,18.851865800000006,18.851865800000006
1236,695211400071731,269547236,2460449.96832707,60449.4723611,18.9287224,0.069546096,0,zr,10.966683,41.2640309,0.730000019,-0.0270000007,20240519472350,695,0xb,0x4,20.3099995,26.2629642,0.0257722158,0.106871247,5.77613355e-06,30,2.19499993,1,0.09738925418877252,1217.0,0.09738925418877252,18.928722400000005,18.928722400000005
1237,695211400071731,269547537,2460449.971336495,60449.4753704,18.7462864,0.0601801127,0,zr,10.9666998,41.2640244,0.869000018,-0.0350000001,20240519475347,695,0xb,0x4,20.2900009,26.2711182,0.0261260457,0.112498514,5.92469496e-06,30,2.13899994,1,0.11520874347109708,1217.0,0.11520874347109708,18.746286399999995,18.746286399999995
1238,695211400071731,269547879,2460449.974762537,60449.4787963,18.8098831,0.063286908,0,zr,10.9667229,41.2640294,0.867999971,0.0439999998,20240519478785,695,0xb,0x4,20.1399994,26.2725048,0.0274692401,0.110769212,6.57254031e-06,30,2.07999992,1,0.10865426041434838,1217.0,0.10865426041434838,18.8098831,18.8098831
1239,695211400071731,269647177,2460450.967778272,60450.4717708,18.7868347,0.06214194,0,zr,10.966757,41.2640998,0.56099999,-0.0430000015,20240520471759,695,0xb,0x4,19.8400002,26.2332611,0.0321305431,0.111818694,8.86850557e-06,30,2.15499997,1,0.11098546858766575,1218.0,0.11098546858766575,18.786834700000007,18.786834700000007
1240,695211400071731,269647519,2460450.97120442,60450.4751968,18.6151276,0.0542728156,0,zr,10.9667172,41.2639934,0.99000001,0.127000004,20240520475185,695,0xb,0x4,19.5799999,26.2430515,0.0357043929,0.108256824,1.12913867e-05,30,2.09500003,1,0.13000167859562553,1218.0,0.13000167859562553,18.6151276,18.6151276
1241,695211400071731,269647869,2460450.9746998604,60450.4786921,18.7576504,0.0607232898,32768,zr,10.9669512,41.2641446,0.925999999,0.131999999,20240520478669,695,0xb,0x4,19.1200008,26.2341347,0.043361783,0.100908436,1.97885984e-05,30,2.03699994,1,0.11400918470873274,1218.0,0.11400918470873274,18.757650399999996,18.757650399999996
1242,695211400071731,269747125,2460451.967300162,60451.47125,18.9038124,0.0681835115,0,zr,10.9667088,41.2640612,0.970000029,0.0610000007,20240521471250,695,0xb,0x4,20.3500004,26.2178955,0.0240176339,0.10219188,5.01767818e-06,30,2.11599994,1,0.09964948074173212,1219.0,0.09964948074173212,18.9038124,18.9038124
1243,695211400071731,269747473,2460451.9707841184,60451.4747338,18.7673607,0.0611914657,0,zr,10.9666607,41.2640365,0.430999994,0.0590000004,20240521474734,695,0xb,0x4,20.2299995,26.2278786,0.0262644943,0.102859251,6.02309819e-06,30,2.05699992,1,0.112994087683452,1219.0,0.112994087683452,18.767360700000005,18.767360700000005
1244,695211400071731,269747822,2460451.974279671,60451.4782292,18.8177719,0.063683778,0,zr,10.9666883,41.2639931,1.04499996,0.144999996,20240521478218,695,0xb,0x4,20.2999992,26.2371159,0.0254907124,0.101175152,5.65833443e-06,30,2.00099993,1,0.10786765563443132,1219.0,0.10786765563443132,18.817771900000004,18.817771900000004
1245,695211400071731,269847008,2460452.9661749895,60452.470081,18.7610168,0.0608851798,0,zr,10.9666911,41.2640619,1.426,-0.122000001,20240522470069,695,0xb,0x4,19.9699993,26.161972,0.0302774608,0.110182524,7.94000607e-06,30,2.08899999,1,0.11365623881616566,1220.0,0.11365623881616566,18.7610168,18.7610168
1246,695211400071731,269847340,2460452.9694969407,60452.4734028,18.733427,0.0595716722,0,zr,10.9666637,41.2639842,1.176,0.158999994,20240522473380,695,0xb,0x4,19.9099998,26.1754169,0.0335791372,0.10762646,9.81928133e-06,30,2.03399992,1,0.11658138218636382,1220.0,0.11658138218636382,18.733427,18.733427
1247,695211400071731,269847725,2460452.9733512155,60452.4772569,18.7686024,0.0612516291,0,zr,10.966708,41.2640847,0.637000024,0.122000001,20240522477234,695,0xb,0x4,19.9799995,26.1914806,0.0350158922,0.10225638,1.06609468e-05,30,1.97399998,1,0.11286493609118524,1220.0,0.11286493609118524,18.7686024,18.7686024
1248,695211400071731,273436025,2460488.8585720067,60488.3602546,18.6085587,0.0539939068,0,zr,10.966594,41.2639949,1.07799995,0.169,20240627360232,695,0xb,0x4,20.5300007,26.2659569,0.0225564018,0.104547881,4.35237507e-06,30,2.30699992,1,0.13079059635564955,1256.0,0.13079059635564955,18.608558699999996,18.608558699999996
1249,695211400071731,274046422,2460494.9630123274,60494.4642245,18.6885071,0.0574969798,0,zr,10.9666887,41.2640214,1.29299998,0.127000004,20240703464213,695,0xb,0x4,21.0200005,26.3860683,0.022672141,0.103096291,4.38494453e-06,30,1.18400002,1,0.12150584219252665,1262.0,0.12150584219252665,18.688507100000002,18.688507100000002
1250,695211400071731,275140325,2460505.9029162857,60505.4032523,18.5861359,0.053053502,0,zr,10.9666638,41.263993,2.58999991,0.246999994,20240714403241,695,0xb,0x4,21.3500004,26.3458405,0.0222137868,0.0939062908,4.20712831e-06,30,1.32200003,1,0.13351978981150117,1273.0,0.13351978981150117,18.586135899999995,18.586135899999995
1251,695211400071731,275736327,2460511.863425704,60511.3632755,18.6291256,0.054872416,0,zr,10.9666831,41.2639993,0.736000001,0.147,20240720363275,695,0xb,0x4,20.2800007,26.2805691,0.0260935482,0.103751518,5.78382287e-06,30,1.472,1,0.12833637263297265,1279.0,0.12833637263297265,18.629125600000002,18.629125600000002
1252,695211400071731,276037357,2460514.873972558,60514.3735764,18.5516453,0.0516418926,0,zr,10.9666458,41.2639761,1.12699997,0.112000003,20240723373576,695,0xb,0x4,20.3400002,26.3021622,0.0261444189,0.106906459,5.84735017e-06,30,1.35000002,1,0.13782940457561843,1282.0,0.13782940457561843,18.551645299999997,18.551645299999997
1253,695211400071731,276240932,2460516.9098909334,60516.4093287,18.5969372,0.0535042509,0,zr,10.9666543,41.2639913,1.38199997,0.144999996,20240725409317,695,0xb,0x4,20.3400002,26.2956581,0.0254583769,0.101115786,5.54518601e-06,30,1.16600001,1,0.13219807158343783,1284.0,0.13219807158343783,18.596937200000006,18.596937200000006
1254,695211400071731,276538711,2460519.8879223946,60519.3871181,18.5658092,0.0522165373,0,zr,10.9666756,41.2639952,1.44299996,0.164000005,20240728387072,695,0xb,0x4,20.9300003,26.4185333,0.0211492311,0.0979288965,3.86686315e-06,30,1.21800005,1,0.13604303747617827,1287.0,0.13604303747617827,18.565809199999997,18.565809199999997
1255,695211400071731,276742631,2460521.927288659,60521.4263194,18.5654335,0.0522012115,0,zr,10.9666662,41.263998,1.56099999,0.0949999988,20240730426308,695,0xb,0x4,20.9599991,26.3961964,0.0203869585,0.0962422863,3.59197315e-06,30,1.08399999,1,0.13609012093261352,1289.0,0.13609012093261352,18.565433500000005,18.565433500000005
1256,695211400071731,277142989,2460525.9311860567,60525.4298958,18.5120106,0.0500708222,32768,zr,10.9666641,41.2640169,1.47599995,0.156000003,20240803429884,695,0xb,0x4,21.3400002,26.4283581,0.0401953906,0.101954639,1.40761558e-05,30,1.05599999,1,0.1429538183443661,1293.0,0.1429538183443661,18.512010600000004,18.512010600000004
1257,695211400071731,277340633,2460527.9077779474,60527.406331,18.5528488,0.0516904667,0,zr,10.9666545,41.2639793,1.63300002,0.144999996,20240805406319,695,0xb,0x4,21.4099998,26.3898869,0.0315812081,0.0947207883,8.61904664e-06,30,1.09200001,1,0.13767671022235034,1295.0,0.13767671022235034,18.5528488,18.5528488
1258,695211400071731,277541334,2460529.914949515,60529.4133449,18.6008873,0.0536701009,0,zr,10.9666878,41.2639697,1.65499997,0.103,20240807413333,695,0xb,0x4,21.2000008,26.3337803,0.0208813325,0.0903841481,3.75914237e-06,30,1.06599998,1,0.1317179855079025,1297.0,0.1317179855079025,18.600887300000004,18.600887300000004
1259,695211400071731,277738238,2460531.884141976,60531.3823843,18.525547,0.0506013297,0,zr,10.9666625,41.2639876,2.08100009,0.203999996,20240809382373,695,0xb,0x4,21.4500008,26.34202,0.02426848,0.0964309946,5.08303629e-06,30,1.12399995,1,0.14118260795067558,1299.0,0.14118260795067558,18.525546999999996,18.525546999999996
1260,695211400071731,277838922,2460532.891233392,60532.3892245,18.5293541,0.0507516786,32768,zr,10.9666536,41.2639708,1.954,0.103,20240810389213,695,0xb,0x4,21.6399994,27.2185421,0.0203351453,0.0987688676,3.59375372e-06,60,1.10000002,1,0.1406884224865843,1300.0,0.1406884224865843,18.5293541,18.5293541
1261,695211400071731,277938459,2460533.886680027,60533.3845949,18.4880028,0.049145136,32768,zr,10.9666477,41.2639799,1.99100006,0.172000006,20240811384572,695,0xb,0x4,21.75,27.3073769,0.0388120078,0.0904012024,1.30373619e-05,60,1.10399997,1,0.14615002029452917,1301.0,0.14615002029452917,18.488002799999997,18.488002799999997
1262,695211400071731,278034437,2460534.8465331434,60534.344375,18.5893612,0.0531876758,32768,zr,10.9666123,41.264046,0.722000003,-0.156000003,20240812344317,695,0xb,0x4,19.2199993,25.1308594,0.101524226,0.110170417,0.000107951004,60,1.22500002,1,0.13312374298625113,1302.0,0.13312374298625113,18.589361200000006,18.589361200000006
1263,695211400071731,278343125,2460537.933466129,60537.43125,18.609869,0.0540494137,0,zr,10.9666838,41.2640105,1.82599998,0.074000001,20240815431238,695,0xb,0x4,21.3199997,26.4501991,0.0192963257,0.100122117,3.22499545e-06,30,1.01699996,1,0.13063284942875486,1305.0,0.13063284942875486,18.609868999999996,18.609868999999996
1264,695211400071731,278538429,2460539.8866537767,60539.384294,18.6186218,0.054421816,0,zr,10.9666489,41.264006,2.01300001,0.257999986,20240817384282,695,0xb,0x4,21.0799999,26.4185085,0.0199446082,0.0984456688,3.43167221e-06,30,1.06900001,1,0.12958396967823652,1307.0,0.12958396967823652,18.618621799999993,18.618621799999993
1265,695211400071731,279031804,2460544.820755723,60544.318044,18.5966034,0.0534902625,0,zr,10.9666923,41.2639849,1.14300001,0.119000003,20240822318044,695,0xb,0x4,20.3099995,26.3941727,0.0250202641,0.100541919,5.34852552e-06,30,1.22099996,1,0.13223872096045522,1312.0,0.13223872096045522,18.5966034,18.5966034
1266,695211400071731,279341002,2460547.912946681,60547.4100231,18.5309448,0.0508146212,0,zr,10.9666747,41.2639843,2.08400011,0.226999998,20240825410012,695,0xb,0x4,21.0900002,26.4307346,0.0220481232,0.0995154902,4.24738801e-06,30,1.01300001,1,0.14048245236756784,1315.0,0.14048245236756784,18.530944800000007,18.530944800000007
1267,695211400071731,279540519,2460549.9082531417,60549.4051968,18.5517845,0.0516475178,0,zr,10.9666528,41.2640009,1.44599998,0.101999998,20240827405104,695,0xb,0x4,21.1200008,26.4236412,0.0265918318,0.107542284,6.19925777e-06,30,1.01300001,1,0.13781173488458573,1317.0,0.13781173488458573,18.551784500000004,18.551784500000004
1268,695211400071731,279740995,2460551.913140146,60551.4099537,18.47822,0.0487734638,0,zr,10.9666616,41.2640146,2.17199993,0.0920000002,20240829409896,695,0xb,0x4,21.3099995,26.4508362,0.0229487512,0.104894251,4.5441052e-06,30,1.00899994,1,0.14747282510018364,1319.0,0.14747282510018364,18.47822,18.47822
1269,695211400071731,280236831,2460556.871803185,60556.3683102,18.6189747,0.0544368848,0,zr,10.9666612,41.2639937,1.82700002,0.206,20240903368310,695,0xb,0x4,21.3600006,26.4384308,0.0228322372,0.0959351882,4.46002059e-06,30,1.02600002,1,0.12954185746755625,1324.0,0.12954185746755625,18.618974700000003,18.618974700000003
1270,695211400071731,280432947,2460558.8330870266,60558.3294792,18.5426579,0.0512809157,0,zr,10.9666455,41.263994,2.17700005,0.273000002,20240905329468,695,0xb,0x4,21.2900009,26.4262733,0.0212145336,0.0991270766,3.87876207e-06,30,1.07500005,1,0.13897505033289437,1326.0,0.13897505033289437,18.542657900000002,18.542657900000002
1271,695211400071731,280838958,2460562.8934165603,60562.3895833,18.5175858,0.0502885766,0,zr,10.9666583,41.2640007,2.07399988,0.233999997,20240909389583,695,0xb,0x4,21.2299995,26.3252659,0.0291078333,0.101435438,7.3055071e-06,30,1.00800002,1,0.14222163924291545,1330.0,0.14222163924291545,18.5175858,18.5175858
1272,695211400071731,281036663,2460564.8705686275,60564.3666319,18.5062504,0.0498469546,0,zr,10.9666795,41.2640131,0.922999978,0.140000001,20240911366597,695,0xb,0x4,21.2600002,26.4487152,0.0236497987,0.102659501,4.77672484e-06,30,1.01199996,1,0.14371425238934318,1332.0,0.14371425238934318,18.506250399999992,18.506250399999992
1273,695211400071731,281236685,2460566.870888952,60566.3668519,18.5524349,0.0516737774,0,zr,10.9666318,41.2639707,1.62300003,0.130999997,20240913366840,695,0xb,0x4,20.9899998,26.1881313,0.0233455077,0.107752562,4.69703173e-06,30,1.00999999,1,0.13772920479071019,1334.0,0.13772920479071019,18.5524349,18.5524349
1274,695211400071731,281532724,2460569.8314226363,60569.3272454,18.571722,0.0524584949,0,zr,10.9666948,41.26396,1.38100004,0.128000006,20240916327234,695,0xb,0x4,20.4899998,26.4254856,0.0225552432,0.100631043,4.43170757e-06,30,1.03199995,1,0.13530417575723747,1337.0,0.13530417575723747,18.571722,18.571722
1275,695211400071731,281830425,2460572.808567239,60572.3042593,18.7262249,0.0592337176,0,zr,10.9666359,41.2639989,1.09300005,0.129999995,20240919304248,695,0xb,0x4,20.4899998,26.4262524,0.026670834,0.0987712592,6.17887781e-06,30,1.05200005,1,0.11735728127803853,1340.0,0.11735728127803853,18.7262249,18.7262249
1276,695211400071731,282134525,2460575.849685098,60575.3452546,18.6094112,0.0540300123,0,zr,10.9666497,41.2639975,1.76199996,0.162,20240922345150,695,0xb,0x4,20.6599998,26.4027405,0.0227736551,0.104294933,4.53457142e-06,30,1.00899994,1,0.13068794230313596,1343.0,0.13068794230313596,18.609411200000004,18.609411200000004
1277,695211400071731,282240575,2460576.910222851,60576.4057523,18.6125317,0.0541623794,0,zr,10.9666667,41.264004,1.32799995,0.156000003,20240923405752,695,0xb,0x4,21.0,26.4119606,0.0261803623,0.103983872,5.98143743e-06,30,1.04799998,1,0.13031287307353367,1344.0,0.13031287307353367,18.612531699999998,18.612531699999998
1278,695211400071731,282326224,2460577.7667472707,60577.2622454,18.4839859,0.0489921123,0,zr,10.9666436,41.2639944,2.06299996,0.165000007,20240924262222,695,0xb,0x4,21.2999992,26.4319801,0.0285148956,0.0966596454,7.08320476e-06,30,1.11000001,1,0.14669173323217694,1345.0,0.14669173323217694,18.4839859,18.4839859
1279,695211400071731,282526424,2460579.768819174,60579.2642477,18.5777092,0.0527047366,0,zr,10.9666404,41.2640048,1.45500004,0.0939999968,20240926264248,695,0xb,0x4,21.1200008,26.4274654,0.0238359142,0.100723565,4.88930527e-06,30,1.09200001,1,0.13456010582328576,1347.0,0.13456010582328576,18.577709200000008,18.577709200000008
1280,695211400071731,282745090,2460581.9555443586,60581.4509028,18.5407734,0.051205568,0,zr,10.9666731,41.2640361,1.76900005,0.123999998,20240928450741,695,0xb,0x4,20.9899998,26.4008598,0.0218066499,0.105626792,4.17947194e-06,30,1.19400001,1,0.1392164772097655,1349.0,0.1392164772097655,18.5407734,18.5407734
1281,695211400071731,282941113,2460583.915833384,60583.4111343,18.5520363,0.0516576618,0,zr,10.9666838,41.2639865,1.50600004,0.169,20240930411123,695,0xb,0x4,21.1100006,26.4378204,0.0227111187,0.101823255,4.4955741e-06,30,1.09300005,1,0.13777977779303976,1351.0,0.13777977779303976,18.552036300000005,18.552036300000005
1282,695211400071731,283834561,2460592.8505084324,60592.3456134,18.5985165,0.0535705164,0,zr,10.9666781,41.2640308,1.73699999,0.128000006,20241009345602,695,0xb,0x4,21.1399994,26.4341335,0.0221971516,0.0973537341,4.3055893e-06,30,1.02699995,1,0.13200591750192064,1360.0,0.13200591750192064,18.598516499999995,18.598516499999995
1283,695211400071731,284039331,2460594.898234467,60594.3933102,18.522068,0.0504644029,0,zr,10.966644,41.2640006,1.67200005,0.167999998,20241011393229,695,0xb,0x4,21.0799999,26.4110451,0.0234199613,0.106492855,4.81920415e-06,30,1.12399995,1,0.14163572175625672,1362.0,0.14163572175625672,18.522067999999997,18.522067999999997
1284,695211400071731,284236567,2460596.870618151,60596.3656713,18.5575733,0.0518815443,0,zr,10.9666817,41.2640081,3.1559999,0.326999992,20241013365671,695,0xb,0x4,21.2099991,26.4698296,0.0240030382,0.0949086845,5.02041485e-06,30,1.07200003,1,0.1370789218600252,1364.0,0.1370789218600252,18.557573299999994,18.557573299999994
1285,695211400071731,284432633,2460598.83129483,60598.326331,18.6121445,0.0541459732,0,zr,10.9666657,41.2640071,1.62399995,0.0489999987,20241015326331,695,0xb,0x4,20.6200008,26.429657,0.0261350758,0.103584878,5.95299798e-06,30,1.02400005,1,0.13035935410863825,1366.0,0.13035935410863825,18.612144499999992,18.612144499999992
1286,695211400071731,284624673,2460600.7517112484,60600.2467361,18.6803055,0.0571265779,0,zr,10.966691,41.2640076,0.508000016,0.0199999996,20241017246736,695,0xb,0x4,19.6900005,26.4240322,0.0342101417,0.109190017,1.02297208e-05,30,1.028,1,0.12242716702551856,1368.0,0.12242716702551856,18.680305499999996,18.680305499999996
1287,695211400071731,285320398,2460607.70895346,60607.2039815,18.5300007,0.0507772379,0,zr,10.9666464,41.2640161,2.42400002,0.119000003,20241024203981,695,0xb,0x4,21.3700008,26.4679432,0.032815434,0.100794233,9.3924491e-06,30,1.05999994,1,0.14060466176178713,1375.0,0.14060466176178713,18.530000699999995,18.530000699999995
1288,695211400071731,285528570,2460609.7906634766,60609.285706,18.5317116,0.0508450419,0,zr,10.9666706,41.2640219,2.454,0.171000004,20241026285694,695,0xb,0x4,21.2000008,26.4537868,0.0219584014,0.0952211767,4.21478171e-06,30,1.01600003,1,0.14038327181735336,1377.0,0.14038327181735336,18.5317116,18.5317116
