,oid,expid,hjd,mjd,mag,magerr,catflags,filtercode,ra,dec,chi,sharp,filefracday,field,ccdid,qid,limitmag,magzp,magzprms,clrcoeff,clrcounc,exptime,airmass,programid,flux,timedays,simulated_flux,simulated_mag,original_mag
0,793110400000661,44837100,2458202.8734132964,58202.3710069,19.5370598,0.0960927978,0,zg,226.8302237,55.7471904,0.381000012,0.0179999992,20180325370984,793,0xa,0x4,21.4799995,26.2704983,0.0263953954,-0.0726680011,1.42081872e-05,30,1.12899995,2,0.05561296883346,58202.3710069,0.05561296883346,19.5370598,19.5370598
1,793110400000661,44838249,2458202.8849064284,58202.3825,19.4923248,0.0928676054,0,zg,226.8302186,55.7471875,1.20700002,-0.131999999,20180325382488,793,0xa,0x4,21.6700001,26.2847538,0.0255208109,-0.0821602196,1.33936692e-05,30,1.11199999,2,0.0579522203577304,58202.3825,0.0579522203577304,19.4923248,19.4923248
2,793110400000661,44936142,2458203.8638320738,58203.3614236,19.453804,0.0901680067,0,zg,226.830016,55.7471754,0.60799998,-0.0930000022,20180326361412,793,0xa,0x4,20.8600006,26.2842369,0.0320248194,-0.10442172,2.38719294e-05,30,1.14100003,2,0.06004521441743052,58203.3614236,0.06004521441743052,19.453803999999998,19.453803999999998
3,793110400000661,44938556,2458203.887975618,58203.3855671,19.5837078,0.0995596871,0,zg,226.8300595,55.7472447,0.792999983,-0.0370000005,20180326385556,793,0xa,0x4,21.0200005,26.261137,0.03042279,-0.0645152479,2.05300039e-05,30,1.10500002,2,0.05327419303401878,58203.3855671,0.05327419303401878,19.583707800000006,19.583707800000006
4,793110400000661,44939027,2458203.892686325,58203.3902778,19.5639381,0.0980774015,0,zg,226.8302286,55.7471752,0.952000022,-0.129999995,20180326390266,793,0xa,0x4,21.2000008,26.2623959,0.0287372321,-0.0652493611,1.74942343e-05,30,1.09899998,1,0.054253125154491544,58203.3902778,0.054253125154491544,19.563938099999994,19.563938099999994
5,793110400000661,44940560,2458203.9080104535,58203.4056019,19.4335823,0.0887793005,0,zg,226.8302465,55.7471894,0.558000028,0.00300000003,20180326405567,793,0xa,0x4,21.2299995,26.2720299,0.0322085954,-0.0528017282,2.16993139e-05,30,1.08599997,1,0.06117402834764408,58203.4056019,0.06117402834764408,19.433582300000005,19.433582300000005
6,793110400000661,44940701,2458203.90942246,58203.4070139,19.4278259,0.088387534,0,zg,226.8301568,55.7471776,0.453999996,0.0260000005,20180326407014,793,0xa,0x4,21.2999992,26.2682896,0.0271826107,-0.0442717336,1.58802377e-05,30,1.08500004,2,0.0614992245858995,58203.4070139,0.0614992245858995,19.427825899999995,19.427825899999995
7,793110400000661,45034695,2458204.8493658826,58204.346956,19.4557114,0.0903000012,0,zg,226.8300297,55.7471641,1.09399998,-0.00200000009,20180327346910,793,0xa,0x4,20.3999996,26.291151,0.0339349918,-0.095716089,3.48866743e-05,30,1.16400003,2,0.05993982077012725,58204.346956,0.05993982077012725,19.455711400000006,19.455711400000006
8,793110400000661,45036043,2458204.8628497054,58204.3604398,19.3946514,0.0861604214,0,zg,226.8300897,55.7470871,0.769999981,-0.0489999987,20180327360394,793,0xa,0x4,20.4300003,26.304121,0.03729482,-0.106762193,4.09021741e-05,30,1.13800001,2,0.06340732620433662,58204.3604398,0.06340732620433662,19.394651400000008,19.394651400000008
9,793110400000661,45039121,2458204.893625243,58204.3912153,19.3881035,0.0857269689,0,zg,226.8301577,55.7471182,1.17799997,-0.120999999,20180327391204,793,0xa,0x4,20.5100002,26.2995281,0.0345862247,-0.0991936773,3.38973987e-05,30,1.09599996,2,0.06379088098163864,58204.3912153,0.06379088098163864,19.388103499999993,19.388103499999993
10,793110400000661,45039891,2458204.9013219485,58204.398912,19.5438232,0.0965888128,0,zg,226.8301362,55.7471992,0.277999997,0.0120000001,20180327398900,793,0xa,0x4,20.5799999,26.3102875,0.0357549749,-0.105846018,3.22524975e-05,30,1.08899999,2,0.05526761454330984,58204.398912,0.05526761454330984,19.5438232,19.5438232
11,793110400000661,45041953,2458204.921946975,58204.419537,19.3518486,0.083363384,0,zg,226.8301257,55.7471829,0.973999977,-0.0500000007,20180327419537,793,0xa,0x4,20.7800007,26.2933254,0.0355505534,-0.0838240758,2.94640686e-05,30,1.07700002,2,0.06595694929104488,58204.419537,0.06595694929104488,19.351848600000004,19.351848600000004
12,793110400000661,45043788,2458204.940291892,58204.4378819,19.5909138,0.100104749,0,zg,226.8302846,55.7471521,0.922999978,-0.136999995,20180327437789,793,0xa,0x4,20.7900009,26.3063984,0.0349357612,-0.0845652744,2.86723516e-05,30,1.074,2,0.052921784501577446,58204.4378819,0.052921784501577446,19.590913800000003,19.590913800000003
13,793110400000661,45136120,2458205.863614356,58205.3612037,19.2447605,0.0767348856,0,zg,226.8302587,55.7472418,0.643000007,0.0700000003,20180328361169,793,0xa,0x4,20.2000008,26.1434059,0.0357345752,-0.0532342531,4.21923287e-05,30,1.13199997,2,0.07279403614828002,58205.3612037,0.07279403614828002,19.244760500000005,19.244760500000005
14,793110400000661,45137924,2458205.8816583813,58205.3792477,19.4690933,0.0912309289,0,zg,226.8301607,55.7471165,0.65200001,-0.0359999985,20180328379213,793,0xa,0x4,20.3099995,26.1627598,0.0375467315,-0.056599699,4.41439697e-05,30,1.10599995,2,0.05920558545532917,58205.3792477,0.05920558545532917,19.469093300000004,19.469093300000004
15,793110400000661,45141543,2458205.9178504967,58205.4154398,19.3450375,0.0829262137,0,zg,226.8303831,55.7470949,0.898000002,-0.128999993,20180328415428,793,0xa,0x4,19.9899998,25.9947491,0.0461093634,-0.037642926,8.16589964e-05,30,1.07700002,2,0.06637201459243129,58205.4154398,0.06637201459243129,19.345037499999997,19.345037499999997
16,793110400000661,45143775,2458205.9401653004,58205.4377546,19.6233959,0.102593288,0,zg,226.8302548,55.7472559,0.611000001,0.0299999993,20180328437720,793,0xa,0x4,20.3700008,26.2411289,0.0352411047,-0.0556159802,3.604413e-05,30,1.074,2,0.051361966115749,58205.4377546,0.051361966115749,19.6233959,19.6233959
17,793110400000661,45148288,2458205.985292624,58205.4828819,19.4161358,0.0875967517,0,zg,226.8301894,55.7471243,0.939999998,-0.0930000022,20180328482859,793,0xa,0x4,20.9899998,26.2518978,0.031596154,-0.0575999729,2.17184279e-05,30,1.10300004,2,0.0621649630719477,58205.4828819,0.0621649630719477,19.4161358,19.4161358
18,793110400000661,45232377,2458206.826183861,58206.3237731,19.3479462,0.0831126645,0,zg,226.8301281,55.747192,0.859000027,0.0299999993,20180329323738,793,0xa,0x4,20.7600002,26.2954769,0.0374254957,-0.0856445208,3.55018128e-05,30,1.20799994,2,0.06619444115538327,58206.3237731,0.06619444115538327,19.347946200000003,19.347946200000003
19,793110400000661,45235226,2458206.854679266,58206.3522685,19.3208809,0.0813928545,0,zg,226.8301939,55.7471727,0.56099999,-0.0419999994,20180329352234,793,0xa,0x4,20.8299999,26.3164539,0.0361163281,-0.0735217854,3.10064643e-05,30,1.14300001,2,0.06786527917898255,58206.3522685,0.06786527917898255,19.3208809,19.3208809
20,793110400000661,45235603,2458206.858440867,58206.3560301,19.5940228,0.100340694,0,zg,226.83018,55.7471726,0.856999993,0.0120000001,20180329355984,793,0xa,0x4,20.8500004,26.3035984,0.0351392329,-0.0607711412,2.84120033e-05,30,1.13600004,1,0.05277046000755756,58206.3560301,0.05277046000755756,19.594022799999998,19.594022799999998
21,793110400000661,45236179,2458206.864204771,58206.361794,19.5147991,0.0944757462,0,zg,226.8301448,55.7471443,0.535000026,-0.00300000003,20180329361794,793,0xa,0x4,20.9300003,26.2963791,0.0353833698,-0.0599743947,2.92148452e-05,30,1.12600005,2,0.05676496311599569,58206.361794,0.05676496311599569,19.514799099999998,19.514799099999998
22,793110400000661,45239133,2458206.8937417734,58206.391331,19.4666004,0.0910568684,0,zg,226.8301306,55.7471241,0.488000005,-0.119000003,20180329391296,793,0xa,0x4,20.7800007,26.3142204,0.0311122853,-0.0585182197,2.30664646e-05,30,1.09000003,2,0.05934168036855405,58206.391331,0.05934168036855405,19.466600399999997,19.466600399999997
23,793110400000661,45239229,2458206.894702467,58206.3922917,19.6877804,0.107679166,0,zg,226.8303035,55.7471282,0.763999999,0.187000006,20180329392257,793,0xa,0x4,20.8199997,26.287405,0.0308469217,-0.0535918623,2.2773178e-05,30,1.09000003,1,0.048404734236896126,58206.3922917,0.048404734236896126,19.6877804,19.6877804
24,793110400000661,45239974,2458206.9021561593,58206.3997454,19.4844131,0.0923073664,0,zg,226.8302771,55.7472513,0.632000029,-0.0359999985,20180329399734,793,0xa,0x4,20.5799999,26.314045,0.0331773646,-0.0586896129,2.96727794e-05,30,1.08399999,2,0.05837605736265515,58206.3997454,0.05837605736265515,19.484413100000005,19.484413100000005
25,793110400000661,45332255,2458207.8249681285,58207.3225579,19.6806583,0.107106581,0,zg,226.8301765,55.7471785,1.13600004,-0.192000002,20180330322546,793,0xa,0x4,20.5,26.2733212,0.0352707431,-0.0806062743,3.60899721e-05,30,1.204,2,0.0487232983029342,58207.3225579,0.0487232983029342,19.680658299999997,19.680658299999997
26,793110400000661,45333972,2458207.842132419,58207.3397222,19.4844875,0.0923125893,0,zg,226.8302666,55.7471589,0.488000005,0.0390000008,20180330339688,793,0xa,0x4,20.4200001,26.2311497,0.0368673839,-0.0369851068,4.20387587e-05,30,1.16199994,2,0.05837205728432752,58207.3397222,0.05837205728432752,19.484487499999993,19.484487499999993
27,793110400000661,45336649,2458207.8689033054,58207.3664931,19.6653347,0.10588304,0,zg,226.8302161,55.7471692,0.531000018,0.0649999976,20180330366493,793,0xa,0x4,20.6800003,26.2760468,0.0343358442,-0.0557682961,3.28489186e-05,30,1.11500001,2,0.04941583292706311,58207.3664931,0.04941583292706311,19.665334699999995,19.665334699999995
28,793110400000661,45338045,2458207.882861603,58207.3804514,19.4979668,0.0932690203,0,zg,226.8301086,55.7471366,0.474000007,0.0289999992,20180330380440,793,0xa,0x4,20.5100002,26.2636833,0.0371875055,-0.0395188518,4.03609847e-05,30,1.09800005,2,0.057651854247458924,58207.3804514,0.057651854247458924,19.497966799999993,19.497966799999993
29,793110400000661,45340057,2458207.9029888767,58207.4005787,19.464325,0.0908982158,0,zg,226.8302526,55.7472422,0.541999996,-0.0309999995,20180330400579,793,0xa,0x4,20.5699997,26.2790565,0.0330636576,-0.0409399234,3.10334435e-05,30,1.08200002,2,0.05946617437204603,58207.4005787,0.05946617437204603,19.464324999999995,19.464324999999995
30,793110400000661,45343751,2458207.9399217484,58207.4375116,19.4558792,0.0903116465,0,zg,226.8302577,55.74719,0.541000009,0.0869999975,20180330437465,793,0xa,0x4,20.5799999,26.2916622,0.0332283974,-0.0310612395,3.24834837e-05,30,1.07500005,2,0.05993055781592317,58207.4375116,0.05993055781592317,19.45587919999999,19.45587919999999
31,793110400000661,45436671,2458208.8691219906,58208.366713,19.200098,0.0741224289,0,zg,226.8300225,55.7471834,0.833000004,0.0850000009,20180331366678,793,0xa,0x4,19.7099991,26.0443592,0.0458149202,-0.0124278124,0.000101070626,30,1.11099994,2,0.07585091078940837,58208.366713,0.07585091078940837,19.200098000000004,19.200098000000004
32,793110400000661,45437630,2458208.8787168744,58208.3763079,19.0692539,0.0669623315,32768,zg,226.8301035,55.7471961,0.573000014,0.0399999991,20180331376308,793,0xa,0x4,19.1499996,25.7965927,0.0627099276,0.00493480824,0.000302173226,30,1.10000002,2,0.08556545025535821,58208.3763079,0.08556545025535821,19.0692539,19.0692539
33,793110400000661,45448204,2458208.984457401,58208.4820486,19.0816936,0.0676122308,0,zg,226.8301718,55.7472392,0.731999993,-0.0549999997,20180331482014,793,0xa,0x4,19.6599998,26.0791073,0.0450572595,-0.0222225878,0.0001012762,30,1.11199999,2,0.08459068854266447,58208.4820486,0.08459068854266447,19.0816936,19.0816936
34,793110400000661,45546003,2458209.962441605,58209.4600347,19.5007954,0.0934708714,0,zg,226.830222,55.747111,0.335000008,-0.228,20180401460012,793,0xa,0x4,19.9699993,26.2693233,0.0361603275,-0.0125178387,4.99546004e-05,30,1.09099996,2,0.05750185298995504,58209.4600347,0.05750185298995504,19.50079540000001,19.50079540000001
35,793110400000661,45635680,2458210.859210187,58210.3568056,19.1794701,0.072945267,0,zg,226.8302705,55.7472,0.615999997,-0.0759999976,20180402356771,793,0xa,0x4,20.3099995,26.2865963,0.0365624726,-0.0548461713,4.29827778e-05,30,1.11699998,2,0.07730577884828185,58210.3568056,0.07730577884828185,19.179470099999996,19.179470099999996
36,793110400000661,45637268,2458210.875089757,58210.3726852,19.6539497,0.104981378,0,zg,226.8300613,55.7471419,0.660000026,-0.152999997,20180402372639,793,0xa,0x4,20.3999996,26.2404537,0.0352119952,-0.0413377546,3.84734522e-05,30,1.09800005,1,0.049936732288083,58210.3726852,0.049936732288083,19.65394969999999,19.65394969999999
37,793110400000661,45638415,2458210.8865596163,58210.3841551,19.3468781,0.083044149,0,zg,226.8302608,55.7471935,1.14900005,-0.182999998,20180402384120,793,0xa,0x4,20.1900005,26.1253853,0.0358789675,-0.0345251933,4.51435299e-05,30,1.08700001,1,0.06625959240539024,58210.3841551,0.06625959240539024,19.346878100000005,19.346878100000005
38,793110400000661,45638511,2458210.887520218,58210.3851157,19.3691311,0.0844824612,0,zg,226.8302617,55.7471394,0.583000004,-0.0610000007,20180402385081,793,0xa,0x4,20.25,26.1046391,0.0331258178,-0.0415748693,3.73694711e-05,30,1.08700001,2,0.0649153734679694,58210.3851157,0.0649153734679694,19.369131099999997,19.369131099999997
39,793110400000661,45642212,2458210.9245340102,58210.4221296,19.5512733,0.0971378759,0,zg,226.8302627,55.7471967,0.476000011,-0.0670000017,20180402422130,793,0xa,0x4,20.4400005,26.2507915,0.0320467465,-0.0210595988,2.9255345e-05,30,1.074,2,0.05488967761047506,58210.4221296,0.05488967761047506,19.5512733,19.5512733
40,793110400000661,45644041,2458210.942821056,58210.4404167,19.3901901,0.0858649164,0,zg,226.8302266,55.7472138,0.377000004,0.0280000009,20180402440417,793,0xa,0x4,20.4300003,26.2677174,0.0319980383,-0.021295296,3.00774318e-05,30,1.079,2,0.06366840350507103,58210.4404167,0.06366840350507103,19.390190100000005,19.390190100000005
41,793110400000661,45736974,2458211.872146752,58211.3697454,19.3967247,0.0862980708,0,zg,226.8301602,55.7473051,0.799000025,-0.0340000018,20180403369711,793,0xa,0x4,19.8299999,26.2792263,0.0342925563,-0.0302910805,5.32310296e-05,30,1.09800005,2,0.06328636038435544,58211.3697454,0.06328636038435544,19.3967247,19.3967247
42,793110400000661,45737918,2458211.8815911175,58211.3791898,19.2498665,0.0770392343,0,zg,226.8299471,55.7474414,0.816999972,-0.0810000002,20180403379155,793,0xa,0x4,19.8099995,26.269352,0.0405150615,-0.0157593209,6.80007142e-05,30,1.08899999,3,0.07245250407800988,58211.3791898,0.07245250407800988,19.249866500000003,19.249866500000003
43,793110400000661,45738109,2458211.8835008293,58211.3810995,19.4782505,0.0918729901,0,zg,226.830234,55.7470676,0.698000014,0.0250000004,20180403381053,793,0xa,0x4,19.8400002,26.2937412,0.0373415425,-0.0429915376,6.01951979e-05,30,1.08800006,2,0.05870833990343119,58211.3810995,0.05870833990343119,19.478250499999994,19.478250499999994
44,793110400000661,45741833,2458211.9207344786,58211.4183333,19.5974083,0.100598179,0,zg,226.8303234,55.7473403,1.10399997,-0.196999997,20180403418310,793,0xa,0x4,20.0,26.2668915,0.0400431044,-0.0194832031,6.10074712e-05,30,1.074,2,0.052606169506512944,58211.4183333,0.052606169506512944,19.597408300000005,19.597408300000005
45,793110400000661,46932446,2458223.8267803243,58223.3244676,19.5737877,0.0988134593,0,zg,226.8301535,55.7471751,1.11300004,0.0350000001,20180415324444,793,0xa,0x4,22.0400009,26.2461929,0.025106566,-0.0828564987,1.31029901e-05,30,1.11300004,3,0.05376317646194093,58223.3244676,0.05376317646194093,19.573787700000004,19.573787700000004
46,793110400000661,47332502,2458227.8272858,58227.3250231,19.4728489,0.0914938003,0,zg,226.8300538,55.7472131,0.573000014,-0.0350000001,20180419324988,793,0xa,0x4,21.2999992,26.2413235,0.0321555696,-0.0302311461,2.16211265e-05,30,1.09899998,2,0.059001145024768976,58227.3250231,0.059001145024768976,19.472848899999995,19.472848899999995
47,793110400000661,47334671,2458227.8489754014,58227.346713,19.4956303,0.0931026042,0,zg,226.8301595,55.7472421,1.39699996,0.0680000037,20180419346667,793,0xa,0x4,21.2900009,26.2470913,0.0324073397,-0.0291227456,2.2079952e-05,30,1.08099997,3,0.05777605439998699,58227.346713,0.05777605439998699,19.495630299999995,19.495630299999995
48,793110400000661,47334854,2458227.8508040747,58227.3485417,19.4692211,0.0912399292,0,zg,226.8301826,55.7472611,0.867999971,-0.0799999982,20180419348542,793,0xa,0x4,21.2999992,26.253685,0.0307319537,-0.0387218148,2.00225622e-05,30,1.08000004,2,0.059198616885535765,58227.3485417,0.059198616885535765,19.46922109999999,19.46922109999999
49,793110400000661,47337464,2458227.8769032224,58227.3746412,19.5209827,0.0949224904,0,zg,226.8301686,55.7472059,0.713,-0.0890000015,20180419374618,793,0xa,0x4,21.4500008,26.2624779,0.0272002257,-0.0381472372,1.5329264e-05,30,1.074,2,0.05644258816027505,58227.3746412,0.05644258816027505,19.520982699999998,19.520982699999998
50,793110400000661,47529958,2458229.801817667,58229.2995833,19.5856991,0.09971001,32768,zg,226.8301496,55.7472198,0.813000023,-0.0120000001,20180421299583,793,0xa,0x4,21.5300007,26.3026447,0.0322676785,-0.143151119,2.16098651e-05,30,1.125,2,0.05317657477573945,58229.2995833,0.05317657477573945,19.585699099999992,19.585699099999992
51,793110400000661,47532577,2458229.8280094867,58229.3257755,19.5335464,0.0958360061,32768,zg,226.8301818,55.7471733,0.657999992,-0.0240000002,20180421325741,793,0xa,0x4,21.5400009,26.3044968,0.0314489938,-0.136175156,2.07849534e-05,30,1.09300005,2,0.055793221719297625,58229.3257755,0.055793221719297625,19.5335464,19.5335464
52,793110400000661,47532721,2458229.829444563,58229.3272106,19.6460457,0.104359224,32768,zg,226.8302246,55.7471908,0.941999972,0.0900000036,20180421327164,793,0xa,0x4,21.6000004,26.3049965,0.0297703035,-0.13083744,1.85392837e-05,30,1.09200001,1,0.05030159080679218,58229.3272106,0.05030159080679218,19.646045699999995,19.646045699999995
53,793110400000661,47532819,2458229.8304283475,58229.3281944,19.5294666,0.0955384895,32768,zg,226.8301553,55.7472183,1.21700001,-0.074000001,20180421328148,793,0xa,0x4,21.5599995,26.309433,0.0326297581,-0.135235608,2.22677991e-05,30,1.09099996,3,0.05600326665221087,58229.3281944,0.05600326665221087,19.5294666,19.5294666
54,793110400000661,47534601,2458229.848252194,58229.3460185,19.663475,0.105735339,32768,zg,226.8301993,55.7470928,1.39600003,-0.131999999,20180421345972,793,0xa,0x4,21.4400005,26.3044415,0.0348712578,-0.124354571,2.55248033e-05,30,1.079,2,0.049500547218792566,58229.3460185,0.049500547218792566,19.663475,19.663475
55,793110400000661,47635115,2458230.853375736,58230.3511574,19.5293694,0.0955314562,0,zg,226.8302094,55.7471948,0.524999976,-0.0480000004,20180422351111,793,0xa,0x4,21.8700008,26.2796001,0.0292902403,-0.100014545,1.76148496e-05,30,1.07599998,3,0.05600828054155699,58230.3511574,0.05600828054155699,19.5293694,19.5293694
56,793110400000661,47635207,2458230.8542901226,58230.3520718,19.5141258,0.0944272056,0,zg,226.8302117,55.7471855,0.842000008,-0.0120000001,20180422352060,793,0xa,0x4,21.8299999,26.279356,0.0271774046,-0.097343266,1.51909671e-05,30,1.07599998,2,0.05680017581557105,58230.3520718,0.05680017581557105,19.514125799999995,19.514125799999995
57,793110400000661,47636744,2458230.8696601843,58230.3674421,19.5295029,0.0955411792,0,zg,226.8301734,55.7471907,0.751999974,0.00999999978,20180422367431,793,0xa,0x4,21.9099998,26.2617607,0.0267762244,-0.0819287673,1.46998836e-05,30,1.074,2,0.05600139429630371,58230.3674421,0.05600139429630371,19.529502900000004,19.529502900000004
58,793110400000661,47639246,2458230.894682997,58230.3924653,19.4095154,0.0871518627,0,zg,226.8301901,55.7471454,1.20899999,-0.0520000011,20180422392465,793,0xa,0x4,21.4899998,26.0647812,0.0337055698,-0.0819460228,2.3346347e-05,30,1.08299994,2,0.06254517903188059,58230.3924653,0.06254517903188059,19.409515399999997,19.409515399999997
59,793110400000661,47738788,2458231.8900837745,58231.3878819,19.5000381,0.0934168249,0,zg,226.8301714,55.7472072,1.84200001,0.0489999987,20180423387836,793,0xa,0x4,21.6100006,26.2701931,0.0310171284,-0.0559409298,2.00742124e-05,30,1.08200002,3,0.057541974470026507,58231.3878819,0.057541974470026507,19.500038100000005,19.500038100000005
60,793110400000661,47738879,2458231.890998163,58231.3887963,19.5177784,0.094690755,0,zg,226.8301772,55.7471692,0.879999995,0.0680000037,20180423388785,793,0xa,0x4,21.5699997,26.2739334,0.030978594,-0.0534404851,1.98290181e-05,30,1.08200002,2,0.056609411490822305,58231.3887963,0.056609411490822305,19.517778400000005,19.517778400000005
61,793110400000661,47741336,2458231.915569559,58231.4133681,19.5374813,0.0961235985,0,zg,226.8300759,55.7472086,0.465999991,0.00800000038,20180423413345,793,0xa,0x4,21.5200005,26.2677021,0.0319530964,-0.0548057035,2.10637718e-05,30,1.10399997,2,0.05559138318789367,58231.4133681,0.05559138318789367,19.537481300000003,19.537481300000003
62,793110400000661,47743489,2458231.9370969003,58231.4348958,19.637825,0.103715368,0,zg,226.8301773,55.7472419,0.72299999,-0.0430000015,20180423434861,793,0xa,0x4,21.5200005,26.2611122,0.0301416647,-0.0559316017,1.89146176e-05,30,1.13600004,2,0.05068389703840175,58231.4348958,0.05068389703840175,19.637825,19.637825
63,793110400000661,47826663,2458232.768819299,58232.2666319,19.3910275,0.0859202892,0,zg,226.8301901,55.7472759,0.95599997,-0.112999998,20180424266597,793,0xa,0x4,20.3600006,26.1054173,0.0398135334,-0.0672791079,5.0778046e-05,30,1.17299998,3,0.0636193166591528,58232.2666319,0.0636193166591528,19.3910275,19.3910275
64,793110400000661,47826956,2458232.771747563,58232.2695602,19.4633999,0.0908337831,0,zg,226.830206,55.7471453,0.368000001,-0.0579999983,20180424269514,793,0xa,0x4,20.9300003,26.2507706,0.034252245,-0.0853332356,2.62058784e-05,30,1.16600001,1,0.05951686403390252,58232.2695602,0.05951686403390252,19.463399900000006,19.463399900000006
65,793110400000661,47827052,2458232.772708143,58232.2705208,19.5527763,0.0972489864,0,zg,226.8301189,55.747204,0.662,0.0419999994,20180424270486,793,0xa,0x4,20.9400005,26.2491531,0.0372955687,-0.0728529468,3.18164348e-05,30,1.16400003,2,0.05481374562162554,58232.2705208,0.05481374562162554,19.552776299999998,19.552776299999998
66,793110400000661,47828268,2458232.7848723517,58232.2826852,19.4166603,0.0876320899,0,zg,226.8301979,55.7471164,0.686999977,-0.134000003,20180424282650,793,0xa,0x4,21.0400009,26.2750187,0.0315108262,-0.0734343752,2.20041074e-05,30,1.13999999,2,0.06213493952784918,58232.2826852,0.06213493952784918,19.416660299999997,19.416660299999997
67,793110400000661,47930638,2458233.8085586443,58233.3063889,19.5725136,0.0987180471,0,zg,226.8302209,55.7471918,0.81400001,0.00700000022,20180425306354,793,0xa,0x4,21.2399998,26.2606201,0.0346431136,-0.0469557419,2.63925267e-05,30,1.102,2,0.05382630401573588,58233.3063889,0.05382630401573588,19.5725136,19.5725136
68,793110400000661,48030733,2458234.8094901387,58234.307338,19.6329117,0.103332087,0,zg,226.8301778,55.7472064,0.80400002,-0.215000004,20180426307292,793,0xa,0x4,20.6700001,26.1541595,0.0312398914,-0.0359107293,2.5878031e-05,30,1.09800005,2,0.050913777464271934,58234.307338,0.050913777464271934,19.6329117,19.6329117
69,793110400000661,48032980,2458234.83195494,58234.3298032,19.5584717,0.0976708829,0,zg,226.8302264,55.7472157,0.540000021,0.127000004,20180426329792,793,0xa,0x4,20.6299992,26.1657162,0.0396538526,-0.0332602747,4.1967236e-05,30,1.08000004,3,0.05452696433498607,58234.3298032,0.05452696433498607,19.558471700000005,19.558471700000005
70,793110400000661,48035388,2458234.8560402114,58234.3538889,19.3839607,0.0854537934,0,zg,226.8302549,55.7472025,0.600000024,-0.156000003,20180426353877,793,0xa,0x4,20.1000004,25.9992561,0.0391276926,-0.0273520928,5.46613956e-05,30,1.074,2,0.06403475024759869,58234.3538889,0.06403475024759869,19.383960699999996,19.383960699999996
71,793110400000661,48038615,2458234.8883081353,58234.3861574,19.5225258,0.0950343162,0,zg,226.8304077,55.7471441,0.731000006,-0.0309999995,20180426386146,793,0xa,0x4,20.0799999,25.9028416,0.0388363078,-0.0133632692,5.48894641e-05,30,1.08599997,2,0.056362426244486764,58234.3861574,0.056362426244486764,19.522525800000004,19.522525800000004
72,793110400000661,48038707,2458234.8892225134,58234.3870718,19.110302,0.0691310465,0,zg,226.8301646,55.7472388,1.26999998,0.0299999993,20180426387060,793,0xa,0x4,20.3199997,25.9947701,0.0372404493,-0.0251441188,4.45786391e-05,30,1.08700001,3,0.0823908910996194,58234.3870718,0.0823908910996194,19.110301999999997,19.110301999999997
73,793110400000661,48041298,2458234.915136354,58234.4129861,19.42803,0.0884013772,0,zg,226.8302147,55.7471244,0.551999986,0.108000003,20180426412975,793,0xa,0x4,20.0499992,25.7614059,0.0379827134,-0.0272413492,5.72208664e-05,30,1.11399996,2,0.061487664860824236,58234.4129861,0.061487664860824236,19.42803,19.42803
74,793110400000661,48043396,2458234.9361197646,58234.4339699,19.5019932,0.0935564712,0,zg,226.8300814,55.7472183,0.372999996,0.0700000003,20180426433935,793,0xa,0x4,20.6800003,26.1404419,0.0309562031,-0.0192165244,2.37485674e-05,30,1.14900005,2,0.05743845108733069,58234.4339699,0.05743845108733069,19.50199320000001,19.50199320000001
75,793110400000661,48131034,2458235.8124811267,58235.3103472,19.4931335,0.0929250941,0,zg,226.8301332,55.7471934,0.405000001,0.104999997,20180427310312,793,0xa,0x4,20.7099991,26.2645893,0.0337497592,-0.0294123441,3.01829114e-05,30,1.09200001,3,0.05790907128440709,58235.3103472,0.05790907128440709,19.493133499999992,19.493133499999992
76,793110400000661,48131179,2458235.813927897,58235.311794,19.7063313,0.109182388,0,zg,226.8301825,55.7472244,0.552999973,-0.101000004,20180427311748,793,0xa,0x4,20.6499996,26.2837963,0.036622934,-0.0247180667,3.59502774e-05,30,1.09099996,2,0.047584715818754744,58235.311794,0.047584715818754744,19.706331299999995,19.706331299999995
77,793110400000661,48132476,2458235.8269021683,58235.3247685,19.6012115,0.100888029,0,zg,226.8301182,55.7471366,1.32099998,-0.0920000002,20180427324722,793,0xa,0x4,20.3199997,26.2916985,0.0356824547,-0.0402254052,3.87845939e-05,30,1.08099997,2,0.05242221894983512,58235.3247685,0.05242221894983512,19.601211499999998,19.601211499999998
78,793110400000661,48134271,2458235.8448532466,58235.3427199,19.7926407,0.116397172,0,zg,226.8301208,55.7470537,0.389999986,0.0829999968,20180427342708,793,0xa,0x4,20.4500008,26.2781353,0.0348348208,-0.0275069997,3.3965629e-05,30,1.07500005,1,0.043948465915501646,58235.3427199,0.043948465915501646,19.7926407,19.7926407
79,793110400000661,48134363,2458235.845767614,58235.3436343,19.5847569,0.0996388793,0,zg,226.8301001,55.7472262,0.379999995,-0.0529999994,20180427343623,793,0xa,0x4,20.4400005,26.2762585,0.0314657427,-0.0295171551,2.82112705e-05,30,1.07500005,3,0.05322274134406277,58235.3436343,0.05322274134406277,19.584756899999995,19.584756899999995
80,793110400000661,48134454,2458235.8466818966,58235.3445486,19.3793678,0.0851518437,0,zg,226.8302019,55.7472193,0.995999992,-0.128999993,20180427344549,793,0xa,0x4,20.3999996,26.2718697,0.0336061381,-0.0226972438,3.3102704e-05,30,1.07500005,2,0.06430620490265761,58235.3445486,0.06430620490265761,19.379367800000004,19.379367800000004
81,793110400000661,48137325,2458235.8753850684,58235.3732523,19.414402,0.0874800608,0,zg,226.8302381,55.7471939,0.779999971,-0.238999993,20180427373241,793,0xa,0x4,20.4400005,26.2689133,0.0381915644,-0.0264769681,4.08847591e-05,30,1.08000004,2,0.06226431291029121,58235.3732523,0.06226431291029121,19.414402000000003,19.414402000000003
82,793110400000661,48223755,2458236.7396744494,58236.2375579,19.5334435,0.0958284289,0,zg,226.8302561,55.7472659,0.791999996,-0.119999997,20180428237523,793,0xa,0x4,20.2000008,26.2008877,0.0331421308,-0.0522856936,3.76496209e-05,30,1.22000003,2,0.055798509739126353,58236.2375579,0.055798509739126353,19.533443499999997,19.533443499999997
83,793110400000661,48233627,2458236.838387808,58236.3362731,19.626791,0.10285639,0,zg,226.8299554,55.7472583,0.495999992,0.0350000001,20180428336262,793,0xa,0x4,20.0300007,26.2252388,0.0380616672,-0.0135527719,5.62348105e-05,30,1.07599998,2,0.051201607961952035,58236.3362731,0.051201607961952035,19.626791000000004,19.626791000000004
84,793110400000661,48233768,2458236.839799882,58236.3376852,19.3674545,0.0843733177,0,zg,226.8302569,55.7472148,0.652999997,-0.0920000002,20180428337639,793,0xa,0x4,20.0699997,26.2218933,0.0399914496,-0.0203198809,5.80347696e-05,30,1.07500005,3,0.06501569359305649,58236.3376852,0.06501569359305649,19.3674545,19.3674545
85,1827101200004651,48235099,2458236.853109833,58236.3509954,19.528429,0.0818977803,0,zg,226.8302452,55.747175,0.880999982,-0.00499999989,20180428350972,1827,0x1,0x2,20.1399994,26.2128906,0.0352864824,-0.00371753448,4.24305726e-05,30,1.10399997,2,0.05605681259130003,58236.3509954,0.05605681259130003,19.528428999999996,19.528428999999996
86,1827101200004651,48235144,2458236.8535612314,58236.3514468,19.4736023,0.0790307745,0,zg,226.8302314,55.7471026,0.375999987,-0.0680000037,20180428351435,1827,0x1,0x2,20.2900009,26.2120667,0.0381929055,-0.00541288871,4.51054075e-05,30,1.10399997,2,0.05896021791610085,58236.3514468,0.05896021791610085,19.473602300000003,19.473602300000003
87,793110400000661,48236630,2458236.8684220286,58236.3663079,19.3780003,0.0850621462,0,zg,226.8301602,55.747322,0.861999989,0.0890000015,20180428366285,793,0xa,0x4,20.1700001,26.2324848,0.0379623584,-0.0147834951,5.05103017e-05,30,1.07799995,2,0.06438725049928869,58236.3663079,0.06438725049928869,19.378000300000004,19.378000300000004
88,793110400000661,48239166,2458236.893780355,58236.3916667,19.5972042,0.100582652,0,zg,226.8300674,55.7472037,0.838999987,-0.270999998,20180428391655,793,0xa,0x4,20.1000004,26.2346916,0.0381864682,-0.0216896478,5.1160092e-05,30,1.09599996,2,0.052616059504094315,58236.3916667,0.052616059504094315,19.5972042,19.5972042
89,793110400000661,48245115,2458236.9532699077,58236.4511574,19.4319592,0.0886686444,0,zg,226.8301387,55.7471386,0.630999982,-0.0900000036,20180428451146,793,0xa,0x4,20.2999992,26.2285328,0.0356459059,-0.0323855989,3.87177388e-05,30,1.20099998,2,0.06126554764944115,58236.4511574,0.06126554764944115,19.4319592,19.4319592
90,793110400000661,48246966,2458236.971776539,58236.4696644,19.8591652,0.122202985,0,zg,226.8300801,55.7472217,0.63499999,-0.261000007,20180428469653,793,0xa,0x4,20.2099991,26.2057438,0.0356057696,-0.0235695094,4.06042927e-05,30,1.25600004,2,0.04133652077519661,58236.4696644,0.04133652077519661,19.8591652,19.8591652
91,793110400000661,48330993,2458237.8120265254,58237.3099306,19.6655445,0.105899714,0,zg,226.8307004,55.7471281,0.414999992,-0.233999997,20180429309907,793,0xa,0x4,19.8600006,26.0599117,0.0369069204,-0.029066829,6.06974609e-05,30,1.08800006,2,0.04940628508284258,58237.3099306,0.04940628508284258,19.665544500000003,19.665544500000003
92,793110400000661,48334156,2458237.843657813,58237.3415625,19.4546471,0.0902263075,0,zg,226.8304023,55.7471314,0.967999995,0.126000002,20180429341528,793,0xa,0x4,20.0599995,26.2550755,0.0377097018,-0.0237613656,5.32279482e-05,30,1.074,3,0.05999860597817684,58237.3415625,0.05999860597817684,19.454647099999995,19.454647099999995
93,793110400000661,48334247,2458237.84457218,58237.3424769,19.5677013,0.0983580947,0,zg,226.8302786,55.7473071,0.670000017,-0.356999993,20180429342465,793,0xa,0x4,20.0200005,26.2531338,0.0366903841,-0.0130509529,5.11154576e-05,30,1.074,2,0.05406540741426224,58237.3424769,0.05406540741426224,19.567701300000003,19.567701300000003
94,793110400000661,48337462,2458237.876724257,58237.3746296,19.3109894,0.080772683,0,zg,226.8301655,55.7472322,0.873000026,-0.074000001,20180429374583,793,0xa,0x4,20.0300007,26.2634525,0.0369684286,-0.0250703823,5.29173158e-05,30,1.08399999,2,0.06848638453920865,58237.3746296,0.06848638453920865,19.310989400000004,19.310989400000004
95,793110400000661,48345666,2458237.958759729,58237.4566667,19.455864,0.0903105736,0,zg,226.8301586,55.7471832,0.736999989,-0.195999995,20180429456655,793,0xa,0x4,20.1000004,26.2504444,0.0350145586,-0.0455905646,4.41113298e-05,30,1.22399998,2,0.05993139683266644,58237.4566667,0.05993139683266644,19.455864,19.455864
96,793110400000661,48346373,2458237.9658312867,58237.4637384,19.45298,0.0901110545,0,zg,226.8299769,55.7472026,0.470999986,-0.162,20180429463704,793,0xa,0x4,20.0599995,26.244566,0.0369647183,-0.0462351888,5.18450943e-05,30,1.24600005,3,0.060090801951631724,58237.4637384,0.060090801951631724,19.452980000000004,19.452980000000004
97,793110400000661,48346608,2458237.968180833,58237.466088,19.5213242,0.094947271,0,zg,226.8302115,55.7472474,0.532000005,-0.126000002,20180429466088,793,0xa,0x4,19.9500008,26.2469101,0.0327340774,-0.0547016822,4.05406136e-05,30,1.25300002,2,0.05642483788838154,58237.466088,0.05642483788838154,19.521324200000002,19.521324200000002
98,793110400000661,48838611,2458242.8881007284,58242.3861111,19.5136318,0.0943916366,0,zg,226.83022,55.7471613,1.14999998,-0.0450000018,20180504386100,793,0xa,0x4,21.1000004,26.2924538,0.0343702622,-0.0810753629,2.61323148e-05,30,1.10800004,2,0.05682602525400417,58242.3861111,0.05682602525400417,19.513631800000006,19.513631800000006
99,793110400000661,48839363,2458242.8956237636,58242.3936343,19.6126575,0.101764858,0,zg,226.8302655,55.7471125,0.614000022,-0.0920000002,20180504393611,793,0xa,0x4,21.1900005,26.2775745,0.0317036621,-0.0800750256,2.22484632e-05,30,1.11800003,1,0.05187247857694507,58242.3936343,0.05187247857694507,19.612657500000005,19.612657500000005
100,793110400000661,48839460,2458242.8965959335,58242.3946065,19.5877018,0.0998614281,0,zg,226.8302931,55.7471938,1.13499999,0.00800000038,20180504394572,793,0xa,0x4,21.1000004,26.2906189,0.0341399685,-0.0876683667,2.52206628e-05,30,1.11899996,3,0.05307857807389547,58242.3946065,0.05307857807389547,19.587701799999998,19.587701799999998
101,793110400000661,48840841,2458242.9104035236,58242.4084144,19.4514198,0.090003252,0,zg,226.8301298,55.7471857,0.828999996,-0.0649999976,20180504408414,793,0xa,0x4,21.1499996,26.2934284,0.0330019221,-0.100037962,2.41432299e-05,30,1.14199996,2,0.060177214344399745,58242.4084144,0.060177214344399745,19.451419800000004,19.451419800000004
102,793110400000661,48842167,2458242.9236670216,58242.4216782,19.5259056,0.0952795297,0,zg,226.8302253,55.7471974,0.902999997,0.0320000015,20180504421678,793,0xa,0x4,21.1700001,26.279026,0.0304208528,-0.0828114003,2.03817817e-05,30,1.16900003,2,0.056187247835765584,58242.4216782,0.056187247835765584,19.52590560000001,19.52590560000001
103,793110400000661,48922265,2458243.7246212726,58243.2226505,19.5038242,0.09368743,32768,zg,226.830001,55.7471759,0.870000005,-0.0140000004,20180505222616,793,0xa,0x4,21.3099995,26.2543297,0.0342717506,-0.161207363,2.50251305e-05,30,1.20700002,2,0.057341667749508364,58243.2226505,0.057341667749508364,19.503824200000004,19.503824200000004
104,793110400000661,48923811,2458243.7400838295,58243.2381134,19.6049442,0.101173252,32768,zg,226.8301666,55.7471523,0.344999999,-0.0140000004,20180505238079,793,0xa,0x4,21.4799995,26.2414379,0.0301565304,-0.146849081,1.86125635e-05,30,1.16900003,2,0.05224230375616767,58243.2381134,0.05224230375616767,19.6049442,19.6049442
105,793110400000661,48926090,2458243.7628727173,58243.2609028,19.5379868,0.0961605981,32768,zg,226.8301936,55.747179,1.36300004,0.0209999997,20180505260891,793,0xa,0x4,21.7999992,26.3004742,0.0283706337,-0.135564312,1.64045105e-05,30,1.12600005,3,0.05556550682555093,58243.2609028,0.05556550682555093,19.53798679999999,19.53798679999999
106,793110400000661,48926614,2458243.768115602,58243.2661458,19.5974274,0.100599617,32768,zg,226.8301647,55.7471579,0.694999993,0.0390000008,20180505266100,793,0xa,0x4,21.7900009,26.2909279,0.0295303278,-0.120260417,1.78400987e-05,30,1.11800003,2,0.0526052440800647,58243.2661458,0.0526052440800647,19.597427400000008,19.597427400000008
107,793110400000661,49024083,2458244.7427806677,58244.2408333,19.469202,0.0912385955,32768,zg,226.8301251,55.7471998,0.296000004,-0.0460000001,20180506240787,793,0xa,0x4,20.9500008,25.673708,0.0462679341,-0.109442353,4.96003995e-05,30,1.15699995,2,0.05919965830197052,58244.2408333,0.05919965830197052,19.469202000000003,19.469202000000003
108,793110400000661,49025839,2458244.7603381667,58244.2583912,19.4733353,0.0915278867,0,zg,226.8301534,55.7471901,0.328000009,-0.0140000004,20180506258380,793,0xa,0x4,21.3700008,25.8968391,0.0343655758,-0.107136816,2.49445002e-05,30,1.125,3,0.05897471896518256,58244.2583912,0.05897471896518256,19.473335299999995,19.473335299999995
109,793110400000661,49026263,2458244.7645857697,58244.2626389,19.4759388,0.0917105526,32768,zg,226.8302357,55.7471803,0.545000017,0.0260000005,20180506262593,793,0xa,0x4,20.8799992,25.4484406,0.0577584654,-0.0828490034,8.52392986e-05,30,1.11899996,2,0.058833472188405934,58244.2626389,0.058833472188405934,19.4759388,19.4759388
110,793110400000661,49028420,2458244.7861477747,58244.2842014,19.527813,0.0954181626,0,zg,226.8301392,55.7471714,0.903999984,0.0890000015,20180506284167,793,0xa,0x4,22.0100002,26.2543163,0.0258153696,-0.077411823,1.37417892e-05,30,1.09300005,2,0.05608862583834675,58244.2842014,0.05608862583834675,19.527813000000002,19.527813000000002
111,793110400000661,49133113,2458245.833056024,58245.3311343,19.4416351,0.0893299729,0,zg,226.8301758,55.7472474,0.615999997,-0.0160000008,20180507331100,793,0xa,0x4,21.0300007,25.7981567,0.0346841328,-0.0437115543,2.6493246e-05,30,1.074,2,0.06072198497287395,58245.3311343,0.06072198497287395,19.441635100000006,19.441635100000006
112,793110400000661,49230978,2458246.811678282,58246.3097801,19.5018711,0.0935476944,0,zg,226.8301194,55.7472385,0.57099998,-0.0130000003,20180508309734,793,0xa,0x4,21.4599991,26.2663593,0.0267155226,-0.0525481328,1.46888879e-05,30,1.07500005,2,0.057444910878586275,58246.3097801,0.057444910878586275,19.501871099999995,19.501871099999995
113,793110400000661,49231167,2458246.8135763383,58246.3116782,19.5217457,0.0949777439,0,zg,226.8302523,55.7472108,0.990999997,-0.118000001,20180508311678,793,0xa,0x4,21.5300007,26.2542286,0.0293567739,-0.0437595174,1.79691015e-05,30,1.074,3,0.05640293712355376,58246.3116782,0.05640293712355376,19.521745700000004,19.521745700000004
114,793110400000661,49232809,2458246.8299880433,58246.3280903,19.6098633,0.101550229,0,zg,226.830193,55.7471793,0.874000013,0.120999999,20180508328079,793,0xa,0x4,21.5599995,26.2573547,0.0253893938,-0.0369654149,1.33586727e-05,30,1.074,2,0.05200614709346638,58246.3280903,0.05200614709346638,19.609863299999994,19.609863299999994
115,793110400000661,49235039,2458246.852290695,58246.3503935,19.4413509,0.08931043,0,zg,226.8301855,55.7472247,0.838999987,-0.104000002,20180508350394,793,0xa,0x4,21.5599995,26.2508297,0.0286913961,-0.0330529585,1.70495678e-05,30,1.08299994,2,0.060737881510958845,58246.3503935,0.060737881510958845,19.441350899999996,19.441350899999996
116,793110400000661,49330993,2458247.811804232,58247.3099306,19.5319328,0.0957182199,0,zg,226.8302097,55.7472032,0.734000027,-0.0769999996,20180509309931,793,0xa,0x4,22.0100002,26.2643757,0.0265084766,-0.0521775335,1.44842315e-05,30,1.074,3,0.055876202165387856,58247.3099306,0.055876202165387856,19.5319328,19.5319328
117,793110400000661,49331084,2458247.8127185106,58247.3108449,19.5234737,0.0951030254,0,zg,226.8301545,55.7471929,0.845000029,0.00899999961,20180509310845,793,0xa,0x4,22.0300007,26.2609158,0.0248314608,-0.0507499166,1.29237087e-05,30,1.074,2,0.05631324060558365,58247.3108449,0.05631324060558365,19.523473700000004,19.523473700000004
118,793110400000661,49332942,2458247.83129445,58247.3294213,19.4463005,0.0896503776,0,zg,226.8302037,55.7471998,1.11000001,-0.0460000001,20180509329410,793,0xa,0x4,21.9400005,26.255764,0.0252717007,-0.0448903777,1.33774429e-05,30,1.07500005,2,0.06046162286483751,58247.3294213,0.06046162286483751,19.4463005,19.4463005
119,793110400000661,49335059,2458247.8524629236,58247.3505903,19.5052052,0.093786262,0,zg,226.8302388,55.7471938,1.16299999,-0.0410000011,20180509350590,793,0xa,0x4,21.9799995,26.2656727,0.0262377318,-0.0542190745,1.43127063e-05,30,1.08599997,2,0.05726877849508813,58247.3505903,0.05726877849508813,19.5052052,19.5052052
120,793110400000661,49432928,2458248.831130503,58248.3292824,19.5728645,0.0987443179,0,zg,226.8302114,55.7471931,1.278,0.0960000008,20180510329271,793,0xa,0x4,21.6000004,26.2663498,0.0271035302,-0.0468051508,1.54379013e-05,30,1.07599998,2,0.053808910657968764,58248.3292824,0.053808910657968764,19.5728645,19.5728645
121,793110400000661,49434012,2458248.841975129,58248.3401273,19.5560226,0.097489275,0,zg,226.8301448,55.74718,0.727999985,-0.0350000001,20180510340093,793,0xa,0x4,21.6200008,26.265501,0.0270634349,-0.0441637598,1.52509128e-05,30,1.08099997,1,0.05465009987813956,58248.3401273,0.05465009987813956,19.5560226,19.5560226
122,793110400000661,49434104,2458248.8428895036,58248.3410417,19.5869331,0.0998033658,0,zg,226.8301712,55.7472041,1.12399995,-0.120999999,20180510341042,793,0xa,0x4,21.6100006,26.269413,0.0249709897,-0.0494215302,1.29706768e-05,30,1.08099997,3,0.05311617095318259,58248.3410417,0.05311617095318259,19.586933100000003,19.586933100000003
123,793110400000661,49434195,2458248.8438037834,58248.341956,19.5439301,0.0965967104,0,zg,226.8301674,55.7471732,1.71800005,0.177000001,20180510341956,793,0xa,0x4,21.4699993,26.2634068,0.0276769232,-0.0361213088,1.60214477e-05,30,1.08200002,2,0.05526217324262657,58248.341956,0.05526217324262657,19.543930100000004,19.543930100000004
124,793110400000661,49436146,2458248.8633171823,58248.3614699,19.4840546,0.0922820196,0,zg,226.8302204,55.7472224,0.736000001,-0.0410000011,20180510361458,793,0xa,0x4,21.5300007,26.2635784,0.0281250216,-0.0411859155,1.64255143e-05,30,1.09800005,2,0.058395335776637,58248.3614699,0.058395335776637,19.4840546,19.4840546
125,793110400000661,49521731,2458249.71914021,58249.2173148,19.670639,0.106305227,0,zg,226.8302955,55.7473735,0.662,0.0529999994,20180511217280,793,0xa,0x4,21.2099991,26.195137,0.0333537534,-0.0366872475,2.51649763e-05,30,1.17900002,2,0.049175003556386654,58249.2173148,0.049175003556386654,19.670639,19.670639
126,793110400000661,49534350,2458249.84532909,58249.3435069,19.5568562,0.0975510478,0,zg,226.8303711,55.7472885,0.578000009,0.064000003,20180511343495,793,0xa,0x4,21.1399994,26.2343903,0.0359725505,-0.0215793736,2.73075038e-05,30,1.08399999,2,0.054608157057173125,58249.3435069,0.054608157057173125,19.55685619999999,19.55685619999999
127,793110400000661,49534442,2458249.8462434686,58249.3444213,19.4670296,0.0910868123,0,zg,226.8302045,55.7472683,0.654999971,-0.0149999997,20180511344410,793,0xa,0x4,21.0799999,26.2245636,0.0329766758,-0.0179947317,2.29286707e-05,30,1.08500004,3,0.059318226774918735,58249.3444213,0.059318226774918735,19.467029599999996,19.467029599999996
128,793110400000661,49537159,2458249.8734186604,58249.3715972,19.5705643,0.0985720381,0,zg,226.8299382,55.7472883,1.17999995,0.159999996,20180511371574,793,0xa,0x4,20.8700008,26.2391014,0.0348540097,-0.0287107769,2.82159908e-05,30,1.11300004,2,0.05392302903862134,58249.3715972,0.05392302903862134,19.570564299999994,19.570564299999994
129,793110400000661,50121871,2458255.7203780306,58255.2187153,19.4873848,0.0925173908,0,zg,226.8301767,55.7471943,0.703000009,0.00300000003,20180517218692,793,0xa,0x4,21.9099998,26.243969,0.0276446156,-0.071469754,1.58324056e-05,30,1.14199996,2,0.058216498401580996,58255.2187153,0.058216498401580996,19.487384799999994,19.487384799999994
130,793110400000661,50134359,2458255.845258687,58255.3435995,19.5330162,0.0957972854,0,zg,226.830096,55.7471799,0.493999988,0.0719999969,20180517343565,793,0xa,0x4,21.7199993,26.2448254,0.0277572181,-0.0486753285,1.60957006e-05,30,1.09899998,1,0.055820474002143294,58255.3435995,0.055820474002143294,19.5330162,19.5330162
131,793110400000661,50135151,2458255.8531751614,58255.3515162,19.6151829,0.101959132,0,zg,226.8302515,55.7471769,0.578999996,-0.0879999995,20180517351493,793,0xa,0x4,21.6100006,26.2360439,0.0264189411,-0.0415823869,1.45143476e-05,30,1.10800004,3,0.05175196447354271,58255.3515162,0.05175196447354271,19.6151829,19.6151829
132,793110400000661,50135243,2458255.854089533,58255.3524306,19.5143776,0.0944454148,0,zg,226.8302996,55.7472021,0.898000002,0.0540000014,20180517352431,793,0xa,0x4,21.5799999,26.2482719,0.0294413809,-0.0542480275,1.80087827e-05,30,1.11000001,2,0.05678700445233493,58255.3524306,0.05678700445233493,19.514377599999996,19.514377599999996
133,793110400000661,50137072,2458255.8723876043,58255.3707292,19.550724,0.0970972851,0,zg,226.8301342,55.7472132,0.809000015,-0.0260000005,20180517370718,793,0xa,0x4,21.6700001,26.2376862,0.0267124809,-0.0459347926,1.48351819e-05,30,1.13800001,2,0.05491745464148648,58255.3707292,0.05491745464148648,19.550723999999995,19.550723999999995
134,793110400000661,50428366,2458258.7852425897,58258.283669,19.5727291,0.0987341329,0,zg,226.8301798,55.7471742,0.875999987,0.0240000002,20180520283657,793,0xa,0x4,21.7399998,26.1984844,0.0268875137,-0.0523384809,1.50405731e-05,30,1.074,3,0.053815621478501816,58258.283669,0.053815621478501816,19.572729099999997,19.572729099999997
135,793110400000661,50428458,2458258.78615686,58258.2845833,19.5986404,0.100691959,0,zg,226.8302306,55.7472017,0.850000024,-0.0120000001,20180520284572,793,0xa,0x4,21.6599998,26.2004261,0.0281235203,-0.0462339222,1.65747279e-05,30,1.074,1,0.05254650556766324,58258.2845833,0.05254650556766324,19.5986404,19.5986404
136,793110400000661,50428697,2458258.7885526884,58258.2869792,19.571022,0.0986062959,0,zg,226.830126,55.7471991,0.967000008,0.0270000007,20180520286956,793,0xa,0x4,21.6399994,26.1998291,0.0296387263,-0.050351046,1.82590429e-05,30,1.074,2,0.053900302183905964,58258.2869792,0.053900302183905964,19.571021999999992,19.571021999999992
137,793110400000661,50430180,2458258.803378652,58258.3018056,19.496088,0.0931351781,0,zg,226.8302513,55.74717,0.911000013,0.00800000038,20180520301806,793,0xa,0x4,21.6000004,26.2099152,0.0318954214,-0.0451267883,2.13204912e-05,30,1.07599998,2,0.05775170361669759,58258.3018056,0.05775170361669759,19.496088000000007,19.496088000000007
138,793110400000661,50432888,2458258.8304611347,58258.3288889,19.4610405,0.0906696841,0,zg,226.8301555,55.7472541,1.04999995,0.0469999984,20180520328854,793,0xa,0x4,21.6299992,26.2009392,0.0288889296,-0.0329178609,1.7436987e-05,30,1.09200001,2,0.05964634002991124,58258.3288889,0.05964634002991124,19.461040500000003,19.461040500000003
139,793110400000661,50539001,2458259.8915520418,58259.3900116,19.5975628,0.100609884,32768,zg,226.8300758,55.7472673,0.595000029,0.0700000003,20180521389988,793,0xa,0x4,20.7700005,25.2726116,0.0592166595,-0.0147557808,9.13689582e-05,30,1.20500004,2,0.05259868419387559,58259.3900116,0.05259868419387559,19.5975628,19.5975628
140,793110400000661,50724064,2458261.742132114,58261.2406481,19.3981533,0.086393103,0,zg,226.830367,55.7472675,0.866999984,0.312000006,20180523240613,793,0xa,0x4,20.4699993,26.2202492,0.0383292511,-0.00296912086,6.00947169e-05,30,1.09000003,1,0.06320314363309676,58261.2406481,0.06320314363309676,19.398153299999997,19.398153299999997
141,793110400000661,50724440,2458261.745893587,58261.2444097,19.5509529,0.097114183,0,zg,226.8298602,55.7473207,1.02199996,0.0120000001,20180523244410,793,0xa,0x4,20.1900005,26.2031918,0.0381944105,0.00204835902,5.52475612e-05,30,1.08700001,2,0.054905877906448845,58261.2444097,0.054905877906448845,19.55095289999999,19.55095289999999
142,793110400000661,50827998,2458262.78144016,58262.2799884,19.7426529,0.112174362,0,zg,226.8302599,55.7472329,1.23800004,-0.202000007,20180524279977,793,0xa,0x4,20.9599991,26.2280369,0.0317374952,-0.0286601894,2.34558593e-05,30,1.074,2,0.04601917620048127,58262.2799884,0.04601917620048127,19.742652900000003,19.742652900000003
143,793110400000661,50930069,2458263.802114097,58263.3006944,19.4667187,0.0910650939,0,zg,226.8302562,55.7472451,0.879999995,-0.175999999,20180525300660,793,0xa,0x4,20.4799995,26.2692184,0.0385908894,-0.0200899877,4.18806958e-05,30,1.08099997,2,0.059335214950600366,58263.3006944,0.059335214950600366,19.466718699999994,19.466718699999994
144,793110400000661,51220174,2458266.7030743062,58266.2017477,19.4299908,0.088534683,0,zg,226.8302191,55.7471894,0.356000006,-0.0219999999,20180528201713,793,0xa,0x4,20.5599995,26.2088547,0.0342905447,-0.032754723,3.43975553e-05,30,1.12,1,0.061376720590723924,58266.2017477,0.061376720590723924,19.429990800000006,19.429990800000006
145,793110400000661,51220315,2458266.7044862597,58266.2031597,19.4866314,0.0924640894,0,zg,226.83026,55.7472044,0.526000023,-0.0820000023,20180528203137,793,0xa,0x4,20.4200001,26.2115135,0.0391528979,-0.0347009078,4.62069293e-05,30,1.11800003,2,0.05825690925894454,58266.2031597,0.05825690925894454,19.4866314,19.4866314
146,793110400000661,51241454,2458266.9158682185,58266.4145486,19.0795517,0.0674998611,0,zg,226.8300541,55.7473414,0.903999984,0.188999996,20180528414537,793,0xa,0x4,19.3899994,26.1883965,0.0435272977,-0.0196294896,0.000121863646,30,1.36000001,2,0.08475773061963256,58266.4145486,0.08475773061963256,19.079551700000003,19.079551700000003
147,793110400000661,51317579,2458267.6770933215,58267.1757986,19.6015091,0.100910783,0,zg,226.8304328,55.7472184,0.742999971,0.0379999988,20180529175787,793,0xa,0x4,20.0699997,26.2016411,0.0395285897,-0.0287285801,6.02983309e-05,30,1.16199994,2,0.05240785200288068,58267.1757986,0.05240785200288068,19.60150910000001,19.60150910000001
148,793110400000661,51320030,2458267.7015948254,58267.2003009,19.8141689,0.118252948,0,zg,226.830269,55.7471779,0.546000004,-0.158000007,20180529200278,793,0xa,0x4,20.1499996,26.2073421,0.0385018662,-0.015839031,5.31749756e-05,30,1.11800003,2,0.04308562924589102,58267.2003009,0.04308562924589102,19.81416889999999,19.81416889999999
149,793110400000661,51322258,2458267.723874206,58267.222581,19.7976875,0.116830148,0,zg,226.8304583,55.747131,0.239999995,-0.0680000037,20180529222546,793,0xa,0x4,20.1599998,26.1997375,0.0359032191,-0.00466055982,4.5503235e-05,30,1.09200001,2,0.04374465542912359,58267.222581,0.04374465542912359,19.797687500000002,19.797687500000002
150,793110400000661,51528534,2458269.7865718757,58269.2853472,19.5548191,0.0974000841,0,zg,226.8300726,55.7472456,0.725000024,-0.0299999993,20180531285336,793,0xa,0x4,20.3500004,26.2277679,0.0367129706,-0.0356764011,4.27404666e-05,30,1.08200002,2,0.054710711158315065,58269.2853472,0.054710711158315065,19.554819099999996,19.554819099999996
151,793110400000661,51531060,2458269.811825728,58269.3106019,19.5568047,0.0975472406,0,zg,226.8299583,55.7471901,0.813000023,0.0410000011,20180531310567,793,0xa,0x4,20.3400002,26.2618637,0.0391564891,-0.0322195478,4.62778407e-05,30,1.10500002,1,0.054610747361129856,58269.3106019,0.054610747361129856,19.556804700000008,19.556804700000008
152,793110400000661,51531151,2458269.812740002,58269.3115162,19.397253,0.086333178,0,zg,226.830182,55.7471879,0.55400002,-0.0,20180531311505,793,0xa,0x4,20.4400005,26.2522964,0.0400228947,-0.0120331356,4.65404191e-05,30,1.10599995,2,0.06325557385340695,58269.3115162,0.06325557385340695,19.397253,19.397253
153,793110400000661,51821570,2458272.716831189,58272.215706,19.5178242,0.0946941078,0,zg,226.8301932,55.7471901,0.662,-0.0340000018,20180603215660,793,0xa,0x4,22.0,26.2198429,0.0296231713,-0.063034378,1.85292611e-05,30,1.08599997,2,0.05660702356606592,58272.215706,0.05660702356606592,19.5178242,19.5178242
154,793110400000661,51824031,2458272.7414368493,58272.2403125,19.5628777,0.0979983956,0,zg,226.8301786,55.7471557,0.708000004,0.119999997,20180603240301,793,0xa,0x4,21.9400005,26.2319145,0.0266940445,-0.0681862906,1.49548032e-05,30,1.074,1,0.054306138139202306,58272.2403125,0.054306138139202306,19.562877699999994,19.562877699999994
155,793110400000661,51824122,2458272.7423512153,58272.2412269,19.5491352,0.0969800055,0,zg,226.8301452,55.7471776,0.778999984,0.0289999992,20180603241215,793,0xa,0x4,21.8400002,26.2312126,0.0284576844,-0.0737297535,1.69999366e-05,30,1.074,2,0.05499787631569083,58272.2412269,0.05499787631569083,19.549135200000002,19.549135200000002
156,793110400000661,51826774,2458272.768866503,58272.2677431,19.4967804,0.0931845084,0,zg,226.8301874,55.7471938,0.825999975,-0.0250000004,20180603267743,793,0xa,0x4,21.7199993,26.2389317,0.0249931235,-0.0614934973,1.31852248e-05,30,1.07700002,2,0.0577148857122243,58272.2677431,0.0577148857122243,19.4967804,19.4967804
157,793110400000661,51926230,2458273.763392284,58273.2623032,19.5414848,0.0964171141,0,zg,226.8301943,55.7471683,0.797999978,0.0529999994,20180604262292,793,0xa,0x4,22.0799999,26.2627659,0.0272920132,-0.0693780482,1.570737e-05,30,1.07599998,2,0.055386775221506875,58273.2623032,0.055386775221506875,19.5414848,19.5414848
158,793110400000661,51928003,2458273.781123166,58273.2800347,19.5608559,0.0978479907,0,zg,226.8302141,55.7471999,0.963,-0.057,20180604280023,793,0xa,0x4,21.8799992,26.2522449,0.0248012654,-0.0548725128,1.29126893e-05,30,1.08599997,2,0.05440735834477059,58273.2800347,0.05440735834477059,19.5608559,19.5608559
159,793110400000661,52024383,2458274.744885958,58274.243831,19.5334206,0.0958267748,0,zg,226.8302146,55.7471789,0.957000017,0.0270000007,20180605243785,793,0xa,0x4,22.2299995,26.2713985,0.024910504,-0.0744885802,1.2991225e-05,30,1.074,2,0.05579968663581913,58274.243831,0.05579968663581913,19.533420599999992,19.533420599999992
160,793110400000661,52026435,2458274.7654061397,58274.2643519,19.4823818,0.0921639949,0,zg,226.8301752,55.747187,0.616999984,0.0149999997,20180605264340,793,0xa,0x4,22.1499996,26.2724571,0.0250860509,-0.0696442351,1.31448851e-05,30,1.07799995,2,0.05848537514978488,58274.2643519,0.05848537514978488,19.482381800000006,19.482381800000006
161,793110400000661,52028089,2458274.7819448616,58274.2808912,19.5312881,0.0956711993,0,zg,226.830165,55.7471768,1.06099999,0.108999997,20180605280891,793,0xa,0x4,22.1599998,26.2734947,0.0234116297,-0.0705555305,1.15338353e-05,30,1.08899999,2,0.055909390784014086,58274.2808912,0.055909390784014086,19.531288100000005,19.531288100000005
162,793110400000661,52224849,2458276.749479914,58276.2484954,19.5040989,0.0937070549,0,zg,226.8301939,55.7471633,0.757000029,-0.0289999992,20180607248414,793,0xa,0x4,22.25,26.284626,0.024244383,-0.0896681845,1.1932184e-05,30,1.074,2,0.05732716168112014,58276.2484954,0.05732716168112014,19.504098899999995,19.504098899999995
163,793110400000661,52226606,2458276.7670486886,58276.2660648,19.5482941,0.0969180167,0,zg,226.8301776,55.7471926,1.33299994,0.0759999976,20180607266065,793,0xa,0x4,22.1599998,26.2698154,0.0230855681,-0.0768999904,1.08256036e-05,30,1.08099997,1,0.05504049867283846,58276.2660648,0.05504049867283846,19.5482941,19.5482941
164,793110400000661,52226747,2458276.768460741,58276.2674769,19.5967216,0.100545898,0,zg,226.8301689,55.7471637,1.86000001,-0.207000002,20180607267431,793,0xa,0x4,22.1599998,26.2752399,0.0242782552,-0.0837753937,1.20246814e-05,30,1.08200002,2,0.05263945206889319,58276.2674769,0.05263945206889319,19.596721600000002,19.596721600000002
165,793110400000661,52322856,2458277.7295145257,58277.2285648,19.5179901,0.0947060883,0,zg,226.8301687,55.7471756,1.24000001,0.00600000005,20180608228519,793,0xa,0x4,21.9899998,26.1894855,0.026137555,-0.069494471,1.42947683e-05,30,1.074,2,0.05659837469930949,58277.2285648,0.05659837469930949,19.5179901,19.5179901
166,793110400000661,52332553,2458277.8264786573,58277.3255324,19.5587101,0.0976885706,0,zg,226.8301551,55.747166,1.00899994,-0.0839999989,20180608325498,793,0xa,0x4,21.7399998,26.1972694,0.0258170292,-0.0831586123,1.37004017e-05,30,1.16700006,2,0.05451499291762404,58277.3255324,0.05451499291762404,19.558710100000006,19.558710100000006
167,793110400000661,52334346,2458277.844406211,58277.3434606,19.5334435,0.0958284289,0,zg,226.8301755,55.7471794,0.916000009,-0.0850000009,20180608343461,793,0xa,0x4,21.8899994,26.1910152,0.0258836076,-0.0797381997,1.36845683e-05,30,1.21200001,2,0.055798509739126353,58277.3434606,0.055798509739126353,19.533443499999997,19.533443499999997
168,793110400000661,52420621,2458278.7071301057,58278.2062153,19.4385529,0.0891187936,0,zg,226.8302048,55.7472224,0.379999995,-0.0219999999,20180609206181,793,0xa,0x4,21.4699993,26.2260132,0.0332773887,-0.0520713702,2.28366007e-05,30,1.08099997,2,0.060894608124735294,58278.2062153,0.060894608124735294,19.438552899999998,19.438552899999998
169,793110400000661,52421942,2458278.7203356354,58278.2194213,19.5882587,0.0999036506,0,zg,226.8301544,55.7471939,0.624000013,-0.0799999982,20180609219387,793,0xa,0x4,21.6900005,26.2317276,0.0280718822,-0.0606353097,1.63614895e-05,30,1.07500005,2,0.053051359786046054,58278.2194213,0.053051359786046054,19.588258700000004,19.588258700000004
170,793110400000661,52434491,2458278.845828816,58278.344919,19.5884056,0.0999147519,0,zg,226.8301667,55.7471852,1.16400003,-0.0140000004,20180609344884,793,0xa,0x4,21.8400002,26.2289982,0.0274295732,-0.0740068853,1.55565776e-05,30,1.22399998,2,0.05304418242792738,58278.344919,0.05304418242792738,19.58840560000001,19.58840560000001
171,793110400000661,52522853,2458279.7294081827,58279.2285301,19.6025333,0.100988984,0,zg,226.8301666,55.7471805,0.458000004,0.0529999994,20180610228495,793,0xa,0x4,22.0,26.2719269,0.0258031394,-0.0831995532,1.36594608e-05,30,1.07299995,2,0.05235843777796785,58279.2285301,0.05235843777796785,19.602533299999997,19.602533299999997
172,793110400000661,52529978,2458279.8006556057,58279.2997801,19.5985622,0.100686058,32768,zg,226.830138,55.7471766,0.763999999,0.0949999988,20180610299769,793,0xa,0x4,21.5300007,26.0440521,0.0483221225,-0.101264775,4.8059439e-05,30,1.12800002,1,0.05255029035875814,58279.2997801,0.05255029035875814,19.598562199999996,19.598562199999996
173,793110400000661,52530451,2458279.8053892315,58279.3045139,19.5685024,0.0984179452,32768,zg,226.8300351,55.7471686,1.14900005,0.101999998,20180610304479,793,0xa,0x4,21.2000008,25.9080105,0.0389009565,-0.0872072428,3.21300104e-05,30,1.13600004,2,0.054025530487415735,58279.3045139,0.054025530487415735,19.568502399999993,19.568502399999993
174,793110400000661,52532342,2458279.8243005476,58279.3234259,19.5029163,0.0936224312,0,zg,226.8301954,55.7471681,1.11199999,0.00300000003,20180610323345,793,0xa,0x4,21.6900005,26.2564697,0.0285291895,-0.0972188935,1.67282542e-05,30,1.17499995,2,0.05738963729557537,58279.3234259,0.05738963729557537,19.502916300000003,19.502916300000003
175,793110400000661,52624496,2458280.7458066554,58280.2449653,19.5588837,0.0977014974,0,zg,226.8301816,55.7471799,0.50999999,-0.00300000003,20180611244954,793,0xa,0x4,22.0599995,26.2782001,0.0251732301,-0.068018876,1.31843699e-05,30,1.07599998,2,0.05450627712995978,58280.2449653,0.05450627712995978,19.558883700000003,19.558883700000003
176,793110400000661,52626218,2458280.763028231,58280.2621875,19.5542908,0.0973609909,0,zg,226.830207,55.7471736,0.667999983,0.074000001,20180611262188,793,0xa,0x4,22.0599995,26.2776279,0.0255210362,-0.075057365,1.33650556e-05,30,1.08599997,2,0.0547373388987604,58280.2621875,0.0547373388987604,19.554290799999997,19.554290799999997
177,793110400000661,52627953,2458280.780377101,58280.279537,19.5094585,0.0940914005,0,zg,226.8302159,55.747152,0.652999997,0.00899999961,20180611279502,793,0xa,0x4,22.1299992,26.276823,0.0237908289,-0.0766536817,1.16158608e-05,30,1.10300004,2,0.057044870689419644,58280.279537,0.057044870689419644,19.5094585,19.5094585
178,793110400000661,52726994,2458281.770746217,58281.2699421,19.6095581,0.101526797,0,zg,226.8301972,55.747152,0.708999991,-0.0549999997,20180612269896,793,0xa,0x4,21.8199997,26.2614727,0.0260231588,-0.0691491365,1.40051006e-05,30,1.09599996,2,0.052020768054871824,58281.2699421,0.052020768054871824,19.609558100000008,19.609558100000008
179,793110400000661,52728633,2458281.7871345156,58281.286331,19.5224571,0.0950293094,0,zg,226.8301936,55.7471587,1.57700002,-0.00800000038,20180612286308,793,0xa,0x4,21.8099995,26.2494125,0.0268294234,-0.0622245334,1.49704256e-05,30,1.11600006,2,0.05636599269200155,58281.286331,0.05636599269200155,19.522457100000004,19.522457100000004
180,793110400000661,52826679,2458282.7675617146,58282.266794,19.59795,0.100639373,0,zg,226.8301551,55.7471811,0.381000012,-0.0560000017,20180613266725,793,0xa,0x4,21.9699993,26.2293377,0.0255014393,-0.0715910643,1.33388694e-05,30,1.09500003,1,0.05257992956515529,58282.266794,0.05257992956515529,19.597950000000004,19.597950000000004
181,793110400000661,52826770,2458282.76847598,58282.2677083,19.5844059,0.0996123999,0,zg,226.8301856,55.7471969,1.18200004,-0.119999997,20180613267708,793,0xa,0x4,21.8799992,26.2268105,0.0245739687,-0.0643123984,1.24523558e-05,30,1.09599996,2,0.053239950130238495,58282.2677083,0.053239950130238495,19.5844059,19.5844059
182,793110400000661,52828052,2458282.7812880087,58282.2805208,19.6089783,0.101482272,0,zg,226.8301509,55.7471838,0.538999975,0.0120000001,20180613280486,793,0xa,0x4,21.7600002,26.1454506,0.0271496382,-0.0673641562,1.5303578e-05,30,1.11199999,2,0.05204855537191332,58282.2805208,0.05204855537191332,19.608978299999997,19.608978299999997
183,793110400000661,52926538,2458283.7661129837,58283.2653819,19.5065689,0.0938839987,0,zg,226.8302069,55.7471787,1.11000001,-0.0350000001,20180614265382,793,0xa,0x4,22.1900005,26.2879639,0.0247224625,-0.0749614984,1.25608603e-05,30,1.09599996,2,0.057196893254750795,58283.2653819,0.057196893254750795,19.506568899999998,19.506568899999998
184,793110400000661,52928002,2458283.780753643,58283.2800231,19.544096,0.0966088921,0,zg,226.8301997,55.7471719,0.757000029,-0.0289999992,20180614279931,793,0xa,0x4,22.1100006,26.2945347,0.0251278728,-0.0863449872,1.28851343e-05,30,1.11399996,2,0.05525372985269125,58283.2800231,0.05525372985269125,19.544096000000003,19.544096000000003
185,793110400000661,52930061,2458283.8013431793,58283.3006134,19.5591049,0.0977179632,0,zg,226.8301704,55.7471656,1.36300004,0.0410000011,20180614300579,793,0xa,0x4,22.1000004,26.279583,0.0259516221,-0.0858288109,1.38795376e-05,30,1.14900005,2,0.054495173548490976,0.0,0.054495173548490976,19.5591049,19.5591049
186,793110400000661,53022611,2458284.726806794,58284.2261111,19.5578461,0.0976245254,0,zg,226.8301769,55.7471771,0.560000002,0.00300000003,20180615226076,793,0xa,0x4,21.8299999,26.2160549,0.0264440514,-0.0571909361,1.44862261e-05,30,1.074,2,0.05455839176486719,1.0,0.05455839176486719,19.5578461,19.5578461
187,793110400000661,53024273,2458284.74342658,58284.2427315,19.5090141,0.0940594524,0,zg,226.8301466,55.7471602,0.446999997,-0.0170000009,20180615242720,793,0xa,0x4,21.9799995,26.23526,0.0253928844,-0.0707997456,1.3354138e-05,30,1.08000004,2,0.05706822436341162,1.0,1.731182906098297,15.804142612066663,19.509014099999995
188,793110400000661,53026701,2458284.767708081,58284.2670139,19.5199261,0.0948460549,0,zg,226.8301452,55.7471532,0.746999979,-0.0270000007,20180615266968,793,0xa,0x4,21.8700008,26.2212658,0.0244107079,-0.0672321022,1.21778603e-05,30,1.10099995,2,0.05649754282258424,1.0,1.7306122245574698,15.804500582190535,19.5199261
189,793110400000661,53222706,2458286.7276817537,58286.2270602,19.6279106,0.102943249,0,zg,226.8301874,55.7472126,1.15900004,-0.0280000009,20180617227049,793,0xa,0x4,21.9400005,26.2832832,0.0255929045,-0.0728425458,1.34401871e-05,30,1.07599998,2,0.05114883660410304,3.0,1.7252635183389886,15.807861402462457,19.6279106
190,793110400000661,53224347,2458286.744093146,58286.2434722,19.5926743,0.100238316,0,zg,226.8302091,55.7471669,1.11600006,0.0379999988,20180617243472,793,0xa,0x4,22.1299992,26.2911263,0.0266668554,-0.0818331167,1.45672884e-05,30,1.08399999,2,0.05283604239744351,3.0,17.65954741198071,13.282551077348849,19.59267429999999
191,793110400000661,53225813,2458286.758756997,58286.2581366,19.6910152,0.107940115,0,zg,226.8301928,55.7471844,0.555999994,0.0460000001,20180617258125,793,0xa,0x4,21.9899998,26.3004837,0.0292709172,-0.092823796,1.7559747e-05,30,1.097,2,0.048260733685491254,3.0,17.654972103268758,13.282832410829386,19.691015200000002
192,793110400000661,53420747,2458288.7080245926,58288.2074769,19.6369419,0.103646375,0,zg,226.8301789,55.7471643,1.13800001,-0.150999993,20180619207431,793,0xa,0x4,21.5599995,26.2613106,0.0256928205,-0.0527217537,1.35533346e-05,30,1.07299995,2,0.050725138324175786,5.0,17.65743650790744,13.282680866743384,19.636941900000004
193,793110400000661,53422563,2458288.7261836147,58288.2256366,19.432003,0.0886716545,0,zg,226.8301975,55.7471492,0.746999979,0.111000001,20180619225590,793,0xa,0x4,21.6700001,26.273407,0.0251262449,-0.064678371,1.29863629e-05,30,1.07700002,2,0.06126307616801731,5.0,25.465615902259366,12.885114539175227,19.432003
194,793110400000661,53422793,2458288.7284867256,58288.2279398,19.4602165,0.0906124488,0,zg,226.8301724,55.7471733,0.802999973,-0.0869999975,20180619227940,793,0xa,0x4,21.7199993,26.2686367,0.0240339488,-0.0656602904,1.19894985e-05,30,1.07799995,1,0.05969162473065718,5.0,25.464044450822005,12.88518154067134,19.460216499999994
195,793110400000661,53435832,2458288.858863811,58288.3583218,19.532835,0.0957840607,0,zg,226.8302235,55.7470876,1.25300002,0.0970000029,20180619358310,793,0xa,0x4,21.1299992,26.23489,0.0315528214,-0.075028412,2.14146985e-05,30,1.37800002,2,0.05582979073480576,5.0,25.460182616826152,12.885346214078695,19.532835
196,793110400000661,53518600,2458289.686517942,58289.1860069,19.5857506,0.0997139812,0,zg,226.8301864,55.7471666,1.046,-0.00300000003,20180620185972,793,0xa,0x4,21.3299999,26.2232018,0.0311872233,-0.0332803763,2.10817871e-05,30,1.07599998,2,0.053174052497638555,6.0,25.457526878588986,12.88545947255735,19.585750600000004
197,793110400000661,53519778,2458289.6982999947,58289.1977894,19.5564365,0.0975199416,0,zg,226.8300575,55.7471879,0.792999983,-0.128000006,20180620197743,793,0xa,0x4,21.1399994,26.2388992,0.0300193224,-0.0386342481,1.92134685e-05,30,1.07299995,2,0.05462927035684605,6.0,26.94501335535801,12.8238039920221,19.556436499999997
198,793110400000661,53536423,2458289.8647404066,58289.3642361,19.6035805,0.101068959,0,zg,226.8302137,55.7471913,0.800000012,-0.0160000008,20180620364201,793,0xa,0x4,21.6499996,26.2063541,0.0283600315,-0.0510513894,1.66665432e-05,30,1.41999996,2,0.052307962052406974,6.0,26.942692047053573,12.823897532040228,19.6035805
199,793110400000661,53619692,2458290.697394393,58290.1969213,19.5635319,0.0980471224,0,zg,226.8302572,55.7471606,1.07200003,-0.023,20180621196910,793,0xa,0x4,20.8799992,26.2060661,0.0334287509,-0.0270952079,2.57067441e-05,30,1.07299995,2,0.054273426349437257,7.0,26.944657511350602,12.823818330677945,19.563531900000008
200,793110400000661,53622804,2458290.728515916,58290.228044,19.5818214,0.0994174555,0,zg,226.8301361,55.7471818,0.559000015,0.0649999976,20180621228021,793,0xa,0x4,21.2299995,26.2093525,0.0294268951,-0.0271525886,1.81439173e-05,30,1.08099997,2,0.053366834129597425,7.0,27.60006443004378,12.797724760273567,19.581821400000003
201,793110400000661,53820533,2458292.705733053,58292.2053356,19.5219727,0.0949942395,0,zg,226.8301787,55.7471963,0.822000027,-0.136999995,20180623205336,793,0xa,0x4,21.2199993,26.2635002,0.0313895158,-0.0488454476,2.14796655e-05,30,1.07299995,2,0.05639114592756766,9.0,27.60308874184175,12.79760579588011,19.5219727
202,793110400000661,53822365,2458292.724054156,58292.2236574,19.8170013,0.118498743,0,zg,226.8300814,55.7472107,0.470999986,0.0170000009,20180623223646,793,0xa,0x4,20.9699993,26.2565155,0.0324022062,-0.0408865213,2.35792068e-05,30,1.08099997,2,0.04297337666141135,9.0,27.507055807715396,12.801389728577753,19.81700130000001
203,793110400000661,53834320,2458292.8435982093,58292.343206,19.6525764,0.104873069,0,zg,226.8301867,55.7471807,0.813000023,-0.122000001,20180623343206,793,0xa,0x4,20.9599991,26.2209625,0.0317829102,-0.0386112109,2.28722784e-05,30,1.35800004,2,0.049999935028456476,9.0,27.51408236608244,12.801112417380324,19.652576400000008
204,793110400000661,53918482,2458293.685186879,58293.1848264,19.35079,0.0832952857,0,zg,226.8302136,55.7471516,0.547999978,-0.0979999974,20180624184792,793,0xa,0x4,20.6499996,26.2752991,0.0317118205,-0.0385197401,2.58544515e-05,30,1.07299995,2,0.06602128911479678,10.0,27.530103720168782,12.80048038097798,19.350789999999996
205,793110400000661,53919626,2458293.6966216434,58293.1962616,19.49823,0.0932878107,0,zg,226.8301291,55.7471599,0.754000008,-0.0590000004,20180624196250,793,0xa,0x4,20.4599991,26.2747459,0.0424801074,-0.0457681678,5.05614917e-05,30,1.07200003,2,0.057637880200252546,10.0,27.079437708490193,12.818400894523663,19.49823
206,793110400000661,53921444,2458293.7148037557,58293.2144444,19.6155567,0.101987958,0,zg,226.8300817,55.7471422,0.963999987,-0.409999996,20180624214433,793,0xa,0x4,20.4799995,26.2670593,0.0319885053,-0.0382789448,2.92562963e-05,30,1.07799995,2,0.05173415024337807,10.0,27.073533978533316,12.818637627363358,19.615556700000006
207,793110400000661,54019987,2458294.7001948054,58294.1998727,19.5491371,0.0969801769,0,zg,226.8301697,55.7471795,0.356999993,0.0540000014,20180625199838,793,0xa,0x4,20.9500008,26.2866344,0.0339014493,-0.0497605316,2.57394095e-05,30,1.07299995,2,0.05499778007143421,11.0,27.076797608361375,12.81850675314842,19.549137100000003
208,793110400000661,54020078,2458294.701109075,58294.200787,19.4752235,0.0916603357,0,zg,226.8302122,55.7471427,0.836000025,-0.122000001,20180625200775,793,0xa,0x4,20.9699993,26.2617207,0.0325612165,-0.0319306143,2.42878286e-05,30,1.074,1,0.058872245371227754,11.0,26.48397711810837,12.842541990041624,19.47522349999999
209,793110400000661,54022476,2458294.7250896604,58294.2247685,19.5826149,0.0994772241,0,zg,226.8301385,55.7471847,0.832000017,-0.00499999989,20180625224734,793,0xa,0x4,20.9300003,26.2761269,0.0297096055,-0.052316349,2.10145026e-05,30,1.08599997,2,0.053327845734288955,11.0,26.47843271847143,12.842769311851946,19.582614900000003
210,793110400000661,54118763,2458295.687923634,58295.1876389,19.4920292,0.0928466097,0,zg,226.8303121,55.747172,0.59799999,-0.023,20180626187639,793,0xa,0x4,20.7600002,26.237381,0.0341785289,-0.0280649569,2.89041163e-05,30,1.07200003,2,0.05796800044174494,12.0,26.483072873178887,12.842579061068164,19.492029199999998
211,793110400000661,54120309,2458295.7033744417,58295.2030903,19.3925743,0.0860227495,0,zg,226.8301545,55.7471829,0.774999976,-0.130999997,20180626203079,793,0xa,0x4,20.7399998,26.2240009,0.0343199261,-0.0215116777,3.02852513e-05,30,1.07500005,2,0.06352874558463592,12.0,25.788671117413084,12.87142759087888,19.3925743
212,793110400000661,54122229,2458295.722575119,58295.2222917,19.5392265,0.0962514281,0,zg,226.8302418,55.7471459,0.989000022,0.057,20180626222257,793,0xa,0x4,20.4099998,26.2336521,0.0331457742,-0.0179540981,3.28503556e-05,30,1.08599997,2,0.055502098009416745,12.0,25.780644469837863,12.871765575660966,19.539226500000005
213,793110400000661,54219922,2458296.6994709237,58296.1992245,19.5700722,0.0985353068,0,zg,226.8303225,55.7472015,0.419,-0.0860000029,20180627199213,793,0xa,0x4,20.1900005,26.2509174,0.039141424,-0.0210515708,5.22784758e-05,30,1.07500005,2,0.053947474697588725,13.0,25.779089846526034,12.871831049652926,19.57007219999999
214,793110400000661,54418496,2458298.6851364635,58298.1849653,19.6263428,0.102821618,0,zg,226.8301476,55.7472901,0.537,-0.104999997,20180629184954,793,0xa,0x4,20.5900002,26.2903175,0.0323309377,-0.102695018,2.83523641e-05,30,1.07200003,2,0.05122274873068427,15.0,25.00927794992852,12.904747116824126,19.626342799999996
215,793110400000661,54420444,2458298.704614839,58298.2044444,19.4984608,0.0933042988,0,zg,226.8302675,55.7471508,0.834999979,-0.0879999995,20180629204444,793,0xa,0x4,20.7399998,26.254509,0.0325407349,-0.0622780137,2.65703093e-05,30,1.079,2,0.057625629149886295,15.0,23.377909260559612,12.977985828444744,19.498460799999997
216,793110400000661,54422528,2458298.7254590457,58298.2252894,19.5217285,0.0949765369,0,zg,226.8302065,55.7471206,0.782000005,0.0850000009,20180629225278,793,0xa,0x4,20.8899994,26.265871,0.035840597,-0.070048064,3.01739765e-05,30,1.09599996,2,0.05640383065385949,15.0,23.376687462063586,12.978042573704258,19.521728500000002
217,793110400000661,54620190,2458300.702004445,58300.2019097,19.5442104,0.0966173038,0,zg,226.8301928,55.747173,0.709999979,-0.0829999968,20180701201910,793,0xa,0x4,21.8299999,26.2143517,0.0273948163,-0.0996109024,1.54021927e-05,30,1.08099997,2,0.055247908278658886,17.0,23.375531539688385,12.978096262140859,19.544210400000004
218,793110400000661,54622094,2458300.7210431183,58300.2209491,19.524704,0.0951922759,0,zg,226.8301407,55.7471757,1.10099995,-0.126000002,20180701220903,793,0xa,0x4,21.3400002,26.1759872,0.0281836633,-0.0809674188,1.66571699e-05,30,1.09800005,1,0.05624946549985516,17.0,21.705478203334508,13.058576603947948,19.524704000000007
219,793110400000661,54622185,2458300.721945884,58300.2218519,19.5715237,0.0986438692,0,zg,226.8301063,55.7471563,0.81400001,0.0670000017,20180701221852,793,0xa,0x4,21.3299999,26.1848221,0.0304470528,-0.0835684612,1.95428347e-05,30,1.09899998,2,0.05387540153614366,17.0,21.703104139370794,13.058695364205079,19.571523699999993
220,793110400000661,54630609,2458300.8061902714,58300.3060995,19.3561573,0.0836411193,0,zg,226.8302681,55.7471179,0.361999989,-0.00300000003,20180701306076,793,0xa,0x4,20.8999996,26.1689415,0.0347417146,-0.0689790174,2.85996175e-05,30,1.29499996,2,0.06569572049928857,17.0,21.71492445833394,13.058104192796264,19.3561573
221,793110400000661,54819655,2458302.6965701394,58302.1965509,19.5481987,0.0969109833,0,zg,226.8301604,55.7472126,0.975000024,-0.0410000011,20180703196539,793,0xa,0x4,21.5,26.2276974,0.027728077,-0.0352960788,1.6090773e-05,30,1.08099997,2,0.05504533510939218,19.0,21.70427407294404,13.05863683778444,19.548198699999993
222,793110400000661,55020121,2458304.701158824,58304.2012153,19.54986,0.0970334858,0,zg,226.8302208,55.7471771,0.652999997,-0.0350000001,20180705201204,793,0xa,0x4,22.0100002,26.1953754,0.0236949679,-0.072969608,1.15417452e-05,30,1.08800006,2,0.05496117388453115,21.0,20.075364397194075,13.143341407245956,19.549860000000002
223,793110400000661,55021629,2458304.716239252,58304.2162963,19.6107178,0.101615839,0,zg,226.8301997,55.7471653,1.28199995,-0.150000006,20180705216215,793,0xa,0x4,21.9899998,26.2072296,0.0248734597,-0.0844219252,1.26405776e-05,30,1.10399997,1,0.051965233131388296,21.0,18.52622211305024,13.230532833614845,19.610717799999996
224,793110400000661,55021724,2458304.717188315,58304.2172454,19.5589962,0.0977098197,0,zg,226.8302014,55.7471879,0.414999992,0.00400000019,20180705217222,793,0xa,0x4,21.9899998,26.2085056,0.022859659,-0.0747386664,1.06690513e-05,30,1.10599995,2,0.05450062968219499,21.0,18.528757509601046,13.230384255914302,19.558996200000003
225,793110400000661,55030600,2458304.8059464316,58304.3060069,19.5152473,0.0945080742,0,zg,226.8301673,55.7471686,0.368999988,-0.0390000008,20180705305984,793,0xa,0x4,21.6700001,26.1796551,0.0273477677,-0.0971303955,1.54338395e-05,30,1.33800006,2,0.056741534952005214,21.0,18.530998414870858,13.23025295272975,19.51524729999999
226,793110400000661,55321922,2458307.7190545117,58307.2192245,19.613945,0.101863876,0,zg,226.8302079,55.7471679,0.836000025,0.0670000017,20180708219190,793,0xa,0x4,22.0300007,26.1171913,0.0271008108,-0.0691436082,1.48626186e-05,30,1.12,1,0.05181100302407488,24.0,18.526067882942925,13.230541872365826,19.613944999999994
227,793110400000661,55419626,2458308.696055034,58308.1962616,19.5511436,0.0971282795,0,zg,226.8302226,55.7472153,0.694999993,0.0500000007,20180709196227,793,0xa,0x4,21.8500004,26.0380878,0.0259471424,-0.0630329773,1.41237251e-05,30,1.09399998,2,0.05489623501953493,25.0,16.404559582973757,13.362588561815947,19.551143599999996
228,793110400000661,55421297,2458308.7127673086,58308.2129745,19.6060696,0.101259373,0,zg,226.8301978,55.7471571,0.541999996,-0.057,20180709212928,793,0xa,0x4,22.0,26.1420937,0.0269934703,-0.0683610663,1.51394743e-05,30,1.11500001,2,0.05218818100677626,25.0,15.74869136928055,13.40688881971964,19.606069600000005
229,793110400000661,55438625,2458308.886036236,58308.38625,19.5476303,0.0968690738,0,zg,226.8301791,55.7471706,0.702000022,0.0280000009,20180709386227,793,0xa,0x4,21.1599998,25.8032131,0.0331803001,-0.0399281643,2.3398743e-05,30,2.03200006,2,0.055074159753525496,25.0,15.751577348027299,13.406689874647242,19.5476303
230,793110400000661,55724208,2458311.741763365,58311.2420833,19.521656,0.0949712694,0,zg,226.8301145,55.7471773,0.996999979,-0.0560000017,20180712242037,793,0xa,0x4,21.5799999,25.9061203,0.0310778096,-0.0573415123,2.01511975e-05,30,1.18700004,1,0.056407597143581775,28.0,15.752910785417354,13.406597966393036,19.521656
231,793110400000661,56117587,2458315.6754152337,58315.1758796,19.4515476,0.0900120586,0,zg,226.8301027,55.7471877,1.023,0.112000003,20180716175833,793,0xa,0x4,21.0699997,26.0456238,0.0328900963,-0.0286614858,2.40020654e-05,30,1.09200001,2,0.060170131412697184,32.0,13.960212890780761,13.53776989687055,19.451547600000005
232,793110400000661,56117679,2458315.676329609,58315.176794,19.5573311,0.0975863189,0,zg,226.8302852,55.7471954,0.935000002,-0.061999999,20180716176782,793,0xa,0x4,21.1599998,26.0473919,0.0332391635,-0.0286442414,2.44798703e-05,30,1.09300005,1,0.054584276723373605,32.0,11.913561577045826,13.709895965304447,19.557331099999992
233,793110400000661,56518013,2458319.6795304148,58319.1801389,19.5632515,0.0980262607,0,zg,226.8301641,55.7472708,0.54400003,0.00300000003,20180720180116,793,0xa,0x4,20.4699993,26.1927528,0.0363123044,-0.00512013119,3.68737601e-05,30,1.10899997,1,0.054287444703039915,36.0,11.913264745025492,13.70992301727241,19.5632515
234,793110400000661,56718166,2458321.680987487,58321.1816667,19.3653202,0.084234491,0,zg,226.8302178,55.7473684,0.941999972,-0.0560000017,20180722181632,793,0xa,0x4,20.0300007,26.0538349,0.0407391712,-0.0133053428,6.12603981e-05,30,1.12,2,0.06514362473435575,38.0,10.234195439736048,13.8748657341933,19.365320200000006
235,793110400000661,56719858,2458321.6979081924,58321.198588,19.6822739,0.107236236,0,zg,226.8302001,55.7472391,0.67900002,-0.143999994,20180722198576,793,0xa,0x4,20.4500008,26.0887718,0.03389493,-0.00929786731,3.32506534e-05,30,1.14999998,2,0.048650850849467256,38.0,9.48540604508412,13.957360183455165,19.682273900000006
236,793110400000661,56818231,2458322.681600593,58322.1823148,19.6142845,0.101890035,0,zg,226.8301853,55.7472294,1.41999996,-0.164000005,20180723182303,793,0xa,0x4,20.8099995,26.2507744,0.0352759771,-0.0175381284,2.94972124e-05,30,1.125,2,0.051794804719509854,39.0,9.488549998954163,13.95700037398094,19.614284500000004
237,793110400000661,56928478,2458323.7840275867,58323.2847801,19.4999733,0.0934121385,0,zg,226.8303116,55.7471742,0.264999986,0.0240000002,20180724284769,793,0xa,0x4,20.5499992,26.096529,0.0387742594,-0.0197831113,4.22708836e-05,30,1.49600005,2,0.057545408850498,40.0,9.153184577554502,13.996069449577952,19.4999733
238,793110400000661,57026748,2458324.7667020448,58324.2674884,19.4836445,0.0922530815,0,zg,226.8300754,55.7471511,0.861999989,0.141000003,20180725267488,793,0xa,0x4,20.3500004,26.1578407,0.0429095253,-0.0517158955,5.71597302e-05,30,1.41400003,2,0.05841739679884897,41.0,8.82851949193848,14.03528029949063,19.483644500000004
239,793110400000661,57027884,2458324.7780558593,58324.2788426,19.3607483,0.083937943,0,zg,226.8303149,55.7471983,0.68900001,-0.0489999987,20180725278843,793,0xa,0x4,20.0400009,26.1420116,0.0428394414,-0.021120593,6.65545522e-05,30,1.477,2,0.06541851478639744,41.0,8.524774517305092,14.073292748488292,19.360748300000004
240,793110400000661,57317607,2458327.6751915,58327.1760764,19.5721645,0.0986918882,0,zg,226.8301907,55.7472411,0.615999997,0.0560000017,20180728176076,793,0xa,0x4,20.4099998,26.1476517,0.039345067,-0.0247097258,4.61515192e-05,30,1.13800001,2,0.05384361373046945,44.0,8.513199616249164,14.074767958038173,19.572164500000007
241,793110400000661,57319402,2458327.6931423005,58327.1940278,19.3162251,0.0811003819,0,zg,226.8302809,55.7471569,0.400000006,-0.0920000002,20180728194016,793,0xa,0x4,20.4099998,26.117672,0.0350466333,-0.0288785361,4.25626167e-05,30,1.176,2,0.06815692054835434,44.0,7.676676241025332,14.187066937756398,19.316225100000004
242,793110400000661,57727670,2458331.77568178,58331.2767014,19.5313358,0.0956746787,0,zg,226.8302221,55.7472247,0.656000018,0.0869999975,20180801276667,793,0xa,0x4,20.4400005,26.0344887,0.0374274179,-0.00530955475,4.19258977e-05,30,1.58800006,1,0.055906934552613356,48.0,7.664426255029591,14.188800875214092,19.5313358
243,793110400000661,57817947,2458332.678430713,58332.1794792,19.5686932,0.0984321982,0,zg,226.8301624,55.7472251,0.43599999,0.0390000008,20180802179398,793,0xa,0x4,21.2700005,26.1447449,0.031124521,-0.022156721,2.11461684e-05,30,1.17400002,2,0.05401603723713089,49.0,6.693517168351618,14.335864045856617,19.568693200000006
244,793110400000661,57819516,2458332.694113009,58332.195162,19.6873856,0.107647374,0,zg,226.830187,55.74718,1.39199996,-0.0680000037,20180802195162,793,0xa,0x4,21.6000004,26.1465511,0.0292088278,-0.042392917,1.8010287e-05,30,1.21500003,2,0.0484223385719809,49.0,6.4713252186489605,14.372516935031271,19.687385599999992
245,793110400000661,57821561,2458332.714563748,58332.2156134,19.7060242,0.109157339,0,zg,226.8302071,55.7471993,0.519999981,0.0250000004,20180802215602,793,0xa,0x4,21.6499996,26.1103973,0.02720882,-0.0353084132,1.55526013e-05,30,1.28199995,2,0.04759817703800543,49.0,6.470501057114985,14.372655218763128,19.706024199999995
246,793110400000661,58317486,2458337.6736578383,58337.1748611,19.5152016,0.0945048034,0,zg,226.8302603,55.7471936,1.12899995,-0.0419999994,20180807174861,793,0xa,0x4,21.6599998,26.1975803,0.0262700692,-0.0431333818,1.43785319e-05,30,1.19599998,1,0.056743923324714195,54.0,6.479646803401694,14.37112166569164,19.515201600000005
247,793110400000661,58917497,2458343.6736006457,58343.1749769,19.5133591,0.0943719745,0,zg,226.8301709,55.7472037,0.393000007,-0.0199999996,20180813174977,793,0xa,0x4,21.3400002,26.1406307,0.02929263,-0.049851466,1.79031304e-05,30,1.24399996,1,0.05684029981100422,60.0,5.5263083906137505,14.543912208336693,19.513359099999995
248,793110400000661,59215263,2458346.651182628,58346.1526389,19.5269699,0.0953568891,0,zg,226.8300866,55.7472528,0.665000021,-0.210999995,20180816152639,793,0xa,0x4,20.7399998,26.135273,0.0343998671,-0.010351385,3.13654273e-05,30,1.20099998,1,0.056132196905833424,63.0,4.614957150411476,14.739580817541125,19.526969900000005
249,793110400000661,59515162,2458349.6500877445,58349.1516204,19.5996838,0.100771546,0,zg,226.8302926,55.747192,0.89200002,-0.0970000029,20180819151551,793,0xa,0x4,20.9400005,26.1393433,0.0342312157,-0.0267935824,2.74302001e-05,30,1.22099996,1,0.052496032268963516,66.0,4.231565139932057,14.833747423221176,19.5996838
250,793110400000661,59515253,2458349.6510020127,58349.1525347,19.762867,0.11386741,32768,zg,226.8301313,55.7472499,0.54400003,-0.00400000019,20180819152523,793,0xa,0x4,20.4799995,26.2325382,0.0361519828,-0.168738335,4.188608e-05,30,1.22399998,2,0.045170323406929065,66.0,3.88590656706187,14.926269114524118,19.762866999999993
251,793110400000661,59517393,2458349.672401972,58349.1739352,19.6236401,0.102612212,0,zg,226.8301204,55.7472024,1.01199996,0.0480000004,20180819173889,793,0xa,0x4,20.9799995,26.1215096,0.0306651238,-0.0299964715,2.12388113e-05,30,1.29799998,2,0.05135041526052495,66.0,3.892086658915466,14.92454374637547,19.623640099999996
252,793110400000661,59519620,2458349.6946699126,58349.1962037,19.5842323,0.0995992646,0,zg,226.8301952,55.747164,0.5,-0.0189999994,20180819196169,793,0xa,0x4,21.0300007,26.1124725,0.0324128009,-0.0172468238,2.35991192e-05,30,1.398,2,0.05324846342677975,66.0,3.893984707081721,14.924014396063505,19.584232300000004
253,793110400000661,59624106,2458350.7395054135,58350.2410648,19.4987946,0.0933281034,0,zg,226.8301756,55.7472,0.310000002,0.00400000019,20180820241065,793,0xa,0x4,20.8500004,26.0885658,0.03359171,-0.00998261478,2.79238066e-05,30,1.71899998,2,0.0576079153826314,67.0,3.8983441590375727,14.922799556341893,19.498794600000004
254,793110400000661,59625927,2458350.7577109626,58350.2592708,19.4114475,0.0872815177,0,zg,226.8302207,55.7472235,0.777999997,-0.234999999,20180820259271,793,0xa,0x4,20.6599998,26.048645,0.0343339294,-0.0135117359,3.08222516e-05,30,1.898,2,0.062433976991011164,67.0,3.798631647402115,14.950932044644851,19.4114475
255,793110400000661,59724210,2458351.7405231255,58351.2421065,19.8497925,0.121372342,0,zg,226.8302012,55.747196,0.941999972,-0.105999999,20180821242083,793,0xa,0x4,20.8899994,26.1257133,0.0344004445,-0.0402178168,2.80587483e-05,30,1.75300002,2,0.04169490608937845,68.0,3.777892576500482,14.956875988253799,19.8497925
256,793110400000661,59725819,2458351.756610632,58351.2581944,19.4911957,0.0927874669,0,zg,226.8301852,55.7472228,0.671000004,0.0340000018,20180821258183,793,0xa,0x4,20.8099995,26.0773983,0.0353730395,-0.0228945706,2.9837398e-05,30,1.91700006,2,0.05801251851039506,68.0,3.693482136012286,14.981409992893568,19.4911957
257,793110400000661,59815752,2458352.6559182773,58352.1575231,19.5240059,0.0951415896,0,zg,226.8301349,55.7471345,0.703999996,-0.195999995,20180822157512,793,0xa,0x4,20.3999996,26.1209736,0.0374399126,-0.0267282147,4.20058095e-05,30,1.26699996,2,0.05628564406557727,69.0,3.691755261567468,14.98191774370482,19.5240059
258,793110400000661,59817747,2458352.675871601,58352.1774769,19.5008736,0.0934764892,0,zg,226.8300853,55.7472297,0.620000005,-0.0149999997,20180822177477,793,0xa,0x4,20.6800003,26.0862312,0.0351921842,-0.0249615069,3.17100967e-05,30,1.347,2,0.05749771157609032,69.0,3.595878925541088,15.010487348836605,19.5008736
259,793110400000661,60513856,2458359.6368104173,58359.1385648,19.4196548,0.0878341049,0,zg,226.8301539,55.7472396,1.171,-0.143999994,20180829138542,793,0xa,0x4,20.5799999,25.7804565,0.0390171818,-0.0317621753,4.27044361e-05,30,1.26800001,2,0.06196380520723062,76.0,3.6003450191722286,15.009139697565892,19.419654799999996
260,793110400000661,60514146,2458359.6397154564,58359.1414699,19.6133537,0.10181839,32768,zg,226.83013,55.7471657,0.305999994,-0.0439999998,20180829141435,793,0xa,0x4,20.9200001,25.8462086,0.0600656383,-0.0303716213,8.83708635e-05,30,1.27900004,1,0.05183922736597564,76.0,2.9999052713926195,15.20723114716835,19.613353699999998
261,793110400000661,60715541,2458361.6536239963,58361.1554167,19.5541801,0.0973527804,0,zg,226.8301643,55.7471887,1.37300003,-0.197999999,20180831155405,793,0xa,0x4,21.25,26.2391891,0.0312712304,-0.0457629114,2.01320072e-05,30,1.36199999,2,0.054742920118493556,78.0,3.0028089641451374,15.206180740811782,19.554180100000004
262,793110400000661,60718238,2458361.680591084,58361.1823843,19.4780884,0.0918615833,0,zg,226.8302142,55.747122,1.403,0.156000003,20180831182373,793,0xa,0x4,21.4200001,26.2155933,0.0291118808,-0.0442775041,1.75944097e-05,30,1.50399995,2,0.05871710569046679,78.0,2.862920928823524,15.257976616542088,19.478088399999997
263,793110400000661,60721356,2458361.7117709885,58361.2135648,19.5045242,0.0937375203,0,zg,226.8301705,55.7471846,0.985000014,-0.172999993,20180831213542,793,0xa,0x4,21.1800003,26.179575,0.0309354514,-0.0381165035,2.05808756e-05,30,1.73300004,2,0.05730471012509663,78.0,2.861508533258154,15.258512386627835,19.5045242
264,793110400000661,60821451,2458362.712701946,58362.2145139,19.6481819,0.104527086,0,zg,226.8300568,55.7472086,0.783999979,0.0140000004,20180901214387,793,0xa,0x4,20.7199993,26.1823559,0.0329980291,-0.0483651981,2.62316607e-05,30,1.76600003,1,0.05020271907507257,79.0,2.8544065422081295,15.261210429784562,19.648181900000004
265,793110400000661,61121841,2458365.716551463,58365.2184144,19.4887447,0.0926136971,0,zg,226.8302182,55.7471699,1.01199996,0.0719999969,20180904218380,793,0xa,0x4,21.3400002,26.0721359,0.0272091925,-0.0424832143,1.54709051e-05,30,1.88499999,1,0.058143627057127126,82.0,2.793985103167855,15.284439784413976,19.488744700000005
266,793110400000661,61220590,2458366.704024259,58366.2059028,19.5684414,0.0984133929,0,zg,226.8302483,55.747165,1.09800005,-0.00999999978,20180905205868,793,0xa,0x4,21.4400005,26.1686382,0.0298316758,-0.0817517936,1.85048502e-05,30,1.78699994,2,0.054028565893183236,83.0,2.5979118447028404,15.363438974967202,19.568441400000005
267,793110400000661,61221502,2458366.71314441,58366.2150231,19.5026588,0.0936040208,0,zg,226.8302171,55.7471905,0.874000013,-0.0430000015,20180905214977,793,0xa,0x4,21.2800007,26.1549854,0.0374525636,-0.0825702995,2.96612252e-05,30,1.87800002,2,0.05740324979562726,83.0,2.5413848336385425,15.387323915423103,19.5026588
268,793110400000661,61419865,2458368.6967491168,58368.1986574,19.6122169,0.101730958,0,zg,226.8302209,55.7471556,0.50999999,0.00600000005,20180907198623,793,0xa,0x4,21.4200001,26.1444187,0.029332744,-0.0652012154,1.80185089e-05,30,1.77100003,2,0.051893533094568754,85.0,2.535875116937484,15.389680344405157,19.6122169
269,793110400000661,61419957,2458368.6976635014,58368.1995718,19.499094,0.0933494419,0,zg,226.8301736,55.747188,1.00199997,-0.0930000022,20180907199572,793,0xa,0x4,21.3199997,26.1403542,0.0300621595,-0.053797543,1.86245888e-05,30,1.77900004,1,0.05759203175279445,85.0,2.427414419405459,15.437140181443958,19.499094000000007
270,793110400000661,61422219,2458368.7202904588,58368.2221991,19.5149345,0.0944855511,0,zg,226.8301622,55.7471224,1.16600001,0.0439999998,20180907222164,793,0xa,0x4,21.2000008,26.1226196,0.0321705602,-0.0674258396,2.18040041e-05,30,2.02099991,2,0.05675788451187349,85.0,2.4265802721645384,15.437513343726174,19.514934500000003
271,793110400000661,61522505,2458369.7231352115,58369.2250579,19.5873585,0.0998354554,0,zg,226.8302262,55.7472013,0.372999996,-0.0289999992,20180908224988,793,0xa,0x4,21.25,26.0550613,0.0313854367,-0.0640395582,2.10083908e-05,30,2.09200001,2,0.05309536369536831,86.0,2.422917751348033,15.439153320560031,19.5873585
272,793110400000661,61617516,2458370.6732265987,58370.175162,19.4395962,0.0891901925,0,zg,226.8301968,55.7471715,0.656000018,-0.0710000023,20180909175150,793,0xa,0x4,21.1200008,26.1829929,0.0414512381,-0.0559126772,3.57638746e-05,30,1.62100005,2,0.060836121698614014,87.0,2.3762533529130354,15.46026814333245,19.439596200000004
273,793110400000661,61619662,2458370.6946847034,58370.1966204,19.6817169,0.107191533,0,zg,226.8302185,55.7471784,0.74000001,0.0260000005,20180909196586,793,0xa,0x4,21.1800003,26.1616039,0.0300204102,-0.0638903826,1.94466029e-05,30,1.80299997,2,0.048675815915549356,87.0,2.3113781359661503,15.490322497910206,19.681716900000005
274,793110400000661,61720031,2458371.698363954,58371.2003125,19.5560799,0.0974935144,0,zg,226.8302795,55.7471527,0.49000001,-0.00600000005,20180910200220,793,0xa,0x4,21.3099995,26.2104568,0.0313217454,-0.109842807,2.0626223e-05,30,1.86699998,1,0.05464721578154263,88.0,2.3173495358321436,15.487521136895246,19.556079900000007
275,793110400000661,61820832,2458372.7063609706,58372.2083218,19.4794788,0.0919593796,0,zg,226.8302051,55.7471922,0.818000019,-0.0780000016,20180911208299,793,0xa,0x4,21.1299992,26.1524849,0.0320730731,-0.0616190732,2.22031777e-05,30,1.98599994,2,0.0586419603547882,89.0,2.2702540952580086,15.509813830593522,19.479478800000003
276,793110400000661,61919981,2458373.697842519,58373.1998148,19.4851704,0.0923608467,0,zg,226.8301416,55.7472296,0.991999984,-0.0790000036,20180912199792,793,0xa,0x4,20.8999996,26.1764965,0.0326175727,-0.0807650685,2.39396395e-05,30,1.91999996,2,0.058335354313382506,90.0,2.220419521399069,15.533912407774615,19.48517040000001
277,793110400000661,62019754,2458374.695563114,58374.1975463,19.5128555,0.0943357497,0,zg,226.83017,55.747189,0.805000007,-0.136000007,20180913197488,793,0xa,0x4,21.1599998,26.1586266,0.0311965328,-0.0656067654,2.04427743e-05,30,1.92499995,1,0.056866670318352124,91.0,2.1709254306729684,15.558387734781085,19.512855499999993
278,793110400000661,62415431,2458378.652296901,58378.1543171,19.4887314,0.0926127732,0,zg,226.8301979,55.7471998,1.23399997,-0.0890000015,20180917154294,793,0xa,0x4,21.2999992,26.180584,0.0293745063,-0.0467122644,1.86813249e-05,30,1.62899995,2,0.05814433930654221,95.0,2.1256233014978645,15.581284244376839,19.4887314
279,793110400000661,62417460,2458378.6725861193,58378.1746065,19.5741806,0.098842971,0,zg,226.8301675,55.7471551,1.13900006,0.191,20180917174537,793,0xa,0x4,21.1499996,26.1724815,0.0302586611,-0.0616829693,2.00212544e-05,30,1.801,2,0.05374372447133317,95.0,1.9483075258604001,15.67585622972772,19.5741806
280,793110400000661,62717534,2458381.673305436,58381.1753472,19.4391804,0.0891617984,0,zg,226.8301069,55.7471454,0.597000003,-0.0560000017,20180920175324,793,0xa,0x4,20.4400005,26.1456375,0.0366503857,-0.0714769065,4.11062065e-05,30,1.89199996,1,0.06085942432368782,98.0,1.9554232257127546,15.671898076873397,19.439180400000005
281,793110400000661,63513233,2458389.630267825,58389.132338,19.8737259,0.123501733,0,zg,226.8301844,55.7471499,0.86500001,0.0309999995,20180928132222,793,0xa,0x4,21.1499996,25.8967686,0.0431801081,-0.0602412969,4.10553148e-05,30,1.69200003,1,0.04078586148759574,106.0,1.8184058170642228,15.750772969941586,19.873725900000004
282,1827101200004651,72853991,2458483.0401475867,58482.539919,19.8969212,0.10276819,0,zg,226.830214,55.7471592,0.63499999,0.0240000002,20181230539907,1827,0x1,0x2,21.0799999,26.2254143,0.0339677855,-0.0610245802,2.36054384e-05,30,1.29400003,2,0.03992376770527143,199.0,1.550289895458295,15.923967709048718,19.8969212
283,793110400000661,73350972,2458488.010145135,58487.5097222,19.7797241,0.115294352,0,zg,226.8301843,55.7471611,0.996999979,-0.0439999998,20190104509711,793,0xa,0x4,21.6399994,26.2213078,0.0269932393,-0.0590143017,1.47457276e-05,30,1.36300004,1,0.04447442685406316,204.0,0.41715257133036765,17.349262687696815,19.779724100000003
284,793110400000661,74053363,2458495.034328353,58494.5336343,19.8999214,0.125862837,0,zg,226.8301837,55.7471494,1.48300004,-0.0450000018,20190111533623,793,0xa,0x4,22.2099991,26.2394829,0.0238663107,-0.0835874826,1.1657211e-05,30,1.21099997,1,0.03981359918787247,211.0,0.3915290303984802,17.418090077792563,19.899921400000004
285,793110400000661,74847317,2458502.9741617623,58502.4731713,19.5819397,0.0994263515,0,zg,226.8303207,55.7473283,0.815999985,-0.0670000017,20190119473056,793,0xa,0x4,19.9899998,26.1185265,0.0406035371,-0.0432798825,6.21960789e-05,30,1.34599996,1,0.05336101968542648,219.0,0.37836456905477056,17.455223846799022,19.5819397
286,1827101200004651,75249983,2458507.000973056,58506.499838,19.5219154,0.0815532655,0,zg,226.8297505,55.7471212,0.68900001,-0.0719999969,20190123499826,1827,0x1,0x2,19.6800003,26.2536011,0.0450679436,-0.0599964522,9.19104787e-05,30,1.22500002,2,0.05639412206294282,223.0,0.3541737135902184,17.52695918710223,19.521915400000005
287,1827101200004651,76847928,2458522.9809372285,58522.4792824,19.8038082,0.0972939357,0,zg,226.8301738,55.7471465,0.875999987,-0.130999997,20190208479271,1827,0x1,0x2,21.9400005,26.2165527,0.0245194063,-0.0543950088,1.18779089e-05,30,1.17499995,2,0.04349874428601329,239.0,0.32883571278262025,17.607552556432616,19.8038082
288,793110400000661,76850406,2458523.0057180636,58522.5040625,19.768528,0.114345014,0,zg,226.8301805,55.7472951,1.30200005,0.128000006,20190208504039,793,0xa,0x4,21.1000004,26.2249546,0.0351906568,-0.0274145715,2.72402831e-05,30,1.11500001,1,0.0449354194530437,239.0,0.28707074589004966,17.755027655695805,19.768527999999996
289,793110400000661,77246332,2458526.965089488,58526.4633218,19.7455063,0.112412095,0,zg,226.8304726,55.7471439,0.99000001,-0.0939999968,20190212463299,793,0xa,0x4,20.8099995,26.055912,0.0358024128,-0.0355970971,2.92931982e-05,30,1.16900003,1,0.04589839297533946,243.0,0.28803371941234546,17.751391668644423,19.745506299999995
290,793110400000661,78454120,2458539.043263988,58538.5412037,19.7133198,0.10975302,0,zg,226.8303367,55.7473191,0.930999994,-0.063000001,20190224541169,793,0xa,0x4,20.0100002,25.8097839,0.0411048532,-0.0303761549,6.77322605e-05,30,1.079,2,0.04727941344623224,255.0,0.2800364323439687,17.781963659709895,19.7133198
291,793110400000661,78538748,2458539.889566165,58539.3874884,19.8284016,0.119491979,32768,zg,226.8301101,55.7472023,0.640999973,0.0140000004,20190225387465,793,0xa,0x4,20.7199993,25.8199577,0.0701632202,-0.00511170132,0.000123684396,30,1.28499997,2,0.04252451410861506,256.0,0.24997837229683284,17.905243910304456,19.8284016
292,793110400000661,78640620,2458540.908301994,58540.4062037,19.9137802,0.127124801,32768,zg,226.8301755,55.7471625,1.04299998,-0.224000007,20190226406181,793,0xa,0x4,21.1200008,26.0183086,0.0307928026,-0.0523995012,2.04982462e-05,30,1.21599996,2,0.039308631097006885,257.0,0.24482808630871739,17.92784690515183,19.913780199999998
293,793110400000661,78644465,2458540.946751871,58540.4446528,19.8548985,0.121824324,0,zg,226.8301987,55.7471675,0.878000021,-0.105999999,20190226444630,793,0xa,0x4,21.4899998,26.2394772,0.0270801745,-0.0633899048,1.53094916e-05,30,1.13100004,2,0.04149928364075618,257.0,0.24510910900508548,17.926601371837826,19.854898499999997
294,793110400000661,78646634,2458540.9684421103,58540.4663426,19.8956261,0.125473544,0,zg,226.8301354,55.7471826,0.922999978,-0.0500000007,20190226466331,793,0xa,0x4,21.7000008,26.2522392,0.0275127348,-0.0589713529,1.57170562e-05,30,1.10099995,2,0.03997141843426354,257.0,0.24358124379859286,17.933390390553377,19.89562610000001
295,793110400000661,78743531,2458541.9374309196,58541.4353125,19.8025627,0.11724969,0,zg,226.8301941,55.7472066,0.579999983,0.0729999989,20190227435278,793,0xa,0x4,21.5599995,26.2121429,0.0279934146,-0.0567021519,1.59253686e-05,30,1.14199996,2,0.04354867241087978,258.0,0.2471584977752091,17.917561132708222,19.802562700000003
296,793110400000661,78744473,2458541.9468524083,58541.4447338,19.8715115,0.123303533,0,zg,226.8301247,55.747169,0.587000012,0.160999998,20190227444699,793,0xa,0x4,21.8500004,26.2510853,0.0275471285,-0.0666264743,1.5466956e-05,30,1.12600005,2,0.04086913067912832,258.0,0.24259369719068102,17.937801216741057,19.871511500000004
297,793110400000661,78949009,2458543.9922493156,58543.4900926,19.7488422,0.11269065,0,zg,226.8302119,55.7471491,1.18599999,-0.0289999992,20190301490081,793,0xa,0x4,21.5699997,26.2333565,0.0350696854,-0.0517625026,2.53866583e-05,30,1.07799995,2,0.04575758761958288,260.0,0.24748215413113558,17.91614028113718,19.748842200000006
298,793110400000661,78951920,2458544.0213586404,58543.5192014,19.8749428,0.123610742,0,zg,226.8301807,55.7472291,1.99699998,-0.241999999,20190301519190,793,0xa,0x4,21.6000004,26.208477,0.0339964852,-0.0592190176,2.3679584e-05,30,1.07599998,2,0.04074017404444941,260.0,0.2387657666172084,17.955069851677102,19.874942800000007
299,793110400000661,78954059,2458544.042747933,58543.5405903,19.7901039,0.116179958,32768,zg,226.8299366,55.7473367,1.05700004,0.0439999998,20190301540556,793,0xa,0x4,20.5300007,25.5646286,0.0433753543,-0.0189289749,5.31215956e-05,30,1.08700001,2,0.04405127064337539,260.0,0.2420768632161344,17.940116791964947,19.7901039
300,793110400000661,79334150,2458547.8437261204,58547.3415046,19.9117355,0.126938105,0,zg,226.8300776,55.7471446,0.559000015,-0.0109999999,20190305341493,793,0xa,0x4,21.2399998,26.1701946,0.028420167,-0.0412291177,1.70369658e-05,30,1.38600004,1,0.03938272836595438,264.0,0.2374083209387134,17.961260158752246,19.9117355
301,793110400000661,79334621,2458547.8484368874,58547.3462153,19.9398174,0.129519045,0,zg,226.8302004,55.7472557,1.46800005,-0.115000002,20190305346192,793,0xa,0x4,21.0599995,26.1743355,0.0331395976,-0.0338192992,2.2969376e-05,30,1.36399996,2,0.038377178311646366,264.0,0.22928043609529838,17.99908250227609,19.939817400000003
302,793110400000661,79336015,2458547.862372312,58547.3601505,19.7213211,0.110409312,0,zg,226.8302604,55.7472076,0.689999998,-0.0790000036,20190305360150,793,0xa,0x4,21.2199993,26.1838455,0.0328108929,-0.040038608,2.21486207e-05,30,1.30599999,2,0.046932269946981554,264.0,0.23783552773063357,17.959308175545566,19.721321100000004
303,793110400000661,79338802,2458547.890243063,58547.3880208,19.6935215,0.108142555,0,zg,226.830258,55.7471809,1.08000004,-0.108999997,20190305388009,793,0xa,0x4,21.3600006,26.2061405,0.0295436289,-0.0435128994,1.79625167e-05,30,1.21300006,2,0.048149457689404034,264.0,0.23905271547305607,17.953765796640134,19.693521499999996
304,793110400000661,80245465,2458556.956990544,58556.4546528,19.9888992,0.134113893,0,zg,226.8302636,55.7472292,0.871999979,0.00700000022,20190314454653,793,0xa,0x4,21.2700005,26.2444401,0.0296640582,-0.0516328029,1.78990686e-05,30,1.07799995,2,0.03668092846774261,273.0,0.22758418625139465,18.007144795744686,19.9888992
305,793110400000661,80246356,2458556.9659026423,58556.4635648,19.8832588,0.124357343,0,zg,226.8300011,55.7472582,0.708000004,-0.0520000011,20190314463530,793,0xa,0x4,21.1299992,26.2467918,0.0293592904,-0.0498660542,1.79726121e-05,30,1.07500005,2,0.040429324022573564,273.0,0.21654877902606653,18.061110651559396,19.8832588
306,793110400000661,80246446,2458556.9668054515,58556.4644676,19.732933,0.111367367,0,zg,226.8300818,55.7471781,0.537999988,-0.0149999997,20190314464468,793,0xa,0x4,21.3199997,26.240469,0.0292516816,-0.0461241379,1.76301874e-05,30,1.07500005,1,0.04643300598716371,273.0,0.22255246099065668,18.031418997289272,19.732932999999996
307,793110400000661,80249770,2458557.0000464767,58556.4977083,19.6812134,0.107151158,0,zg,226.830065,55.7471782,0.638999999,0.0460000001,20190314497674,793,0xa,0x4,20.8999996,26.2437401,0.0337731168,-0.0443851501,2.41085345e-05,30,1.08200002,2,0.04869839410427139,273.0,0.22481784910776437,18.02042302878413,19.681213399999997
308,793110400000661,80344681,2458557.9491642523,58557.4468171,19.8883076,0.124812156,0,zg,226.8302386,55.7471987,0.718999982,-0.134000003,20190315446817,793,0xa,0x4,20.9099998,26.2238503,0.0378810279,-0.0481546037,3.23517779e-05,30,1.08000004,2,0.040241759386611904,274.0,0.21636121439010486,18.062051474048296,19.888307599999997
309,793110400000661,80442332,2458558.9256775794,58558.4233218,19.737833,0.111773647,0,zg,226.8301823,55.747211,0.890999973,-0.108000003,20190316423287,793,0xa,0x4,21.0900002,26.2633953,0.0309235938,-0.0885754377,2.00051691e-05,30,1.09500003,2,0.046223922888115894,275.0,0.22079929381067154,18.040005799895802,19.737833000000002
310,793110400000661,80533685,2458559.8392151594,58559.3368519,19.7848969,0.115735084,0,zg,226.8301537,55.7471171,1.41999996,0.351999998,20190317336829,793,0xa,0x4,20.7000008,26.193409,0.0321203507,-0.0489938855,2.56904023e-05,30,1.27100003,2,0.04426304019344318,276.0,0.2173129356717654,18.057286053231586,19.7848969
311,793110400000661,80623555,2458560.737925645,58560.2355556,19.4306564,0.0885799378,0,zg,226.8300646,55.7471984,0.207000002,0.0359999985,20190318235556,793,0xa,0x4,20.1200008,26.108139,0.0393189304,-0.0569757782,5.24460338e-05,30,1.90400004,2,0.061339105721165556,277.0,0.23288185015328272,17.982160893148368,19.430656399999997
312,793110400000661,80626428,2458560.7666526716,58560.2642824,19.9713593,0.132459924,0,zg,226.830215,55.7471535,0.564999998,-0.0430000015,20190318264248,793,0xa,0x4,20.2199993,26.1357841,0.043752756,-0.0266098995,6.01389293e-05,30,1.64199996,1,0.03727831553389342,277.0,0.20733195433080093,18.10833439647704,19.971359299999996
313,793110400000661,80628119,2458560.7835625084,58560.2811921,19.7414856,0.112077244,0,zg,226.8301146,55.7472106,0.870000005,-0.191,20190318281169,793,0xa,0x4,20.2999992,26.1728783,0.0355592258,-0.0534002036,3.96431096e-05,30,1.52400005,2,0.04606867908278685,277.0,0.21612231787969433,18.063250958410443,19.741485599999997
314,793110400000661,80751986,2458562.0222401237,58561.5198611,19.7350445,0.111542255,0,zg,226.8300353,55.7469897,0.563000023,-0.0520000011,20190319519838,793,0xa,0x4,20.3099995,26.2354336,0.0391956381,-0.0564905405,4.82161558e-05,30,1.11800003,2,0.046342792528329436,278.0,0.21639643132523692,18.061874764049257,19.735044500000008
315,793110400000661,81340118,2458567.9035863425,58567.4011806,19.6810074,0.107134603,0,zg,226.8302609,55.7472605,0.697000027,-0.189999998,20190325401181,793,0xa,0x4,20.4699993,26.1704044,0.0383046679,-0.0137479212,4.05617466e-05,30,1.09300005,2,0.04870763467384117,284.0,0.2172899394064956,18.057400952967562,19.68100739999999
316,1827101200004651,81341089,2458567.913296977,58567.4108912,19.6067963,0.0861215591,0,zg,226.8301315,55.7472161,0.94599998,-0.057,20190325410891,1827,0x1,0x2,20.8600006,26.1653709,0.0355491601,-0.0174062643,2.75399634e-05,30,1.11099994,1,0.05215326233881805,284.0,0.21226605109871938,18.082798648587136,19.606796300000006
317,793110400000661,81344248,2458567.9448942607,58567.4424884,19.9392662,0.129468083,0,zg,226.8299009,55.7473798,0.944000006,-0.333000004,20190325442326,793,0xa,0x4,20.4099998,26.1836872,0.0353179052,-0.0268900078,3.49633337e-05,30,1.07500005,2,0.038396666352150235,284.0,0.19850945511205154,18.155547006821486,19.9392662
318,793110400000661,81422920,2458568.7316089906,58568.2292014,19.680172,0.10706757,0,zg,226.8301679,55.7472046,1.0,-0.202000007,20190326229201,793,0xa,0x4,21.0699997,25.8577595,0.0335060433,-0.0164689813,2.47132375e-05,30,1.75100005,2,0.0487451263003265,285.0,0.20885791506022783,18.100372654219008,19.680171999999992
319,793110400000661,81424023,2458568.742639121,58568.2402315,19.8345566,0.120030791,0,zg,226.8302508,55.7471524,1.07299995,-0.116999999,20190326240231,793,0xa,0x4,21.1800003,25.9590416,0.0303580593,-0.0265946966,1.99469196e-05,30,1.65900004,2,0.04228412616693315,285.0,0.2010427236115649,18.141779102007398,19.834556600000006
320,793110400000661,81426810,2458568.7705096,58568.2681019,19.7775383,0.115108594,0,zg,226.8301552,55.7471574,0.623000026,-0.133000001,20190326268067,793,0xa,0x4,21.4699993,26.0699444,0.0290023275,-0.0390478857,1.75408404e-05,30,1.47099996,2,0.044564052788161064,285.0,0.20332265023279278,18.12953559517593,19.777538299999996
321,793110400000661,81832207,2458572.8244822877,58572.3220718,19.6867561,0.107596681,0,zg,226.8301106,55.7472156,0.853999972,-0.149000004,20190330322049,793,0xa,0x4,21.25,25.7741299,0.0337489396,-0.0766861737,2.42529077e-05,30,1.20700002,2,0.04845042154486022,289.0,0.20720901898949196,18.108978363483466,19.686756100000004
322,793110400000661,81834474,2458572.8471558895,58572.3447454,19.9133987,0.127089947,0,zg,226.8301624,55.7470836,0.745999992,0.165000007,20190330344734,793,0xa,0x4,21.2099991,25.6908016,0.032613866,-0.0802561194,2.29480502e-05,30,1.15400004,2,0.03932244557390768,289.0,0.19281950782235102,18.187122575058375,19.913398699999995
323,793110400000661,81838807,2458572.890489165,58572.3880787,19.8139229,0.118231542,0,zg,226.830093,55.747224,1.56599998,0.128000006,20190330388079,793,0xa,0x4,21.4799995,25.8693447,0.0314224064,-0.081584692,2.03537147e-05,30,1.09200001,2,0.043095392451333404,289.0,0.19659245469977674,18.166082886467414,19.8139229
324,793110400000661,81839269,2458572.8951072646,58572.3926968,19.7883949,0.116033763,0,zg,226.8301288,55.7471739,1.17900002,0.0829999968,20190330392674,793,0xa,0x4,21.5599995,25.9928093,0.0293253586,-0.0810321048,1.79118888e-05,30,1.08800006,1,0.04412066402114482,289.0,0.19761772626958815,18.160435254687478,19.788394900000007
325,793110400000661,81931923,2458573.821645588,58573.3192361,20.044899,0.13948071,0,zg,226.830243,55.7471431,0.957000017,-0.0109999999,20190331319213,793,0xa,0x4,20.7600002,26.111248,0.0401149578,-0.0386691839,3.87206892e-05,30,1.20700002,2,0.034836972042611415,290.0,0.18833403429105475,18.212677976257147,20.044899000000008
326,793110400000661,81936423,2458573.86664555,58573.3642361,19.6949959,0.108261853,0,zg,226.8301141,55.7471364,0.51700002,0.0670000017,20190331364225,793,0xa,0x4,21.6100006,26.1884041,0.0256382003,-0.07605391,1.34745769e-05,30,1.11600006,2,0.04808411642177222,290.0,0.20030347185941838,18.1457788075409,19.694995900000002
327,793110400000661,81938275,2458573.885164026,58573.3827546,19.6959496,0.108339041,0,zg,226.8301152,55.7471761,0.680999994,0.0260000005,20190331382755,793,0xa,0x4,21.7000008,26.1254177,0.0259100366,-0.0605883971,1.36630561e-05,30,1.09399998,2,0.04804189835167715,290.0,0.20026125378932333,18.146007672862446,19.6959496
328,793110400000661,82036750,2458574.8699077433,58574.3675,19.7494774,0.112743765,0,zg,226.8301281,55.7471815,0.753000021,0.101000004,20190401367465,793,0xa,0x4,21.8700008,26.1211262,0.0245398916,-0.0597551465,1.23527798e-05,30,1.10800004,2,0.04573082539224278,291.0,0.19795018082988897,18.158610242945805,19.749477399999996
329,793110400000661,82039184,2458574.894248,58574.3918403,19.7391777,0.111885354,0,zg,226.8301007,55.7471777,0.902999997,-0.00600000005,20190401391817,793,0xa,0x4,21.8999996,26.1056709,0.0266809054,-0.0829389691,1.46109787e-05,30,1.08500004,2,0.046166709327992016,291.0,0.19712299051251203,18.163156802182648,19.739177699999992
330,793110400000661,82040568,2458574.9080905733,58574.4056829,19.7406597,0.112008512,32768,zg,226.8301531,55.7471596,0.63499999,0.00999999978,20190401405648,793,0xa,0x4,21.4599991,25.8921986,0.033476714,-0.0588745251,2.2989565e-05,30,1.07799995,2,0.0461037360301546,291.0,0.19706001721467462,18.163503709018492,19.740659700000002
331,793110400000661,82130341,2458575.805819924,58575.3034144,19.6776028,0.106861696,32768,zg,226.8301671,55.7471689,1.39199996,-0.197999999,20190402303414,793,0xa,0x4,21.2999992,25.5209618,0.0496506803,-0.0662667155,5.30232319e-05,30,1.23699999,2,0.048860609480427995,292.0,0.199816890664948,18.148419508336467,19.677602799999995
332,793110400000661,82132215,2458575.824558283,58575.3221528,19.7194691,0.110257179,0,zg,226.8301709,55.7471669,0.538999975,0.00300000003,20190402322130,793,0xa,0x4,22.0200005,26.1768322,0.0237263869,-0.0692286938,1.15507692e-05,30,1.18599999,2,0.04701239321874617,292.0,0.1967200203382786,18.165378598422414,19.719469100000005
333,793110400000661,82134504,2458575.8474517306,58575.3450463,19.7608604,0.113698363,0,zg,226.8301499,55.7471825,1.25899994,0.0729999989,20190402345023,793,0xa,0x4,21.8199997,25.9712677,0.0265895072,-0.0656803399,1.44537908e-05,30,1.13800001,1,0.04525388199054658,292.0,0.194961509110079,18.175127805326134,19.760860400000006
334,793110400000661,82134598,2458575.848389226,58575.3459838,19.8248806,0.119184516,0,zg,226.8301856,55.7472028,1.22599995,-0.143999994,20190402345972,793,0xa,0x4,21.6900005,25.8753014,0.0274617653,-0.0642959028,1.5469157e-05,30,1.13600004,2,0.042662643295537074,292.0,0.1923702704150695,18.18965511131099,19.824880599999993
335,793110400000661,82630722,2458580.8096061433,58580.3072222,19.6763077,0.106757976,0,zg,226.8302195,55.74721,0.921999991,0.0299999993,20190407307199,793,0xa,0x4,21.2800007,26.2299118,0.0327380821,-0.0778335631,2.19474041e-05,30,1.18900001,2,0.04891892671335874,297.0,0.19862655383289116,18.154906730837602,19.676307700000002
336,793110400000661,82640847,2458580.9108555657,58580.4084722,19.6217899,0.102469057,0,zg,226.8301632,55.747164,0.460999995,-0.0480000004,20190407408472,793,0xa,0x4,21.75,26.201395,0.0252928529,-0.0716706887,1.31613597e-05,30,1.07500005,1,0.05143799595995418,297.0,0.19511147985088426,18.17429294274617,19.621789900000003
337,793110400000661,82640937,2458580.9117583586,58580.409375,19.753418,0.113073498,0,zg,226.8301937,55.7471771,0.538999975,-0.0109999999,20190407409375,793,0xa,0x4,21.6900005,26.1850262,0.0248520318,-0.0585809685,1.26535133e-05,30,1.07500005,2,0.04556514954835198,297.0,0.18923863343928204,18.207475492024777,19.753418000000003
338,793110400000661,82642289,2458580.925276774,58580.4228935,19.7585144,0.113501094,0,zg,226.8301928,55.747213,0.361000001,0.00200000009,20190407422894,793,0xa,0x4,21.6599998,26.1761589,0.0281333234,-0.0720532611,1.60525597e-05,30,1.07799995,2,0.045351769845614495,297.0,0.18902525373654455,18.20870042573403,19.758514400000003
339,793110400000661,82730236,2458581.8047387837,58581.3023611,19.7867279,0.115891382,0,zg,226.8302501,55.7471899,0.790000021,0.0520000011,20190408302350,793,0xa,0x4,21.7900009,26.1552734,0.0268500317,-0.0520278066,1.46305247e-05,30,1.19400001,2,0.04418845731923665,298.0,0.18786194121016672,18.215402985839283,19.786727899999995
340,793110400000661,82732743,2458581.829808131,58581.3274306,19.7294483,0.111079186,0,zg,226.8302163,55.7471636,0.802999973,-0.0529999994,20190408327396,793,0xa,0x4,21.7399998,26.1239834,0.0262565222,-0.0591714866,1.41521277e-05,30,1.13999999,2,0.0465822733987204,298.0,0.18908936842463622,18.208332221836564,19.729448299999994
341,793110400000661,82834094,2458582.8433195786,58582.3409491,19.7386932,0.111845046,0,zg,226.8301798,55.7471908,1.04200006,-0.00700000022,20190409340914,793,0xa,0x4,22.0100002,26.2020493,0.0249434114,-0.0633601844,1.26806153e-05,30,1.11399996,2,0.04618731540341039,299.0,0.18869441042932622,18.210602411162306,19.738693199999993
342,793110400000661,82836653,2458582.868909699,58582.3665394,19.8216305,0.118901312,32768,zg,226.8301765,55.7471796,0.691999972,-0.0370000005,20190409366505,793,0xa,0x4,21.3700008,25.7920017,0.030592313,-0.0511895679,1.98974631e-05,30,1.08700001,2,0.04279054323704256,299.0,0.1841442833480335,18.23710439754725,19.821630500000005
343,793110400000661,82838422,2458582.8865946713,58582.3842245,19.7211761,0.110397443,32768,zg,226.8301869,55.7471873,0.632000029,0.103,20190409384225,793,0xa,0x4,21.3899994,25.834568,0.0333315283,-0.0552492626,2.35160187e-05,30,1.07799995,2,0.04693853816715204,299.0,0.188292278278143,18.212918724254074,19.7211761
344,793110400000661,82936430,2458583.866668279,58583.3643056,19.8615246,0.122412838,0,zg,226.8302111,55.7472339,0.578000009,0.0529999994,20190410364306,793,0xa,0x4,20.9699993,26.1029282,0.034851145,-0.0728020072,2.66036932e-05,30,1.08700001,2,0.04124679042131035,300.0,0.1826005305323013,18.246244912473678,19.861524600000003
345,793110400000661,82936618,2458583.8685432724,58583.3661806,19.9330311,0.128892154,0,zg,226.8302453,55.7471179,0.866999984,0.0469999984,20190410366146,793,0xa,0x4,20.9200001,26.099432,0.0347993225,-0.0574684106,2.66572424e-05,30,1.08599997,1,0.03861780275459068,300.0,0.17883103734014902,18.26889276060954,19.9330311
346,793110400000661,82939052,2458583.8928832696,58583.3905208,19.7491493,0.112716243,0,zg,226.830267,55.7472586,0.897000015,0.00400000019,20190410390521,793,0xa,0x4,21.0200005,26.13064,0.034579698,-0.0713091344,2.5827545e-05,30,1.07500005,2,0.045744646936606674,300.0,0.18595788152216502,18.22646352512529,19.749149299999992
347,793110400000661,82941515,2458583.9175127847,58583.4151505,19.761095,0.113718167,0,zg,226.8301592,55.747155,1.01499999,0.0350000001,20190410415116,793,0xa,0x4,21.3299999,26.1556358,0.0303792078,-0.0749743953,1.90573155e-05,30,1.07799995,2,0.04524410483310559,300.0,0.18545733941866394,18.22938993730306,19.761095000000005
348,793110400000661,83028273,2458584.785086581,58584.2827315,19.6639938,0.105776519,0,zg,226.8302306,55.7471326,0.708000004,-0.0270000007,20190411282708,793,0xa,0x4,21.1599998,26.1633854,0.0330560058,-0.060906563,2.28331028e-05,30,1.22599995,2,0.04947689990079558,301.0,0.1896901344863539,18.20488813890318,19.663993800000007
349,793110400000661,83126938,2458585.771732931,58585.2693866,19.8051109,0.117469341,0,zg,226.8302122,55.7471442,0.749000013,0.0329999998,20190412269375,793,0xa,0x4,21.3099995,26.1636658,0.0286510158,-0.0620126911,1.70425155e-05,30,1.25899994,2,0.043446584440165324,302.0,0.18253198148938024,18.246652579148794,19.805110899999995
350,793110400000661,83127829,2458585.780644853,58585.2782986,19.6878242,0.107682705,0,zg,226.8301947,55.7471558,1.02999997,0.0340000018,20190412278275,793,0xa,0x4,21.4300003,26.1774254,0.0315518044,-0.0855756402,2.00048544e-05,30,1.23099995,2,0.04840278156682164,302.0,0.1863728307715447,18.22404349586187,19.6878242
351,793110400000661,83240892,2458586.9112590947,58586.4089236,19.776125,0.114988536,0,zg,226.8301077,55.7471784,0.638000011,0.0130000003,20190413408924,793,0xa,0x4,21.5599995,26.2257404,0.0327932723,-0.0838123187,2.19044705e-05,30,1.079,2,0.044622099471433335,303.0,0.18259214867615642,18.246294751833553,19.776125
352,793110400000661,83240982,2458586.9121618844,58586.4098264,19.7902794,0.116194949,0,zg,226.8301714,55.7471785,0.910000026,0.0419999994,20190413409826,793,0xa,0x4,21.5799999,26.2258739,0.0348071717,-0.0888051242,2.46845993e-05,30,1.079,1,0.04404415070653225,303.0,0.18091116649875558,18.256336565173264,19.790279399999996
353,793110400000661,83243395,2458586.9362935447,58586.4339583,19.7610474,0.113714136,0,zg,226.8302151,55.7471391,1.42200005,0.0179999992,20190413433924,793,0xa,0x4,21.7399998,26.2346401,0.0316206068,-0.0970316157,2.02475476e-05,30,1.097,2,0.04524608843334857,303.0,0.1821131042255719,18.249147006900735,19.761047400000002
354,793110400000661,83244320,2458586.945541149,58586.443206,19.8152142,0.118343636,0,zg,226.8301527,55.7471793,1.37100005,0.194999993,20190413443206,793,0xa,0x4,21.8299999,26.2147942,0.0307823382,-0.0742454156,1.90374776e-05,30,1.10699999,2,0.043044168221590025,303.0,0.17991118401381334,18.262354595742416,19.815214200000007
355,793110400000661,83331674,2458587.8190739285,58587.3167477,19.7366028,0.111671552,0,zg,226.8302463,55.7471834,1.60899997,-0.136000007,20190414316748,793,0xa,0x4,21.0100002,26.1710434,0.0330259278,-0.0448831692,2.38574594e-05,30,1.13,2,0.04627632686735858,304.0,0.1831433426595819,18.243022158766074,19.736602800000007
356,793110400000661,83336557,2458587.867904425,58587.3655787,19.6534958,0.104945555,0,zg,226.8301726,55.7472362,0.583000004,-0.0500000007,20190414365567,793,0xa,0x4,20.4500008,25.7799835,0.037023779,-0.0371711291,4.10930188e-05,30,1.08000004,2,0.04995761307040356,304.0,0.18573373760305775,18.227773004193573,19.653495799999995
357,793110400000661,83430509,2458588.8074081405,58588.3050926,19.3787346,0.0851103067,32768,zg,226.830312,55.7474676,0.795000017,0.181999996,20190415305069,793,0xa,0x4,19.7099991,25.3472824,0.0916428119,-0.0215198379,0.000434093818,30,1.14600003,2,0.0643437191391905,305.0,0.2001198436718447,18.146774612618707,19.378734599999994
358,793110400000661,83540837,2458589.9106825637,58589.4083796,19.5727291,0.0987341329,0,zg,226.8302514,55.7471732,0.52700001,-0.0909999982,20190416408356,793,0xa,0x4,20.1599998,25.9913197,0.0392874777,-0.0554932207,5.20095673e-05,30,1.08299994,2,0.053815621478501816,306.0,0.18851282754068294,18.21164773114426,19.572729099999997
359,793110400000661,83724284,2458591.745127485,58591.2428472,19.6987972,0.10856986,0,zg,226.8301183,55.7470942,1.28299999,-0.0260000005,20190418242847,793,0xa,0x4,20.0699997,26.1733913,0.0395187438,-0.0445387438,5.76721395e-05,30,1.29499996,2,0.047916062199841215,308.0,0.1815461560804604,18.252532355182844,19.698797199999994
360,793110400000661,83726321,2458591.7654976244,58591.2632176,19.5018654,0.0935473517,0,zg,226.8301322,55.7471894,0.469999999,-0.0480000004,20190418263194,793,0xa,0x4,20.1000004,26.1465168,0.0328521132,-0.0446315296,3.84887462e-05,30,1.227,2,0.05744521245907066,308.0,0.18897584880827972,18.208984238237512,19.501865400000007
361,793110400000661,83843347,2458592.935736712,58592.4334722,19.6351566,0.103507042,0,zg,226.8301351,55.7471743,0.536000013,-0.164000005,20190419433461,793,0xa,0x4,20.1800003,26.2236977,0.0333294421,-0.035859894,3.71887472e-05,30,1.11600006,2,0.05080861540124538,309.0,0.18233925175045443,18.247799579272034,19.635156599999995
362,793110400000661,83843528,2458592.937553878,58592.4352894,19.5127316,0.0943268314,0,zg,226.8301072,55.7472842,0.741999984,-0.0590000004,20190419435278,793,0xa,0x4,20.0900002,26.2132778,0.0346213356,-0.027989123,3.97948897e-05,30,1.11899996,1,0.056873160092253475,309.0,0.18737113188846816,18.218243299192828,19.512731600000002
363,793110400000661,84023675,2458594.7389982007,58594.2367593,19.538372,0.096188888,0,zg,226.8302334,55.74728,0.621999979,-0.050999999,20190421236748,793,0xa,0x4,20.1499996,26.1798706,0.0374372788,-0.0372433439,4.80243725e-05,30,1.28699994,2,0.05554579666323535,311.0,0.18604376845945003,18.22596218025766,19.538372000000003
364,793110400000661,84028673,2458594.7889742935,58594.2867361,19.29636,0.0798637196,0,zg,226.8301984,55.7472248,0.703000009,-0.150000006,20190421286713,793,0xa,0x4,19.9300003,26.2039585,0.0423941948,-0.0497587174,6.74323019e-05,30,1.14999998,2,0.06941542707832854,311.0,0.19788142008142487,18.158987454035845,19.29636
365,793110400000661,84223706,2458596.7392684775,58596.2370602,19.6361828,0.103587106,0,zg,226.8301471,55.7471737,0.587000012,-0.0949999988,20190423237060,793,0xa,0x4,21.3799992,26.1816616,0.0301063284,-0.0648453087,1.87954047e-05,30,1.26699996,1,0.05076061555717958,313.0,0.17922660856027592,18.266493782819786,19.636182799999993
366,793110400000661,84224685,2458596.749060028,58596.2468519,19.7222404,0.11048501,0,zg,226.8301418,55.7471631,1.11000001,-0.0289999992,20190423246829,793,0xa,0x4,21.4799995,26.1967411,0.0335070379,-0.0879397467,2.31663544e-05,30,1.23500001,2,0.04689254890312346,313.0,0.17337002269892926,18.30256498488199,19.722240399999997
367,793110400000661,84245594,2458596.9581539007,58596.4559491,19.6171436,0.102110237,0,zg,226.8302574,55.7471654,0.805000007,-0.135000005,20190423455949,793,0xa,0x4,20.8199997,26.2027092,0.0343371145,-0.0548731722,2.73502756e-05,30,1.17799997,2,0.051658591414351106,313.0,0.17813606521015693,18.273120362261245,19.6171436
368,793110400000661,84326952,2458597.7717170534,58597.2695255,19.7774868,0.115104243,0,zg,226.8301714,55.747174,0.745999992,-0.0820000023,20190424269525,793,0xa,0x4,21.5499992,26.1830578,0.0286813863,-0.0673047677,1.69254072e-05,30,1.16799998,2,0.04456616665628125,314.0,0.17104364045208706,18.317232671541653,19.7774868
369,793110400000661,84330501,2458597.8072025776,58597.3050116,19.7547379,0.113184094,0,zg,226.8301084,55.7471985,0.66900003,0.0280000009,20190424304977,793,0xa,0x4,21.2800007,26.1914425,0.0292392988,-0.0374301933,1.78678947e-05,30,1.10800004,2,0.045509790890073246,314.0,0.17100893395271471,18.31745300084689,19.754737900000002
370,793110400000661,84424738,2458598.7495594127,58598.2473843,19.7001724,0.108681507,0,zg,226.8301344,55.7471709,1.20500004,0.108999997,20190425247373,793,0xa,0x4,21.9099998,26.1475716,0.0279464088,-0.0685186833,1.59328374e-05,30,1.21700001,2,0.04785540984700652,315.0,0.17335455290964796,18.30266186933435,19.700172400000007
371,793110400000661,84426005,2458598.7622328047,58598.2600579,19.7416439,0.112090334,0,zg,226.8301976,55.7471354,0.788999975,-0.0250000004,20190425260035,793,0xa,0x4,22.1200008,26.1611176,0.0276349187,-0.0750131831,1.5536707e-05,30,1.18400002,2,0.04606196277337549,315.0,0.17059320267500205,18.32009569346564,19.741643900000007
372,793110400000661,84428241,2458598.7845935286,58598.282419,19.748806,0.112687565,0,zg,226.8301698,55.7471673,0.546000004,0.00100000005,20190425282384,793,0xa,0x4,21.9599991,26.1623478,0.0272887815,-0.0569840372,1.52586881e-05,30,1.13800001,2,0.04575911326851967,315.0,0.17029035317014624,18.32202488455092,19.748805999999995
373,793110400000661,84444849,2458598.9506670786,58598.4484954,19.7146301,0.109860353,0,zg,226.8301918,55.7471481,0.474999994,-0.0359999985,20190425448345,793,0xa,0x4,21.6299992,26.1959782,0.02705184,-0.0633659959,1.49671341e-05,30,1.17299998,2,0.04722238960518907,315.0,0.1717536295068156,18.312735191593497,19.7146301
374,793110400000661,84444894,2458598.9511184697,58598.4489468,19.6701908,0.106269494,0,zg,226.8301698,55.7471622,0.647000015,0.0120000001,20190425448935,793,0xa,0x4,21.6000004,26.1945381,0.028306175,-0.0708730668,1.65783931e-05,30,1.17400002,2,0.04919530755501079,315.0,0.17372654745663735,18.300334527961603,19.670190799999993
375,793110400000661,84446018,2458598.962356672,58598.4601852,19.7595329,0.113586783,0,zg,226.8301452,55.747164,0.527999997,0.00600000005,20190425460058,793,0xa,0x4,21.5300007,26.1918812,0.0274390243,-0.0643814355,1.53541041e-05,30,1.20200002,2,0.04530924651536736,315.0,0.1698404864169939,18.324896937591582,19.759532900000004
376,793110400000661,85238583,2458606.8878505216,58606.3858333,19.8306923,0.119692355,0,zg,226.8301771,55.7471661,0.879000008,-0.023,20190503385822,793,0xa,0x4,21.9099998,26.1792297,0.0281959921,-0.0742145181,1.62958459e-05,30,1.10399997,2,0.04243488992836596,323.0,0.1669661298299925,18.34342904847545,19.830692300000003
377,793110400000661,85242403,2458606.926055785,58606.4240394,19.7188721,0.110208139,0,zg,226.8301534,55.7471483,1.08700001,0.136999995,20190503424016,793,0xa,0x4,21.8999996,26.1515713,0.027818298,-0.0548960529,1.58537168e-05,30,1.16700006,2,0.047038250435537006,323.0,0.1641852332040815,18.361664764606196,19.71887209999999
378,793110400000661,85244891,2458606.9509278326,58606.448912,19.7857094,0.115804352,0,zg,226.8301705,55.7471751,0.377000004,0.0439999998,20190503448889,793,0xa,0x4,22.1399994,26.1525478,0.0253218822,-0.0663824007,1.30905782e-05,30,1.23199999,1,0.04422992877392217,323.0,0.16137691154246667,18.380396500970612,19.785709399999995
379,793110400000661,85245502,2458606.957038795,58606.4550231,19.7072449,0.109256819,0,zg,226.830126,55.7471984,0.720000029,0.00600000005,20190503454988,793,0xa,0x4,21.8899994,26.1529331,0.0275237635,-0.0634290725,1.546563e-05,30,1.25100005,2,0.047544692182423555,323.0,0.16469167495096804,18.358320883894613,19.7072449
380,793110400000661,85330916,2458607.8111637,58607.3091667,19.6931286,0.108110845,0,zg,226.8301546,55.7471742,0.787,0.063000001,20190504309155,793,0xa,0x4,22.1399994,26.1778908,0.0251275208,-0.0728642493,1.30724729e-05,30,1.08000004,2,0.04816688489244918,324.0,0.16531386766099365,18.354226783251825,19.6931286
381,793110400000661,85340671,2458607.90870783,58607.406713,19.7077942,0.109301642,0,zg,226.8302053,55.7471584,0.425000012,-0.0529999994,20190504406713,793,0xa,0x4,22.0400009,26.1843758,0.0262331385,-0.0745543316,1.4183709e-05,30,1.13800001,2,0.04752064426545759,324.0,0.1637875029069112,18.36429809565788,19.707794200000002
382,793110400000661,85428952,2458608.7915005316,58608.2895255,19.7380409,0.111790881,0,zg,226.8301969,55.7471597,0.643999994,-0.116999999,20190505289525,793,0xa,0x4,21.5,26.1410522,0.0283493213,-0.0593536906,1.65723013e-05,30,1.09200001,2,0.04621507264114605,325.0,0.16248193128259963,18.37298731872145,19.73804090000001
383,793110400000661,85432875,2458608.830724148,58608.32875,19.717411,0.110088199,0,zg,226.8301847,55.7471485,1.05900002,0.0810000002,20190505328750,793,0xa,0x4,21.5100002,26.1254215,0.0303109773,-0.0717955455,1.85690315e-05,30,1.07500005,2,0.04710159349465482,325.0,0.16249744601410085,18.37288365118507,19.71741099999999
384,793110400000661,85826980,2458612.771683958,58612.2698032,19.6665249,0.105977632,0,zg,226.8301441,55.7471526,1.347,0.137999997,20190509269780,793,0xa,0x4,22.1399994,26.1485157,0.0260632243,-0.063154541,1.37927318e-05,30,1.10099995,2,0.049361692244376004,329.0,0.16475754476382204,18.357886721436238,19.666524900000006
385,793110400000661,85828273,2458612.7846119385,58612.2827315,19.7310829,0.11121428,0,zg,226.8301798,55.7471841,0.926999986,0.0700000003,20190509282708,793,0xa,0x4,22.1399994,26.1601048,0.0276217684,-0.0710078329,1.54209574e-05,30,1.08899999,2,0.04651219551540131,329.0,0.1585128387285356,18.39983889097919,19.731082899999997
386,793110400000661,85830541,2458612.8072965858,58612.3054167,19.7772675,0.115085617,0,zg,226.8301553,55.7471413,1.24800003,-0.0370000005,20190509305417,793,0xa,0x4,22.1800003,26.1573181,0.0280923303,-0.0681569502,1.59532319e-05,30,1.07700002,2,0.044575169162964265,329.0,0.15657581237609855,18.4131883158311,19.7772675
387,793110400000661,85830633,2458612.808210858,58612.306331,19.7367592,0.111684516,0,zg,226.8301575,55.7471952,0.781000018,-0.0289999992,20190509306331,793,0xa,0x4,22.2700005,26.168808,0.0270318594,-0.0744273812,1.47170913e-05,30,1.07599998,1,0.046269661255374246,329.0,0.15827030446850854,18.4015014054413,19.7367592
388,793110400000661,86224105,2458616.7428321475,58616.2410532,19.6398392,0.103872761,0,zg,226.8301951,55.7471487,0.578000009,-0.0719999969,20190513241042,793,0xa,0x4,21.1299992,26.1144753,0.0310010072,-0.0478888676,2.06102832e-05,30,1.125,2,0.050589958133310894,333.0,0.16259060134644518,18.372261406715715,19.639839200000004
389,793110400000661,86225800,2458616.759787803,58616.2580093,19.6597252,0.105437979,0,zg,226.8302387,55.7471392,0.851000011,-0.0839999989,20190513257998,793,0xa,0x4,21.1100006,26.1223545,0.0302361995,-0.0441428423,1.97234385e-05,30,1.102,2,0.049671802495019735,333.0,0.15841388580129767,18.400516882267674,19.659725200000004
390,793110400000661,86228714,2458616.788918932,58616.2871412,19.6244392,0.10267406,0,zg,226.8302149,55.7471632,0.510999978,-0.0219999999,20190513287106,793,0xa,0x4,21.1299992,26.1390629,0.0292606205,-0.0468038321,1.85708595e-05,30,1.079,2,0.05131263534691487,333.0,0.16005471865319282,18.389328794195812,19.624439200000005
391,793110400000661,86228894,2458616.7907244773,58616.2889468,19.6135712,0.101835087,0,zg,226.8301655,55.7472333,0.848999977,-0.0729999989,20190513288947,793,0xa,0x4,21.2199993,26.1472301,0.028373478,-0.0559281856,1.73670487e-05,30,1.07799995,1,0.05182884371786357,333.0,0.16057092702414152,18.38583271327179,19.613571200000003
392,793110400000661,86338731,2458617.889062998,58617.3873148,19.75033,0.11281503,0,zg,226.8301453,55.7471592,1.42299998,-0.152999997,20190514387280,793,0xa,0x4,21.1000004,26.1389923,0.0322015099,-0.0466687381,2.2294691e-05,30,1.153,2,0.04569492827780914,334.0,0.1544370115840871,18.42812152683225,19.750329999999998
393,793110400000661,86342677,2458617.9285179144,58617.4267708,19.7663345,0.114159748,0,zg,226.8302214,55.7471429,0.675000012,-0.0170000009,20190514426771,793,0xa,0x4,21.6700001,26.1452446,0.0250107162,-0.0612811446,1.28810343e-05,30,1.25699997,2,0.04502629371414416,334.0,0.15297426928341215,18.438454031583227,19.766334499999992
394,793110400000661,86442430,2458618.9260254633,58618.4243056,19.3943863,0.0861428678,32768,zg,226.8301938,55.7471133,0.523999989,-0.104999997,20190515424282,793,0xa,0x4,20.1499996,25.260107,0.0499150157,-0.0262182318,0.000100492442,30,1.25800002,2,0.06342281001559676,335.0,0.17137078558486474,18.315158031012906,19.3943863
395,793110400000661,86526245,2458619.7641503485,58619.2624537,19.4626694,0.0907830149,0,zg,226.8304987,55.747164,0.727999985,-0.338999987,20190516262442,793,0xa,0x4,19.7700005,26.0433693,0.0371370614,-0.0584905036,6.3792846e-05,30,1.09000003,2,0.059556921368535985,336.0,0.16671879210968496,18.34503861216421,19.462669400000003
396,793110400000661,87422094,2458628.722379375,58628.2209491,19.7257328,0.110772528,0,zg,226.830175,55.7471615,0.901000023,0.0299999993,20190525220926,793,0xa,0x4,21.8700008,26.112175,0.0282918606,-0.0672414899,1.63387176e-05,30,1.10699999,2,0.04674195575688396,345.0,0.1531256224274798,18.43738033240161,19.725732799999996
397,793110400000661,88122809,2458635.729291815,58635.2280903,19.6986561,0.108558446,0,zg,226.8301192,55.7471929,1.61699998,0.129999995,20190601228056,793,0xa,0x4,22.0799999,26.1714344,0.0252588298,-0.0674904212,1.30280559e-05,30,1.08299994,1,0.04792228967543335,352.0,0.14764155899804932,18.476978443968058,19.6986561
398,793110400000661,88419332,2458638.6944219484,58638.1933218,19.6992531,0.108606815,0,zg,226.8301475,55.7471753,0.560000002,-0.0390000008,20190604193322,793,0xa,0x4,21.9300003,26.1520615,0.027018534,-0.0715185702,1.4851983e-05,30,1.10800004,2,0.047895946496812954,355.0,0.14282530173227045,18.512987124443306,19.6992531
399,793110400000661,88419611,2458638.697211151,58638.1961111,19.7679329,0.114294752,0,zg,226.8301212,55.7471873,0.964999974,-0.0949999988,20190604196076,793,0xa,0x4,21.7299995,26.1487637,0.0282140244,-0.0649334416,1.63820405e-05,30,1.10399997,1,0.044960055637990264,355.0,0.13793397171013616,18.550821896031387,19.767932899999998
400,793110400000661,88433054,2458638.8316393974,58638.330544,19.6888847,0.107768223,0,zg,226.8301852,55.7471526,0.879000008,0.023,20190604330521,793,0xa,0x4,21.8099995,26.1475849,0.0277016368,-0.0665964931,1.58222956e-05,30,1.15499997,2,0.04835552691254466,355.0,0.14132944298469055,18.52441838175958,19.688884699999996
401,793110400000661,88434376,2458638.844856535,58638.3437616,19.6230621,0.102567464,0,zg,226.8301776,55.747149,1.67299998,-0.0250000004,20190604343750,793,0xa,0x4,21.7099991,26.1388874,0.0289058294,-0.0625882,1.7013921e-05,30,1.18400002,2,0.05137775932589225,355.0,0.14435167539803814,18.5014454279358,19.62306209999999
402,793110400000661,88521517,2458639.716238272,58639.2151736,19.8175964,0.11855042,0,zg,226.8301709,55.747177,0.986999989,-0.0719999969,20190605215139,793,0xa,0x4,21.9899998,26.1694794,0.0262591708,-0.0665736645,1.39305084e-05,30,1.08399999,2,0.04294982909145874,356.0,0.13592374516360461,18.56676166919319,19.817596400000006
403,793110400000661,88524549,2458639.7465613214,58639.2454977,19.6757221,0.106711157,0,zg,226.8301881,55.747141,0.727999985,0.0149999997,20190605245336,793,0xa,0x4,21.9300003,26.1984806,0.0262989346,-0.090687044,1.42109293e-05,30,1.07500005,2,0.04894531862164588,356.0,0.14127983177550202,18.524799577221593,19.675722099999994
404,793110400000661,88526901,2458639.770079,58639.2690162,19.7043533,0.109021336,0,zg,226.8302171,55.7471575,0.430000007,-0.0780000016,20190605268982,793,0xa,0x4,21.9500008,26.181263,0.0270982571,-0.0682353601,1.50232163e-05,30,1.08099997,2,0.04767148492165741,356.0,0.14000599807551356,18.53463339517409,19.7043533
405,793110400000661,88620743,2458640.7084605643,58640.2074306,19.690752,0.107918844,0,zg,226.8302186,55.7471818,0.717999995,-0.103,20190606207373,793,0xa,0x4,21.7600002,26.1332912,0.0261841994,-0.051902134,1.39406793e-05,30,1.08800006,2,0.04827243428531194,357.0,0.14060694743916807,18.52998305035394,19.690751999999996
406,793110400000661,88632604,2458640.8270674907,58640.3260417,19.6829662,0.107291862,0,zg,226.8302205,55.7471702,0.477999985,-0.057,20190606326007,793,0xa,0x4,21.9699993,26.1423244,0.0250925217,-0.0562860221,1.27291896e-05,30,1.15600002,2,0.0486198394047505,357.0,0.14032102997319118,18.53219309048186,19.682966200000003
407,793110400000661,88634255,2458640.8435831056,58640.3425579,19.6571255,0.105232239,0,zg,226.8302398,55.74716,0.742999971,0.0480000004,20190606342523,793,0xa,0x4,21.7900009,26.145792,0.0299621578,-0.0821950808,1.81672895e-05,30,1.19400001,2,0.04979087976738421,357.0,0.1414920703358249,18.523169746743115,19.6571255
408,793110400000661,88718636,2458641.6873611845,58641.1863657,19.7902889,0.116195768,0,zg,226.8301484,55.7471799,0.611999989,-0.0120000001,20190607186343,793,0xa,0x4,21.9899998,26.1665459,0.026485933,-0.0697594658,1.41624596e-05,30,1.10599995,2,0.04404376532967962,358.0,0.1357449558981203,18.568190748110446,19.7902889
409,793110400000661,88720655,2458641.7075456777,58641.2065509,19.7509441,0.112866379,0,zg,226.8301985,55.7471718,0.595000029,-0.0379999988,20190607206528,793,0xa,0x4,21.9400005,26.0891914,0.0253280923,-0.0667818263,1.29108339e-05,30,1.08700001,2,0.0456690902141916,358.0,0.13674296532984848,18.56023751617942,19.750944100000005
410,793110400000661,88722273,2458641.723725711,58641.2227315,19.765749,0.114110358,0,zg,226.8302121,55.7471419,0.989000022,0.135000005,20190607222697,793,0xa,0x4,21.7199993,25.9420338,0.0447257459,-0.0631029829,4.08279084e-05,30,1.07799995,1,0.045050581385892303,358.0,0.13612445650154917,18.565159603055513,19.765748999999992
411,793110400000661,88722510,2458641.7260983265,58641.2251042,19.7101269,0.109492034,32768,zg,226.8302058,55.7471503,0.654999971,0.0379999988,20190607225104,793,0xa,0x4,21.7800007,25.9803371,0.030941749,-0.086722225,1.94850691e-05,30,1.07700002,2,0.04741865594663648,358.0,0.13849253106229337,18.546434118951844,19.7101269
412,1827101200004651,88918782,2458643.688748429,58643.1878241,19.5714245,0.0841974318,0,zg,226.8302407,55.7471759,0.883000016,-0.115000002,20190609187789,1827,0x1,0x2,21.3299999,26.1877975,0.0298463106,-0.0597542562,1.80087591e-05,30,1.12300003,2,0.05388032417201743,360.0,0.1449541992876743,18.49692299680475,19.5714245
413,793110400000661,88920056,2458643.7014909717,58643.2005671,19.7272377,0.110896714,0,zg,226.8301573,55.7471983,0.882000029,-0.191,20190609200498,793,0xa,0x4,21.2000008,26.1962852,0.0298850741,-0.0462777279,1.88918257e-05,30,1.08700001,2,0.04667721328796228,360.0,0.13651419141585405,18.562055497323037,19.727237699999996
414,793110400000661,88932725,2458643.8281762265,58643.3272569,19.7948494,0.116586462,0,zg,226.8301352,55.7471723,0.372999996,0.00100000005,20190609327222,793,0xa,0x4,21.6399994,26.1970768,0.0273962244,-0.0791200623,1.50412361e-05,30,1.17700005,2,0.04385915295896792,360.0,0.13369613108685968,18.584702900542474,19.794849399999997
415,793110400000661,88934819,2458643.849112968,58643.3481944,19.823328,0.119049169,0,zg,226.8301208,55.7471693,0.595000029,0.0370000005,20190609348171,793,0xa,0x4,21.75,26.1797066,0.0269424915,-0.0687931925,1.44799178e-05,30,1.23300004,2,0.04272369440755925,360.0,0.13256067253545104,18.59396325306627,19.823327999999997
416,793110400000661,89019863,2458644.699522373,58644.1986343,19.6543007,0.105009131,0,zg,226.8301936,55.7471411,1.26900005,-0.160999998,20190610198600,793,0xa,0x4,21.2399998,26.2034874,0.0358468741,-0.0437610447,2.65455401e-05,30,1.08599997,2,0.049920591203311514,361.0,0.13975756933120329,18.536561653062698,19.6543007
417,793110400000661,89020234,2458644.703237436,58644.2023495,19.5463371,0.0967737883,0,zg,226.8302085,55.747186,0.699999988,-0.115000002,20190610202326,793,0xa,0x4,21.2199993,26.2074738,0.0358530357,-0.0611199923,2.64954633e-05,30,1.08399999,1,0.055139796632411746,361.0,0.14436705208956988,18.501329778834226,19.546337099999995
418,793110400000661,89022881,2458644.729706384,58644.2288194,19.7852211,0.115762763,0,zg,226.8301339,55.7471939,1.25100005,0.0719999969,20190610228819,793,0xa,0x4,21.2600002,26.2144432,0.0299435649,-0.0643378049,1.8396946e-05,30,1.07500005,2,0.04424982525659237,361.0,0.1334770807137505,18.586483250993318,19.785221099999994
419,793110400000661,89219912,2458646.6999361212,58646.1991204,19.6318665,0.103250697,32768,zg,226.8302637,55.7472169,1.04100001,-0.200000003,20190612199051,793,0xa,0x4,20.4400005,25.804224,0.0607887134,-0.0249936581,0.000115159863,30,1.08200002,2,0.05096281396350221,363.0,0.14019006942066034,18.53320687299469,19.631866499999994
420,793110400000661,89232328,2458646.8240981973,58646.323287,19.672205,0.10643018,32768,zg,226.830272,55.7471414,0.535000026,0.147,20190612323287,793,0xa,0x4,20.5699997,25.8433704,0.0531116016,-0.0327383913,8.20678033e-05,30,1.18700004,2,0.04910412764191484,363.0,0.1371290441891953,18.55717637770166,19.672204999999998
421,793110400000661,89334498,2458647.8457623385,58647.3449884,19.9086418,0.126655847,0,zg,226.8302739,55.7471229,1.38399994,-0.0450000018,20190613344965,793,0xa,0x4,20.8400002,26.1889973,0.0348915532,-0.0495256111,2.81725752e-05,30,1.25699997,2,0.0394951056584068,364.0,0.12752002220568728,18.63605405080532,19.908641800000005
422,793110400000661,89432335,2458648.8240946117,58648.3233565,19.6800652,0.107058965,0,zg,226.8303459,55.7471882,1.01900005,-0.063000001,20190614323333,793,0xa,0x4,20.6800003,26.1667461,0.0346467607,-0.05746511,3.09856005e-05,30,1.20099998,2,0.048749921420468245,365.0,0.136182086623679,18.56470003928377,19.680065199999994
423,793110400000661,89434212,2458648.8428670205,58648.3421296,19.9467506,0.130161703,0,zg,226.8303858,55.7471279,1.25100005,-0.170000002,20190614342130,793,0xa,0x4,20.5900002,26.1456223,0.0332317948,-0.0488690138,3.09731404e-05,30,1.25699997,2,0.03813289345465626,365.0,0.12497783093480869,18.65791754261084,19.946750599999994
424,793110400000661,89436457,2458648.865308379,58648.3645718,19.7075729,0.109283641,0,zg,226.8301653,55.7471247,0.569000006,0.145999998,20190614364572,793,0xa,0x4,20.5699997,26.1327763,0.0369343944,-0.0357278287,3.65499181e-05,30,1.34200001,2,0.04753033113999191,365.0,0.13437526862014434,18.57920163642978,19.707572899999995
425,793110400000661,89518690,2458649.687616072,58649.1869097,19.7385216,0.111830771,0,zg,226.8302099,55.747216,0.917999983,-0.261000007,20190615186910,793,0xa,0x4,19.9799995,26.1485367,0.0371337309,-0.0433119424,5.60350018e-05,30,1.08500004,2,0.04619461585968195,366.0,0.1330395533398344,18.59004805466021,19.738521600000006
426,793110400000661,89519954,2458649.7002545157,58649.1995486,19.6815319,0.107176706,0,zg,226.8302811,55.7471561,0.474000007,-0.127000004,20190615199549,793,0xa,0x4,20.6200008,26.1576633,0.0329571664,-0.0621629357,2.91089455e-05,30,1.07799995,2,0.04868411055759748,366.0,0.13494727878251456,18.57458967146362,19.681531900000003
427,793110400000661,89534769,2458649.848397221,58649.3476968,19.7569599,0.113370538,0,zg,226.8301878,55.7471681,0.874000013,0.0869999975,20190615347697,793,0xa,0x4,20.4300003,26.1189842,0.0344025642,-0.0485348627,3.63502368e-05,30,1.28600001,2,0.04541674863017098,366.0,0.13167991685508806,18.60120114088138,19.75695989999999
428,793110400000661,89620428,2458650.7049512276,58650.2042824,19.6056271,0.101225518,0,zg,226.8301447,55.7471921,0.416000009,-0.023,20190616204282,793,0xa,0x4,20.4899998,26.1724377,0.0353620015,-0.0170692001,3.77229626e-05,30,1.07599998,2,0.05220945502946486,367.0,0.13847262325438192,18.546590200881347,19.6056271
429,793110400000661,89622597,2458650.7266402263,58650.2259722,19.5058022,0.0938290581,0,zg,226.8300582,55.7471589,0.470999986,0.057,20190616225972,793,0xa,0x4,20.5200005,26.1867828,0.0372305065,-0.0208792873,3.92228794e-05,30,1.07599998,2,0.05723729749383573,367.0,0.14292409070953033,18.51223640527224,19.505802199999998
430,793110400000661,89718270,2458651.683340886,58651.1827083,20.0310116,0.138137802,0,zg,226.8300861,55.7471111,0.555999994,-0.0370000005,20190617182708,793,0xa,0x4,20.4500008,26.1779213,0.0366083719,-0.0376552418,4.07183543e-05,30,1.08399999,2,0.03528542559153437,368.0,0.12097221880722896,18.69328588420887,20.031011599999992
431,793110400000661,89720189,2458651.702529974,58651.2018981,19.7878056,0.115983441,0,zg,226.8302214,55.7471964,0.815999985,0.0370000005,20190617201898,793,0xa,0x4,20.4099998,26.1868134,0.0345314629,-0.0458174311,3.73802723e-05,30,1.07599998,2,0.04414461768917524,368.0,0.1292603668324259,18.62133653978099,19.787805600000006
432,793110400000661,89722593,2458651.726568486,58651.2259375,19.4950638,0.0930623114,0,zg,226.8302625,55.7471594,0.56099999,0.0359999985,20190617225926,793,0xa,0x4,20.4400005,26.1941605,0.0378798731,-0.0477497317,4.54039982e-05,30,1.07700002,2,0.05780620783402672,368.0,0.1429219569772774,18.51225261448959,19.495063800000004
433,793110400000661,89818432,2458652.6849240465,58652.1843287,19.8374672,0.120286271,0,zg,226.8301362,55.7472453,0.680000007,0.0370000005,20190618184306,793,0xa,0x4,20.8400002,26.1664333,0.0327516682,-0.043003004,2.53306553e-05,30,1.08200002,2,0.04217092430371342,369.0,0.12728667344696407,18.638042658411244,19.8374672
434,793110400000661,89819853,2458652.699124929,58652.1985301,19.7900238,0.116173029,0,zg,226.8301789,55.7471451,0.98299998,0.128000006,20190618198530,793,0xa,0x4,20.8799992,26.1732388,0.0331176408,-0.0643159673,2.61634832e-05,30,1.07599998,2,0.04405452063810176,369.0,0.12860449424206669,18.62685963548079,19.790023799999993
435,793110400000661,89822577,2458652.726369313,58652.2257755,19.7044296,0.10902755,0,zg,226.8302047,55.7471823,0.514999986,-0.0309999995,20190618225775,793,0xa,0x4,20.5799999,26.1817551,0.0378814489,-0.0578554384,4.03794147e-05,30,1.07799995,2,0.047668134930674094,369.0,0.132218108534639,18.596772649983556,19.704429600000005
436,793110400000661,89926386,2458653.7644207887,58653.2638657,19.3987942,0.0864356831,0,zg,226.8300323,55.7471372,0.561999977,-0.108000003,20190619263843,793,0xa,0x4,20.6200008,26.1549873,0.0362874158,-0.0371701829,3.46575507e-05,30,1.11199999,2,0.06316584641347019,370.0,0.1477158200174351,18.476432475695198,19.398794200000005
437,793110400000661,89926664,2458653.767198486,58653.2666435,19.7327137,0.111349195,0,zg,226.8301718,55.7471752,1.352,0.115000002,20190619266620,793,0xa,0x4,20.7000008,26.1470089,0.0342988186,-0.0293080416,2.89731543e-05,30,1.11600006,1,0.04644238560129833,370.0,0.13043179067438004,18.611541358324608,19.732713699999998
438,793110400000661,89928489,2458653.785450096,58653.2848958,19.998106,0.13498731,0,zg,226.8300447,55.7471533,0.411000013,0.142000005,20190619284861,793,0xa,0x4,20.6900005,26.1482925,0.0342998281,-0.0333130471,2.97439965e-05,30,1.14499998,2,0.03637119748516984,370.0,0.12036060255825157,18.698789116822475,19.998106
439,793110400000661,89930532,2458653.8058776353,58653.3053241,19.7747574,0.114872515,0,zg,226.8302344,55.7471158,0.697000027,-0.0900000036,20190619305301,793,0xa,0x4,20.5900002,26.1543179,0.0331281051,-0.0450360663,2.99648418e-05,30,1.19000006,2,0.04467834115607117,370.0,0.1286677462291529,18.626325765416446,19.77475739999999
440,793110400000661,90024949,2458654.7500089235,58654.2494907,19.6590042,0.105380863,0,zg,226.8301879,55.7471942,0.870999992,-0.149000004,20190620249491,793,0xa,0x4,21.1700001,26.1527405,0.0334955752,-0.0414199941,2.41669495e-05,30,1.09800005,2,0.049704798782043765,371.0,0.13369420385512548,18.584718551558957,19.65900419999999
441,793110400000661,90026870,2458654.7692211983,58654.2687037,19.6522522,0.104847491,0,zg,226.8300848,55.7471697,0.75999999,-0.163000003,20190620268681,793,0xa,0x4,20.9099998,26.1659336,0.032586012,-0.0422865264,2.44476014e-05,30,1.12300003,2,0.05001486720005603,371.0,0.13344885010076735,18.586712910199672,19.6522522
442,793110400000661,90030238,2458654.802900528,58654.3023843,19.4606304,0.0906411856,0,zg,226.8301539,55.7471621,1.01100004,0.0890000015,20190620302280,793,0xa,0x4,20.6299992,26.1403637,0.0346177481,-0.0289403349,2.96982744e-05,30,1.18900001,2,0.059668873665770374,371.0,0.1431028565664817,18.510879242318275,19.460630400000007
443,793110400000661,90124342,2458655.74390682,58655.2434259,19.8975391,0.125646859,0,zg,226.8294436,55.7472104,0.758000016,0.0879999995,20190621243426,793,0xa,0x4,20.7099991,26.1989231,0.0374876373,-0.0491536558,3.51922063e-05,30,1.09500003,2,0.03990105327641818,372.0,0.12333503617712949,18.672283836147365,19.897539099999996
444,793110400000661,90126083,2458655.761313617,58655.2608333,19.9463234,0.130122095,0,zg,226.830308,55.7469186,1.00300002,0.0439999998,20190621260833,793,0xa,0x4,20.3600006,26.2127533,0.0395096578,-0.0583953299,4.79310911e-05,30,1.11500001,2,0.038147900393988625,372.0,0.12103154768402247,18.692753532900902,19.946323400000004
445,793110400000661,90128216,2458655.782643897,58655.2821644,19.7312126,0.111225024,0,zg,226.8300548,55.7469705,0.307000011,-0.064000003,20190621282141,793,0xa,0x4,20.5100002,26.2155724,0.0366308801,-0.0572850183,3.76346507e-05,30,1.15100002,2,0.046506639588074807,372.0,0.12939028687810866,18.62024581058963,19.7312126
446,793110400000661,90320246,2458657.702872535,58657.2024653,19.7467461,0.112515539,0,zg,226.8302436,55.7471867,1.49699998,-0.00700000022,20190623202465,793,0xa,0x4,21.6599998,26.1601582,0.0335847363,-0.0610657744,2.28853096e-05,30,1.07500005,1,0.04584601160501158,374.0,0.12872965889504542,18.625803453824723,19.746746100000003
447,793110400000661,90422729,2458658.7276602597,58658.2272917,19.8722076,0.123365819,0,zg,226.8301798,55.7471391,0.781000018,0.203999996,20190624227188,793,0xa,0x4,22.1100006,26.1743927,0.0278747845,-0.0668997094,1.58148541e-05,30,1.08800006,2,0.040842936577918244,375.0,0.12264093734139339,18.678411347099804,19.872207600000003
448,793110400000661,90618273,2458660.6830261047,58660.1827315,19.7339287,0.111449786,0,zg,226.8301835,55.7471526,1.18499994,-0.0700000003,20190626182732,793,0xa,0x4,21.8099995,26.2040768,0.025448136,-0.0672669485,1.33874664e-05,30,1.07500005,2,0.04639044302329751,377.0,0.12765301743141527,18.634922287473948,19.7339287
449,793110400000661,90619598,2458660.696277902,58660.1959838,19.7893276,0.116113469,0,zg,226.8301404,55.7471458,0.787,-0.0450000018,20190626195949,793,0xa,0x4,21.7900009,26.0301647,0.0307644028,-0.0717455596,1.92170301e-05,30,1.07599998,1,0.044082778508334544,377.0,0.12428901144561488,18.663918165513515,19.7893276
450,793110400000661,90721697,2458661.7172346236,58661.2169792,19.9076767,0.12656796,0,zg,226.8302007,55.7471598,0.179000005,-0.00400000019,20190627216979,793,0xa,0x4,21.7600002,26.2014809,0.0292206239,-0.0708012134,1.73910885e-05,30,1.08599997,2,0.039530228068539036,378.0,0.11973646100581938,18.704433955595213,19.907676700000003
451,793110400000661,90821739,2458662.717613297,58662.2173958,19.8726177,0.123402491,0,zg,226.8301725,55.7471511,0.90200001,0.0120000001,20190628217396,793,0xa,0x4,21.9300003,26.2113171,0.0281418692,-0.0727173463,1.62025772e-05,30,1.08899999,2,0.040827512458042614,379.0,0.12051271960616496,18.6974177818257,19.8726177
452,793110400000661,90922620,2458663.726382931,58663.2262037,19.7553501,0.113235474,0,zg,226.8301772,55.7471996,0.672999978,-0.0130000003,20190629226204,793,0xa,0x4,21.8600006,26.1891289,0.0253173225,-0.0689395592,1.2926921e-05,30,1.10000002,2,0.045484137107413655,380.0,0.12465300925848263,18.6607430817377,19.75535010000001
453,793110400000661,90922711,2458663.7272972995,58663.2271181,19.6563396,0.105170131,0,zg,226.8301606,55.7471471,1.25999999,0.0289999992,20190629227118,793,0xa,0x4,21.8099995,26.1830997,0.0283486303,-0.0672392994,1.63300665e-05,30,1.10000002,1,0.04982693347714709,380.0,0.12848410798464338,18.627876465683777,19.656339600000003
454,793110400000661,91119945,2458665.699560395,58665.199456,19.761549,0.113756388,0,zg,226.8301919,55.7471703,0.652999997,-0.0649999976,20190701199456,793,0xa,0x4,21.9200001,26.2113743,0.0277202185,-0.0668442175,1.54899863e-05,30,1.08200002,2,0.04522518999031503,382.0,0.12388236449781134,18.66747628503675,19.761548999999995
455,793110400000661,91122725,2458665.7273602337,58665.2272569,19.8119392,0.118059635,0,zg,226.8301644,55.7472047,0.448000014,-0.00700000022,20190701227222,793,0xa,0x4,21.9500008,26.2197838,0.0265930984,-0.0740073249,1.45086487e-05,30,1.10699999,2,0.04317420208590575,382.0,0.12082168328977883,18.694637794915444,19.811939200000005
456,793110400000661,91222487,2458666.7249382213,58666.2248727,19.6725883,0.10646072,0,zg,226.8302163,55.7471871,0.81400001,-0.00999999978,20190702224850,793,0xa,0x4,21.7999992,26.2139511,0.0277031083,-0.0724077895,1.58707189e-05,30,1.10699999,2,0.04908679535612154,383.0,0.1267342765599946,18.642764774795502,19.672588299999994
457,793110400000661,91332668,2458667.8267135406,58667.3266898,19.7135258,0.109769888,0,zg,226.8301438,55.7472239,1.26900005,0.130999997,20190703326690,793,0xa,0x4,21.4400005,26.1587315,0.0311019588,-0.0615071952,1.96482852e-05,30,1.40699995,1,0.047270443831671935,384.0,0.12441982613565547,18.66277602469078,19.713525800000006
458,793110400000661,91420248,2458668.7024790575,58668.2024884,19.7260628,0.11079976,0,zg,226.8301279,55.7471584,1.17299998,-0.057,20190704202465,793,0xa,0x4,21.9699993,26.2196217,0.0260886513,-0.0869596973,1.38199221e-05,30,1.09000003,2,0.04672775110805077,385.0,0.12338346536875225,18.671857590632264,19.7260628
459,793110400000661,91930239,2458673.8021945385,58673.3023958,19.6957302,0.108321294,0,zg,226.8302155,55.7471289,0.885999978,-0.0299999993,20190709302396,793,0xa,0x4,21.5,26.1684971,0.0253697876,-0.0598954186,1.35508008e-05,30,1.36899996,1,0.04805160739287669,390.0,0.12421803459683378,18.66453836633071,19.695730200000007
460,793110400000661,92230085,2458676.800543659,58676.3008565,19.6235561,0.102605656,0,zg,226.8301756,55.7471941,0.93900001,-0.159999996,20190712300856,793,0xa,0x4,20.7900009,26.118351,0.0327692144,-0.0288428254,2.64133341e-05,30,1.40100002,1,0.05135438823455448,393.0,0.12513839652269304,18.656523535530816,19.623556099999995
461,793110400000661,92528449,2458679.784068092,58679.2844907,19.9168415,0.127404749,0,zg,226.8301995,55.7472642,0.759000003,-0.0909999982,20190715284468,793,0xa,0x4,20.5,26.1747208,0.0365561321,-0.0397487357,3.94203307e-05,30,1.36199999,1,0.039197954097849645,396.0,0.11160203550186737,18.78081971064737,19.916841499999997
462,793110400000661,92817805,2458682.6775280125,58682.1780556,19.8206692,0.11881765,0,zg,226.8302185,55.747154,0.671000004,0.0810000002,20190718178032,793,0xa,0x4,21.1499996,26.2071304,0.0357656032,-0.0579548515,2.71653826e-05,30,1.10399997,1,0.04282844633400912,399.0,0.1138882578406602,18.758802626103524,19.820669200000005
463,793110400000661,93119503,2458685.6943993466,58685.1950347,19.7992477,0.116964303,0,zg,226.8301754,55.7471732,1.20799994,0.023,20190721195000,793,0xa,0x4,21.9899998,26.1827297,0.0276959538,-0.0677657574,1.56010483e-05,30,1.14100003,1,0.043681839621053625,402.0,0.11343187812361646,18.76316219280495,19.799247700000002
464,793110400000661,93420271,2458688.701979152,58688.2027199,19.8078136,0.117702819,0,zg,226.830202,55.7471759,0.658999979,-0.0430000015,20190724202720,793,0xa,0x4,21.7199993,26.1212654,0.0258365925,-0.0591336712,1.35744331e-05,30,1.17299998,1,0.04333856828020348,405.0,0.11181221608092091,18.778776862172656,19.807813599999996
465,793110400000661,93721864,2458691.7178016687,58691.2186458,19.7175999,0.110103741,0,zg,226.8301509,55.7471741,0.699999988,-0.0949999988,20190727218623,793,0xa,0x4,21.7900009,26.1214466,0.0265912544,-0.0572786182,1.44780506e-05,30,1.23800004,1,0.04709339931543358,408.0,0.11432296755082791,18.754666277061652,19.717599900000003
466,793110400000661,94021663,2458694.7156875753,58694.2166319,19.7997074,0.117003873,0,zg,226.8301049,55.7471336,0.546999991,-0.0170000009,20190730216632,793,0xa,0x4,21.7099991,26.1462994,0.0293031894,-0.0455788933,1.75305286e-05,30,1.25800002,1,0.043663348673490684,411.0,0.10968011875183288,18.799680220007566,19.799707399999996
467,793110400000661,94420277,2458698.701704719,58698.2027778,19.79632,0.116712719,32768,zg,226.8301351,55.7470109,0.916000009,0.114,20190803202755,793,0xa,0x4,20.4799995,25.2088051,0.0520702302,-0.029636547,8.30072167e-05,30,1.24800003,1,0.043799787149368025,415.0,0.10863405032295247,18.810085069704847,19.79632
468,793110400000661,95125921,2458705.7579262005,58705.259213,19.8427868,0.120754093,0,zg,226.8302641,55.747225,0.70599997,-0.136000007,20190810259132,793,0xa,0x4,20.8400002,26.0923157,0.0311601069,-0.0461601913,2.30287187e-05,30,1.63199997,1,0.041964811822340395,422.0,0.10526787801588247,18.84426032865266,19.842786799999992
469,793110400000661,95417998,2458708.678619103,58708.1799884,19.9393196,0.129473075,0,zg,226.8301734,55.7471591,0.720000029,-0.164000005,20190813179954,793,0xa,0x4,20.6399994,26.1248131,0.0345138833,-0.0200002864,3.083919e-05,30,1.26300001,1,0.03839477792699441,425.0,0.09913733351073759,18.909406916147937,19.939319599999997
470,793110400000661,95715625,2458711.6548004495,58711.15625,19.7380714,0.111793451,0,zg,226.8301605,55.7471322,0.418000013,0.00899999961,20190816156227,793,0xa,0x4,20.7399998,26.1766758,0.0354528464,-0.0345310979,3.14949175e-05,30,1.21500003,2,0.046213774406905675,428.0,0.10590315639794448,18.837727739349283,19.738071400000003
471,793110400000661,95722607,2458711.7246249793,58711.2260764,19.6399231,0.103879377,0,zg,226.8302205,55.7470377,0.505999982,-0.0289999992,20190816226076,793,0xa,0x4,20.3400002,26.1217213,0.0382474549,-0.0155861164,4.81058087e-05,30,1.51699996,2,0.05058604895769704,428.0,0.10924760425771514,18.803970195254557,19.639923099999997
472,793110400000661,95724487,2458711.743420773,58711.2448727,19.9702568,0.132356405,0,zg,226.8302232,55.7472019,0.843999982,-0.307000011,20190816244873,793,0xa,0x4,20.1299992,26.1050339,0.0356534421,-0.0108979689,4.57904498e-05,30,1.64699996,1,0.03731618865327471,428.0,0.09597774395329281,18.944573656954795,19.97025680000001
473,793110400000661,96015780,2458714.656274529,58714.1578009,19.790514,0.11621505,0,zg,226.830251,55.7471506,0.256999999,-0.0529999994,20190819157731,793,0xa,0x4,21.6800003,26.1569424,0.0271969717,-0.0640011206,1.52369894e-05,30,1.24399996,1,0.044034634913038495,431.0,0.10269619021305659,18.87111416851743,19.790513999999995
474,793110400000661,96417952,2458718.6779030096,58718.1795255,19.7911129,0.11626628,0,zg,226.8301926,55.7471688,0.55400002,-0.0829999968,20190823179479,793,0xa,0x4,21.5799999,26.1169128,0.0286252871,-0.0510446019,1.68701172e-05,30,1.36899996,1,0.04401035178562418,435.0,0.10166865963096446,18.882032255032662,19.791112899999995
475,793110400000661,96715913,2458721.6574435085,58721.1591319,19.7115402,0.10960754,32768,zg,226.8299983,55.7471191,0.939999998,-0.412,20190826159132,793,0xa,0x4,20.2000008,25.2362556,0.0645009577,-0.0175153688,0.00014991434,30,1.31700003,1,0.0473569713612953,438.0,0.10371457582098059,18.860400511298756,19.711540199999995
476,793110400000661,97017202,2458724.670275285,58724.1720255,19.7344494,0.111492962,0,zg,226.8301194,55.7471766,0.924000025,-0.141000003,20190829171944,793,0xa,0x4,21.6200008,26.1622047,0.0278217532,-0.106865585,1.60347972e-05,30,1.41199994,1,0.04636820031625263,441.0,0.10177707876820499,18.88087504628836,19.734449399999995
477,793110400000661,97416692,2458728.6650969223,58728.1669213,19.7223148,0.110491067,0,zg,226.8302227,55.7471409,0.869000018,-0.135000005,20190902166887,793,0xa,0x4,21.3899994,25.9853287,0.0305902008,-0.046453584,1.94185322e-05,30,1.44299996,2,0.04688933570447466,445.0,0.10137170437943327,18.8852081289456,19.7223148
478,793110400000661,97813302,2458732.631131964,58732.1330208,19.7827873,0.115555182,0,zg,226.8303524,55.74715,0.412,-0.00899999961,20190906133021,793,0xa,0x4,20.5400009,25.9881191,0.036843773,-0.0076342281,3.57708195e-05,30,1.33299994,2,0.044349127481172486,449.0,0.09762958051321452,18.92604644181487,19.782787300000003
479,793110400000661,97816187,2458732.659985697,58732.161875,19.7950935,0.116607435,0,zg,226.8300804,55.74712,0.532999992,-0.0869999975,20190906161806,793,0xa,0x4,20.9599991,25.9859886,0.0331553929,-0.0334203057,2.46437266e-05,30,1.47500002,2,0.04384929345921713,449.0,0.09596467797501632,18.94472147425902,19.7950935
480,793110400000661,97817325,2458732.6713628275,58732.1732523,19.7155457,0.109935358,0,zg,226.8302202,55.7471927,1.04700005,-0.201000005,20190906173241,793,0xa,0x4,21.0,25.9904881,0.0332537144,-0.0272589792,2.43990817e-05,30,1.546,2,0.04718258380882889,449.0,0.09929796832462809,18.90764909312282,19.7155457
481,793110400000661,97915572,2458733.653825227,58733.1557292,19.7292404,0.111062057,0,zg,226.8301411,55.7471916,1.13300002,-0.264999986,20190907155729,793,0xa,0x4,20.8500004,26.1021404,0.0335048288,-0.0350874811,2.62841568e-05,30,1.45599997,2,0.04659119396511611,450.0,0.0987065784809153,18.914134755034276,19.729240400000002
482,793110400000661,97918318,2458733.6812785217,58733.1831829,20.1201363,0.146884114,0,zg,226.8302693,55.7472924,0.702000022,-0.144999996,20190907183183,793,0xa,0x4,20.6900005,26.0574455,0.0359214805,-0.0211131889,3.11366821e-05,30,1.63499999,2,0.03250464894826266,450.0,0.08433435604865688,19.084988667152253,20.120136300000006
483,793110400000661,97920322,2458733.7013245015,58733.2032292,19.7416744,0.11209292,0,zg,226.8301512,55.7469744,0.912999988,-0.0879999995,20190907203229,793,0xa,0x4,20.3299999,26.0402832,0.0377725437,-0.0205870345,4.63124852e-05,30,1.80599999,2,0.04606066884016639,450.0,0.0978903759405606,18.923150009035645,19.7416744
484,793110400000661,98015603,2458734.654111952,58734.1560301,19.85355,0.121704862,0,zg,226.8301528,55.747168,0.606999993,0.0549999997,20190908156030,793,0xa,0x4,20.7800007,26.1211948,0.036050491,-0.0391420797,3.12549892e-05,30,1.47300005,2,0.04155085837024102,451.0,0.09338056547063525,18.974358751263814,19.853550000000006
485,793110400000661,98017648,2458734.674563053,58734.1764815,19.7336617,0.111427665,0,zg,226.8300882,55.7471965,1.27199996,0.0280000009,20190908176447,793,0xa,0x4,20.6100006,26.1085415,0.0342937745,-0.0415135734,2.98824434e-05,30,1.60599995,2,0.04640185258240291,451.0,0.09794807476134182,18.922510239876097,19.733661699999992
486,793110400000661,99113696,2458745.6349344007,58745.1369676,19.8538704,0.121733263,0,zg,226.8302438,55.7471682,0.769999981,-0.063000001,20190919136944,793,0xa,0x4,21.3299999,26.1025772,0.025804,-0.0557611324,1.39792255e-05,30,1.53999996,1,0.04153859854981357,462.0,0.09308482072875249,18.97780283329346,19.853870399999998
487,793110400000661,99513611,2458749.634054961,58749.1361111,20.0449963,0.139490187,0,zg,226.8300938,55.747187,0.577000022,-0.00899999961,20190923136100,793,0xa,0x4,21.0,26.0136242,0.0353933163,-0.0368358679,2.79255291e-05,30,1.61000001,1,0.034833850211097146,466.0,0.08340053951461421,19.097077849800677,20.0449963
488,793110400000661,100413395,2458758.631888956,58758.1339583,19.8527489,0.121633902,0,zg,226.8301519,55.7471447,0.862999976,-0.143999994,20191002133935,793,0xa,0x4,21.0300007,26.0112877,0.0347107612,-0.0425113402,2.61805526e-05,30,1.79700005,1,0.04158152758393886,475.0,0.08912469857910252,19.025004814818054,19.8527489
489,793110400000661,101811982,2458772.6178427134,58772.1198264,19.5615883,0.097902514,0,zg,226.8303409,55.7471468,0.388000011,0.0579999983,20191016119826,793,0xa,0x4,20.2999992,25.9727135,0.036892239,-0.0248544533,4.09225395e-05,30,2.06200004,1,0.054370669403132094,489.0,0.09971926755100369,18.903052300243296,19.561588300000004
490,793110400000661,109655032,2458851.050660587,58850.5503241,19.7859116,0.115821667,0,zg,226.8300414,55.747133,1.35699999,-0.0189999994,20200102550301,793,0xa,0x4,20.9699993,26.2922707,0.0441573374,-0.107958131,4.09962995e-05,30,1.23599994,1,0.04422169246491593,567.0,0.08643090455980429,19.05832735445238,19.7859116
491,793110400000661,109953510,2458854.0355570763,58853.5351042,19.9192295,0.127623379,0,zg,226.8300773,55.7470914,0.911000013,0.050999999,20200105535093,793,0xa,0x4,21.2199993,26.2836876,0.04059745,-0.0915532336,3.42531239e-05,30,1.25800002,1,0.03911183571022637,570.0,0.06843186606782163,19.31185404267662,19.919229499999993
492,793110400000661,110240724,2458856.9086775114,58856.4072454,19.9388084,0.129425764,0,zg,226.8300152,55.7472123,0.522000015,0.0270000007,20200108406528,793,0xa,0x4,20.1000004,28.125906,0.0286683999,-0.10819751,2.54304177e-05,180,2.11199999,2,0.038412859696514416,573.0,0.06735615100174194,19.32905684528172,19.938808399999992
493,793110400000661,110255623,2458857.056808294,58856.5562384,19.9003029,0.125897452,0,zg,226.8299785,55.7471554,0.998000026,-0.0829999968,20200108556204,793,0xa,0x4,21.2399998,26.2886543,0.0403809249,-0.0941855162,3.34412143e-05,30,1.176,1,0.03979961216243976,573.0,0.06837310758148299,19.312786702040903,19.900302900000007
494,793110400000661,110847653,2458862.977334949,58862.4765394,19.7357311,0.11159917,0,zg,226.8299961,55.7471428,0.425999999,0.0260000005,20200114476539,793,0xa,0x4,20.3600006,26.237463,0.0353125744,-0.0246489216,3.65388441e-05,30,1.39699996,2,0.04631349544634772,579.0,0.07488699086539095,19.213984050079738,19.735731100000002
495,793110400000661,110849414,2458862.994939718,58862.4941435,19.7269974,0.110876836,0,zg,226.8301498,55.7472024,0.856999993,-0.187999994,20200114494144,793,0xa,0x4,20.6599998,26.2556076,0.0327135697,-0.0454916917,2.70022356e-05,30,1.31900001,2,0.04668754524119562,579.0,0.0745416415801203,19.219002618258592,19.726997399999995
496,793110400000661,110942730,2458863.9281344083,58863.4273032,19.8185005,0.118628949,0,zg,226.8299002,55.7471235,0.703999996,-0.0649999976,20200115427303,793,0xa,0x4,20.3299999,26.1795101,0.039049875,-0.038634222,4.87412253e-05,30,1.69700003,2,0.04291407936016859,580.0,0.07076817569909327,19.275404999330398,19.818500499999992
497,793110400000661,110945203,2458863.9528691275,58863.452037,19.8589172,0.122180961,0,zg,226.8303272,55.7470559,0.666000009,0.0280000009,20200115452014,793,0xa,0x4,20.3999996,26.2237549,0.0331676304,-0.0545832552,3.4114677e-05,30,1.51800001,2,0.04134596379459419,580.0,0.06908271113896403,19.301576567397113,19.8589172
498,793110400000661,111043167,2458864.9325469085,58864.4316782,19.9172993,0.127446622,0,zg,226.8301685,55.747247,0.805999994,0.0329999998,20200116431678,793,0xa,0x4,20.5100002,26.191988,0.0342150889,-0.0591034293,3.25124347e-05,30,1.63999999,2,0.0391814297886966,581.0,0.06691817713306644,19.336139744581665,19.917299300000003
499,793110400000661,111044630,2458864.9471771643,58864.4463079,19.8623428,0.1224856,0,zg,226.8300817,55.7471725,0.894999981,-0.050999999,20200116446285,793,0xa,0x4,20.9599991,26.2109413,0.0331004746,-0.0626049712,2.43243558e-05,30,1.53699994,2,0.04121571895952892,581.0,0.06883583126280167,19.30546359667401,19.8623428
500,793110400000661,111845119,2458872.9523516246,58872.4511921,20.038765,0.138886571,32768,zg,226.8300573,55.7471597,0.991999984,0.00600000005,20200124451192,793,0xa,0x4,21.0699997,25.7673721,0.0549520366,-0.0726195052,6.68150969e-05,30,1.38699996,1,0.03503434480945274,589.0,0.06265445711272549,19.40762007182584,20.038765000000005
501,793110400000661,112149313,2458875.9944016114,58875.4931366,20.1012955,0.145010754,0,zg,226.8301901,55.747218,0.921999991,-0.0170000009,20200127493137,793,0xa,0x4,21.1200008,26.2737961,0.0478713177,-0.112947866,4.70714149e-05,30,1.204,1,0.0330736251588632,592.0,0.05978571506641741,19.45850643003451,20.1012955
502,793110400000661,112251800,2458877.0193091608,58876.5180093,19.8302631,0.119654812,0,zg,226.8301089,55.7471279,0.458000004,-0.0399999991,20200128517998,793,0xa,0x4,21.4599991,26.288662,0.0419564918,-0.0997200906,3.5669098e-05,30,1.14199996,2,0.04245166808776872,593.0,0.06883439052823422,19.305486321380364,19.830263100000003
503,793110400000661,112252646,2458877.0277700517,58876.5264699,19.9012089,0.125979707,0,zg,226.8301036,55.7471796,0.85799998,0.0540000014,20200128526470,793,0xa,0x4,21.9599991,26.3006306,0.0373560973,-0.10914363,2.81876146e-05,30,1.12800002,2,0.039766414956677584,593.0,0.06604065819550034,19.350471517458253,19.901208899999993
504,793110400000661,112453254,2458879.0339135486,58878.5325463,19.7506313,0.11284025,0,zg,226.8302156,55.7472096,1.14100003,0.0769999996,20200130532512,793,0xa,0x4,21.0300007,26.3079929,0.0379341394,-0.0978516489,2.96994895e-05,30,1.11099994,1,0.045682249349298897,595.0,0.07195649258812165,19.257325034617914,19.750631300000002
505,793110400000661,112647400,2458880.975435336,58880.4740046,19.7827034,0.115548059,0,zg,226.8301759,55.7471722,0.930999994,0.101000004,20200201474005,793,0xa,0x4,21.2700005,26.2801609,0.0416943729,-0.0953150168,3.61143648e-05,30,1.21899998,2,0.04435255468158193,597.0,0.07041177506326796,19.280886767720723,19.782703399999995
506,793110400000661,112648805,2458880.989486787,58880.4880556,19.9739113,0.132699683,0,zg,226.8303432,55.7471261,1.18599999,-0.0729999989,20200201488044,793,0xa,0x4,21.3400002,26.2894154,0.0404134616,-0.0957923532,3.37836282e-05,30,1.18299997,2,0.037190796537254434,597.0,0.06303754272897631,19.401001811133092,19.973911300000005
507,793110400000661,112751288,2458882.0143460347,58881.5128819,19.8331757,0.119909778,0,zg,226.8301381,55.747166,1.13999999,0.116999999,20200202512859,793,0xa,0x4,21.7399998,26.3076687,0.0383259282,-0.097337693,2.97673505e-05,30,1.12800002,1,0.04233793969663162,598.0,0.0681846858883535,19.315782889642087,19.833175700000005
508,793110400000661,112947396,2458883.9754958465,58883.4739699,19.769249,0.11440599,0,zg,226.830066,55.7472907,1.43700004,-0.126000002,20200204473947,793,0xa,0x4,20.5100002,26.2349396,0.0387253277,-0.0546165034,4.01157376e-05,30,1.19700003,2,0.04490558929510899,600.0,0.07064704228233545,19.277265039151068,19.769248999999995
509,793110400000661,112948924,2458883.9907741295,58883.4892477,19.6003189,0.100819923,0,zg,226.8300374,55.7472748,1.04900002,0.481999993,20200204489225,793,0xa,0x4,20.5799999,26.259079,0.0423513427,-0.0808598995,4.88228688e-05,30,1.16100001,2,0.05246533376164074,600.0,0.07799806477414994,19.169790431361427,19.600318899999998
510,793110400000661,113044930,2458884.950861694,58884.4493056,19.7942753,0.11653728,0,zg,226.8298458,55.7471021,1.01100004,0.0140000004,20200205449294,793,0xa,0x4,20.4400005,26.2776432,0.0328654982,-0.0618813448,3.03808283e-05,30,1.26199996,2,0.04388235030452446,601.0,0.06941508131703367,19.296365408113253,19.794275300000002
511,793110400000661,113047401,2458884.9755730503,58884.4740162,19.8373909,0.120279551,0,zg,226.8301289,55.747202,0.680999994,0.0160000008,20200205474016,793,0xa,0x4,20.7999992,26.3017883,0.037244387,-0.0890369862,3.16121696e-05,30,1.19000006,1,0.042173887965211425,601.0,0.06760318099429316,19.325082170805466,19.837390899999995
512,793110400000661,113145704,2458885.958635401,58885.4570486,19.5826721,0.0994815305,0,zg,226.8302462,55.7471833,0.971000016,0.00800000038,20200206457037,793,0xa,0x4,20.2900009,26.2850647,0.0369912758,-0.0386319235,4.33766254e-05,30,1.22899997,2,0.05332503632956165,602.0,0.07875432935864338,19.159313906071695,19.582672100000003
513,793110400000661,113245226,2458886.9538852046,58886.4522685,19.6385384,0.103771076,0,zg,226.8302717,55.7471705,0.43599999,-0.0560000017,20200207452245,793,0xa,0x4,20.5200005,26.2791042,0.0372714922,-0.0377334915,3.75280833e-05,30,1.23500001,2,0.050650605327638605,603.0,0.07597706963633274,19.19829365196353,19.63853840000001
514,793110400000661,113247493,2458886.9765479965,58886.4749306,19.7226276,0.110516772,0,zg,226.8301701,55.7471614,0.637000024,-0.108999997,20200207474896,793,0xa,0x4,20.8199997,26.2771263,0.030984411,-0.0388109796,2.32164202e-05,30,1.17499995,2,0.0468758288585462,603.0,0.0721000692061198,19.255160796043945,19.722627600000003
515,793110400000661,113345321,2458887.954863946,58887.4532176,19.4863548,0.0924445316,0,zg,226.8301954,55.7471686,0.467000008,-0.112000003,20200208453218,793,0xa,0x4,20.5100002,26.2727451,0.0344825052,-0.0580525771,3.396592e-05,30,1.22399998,1,0.058271752564133854,604.0,0.08349599291170745,19.095835916024278,19.486354800000008
516,793110400000661,113345501,2458887.9566580025,58887.4550116,19.7447014,0.11234501,0,zg,226.830126,55.747103,0.904999971,-0.00400000019,20200208455012,793,0xa,0x4,20.5300007,26.2631149,0.0401833653,-0.0532535799,4.61114359e-05,30,1.21899998,2,0.045932431919259685,604.0,0.07105504860149209,19.271012647899546,19.744701400000004
517,793110400000661,113347325,2458887.9748992473,58887.4732523,19.7193012,0.110243373,0,zg,226.8301173,55.7471299,1.03600001,0.0469999984,20200208473252,793,0xa,0x4,20.6100006,26.2647247,0.0386819392,-0.0353241153,4.18265117e-05,30,1.17299998,2,0.04701966385330854,604.0,0.07214228053554093,19.254525332603514,19.719301199999997
518,793110400000661,113745180,2458891.9535657433,58891.4518056,19.7181168,0.110146105,0,zg,226.8302191,55.7471712,1.36699998,0.0769999996,20200212451806,793,0xa,0x4,20.4699993,26.2834759,0.031962011,-0.0571427681,2.80217628e-05,30,1.19799995,2,0.047070984308564504,608.0,0.0721936009907969,19.253753237985386,19.718116799999997
519,793110400000661,113746496,2458891.9667258156,58891.4649653,19.871294,0.123284131,0,zg,226.8301397,55.7472627,0.76700002,-0.0799999982,20200212464965,793,0xa,0x4,20.5300007,26.2976971,0.0344792902,-0.0597365089,3.31162373e-05,30,1.16700006,2,0.0408773186038663,608.0,0.06559935569571636,19.35775106540114,19.871294
520,793110400000661,113836427,2458892.866055806,58892.3642708,19.9413815,0.12966384,0,zg,226.8300374,55.7470687,0.5,-0.226999998,20200213364259,793,0xa,0x4,20.1700001,26.1798363,0.0337071195,-0.0360645056,3.7501035e-05,30,1.574,2,0.03832193236068252,609.0,0.06304396945253257,19.400891125175598,19.9413815
521,793110400000661,113838611,2458892.887896698,58892.3861111,19.4547291,0.0902320072,0,zg,226.8302983,55.7471248,0.565999985,0.0659999996,20200213386088,793,0xa,0x4,20.6100006,26.2161255,0.034986347,-0.0461106375,3.06465336e-05,30,1.44099998,2,0.059994074767108135,609.0,0.08461742409838767,19.08135049870784,19.4547291
522,793110400000661,113947336,2458893.975182879,58893.4733681,19.8147182,0.118300617,0,zg,226.8301824,55.747129,0.947000027,0.0399999991,20200214473368,793,0xa,0x4,21.1200008,26.280077,0.0283185039,-0.0647877231,1.71513893e-05,30,1.13900006,2,0.04306383670529457,610.0,0.0676871860365741,19.32373385119468,19.81471820000001
523,793110400000661,113949130,2458893.9931231607,58893.4913079,19.6781673,0.106906861,0,zg,226.8301763,55.7472047,1.10500002,-0.108000003,20200214491285,793,0xa,0x4,21.2600002,26.2776031,0.0317952409,-0.0535688065,2.1198608e-05,30,1.11199999,1,0.04883521229375036,610.0,0.07336044820157969,19.236345059931843,19.678167300000005
524,793110400000661,113949563,2458893.997451974,58893.4956366,19.9168758,0.127407894,0,zg,226.8302253,55.7471623,0.501999974,0.0289999992,20200214495625,793,0xa,0x4,21.1800003,26.2832661,0.0291444529,-0.0638360232,1.79590279e-05,30,1.10599995,2,0.03919671579651713,610.0,0.06372195170434647,19.38927732725545,19.916875800000007
525,793110400000661,114036716,2458894.869002628,58894.3671644,19.6730022,0.106493846,0,zg,226.8301524,55.7471414,0.541000009,0.00200000009,20200215367141,793,0xa,0x4,21.0,26.2103958,0.0339149795,-0.0670866519,2.43118629e-05,30,1.51900005,2,0.0490680862512635,611.0,0.07359332215909284,19.23290397913697,19.673002200000006
526,793110400000661,114054820,2458895.050049002,58894.548206,19.9398308,0.129520372,0,zg,226.8303023,55.7473037,1.01800001,-0.0260000005,20200215548171,793,0xa,0x4,21.0900002,26.300602,0.0348295793,-0.0718570948,2.62815574e-05,30,1.07500005,2,0.03837670466895674,611.0,0.06280439729630961,19.405024869372546,19.939830800000003
527,793110400000661,114443240,2458898.934347366,58898.4324074,19.8547573,0.121811882,32768,zg,226.8300671,55.7471943,1.22000003,0.0170000009,20200219432384,793,0xa,0x4,21.8500004,26.2834415,0.0455241874,-0.13179478,4.21317964e-05,30,1.199,2,0.04150468097379895,615.0,0.06593237360115183,19.352253222845853,19.854757299999996
528,793110400000661,114444785,2458898.9497991414,58898.4478588,19.951231,0.130578205,32768,zg,226.8300842,55.7471763,1.46399999,0.173999995,20200219447859,793,0xa,0x4,22.1700001,26.2978325,0.0469111167,-0.138817504,4.50629414e-05,30,1.16199994,2,0.0379758584554248,615.0,0.062018996820656015,19.418688157274183,19.951231
529,793110400000661,114444878,2458898.9507250655,58898.4487847,19.8744545,0.12356694,32768,zg,226.8300643,55.7471673,0.74000001,-0.00499999989,20200219448773,793,0xa,0x4,22.1399994,26.3010368,0.047812704,-0.138142332,4.69312836e-05,30,1.15999997,1,0.04075850068863224,615.0,0.06480163905386345,19.37103502301465,19.874454500000006
530,793110400000661,114454730,2458899.049245938,58898.5473032,19.8657379,0.122788034,32768,zg,226.8300849,55.7471433,1.74000001,0.240999997,20200219547303,793,0xa,0x4,22.1200008,26.3131542,0.0453221314,-0.126093552,4.1291536e-05,30,1.07700002,2,0.041087038593499846,615.0,0.06513017695873105,19.365544354614848,19.865737899999992
531,793110400000661,114542730,2458899.929266711,58899.4273032,19.7136154,0.109777205,0,zg,226.8300261,55.747199,0.675000012,-0.0460000001,20200220427303,793,0xa,0x4,21.5300007,26.2710056,0.0393903628,-0.108076498,3.16204641e-05,30,1.20500004,2,0.047266543015811076,616.0,0.0713096813810423,19.267128760050092,19.713615400000002
532,793110400000661,114553207,2458900.0340377786,58899.5320718,19.8288651,0.119532533,0,zg,226.830186,55.7471771,1.13900006,0.160999998,20200220532072,793,0xa,0x4,21.7299995,26.3022747,0.0410548523,-0.113436557,3.45513508e-05,30,1.07500005,1,0.04250636429866565,616.0,0.06645474848548236,19.343684953380908,19.828865099999994
533,793110400000661,114553297,2458900.0349405007,58899.5329745,19.8002987,0.11705476,0,zg,226.8301688,55.7471708,1.07599998,-0.074000001,20200220532975,793,0xa,0x4,21.8500004,26.2986984,0.0399910584,-0.110363863,3.24001921e-05,30,1.07500005,2,0.04363957576358964,616.0,0.06758795995040635,19.325326654850436,19.800298700000006
534,793110400000661,114639156,2458900.893548294,58900.3915625,19.819109,0.11868193,0,zg,226.8300376,55.747193,0.734000027,0.0780000016,20200221391562,793,0xa,0x4,21.4400005,26.2570419,0.037803974,-0.111617818,2.86700524e-05,30,1.31400001,2,0.0428900349366914,617.0,0.0668384191235081,19.33743457670635,19.819109000000005
535,793110400000661,114936096,2458903.8630117723,58903.3609606,19.8616753,0.122426189,0,zg,226.8301345,55.7471294,0.782999992,-0.0689999983,20200224360961,793,0xa,0x4,21.6499996,26.216177,0.0403797217,-0.105116107,3.28241804e-05,30,1.41499996,2,0.04124106577113615,620.0,0.06509524152806968,19.366126893158373,19.861675299999995
536,793110400000661,114953861,2458904.0406660805,58903.5386111,19.9293423,0.128552154,32768,zg,226.8301769,55.7471637,1.324,0.134000003,20200224538576,793,0xa,0x4,21.8899994,26.297821,0.0440060124,-0.122425802,3.9172799e-05,30,1.07799995,1,0.038749230276151334,620.0,0.06232401598802051,19.413361424232413,19.929342299999995
537,793110400000661,115044890,2458904.9509744104,58904.4489005,19.9671841,0.132068098,0,zg,226.8301657,55.7471861,1.06299996,-0.0289999992,20200225448900,793,0xa,0x4,21.2399998,26.2726097,0.0427456871,-0.0909960419,3.69433656e-05,30,1.13,2,0.03742194533248303,621.0,0.06099673104435221,19.43673359802394,19.967184100000004
538,793110400000661,115234018,2458906.842296866,58906.3401852,19.6323261,0.10328652,0,zg,226.8301061,55.7471818,0.981000006,-0.108000003,20200227340185,793,0xa,0x4,20.8799992,26.2080841,0.0372471288,-0.0617414825,3.13713863e-05,30,1.48399997,2,0.05094124560054651,623.0,0.0744239668003911,19.220717964461024,19.632326099999993
539,793110400000661,115253306,2458907.0351825505,58906.5330671,19.9036045,0.126197383,0,zg,226.8304275,55.7472488,0.925000012,-0.104999997,20200227533056,793,0xa,0x4,20.8400002,26.1610432,0.0378030241,-0.0770609453,3.22638007e-05,30,1.079,1,0.039678769906796446,623.0,0.06297893744862548,19.402011677131007,19.903604499999993
540,793110400000661,115253396,2458907.0360853914,58906.5339699,19.8964062,0.125544131,0,zg,226.8300581,55.7470479,0.791000009,0.0529999994,20200227533970,793,0xa,0x4,20.7199993,26.1668262,0.0400795527,-0.0666564256,3.81502832e-05,30,1.08000004,2,0.0399427093389421,623.0,0.06324287688077115,19.397470956233427,19.896406199999994
541,793110400000661,115453528,2458909.037442336,58908.5352894,19.9377003,0.129323214,0,zg,226.8302057,55.747192,1.15900004,0.0960000008,20200229535289,793,0xa,0x4,21.7900009,26.2861233,0.0386348069,-0.102693632,3.0388268e-05,30,1.08399999,1,0.03845208378985798,625.0,0.061752251331687026,19.42336801123934,19.937700299999996
542,793110400000661,115742234,2458911.924552172,58911.4223495,19.8432026,0.120790735,0,zg,226.8302294,55.7471853,0.931999981,-0.075000003,20200303422326,793,0xa,0x4,20.6599998,26.2536144,0.0423741303,-0.0721668154,4.37083909e-05,30,1.14300001,2,0.04194874380515,628.0,0.06506843318583613,19.36657412681597,19.843202600000005
543,793110400000661,115752623,2458912.0284427893,58911.5262384,19.6978054,0.108489439,0,zg,226.8301217,55.7471128,0.85799998,-0.0109999999,20200303525903,793,0xa,0x4,20.8299999,26.2764244,0.0429225229,-0.0822195858,3.92812071e-05,30,1.08299994,1,0.04795985263683016,628.0,0.07081265185737863,19.274722853622954,19.6978054
544,793110400000661,115754920,2458912.0514061684,58911.5492014,19.7341728,0.111470029,0,zg,226.8298588,55.7472452,0.75,0.0109999999,20200303549132,793,0xa,0x4,20.5400009,26.2717113,0.0370412469,-0.0538233817,3.49672518e-05,30,1.10300004,2,0.04638001449172346,628.0,0.06923281371227193,19.29922004433262,19.734172800000003
545,793110400000661,115853821,2458913.0404381473,58912.5382176,19.8180218,0.118587397,0,zg,226.8301006,55.7471728,0.731000006,0.0860000029,20200304538194,793,0xa,0x4,21.8199997,26.2739525,0.0384975784,-0.11348886,2.9979421e-05,30,1.09399998,1,0.04293300430625811,629.0,0.06578580352680659,19.35466954085758,19.818021800000004
546,793110400000661,115853966,2458913.041884965,58912.5396644,19.7746735,0.114865437,0,zg,226.8301995,55.7471837,0.561999977,0.0280000009,20200304539630,793,0xa,0x4,21.7900009,26.2555428,0.0375492871,-0.088293612,2.91288179e-05,30,1.09599996,2,0.04468179379736916,629.0,0.06744663570280178,19.32759927110134,19.7746735
547,793110400000661,115855107,2458913.053297139,58912.5510764,19.6745892,0.10662061,0,zg,226.8302592,55.7471665,1.27699995,0.115000002,20200304551076,793,0xa,0x4,21.1900005,26.2774467,0.0283661745,-0.0540428162,1.7394832e-05,30,1.10800004,2,0.04899641675278082,629.0,0.07176125865821344,19.260274881448275,19.674589200000007
548,793110400000661,115951322,2458914.0154647124,58913.5132292,19.7147732,0.109872058,32768,zg,226.8301561,55.7472759,1.16799998,-0.147,20200305513229,793,0xa,0x4,21.0300007,25.8991756,0.0660336465,-0.0748768076,9.4331619e-05,30,1.079,2,0.047216166105759134,630.0,0.06998100801119175,19.287549515502114,19.714773200000003
549,793110400000661,115951413,2458914.01636743,58913.5141319,19.8998604,0.125857338,0,zg,226.8301431,55.7471815,0.449000001,-0.00300000003,20200305514132,793,0xa,0x4,21.5900002,26.0372715,0.0436580516,-0.107445888,3.99373166e-05,30,1.08000004,1,0.03981583610119002,630.0,0.06249321778317825,19.4104177822065,19.8998604
550,793110400000661,115953322,2458914.0354650146,58913.5332292,19.7736549,0.11477901,32768,zg,226.8301835,55.7471474,0.894999981,-0.0359999985,20200305533137,793,0xa,0x4,21.6200008,26.0731583,0.0417646505,-0.123019435,3.59042133e-05,30,1.09200001,2,0.04472373237410578,630.0,0.067401114056094,19.328332312652215,19.773654900000004
551,793110400000661,116043590,2458914.9381519197,58914.4359028,19.8009567,0.1171114,0,zg,226.8302813,55.7471936,0.358999997,0.0710000023,20200306435868,793,0xa,0x4,20.8099995,26.1353359,0.0385104492,-0.0439074412,3.76315038e-05,30,1.10899997,2,0.04361313643025353,631.0,0.06629051811224176,19.34637146654547,19.800956699999993
552,793110400000661,116044216,2458914.9444136224,58914.4421644,19.8169289,0.118492432,0,zg,226.830098,55.7471643,0.657000005,0.0209999997,20200306442153,793,0xa,0x4,21.0499992,26.2573929,0.0335074589,-0.0613510758,2.48625674e-05,30,1.102,2,0.04297624234480092,631.0,0.06556665737404661,19.358292390879832,19.8169289
553,793110400000661,116046898,2458914.97123111,58914.4689815,19.8925705,0.125197127,0,zg,226.8301721,55.7472032,0.248999998,-0.00499999989,20200306468958,793,0xa,0x4,20.6900005,25.9360485,0.0303233713,-0.0408636145,2.46842974e-05,30,1.08000004,1,0.04008406890340292,631.0,0.06267448393264861,19.407273083437353,19.892570499999998
554,793110400000661,116147224,2458915.974509185,58915.4722454,19.5859184,0.0997265801,0,zg,226.8303786,55.7471364,1.35599995,-0.338999987,20200307472245,793,0xa,0x4,20.5699997,26.2833557,0.0341532491,-0.0426189378,3.08488634e-05,30,1.07799995,2,0.05316583510881666,632.0,0.07575625013806235,19.201453826585755,19.585918400000004
555,793110400000661,118247259,2458936.9750034977,58936.4725926,19.8801365,0.124076545,32768,zg,226.8300604,55.7472042,0.765999973,0.050999999,20200328472581,793,0xa,0x4,21.9599991,26.2796497,0.0375026949,-0.140021354,2.87815947e-05,30,1.09399998,1,0.040545755765512205,653.0,0.06304969422226475,19.400792538306355,19.8801365
556,793110400000661,118247349,2458936.9759062952,58936.4734954,19.9051132,0.126334533,0,zg,226.8301851,55.7471757,1.91299999,0.101999998,20200328473484,793,0xa,0x4,21.9400005,26.246603,0.0356731527,-0.100770943,2.62228587e-05,30,1.09500003,2,0.03962367200440725,653.0,0.06041893423100679,19.447067349497097,19.905113199999995
557,793110400000661,118248325,2458936.9856631937,58936.4832523,19.8534279,0.121694088,0,zg,226.8302046,55.747167,0.796999991,-0.00200000009,20200328483252,793,0xa,0x4,21.5400009,26.2488804,0.0407938026,-0.107760258,3.43638312e-05,30,1.10599995,2,0.041555531370059816,653.0,0.06235079359665936,19.412895036199096,19.853427900000007
558,793110400000661,118545086,2458939.953276146,58939.4508681,19.9440441,0.129910633,32768,zg,226.8302281,55.7471164,0.416000009,0.165999994,20200331450868,793,0xa,0x4,20.5499992,25.3744888,0.0407300293,-0.0632891357,5.10145946e-05,30,1.08399999,1,0.03822806889260629,656.0,0.05902333111920584,19.472440709308664,19.944044100000006
559,793110400000661,118647517,2458940.977579291,58940.4751736,19.9570198,0.131117582,0,zg,226.8302394,55.7472055,0.398999989,0.101000004,20200401475162,793,0xa,0x4,20.9400005,25.7664089,0.0468115769,-0.0715539008,5.05154167e-05,30,1.10899997,1,0.037773922069395026,657.0,0.05834087225917274,19.4850677049832,19.957019800000005
560,793110400000661,118647607,2458940.9784820923,58940.4760764,19.7278481,0.11094708,0,zg,226.830051,55.7472487,0.280999988,-0.0209999997,20200401476076,793,0xa,0x4,21.0100002,25.7882347,0.0579830743,-0.0789197683,7.54561843e-05,30,1.11000001,2,0.04665097877230197,657.0,0.06714265230414279,19.332503767553867,19.727848099999996
561,793110400000661,118745245,2458941.954856522,58941.4524537,19.8659229,0.122804508,0,zg,226.8299711,55.7471937,0.497999996,-0.0219999999,20200402452431,793,0xa,0x4,21.1100006,26.2533188,0.0549955592,-0.10940659,6.4933447e-05,30,1.08899999,2,0.04108003831611817,658.0,0.061571711847959,19.426546929413057,19.865922900000008
562,793110400000661,118747063,2458941.973039355,58941.4706366,19.9744759,0.132752821,32768,zg,226.8300942,55.7471959,1.05799997,0.0410000011,20200402470625,793,0xa,0x4,21.5100002,26.2668991,0.0568948761,-0.129521728,6.72637252e-05,30,1.10699999,2,0.03717146176242316,658.0,0.05758826762167425,19.499164964452426,19.97447590000001
563,793110400000661,118747153,2458941.9739421536,58941.4715394,19.8009224,0.117108405,32768,zg,226.8299862,55.747218,0.912,-0.0450000018,20200402471539,793,0xa,0x4,21.25,26.2683487,0.0556104146,-0.130838558,6.44641477e-05,30,1.10800004,1,0.04361451425499806,658.0,0.06403132011424915,19.384018860915766,19.800922399999997
564,793110400000661,118942591,2458943.928309483,58943.4259144,19.5753403,0.0989299864,0,zg,226.830086,55.7471941,1.13699996,0.0289999992,20200404425914,793,0xa,0x4,20.4699993,26.2627602,0.0343268663,-0.0607130714,3.29305731e-05,30,1.07700002,1,0.053686350200673943,660.0,0.07410315605992504,19.225408237466603,19.5753403
565,793110400000661,119045570,2458944.958096029,58944.455706,19.5094738,0.0940925106,0,zg,226.8303039,55.7471368,0.837000012,0.00899999961,20200405455706,793,0xa,0x4,20.5699997,26.2578163,0.0317677706,-0.0475618392,2.6940741e-05,30,1.09899998,2,0.05704406682899025,661.0,0.07731235319965857,19.17937776915597,19.509473800000002
566,793110400000661,119047137,2458944.973767246,58944.4713773,19.6210632,0.102412827,0,zg,226.8301581,55.7471527,0.885999978,0.171000004,20200405471377,793,0xa,0x4,20.7700005,26.2474213,0.030809693,-0.0487414077,2.34285999e-05,30,1.11899996,1,0.05147243572883561,661.0,0.0716670647914571,19.261700955512957,19.621063200000002
567,793110400000661,119047228,2458944.9746700493,58944.4722801,19.6286297,0.102999076,0,zg,226.830044,55.7470922,0.952000022,0.125,20200405472280,793,0xa,0x4,20.7299995,26.2659855,0.0341112204,-0.0658774301,2.87261882e-05,30,1.12,2,0.051114971148965446,661.0,0.07130960021158694,19.267129995908455,19.628629699999998
568,793110400000661,120039197,2458954.894285485,58954.3919792,19.8541164,0.121755041,0,zg,226.8300408,55.7471688,1.37199998,0.155000001,20200415391944,793,0xa,0x4,21.1700001,26.2695904,0.0453605019,-0.0855813622,4.32348315e-05,30,1.07599998,2,0.041529188034016826,671.0,0.06172381709663832,19.42386806083416,19.854116400000002
569,793110400000661,120039378,2458954.896090973,58954.3937847,19.8965206,0.125554502,0,zg,226.830014,55.7470732,0.943000019,-0.0529999994,20200415393785,793,0xa,0x4,21.3099995,26.2650089,0.0416122526,-0.0923799202,3.58248762e-05,30,1.07700002,1,0.03993850094540791,671.0,0.059418010182829106,19.46520474034667,19.896520599999995
570,793110400000661,120041149,2458954.913799158,58954.4114931,19.7027187,0.108888388,0,zg,226.830096,55.7471635,0.976999998,-0.0410000011,20200415411493,793,0xa,0x4,21.1800003,26.2681637,0.0398349091,-0.087944366,3.35845762e-05,30,1.08500004,2,0.047743309455437616,671.0,0.06722281869285882,19.3312082031456,19.7027187
571,793110400000661,120140748,2458955.909782598,58955.4074884,19.9265785,0.128297895,0,zg,226.8301068,55.7471732,0.83099997,-0.0,20200416407488,793,0xa,0x4,21.5100002,26.2790508,0.0421742089,-0.107468121,3.68975161e-05,30,1.08399999,2,0.03884799418040624,672.0,0.05832750341782744,19.485316530511845,19.926578499999998
572,793110400000661,120140840,2458955.9106969833,58955.4084028,19.8554535,0.121873587,0,zg,226.8301531,55.7471994,0.953000009,0.00899999961,20200416408391,793,0xa,0x4,21.6399994,26.270895,0.040499527,-0.102862455,3.40671468e-05,30,1.08399999,1,0.04147807571141017,672.0,0.060888161232553986,19.438667852620846,19.855453500000003
573,793110400000661,120146141,2458955.96370553,58955.461412,19.704073,0.108998537,0,zg,226.8299435,55.7471697,0.437999994,-0.105999999,20200416460995,793,0xa,0x4,21.0900002,26.2535248,0.0366296209,-0.0723550767,2.87217281e-05,30,1.153,2,0.047683793659415656,672.0,0.06709387918055948,19.333292744262927,19.704073
574,793110400000661,120236782,2458956.8701062812,58956.3678241,19.8507881,0.121460356,0,zg,226.8300495,55.7471602,1.32799995,0.0700000003,20200417367824,793,0xa,0x4,21.3299999,25.8162861,0.0400702693,-0.0914920941,3.48251924e-05,30,1.07599998,2,0.041656690156703514,673.0,0.06106677567784734,19.435487525304517,19.850788099999995
575,793110400000661,120238112,2458956.8834047094,58956.3811227,19.8701344,0.123180471,0,zg,226.8301288,55.7471631,1.07099998,-0.0140000004,20200417381123,793,0xa,0x4,21.9500008,26.2756042,0.0360366777,-0.108593553,2.61502228e-05,30,1.07500005,2,0.04092100017265838,673.0,0.06026203155899333,19.449890578603707,19.870134400000005
576,793110400000661,120834962,2458962.8518241933,58962.3496296,19.9323978,0.128833666,0,zg,226.8301673,55.7471753,1.39199996,0.100000001,20200423349618,793,0xa,0x4,21.6299992,26.2758331,0.0379543118,-0.105381466,2.91374054e-05,30,1.07599998,2,0.038640334736517755,679.0,0.05798136612285271,19.491778890673196,19.932397799999997
577,793110400000661,120835937,2458962.8615694297,58962.359375,19.8235703,0.119070262,0,zg,226.8301982,55.7472129,0.846000016,0.0359999985,20200423359375,793,0xa,0x4,21.25,26.2590084,0.0432677902,-0.0855655968,3.84714403e-05,30,1.07500005,2,0.042714160972005574,679.0,0.061648492395857096,19.425193848853347,19.823570299999993
578,793110400000661,120929715,2458963.7993315426,58963.2971528,19.6990929,0.108593859,0,zg,226.8301548,55.7471466,0.342999995,0.0399999991,20200424297153,793,0xa,0x4,22.0,26.2289486,0.0272880346,-0.0637637675,1.53265064e-05,30,1.11600006,2,0.047903014048481456,680.0,0.06683734547233297,19.33745201744373,19.699092900000004
579,793110400000661,120932350,2458963.8256851956,58963.3235069,19.7910614,0.116261899,0,zg,226.830159,55.7472027,0.884000003,0.0170000009,20200424323484,793,0xa,0x4,21.6900005,26.2487659,0.0292053632,-0.0592179634,1.7524364e-05,30,1.08800006,2,0.044012439389281774,680.0,0.0628802359733006,19.403714592926157,19.791061399999997
580,793110400000661,120934128,2458963.8434626935,58963.3412847,19.7368164,0.11168927,0,zg,226.8302448,55.7472126,0.842999995,-0.0560000017,20200424341273,793,0xa,0x4,21.4799995,26.2535725,0.031610366,-0.0686686113,2.04249609e-05,30,1.07799995,2,0.046267223688222,680.0,0.06513502027224083,19.365463618379188,19.736816400000002
581,793110400000661,120939347,2458963.8956493097,58963.3934722,19.7031746,0.108925417,0,zg,226.8301185,55.7471635,0.992999971,-0.0930000022,20200424393472,793,0xa,0x4,21.8999996,26.2518234,0.0284750443,-0.0657816008,1.63439254e-05,30,1.09000003,2,0.04772326627595875,680.0,0.06659106285997757,19.341460133194396,19.703174600000004
582,793110400000661,120942944,2458963.931620884,58963.4294444,19.7827721,0.115553871,0,zg,226.830245,55.7471887,0.774999976,0.063000001,20200424429410,793,0xa,0x4,21.5599995,26.2444706,0.0277788732,-0.0553226545,1.56030947e-05,30,1.13399994,2,0.04434974836076926,680.0,0.0632175449447881,19.397905935019743,19.782772099999995
583,793110400000661,121034960,2458964.851767036,58964.3496065,19.7726955,0.11469768,0,zg,226.8301727,55.7471612,1.14600003,0.0689999983,20200425349606,793,0xa,0x4,21.9699993,26.2592354,0.0275382381,-0.0715512559,1.54833615e-05,30,1.07500005,1,0.04476326952118449,681.0,0.06363106610520332,19.390827000815285,19.772695500000005
584,793110400000661,121035285,2458964.855019276,58964.3528588,19.8063354,0.117575131,0,zg,226.8302155,55.7471863,0.722000003,0.0270000007,20200425352859,793,0xa,0x4,21.8999996,26.2598991,0.0267138369,-0.0639725253,1.46758293e-05,30,1.07500005,2,0.0433976127342835,681.0,0.062199224926155594,19.415537567709883,19.806335400000002
585,793110400000661,121037038,2458964.87254207,58964.3703819,19.8409061,0.120588608,0,zg,226.8301637,55.7471646,0.545000017,0.0529999994,20200425370382,793,0xa,0x4,21.9300003,26.2635651,0.0248058438,-0.0744273588,1.26103814e-05,30,1.07799995,2,0.042037565789362595,681.0,0.0608391779812347,19.43954165619855,19.840906100000005
586,793110400000661,121126311,2458965.765257585,58965.2631134,19.8298435,0.119618088,0,zg,226.8301302,55.747171,0.603999972,-0.0780000016,20200426263090,793,0xa,0x4,21.9200001,26.2603455,0.0270727128,-0.0834388286,1.47333121e-05,30,1.16600001,2,0.042468077379730795,682.0,0.06126968957160289,19.431885800136378,19.829843500000003
587,793110400000661,121140981,2458965.9119563308,58965.4098148,19.7680836,0.114307553,0,zg,226.8301874,55.747175,0.861000001,-0.0439999998,20200426409803,793,0xa,0x4,22.0699997,26.2689857,0.0286176801,-0.0686974153,1.68982788e-05,30,1.11300004,2,0.044953815623003844,682.0,0.06368959156385628,19.389828840501032,19.768083600000004
588,793110400000661,121241179,2458966.913916982,58966.411794,19.9158287,0.127312019,0,zg,226.8302077,55.7471894,0.99000001,0.0560000017,20200427411794,793,0xa,0x4,21.8999996,26.2463741,0.02876986,-0.0718251094,1.68269344e-05,30,1.11899996,2,0.03923453592121658,683.0,0.057970311862069024,19.491985908137615,19.9158287
589,793110400000661,121243149,2458966.9336157073,58966.4314931,19.680336,0.107080765,0,zg,226.830147,55.7471776,0.995000005,0.116999999,20200427431470,793,0xa,0x4,21.8600006,26.2419453,0.0276743639,-0.0748849288,1.56973165e-05,30,1.153,2,0.048737763925424914,683.0,0.06740804946817812,19.32822059876269,19.680336000000004
590,793110400000661,121326849,2458967.770602062,58967.2684954,19.8937645,0.125305012,0,zg,226.8301324,55.7472252,1.21899998,0.123000003,20200428268032,793,0xa,0x4,21.3099995,26.2327099,0.0384030975,-0.0874893814,3.06596485e-05,30,1.14499998,2,0.04004001209538131,684.0,0.05871029763813451,19.47821429478605,19.893764499999996
591,793110400000661,121328047,2458967.782580944,58967.2804745,19.8607559,0.122344449,0,zg,226.8300277,55.7471443,0.564999998,-0.00499999989,20200428280451,793,0xa,0x4,21.7199993,26.2545738,0.0387102887,-0.10926114,3.06049114e-05,30,1.12399995,2,0.04127600344226108,684.0,0.059881142169809706,19.45677481134873,19.860755900000008
592,793110400000661,121328140,2458967.7835069243,58967.2814005,19.9109287,0.126864448,0,zg,226.8300665,55.74716,0.639999986,0.143000007,20200428281389,793,0xa,0x4,21.8099995,26.2577362,0.0402678922,-0.106783412,3.33177632e-05,30,1.12300003,1,0.03941200416379634,684.0,0.058017142891344964,19.49110915561534,19.910928699999992
593,793110400000661,121430892,2458968.8110099193,58968.3089236,19.781414,0.115438208,0,zg,226.8301276,55.7471831,0.970000029,0.0289999992,20200429308912,793,0xa,0x4,21.8999996,26.3037262,0.033143159,-0.0877308175,2.21103928e-05,30,1.08800006,2,0.044405258234259185,685.0,0.06301039696180781,19.40146946086619,19.781414000000005
594,793110400000661,121445520,2458968.9572916897,58968.4552083,19.7982578,0.11687924,0,zg,226.8301974,55.747163,0.865999997,-0.0329999998,20200429455208,793,0xa,0x4,21.6800003,26.2775517,0.0333802179,-0.0826785564,2.25981657e-05,30,1.22399998,2,0.04372168389517687,685.0,0.062262017138400905,19.414442033343285,19.798257799999995
595,793110400000661,121628295,2458970.784997453,58970.2829514,19.7629662,0.113875747,0,zg,226.8302043,55.7471463,1.32700002,-0.112999998,20200501282940,793,0xa,0x4,21.4099998,26.3022251,0.0310175754,-0.0728572085,1.99476508e-05,30,1.10899997,2,0.04516619653765184,687.0,0.06370652978087588,19.389540127856158,19.7629662
596,793110400000661,121630461,2458970.8066637046,58970.3046181,19.8279934,0.119456358,0,zg,226.8302345,55.7471405,1.01499999,-0.153999999,20200501304606,793,0xa,0x4,21.3899994,26.3053551,0.028881602,-0.0529890358,1.70888634e-05,30,1.08700001,2,0.04254050488989002,687.0,0.06095224223809732,19.43752578361599,19.827993400000004
597,793110400000661,121630604,2458970.808087272,58970.3060417,19.8337383,0.119959086,0,zg,226.8302022,55.7471723,0.430999994,0.0120000001,20200501306030,793,0xa,0x4,21.3799992,26.326107,0.028455399,-0.0819708705,1.67559556e-05,30,1.08599997,1,0.04231600697065273,687.0,0.06072774431886003,19.441532125205505,19.8337383
598,793110400000661,121729084,2458971.7928695837,58971.2908449,19.8264847,0.119324543,0,zg,226.8301676,55.7471621,0.717999995,0.00300000003,20200502290845,793,0xa,0x4,21.1200008,26.3066311,0.0309682582,-0.0694243312,2.0331805e-05,30,1.097,2,0.042599658735746344,688.0,0.061011396083953645,19.436472593041877,19.8264847
599,793110400000661,121730711,2458971.809142437,58971.3071181,19.706068,0.109160915,0,zg,226.8301392,55.7471706,1.01900005,-0.165000007,20200502307106,793,0xa,0x4,21.0799999,26.3141499,0.0322922394,-0.0700337291,2.23130592e-05,30,1.08399999,2,0.04759625690483318,688.0,0.06594419942687355,19.35205849944841,19.706067999999995
600,793110400000661,121826103,2458972.763033695,58972.2610301,19.8482265,0.121233895,0,zg,226.8302156,55.7471595,1.09899998,0.217999995,20200503261030,793,0xa,0x4,21.0799999,26.2843132,0.0309338104,-0.0588506199,2.07983776e-05,30,1.13300002,2,0.041755087681839505,689.0,0.06010303020387988,19.452759079242348,19.848226500000003
601,793110400000661,121828370,2458972.7857067953,58972.2837037,19.6020012,0.100948371,0,zg,226.830252,55.7472399,0.241999999,-0.0599999987,20200503283704,793,0xa,0x4,21.0,26.2789803,0.0290552825,-0.0456489399,1.97290774e-05,30,1.102,2,0.05238410400569575,689.0,0.07066858420117293,19.276934023509476,19.602001199999997
602,793110400000661,121925940,2458973.7613910916,58973.2594097,19.9307213,0.128679186,0,zg,226.8300104,55.7471236,0.444999993,0.0489999987,20200504259410,793,0xa,0x4,20.7099991,26.2825317,0.0316046327,-0.0572425872,2.48966226e-05,30,1.13199997,2,0.038700045890014474,690.0,0.05698452608549165,19.510607648012986,19.930721299999995
603,793110400000661,121945707,2458973.959048707,58973.4570718,19.6847744,0.107437238,0,zg,226.8301992,55.7471966,0.416000009,0.063000001,20200504457060,793,0xa,0x4,21.0599995,26.273447,0.0316912197,-0.0575823076,2.16181288e-05,30,1.27400005,1,0.048538934644524384,690.0,0.06676028284860164,19.33870457994727,19.684774400000002
604,793110400000661,122021386,2458974.7158253477,58974.2138657,19.6921711,0.108033501,0,zg,226.8301424,55.7472546,1.30599999,-0.0540000014,20200505213866,793,0xa,0x4,20.5900002,26.2125969,0.0377176814,-0.038581904,4.00008721e-05,30,1.23000002,2,0.048209381526857775,691.0,0.06643072973093503,19.344077442192166,19.692171100000003
605,793110400000661,122119454,2458975.696485457,58975.1945486,19.9304085,0.128650412,0,zg,226.8300565,55.7471381,1.04200006,0.144999996,20200506194549,793,0xa,0x4,20.3299999,26.2273502,0.0436599515,-0.0385788865,5.95529527e-05,30,1.28499997,2,0.03871119695805902,692.0,0.05686974135838542,19.512796867249016,19.93040849999999
606,793110400000661,122142314,2458975.9250795995,58975.4231481,19.6758957,0.106725082,0,zg,226.8303122,55.74709,0.537,-0.0370000005,20200506423148,793,0xa,0x4,20.4500008,26.2985897,0.034723796,-0.0414098725,3.78597542e-05,30,1.19000006,2,0.04893749330641687,692.0,0.06703355995985055,19.334269289652916,19.675895700000005
607,793110400000661,122219978,2458976.7016930953,58976.1997801,19.5204639,0.0948849544,0,zg,226.8301358,55.7471367,0.90200001,0.107000001,20200507199780,793,0xa,0x4,20.2099991,26.2616482,0.0354214087,-0.0291592851,4.61232521e-05,30,1.25699997,1,0.05646956470556041,693.0,0.07456563135899409,19.2186532513742,19.520463900000003
608,793110400000661,122221424,2458976.716160341,58976.2142477,20.2094269,0.15591982,0,zg,226.8302588,55.7472805,0.458000004,-0.307999998,20200507214248,793,0xa,0x4,20.2000008,26.2847099,0.0367643498,-0.0399827883,4.95454369e-05,30,1.21300006,2,0.029938445042841197,693.0,0.04797235789272829,19.697522337427365,20.209426900000004
609,793110400000661,122421364,2458978.715509488,58978.2136458,19.6202202,0.102347702,0,zg,226.8301806,55.7471319,1.14699996,0.0160000008,20200509213646,793,0xa,0x4,20.9099998,26.2163506,0.0324268825,-0.0397606418,2.41513535e-05,30,1.20000005,2,0.051512416078266565,695.0,0.06954632892815366,19.29431447432807,19.6202202
610,793110400000661,122444326,2458978.945121819,58978.4432639,19.8378372,0.120318726,0,zg,226.8301246,55.7472865,0.500999987,-0.0529999994,20200509443264,793,0xa,0x4,20.1299992,25.9100304,0.0435951687,-0.0387085564,7.10953609e-05,30,1.27400005,2,0.042156555635182995,695.0,0.06006712433510071,19.45340789762836,19.837837200000003
611,793110400000661,122520414,2458979.705982201,58979.2041435,19.9212189,0.127805725,0,zg,226.8302395,55.7471798,0.412999988,0.0599999987,20200510204144,793,0xa,0x4,21.75,26.1625862,0.036262054,-0.0893158242,2.70177516e-05,30,1.21800005,2,0.03904023650947439,696.0,0.05695080520939211,19.511250327973464,19.921218900000007
612,793110400000661,122525428,2458979.756119846,58979.2542824,19.775938,0.114972644,0,zg,226.8301836,55.7471555,0.882000029,-0.0359999985,20200510254062,793,0xa,0x4,21.1599998,26.1797771,0.0335920006,-0.0355986133,2.43571394e-05,30,1.11500001,1,0.0446297855476571,696.0,0.06247915975535982,19.410662049141884,19.775938000000004
613,793110400000661,122542355,2458979.9253863045,58979.4235532,19.711113,0.109572574,0,zg,226.8302312,55.7472318,0.547999978,-0.206,20200510423553,793,0xa,0x4,20.6800003,26.1659489,0.0375639573,-0.0359433182,3.58059842e-05,30,1.22000003,2,0.04737560837338077,696.0,0.0652249825810835,19.363965070524905,19.711113000000005
614,793110400000661,122621395,2458980.71577106,58980.2139583,19.8389626,0.120417617,32768,zg,226.8300981,55.7471554,1.35699999,0.0549999997,20200511213958,793,0xa,0x4,22.1499996,26.2351055,0.0405663438,-0.116667315,3.3542452e-05,30,1.18499994,2,0.042112881667310885,697.0,0.05996225587501361,19.455305091675775,19.838962599999995
615,793110400000661,122719282,2458981.694611237,58981.1928241,19.7847366,0.11572136,0,zg,226.8301236,55.7471733,0.47299999,-0.0359999985,20200512192824,793,0xa,0x4,21.6900005,26.2715836,0.0335673019,-0.104212388,2.30660607e-05,30,1.23599994,2,0.04426957574887913,698.0,0.06205807111651239,19.418004318112047,19.784736599999995
616,793110400000661,122742332,2458981.925102839,58981.4233218,19.7844276,0.115695015,0,zg,226.8301801,55.7472642,0.647000015,-0.0419999994,20200512423322,793,0xa,0x4,21.1599998,26.2727928,0.0341177396,-0.0712989494,2.45301253e-05,30,1.23500001,2,0.04428217664179537,698.0,0.0620101067884551,19.418843801869805,19.784427600000008
617,793110400000661,123130061,2458985.802288313,58985.3006134,19.8315468,0.119767062,0,zg,226.8301524,55.7471964,0.727999985,-0.0680000037,20200516300613,793,0xa,0x4,21.75,26.2850456,0.0362111367,-0.0975541547,2.6632988e-05,30,1.07500005,1,0.04240150580794272,702.0,0.06012943595460245,19.45228217510904,19.831546800000005
618,793110400000661,123221388,2458986.7155378293,58986.2138889,19.7191391,0.110230058,0,zg,226.8301708,55.7471631,0.550999999,0.0359999985,20200517213877,793,0xa,0x4,21.7800007,26.2614956,0.0339057334,-0.0868133083,2.33902338e-05,30,1.14999998,2,0.04702668439520261,703.0,0.06451544975084524,19.375840677052473,19.7191391
619,793110400000661,123244318,2458986.944825225,58986.4431829,19.8828773,0.124323033,0,zg,226.830166,55.7471821,0.621999979,0.0820000023,20200517443183,793,0xa,0x4,21.8199997,26.2623749,0.0299415868,-0.0882401615,1.81720643e-05,30,1.36000001,2,0.04044353235156455,703.0,0.05787327064289035,19.493804933195072,19.882877299999997
620,793110400000661,123319430,2458987.6959262495,58987.1943056,19.8049355,0.117454216,0,zg,226.8301299,55.7471452,1.25,0.131999999,20200518194306,793,0xa,0x4,22.1700001,26.2856083,0.0345480964,-0.0949250087,2.41143971e-05,30,1.18700004,2,0.04345360377548502,704.0,0.060883342066810814,19.43875378968469,19.804935499999992
621,793110400000661,123342192,2458987.923535316,58987.4219213,19.8910542,0.125060081,32768,zg,226.8301174,55.7471693,1.52600002,0.232999995,20200518421921,793,0xa,0x4,22.2900009,26.2825375,0.0415547341,-0.125401124,3.4739056e-05,30,1.28499997,2,0.04014008797542557,704.0,0.057511100953552045,19.500620796208445,19.891054200000006
622,793110400000661,123719589,2458991.6973923785,58991.1958912,19.8150673,0.118330821,0,zg,226.8301749,55.7471488,0.818000019,0.0540000014,20200522195891,793,0xa,0x4,21.9699993,26.2589226,0.0314072222,-0.0822759941,2.02281826e-05,30,1.15799999,2,0.043049992487251325,708.0,0.0604210054653778,19.44703012978065,19.815067300000003
623,793110400000661,123731254,2458991.8140439168,58991.3125463,19.8002682,0.117052108,0,zg,226.8302169,55.7471673,0.555999994,0.0299999993,20200522312546,793,0xa,0x4,21.7900009,26.2957897,0.0330932289,-0.0914788097,2.22058679e-05,30,1.08599997,1,0.04364080168361533,708.0,0.06077989264404247,19.44060017838209,19.800268199999998
624,793110400000661,123742204,2458991.923542817,58991.4220486,19.8569889,0.122009814,0,zg,226.8301502,55.7471472,0.736999989,-0.0320000015,20200522422049,793,0xa,0x4,21.8899994,26.2616177,0.0312221982,-0.0799828991,1.99948809e-05,30,1.32799995,2,0.04141946071098329,708.0,0.05855855167141043,19.481024183054352,19.856988899999997
625,793110400000661,123821363,2458992.715104099,58992.2136343,20.0104637,0.136165321,0,zg,226.8301129,55.7471624,1.23399997,0.133000001,20200523213623,793,0xa,0x4,22.0900002,26.2798843,0.0347743109,-0.111830495,2.41716152e-05,30,1.12199998,2,0.035959572496118454,709.0,0.05309866345654559,19.58729102595698,20.010463699999995
626,793110400000661,123844412,2458992.945582999,58992.4441204,19.8913231,0.125084311,0,zg,226.8301487,55.7471298,0.572000027,-0.00400000019,20200523444120,793,0xa,0x4,21.6700001,26.2197838,0.0392068923,-0.100249544,3.11624317e-05,30,1.44599998,2,0.04013014786925015,709.0,0.05721199369353606,19.50628229476103,19.8913231
627,793110400000661,124021550,2458994.716916253,58994.2155093,19.9506035,0.130519778,0,zg,226.8301111,55.7471952,1.38100004,0.143999994,20200525215509,793,0xa,0x4,22.0300007,26.255415,0.0323950127,-0.0864638686,2.16535373e-05,30,1.11199999,2,0.03799781290312673,711.0,0.05507965872741264,19.54752189821918,19.950603499999993
628,793110400000661,124026215,2458994.763558283,58994.2621528,19.8346386,0.12003801,0,zg,226.8301483,55.7471706,0.995000005,-0.0280000009,20200525262037,793,0xa,0x4,21.9699993,26.2723427,0.0361067019,-0.0906735584,2.64807568e-05,30,1.07599998,1,0.0422809327877312,711.0,0.05924915776770816,19.46829454702614,19.834638599999998
629,793110400000661,124044276,2458994.9441658864,58994.4427662,19.7948952,0.116590448,0,zg,226.8301969,55.7471509,0.736999989,-0.0450000018,20200525442755,793,0xa,0x4,21.3099995,26.227314,0.0335752778,-0.0618147627,2.29060261e-05,30,1.46899998,2,0.043857302871598926,711.0,0.060825527851575883,19.439785283796716,19.794895200000006
630,793110400000661,124119320,2458995.694581741,58995.193206,19.8775654,0.123845845,0,zg,226.8302127,55.7471712,1.301,0.30399999,20200526193206,793,0xa,0x4,21.9500008,26.2402744,0.0307048839,-0.0758408979,1.92789976e-05,30,1.14199996,2,0.04064188475341718,712.0,0.057610109733394144,19.498753243865544,19.8775654
631,793110400000661,124142343,2458995.9248058116,58995.4234375,19.9026337,0.126109093,0,zg,226.8301683,55.7471794,0.901000023,-0.0529999994,20200526423438,793,0xa,0x4,21.9300003,26.241312,0.0320204757,-0.0803194791,2.067899e-05,30,1.38300002,2,0.03971426414194345,712.0,0.05662610975170747,19.517458184111355,19.902633700000003
632,793110400000661,124221370,2458996.7150465213,58996.2137037,19.9769592,0.132986516,0,zg,226.8300854,55.7471855,0.899999976,0.0850000009,20200527213704,793,0xa,0x4,21.9799995,26.2827606,0.0310628153,-0.0822681859,1.99349997e-05,30,1.10699999,2,0.03708654020639028,713.0,0.05399838581615429,19.569048056072894,19.976959200000003
633,793110400000661,124244266,2458996.943997339,58996.442662,19.8033276,0.117315531,0,zg,226.8301647,55.7471602,0.986000001,-0.00800000038,20200527442650,793,0xa,0x4,21.75,26.2168064,0.0317690969,-0.0698027462,2.05694996e-05,30,1.50100005,2,0.043518003222017425,713.0,0.060373754412015104,19.447879540500402,19.803327599999996
634,793110400000661,124319577,2458997.6970863137,58997.1957755,19.8373833,0.120278828,0,zg,226.830215,55.7471389,0.981999993,-0.00100000005,20200528195764,793,0xa,0x4,21.7900009,26.2477875,0.0282748546,-0.0664907321,1.6444159e-05,30,1.12899995,2,0.04217418317750078,714.0,0.05902993436749847,19.47231924912341,19.837383299999992
635,793110400000661,124321967,2458997.720985937,58997.2196759,20.0138798,0.136492118,0,zg,226.8302373,55.7471503,1.26999998,0.147,20200528219676,793,0xa,0x4,21.9200001,26.2542858,0.0296222139,-0.0678890124,1.80172246e-05,30,1.097,1,0.03584660910154692,714.0,0.052646549026142415,19.596575228718727,20.013879800000005
636,793110400000661,124421726,2458998.718545697,58998.2172685,19.7770271,0.115065165,0,zg,226.8302311,55.7471602,0.754999995,-0.0909999982,20200529217269,793,0xa,0x4,21.6700001,26.2677612,0.0255678575,-0.0626571774,1.31205343e-05,30,1.097,2,0.04458503993732263,715.0,0.061384979861918126,19.429844705741935,19.777027100000005
637,793110400000661,124444243,2458998.9437002796,58998.4424306,19.8963985,0.12554349,0,zg,226.830067,55.7471854,0.351000011,-0.0250000004,20200529442431,793,0xa,0x4,21.8299999,26.2026825,0.0320191979,-0.0872472003,2.09218142e-05,30,1.53400004,2,0.039942992612126756,715.0,0.05668740264328141,19.516283603665293,19.896398499999997
638,793110400000661,124519479,2458999.6960364203,58999.1947917,19.8371582,0.120259166,0,zg,226.8300006,55.7470496,1.11800003,-0.0189999994,20200530194792,793,0xa,0x4,20.6800003,26.2899036,0.0331739262,-0.0656411946,2.72623365e-05,30,1.12199998,2,0.04218292783644152,716.0,0.05892733786759618,19.474207945943952,19.837158199999998
639,793110400000661,124542238,2458999.9236213625,58999.4223843,19.7409,0.11202845,0,zg,226.8301641,55.7472273,0.884000003,-0.0610000007,20200530422373,793,0xa,0x4,21.3099995,26.2305965,0.0362627655,-0.0846913755,2.72930774e-05,30,1.43200004,2,0.04609353327389267,716.0,0.06278269301472228,19.405400148782142,19.740900000000003
640,793110400000661,124622567,2459000.726881467,59000.2256713,19.8052311,0.117479727,0,zg,226.8303366,55.74713,0.787999988,-0.0970000029,20200531225660,793,0xa,0x4,20.8299999,26.2788429,0.0326282829,-0.050929375,2.45616011e-05,30,1.08500004,2,0.04344177480927768,717.0,0.0601309345501073,19.452255115831086,19.805231100000007
641,793110400000661,124624706,2459000.7482696483,59000.2470602,19.9410095,0.129629403,0,zg,226.8302128,55.7471101,0.493999988,-0.00400000019,20200531247049,793,0xa,0x4,21.0900002,26.289566,0.0293244738,-0.0623653308,1.83564225e-05,30,1.07599998,1,0.03833506464939291,717.0,0.054969251947603937,19.549700432792072,19.9410095
642,1827101200004651,124627920,2459000.7804097612,59000.2792014,19.7475948,0.0940377116,0,zg,226.8302334,55.7471613,0.925999999,-0.129999995,20200531279155,1827,0x1,0x2,21.0,26.3059196,0.0335645229,-0.0703079328,2.48724209e-05,30,1.11199999,3,0.04581018862479197,717.0,0.062444375923003,19.411266676074682,19.747594799999995
643,793110400000661,124719291,2459001.6940941415,59001.1929167,19.7864151,0.115864597,0,zg,226.8301732,55.7472116,0.409999996,-0.0160000008,20200601192905,793,0xa,0x4,21.0400009,26.2172279,0.0354310721,-0.0530564189,2.83839836e-05,30,1.11600006,2,0.04420118982337245,718.0,0.060835377121583475,19.43960948847343,19.786415099999992
644,793110400000661,124742219,2459001.9233687087,59001.4221991,19.7858105,0.115813002,0,zg,226.8302269,55.7471797,0.388000011,0.0430000015,20200601422199,793,0xa,0x4,21.4300003,26.1259212,0.0334092043,-0.0622058734,2.29741963e-05,30,1.46099997,2,0.04422581042768472,718.0,0.060805301388845684,19.440146386376064,19.785810500000004
645,793110400000661,125021310,2459004.7141755773,59004.2131019,19.5129356,0.0943415016,0,zg,226.8301971,55.7472026,0.681999981,0.0450000018,20200604213102,793,0xa,0x4,20.5799999,26.2784634,0.0376872644,-0.0373097137,3.85202948e-05,30,1.08700001,2,0.05686247514437307,721.0,0.07344196610553404,19.235139263022113,19.5129356
646,793110400000661,125038146,2459004.8825376933,59004.3814699,19.8022652,0.117224023,0,zg,226.8301297,55.7471417,0.801999986,-0.280999988,20200604381470,793,0xa,0x4,20.3299999,26.2427044,0.0381618887,-0.0275885183,4.63672368e-05,30,1.30799997,2,0.04356060671419597,721.0,0.05997764807427784,19.4550264209823,19.8022652
647,793110400000661,125119262,2459005.6936668255,59005.1926273,19.5550613,0.0974180996,32768,zg,226.8303405,55.7470949,0.731999993,-0.209000006,20200605192616,793,0xa,0x4,20.0300007,25.999691,0.053015817,-0.0469866805,0.000112987698,30,1.10300004,2,0.05469850795801456,722.0,0.07111554931809644,19.2700885774749,19.5550613
648,793110400000661,125519399,2459009.6948907343,59009.1939931,19.7729626,0.114720315,0,zg,226.8301314,55.7471988,0.549000025,-0.0350000001,20200609193993,793,0xa,0x4,21.0400009,26.3326893,0.0396853872,-0.0646118745,3.26606205e-05,30,1.09099996,2,0.04475225874463774,726.0,0.06111569103150379,19.434618183332596,19.772962599999993
649,793110400000661,125538204,2459009.8829394393,59009.3820486,19.7466469,0.112507284,0,zg,226.8302033,55.7472299,0.850000024,-0.137999997,20200609382037,793,0xa,0x4,20.4500008,26.2925491,0.0365778878,-0.0406733043,3.89331763e-05,30,1.36800003,2,0.04585020058950174,726.0,0.06200185590714963,19.41898827632813,19.746646899999995
650,793110400000661,125638196,2459010.88282241,59010.3819676,19.9330769,0.128896326,0,zg,226.830266,55.7471938,0.305999994,-0.0759999976,20200610381968,793,0xa,0x4,21.0300007,26.2860069,0.030176172,-0.0352115855,1.98309917e-05,30,1.38,2,0.038616173760315904,727.0,0.05476782907796379,19.553686183927205,19.933076899999996
651,793110400000661,125719424,2459011.695073137,59011.1942477,19.961916,0.131574884,0,zg,226.8300734,55.7471386,1.046,0.141000003,20200611194248,793,0xa,0x4,21.9400005,26.1949463,0.034153074,-0.081675835,2.39322017e-05,30,1.08599997,2,0.03760396155470696,728.0,0.053703329231115045,19.57499697560751,19.961915999999995
652,793110400000661,125738167,2459011.8824967844,59011.3816782,19.7711658,0.114568174,0,zg,226.8301619,55.7472058,0.485000014,-0.0689999983,20200611381667,793,0xa,0x4,21.2399998,26.1195965,0.034410689,-0.0475759767,2.54300539e-05,30,1.39199996,2,0.044826381198512656,728.0,0.060873720625257095,19.43892538297427,19.7711658
653,793110400000661,125821281,2459012.7136008795,59012.2128125,19.8330765,0.119901113,0,zg,226.8301472,55.7471702,1.51900005,0.0909999982,20200612212812,793,0xa,0x4,22.0599995,26.3527813,0.0337535143,-0.0919078737,2.31828453e-05,30,1.07599998,2,0.042341808145958525,729.0,0.058389147572702964,19.484169662495752,19.833076499999997
654,793110400000661,125830178,2459012.8025675244,59012.3017824,19.8852692,0.124538258,0,zg,226.8301769,55.7471642,1.02900004,0.0199999996,20200612301782,793,0xa,0x4,21.7399998,26.3430233,0.0344144404,-0.0922998786,2.41298876e-05,30,1.14499998,1,0.04035453245812414,729.0,0.05635010142359925,19.522763244844604,19.885269200000003
655,793110400000661,125838160,2459012.882390972,59012.3816088,19.7763405,0.115006849,0,zg,226.8303072,55.7472205,0.426999986,-0.107000001,20200612381609,793,0xa,0x4,21.2199993,26.2961311,0.0303223915,-0.0426983163,1.90601277e-05,30,1.40499997,2,0.04461324362952142,729.0,0.060608812594996536,19.44366056074268,19.776340499999996
656,793110400000661,125920554,2459013.706296085,59013.205544,19.9064922,0.126460075,0,zg,226.8301838,55.7471566,1.22800004,0.0769999996,20200613205544,793,0xa,0x4,21.9300003,26.3350372,0.0316180624,-0.0881150365,2.05258093e-05,30,1.07799995,2,0.03957337768965219,730.0,0.05556894665512731,19.537919588664657,19.906492199999995
657,793110400000661,125938146,2459013.882215482,59013.3814699,19.8620605,0.122460462,0,zg,226.8302399,55.7472093,0.488999993,0.0719999969,20200613381458,793,0xa,0x4,21.2800007,26.2865067,0.0293579176,-0.0678778067,1.76606554e-05,30,1.41799998,2,0.041226436765717606,730.0,0.05717049146683324,19.507070185879563,19.862060500000005
658,793110400000661,126021282,2459014.713539189,59014.2128241,19.8844681,0.124466144,0,zg,226.8301931,55.7471521,0.876999974,-0.0710000023,20200614212812,793,0xa,0x4,22.0400009,26.3549309,0.0316333957,-0.103290789,2.02360097e-05,30,1.07500005,2,0.04038431864854665,731.0,0.056328373349662286,19.523181975340783,19.8844681
659,793110400000661,126038067,2459014.8813801515,59014.3806713,19.9190025,0.127602607,0,zg,226.8300986,55.7471771,0.771000028,0.0439999998,20200614380671,793,0xa,0x4,21.5300007,26.2845898,0.0345909931,-0.0856412798,2.43445429e-05,30,1.42799997,2,0.03912001386147067,731.0,0.05501280891588927,19.54884044927224,19.919002499999998
660,793110400000661,126119378,2459015.694463599,59015.1937847,19.9040127,0.126234472,0,zg,226.8301098,55.7471769,0.856000006,0.0289999992,20200615193773,793,0xa,0x4,21.8500004,26.2895584,0.0324056707,-0.0911520123,2.14824922e-05,30,1.08000004,2,0.0396638548386156,732.0,0.0555566498930342,19.538159876056135,19.904012700000003
661,793110400000661,126138166,2459015.882338603,59015.3816667,19.9105282,0.126827911,0,zg,226.8301814,55.7471693,0.93900001,0.107000001,20200615381667,793,0xa,0x4,21.3299999,26.2144661,0.0308675449,-0.0695239455,1.97544377e-05,30,1.44799995,2,0.03942654491430642,732.0,0.05526833337223956,19.543809078646568,19.91052820000001
662,793110400000661,126220733,2459016.707979371,59016.207338,19.9631271,0.131688178,0,zg,226.8301996,55.7471602,0.762000024,0.0579999983,20200616207338,793,0xa,0x4,21.6000004,26.3071423,0.0361693054,-0.0866941065,2.67923024e-05,30,1.07500005,1,0.03756203906307855,733.0,0.05340382752101168,19.581069038529513,19.9631271
663,793110400000661,126221555,2459016.7161966637,59016.2155556,19.8763618,0.123737872,0,zg,226.8301816,55.747183,0.865999997,-0.0979999974,20200616215405,793,0xa,0x4,21.4699993,26.2923546,0.0343313292,-0.0704569593,2.4690471e-05,30,1.07500005,2,0.040686963563251834,733.0,0.056477996918965725,19.520301786550796,19.876361800000005
664,793110400000661,126238040,2459016.8810399887,59016.3804051,19.8836479,0.124392308,32768,zg,226.8300113,55.7471367,0.72299999,0.00899999961,20200616380394,793,0xa,0x4,20.8199997,25.5260391,0.0827492028,-0.0620130561,0.000174557601,30,1.45599997,2,0.04041483778600661,733.0,0.0562058711417205,19.525545791536707,19.883647899999993
665,793110400000661,126319436,2459017.6949680867,59017.1943634,20.0083714,0.135965332,0,zg,226.8301554,55.7471152,0.388999999,-0.00400000019,20200617194363,793,0xa,0x4,21.9699993,26.3439102,0.0359323323,-0.0999635607,2.62208578e-05,30,1.07799995,2,0.036028936264963445,734.0,0.051819969620677336,19.613757114885324,20.00837140000001
666,793110400000661,126338208,2459017.882680934,59017.3820833,19.9788342,0.133163169,0,zg,226.8301103,55.7471581,1.92299998,0.131999999,20200617382083,793,0xa,0x4,21.6000004,26.2729092,0.0403502695,-0.0840493441,3.3307635e-05,30,1.48199999,2,0.03702254929051961,734.0,0.05276307749338163,19.594174703615202,19.9788342
667,793110400000661,126421930,2459018.7198720626,59018.2193056,19.9716148,0.132483914,32768,zg,226.8301851,55.7471502,0.962000012,-0.057,20200618219155,793,0xa,0x4,21.8500004,25.6974888,0.0572088324,-0.131804749,7.1638111e-05,30,1.07700002,2,0.03726954407635191,735.0,0.053010072279213935,19.589104009032006,19.971614800000005
668,793110400000661,126438030,2459018.8808612903,59018.3803009,19.8393574,0.1204523,0,zg,226.8301595,55.7471243,0.86500001,-0.0350000001,20200618380301,793,0xa,0x4,21.5599995,26.2487373,0.0381307192,-0.0792297944,2.93494795e-05,30,1.48699999,2,0.042097571186608444,735.0,0.057787842653582236,19.49540879598205,19.839357400000004
669,793110400000661,126519371,2459019.6942453072,59019.1937153,19.8456478,0.121006273,0,zg,226.8301424,55.7471882,1.58200002,0.147,20200619193715,793,0xa,0x4,22.1599998,26.3072319,0.0360642113,-0.099408865,2.6659347e-05,30,1.07599998,2,0.041854376820313254,736.0,0.057544648287287045,19.499987649997458,19.845647800000002
670,793110400000661,126527002,2459019.7705502403,59019.2700231,19.8203716,0.118791714,0,zg,226.8301359,55.7471945,1.097,0.0930000022,20200619270023,793,0xa,0x4,21.9500008,26.3019257,0.0369797423,-0.0973378792,2.7926666e-05,30,1.12399995,1,0.04284018720857443,736.0,0.058480448834927326,19.482473257114883,19.82037160000001
671,793110400000661,126538076,2459019.881286838,59019.3807639,19.9313259,0.128734887,0,zg,226.8300342,55.7471535,1.40900004,0.137999997,20200619380764,793,0xa,0x4,21.7199993,26.2252159,0.0390350372,-0.0796833634,3.06591173e-05,30,1.50600004,2,0.03867850149077058,736.0,0.05431876311712347,19.562625319643068,19.931325899999997
672,793110400000661,126621311,2459020.713605171,59020.2131134,19.869009,0.123079918,0,zg,226.8301332,55.7471772,0.898999989,0.074000001,20200620213113,793,0xa,0x4,22.1299992,26.2956181,0.036675889,-0.0963457301,2.74235226e-05,30,1.07599998,2,0.040963438077074,737.0,0.056603699703426893,19.517887954349483,19.869009
673,793110400000661,126637952,2459020.8800109583,59020.3795255,19.8783474,0.123916,0,zg,226.8301463,55.7471855,0.263000011,0.00200000009,20200620379525,793,0xa,0x4,21.7800007,26.2114315,0.0372585095,-0.0816689581,2.80487438e-05,30,1.51600003,2,0.04061262303125013,737.0,0.05620312020154456,19.525598933110366,19.878347400000003
674,793110400000661,126719236,2459021.6928160507,59021.1923611,19.90098,0.125958934,32768,zg,226.8301378,55.7471752,1.05400002,0.158000007,20200621192350,793,0xa,0x4,22.2299995,26.330759,0.0405625328,-0.114651009,3.36656849e-05,30,1.07500005,2,0.03977479958263939,738.0,0.05536529675293382,19.541905919909162,19.900979999999997
675,793110400000661,126821306,2459022.7134835925,59022.2130671,19.9156361,0.127294481,0,zg,226.8300924,55.747129,0.783999979,0.057,20200622213056,793,0xa,0x4,22.0799999,26.3383808,0.0326704346,-0.0952676982,2.16100798e-05,30,1.07799995,2,0.03924149639822702,739.0,0.05478247299839176,19.553395916636624,19.915636099999993
676,793110400000661,126837966,2459022.880074547,59022.3796644,19.7220268,0.110467345,0,zg,226.8302011,55.7471349,0.790000021,0.0549999997,20200622379653,793,0xa,0x4,21.5599995,26.2493629,0.0335855447,-0.0741074085,2.27489945e-05,30,1.55200005,2,0.04690177511638687,739.0,0.062393473543656305,19.412152089584517,19.722026800000002
677,793110400000661,126922626,2459023.7266398435,59023.2262616,19.8295498,0.119592354,0,zg,226.8301213,55.747148,0.425000012,0.00899999961,20200623226262,793,0xa,0x4,22.0799999,26.3251686,0.0357670672,-0.0969897956,2.59434073e-05,30,1.08700001,2,0.04247956687545558,740.0,0.057971265302725006,19.491968051126086,19.829549800000002
678,793110400000661,126924635,2459023.7467316776,59023.2463542,19.8976822,0.125659823,0,zg,226.8301021,55.7471816,0.261999995,0.00300000003,20200623246308,793,0xa,0x4,21.6900005,26.3185387,0.0366422348,-0.0924101546,2.75947186e-05,30,1.10599995,1,0.03989579466531452,740.0,0.05533845584025287,19.542432408859263,19.8976822
679,793110400000661,127122343,2459025.723740192,59025.2234375,19.8388939,0.120411649,0,zg,226.8301144,55.7471693,0.500999987,0.0410000011,20200625223426,793,0xa,0x4,21.7800007,26.1124516,0.033100985,-0.0974453986,2.22516064e-05,30,1.08899999,2,0.04211554644581973,742.0,0.057558207620758084,19.499731846451773,19.838893899999995
680,793110400000661,127124094,2459025.7412511273,59025.2409491,19.9723206,0.13255021,0,zg,226.8301038,55.7471455,1.19799995,0.144999996,20200625240949,793,0xa,0x4,22.0300007,26.3076305,0.0332940929,-0.0979162529,2.22736526e-05,30,1.10599995,2,0.037245324292572206,742.0,0.05259062786934862,19.597729110494136,19.972320599999996
681,793110400000661,127222719,2459026.727463759,59026.2271991,19.718195,0.110152565,32768,zg,226.8300156,55.7472051,1.38199997,-0.0,20200626227199,793,0xa,0x4,20.1299992,25.0848598,0.0694676265,-0.0559158996,0.000200524315,30,1.09500003,2,0.04706759414951832,743.0,0.062412897726294735,19.41181413346427,19.718195
682,793110400000661,127223534,2459026.735611561,59026.2353472,20.0461273,0.139599815,32768,zg,226.8300758,55.7470708,0.563000023,-0.144999996,20200626235347,793,0xa,0x4,20.8899994,25.7189369,0.0916165784,-0.0452300124,0.000208126614,30,1.10300004,1,0.03479758304806543,743.0,0.050094563378628464,19.650523510819845,20.046127300000002
683,793110400000661,127320546,2459027.7056905907,59027.205463,19.7499294,0.112781532,0,zg,226.8302225,55.7471883,0.80400002,-0.0820000023,20200627205463,793,0xa,0x4,21.3199997,26.2145519,0.0321076177,-0.0583630726,2.12135819e-05,30,1.08099997,2,0.0457117912742146,744.0,0.061008771604777634,19.436519298305676,19.749929400000006
684,793110400000661,127434951,2459028.8496980555,59028.3495139,19.6222782,0.102506757,0,zg,226.8301509,55.7471907,1.375,-0.0930000022,20200628349514,793,0xa,0x4,21.0100002,26.189743,0.0407094322,-0.0807876214,3.54735457e-05,30,1.46700001,2,0.05141486738963164,745.0,0.06666375959374518,19.340275493386308,19.622278200000004
685,793110400000661,127523733,2459029.7374885464,59029.237338,19.5150261,0.0944921747,0,zg,226.8302099,55.7472001,1.05499995,-0.180000007,20200629237326,793,0xa,0x4,20.4799995,26.2987309,0.0346320271,-0.0376659855,3.2326443e-05,30,1.11600006,1,0.05675309623743619,746.0,0.0719541340104509,19.25736062327777,19.515026099999993
686,793110400000661,127524821,2459029.748367728,59029.2482176,19.6637154,0.105754353,0,zg,226.8301698,55.7472164,1.58399999,0.173999995,20200629248194,793,0xa,0x4,20.5100002,26.3232231,0.0350819081,-0.0442105792,3.34595934e-05,30,1.13300002,2,0.04948958819009372,746.0,0.06464300381466488,19.373696177697546,19.663715399999994
687,793110400000661,127529159,2459029.7917456524,59029.2915972,19.6045341,0.10114187,0,zg,226.8299201,55.7472778,0.477999985,0.206,20200629291586,793,0xa,0x4,20.1000004,26.3151321,0.0407488309,-0.0486674532,6.07449692e-05,30,1.23300004,2,0.052262040240396095,746.0,0.06741545586496725,19.328101311059406,19.604534100000002
688,793110400000661,127634434,2459030.844448844,59030.3443403,19.6853905,0.107486807,0,zg,226.8301039,55.7470653,0.838,-0.0920000002,20200630344329,793,0xa,0x4,20.25,26.2111092,0.0399562009,-0.0503924191,5.16350519e-05,30,1.46899998,2,0.048511399084438835,747.0,0.06366481470900999,19.390251301403232,19.685390500000004
689,793110400000661,127718233,2459031.682414849,59031.182338,20.0460968,0.139597043,0,zg,226.8301934,55.7472277,0.411000013,0.00300000003,20200701182326,793,0xa,0x4,21.0699997,26.2685871,0.031892214,-0.0452863686,2.3543178e-05,30,1.07599998,2,0.03479856057942648,748.0,0.04990458493488772,19.65464888040804,20.046096800000008
690,793110400000661,127732186,2459031.821934927,59031.3218634,19.8394222,0.120458074,0,zg,226.8302704,55.7471932,0.335000008,0.0130000003,20200701321863,793,0xa,0x4,20.7900009,26.2401562,0.0342896022,-0.0314236358,2.84689395e-05,30,1.36800003,2,0.04209505875200716,748.0,0.05715392132485606,19.507384918363194,19.839422199999994
691,793110400000661,127837082,2459032.870853599,59032.3708218,19.6848984,0.107447214,0,zg,226.8302402,55.7471171,1.30900002,-0.273000002,20200702370810,793,0xa,0x4,20.5799999,26.2040043,0.0334574953,-0.0379065908,3.03667239e-05,30,1.68799996,1,0.04853339141571532,749.0,0.06359225398856422,19.39148945360295,19.6848984
692,793110400000661,127838690,2459032.8869408756,59032.3869097,19.8999081,0.12586166,0,zg,226.8302485,55.7471828,0.414000005,-0.0579999983,20200702386898,793,0xa,0x4,20.4200001,26.1742592,0.0353401601,-0.0314078741,3.62704632e-05,30,1.83299994,2,0.03981408689760386,749.0,0.05482601579198502,19.552533282903248,19.899908099999998
693,793110400000661,127920474,2459033.7047457537,59033.2047454,20.104229,0.145301536,0,zg,226.8303924,55.7471147,0.433999985,0.0480000004,20200703204745,793,0xa,0x4,20.5900002,26.3307743,0.0335985348,-0.0452315025,3.01146538e-05,30,1.09200001,2,0.0329843856842674,750.0,0.04799631457864856,19.69698027216544,20.104228999999997
694,793110400000661,127924197,2459033.7419781224,59033.2419792,19.7385445,0.111832649,0,zg,226.8301585,55.7471937,0.720000029,-0.192000002,20200703241979,793,0xa,0x4,20.7399998,26.3392544,0.0343623012,-0.0554844476,2.88049414e-05,30,1.14100003,2,0.04619364154792745,750.0,0.06115886349520337,19.433851484013736,19.738544499999996
695,793110400000661,128020642,2459034.706386125,59034.2064236,19.7486496,0.112674505,0,zg,226.8302781,55.7471065,0.870999992,-0.0450000018,20200704206424,793,0xa,0x4,20.6700001,26.3161869,0.037928395,-0.0277854335,3.69233276e-05,30,1.09599996,2,0.045765705330910816,751.0,0.06073092727818674,19.441475219360335,19.7486496
696,793110400000661,128023517,2459034.7351350263,59034.2351736,19.6964588,0.108380273,0,zg,226.8301999,55.7471707,0.921999991,-0.263999999,20200704235174,793,0xa,0x4,20.3299999,26.3160877,0.0446452051,-0.0292858034,6.26294132e-05,30,1.13399994,2,0.048019372438856324,751.0,0.0629381128076598,19.402715708748737,19.696458799999995
697,793110400000661,128220479,2459036.704678943,59036.2047917,19.8967094,0.125571668,0,zg,226.8301495,55.7472238,0.546999991,0.138999999,20200706204792,793,0xa,0x4,20.9500008,26.3273335,0.0357441902,-0.046665296,2.95048321e-05,30,1.10000002,1,0.03993155659430311,753.0,0.05485029696310659,19.552052541960215,19.8967094
698,793110400000661,128220572,2459036.70561641,59036.2057292,19.7230587,0.110552303,0,zg,226.8301054,55.7471561,0.674000025,0.0359999985,20200706205718,793,0xa,0x4,20.9200001,26.3337097,0.0334859975,-0.0295651145,2.54487823e-05,30,1.10099995,2,0.04685722014092413,753.0,0.06168366805839209,19.424574521481865,19.723058700000003
699,793110400000661,128223245,2459036.7323399093,59036.2324537,19.5652771,0.0981771648,0,zg,226.8303255,55.7471456,0.947000027,-0.164000005,20200706232442,793,0xa,0x4,20.7600002,26.3290386,0.035426788,-0.0325493701,3.1307678e-05,30,1.13800001,2,0.054186257938071046,753.0,0.06901270585553901,19.302677361020876,19.565277099999996
700,793110400000661,128321920,2459037.719050546,59037.2192014,19.6638718,0.105766766,0,zg,226.8300439,55.7471625,0.333999991,0.0399999991,20200707219190,793,0xa,0x4,20.4899998,26.3275604,0.03421757,-0.0272202473,3.1746993e-05,30,1.12100005,2,0.0494824597420403,754.0,0.06430890765950825,19.379322168022433,19.663871800000003
701,793110400000661,128322160,2459037.7214578493,59037.2216088,19.9958935,0.134777069,0,zg,226.8299891,55.747227,1.35500002,-0.0670000017,20200707221551,793,0xa,0x4,20.3500004,26.3356094,0.044389654,-0.039630305,5.94068988e-05,30,1.125,1,0.03644538983640227,754.0,0.05122602420477569,19.62627337406726,19.9958935
702,793110400000661,128426075,2459038.7605624194,59038.2607523,19.7830811,0.115580171,0,zg,226.8301629,55.747191,0.583999991,-0.0670000017,20200708260625,793,0xa,0x4,21.1299992,26.347826,0.0316527262,-0.069931671,2.20037e-05,30,1.21500003,2,0.044337128239709964,755.0,0.059117762608083387,19.470705026914935,19.783081099999997
703,793110400000661,128426168,2459038.7614998873,59038.2616898,19.7795963,0.115283504,0,zg,226.8301962,55.7471576,0.841000021,-0.159999996,20200708261690,793,0xa,0x4,20.9400005,26.3153477,0.032678999,-0.0288966056,2.40553727e-05,30,1.21800005,1,0.04447966216468193,755.0,0.059214703000185206,19.468926111611985,19.7795963
704,793110400000661,128518351,2459039.6832941645,59039.1835185,19.8237762,0.119088247,0,zg,226.8301362,55.7471714,0.451000005,-0.0260000005,20200709183519,793,0xa,0x4,21.9400005,26.3553619,0.0267363284,-0.0871868208,1.46503007e-05,30,1.08800006,2,0.042706061387753465,756.0,0.05744110222325674,19.5019430877881,19.823776200000005
705,793110400000661,128520505,2459039.70483276,59039.2050579,19.9016933,0.126023769,0,zg,226.8302006,55.747166,0.647000015,-0.00999999978,20200709205058,793,0xa,0x4,22.1000004,26.3545876,0.0299116243,-0.0946604609,1.81409523e-05,30,1.10899997,1,0.03974867717202058,756.0,0.05443834317710522,19.560237752389163,19.901693299999998
706,793110400000661,128622019,2459040.719933837,59040.2201968,19.9237919,0.128041804,0,zg,226.8301592,55.7471365,0.913999975,0.0780000016,20200710220197,793,0xa,0x4,21.8999996,26.3373318,0.031470608,-0.087362051,2.01334296e-05,30,1.13600004,2,0.038947827693040865,757.0,0.05363749369812551,19.57632880871143,19.923791900000005
707,793110400000661,128623743,2459040.7371669915,59040.2374306,19.9867058,0.133906335,0,zg,226.8301819,55.7471385,0.786000013,-0.0540000014,20200710237407,793,0xa,0x4,21.7600002,26.1685047,0.050940156,-0.0792089626,5.36100852e-05,30,1.16999996,2,0.03675510603619514,757.0,0.0513996146087649,19.62260034326639,19.986705800000003
708,793110400000661,128623980,2459040.7395395027,59040.2398032,19.7540855,0.11312943,0,zg,226.830238,55.74718,0.465000004,0.111000001,20200710239803,793,0xa,0x4,22.0300007,26.327774,0.0299476422,-0.088687107,1.82343301e-05,30,1.176,1,0.04553714514934224,757.0,0.060181653721912004,19.45133970631067,19.754085499999995
709,793110400000661,128720023,2459041.699932143,59041.2002315,19.3247223,0.0816348642,32768,zg,226.8301032,55.7471674,0.773000002,-0.0109999999,20200711200220,793,0xa,0x4,19.9200001,24.4632645,0.058797922,-0.0187972672,0.00017175806,30,1.11000001,1,0.06762559200297177,758.0,0.08227010057554154,19.111894929416657,19.324722299999998
710,793110400000661,128720603,2459041.70573053,59041.2060301,19.8236446,0.119076833,0,zg,226.8301808,55.7471801,1.18200004,0.0209999997,20200711206030,793,0xa,0x4,21.5,26.0314579,0.0355518572,-0.0745570213,2.68747935e-05,30,1.11800003,2,0.04271123802114708,758.0,0.05731080526395431,19.50440872326171,19.8236446
711,793110400000661,128736306,2459041.862761628,59041.3630671,19.6910458,0.107942611,0,zg,226.8302115,55.7471941,1.48199999,-0.169,20200711363067,793,0xa,0x4,20.8799992,26.0322456,0.0323685743,-0.022109434,2.45782085e-05,30,1.84099996,2,0.04825937354143926,758.0,0.06285894078424649,19.404082353532836,19.691045800000005
712,793110400000661,128820284,2459042.702510741,59042.2028472,19.8366261,0.120212361,0,zg,226.8301592,55.7471553,0.421000004,0.0460000001,20200712202847,793,0xa,0x4,21.9699993,26.2565956,0.0295461696,-0.085913375,1.78461851e-05,30,1.11699998,2,0.042203606005577717,759.0,0.05680317324838494,19.514068505538965,19.836626099999997
713,793110400000661,128820569,2459042.7053578384,59042.2056944,19.7730751,0.114729911,0,zg,226.8302155,55.7471469,1.04700005,0.104000002,20200712205694,793,0xa,0x4,21.9699993,26.2650642,0.028045997,-0.0848461315,1.61627868e-05,30,1.12199998,1,0.04474762192009341,759.0,0.05930246265005598,19.467318178346382,19.773075099999993
714,793110400000661,128831802,2459042.817680028,59042.3180208,19.8349571,0.120065913,0,zg,226.8300829,55.7472073,0.916999996,-0.145999998,20200712318009,793,0xa,0x4,21.4200001,26.1313553,0.0333547406,-0.0414793976,2.27582932e-05,30,1.50699997,2,0.04226853152300749,759.0,0.05682337225297006,19.513682490269154,19.834957100000004
715,793110400000661,128919813,2459043.6977634467,59043.1981366,19.8395824,0.120472103,0,zg,226.8301702,55.7471792,1.88999999,0.202000007,20200713198113,793,0xa,0x4,21.8500004,26.2704906,0.02985912,-0.0841021687,1.81724554e-05,30,1.11500001,2,0.042088848098906076,760.0,0.056643688828868645,19.517121179174246,19.839582400000005
716,793110400000661,128919906,2459043.6986893103,59043.1990625,19.7818546,0.115475759,0,zg,226.8301229,55.7471753,0.552999973,0.0560000017,20200713199063,793,0xa,0x4,21.7600002,26.2567844,0.0328933708,-0.0642295331,2.22238359e-05,30,1.11600006,1,0.044387241898960615,760.0,0.058897569656400195,19.474756563821337,19.781854599999996
717,793110400000661,128922181,2459043.721443074,59043.2218171,19.9404964,0.129581928,0,zg,226.8302222,55.7471426,0.495000005,0.00800000038,20200713221817,793,0xa,0x4,21.75,26.2572842,0.0298093706,-0.0698889494,1.83607717e-05,30,1.15400004,2,0.0383531854139964,760.0,0.05286351317143598,19.59210994541197,19.940496399999994
718,793110400000661,129020129,2459044.7008863115,59044.2012963,19.7869701,0.115912043,0,zg,226.8301261,55.7471427,0.573000014,0.0820000023,20200714201296,793,0xa,0x4,21.8899994,26.3311977,0.0315748788,-0.0903922096,2.04350836e-05,30,1.12300003,2,0.04417860110307312,761.0,0.0586889288605127,19.478609541951876,19.786970099999998
719,793110400000661,129037320,2459044.872789614,59044.373206,19.7394753,0.111910015,0,zg,226.8300325,55.7471868,0.748000026,0.101999998,20200714373194,793,0xa,0x4,20.8199997,26.1770325,0.0359948054,-0.0525649898,2.94986585e-05,30,2.046,2,0.04615405677956344,761.0,0.0606200838373658,19.44345866835055,19.739475300000002
720,793110400000661,129124377,2459045.743324988,59045.2437731,19.8871727,0.124709822,0,zg,226.8301054,55.7471571,0.470999986,-0.0209999997,20200715243762,793,0xa,0x4,21.8700008,26.3207016,0.0326810218,-0.0909492299,2.16977733e-05,30,1.22099996,2,0.04028384534639213,762.0,0.05474987240419449,19.55404222154923,19.8871727
721,793110400000661,129128484,2459045.7843998712,59045.2848495,19.7906265,0.116224654,0,zg,226.8301648,55.7471747,0.593999982,-0.0109999999,20200715284838,793,0xa,0x4,21.5499992,26.3027153,0.0308049135,-0.0871835425,1.96036563e-05,30,1.37300003,2,0.044030072442189136,762.0,0.05845200981488726,19.483001378641625,19.790626499999995
722,793110400000661,129222037,2459046.719886771,59046.2203704,19.6287804,0.103010833,0,zg,226.8301819,55.7471794,0.691999972,-0.0860000029,20200716220347,793,0xa,0x4,21.6299992,26.337492,0.0327755697,-0.0874193162,2.19949234e-05,30,1.16900003,1,0.05110787689204174,763.0,0.06552981426473987,19.358902657475475,19.628780400000004
723,793110400000661,129222223,2459046.7217501043,59046.2222338,19.7818642,0.115476593,0,zg,226.8302195,55.7471835,1.45000005,0.150999993,20200716222234,793,0xa,0x4,21.6399994,26.3365135,0.0317958593,-0.0818502158,2.04560274e-05,30,1.17299998,2,0.04438684943195409,763.0,0.058764906884734916,19.47720486916878,19.781864199999994
724,793110400000661,129235035,2459046.849870383,59046.3503588,19.7263412,0.11082276,0,zg,226.8302079,55.7471598,0.734000027,-0.0700000003,20200716350359,793,0xa,0x4,21.1200008,26.2186718,0.0376136713,-0.0678074136,3.02432527e-05,30,1.85000002,2,0.046715770906841675,763.0,0.0610938283596225,19.43500664889185,19.7263412
725,793110400000661,129329160,2459047.79108637,59047.2916088,19.8124313,0.118102275,0,zg,226.8302688,55.7471411,1.06900001,0.0209999997,20200717291597,793,0xa,0x4,21.6299992,26.294714,0.0304305814,-0.0733807087,1.87457717e-05,30,1.43400002,2,0.04315463820777619,764.0,0.057532695660557014,19.500213192214282,19.812431300000007
726,793110400000661,129426495,2459048.7643962437,59048.2649537,19.7213306,0.110410109,0,zg,226.8301372,55.7471383,1.25,-0.156000003,20200718264896,793,0xa,0x4,21.6299992,26.3030434,0.0284753125,-0.0637765601,1.66727004e-05,30,1.32200003,2,0.0469318592997063,765.0,0.061266245357341716,19.431946835425727,19.72133060000001
727,793110400000661,129429170,2459048.791142969,59048.2917014,19.7432823,0.112226814,0,zg,226.8301956,55.747188,0.825999975,-0.116999999,20200718291528,793,0xa,0x4,21.6000004,26.2887039,0.0291537717,-0.0690470561,1.73206827e-05,30,1.449,2,0.045992506669096954,765.0,0.06028342862479989,19.449505137804344,19.743282299999997
728,793110400000661,129519833,2459049.6977424575,59049.1983333,19.8136864,0.118211076,0,zg,226.8301564,55.7471792,0.99000001,-0.0949999988,20200719198333,793,0xa,0x4,21.8199997,26.3292408,0.0323727317,-0.0887226239,2.10848993e-05,30,1.14100003,2,0.04310478070825146,766.0,0.0573957026639544,19.502801557297623,19.8136864
729,793110400000661,129530177,2459049.8011762165,59049.3017708,19.8809242,0.124147348,0,zg,226.830111,55.747094,0.730000019,0.00800000038,20200719301759,793,0xa,0x4,21.3199997,26.2501011,0.0351690352,-0.057977248,2.58671698e-05,30,1.52499998,1,0.040516350548083384,766.0,0.054764014472289596,19.55376180861048,19.880924200000003
730,793110400000661,129531770,2459049.817113136,59049.3177083,19.6985664,0.108551115,0,zg,226.8301614,55.7471829,0.344000012,0.0299999993,20200719317697,793,0xa,0x4,21.3099995,26.2329559,0.0323026069,-0.0567327514,2.11276765e-05,30,1.63499999,2,0.047926249022961415,766.0,0.062173912947167634,19.415979498063187,19.698566399999997
731,793110400000661,129625027,2459050.7496495,59050.2502778,19.7070923,0.109244369,0,zg,226.8300863,55.7471744,1.13300002,0.0280000009,20200720250174,793,0xa,0x4,21.3099995,26.3059654,0.0399617366,-0.0799313411,3.34436299e-05,30,1.28699994,2,0.04755137504874619,767.0,0.0617990389729524,19.42254569625809,19.707092299999992
732,793110400000661,129718172,2459051.6810632907,59051.1817245,19.7371616,0.111717835,0,zg,226.8300904,55.7472099,1.12300003,-0.123000003,20200721181725,793,0xa,0x4,21.2600002,26.2958984,0.0378686897,-0.0783947706,3.00782413e-05,30,1.12199998,2,0.04625251578143223,768.0,0.06045712653050864,19.446381245674196,19.7371616
733,793110400000661,129732112,2459051.8204565137,59051.3211227,19.5884418,0.0999174565,0,zg,226.8301694,55.7471729,1.05299997,0.00999999978,20200721321123,793,0xa,0x4,21.4500008,26.1709709,0.0319714993,-0.0597860925,2.09631762e-05,30,1.70599997,2,0.053042413888401946,768.0,0.0672041751132821,19.33150936303752,19.58844179999999
734,793110400000661,129828613,2459052.7854342666,59052.2861343,19.8375015,0.120289311,0,zg,226.8301967,55.7471685,0.757000029,-0.0920000002,20200722286134,793,0xa,0x4,21.7700005,26.2682743,0.0285129547,-0.0700577721,1.63505356e-05,30,1.47899997,2,0.04216959208337352,769.0,0.05633135330825367,19.523124537798047,19.837501499999995
735,793110400000661,129830744,2459052.806741309,59052.3074421,19.7798328,0.11530368,0,zg,226.8302447,55.7471935,1.26400006,0.0289999992,20200722307442,793,0xa,0x4,21.6700001,26.2551041,0.031911958,-0.0774991661,2.10068683e-05,30,1.62,1,0.04446997445744425,769.0,0.05858908861219171,19.48045814411649,19.7798328
736,793110400000661,129832091,2459052.8202131283,59052.3209144,19.6531448,0.104917899,0,zg,226.8302093,55.7471551,1.80900002,-0.0590000004,20200722320914,793,0xa,0x4,21.5900002,26.2275791,0.0299225841,-0.0653722957,1.82712374e-05,30,1.72800004,2,0.04997376612564735,769.0,0.06409288028039481,19.382975527867167,19.6531448
737,793110400000661,129920354,2459053.7028097236,59053.2035417,19.8405685,0.120558821,0,zg,226.8301955,55.7471768,0.799000025,0.00800000038,20200723203530,793,0xa,0x4,22.0100002,26.3223362,0.0323612355,-0.0902216211,2.1176329e-05,30,1.17400002,2,0.04205063902832896,770.0,0.05616975318307642,19.5262437111599,19.840568499999996
738,793110400000661,129934298,2459053.8422491923,59053.3429861,19.817234,0.118518941,0,zg,226.8300465,55.7471447,1.05999994,0.172999993,20200723342986,793,0xa,0x4,21.4300003,26.1951466,0.0322391428,-0.0652093068,2.15450473e-05,30,1.97800004,2,0.04296416739569021,770.0,0.05704083574599052,19.50953529987799,19.817234000000006
739,793110400000661,130026458,2459054.763814574,59054.2645833,19.8475399,0.121173263,0,zg,226.8301476,55.7470966,0.510999978,0.111000001,20200724264583,793,0xa,0x4,21.4200001,26.2703552,0.033572372,-0.0700941086,2.30362439e-05,30,1.39400005,2,0.0417815011972777,771.0,0.05585816954757801,19.53228325019527,19.847539900000008
740,793110400000661,130131148,2459055.810676807,59055.3114815,19.7096214,0.109450758,0,zg,226.8301355,55.7472004,0.611999989,0.00800000038,20200725311470,793,0xa,0x4,21.4200001,26.2019958,0.030039208,-0.060498219,1.83428201e-05,30,1.71700001,2,0.04744073839298138,772.0,0.061475161024563234,19.428250812553323,19.709621399999996
741,793110400000661,130228126,2459056.780423915,59056.2812616,19.8235683,0.119070187,0,zg,226.8301283,55.7472363,0.680999994,0.115999997,20200726281250,793,0xa,0x4,21.0,26.2385387,0.0367638506,-0.0479410738,2.92819368e-05,30,1.51600003,2,0.04271423965447017,773.0,0.056706615481280406,19.515915681717452,19.823568299999998
742,793110400000661,130326476,2459057.763897642,59057.2647685,19.8670444,0.122904561,0,zg,226.8303166,55.7470829,0.829999983,-0.119000003,20200727264757,793,0xa,0x4,21.2099991,26.2335167,0.0339674652,-0.0508960634,2.43024915e-05,30,1.43599999,2,0.041037627022709564,774.0,0.054988153795407,19.54932715332881,19.867044400000005
743,793110400000661,130528106,2459059.7801267784,59059.2810648,19.5930424,0.100266181,0,zg,226.8302262,55.7471505,0.610000014,-0.0189999994,20200729281065,793,0xa,0x4,20.8700008,26.2519131,0.0325368866,-0.0414333344,2.49226723e-05,30,1.56799996,2,0.05281813229130535,776.0,0.0667270066055492,19.339245893247387,19.593042399999995
744,793110400000661,130529438,2459059.7934481227,59059.2943866,19.6315594,0.103226855,0,zg,226.8301204,55.7472004,0.609000027,0.0599999987,20200729294387,793,0xa,0x4,20.6000004,26.2336693,0.0322320573,-0.0259785615,2.67884843e-05,30,1.66600001,2,0.050977230811444896,776.0,0.06480338541583064,19.371005763525325,19.631559400000008
745,793110400000661,130621844,2459060.7174803335,59060.2184491,19.7275181,0.110919818,0,zg,226.83024,55.7471597,1.31200004,-0.291000009,20200730218449,793,0xa,0x4,20.8700008,26.2962875,0.0371594243,-0.0342360847,3.19539104e-05,30,1.27100003,2,0.04666516008330996,777.0,0.060491314687695696,19.445767441632633,19.727518100000005
746,793110400000661,130924548,2459063.7444199026,59063.2454861,19.4235668,0.088098675,0,zg,226.8302703,55.7472193,0.55400002,0.0769999996,20200802245486,793,0xa,0x4,20.4799995,26.2679901,0.0384706631,-0.0234935097,4.24800164e-05,30,1.421,2,0.06174094607195428,780.0,0.07552603115487902,19.204758341508217,19.423566799999996
747,793110400000661,130926326,2459063.7621971173,59063.2632639,19.5682774,0.0984011069,0,zg,226.8300523,55.7471932,0.423000008,0.0680000037,20200802263264,793,0xa,0x4,20.2800007,26.2577515,0.0376460068,-0.0284832884,4.39090509e-05,30,1.523,1,0.054036727501871946,780.0,0.06769975190322836,19.32353230713708,19.568277399999992
748,793110400000661,131018543,2459064.684344035,59064.1854398,19.5820122,0.0994318351,0,zg,226.8304107,55.7471263,1.11099994,-0.437000006,20200803185440,793,0xa,0x4,20.1800003,26.2039318,0.0393241905,-0.0289959274,5.19790083e-05,30,1.20299995,2,0.053357456624023525,781.0,0.06702048102537993,19.334481148581084,19.5820122
749,793110400000661,131119842,2459065.6972985524,59065.1984259,19.7881393,0.116011962,0,zg,226.8300261,55.7471915,0.455000013,0.119000003,20200804198426,793,0xa,0x4,20.4099998,26.3008251,0.0374480747,-0.0260615367,4.02551741e-05,30,1.24899995,2,0.044131051967316134,782.0,0.05775376841140989,19.496049182404,19.788139300000005
750,793110400000661,131220425,2459066.703100997,59066.2042593,19.6992741,0.108608544,0,zg,226.8301399,55.7471202,1.48800004,-0.233999997,20200805204259,793,0xa,0x4,20.7299995,26.2600117,0.0322799012,-0.0385048054,2.61889872e-05,30,1.278,2,0.04789502011603532,783.0,0.06147761624494956,19.42820745083798,19.699274100000004
751,793110400000661,131320377,2459067.702584408,59067.2037731,19.7312202,0.11122562,0,zg,226.8301875,55.7471633,1.12300003,-0.248999998,20200806203773,793,0xa,0x4,21.1299992,26.3058147,0.0284037162,-0.0535285957,1.70781059e-05,30,1.28600001,1,0.04650631404930933,784.0,0.06004897642089314,19.453735977669616,19.731220200000003
752,793110400000661,131322196,2459067.720778347,59067.2219676,19.6763725,0.106763221,0,zg,226.830173,55.7471686,0.578000009,-0.148000002,20200806221968,793,0xa,0x4,20.9400005,26.2982445,0.0279389657,-0.0466682538,1.81548494e-05,30,1.36000001,2,0.048916007171905765,784.0,0.062418921267618596,19.41170935285698,19.676372500000006
753,793110400000661,131418158,2459068.6803675555,59068.1815856,19.7184219,0.110171147,0,zg,226.830165,55.7471869,1.33899999,0.0350000001,20200807181574,793,0xa,0x4,21.7800007,26.3200226,0.0325901955,-0.0772616491,2.15048749e-05,30,1.22300005,2,0.04705775886796974,785.0,0.060560672963682574,19.44452326876047,19.718421900000003
754,793110400000661,131529854,2459069.797290507,59069.2985417,19.8711452,0.123270825,0,zg,226.8302813,55.7472846,0.86500001,-0.101000004,20200808298530,793,0xa,0x4,20.6399994,26.1905556,0.0342601426,-0.0388745032,3.17749254e-05,30,1.96899998,2,0.04088292121876179,786.0,0.054346271450433865,19.562075615790967,19.871145199999994
755,793110400000661,131622214,2459070.720863076,59070.2221412,19.8209572,0.118842669,0,zg,226.8301944,55.747153,0.282000005,0.0489999987,20200809222141,793,0xa,0x4,21.75,26.2991829,0.0316911675,-0.077673547,2.01517469e-05,30,1.39999998,2,0.04281708726104895,787.0,0.05624105697938689,19.524866314742916,19.820957200000002
756,793110400000661,131824049,2459072.7391618276,59072.2404977,19.7705307,0.114514373,0,zg,226.8301493,55.7471421,0.975000024,0.075000003,20200811240486,793,0xa,0x4,21.4400005,26.1905804,0.0317959748,-0.0548392013,2.08510974e-05,30,1.53400004,2,0.04485261000318829,789.0,0.05823738150389054,19.48699540051401,19.770530700000002
757,793110400000661,131922148,2459073.720118204,59073.2214815,19.7493954,0.112736881,0,zg,226.8302036,55.7471704,0.976999998,-0.0250000004,20200812221470,793,0xa,0x4,21.4300003,26.2607555,0.0289284475,-0.0516822189,1.71530282e-05,30,1.43900001,2,0.04573427933370213,790.0,0.0590411971067626,19.472112113582845,19.749395400000004
758,793110400000661,131924107,2459073.7397125475,59073.2410764,19.8509655,0.121476069,0,zg,226.8301998,55.7471724,0.764999986,0.00899999961,20200812241076,793,0xa,0x4,21.2800007,26.2457523,0.0293015782,-0.052533187,1.79315266e-05,30,1.55599999,2,0.04164988436620743,790.0,0.05491814455683658,19.550710360231484,19.850965499999994
759,793110400000661,132117671,2459075.675296289,59075.176713,19.7637024,0.113937743,32768,zg,226.830072,55.7471663,0.574999988,-0.125,20200814176701,793,0xa,0x4,20.8500004,25.6003132,0.196721658,0.00425086077,0.00100053335,30,1.26800001,2,0.04513558128967697,792.0,0.05840384148030612,19.483896466173142,19.763702399999993
760,793110400000661,132120535,2459075.703941309,59075.2053588,19.7308598,0.111195832,0,zg,226.8301818,55.7472163,0.911000013,-0.153999999,20200814205359,793,0xa,0x4,21.5100002,26.1159859,0.0290899016,-0.0567904972,1.72711934e-05,30,1.38499999,2,0.046521753948638465,792.0,0.05971323240947364,19.459823547150172,19.730859799999998
761,793110400000661,132217981,2459076.678371344,59076.1798148,19.7792263,0.115252078,0,zg,226.8301367,55.7471565,1.47800004,0.199000001,20200815179815,793,0xa,0x4,21.6299992,26.1190548,0.0296886023,-0.0589147247,1.81518626e-05,30,1.28900003,2,0.04449482264239116,793.0,0.05768630110322633,19.497318268740848,19.779226299999998
762,793110400000661,132321938,2459077.7179158926,59077.2193866,19.8086433,0.117774516,0,zg,226.8301722,55.7471859,0.833000004,-0.057,20200816219387,793,0xa,0x4,21.2900009,26.02141,0.0297602229,-0.0421489365,1.84153851e-05,30,1.48800004,2,0.04330546238006606,794.0,0.05645881466411836,19.520670609939465,19.808643299999993
763,793110400000661,132324255,2459077.741086578,59077.2425579,19.7900333,0.116173849,0,zg,226.8302011,55.7471708,1.46500003,-0.00400000019,20200816242546,793,0xa,0x4,21.3199997,26.0821896,0.0298682787,-0.0345693119,1.87451114e-05,30,1.64499998,2,0.044054135170514465,794.0,0.05716953639473996,19.507088323995653,19.790033299999997
764,793110400000661,132518053,2459079.6790117295,59079.1805324,19.6870708,0.10762202,0,zg,226.8300819,55.7471773,0.926999986,0.180000007,20200818180532,793,0xa,0x4,21.5100002,26.0886078,0.0316598676,-0.0581745803,2.08757974e-05,30,1.32299995,2,0.04843638025371625,796.0,0.06155178147794175,19.426898432183272,19.687070800000008
765,793110400000661,132722060,2459081.71903121,59081.2206019,19.7817707,0.115468554,0,zg,226.8302881,55.7471754,0.486000001,-0.00300000003,20200820220602,793,0xa,0x4,20.9899998,25.7595463,0.0334457867,-0.0286044534,2.61283385e-05,30,1.56500006,2,0.04439067204476547,798.0,0.05743069251823858,19.50213986705277,19.781770700000003
766,793110400000661,132724565,2459081.7440883904,59081.2456597,19.6894684,0.107815236,0,zg,226.8302633,55.7472321,0.704999983,-0.0480000004,20200820245648,793,0xa,0x4,20.8799992,25.7888279,0.0367677696,-0.0199398827,3.17198064e-05,30,1.76300001,2,0.04832953760199617,798.0,0.061294865912502126,19.43143975168308,19.689468400000003
767,793110400000661,132820158,2459082.6999916113,59082.2015856,19.4071922,0.0869962052,32768,zg,226.8301966,55.74713,0.680999994,0.108000003,20200821201574,793,0xa,0x4,19.9200001,24.7609081,0.0881147981,-0.0102198934,0.000365260668,30,1.46399999,2,0.06267915312991829,799.0,0.07564448144042424,19.203056874898188,19.407192200000004
768,793110400000661,133017379,2459084.6721569663,59084.1737963,19.8895874,0.12492758,0,zg,226.8301862,55.7471546,0.584999979,0.0700000003,20200823173796,793,0xa,0x4,21.2299995,25.9805508,0.0311178546,-0.0543408431,2.01972889e-05,30,1.35300004,2,0.04019435278637658,801.0,0.05312259079755891,19.58680188127415,19.889587400000003
769,793110400000661,133124616,2459085.744505805,59085.246169,19.8609562,0.122362256,0,zg,226.8301923,55.7470877,0.81099999,-0.144999996,20200824246169,793,0xa,0x4,21.1800003,26.157711,0.034753263,-0.0459297858,2.53448507e-05,30,1.87399995,2,0.04126838941881324,802.0,0.05412295357628294,19.566546278205216,19.860956199999997
770,793110400000661,133126322,2459085.7615656266,59085.2632292,19.7500153,0.1127887,0,zg,226.830323,55.7471484,0.592000008,-0.061999999,20200824263218,793,0xa,0x4,20.9699993,26.1138802,0.0408297181,-0.0527423881,3.71626847e-05,30,2.07200003,2,0.04570817484554171,802.0,0.058526153541090906,19.48162504418115,19.750015299999994
771,793110400000661,133523974,2459089.7379989508,59089.2397454,19.3817101,0.0853057131,0,zg,226.8303555,55.7471968,0.606999993,-0.0430000015,20200828239745,793,0xa,0x4,19.5300007,25.8646984,0.0542199314,-0.000761614298,0.000163673525,30,1.92200005,2,0.06416762421799471,806.0,0.07698560291354391,19.18397621173809,19.3817101
772,793110400000661,133721746,2459091.7156808553,59091.2174653,19.5670872,0.0983122662,0,zg,226.8302233,55.7470939,1.20299995,-0.356000006,20200830217465,793,0xa,0x4,20.3099995,26.2261143,0.0390245616,-0.0403560176,4.8863807e-05,30,1.755,2,0.05409599583697279,808.0,0.06676928716179584,19.33855815082527,19.567087199999996
773,793110400000661,133723078,2459091.7290023067,59091.230787,19.841589,0.120648615,0,zg,226.8304004,55.7471022,1.03999996,0.0270000007,20200830230787,793,0xa,0x4,20.3099995,26.2183323,0.0363395289,-0.0493296236,3.89329725e-05,30,1.88499999,2,0.04201113356087028,808.0,0.05461306091360414,19.556758704392955,19.841588999999992
774,793110400000661,143453400,2459189.033296835,59188.5340046,19.5804863,0.0993168801,0,zg,226.830263,55.7471667,1.301,-0.0759999976,20201205534005,793,0xa,0x4,20.4799995,26.2311707,0.0381637849,-0.0380435139,4.21884106e-05,30,1.72300005,1,0.05343249822463012,905.0,0.06603442557736398,19.35057398915803,19.580486299999997
775,793110400000661,144153807,2459196.037629101,59195.5380787,19.6804218,0.107087657,0,zg,226.8302413,55.7470796,0.760999978,0.0439999998,20201212537998,793,0xa,0x4,20.2900009,25.7723789,0.0397870131,-0.0563744307,5.05529533e-05,30,1.54799998,1,0.04873391258943586,912.0,0.058529221201237255,19.481568136590305,19.680421799999998
776,793110400000661,144554682,2459200.046531474,59199.5468287,19.9167042,0.127392203,0,zg,226.830039,55.7471315,1.00600004,0.0960000008,20201216546817,793,0xa,0x4,20.8899994,26.2856903,0.034230344,-0.0631818399,2.58804193e-05,30,1.43200004,1,0.03920291130511493,916.0,0.04883682485862419,19.678131449000738,19.916704200000005
777,793110400000661,144851017,2459203.009990514,59202.5101736,19.7783966,0.115181535,0,zg,226.8300887,55.7470764,1.16400003,0.109999999,20201219510174,793,0xa,0x4,20.8199997,26.2461586,0.0355652012,-0.0521498248,2.84786383e-05,30,1.60899997,1,0.04452883777752786,919.0,0.054072574784485586,19.567557375114454,19.7783966
778,793110400000661,145047628,2459204.9761778857,59204.4762847,19.7374763,0.111743972,0,zg,226.8301565,55.7471813,1.19799995,-0.147,20201221476273,793,0xa,0x4,21.2000008,26.2032032,0.0318991728,-0.0676876307,2.13383682e-05,30,1.85399997,1,0.04623911145966329,921.0,0.05571617145646781,19.535046834553036,19.737476300000004
779,793110400000661,146355383,2459218.054235552,59217.553831,19.8018436,0.117187776,32768,zg,226.830343,55.7471384,0.758000016,0.201000005,20210103553831,793,0xa,0x4,20.0799999,25.7950211,0.0507703573,-0.0584912524,9.91370252e-05,30,1.21300006,1,0.043577524928619334,934.0,0.053010581775770935,19.58909357372837,19.801843600000005
780,793110400000661,146545238,2459219.952862677,59219.4523843,20.0272789,0.137778357,0,zg,226.8301485,55.7472546,1.61500001,0.0199999996,20210105452384,793,0xa,0x4,20.5699997,26.2221813,0.0354435891,-0.041619014,3.17755694e-05,30,1.69799995,1,0.03540694366639893,936.0,0.044562464552977854,19.777576995654037,20.027278899999992
781,793110400000661,146751771,2459222.0182782975,59221.5177199,19.9494724,0.13041468,0,zg,226.8303026,55.7471858,1.27499998,-0.191,20210107517720,793,0xa,0x4,21.2399998,26.2606373,0.0256732479,-0.0550767519,1.39545782e-05,30,1.29400003,1,0.03803741895227403,938.0,0.04715151131376379,19.71626095643068,19.949472399999998
782,793110400000661,146952989,2459224.03053167,59223.5298958,19.9683189,0.132174492,0,zg,226.8300989,55.7471824,0.936999977,0.133000001,20210109529896,793,0xa,0x4,21.4200001,26.3344765,0.0319745876,-0.0948836729,2.12788636e-05,30,1.23399997,1,0.03738285274408214,940.0,0.046455845732862176,19.732399072863352,19.968318900000007
783,793110400000661,147348748,2459227.988274817,59227.4874884,19.950716,0.130530313,0,zg,226.8302151,55.7471434,1.85800004,-0.208000004,20210113487488,793,0xa,0x4,21.3700008,26.2008286,0.0314981081,-0.0717069954,2.04570206e-05,30,1.35000002,1,0.0379938759132084,944.0,0.0470260954795751,19.71915269677023,19.950715999999993
784,793110400000661,147742667,2459231.9276114744,59231.4266782,19.8564434,0.121961355,0,zg,226.830139,55.7471616,0.888999999,0.0340000018,20210117426644,793,0xa,0x4,21.5799999,26.2424088,0.0307304505,-0.068323344,1.91942054e-05,30,1.64100003,1,0.04144027607353031,948.0,0.05039191402412328,19.644097864066502,19.856443399999996
785,793110400000661,149447731,2459248.9788327287,59248.4773148,19.9099159,0.126772016,0,zg,226.8301973,55.7471814,0.779999971,-0.189999998,20210203477234,793,0xa,0x4,20.9799995,26.3180599,0.0326361693,-0.0406245477,2.31936592e-05,30,1.19099998,1,0.03944878575120349,965.0,0.048321108387953116,19.689657781101253,19.90991590000001
786,793110400000661,149647255,2459250.9741373556,59250.4725579,20.3083038,0.166166827,0,zg,226.8300079,55.7471898,0.838,-0.114,20210205472535,793,0xa,0x4,21.0499992,26.3325253,0.0345514044,-0.0678410605,2.56896474e-05,30,1.19000006,1,0.02733244481975182,967.0,0.03588125012066494,20.01283108581955,20.308303799999997
787,793110400000661,150053030,2459255.0320001007,59254.5303009,19.9659748,0.131954804,32768,zg,226.830079,55.7471108,0.69599998,-0.194999993,20210209530243,793,0xa,0x4,20.9699993,25.5912113,0.0455740206,-0.093213208,5.01949908e-05,30,1.08599997,1,0.03746364935777959,971.0,0.04597578629810485,19.74367708632814,19.965974800000005
788,793110400000661,150251969,2459257.021454201,59256.5196991,20.1438179,0.149256259,0,zg,226.8301581,55.7471752,1.74800003,0.063000001,20210211519687,793,0xa,0x4,22.0900002,26.3510303,0.0309756398,-0.0955292061,1.96453439e-05,30,1.08899999,1,0.03180334789661697,973.0,0.04024299587086221,19.888274239751517,20.143817899999995
789,793110400000661,151143392,2459265.935904482,59265.4339236,19.9362469,0.129188925,0,zg,226.8302539,55.7472161,1.25699997,-0.0379999988,20210220433912,793,0xa,0x4,21.3500004,26.3416462,0.0306592472,-0.0743408278,1.93140768e-05,30,1.18400002,1,0.0385035914033707,982.0,0.04690741345039042,19.72189628520794,19.936246900000008
790,793110400000661,151338958,2459267.891607965,59267.3895833,19.838377,0.120366171,0,zg,226.8302741,55.7472915,0.589999974,-0.0759999976,20210222389537,793,0xa,0x4,20.3400002,26.3128357,0.0367953181,-0.0437252,3.99307937e-05,30,1.30299997,1,0.042135601693797764,984.0,0.050381579793193715,19.644320546604995,19.838377
791,793110400000661,151547841,2459269.980483508,59269.4784144,20.0165462,0.13674739,0,zg,226.830122,55.7472418,0.423999995,-0.0890000015,20210224478403,793,0xa,0x4,21.2000008,26.3409672,0.0318914317,-0.045180507,2.18367895e-05,30,1.09399998,1,0.035758683390355185,986.0,0.04397031944190846,19.792100948109358,20.0165462
792,793110400000661,152145050,2459275.9526913115,59275.4505093,19.8535252,0.121702641,0,zg,226.8301442,55.7471462,0.661000013,-0.109999999,20210302450498,793,0xa,0x4,20.5400009,26.3280354,0.0355187133,-0.038685143,3.23962595e-05,30,1.10599995,3,0.041551807471000374,992.0,0.04972936314443835,19.658467756234096,19.8535252
793,793110400000661,152145145,2459275.9536403287,59275.4514583,20.0524845,0.140217513,0,zg,226.8301641,55.7470743,1.10599995,-0.234999999,20210302451447,793,0xa,0x4,20.5900002,26.3419914,0.0327500887,-0.0564700589,2.82583223e-05,30,1.10500002,1,0.03459443165014713,992.0,0.04267129203448032,19.824660517590992,20.0524845
794,793110400000661,152432944,2459278.831673114,59278.3294444,20.1290588,0.147775561,0,zg,226.830418,55.7472625,1.14300001,-0.0170000009,20210305329444,793,0xa,0x4,20.9099998,26.262907,0.0392447673,-0.0589106046,3.36252015e-05,30,1.44099998,1,0.03223862273121541,995.0,0.0403154831155486,19.88632032879962,20.129058800000003
795,793110400000661,152434603,2459278.848259094,59278.3460301,20.0197182,0.137051687,0,zg,226.8300439,55.7473619,0.713,0.0930000022,20210305345938,793,0xa,0x4,20.6599998,26.284687,0.0381846577,-0.0546722002,3.41307859e-05,30,1.36000001,3,0.03565436613953674,995.0,0.04368173372885391,19.7992503320122,20.019718199999993
796,793110400000661,152639089,2459280.893150311,59280.3908912,19.9519997,0.130649775,0,zg,226.8300921,55.7470877,0.850000024,0.0540000014,20210307390891,793,0xa,0x4,21.0599995,26.2579098,0.0405604579,-0.0855322406,3.41928826e-05,30,1.18900001,3,0.03794898110645328,997.0,0.04597634869577044,19.743663805168175,19.951999699999995
797,793110400000661,153643298,2459290.9353539995,59290.4329861,20.0984287,0.144726664,0,zg,226.830206,55.7471416,1.23300004,0.0450000018,20210317432963,793,0xa,0x4,21.9300003,26.3365421,0.0305659492,-0.0937633514,1.87583046e-05,30,1.08500004,3,0.03316106882591849,1007.0,0.03316106882591849,20.098428699999992,20.098428699999992
798,793110400000661,153749467,2459291.997051439,59291.4946759,20.1125851,0.146131814,0,zg,226.8301043,55.7471576,0.483999997,-0.0689999983,20210318494664,793,0xa,0x4,21.8899994,26.3217525,0.029299451,-0.0912401155,1.75693895e-05,30,1.09000003,1,0.03273150389217689,1008.0,0.03273150389217689,20.112585099999997,20.112585099999997
799,793110400000661,154332732,2459297.8297304953,59297.3273264,20.0214882,0.137221515,0,zg,226.8300133,55.747371,0.788999975,-0.123999998,20210324327199,793,0xa,0x4,20.3899994,26.2496738,0.0438999049,-0.0350560658,5.65093978e-05,30,1.23599994,1,0.035596288666148904,1014.0,0.035596288666148904,20.0214882,20.0214882
800,793110400000661,154432379,2459298.82620303,59298.3237963,19.9008904,0.125950813,0,zg,226.830123,55.7471573,1.17900002,0.00499999989,20210325323681,793,0xa,0x4,20.3099995,26.1820145,0.0381276868,-0.0299322549,4.54360961e-05,30,1.23899996,3,0.03977808211948628,1015.0,0.03977808211948628,19.9008904,19.9008904
801,793110400000661,154638278,2459300.8851994835,59300.3827894,19.5362511,0.0960335732,0,zg,226.8300971,55.7473821,0.419999987,-0.00999999978,20210327382720,793,0xa,0x4,19.6499996,26.295311,0.0432570614,-0.0467153192,8.84596375e-05,30,1.10599995,1,0.05565440704023311,1017.0,0.05565440704023311,19.53625110000001,19.53625110000001
802,793110400000661,154837399,2459302.8764037634,59302.3739931,19.9331036,0.12889874,0,zg,226.8301379,55.7471169,0.391000003,0.064000003,20210329373993,793,0xa,0x4,20.5799999,26.2881565,0.033337079,-0.0395944752,3.15077341e-05,30,1.11000001,3,0.03861522413815389,1019.0,0.03861522413815389,19.933103600000003,19.933103600000003
803,793110400000661,155141332,2459305.9157282794,59305.4133218,19.8564758,0.121964209,0,zg,226.8301357,55.7472246,0.428000003,-0.0549999997,20210401413322,793,0xa,0x4,21.0599995,26.3187332,0.0328963287,-0.0614118613,2.39671699e-05,30,1.07599998,1,0.04143903945186709,1022.0,0.04143903945186709,19.85647579999999,19.85647579999999
804,793110400000661,155141425,2459305.916665779,59305.4142593,19.8508072,0.12146204,0,zg,226.8301934,55.7471721,1.13199997,-0.207000002,20210401414259,793,0xa,0x4,21.0400009,26.3230553,0.0312391147,-0.054021515,2.16055032e-05,30,1.07599998,3,0.041655957349065235,1022.0,0.041655957349065235,19.8508072,19.8508072
805,793110400000661,155232027,2459306.822681829,59306.3202778,19.9216461,0.127844885,0,zg,226.8301349,55.7471906,0.69599998,-0.130999997,20210402320278,793,0xa,0x4,21.4300003,26.2438717,0.031316787,-0.0632766634,2.04224107e-05,30,1.18799996,3,0.039024878535516304,1023.0,0.039024878535516304,19.921646099999997,19.921646099999997
806,793110400000661,155332733,2459307.8297387003,59307.327338,20.0895576,0.14384982,0,zg,226.830198,55.7471652,0.694999993,-0.063000001,20210403327338,793,0xa,0x4,22.0200005,26.3047199,0.0306532178,-0.0897651166,1.91286072e-05,30,1.16600001,1,0.03343312407078295,1024.0,0.03343312407078295,20.0895576,20.0895576
807,793110400000661,155332828,2459307.830687698,59307.328287,20.0978336,0.144667909,0,zg,226.8301585,55.7471721,0.661000013,-0.057,20210403328287,793,0xa,0x4,21.9699993,26.2979965,0.0308256336,-0.085555844,1.95023622e-05,30,1.16400003,3,0.03317924963372145,1024.0,0.03317924963372145,20.097833599999994,20.097833599999994
808,793110400000661,155436631,2459308.868715976,59308.3663194,20.0543327,0.14039731,0,zg,226.8301113,55.7471896,0.490999997,0.057,20210404366319,793,0xa,0x4,21.75,26.3304749,0.0310999528,-0.097365208,1.97241661e-05,30,1.10000002,3,0.034535593195416034,1025.0,0.034535593195416034,20.054332699999996,20.054332699999996
809,793110400000661,155535127,2459309.853665092,59309.3512731,20.1050014,0.145378202,0,zg,226.830145,55.7471912,1.11199999,0.0599999987,20210405351273,793,0xa,0x4,21.8099995,26.3022308,0.0303215031,-0.0858782083,1.88385202e-05,30,1.11399996,3,0.03296092871632627,1026.0,0.03296092871632627,20.1050014,20.1050014
810,793110400000661,155535221,2459309.8546025874,59309.3522106,20.0393848,0.138946548,0,zg,226.830148,55.7471913,0.324999988,0.0439999998,20210405352211,793,0xa,0x4,21.8899994,26.299614,0.0314440206,-0.0830597878,2.02827796e-05,30,1.11300004,1,0.035014350919480755,1026.0,0.035014350919480755,20.0393848,20.0393848
811,793110400000661,155736880,2459311.871188532,59311.3688079,20.0622711,0.141171366,0,zg,226.8300244,55.747172,1.38499999,-0.167999998,20210407368796,793,0xa,0x4,21.6700001,26.3175373,0.0306992438,-0.0912895873,1.95305329e-05,30,1.09000003,1,0.034284005807721805,1028.0,0.034284005807721805,20.062271099999997,20.062271099999997
812,793110400000661,155736974,2459311.872126023,59311.3697454,20.1374359,0.148615122,0,zg,226.8301682,55.7471651,0.310000002,0.00400000019,20210407369745,793,0xa,0x4,21.9799995,26.3156948,0.0311009325,-0.0949095041,2.00466784e-05,30,1.08899999,3,0.03199083972537267,1028.0,0.03199083972537267,20.137435900000007,20.137435900000007
813,793110400000661,155834562,2459312.8479991616,59312.345625,20.1813717,0.153054863,0,zg,226.8301605,55.7471634,0.740999997,-0.130999997,20210408345602,793,0xa,0x4,21.6900005,26.3105354,0.0293247793,-0.0879877135,1.7686918e-05,30,1.11099994,3,0.030722129820981336,1029.0,0.030722129820981336,20.181371699999993,20.181371699999993
814,793110400000661,155928561,2459313.787980734,59313.2856134,20.0163727,0.136730716,0,zg,226.8301454,55.7471452,1.00899994,0.0289999992,20210409285556,793,0xa,0x4,21.1000004,26.0124626,0.0333945453,-0.0796451867,2.42599781e-05,30,1.23000002,3,0.03576439806328936,1030.0,0.03576439806328936,20.016372699999998,20.016372699999998
815,793110400000661,156038857,2459314.890935044,59314.3885764,20.1285496,0.147724748,0,zg,226.8301316,55.7471783,1.53400004,0.289000005,20210410388576,793,0xa,0x4,22.0,26.3378334,0.0310009662,-0.0952808931,1.96938327e-05,30,1.07700002,3,0.032253745886063626,1031.0,0.032253745886063626,20.128549600000007,20.128549600000007
816,793110400000661,156130136,2459315.8037165096,59315.3013657,20.1543217,0.150314167,32768,zg,226.8301452,55.7472025,1.05900002,0.0130000003,20210411301354,793,0xa,0x4,21.4300003,25.7874336,0.0443467088,-0.0789406374,4.13176458e-05,30,1.17499995,3,0.0314971544456533,1032.0,0.0314971544456533,20.154321700000004,20.154321700000004
817,793110400000661,156130442,2459315.8067720835,59315.3044213,20.0335712,0.138384834,32768,zg,226.830149,55.7472013,1.15499997,0.00999999978,20210411304410,793,0xa,0x4,21.0799999,25.4748268,0.0361895785,-0.062521562,3.19159735e-05,30,1.16799998,1,0.03520233892752105,1032.0,0.03520233892752105,20.033571200000004,20.033571200000004
818,793110400000661,156236468,2459316.8670285577,59316.3646875,20.1075382,0.145630017,32768,zg,226.8301291,55.7471554,1.25100005,0.0450000018,20210412364676,793,0xa,0x4,22.3199997,26.2986813,0.0423988104,-0.120986,3.63443069e-05,30,1.08299994,3,0.032884006092809226,1033.0,0.032884006092809226,20.1075382,20.1075382
819,793110400000661,156328378,2459317.7861167025,59317.2837847,20.074007,0.142319933,32768,zg,226.8300661,55.7471432,1.16299999,-0.0829999968,20210413283715,793,0xa,0x4,22.1200008,26.2951756,0.0372718312,-0.125097036,2.81143784e-05,30,1.20500004,3,0.033915420029083626,1034.0,0.033915420029083626,20.074007,20.074007
820,793110400000661,156328474,2459317.787077389,59317.2847454,20.190464,0.15398106,0,zg,226.8301686,55.7471624,0.725000024,0.0309999995,20210413284734,793,0xa,0x4,22.0599995,26.2766476,0.0417387709,-0.109092727,3.54594595e-05,30,1.20200002,1,0.03046592720143967,1034.0,0.03046592720143967,20.190464,20.190464
821,793110400000661,156540769,2459319.910005897,59319.4076968,20.1704102,0.151941508,0,zg,226.8301486,55.7471956,1.09399998,-0.00999999978,20210415407697,793,0xa,0x4,21.1299992,26.3104706,0.0387522914,-0.0743618906,3.1106003e-05,30,1.08299994,3,0.031033868817193378,1036.0,0.031033868817193378,20.1704102,20.1704102
822,793110400000661,156637334,2459320.8756426363,59320.3733449,19.8663349,0.122841299,32768,zg,226.8303271,55.7471381,1.21700001,0.0949999988,20210416373333,793,0xa,0x4,20.9200001,25.8044872,0.0393486395,-0.0691517219,3.60556187e-05,30,1.07599998,1,0.041064452794615895,1037.0,0.041064452794615895,19.86633489999999,19.86633489999999
823,793110400000661,156832515,2459322.827423493,59322.3251505,20.0632076,0.14126265,0,zg,226.8302037,55.747191,1.17900002,-0.210999995,20210418325150,793,0xa,0x4,21.5499992,26.29632,0.0325620361,-0.0842573121,2.16862318e-05,30,1.10300004,1,0.034254446944003016,1039.0,0.034254446944003016,20.06320759999999,20.06320759999999
824,793110400000661,157037253,2459324.8747792467,59324.3725347,19.9585743,0.13126266,0,zg,226.8301483,55.7471748,0.828000009,0.0579999983,20210420372535,793,0xa,0x4,21.5499992,26.2987061,0.0315294676,-0.0763627142,2.03635482e-05,30,1.07599998,1,0.03771987805219864,1041.0,0.03771987805219864,19.958574300000002,19.958574300000002
825,793110400000661,157432429,2459328.8264765255,59328.324294,19.8189697,0.118669793,0,zg,226.8302767,55.7471461,0.451999992,0.100000001,20210424324294,793,0xa,0x4,20.5900002,26.2901058,0.0327409469,-0.0348682813,2.84487087e-05,30,1.08800006,1,0.04289553808296792,1045.0,0.04289553808296792,19.818969700000004,19.818969700000004
826,793110400000661,157529753,2459329.7997005377,59329.2975347,20.1815643,0.153074503,0,zg,226.8302858,55.7472146,0.776000023,-0.409999996,20210425297535,793,0xa,0x4,20.4699993,26.2967548,0.0373161025,-0.0370287448,4.22926132e-05,30,1.11300004,2,0.030716680470218548,1046.0,0.030716680470218548,20.181564299999998,20.181564299999998
827,793110400000661,157546749,2459329.9696628666,59329.4675,20.0254841,0.137605563,0,zg,226.8300579,55.7471102,0.460999995,-0.118000001,20210425467500,793,0xa,0x4,20.4799995,26.2805901,0.0364183299,-0.0499623865,3.78448822e-05,30,1.227,2,0.035465522293684805,1046.0,0.035465522293684805,20.025484099999993,20.025484099999993
828,793110400000661,158022479,2459334.7268648474,59334.2247917,20.1285076,0.147720441,0,zg,226.8301691,55.7471705,0.860000014,-0.112999998,20210430224792,793,0xa,0x4,21.8099995,26.2645454,0.0302618816,-0.0660767704,1.88367103e-05,30,1.24100006,2,0.03225499359570349,1051.0,0.03225499359570349,20.1285076,20.1285076
829,793110400000661,158025009,2459334.7521652486,59334.2500926,20.0005398,0.135218948,0,zg,226.8301964,55.7471687,0.573000014,0.0480000004,20210430250093,793,0xa,0x4,21.6000004,26.2857418,0.028631052,-0.0594079457,1.69545328e-05,30,1.17299998,1,0.03628975866041552,1051.0,0.03628975866041552,20.000539800000006,20.000539800000006
830,793110400000661,158044333,2459334.9454020313,59334.4433333,19.9447823,0.129979074,0,zg,226.8302394,55.747226,0.620000005,-0.143000007,20210430443299,793,0xa,0x4,21.0,26.3057079,0.034879107,-0.0431645922,2.7142707e-05,30,1.19799995,2,0.03820208618241594,1051.0,0.03820208618241594,19.944782300000007,19.944782300000007
831,793110400000661,158127987,2459335.781924272,59335.2798727,20.0850296,0.143403441,0,zg,226.8301442,55.7471954,0.985000014,0.126000002,20210501279826,793,0xa,0x4,21.1800003,26.1851501,0.0355337039,-0.0744500831,2.69446027e-05,30,1.11500001,2,0.033572846128491936,1052.0,0.033572846128491936,20.085029600000006,20.085029600000006
832,793110400000661,158141219,2459335.9142479175,59335.4121991,19.7381248,0.11179781,0,zg,226.8302332,55.7472138,0.657999992,-0.0839999989,20210501412153,793,0xa,0x4,20.8600006,26.043251,0.037165463,-0.0409852341,3.32455857e-05,30,1.13699996,2,0.046211501520677746,1052.0,0.046211501520677746,19.7381248,19.7381248
833,793110400000661,158228518,2459336.787215637,59336.2851852,19.9961891,0.134805143,0,zg,226.8301051,55.7471543,0.488999993,-0.0439999998,20210502285139,793,0xa,0x4,21.3600006,26.2713223,0.0432668254,-0.0898156539,3.86333413e-05,30,1.10500002,2,0.036435468650417566,1053.0,0.036435468650417566,19.996189100000002,19.996189100000002
834,793110400000661,158228612,2459336.7881531143,59336.2861227,20.0447216,0.139463603,0,zg,226.8302248,55.7471781,0.782999992,-0.108000003,20210502286123,793,0xa,0x4,21.5699997,26.2828541,0.0391313657,-0.104050256,3.14432727e-05,30,1.10399997,1,0.034842664570618624,1053.0,0.034842664570618624,20.044721599999995,20.044721599999995
835,793110400000661,158244569,2459336.947721396,59336.4456944,20.027256,0.137776032,0,zg,226.8302796,55.7471292,0.837000012,-0.207000002,20210502445579,793,0xa,0x4,20.9699993,26.2864456,0.032366056,-0.0787477717,2.27108612e-05,30,1.21899998,2,0.03540769046618052,1053.0,0.03540769046618052,20.027256,20.027256
836,793110400000661,158432569,2459338.82768027,59338.3256944,20.080389,0.14294678,0,zg,226.8301581,55.7471107,1.24899995,-0.115000002,20210504325683,793,0xa,0x4,21.4300003,26.2985458,0.0392467789,-0.0941114128,3.17941849e-05,30,1.07599998,2,0.03371664862517938,1055.0,0.03371664862517938,20.080389000000004,20.080389000000004
837,793110400000661,158443310,2459338.935085339,59338.4331019,19.9699669,0.132329211,0,zg,226.8302212,55.7471437,1.17799997,0.193000004,20210504433102,793,0xa,0x4,21.5300007,26.2769852,0.0280299075,-0.0723608732,1.60309864e-05,30,1.20000005,2,0.03732615369580746,1055.0,0.03732615369580746,19.969966899999996,19.969966899999996
838,793110400000661,158536964,2459339.871603404,59339.3696412,20.0562859,0.140587479,0,zg,226.8301784,55.7471797,1.51900005,0.135000005,20210505369618,793,0xa,0x4,22.0,26.2965164,0.0303373188,-0.113106087,1.90165356e-05,30,1.09500003,1,0.03447352076730202,1056.0,0.03447352076730202,20.0562859,20.0562859
839,793110400000661,158537057,2459339.8725408847,59339.3705787,19.990757,0.134289905,0,zg,226.8301632,55.7471579,0.437000006,-0.0460000001,20210505370567,793,0xa,0x4,22.0100002,26.2699413,0.0315292291,-0.0826175138,2.05454726e-05,30,1.09599996,2,0.03661821750739578,1056.0,0.03661821750739578,19.990756999999995,19.990756999999995
840,793110400000661,158634657,2459340.848513659,59340.3465741,19.9149933,0.127235606,0,zg,226.8300956,55.7471484,0.675000012,-0.0670000017,20210506346574,793,0xa,0x4,21.8999996,26.3080502,0.0362012945,-0.10220246,2.65831259e-05,30,1.08099997,2,0.039264735839072036,1057.0,0.039264735839072036,19.9149933,19.9149933
841,793110400000661,158638273,2459340.8846702036,59340.3827315,20.0134163,0.136447608,0,zg,226.8301198,55.7471717,0.694000006,0.0900000036,20210506382731,793,0xa,0x4,21.8799992,26.2975273,0.034333989,-0.0990387723,2.39018773e-05,30,1.11300004,2,0.03586191525988982,1057.0,0.03586191525988982,20.013416299999996,20.013416299999996
842,793110400000661,158730912,2459341.811037161,59341.3091204,20.0866909,0.14356719,0,zg,226.8302017,55.7471594,1.48399997,0.0909999982,20210507309120,793,0xa,0x4,22.0499992,26.3067093,0.0373463742,-0.110816568,2.82175224e-05,30,1.07799995,2,0.033521515132929836,1058.0,0.033521515132929836,20.0866909,20.0866909
843,793110400000661,158731005,2459341.8119746377,59341.3100579,20.0703983,0.14196606,32768,zg,226.8300961,55.7471708,1.51800001,0.0879999995,20210507310046,793,0xa,0x4,22.1900005,26.3144188,0.0356966555,-0.114795163,2.56475741e-05,30,1.07799995,1,0.03402833345889126,1058.0,0.03402833345889126,20.0703983,20.0703983
844,793110400000661,158734019,2459341.8421128164,59341.3401968,20.0728741,0.142208844,32768,zg,226.8301361,55.7471722,0.683000028,0.0480000004,20210507340197,793,0xa,0x4,21.8400002,26.3250847,0.0395442471,-0.115507826,3.2792188e-05,30,1.079,2,0.03395082718606942,1058.0,0.03395082718606942,20.0728741,20.0728741
845,793110400000661,158834781,2459342.8497041315,59342.3478125,20.0725784,0.142179862,32768,zg,226.8300445,55.7471996,1.16799998,0.00300000003,20210508347812,793,0xa,0x4,21.9400005,26.2897263,0.0427194275,-0.128978059,3.7466205e-05,30,1.08500004,2,0.033960074945123535,1059.0,0.033960074945123535,20.072578400000005,20.072578400000005
846,793110400000661,158838579,2459342.8876893,59342.3857986,20.1990223,0.154854745,32768,zg,226.8302309,55.7471505,0.442000002,-0.061999999,20210508385787,793,0xa,0x4,22.2299995,26.2771873,0.0414003357,-0.124904454,3.48786234e-05,30,1.125,2,0.03022672396554285,1059.0,0.03022672396554285,20.199022300000003,20.199022300000003
847,793110400000661,158926401,2459343.76588522,59343.2640162,19.9914131,0.134352028,0,zg,226.8301481,55.7471539,1.26600003,0.0900000036,20210509263935,793,0xa,0x4,21.9300003,26.2155457,0.0345067047,-0.091989249,2.44086914e-05,30,1.10699999,2,0.036596096153460704,1060.0,0.036596096153460704,19.991413099999995,19.991413099999995
848,793110400000661,158928832,2459343.7901902203,59343.2883218,19.9246521,0.128120854,0,zg,226.8301483,55.7471463,0.652999997,0.0109999999,20210509288310,793,0xa,0x4,22.0100002,26.2409325,0.0329486579,-0.10424237,2.20271522e-05,30,1.08500004,1,0.03891698258259802,1060.0,0.03891698258259802,19.924652099999996,19.924652099999996
849,793110400000661,158938809,2459343.8899562205,59343.3880903,20.0173073,0.136820287,0,zg,226.8301971,55.7471987,0.463999987,0.0930000022,20210509388090,793,0xa,0x4,21.8199997,26.207531,0.0320379622,-0.0872709677,2.11140814e-05,30,1.13300002,2,0.035733625372702096,1060.0,0.035733625372702096,20.01730729999999,20.01730729999999
850,793110400000661,159027966,2459344.781507878,59344.2796644,20.0021019,0.135367617,0,zg,226.8300948,55.7471689,1.48500001,0.159999996,20210510279664,793,0xa,0x4,22.0599995,26.2672901,0.0360070579,-0.111863919,2.64523878e-05,30,1.08899999,2,0.03623758441101123,1061.0,0.03623758441101123,20.002101900000007,20.002101900000007
851,793110400000661,159032141,2459344.8232544204,59344.321412,20.1186638,0.146737173,0,zg,226.8301869,55.7471756,0.796999991,-0.0500000007,20210510321389,793,0xa,0x4,22.1900005,26.2648697,0.0374971293,-0.108570173,2.88489755e-05,30,1.07599998,2,0.032548762395480046,1061.0,0.032548762395480046,20.1186638,20.1186638
852,1827101200004651,159033248,2459344.8343305397,59344.3324884,19.8555717,0.100327484,0,zg,226.8302173,55.7471654,0.349999994,-0.0289999992,20210510332477,1827,0x1,0x2,22.2800007,26.259985,0.0260926355,-0.0775465742,1.38662435e-05,30,1.11099994,2,0.04147356039574876,1061.0,0.04147356039574876,19.855571700000006,19.855571700000006
853,1827101200004651,159033295,2459344.8347935276,59344.3329514,19.849968,0.099997744,0,zg,226.83026,55.7471674,0.632000029,-0.064000003,20210510332951,1827,0x1,0x2,22.2199993,26.2643852,0.0247266851,-0.0735887364,1.24895869e-05,30,1.11099994,3,0.04168816700799177,1061.0,0.04168816700799177,19.849967999999997,19.849967999999997
854,793110400000661,159137048,2459345.872301584,59345.3704861,20.061512,0.141097128,0,zg,226.8301849,55.7471835,0.814999998,0.0299999993,20210511370486,793,0xa,0x4,21.8600006,26.2756329,0.0310848802,-0.0894188285,1.97250611e-05,30,1.11500001,1,0.034307984089546426,1062.0,0.034307984089546426,20.061512,20.061512
855,793110400000661,159524142,2459349.7431352763,59349.2414236,20.0231647,0.137382537,0,zg,226.8302038,55.7471638,0.700999975,-0.061999999,20210515241412,793,0xa,0x4,22.1000004,26.2833042,0.0346970223,-0.111238748,2.45034917e-05,30,1.11500001,1,0.035541366368059164,1066.0,0.035541366368059164,20.023164700000002,20.023164700000002
856,793110400000661,160036819,2459354.8697585175,59354.3681944,19.8956413,0.12547493,0,zg,226.829949,55.7471894,0.952000022,-0.0130000003,20210520368183,793,0xa,0x4,20.6499996,26.2848053,0.0372916423,-0.0607073829,3.56888631e-05,30,1.15199995,1,0.039970858849620254,1071.0,0.039970858849620254,19.8956413,19.8956413
857,793110400000661,160442922,2459358.9306643177,59358.4292245,19.6756554,0.106705815,0,zg,226.8302787,55.747153,0.677999973,-0.201000005,20210524429213,793,0xa,0x4,20.0599995,26.2367363,0.0450910814,-0.0454419777,7.58110982e-05,30,1.38100004,1,0.048948325570311854,1075.0,0.048948325570311854,19.675655400000004,19.675655400000004
858,793110400000661,160528259,2459359.7840055665,59359.2825926,19.9365597,0.129217908,0,zg,226.8300538,55.747287,0.272000015,0.0460000001,20210525282593,793,0xa,0x4,20.2800007,26.2715607,0.0449402221,-0.0514086224,6.73260365e-05,30,1.07700002,3,0.038492500137757,1076.0,0.038492500137757,19.936559699999997,19.936559699999997
859,793110400000661,160730628,2459361.8076329264,59361.3062847,19.805481,0.117501326,0,zg,226.8301931,55.7471391,0.690999985,0.0450000018,20210527306285,793,0xa,0x4,20.7199993,26.3396168,0.0340483934,-0.0563283302,3.10705072e-05,30,1.09200001,1,0.04343177712271403,1078.0,0.04343177712271403,19.805481000000007,19.805481000000007
860,793110400000661,160730725,2459361.8086050926,59361.3072569,20.0177727,0.136865094,0,zg,226.8302569,55.7471722,0.155000001,0.00499999989,20210527307234,793,0xa,0x4,20.7700005,26.3709412,0.0356676765,-0.0637284517,3.16602927e-05,30,1.09300005,3,0.03571831146369312,1078.0,0.03571831146369312,20.017772700000002,20.017772700000002
861,793110400000661,160838540,2459362.8867182,59362.3854051,19.6007805,0.100855209,0,zg,226.8301198,55.7472186,0.846000016,-0.224000007,20210528385405,793,0xa,0x4,20.5300007,26.2777901,0.0343696885,-0.0337584838,3.21313055e-05,30,1.25199997,3,0.052443032902043635,1079.0,0.052443032902043635,19.600780500000006,19.600780500000006
862,793110400000661,160926811,2459363.769397545,59363.2681134,19.9011269,0.125972241,0,zg,226.8302193,55.7472196,1.06599998,-0.00600000005,20210529268090,793,0xa,0x4,21.1000004,26.3393421,0.0300719105,-0.0688983351,1.94923905e-05,30,1.07599998,3,0.0397694184202742,1080.0,0.0397694184202742,19.9011269,19.9011269
863,793110400000661,161130127,2459365.8024895517,59365.3012731,19.9639091,0.131761357,0,zg,226.8301024,55.7471788,0.647000015,0.0469999984,20210531301273,793,0xa,0x4,21.7800007,26.2651367,0.0367910974,-0.090828903,2.7684222e-05,30,1.09800005,3,0.03753499479685516,1082.0,0.03753499479685516,19.963909100000002,19.963909100000002
864,793110400000661,161130506,2459365.806285727,59365.3050694,19.9841404,0.133663833,0,zg,226.8301582,55.7471544,1.07700002,-0.0350000001,20210531305058,793,0xa,0x4,21.8099995,26.2683315,0.0329547636,-0.0889974311,2.23630777e-05,30,1.102,1,0.036842054443564705,1082.0,0.036842054443564705,19.984140399999994,19.984140399999994
865,793110400000661,161228622,2459366.787410112,59366.2862269,20.2422943,0.159302711,0,zg,226.8302068,55.7471942,0.617999971,0.0700000003,20210601286227,793,0xa,0x4,21.5699997,26.0824337,0.0358100422,-0.0702435076,2.67341329e-05,30,1.08700001,3,0.02904572893139051,1083.0,0.02904572893139051,20.242294300000005,20.242294300000005
866,793110400000661,161328556,2459367.7867162977,59367.2855671,19.9681091,0.132154837,0,zg,226.830161,55.7471733,0.638999999,0.0250000004,20210602285556,793,0xa,0x4,21.8500004,26.2591515,0.0320796184,-0.0783131272,2.08266792e-05,30,1.08899999,3,0.037390077040624685,1084.0,0.037390077040624685,19.9681091,19.9681091
867,793110400000661,161328652,2459367.7876769677,59367.2865278,19.9446239,0.129964352,0,zg,226.8301628,55.7471436,0.617999971,0.0179999992,20210602286516,793,0xa,0x4,22.0900002,26.2946987,0.031078402,-0.0976263359,1.96549736e-05,30,1.09000003,1,0.038207659959782314,1084.0,0.038207659959782314,19.944623900000003,19.944623900000003
868,793110400000661,161420238,2459368.7035020394,59368.2023843,19.915966,0.127324581,0,zg,226.8301364,55.7471727,0.351999998,0.00700000022,20210603202361,793,0xa,0x4,21.9699993,26.265234,0.0338182226,-0.0969723165,2.32424973e-05,30,1.10000002,3,0.03922957471501865,1085.0,0.03922957471501865,19.915966000000004,19.915966000000004
869,793110400000661,161523986,2459369.740942983,59369.2398611,19.9748268,0.132785782,0,zg,226.8302412,55.7471465,0.726000011,-0.104000002,20210604239850,793,0xa,0x4,21.9699993,26.2951126,0.0333333611,-0.0959437937,2.26340817e-05,30,1.07599998,1,0.03715945022745062,1086.0,0.03715945022745062,19.974826799999995,19.974826799999995
870,793110400000661,161720261,2459371.703628962,59371.2026157,20.0454483,0.139534146,0,zg,226.8302296,55.7471419,0.797999978,0.0480000004,20210606202616,793,0xa,0x4,21.9599991,26.3176289,0.0309434067,-0.0929925293,1.94493878e-05,30,1.09200001,1,0.03481935164015334,1088.0,0.03481935164015334,20.045448299999997,20.045448299999997
871,793110400000661,161934350,2459373.8444442395,59373.3435069,20.0791245,0.142822325,0,zg,226.8301848,55.7471578,0.486000001,-0.0320000015,20210608343507,793,0xa,0x4,21.2999992,26.2972622,0.0402453281,-0.0832785293,3.35363547e-05,30,1.21599996,1,0.03375593951263542,1090.0,0.03375593951263542,20.0791245,20.0791245
872,793110400000661,162128517,2459375.786041242,59375.2851736,19.9304352,0.128652811,0,zg,226.8300639,55.7472164,1.12399995,0.0450000018,20210610285174,793,0xa,0x4,21.5699997,26.322628,0.0297113005,-0.0815140754,1.83389147e-05,30,1.11000001,1,0.038710244999152425,1092.0,0.038710244999152425,19.930435199999998,19.930435199999998
873,793110400000661,162234680,2459376.8476347937,59376.3468056,20.0592976,0.140880972,0,zg,226.8301838,55.7471738,0.824999988,0.00100000005,20210611346806,793,0xa,0x4,21.7600002,26.311182,0.0297658835,-0.0860055611,1.79279123e-05,30,1.25100005,3,0.03437802792321919,1093.0,0.03437802792321919,20.0592976,20.0592976
874,793110400000661,162234774,2459376.8485722626,59376.3477431,20.0457153,0.139560014,0,zg,226.8302509,55.7471583,0.497999996,-0.050999999,20210611347743,793,0xa,0x4,21.4799995,26.2975941,0.0302024093,-0.0752933398,1.86034831e-05,30,1.25399995,2,0.034810790054172314,1093.0,0.034810790054172314,20.045715300000005,20.045715300000005
875,793110400000661,162335101,2459377.8518111412,59377.3510185,19.9773712,0.133025363,0,zg,226.8301243,55.7471834,1.14300001,-0.0909999982,20210612351007,793,0xa,0x4,21.6599998,26.2983761,0.0292303897,-0.0658764988,1.72392829e-05,30,1.27400005,1,0.03707246979424975,1094.0,0.03707246979424975,19.9773712,19.9773712
876,793110400000661,162335195,2459377.8527486064,59377.351956,19.8895092,0.124920577,0,zg,226.8301344,55.7471889,1.02999997,0.104000002,20210612351956,793,0xa,0x4,21.8199997,26.3065147,0.0279060733,-0.0743031576,1.58638541e-05,30,1.27699995,3,0.04019724788333588,1094.0,0.04019724788333588,19.8895092,19.8895092
877,793110400000661,162421996,2459378.7207262097,59378.2199653,19.819149,0.118685342,0,zg,226.8301643,55.7471691,1.06500006,0.141000003,20210613219954,793,0xa,0x4,21.7600002,26.3444901,0.028274592,-0.0880930051,1.64798039e-05,30,1.07599998,3,0.042888454838516506,1095.0,0.042888454838516506,19.819149000000003,19.819149000000003
878,793110400000661,162422090,2459378.72166367,59378.2209028,20.0992832,0.144811422,0,zg,226.8301206,55.7472102,0.963999987,0.184,20210613220903,793,0xa,0x4,21.5799999,26.3326244,0.02987363,-0.071698755,1.8309509e-05,30,1.07599998,2,0.033134980550046524,1095.0,0.033134980550046524,20.099283199999995,20.099283199999995
879,793110400000661,162528098,2459379.7817057515,59379.2809838,20.0015678,0.135316759,0,zg,226.8302166,55.7471445,0.488999993,0.0879999995,20210614280914,793,0xa,0x4,21.6499996,26.1978416,0.0279524848,-0.0632394925,1.61400167e-05,30,1.12,3,0.03625541494388191,1096.0,0.03625541494388191,20.001567799999997,20.001567799999997
880,793110400000661,162528248,2459379.7832102943,59379.2824884,19.994709,0.134664685,0,zg,226.8301676,55.7471448,0.432000011,0.0399999991,20210614282442,793,0xa,0x4,21.7000008,26.242979,0.0304042045,-0.0952636674,1.87862279e-05,30,1.12199998,1,0.03648517217107596,1096.0,0.03648517217107596,19.994708999999993,19.994708999999993
881,793110400000661,162628214,2459380.7828262267,59380.2821412,20.2112541,0.156107321,32768,zg,226.8300249,55.7471809,1.19599998,0.0189999994,20210615282130,793,0xa,0x4,20.7600002,25.6963978,0.0371750146,-0.0374321043,3.48674002e-05,30,1.125,2,0.029888103604741638,1097.0,0.029888103604741638,20.211254099999998,20.211254099999998
882,793110400000661,162628449,2459380.7851756443,59380.2844907,20.0901489,0.143908173,32768,zg,226.830241,55.7471992,0.639999986,-0.250999987,20210615284468,793,0xa,0x4,20.6700001,25.4932785,0.0366266854,-0.037903253,3.78705445e-05,30,1.12899995,3,0.03341492110031963,1097.0,0.03341492110031963,20.090148899999996,20.090148899999996
883,793110400000661,162728792,2459381.7885760083,59381.2879282,20.1195068,0.14682132,32768,zg,226.8303332,55.7471535,0.565999985,-0.224000007,20210616287870,793,0xa,0x4,20.7399998,25.5415115,0.0390679277,-0.0399119519,3.89367597e-05,30,1.13999999,1,0.03252350031318635,1098.0,0.03252350031318635,20.119506800000003,20.119506800000003
884,793110400000661,162830680,2459382.8074155548,59382.3068056,20.1740265,0.152308419,0,zg,226.8302858,55.7471276,0.504000008,0.0900000036,20210617306794,793,0xa,0x4,21.2099991,26.0562325,0.0310711823,-0.0477620326,2.03511609e-05,30,1.18400002,2,0.03093067516285398,1099.0,0.03093067516285398,20.174026500000004,20.174026500000004
885,793110400000661,162926435,2459383.7649261816,59383.2643519,19.9168205,0.127402768,0,zg,226.8302107,55.7471549,0.744000018,-0.157000005,20210618264352,793,0xa,0x4,21.0499992,26.0309715,0.030451322,-0.033993803,1.9881867e-05,30,1.11199999,1,0.039198712260830076,1100.0,0.039198712260830076,19.916820499999993,19.916820499999993
886,793110400000661,163132657,2459385.8270711848,59385.3265741,19.8142204,0.118257388,0,zg,226.8301967,55.7471793,0.954999983,0.119999997,20210620326516,793,0xa,0x4,20.6499996,26.2343464,0.0394367203,-0.0507528,3.98955417e-05,30,1.26499999,3,0.043083585602810406,1102.0,0.043083585602810406,19.814220400000004,19.814220400000004
887,793110400000661,163132858,2459385.829085009,59385.328588,19.6426277,0.104091138,0,zg,226.8302233,55.747179,0.578999996,-0.0480000004,20210620328518,793,0xa,0x4,20.4400005,26.2165222,0.0396983176,-0.025757337,4.37705676e-05,30,1.27199996,1,0.05046019447873508,1102.0,0.05046019447873508,19.6426277,19.6426277
888,1827101200004651,163230408,2459386.804545979,59386.3040856,19.8664646,0.100969255,0,zg,226.8300585,55.7471262,0.98299998,-0.0199999996,20210621303981,1827,0x1,0x2,20.6900005,26.2479649,0.0324208438,-0.0253634509,2.63675756e-05,30,1.24000001,2,0.04105954760549503,1103.0,0.04105954760549503,19.866464599999993,19.866464599999993
889,1827101200004651,163230456,2459386.8050205624,59386.3045602,19.8801575,0.101777241,0,zg,226.830128,55.7471401,0.866999984,0.109999999,20210621304560,1827,0x1,0x2,20.7600002,26.2636547,0.0338516235,-0.0461445376,2.91226897e-05,30,1.24100006,3,0.040544971548652796,1103.0,0.040544971548652796,19.880157500000003,19.880157500000003
890,793110400000661,163231836,2459386.8188279336,59386.3183681,19.8078289,0.117704049,0,zg,226.8302225,55.7472276,0.307000011,0.0149999997,20210621318368,793,0xa,0x4,20.5699997,26.24576,0.0376080908,-0.0504762679,3.65764208e-05,30,1.24699998,2,0.043337957565169755,1103.0,0.043337957565169755,19.807828899999997,19.807828899999997
891,793110400000661,163332144,2459387.821868889,59387.3214468,19.8371067,0.120254554,0,zg,226.8302408,55.7471193,0.546999991,-0.166999996,20210622321447,793,0xa,0x4,20.5699997,26.1688614,0.0401509292,-0.0438851565,4.54827641e-05,30,1.26600003,3,0.042184928757380946,1104.0,0.042184928757380946,19.8371067,19.8371067
892,793110400000661,163332239,2459387.8228178415,59387.3223958,19.8162098,0.118430018,0,zg,226.8300465,55.747169,0.938000023,0.261000007,20210622322384,793,0xa,0x4,20.5100002,26.1659698,0.0344823711,-0.0440058708,3.34846882e-05,30,1.26900005,1,0.0430047156076121,1104.0,0.0430047156076121,19.816209800000003,19.816209800000003
893,793110400000661,163622357,2459390.723888948,59390.2235764,19.9650974,0.131872624,0,zg,226.8302036,55.7471106,0.597000003,0.0379999988,20210625223576,793,0xa,0x4,20.7800007,26.3313293,0.0327709354,-0.0565477014,2.6257776e-05,30,1.08899999,2,0.037493936540799036,1107.0,0.037493936540799036,19.965097399999998,19.965097399999998
894,793110400000661,163722402,2459391.724302476,59391.2240278,20.0538139,0.140346721,0,zg,226.8301437,55.7472218,0.802999973,-0.0729999989,20210626224016,793,0xa,0x4,20.6000004,26.3060265,0.0327853598,-0.0395676531,2.78109219e-05,30,1.09200001,1,0.034552099366096004,1108.0,0.034552099366096004,20.0538139,20.0538139
895,793110400000661,163722496,2459391.7252399535,59391.2249653,19.8927002,0.12520887,0,zg,226.8302293,55.7470906,0.986000001,-0.398000002,20210626224965,793,0xa,0x4,20.7199993,26.3139191,0.033550933,-0.0522412397,2.71729186e-05,30,1.09300005,3,0.04007928082209844,1108.0,0.04007928082209844,19.8927002,19.8927002
896,793110400000661,163824418,2459392.7444258393,59392.2441898,19.8391685,0.120435745,0,zg,226.830216,55.7471874,0.451000005,-0.0799999982,20210627244178,793,0xa,0x4,21.0499992,26.273262,0.0318510756,-0.0468176976,2.18444766e-05,30,1.11800003,2,0.042104896099401164,1109.0,0.042104896099401164,19.839168499999992,19.839168499999992
897,793110400000661,163824512,2459392.7453633016,59392.2451273,19.9402637,0.129560441,0,zg,226.8302509,55.7472283,1.26699996,-0.115999997,20210627245127,793,0xa,0x4,21.0400009,26.269371,0.0298482645,-0.0458137318,1.9175277e-05,30,1.11899996,3,0.038361406326844,1109.0,0.038361406326844,19.940263699999996,19.940263699999996
898,793110400000661,163929950,2459393.799698312,59393.2995023,20.0300751,0.138047725,0,zg,226.8299807,55.7472592,1.04100001,0.123999998,20210628299491,793,0xa,0x4,20.5699997,26.2458591,0.0365114324,-0.0234407,3.40860097e-05,30,1.24800003,3,0.035315874107840144,1110.0,0.035315874107840144,20.030075099999998,20.030075099999998
899,793110400000661,164020468,2459394.7048492404,59394.2046875,20.0391655,0.138925344,0,zg,226.8301263,55.7471609,0.528999984,-0.0379999988,20210629204676,793,0xa,0x4,21.7700005,26.1122646,0.0320035182,-0.0669790953,2.07546909e-05,30,1.08399999,2,0.03502142392916033,1111.0,0.03502142392916033,20.039165500000003,20.039165500000003
900,793110400000661,164020563,2459394.7057983065,59394.2056366,20.0828476,0.143188626,0,zg,226.8302071,55.7471804,1.18299997,0.061999999,20210629205625,793,0xa,0x4,21.7600002,26.1069298,0.0344341882,-0.0721810088,2.40558729e-05,30,1.08500004,3,0.03364038519587591,1111.0,0.03364038519587591,20.0828476,20.0828476
901,793110400000661,164123903,2459395.7391619286,59395.2390394,19.9763336,0.132927582,32768,zg,226.8302033,55.7471706,0.879000008,-0.00499999989,20210630238970,793,0xa,0x4,21.3999996,25.9674091,0.0423646457,-0.0831434354,3.7336129e-05,30,1.12199998,3,0.03710791558747164,1112.0,0.03710791558747164,19.976333599999997,19.976333599999997
902,793110400000661,164124019,2459395.740319284,59395.2401968,20.2239227,0.157408476,0,zg,226.8301936,55.7471743,1.11800003,0.0120000001,20210630240081,793,0xa,0x4,21.4200001,25.9579887,0.0371560752,-0.0876758099,2.87300045e-05,30,1.12399995,1,0.029541389581470626,1112.0,0.029541389581470626,20.223922699999996,20.223922699999996
903,793110400000661,164228523,2459396.7853143667,59396.2852315,20.0239296,0.137456089,0,zg,226.8302357,55.7471833,1.91499996,-0.137999997,20210701285220,793,0xa,0x4,21.4500008,26.1878948,0.0347918384,-0.0741130784,2.47492808e-05,30,1.22899997,2,0.03551633633115537,1113.0,0.03551633633115537,20.023929599999995,20.023929599999995
904,793110400000661,164228650,2459396.7865874134,59396.2865046,20.0165215,0.13674511,0,zg,226.8301399,55.747188,0.936999977,0.00800000038,20210701286331,793,0xa,0x4,21.2299995,26.1793957,0.0339262821,-0.0493782349,2.38893717e-05,30,1.23300004,3,0.03575949689323243,1113.0,0.03575949689323243,20.016521500000003,20.016521500000003
905,793110400000661,164327571,2459397.775762952,59397.2757176,20.1391697,0.148789093,0,zg,226.8301528,55.7471998,1.13300002,0.0469999984,20210702275718,793,0xa,0x4,21.6499996,26.2390671,0.0312073119,-0.06580621,1.96670426e-05,30,1.21000004,3,0.031939794678753936,1114.0,0.031939794678753936,20.139169700000004,20.139169700000004
906,793110400000661,164327666,2459397.776712021,59397.2766667,20.0133171,0.136438251,0,zg,226.8301761,55.7471401,1.34399998,-0.00300000003,20210702276655,793,0xa,0x4,21.5599995,26.2432251,0.0306267887,-0.0846187919,1.94529493e-05,30,1.21200001,1,0.03586519199000305,1114.0,0.03586519199000305,20.013317100000002,20.013317100000002
907,793110400000661,164528452,2459399.7844948727,59399.2845255,20.0917149,0.144062802,0,zg,226.8301043,55.7471793,0.488999993,-0.0450000018,20210704284479,793,0xa,0x4,21.6800003,26.2429256,0.0309379529,-0.0762653649,1.94602053e-05,30,1.25199997,3,0.033366760186873574,1116.0,0.033366760186873574,20.091714899999992,20.091714899999992
908,793110400000661,164628283,2459400.7827672926,59400.2828356,20.104187,0.145297274,0,zg,226.830129,55.747198,0.910000026,0.0460000001,20210705282836,793,0xa,0x4,21.3299999,26.2220612,0.0330369174,-0.06893415,2.20321272e-05,30,1.25600004,1,0.03298566165810684,1117.0,0.03298566165810684,20.104187000000003,20.104187000000003
909,793110400000661,164628378,2459400.7837163615,59400.2837847,20.070858,0.142011166,0,zg,226.8302279,55.7471916,0.663999975,-0.0189999994,20210705283773,793,0xa,0x4,21.1100006,26.2147331,0.0400189683,-0.0616403967,3.35109653e-05,30,1.25899994,3,0.03401392893437687,1117.0,0.03401392893437687,20.07085800000001,20.07085800000001
910,793110400000661,164722136,2459401.721262053,59401.2213657,20.2369099,0.1587466,0,zg,226.8301976,55.7472131,1.29400003,-0.0970000029,20210706221319,793,0xa,0x4,21.0599995,26.3090725,0.0357283354,-0.0804218128,2.71376066e-05,30,1.12,3,0.029190130729330858,1118.0,0.029190130729330858,20.236909899999993,20.236909899999993
911,793110400000661,164828604,2459402.7858979935,59402.2860417,20.0333424,0.138362736,0,zg,226.830163,55.7471515,1.48300004,0.023,20210707286042,793,0xa,0x4,21.3299999,26.2672157,0.0337741561,-0.0664987117,2.35462794e-05,30,1.28600001,3,0.03520975798918843,1119.0,0.03520975798918843,20.033342400000002,20.033342400000002
912,793110400000661,165035106,2459404.8508436973,59404.3510648,19.8157482,0.118389964,0,zg,226.8301567,55.7471143,1.12199998,0.00899999961,20210709351053,793,0xa,0x4,20.7399998,26.0163746,0.0342443809,-0.0332757272,2.73268888e-05,30,1.676,1,0.043023002919990685,1121.0,0.043023002919990685,19.815748199999994,19.815748199999994
913,793110400000661,165419914,2459408.698779666,59408.1991435,20.0871849,0.143615842,0,zg,226.830233,55.7471998,0.405999988,0.0199999996,20210713199132,793,0xa,0x4,21.5,25.9604301,0.0290707313,-0.0622335523,1.77905804e-05,30,1.11600006,1,0.03350626662068969,1125.0,0.03350626662068969,20.087184900000004,20.087184900000004
914,793110400000661,165620192,2459410.7014840143,59410.2019213,19.9705811,0.132386819,0,zg,226.8302723,55.7471383,1.21300006,0.0979999974,20210715201910,793,0xa,0x4,21.3099995,26.0669098,0.0302891079,-0.0488120914,1.94264449e-05,30,1.12800002,1,0.037305044295392005,1127.0,0.037305044295392005,19.970581099999997,19.970581099999997
915,793110400000661,165823847,2459412.7379609304,59412.2384722,19.929718,0.128586724,0,zg,226.8302704,55.7471739,0.648000002,-0.0359999985,20210717238345,793,0xa,0x4,21.1900005,26.1119938,0.0318303593,-0.0410295576,2.14836946e-05,30,1.22000003,1,0.038735824103218665,1129.0,0.038735824103218665,19.929718,19.929718
916,793110400000661,166126134,2459415.7607230586,59415.2613426,20.1055756,0.145435214,0,zg,226.8302596,55.7471869,0.84799999,-0.114,20210720261343,793,0xa,0x4,20.8500004,26.207634,0.0331114009,-0.0518876202,2.55069317e-05,30,1.32700002,1,0.03294350168253702,1132.0,0.03294350168253702,20.1055756,20.1055756
917,793110400000661,166522040,2459419.719646916,59419.2204051,19.5334625,0.0958298221,0,zg,226.8295652,55.7471244,0.624000013,-0.245000005,20210724220394,793,0xa,0x4,19.6100006,25.677597,0.0429122373,-0.0564585514,0.00011134227,30,1.22300005,3,0.05579753329346245,1136.0,0.05579753329346245,19.533462500000006,19.533462500000006
918,793110400000661,167024668,2459424.7457615947,59424.2466898,19.8799267,0.124057718,0,zg,226.8301209,55.7471729,1.171,0.00400000019,20210729246690,793,0xa,0x4,21.6800003,26.2318325,0.0291542932,-0.0681582838,1.70870135e-05,30,1.37100005,3,0.04055359129816161,1141.0,0.04055359129816161,19.87992669999999,19.87992669999999
919,793110400000661,167121799,2459425.71703751,59425.2179977,19.9300652,0.128618792,0,zg,226.830136,55.7471754,0.583999991,0.101999998,20210730217986,793,0xa,0x4,21.4300003,26.2110882,0.030188106,-0.0636490509,1.86607595e-05,30,1.26699996,3,0.03872343902486817,1142.0,0.03872343902486817,19.930065199999994,19.930065199999994
920,793110400000661,167122035,2459425.7193985325,59425.2203588,19.9933834,0.134538889,0,zg,226.8301667,55.7472033,0.800999999,-0.0979999974,20210730220347,793,0xa,0x4,21.5200005,26.2103863,0.0274141338,-0.0616119578,1.53122164e-05,30,1.27499998,1,0.03652974495113546,1142.0,0.03652974495113546,19.993383399999992,19.993383399999992
921,793110400000661,167328396,2459427.7829426103,59427.2839699,19.9259872,0.128243551,0,zg,226.8301675,55.7472465,1.63300002,0.074000001,20210801283970,793,0xa,0x4,21.1399994,26.1125412,0.0290115122,-0.0420071371,1.81950163e-05,30,1.64300001,1,0.03886915684867956,1144.0,0.03886915684867956,19.9259872,19.9259872
922,793110400000661,167328539,2459427.7843661737,59427.2853935,19.9531631,0.130758107,0,zg,226.8303202,55.7471681,0.588,-0.122000001,20210801285382,793,0xa,0x4,21.1599998,26.1276855,0.0335293151,-0.0506908745,2.38794382e-05,30,1.65400004,3,0.03790833937514751,1144.0,0.03790833937514751,19.953163100000005,19.953163100000005
923,793110400000661,167424453,2459428.7434790414,59428.244537,19.9072304,0.126527235,0,zg,226.8301539,55.7471826,1.14600003,-0.126000002,20210802244525,793,0xa,0x4,21.4500008,26.1820927,0.0288819671,-0.0612796508,1.72827677e-05,30,1.41299999,3,0.03954648060503448,1145.0,0.03954648060503448,19.907230399999996,19.907230399999996
924,793110400000661,167528267,2459429.7815827997,59429.2826736,20.0832767,0.14323087,0,zg,226.830109,55.7472169,0.400999993,0.00700000022,20210803282674,793,0xa,0x4,20.9599991,26.1647644,0.0337858237,-0.044436831,2.44242074e-05,30,1.67499995,1,0.0336270926142038,1146.0,0.0336270926142038,20.083276699999992,20.083276699999992
925,793110400000661,167528363,2459429.782543478,59429.2836343,19.8426857,0.120745189,0,zg,226.8302662,55.7471973,0.959999979,-0.173999995,20210803283623,793,0xa,0x4,21.1000004,26.166153,0.0341803171,-0.0489813685,2.44876192e-05,30,1.68299997,3,0.041968719622405275,1146.0,0.041968719622405275,19.842685699999997,19.842685699999997
926,793110400000661,167627986,2459430.778739149,59430.2798611,19.9316254,0.128762454,0,zg,226.8301849,55.7471442,0.879000008,0.0179999992,20210804279861,793,0xa,0x4,21.3600006,26.171114,0.0284694564,-0.0400828049,1.67441431e-05,30,1.67499995,3,0.03866783350941185,1147.0,0.03866783350941185,19.931625399999994,19.931625399999994
927,793110400000661,168022416,2459434.7229252057,59434.2241667,19.8701401,0.123180993,0,zg,226.8301704,55.7471277,1.176,-0.180999994,20210808224155,793,0xa,0x4,21.6000004,26.2297096,0.0285614841,-0.0686920583,1.67550406e-05,30,1.39300001,1,0.040920785342308495,1151.0,0.040920785342308495,19.870140100000008,19.870140100000008
928,793110400000661,168226238,2459436.761083419,59436.2623843,19.819809,0.118742779,0,zg,226.8302179,55.7471294,0.933000028,-0.0529999994,20210810262373,793,0xa,0x4,21.1499996,26.0277634,0.0293806884,-0.0419371128,1.82290878e-05,30,1.66600001,1,0.042862391621377637,1153.0,0.042862391621377637,19.819809,19.819809
929,793110400000661,168518574,2459439.6843577954,59439.1857407,19.9507198,0.13053064,0,zg,226.830002,55.7470684,0.654999971,-0.27700001,20210813185741,793,0xa,0x4,20.8099995,25.965889,0.0331206359,-0.0413259752,2.58257751e-05,30,1.28799999,1,0.037993742937559874,1156.0,0.037993742937559874,19.950719799999995,19.950719799999995
930,793110400000661,168722415,2459441.722717225,59441.2241551,19.7217484,0.110444508,0,zg,226.8303939,55.7472223,1.06400001,0.0729999989,20210815224144,793,0xa,0x4,20.9699993,26.0144272,0.0330304317,-0.027883606,2.42264214e-05,30,1.49600005,1,0.046913803018143616,1158.0,0.046913803018143616,19.721748400000003,19.721748400000003
931,793110400000661,168917651,2459443.675027494,59443.1765162,19.522419,0.0950265452,0,zg,226.8301946,55.7471291,1.329,0.0780000016,20210817176505,793,0xa,0x4,20.7199993,25.8814583,0.0337700434,-0.0219445601,3.06649745e-05,30,1.29499996,1,0.056367970688123194,1160.0,0.056367970688123194,19.522419000000006,19.522419000000006
932,793110400000661,169521403,2459449.7124050967,59449.2140394,19.8316078,0.119772479,0,zg,226.8301202,55.7471745,1.102,-0.416000009,20210823214028,793,0xa,0x4,20.2099991,26.0963669,0.0363359638,-0.0264167506,4.53549656e-05,30,1.57099998,3,0.042399123627827974,1166.0,0.042399123627827974,19.831607799999993,19.831607799999993
933,793110400000661,169919379,2459453.692076211,59453.1937963,20.1117992,0.146053553,0,zg,226.8302783,55.7471659,0.944999993,-0.104999997,20210827193785,793,0xa,0x4,21.6499996,26.2554836,0.0280699525,-0.0693501756,1.62526703e-05,30,1.51100004,3,0.03275520486205192,1170.0,0.03275520486205192,20.1117992,20.1117992
934,793110400000661,170019987,2459454.698132245,59454.1998727,19.8373661,0.120277375,0,zg,226.8301565,55.7471105,0.458000004,0.0560000017,20210828199861,793,0xa,0x4,21.3500004,26.2369843,0.0300014839,-0.0475072414,1.86598227e-05,30,1.56799996,1,0.04217485129715326,1171.0,0.04217485129715326,19.837366100000004,19.837366100000004
935,793110400000661,170121767,2459455.7159131,59455.2176736,19.9946213,0.13465631,0,zg,226.8300817,55.7471622,1.028,-0.236000001,20210829217662,793,0xa,0x4,21.3199997,26.1600437,0.0290787965,-0.04624369,1.74286251e-05,30,1.72500002,3,0.03648811936839538,1172.0,0.03648811936839538,19.9946213,19.9946213
936,793110400000661,170322782,2459457.7260257276,59457.2278241,19.8477955,0.121195883,0,zg,226.8301261,55.7471442,0.52700001,-0.00600000005,20210831227824,793,0xa,0x4,21.1700001,26.0665207,0.0336372294,-0.0545083284,2.3671746e-05,30,1.87300003,1,0.04177166630855353,1174.0,0.04177166630855353,19.847795499999997,19.847795499999997
937,793110400000661,170518247,2459459.680643934,59459.1824769,19.8106766,0.117950343,0,zg,226.8301784,55.7471517,1.21899998,0.0379999988,20210902182477,793,0xa,0x4,21.5699997,26.2395477,0.0312102567,-0.0858493,2.02767278e-05,30,1.54299998,3,0.04322443846505022,1176.0,0.04322443846505022,19.8106766,19.8106766
938,793110400000661,170720010,2459461.6982377972,59461.2001042,20.0377579,0.138789281,0,zg,226.8300763,55.7473188,0.838999987,0.023,20210904200093,793,0xa,0x4,20.8500004,26.2133942,0.0574207194,-0.03924511,7.2842704e-05,30,1.71500003,3,0.03506685681134674,1178.0,0.03506685681134674,20.037757899999995,20.037757899999995
939,793110400000661,171917886,2459473.676851751,59473.1788657,19.7380905,0.111795053,0,zg,226.8302261,55.7471948,0.751999974,0.0350000001,20210916178866,793,0xa,0x4,20.7399998,26.1866436,0.0353958979,-0.026023373,3.0653704e-05,30,1.82000005,1,0.04621296143288589,1190.0,0.04621296143288589,19.73809049999999,19.73809049999999
940,793110400000661,172215804,2459476.656007347,59476.158044,19.6764793,0.106771708,0,zg,226.8302657,55.7472533,0.741999984,-0.307999998,20210919158044,793,0xa,0x4,19.8299999,26.2182579,0.0511346944,-0.0568985976,0.000114600385,30,1.70599997,1,0.04891119571530421,1193.0,0.04891119571530421,19.676479300000004,19.676479300000004
941,793110400000661,172415756,2459478.6555206752,59478.1575694,19.477211,0.0917998999,0,zg,226.83021,55.7471057,0.801999986,-0.185000002,20210921157569,793,0xa,0x4,19.75,26.162981,0.0425784737,-0.025148496,8.23390292e-05,30,1.74899995,1,0.058764575057623676,1195.0,0.058764575057623676,19.477211000000004,19.477211000000004
942,793110400000661,173213677,2459486.6346998303,59486.1367708,19.8379307,0.120326996,0,zg,226.8303381,55.7471253,0.352999985,-0.023,20210929136771,793,0xa,0x4,20.9899998,26.2169991,0.0382723026,-0.0693871677,3.22041524e-05,30,1.75800002,1,0.04215292540878041,1203.0,0.04215292540878041,19.83793070000001,19.83793070000001
943,793110400000661,173414599,2459488.6439254032,59488.1459954,19.8601532,0.12229082,0,zg,226.8300265,55.7471103,1.16900003,0.135000005,20211001145984,793,0xa,0x4,20.9400005,26.1679268,0.0356999822,-0.0412003174,2.78931839e-05,30,1.903,1,0.04129892241019957,1205.0,0.04129892241019957,19.860153200000006,19.860153200000006
944,793110400000661,186932442,2459623.826218228,59623.3244213,19.863863,0.122620933,0,zg,226.8301233,55.7471563,0.588,0.0710000023,20220213324410,793,0xa,0x4,20.4099998,26.1599846,0.0340630449,-0.0293389466,3.44285254e-05,30,1.90799999,1,0.041158050907222424,1340.0,0.041158050907222424,19.863863000000002,19.863863000000002
945,793110400000661,187642621,2459630.9281898453,59630.4262153,19.7860641,0.115834676,0,zg,226.8302108,55.7471868,0.827000022,-0.0299999993,20220220426204,793,0xa,0x4,20.9500008,26.3363476,0.0328295305,-0.0646233335,2.4738014e-05,30,1.20500004,1,0.04421548162430517,1347.0,0.04421548162430517,19.786064099999997,19.786064099999997
946,793110400000661,188336322,2459637.865350516,59637.3632292,19.8415871,0.120648496,0,zg,226.8302732,55.7471796,1.27900004,-0.075000003,20220227363218,793,0xa,0x4,20.8500004,26.2838306,0.0371476524,-0.0667210892,3.14559911e-05,30,1.35899997,1,0.04201120707893367,1354.0,0.04201120707893367,19.841587100000005,19.841587100000005
947,793110400000661,188532263,2459639.824796585,59639.3226389,19.6564598,0.105179653,0,zg,226.8299348,55.7472149,1.06400001,0.00400000019,20220301322627,793,0xa,0x4,20.3400002,26.2526093,0.0518209822,-0.0563297383,7.91847633e-05,30,1.551,1,0.04982141752781895,1356.0,0.04982141752781895,19.6564598,19.6564598
948,793110400000661,188739031,2459641.8925060793,59641.3903125,19.9723568,0.132553563,0,zg,226.8300857,55.747183,0.788999975,-0.00100000005,20220303390289,793,0xa,0x4,21.4400005,26.3267345,0.0309542026,-0.0985534862,1.99483202e-05,30,1.22099996,1,0.03724408250082113,1358.0,0.03724408250082113,19.972356799999993,19.972356799999993
949,793110400000661,191832156,2459672.82396411,59672.3215625,19.991312,0.134342447,32768,zg,226.8301275,55.7471707,1.40100002,0.178000003,20220403321551,793,0xa,0x4,22.2299995,26.2694073,0.0371736363,-0.11687123,2.83841182e-05,30,1.17999995,1,0.03659950401401607,1389.0,0.03659950401401607,19.991312,19.991312
950,793110400000661,192138296,2459675.885350825,59675.382963,19.9248581,0.128139809,0,zg,226.8301875,55.7471476,0.940999985,-0.0469999984,20220406382870,793,0xa,0x4,21.7700005,26.2780247,0.0306012873,-0.0857124031,1.91298877e-05,30,1.08299994,1,0.03890959944672224,1392.0,0.03890959944672224,19.9248581,19.9248581
951,793110400000661,192334363,2459677.8460100433,59677.3436343,19.8531132,0.12166623,0,zg,226.8302015,55.7471838,0.328999996,-0.0289999992,20220408343623,793,0xa,0x4,21.0799999,26.2744141,0.0334667079,-0.0754025131,2.40256068e-05,30,1.11500001,1,0.04156757796213695,1394.0,0.04156757796213695,19.853113200000003,19.853113200000003
952,793110400000661,192528799,2459679.7903589914,59679.2879977,19.9381771,0.129367322,0,zg,226.8301606,55.7471891,0.663999975,0.057,20220410287986,793,0xa,0x4,21.0799999,26.2754498,0.0294894222,-0.0689205676,1.89407237e-05,30,1.21700001,1,0.03843520130183662,1396.0,0.03843520130183662,19.938177099999997,19.938177099999997
953,793110400000661,192838871,2459682.8910485953,59682.3887153,19.8034458,0.117325827,0,zg,226.8301379,55.7471902,0.598999977,-0.136000007,20220413388715,793,0xa,0x4,20.6900005,26.3105278,0.03495083,-0.057927534,2.91201577e-05,30,1.07599998,1,0.04351326583924071,1399.0,0.04351326583924071,19.8034458,19.8034458
954,793110400000661,193342540,2459687.927680005,59687.4254051,19.7157021,0.109948151,0,zg,226.8302006,55.7471924,0.569999993,-0.0390000008,20220418425394,793,0xa,0x4,20.4400005,26.2988777,0.0398648046,-0.0449773334,4.78206748e-05,30,1.10399997,1,0.04717578766018414,1404.0,0.04717578766018414,19.71570210000001,19.71570210000001
955,793110400000661,193630657,2459690.8088086015,59690.3065741,20.027422,0.13779211,0,zg,226.830146,55.7471744,0.933000028,0.147,20220421306551,793,0xa,0x4,21.4599991,26.2934933,0.0278084427,-0.0809185877,1.6252603e-05,30,1.11699998,1,0.0354022773397779,1407.0,0.0354022773397779,20.027421999999994,20.027421999999994
956,793110400000661,193934783,2459693.850022047,59693.3478356,19.962389,0.131619126,0,zg,226.8302424,55.7472335,0.656000018,0.00600000005,20220424347812,793,0xa,0x4,21.1100006,26.2615089,0.0367599167,-0.0806931853,2.86266259e-05,30,1.07700002,2,0.037587582990627054,1410.0,0.037587582990627054,19.962388999999995,19.962388999999995
957,793110400000661,193942885,2459693.931039291,59693.4288542,20.0290985,0.137953535,0,zg,226.8299879,55.7471913,0.953999996,-0.0120000001,20220424428843,793,0xa,0x4,21.2299995,26.2472458,0.0329948217,-0.0692698509,2.26737757e-05,30,1.13199997,2,0.03534765438603864,1410.0,0.03534765438603864,20.029098499999996,20.029098499999996
958,793110400000661,194036708,2459694.869252424,59694.3670833,19.978384,0.133120701,0,zg,226.8300469,55.7471923,0.795000017,0.0109999999,20220425367072,793,0xa,0x4,21.4500008,26.1935329,0.0328766704,-0.071150139,2.21038699e-05,30,1.07700002,2,0.03703790385610504,1411.0,0.03703790385610504,19.978384,19.978384
959,793110400000661,194038961,2459694.8917868254,59694.3896181,19.948864,0.130358055,0,zg,226.8302406,55.7472341,0.713999987,-0.0520000011,20220425389595,793,0xa,0x4,21.2900009,26.1800442,0.0382311977,-0.0778124928,3.03623783e-05,30,1.08800006,1,0.03805873946335437,1411.0,0.03805873946335437,19.948864000000007,19.948864000000007
960,793110400000661,194041309,2459694.9152586004,59694.4130903,20.1410809,0.148981169,0,zg,226.8304721,55.7473618,0.949000001,-0.0199999996,20220425413090,793,0xa,0x4,20.7600002,26.1622181,0.0376141518,-0.0442619622,3.41304294e-05,30,1.11300004,2,0.03188362114401845,1411.0,0.03188362114401845,20.1410809,20.1410809
961,793110400000661,194134320,2459695.8453579596,59695.343206,19.9062614,0.126439124,32768,zg,226.8302048,55.7471511,0.50999999,-0.0399999991,20220426343194,793,0xa,0x4,20.6299992,25.1084366,0.0455441922,-0.0506846644,6.40702274e-05,30,1.07700002,2,0.03958179088097647,1412.0,0.03958179088097647,19.906261399999998,19.906261399999998
962,793110400000661,194234754,2459696.8496800214,59696.3475463,19.94067,0.129598066,0,zg,226.8300846,55.7471818,1.09000003,-0.115999997,20220427347546,793,0xa,0x4,21.2900009,26.3159523,0.0409988165,-0.0944061577,3.53037722e-05,30,1.07599998,1,0.038347053555539794,1413.0,0.038347053555539794,19.940670000000004,19.940670000000004
963,793110400000661,194327981,2459697.781931063,59697.2798148,19.9921741,0.13442415,32768,zg,226.8301322,55.7471744,1.39300001,0.165000007,20220428279769,793,0xa,0x4,21.9599991,26.2843132,0.0350378342,-0.120169938,2.52124173e-05,30,1.12800002,2,0.03657045468426057,1414.0,0.03657045468426057,19.992174099999993,19.992174099999993
964,793110400000661,194344846,2459697.950573649,59697.4484606,20.0567875,0.140636474,32768,zg,226.8300674,55.7471647,0.890999973,0.0189999994,20220428448403,793,0xa,0x4,21.9200001,26.2529888,0.0438625291,-0.123818353,3.92893635e-05,30,1.19500005,2,0.03445759800060788,1414.0,0.03445759800060788,20.056787500000006,20.056787500000006
965,793110400000661,194545520,2459699.957281932,59699.4552083,19.9456215,0.130056933,0,zg,226.8301462,55.7471684,0.963,0.0450000018,20220430455185,793,0xa,0x4,21.8299999,26.2337646,0.0310547128,-0.0769345984,2.0029207e-05,30,1.22899997,2,0.038172569985026356,1416.0,0.038172569985026356,19.94562150000001,19.94562150000001
966,793110400000661,194545614,2459699.958219411,59699.4561458,19.9993992,0.135110274,0,zg,226.8301961,55.7471845,1.16700006,0.167999998,20220430456134,793,0xa,0x4,21.8600006,26.2215405,0.0309481565,-0.0733395517,1.95661596e-05,30,1.23199999,1,0.036327902224213754,1416.0,0.036327902224213754,19.999399199999992,19.999399199999992
967,793110400000661,194624189,2459700.743955672,59700.2418981,19.9857769,0.133818522,0,zg,226.8302004,55.7471718,1.11099994,0.00400000019,20220501241887,793,0xa,0x4,21.5699997,26.2468681,0.0315429717,-0.0771750212,2.05029592e-05,30,1.18799996,2,0.03678656526819305,1417.0,0.03678656526819305,19.985776899999998,19.985776899999998
968,793110400000661,194636574,2459700.867795737,59700.3657407,20.0215244,0.137224957,0,zg,226.8301814,55.7471616,0.479000002,0.0469999984,20220501365671,793,0xa,0x4,21.75,26.281786,0.0309612863,-0.0850186571,2.01106523e-05,30,1.08299994,2,0.03559510185469071,1417.0,0.03559510185469071,20.021524399999997,20.021524399999997
969,793110400000661,194732224,2459701.824280391,59701.3222454,20.0229015,0.137357324,0,zg,226.8301447,55.7471365,0.651000023,0.0140000004,20220502322234,793,0xa,0x4,21.7700005,26.2591953,0.0387657881,-0.103669889,3.14471945e-05,30,1.07799995,2,0.03554998321395457,1418.0,0.03554998321395457,20.022901499999996,20.022901499999996
970,793110400000661,194736304,2459701.86507813,59701.363044,20.1251564,0.147385478,0,zg,226.8300592,55.7470908,0.981999993,0.0529999994,20220502363044,793,0xa,0x4,21.0599995,26.2613926,0.0441063344,-0.0951929688,4.22143021e-05,30,1.08299994,2,0.03235470467100216,1418.0,0.03235470467100216,20.1251564,20.1251564
971,793110400000661,194739181,2459701.893850606,59701.3918171,20.0725441,0.14217636,32768,zg,226.8300938,55.7471725,0.690999985,-0.0529999994,20220502391806,793,0xa,0x4,21.8999996,26.2487411,0.0427587107,-0.115690924,3.75437849e-05,30,1.11000001,2,0.03396114781067368,1418.0,0.03396114781067368,20.072544099999995,20.072544099999995
972,793110400000661,194742550,2459701.9275420797,59701.4255093,20.2310181,0.158139065,32768,zg,226.8300569,55.7471784,1.76600003,0.165000007,20220502425451,793,0xa,0x4,22.0400009,26.2422733,0.0395997651,-0.13299644,3.23012428e-05,30,1.16700006,2,0.02934896295039144,1418.0,0.02934896295039144,20.231018099999993,20.231018099999993
973,793110400000661,194828462,2459702.786643909,59702.2846296,20.0767326,0.142587394,0,zg,226.8301522,55.747195,0.625,-0.00800000038,20220503284618,793,0xa,0x4,21.7999992,26.2657166,0.0360691734,-0.107684575,2.61975729e-05,30,1.10300004,2,0.03383038654092678,1419.0,0.03383038654092678,20.076732600000007,20.076732600000007
974,793110400000661,194830883,2459702.8108447883,59702.308831,20.0679817,0.141729578,32768,zg,226.8301823,55.7471883,0.728999972,0.0430000015,20220503308808,793,0xa,0x4,22.0100002,26.2771549,0.0373127088,-0.121179588,2.79873784e-05,30,1.08299994,1,0.034104157083428205,1419.0,0.034104157083428205,20.067981699999997,20.067981699999997
975,793110400000661,194832512,2459702.827140736,59702.3251273,20.0725288,0.142174959,32768,zg,226.8302008,55.7471827,0.66900003,0.0280000009,20220503325116,793,0xa,0x4,22.1100006,26.2806721,0.0355479494,-0.115005143,2.577755e-05,30,1.07700002,2,0.033961626388453334,1419.0,0.033961626388453334,20.072528800000008,20.072528800000008
976,793110400000661,195619832,2459710.7001480153,59710.1983218,20.0306625,0.13810426,0,zg,226.8302176,55.7472299,1.148,-0.296000004,20220511198310,793,0xa,0x4,20.4799995,26.26684,0.0342276022,-0.0364092775,3.19320861e-05,30,1.23199999,2,0.035296772843819484,1427.0,0.035296772843819484,20.0306625,20.0306625
977,793110400000661,195635315,2459710.8549819626,59710.3531597,19.8216438,0.118902445,0,zg,226.8302774,55.7471817,0.746999979,-0.180000007,20220511353160,793,0xa,0x4,20.7900009,26.3287659,0.0381176807,-0.0664858893,3.40057632e-05,30,1.09399998,2,0.042790019066681104,1427.0,0.042790019066681104,19.821643799999997,19.821643799999997
978,793110400000661,195642508,2459710.926901384,59710.425081,20.0469933,0.139684021,0,zg,226.8302427,55.7471918,0.862999976,-0.0610000007,20220511425069,793,0xa,0x4,21.0499992,26.2931156,0.0333757512,-0.0621360168,2.32963466e-05,30,1.22899997,2,0.03476983902329399,1427.0,0.03476983902329399,20.046993300000004,20.046993300000004
979,793110400000661,195720006,2459711.7018696293,59711.2000694,19.8969498,0.125593394,0,zg,226.8300841,55.7472065,0.561999977,0.112999998,20220512200069,793,0xa,0x4,20.7099991,26.2609978,0.035113994,-0.0468457527,3.07086666e-05,30,1.21899998,2,0.03992271606426233,1428.0,0.03992271606426233,19.89694980000001,19.89694980000001
980,793110400000661,195724259,2459711.7443917305,59711.2425926,19.6814346,0.107168853,0,zg,226.8302016,55.7472362,0.273000002,0.0399999991,20220512242593,793,0xa,0x4,20.8099995,26.2946091,0.0360771976,-0.0659461319,3.16850819e-05,30,1.12699997,1,0.04868847365813548,1428.0,0.04868847365813548,19.681434599999996,19.681434599999996
981,793110400000661,195742064,2459711.9224425554,59711.4206481,19.8195019,0.118716016,0,zg,226.8301522,55.7471436,0.800000012,0.0610000007,20220512420613,793,0xa,0x4,20.1399994,26.267662,0.0427212827,-0.0498518422,6.33563468e-05,30,1.22399998,2,0.0428745169444209,1428.0,0.0428745169444209,19.8195019,19.8195019
982,793110400000661,195824687,2459712.748647598,59712.246875,19.6949997,0.108262137,0,zg,226.8302822,55.7471654,0.823000014,0.0309999995,20220513246701,793,0xa,0x4,20.7199993,26.2781467,0.0351055674,-0.0334963836,3.00647371e-05,30,1.11600006,2,0.048083948131056646,1429.0,0.048083948131056646,19.694999700000004,19.694999700000004
983,793110400000661,195843231,2459712.934082423,59712.4323148,20.071106,0.142035455,0,zg,226.8301468,55.7471909,0.61500001,-0.0759999976,20220513432315,793,0xa,0x4,20.7700005,26.2381935,0.0342924595,-0.0296761487,2.9321609e-05,30,1.26900005,2,0.03400616048103253,1429.0,0.03400616048103253,20.071106000000007,20.071106000000007
984,793110400000661,195920722,2459713.7089689733,59713.2072222,19.819622,0.118726499,0,zg,226.8301698,55.7471831,0.363000005,-0.115000002,20220514207222,793,0xa,0x4,20.3899994,26.2338562,0.0371366031,-0.0331601091,4.00904864e-05,30,1.18599999,2,0.04286977459109527,1430.0,0.04286977459109527,19.819622000000003,19.819622000000003
985,793110400000661,195942781,2459713.929553276,59713.4278125,19.8814659,0.124196112,0,zg,226.8301937,55.7472249,0.68900001,-0.00600000005,20220514427697,793,0xa,0x4,20.5100002,26.2416496,0.0348132476,-0.0247197058,3.48206158e-05,30,1.26300001,2,0.04049614100474691,1430.0,0.04049614100474691,19.881465900000002,19.881465900000002
986,793110400000661,195943077,2459713.932516194,59713.4307755,19.9469814,0.130183205,0,zg,226.8302027,55.7472226,0.959999979,-0.0909999982,20220514430764,793,0xa,0x4,20.4400005,26.2701206,0.0348764472,-0.0512106232,3.84009763e-05,30,1.273,1,0.03812478822946958,1430.0,0.03812478822946958,19.94698139999999,19.94698139999999
987,793110400000661,196027140,2459714.7731182254,59714.2714005,20.191021,0.154037714,0,zg,226.8302237,55.7470559,0.30399999,-0.119999997,20220515271273,793,0xa,0x4,20.4400005,26.2972298,0.0391534641,-0.0162500776,4.32736742e-05,30,1.08599997,2,0.030450301702995924,1431.0,0.030450301702995924,20.191021,20.191021
988,793110400000661,196044886,2459714.9505784805,59714.4488657,19.8221588,0.118947297,0,zg,226.8302768,55.7471329,0.317000002,0.00800000038,20220515448854,793,0xa,0x4,20.4899998,26.2713623,0.0379519388,-0.0401550494,4.30454966e-05,30,1.35599995,2,0.04276972718164536,1431.0,0.04276972718164536,19.822158800000004,19.822158800000004
989,793110400000661,196124802,2459715.7497113785,59715.2480208,20.0800343,0.142911881,0,zg,226.8301513,55.7472271,0.717000008,-0.0299999993,20220516247894,793,0xa,0x4,20.4200001,26.3132687,0.0359507501,-0.0328415781,3.98194461e-05,30,1.10399997,2,0.03372766534261357,1432.0,0.03372766534261357,20.0800343,20.0800343
990,793110400000661,196333976,2459717.8413996054,59717.3397685,19.9410057,0.129629061,0,zg,226.8300691,55.7472346,0.252999991,-0.0439999998,20220518339595,793,0xa,0x4,20.6800003,26.2471657,0.0339538679,-0.0217315406,3.07119917e-05,30,1.10000002,1,0.0383351988196454,1434.0,0.0383351988196454,19.941005699999998,19.941005699999998
991,793110400000661,196832689,2459722.828380187,59722.3268981,19.9760475,0.132900655,0,zg,226.8301775,55.7471741,0.711000025,-0.00300000003,20220523326898,793,0xa,0x4,21.7600002,26.2792816,0.0317868106,-0.0655503795,2.09198406e-05,30,1.10099995,1,0.037117695102514954,1439.0,0.037117695102514954,19.9760475,19.9760475
992,793110400000661,196834670,2459722.848182873,59722.3467014,20.0524902,0.14021796,0,zg,226.8301987,55.7471569,0.722000003,0.0370000005,20220523346690,793,0xa,0x4,21.7099991,26.2817707,0.0327766836,-0.0734385699,2.21955943e-05,30,1.12699997,1,0.03459425003352427,1439.0,0.03459425003352427,20.0524902,20.0524902
993,793110400000661,196838442,2459722.8859015894,59722.3844213,20.0495758,0.139934763,0,zg,226.8302362,55.7472224,1.55700004,0.128999993,20220523384363,793,0xa,0x4,21.3400002,26.1317902,0.0333906338,-0.0648129806,2.33885003e-05,30,1.20599997,2,0.03468723479227806,1439.0,0.03468723479227806,20.049575800000007,20.049575800000007
994,793110400000661,197036603,2459724.8674484817,59724.3660301,20.0747414,0.14239198,0,zg,226.8302847,55.7471847,1.074,-0.104000002,20220525366007,793,0xa,0x4,21.7999992,26.2430477,0.0310354624,-0.0704222322,1.97892532e-05,30,1.17400002,1,0.033892487144966836,1441.0,0.033892487144966836,20.0747414,20.0747414
995,793110400000661,197232260,2459726.8239600756,59726.3226042,19.9353848,0.129109353,0,zg,226.8301306,55.7471671,0.675999999,0.0579999983,20220527322593,793,0xa,0x4,21.8799992,26.3367214,0.0314107053,-0.0857255235,2.05247052e-05,30,1.10899997,1,0.03853417629855803,1443.0,0.03853417629855803,19.9353848,19.9353848
996,793110400000661,197539021,2459729.891475133,59729.3902199,19.8291683,0.119559005,0,zg,226.8300322,55.7472307,1.02100003,-0.0610000007,20220530390208,793,0xa,0x4,20.8999996,26.287426,0.0382500775,-0.0620663427,3.20778818e-05,30,1.28499997,1,0.042494495734053964,1446.0,0.042494495734053964,19.8291683,19.8291683
997,793110400000661,197827999,2459732.7811578354,59732.28,20.0592594,0.140877262,0,zg,226.8301769,55.747202,1.097,0.0810000002,20220602279988,793,0xa,0x4,21.8899994,26.3105946,0.0308580883,-0.0762150437,1.94470213e-05,30,1.08399999,1,0.034379237483850626,1449.0,0.034379237483850626,20.059259399999995,20.059259399999995
998,793110400000661,198230393,2459736.804953542,59736.3039352,19.9999847,0.13516596,0,zg,226.8301776,55.7471584,0.476000011,0.0489999987,20220606303924,793,0xa,0x4,21.7199993,26.3333492,0.0296392683,-0.0763687566,1.81875366e-05,30,1.12,1,0.03630831712370279,1453.0,0.03630831712370279,19.99998469999999,19.99998469999999
999,793110400000661,198422039,2459738.72134403,59738.2203935,19.8390388,0.120424308,0,zg,226.8301927,55.7471556,0.949000001,0.217999995,20220608220382,793,0xa,0x4,20.9099998,26.2923965,0.0302668028,-0.0566346347,2.06278983e-05,30,1.079,1,0.04210992617134053,1455.0,0.04210992617134053,19.839038800000004,19.839038800000004
1000,793110400000661,199425971,2459748.760294516,59748.2597106,20.0578518,0.140740126,0,zg,226.8301986,55.7472231,0.799000025,-0.0970000029,20220618259711,793,0xa,0x4,21.5799999,26.3341827,0.0337437056,-0.0778379887,2.35299249e-05,30,1.10500002,1,0.03442383726509888,1465.0,0.03442383726509888,20.0578518,20.0578518
1001,793110400000661,199625624,2459750.756759278,59750.25625,19.9031677,0.126157627,0,zg,226.8302293,55.7471587,0.836000025,0.0780000016,20220620256238,793,0xa,0x4,21.9400005,26.322506,0.0299377982,-0.0776664317,1.83905668e-05,30,1.10800004,1,0.0396947361916283,1467.0,0.0396947361916283,19.903167700000004,19.903167700000004
1002,793110400000661,200024648,2459754.7468404993,59754.2464815,20.0644341,0.141382635,0,zg,226.8302187,55.7471721,1.25699997,0.158999994,20220624246481,793,0xa,0x4,21.7700005,26.3307056,0.0270703733,-0.0663530678,1.5213679e-05,30,1.10899997,1,0.03421577331598415,1471.0,0.03421577331598415,20.064434099999993,20.064434099999993
1003,793110400000661,200324695,2459757.7472013785,59757.246956,19.919796,0.12767525,0,zg,226.8301632,55.7471459,1.73899996,-0.175999999,20220627246956,793,0xa,0x4,21.5599995,26.2930431,0.0285487901,-0.063506268,1.70872736e-05,30,1.12100005,1,0.039091433815646705,1474.0,0.039091433815646705,19.919795999999998,19.919795999999998
1004,793110400000661,200330530,2459757.805544047,59757.3053009,20.007761,0.135907054,0,zg,226.8302497,55.7471559,0.671000004,0.0689999983,20220627305231,793,0xa,0x4,21.4500008,26.2600594,0.0295891352,-0.0485407449,1.79259914e-05,30,1.255,1,0.03604919739811769,1474.0,0.03604919739811769,20.007760999999995,20.007760999999995
1005,793110400000661,200522318,2459759.72335332,59759.2231829,19.9809761,0.133365154,0,zg,226.8301517,55.7472153,0.828000009,0.00700000022,20220629223113,793,0xa,0x4,21.6000004,26.2811852,0.031689696,-0.0550893918,2.09564932e-05,30,1.09800005,1,0.036949584577060074,1476.0,0.036949584577060074,19.9809761,19.9809761
1006,793110400000661,200728542,2459761.785520385,59761.2854282,20.1085091,0.145726442,0,zg,226.8300541,55.7471781,1.79299998,0.0860000029,20220701285417,793,0xa,0x4,21.6599998,26.3206425,0.0275153294,-0.0809038654,1.56847909e-05,30,1.22800004,1,0.03285461330796742,1478.0,0.03285461330796742,20.1085091,20.1085091
1007,793110400000661,200921873,2459763.718757382,59763.2187384,20.0021629,0.135373279,0,zg,226.8301959,55.7472135,0.864000022,-0.0149999997,20220703218727,793,0xa,0x4,21.6800003,26.3375721,0.0281755514,-0.0668233261,1.62723518e-05,30,1.10500002,1,0.036235548529234565,1480.0,0.036235548529234565,20.002162899999995,20.002162899999995
1008,793110400000661,201422750,2459768.7273302777,59768.2275,19.9869175,0.133926392,0,zg,226.830257,55.7471859,1.72599995,-0.111000001,20220708227500,793,0xa,0x4,20.9899998,26.3030148,0.0309511963,-0.0504705533,2.14031534e-05,30,1.13800001,2,0.03674794011746031,1485.0,0.03674794011746031,19.986917499999997,19.986917499999997
1009,793110400000661,201426769,2459768.767525554,59768.2676968,19.7469673,0.112534046,0,zg,226.8301803,55.7471506,1.35699999,-0.107000001,20220708267685,793,0xa,0x4,21.1100006,26.2859497,0.0319916196,-0.0487702154,2.20592028e-05,30,1.23199999,1,0.04583667222335353,1485.0,0.04583667222335353,19.7469673,19.7469673
1010,793110400000661,201431946,2459768.819294379,59768.3194676,19.9282322,0.128450006,0,zg,226.8301407,55.7472539,0.632000029,0.148000002,20220708319468,793,0xa,0x4,21.1399994,26.2382164,0.031077534,-0.0378693193,2.06887289e-05,30,1.44400001,1,0.03878886929549065,1485.0,0.03878886929549065,19.928232200000004,19.928232200000004
1011,793110400000661,201521561,2459769.715406711,59769.2156134,19.8157463,0.11838977,0,zg,226.8302723,55.7471676,0.851999998,0.023,20220709215613,793,0xa,0x4,21.2000008,26.330143,0.0296075009,-0.0506598651,1.86243815e-05,30,1.12300003,2,0.04302307820879194,1486.0,0.04302307820879194,19.815746299999994,19.815746299999994
1012,793110400000661,201620383,2459770.703587448,59770.203831,19.9218483,0.127863482,0,zg,226.8302677,55.7471449,0.488000005,-0.0540000014,20220710203831,793,0xa,0x4,20.9699993,26.3121948,0.0290887989,-0.0428147279,1.95530738e-05,30,1.11000001,1,0.03901761148880247,1487.0,0.03901761148880247,19.9218483,19.9218483
1013,793110400000661,201623873,2459770.7384935296,59770.2387384,19.7877045,0.115974769,0,zg,226.8301497,55.7471889,0.702000022,-0.131999999,20220710238727,793,0xa,0x4,20.9799995,26.2901154,0.0316856727,-0.0258732866,2.23675615e-05,30,1.171,2,0.04414872847467371,1487.0,0.04414872847467371,19.787704499999997,19.787704499999997
1014,793110400000661,201626430,2459770.7640597713,59770.2643056,19.6670036,0.106015757,0,zg,226.8302094,55.7471574,0.882000029,0.0379999988,20220710264294,793,0xa,0x4,20.6299992,26.283226,0.032386411,-0.0320182145,2.69628872e-05,30,1.23800004,1,0.04933993352099466,1487.0,0.04933993352099466,19.667003600000008,19.667003600000008
1015,793110400000661,201719502,2459771.694742682,59771.1950231,19.7657604,0.114111349,0,zg,226.830147,55.7471754,1.41900003,0.0799999982,20220711195023,793,0xa,0x4,20.6800003,26.3320808,0.0341743492,-0.0237864871,2.93742687e-05,30,1.10300004,2,0.04505010836682062,1488.0,0.04505010836682062,19.765760399999998,19.765760399999998
1016,793110400000661,202726885,2459781.7682079133,59781.2688542,19.8627586,0.12252263,0,zg,226.8302262,55.747188,0.354000002,0.00200000009,20220721268762,793,0xa,0x4,21.3700008,26.2016869,0.0285757966,-0.0710654706,1.69271443e-05,30,1.36899996,1,0.041199937764475655,1498.0,0.041199937764475655,19.8627586,19.8627586
1017,793110400000661,202734218,2459781.8415385797,59781.3421875,20.0575943,0.140715018,32768,zg,226.8303182,55.7471671,0.853999972,0.0850000009,20220721342095,793,0xa,0x4,20.5499992,25.8515224,0.0434061401,-0.0285919663,5.37674314e-05,30,1.89100003,1,0.034432002406205454,1498.0,0.034432002406205454,20.057594299999998,20.057594299999998
1018,793110400000661,202928199,2459783.781273734,59783.2819907,19.9765358,0.13294667,0,zg,226.8301705,55.7471291,1.97500002,0.112999998,20220723281991,793,0xa,0x4,21.5100002,26.2394295,0.0273126718,-0.0528962277,1.5277803e-05,30,1.46300006,1,0.037101005509435604,1500.0,0.037101005509435604,19.9765358,19.9765358
1019,793110400000661,203121826,2459785.717479947,59785.2182639,19.9196606,0.127662897,0,zg,226.8301721,55.747137,0.871999979,0.0500000007,20220725218252,793,0xa,0x4,21.8700008,26.2139149,0.0341634415,-0.0767280683,2.3798415e-05,30,1.22300005,1,0.039096309134501725,1502.0,0.039096309134501725,19.919660600000007,19.919660600000007
1020,793110400000661,203321918,2459787.718337651,59787.2191898,19.8942547,0.125349447,0,zg,226.8301704,55.7472162,0.711000025,0.0250000004,20220727219190,793,0xa,0x4,21.5200005,26.1542797,0.0275716949,-0.0545119084,1.57520026e-05,30,1.24199998,1,0.04002193847522779,1504.0,0.04002193847522779,19.894254699999998,19.894254699999998
1021,793110400000661,203520240,2459789.701488814,59789.2024074,19.8961678,0.125522554,0,zg,226.8300707,55.7471755,0.588999987,0.0820000023,20220729202407,793,0xa,0x4,21.6100006,26.1905594,0.0277294852,-0.0617211349,1.58212733e-05,30,1.20899999,1,0.03995148070290044,1506.0,0.03995148070290044,19.896167799999994,19.896167799999994
1022,793110400000661,204030394,2459794.8028630572,59794.3039468,19.7449245,0.112363599,32768,zg,226.8301827,55.7472397,0.873000026,-0.0960000008,20220803303947,793,0xa,0x4,21.0499992,25.8945808,0.0316893421,-0.0408354178,2.27500859e-05,30,1.86199999,1,0.045922994569059926,1511.0,0.045922994569059926,19.744924500000003,19.744924500000003
1023,793110400000661,204426068,2459798.759477524,59798.2606829,19.9107685,0.126849771,0,zg,226.830252,55.7471738,0.934000015,-0.128000006,20220807260613,793,0xa,0x4,20.9699993,26.2456837,0.0310000852,-0.0497411601,2.12275481e-05,30,1.58700001,1,0.03941781982036355,1515.0,0.03941781982036355,19.910768499999996,19.910768499999996
1024,793110400000661,204722672,2459801.725431939,59801.2267245,19.8052616,0.117482409,32768,zg,226.8301088,55.7471012,0.616999984,-0.101999998,20220810226713,793,0xa,0x4,20.0400009,25.8353271,0.112796851,-0.028362954,0.000498751295,30,1.42999995,1,0.04344055448014485,1518.0,0.04344055448014485,19.8052616,19.8052616
1025,793110400000661,204920843,2459803.707088714,59803.2084375,19.8320007,0.119806826,0,zg,226.8301886,55.747204,0.947000027,-0.0340000018,20220812208426,793,0xa,0x4,20.6700001,26.2581711,0.0347616524,-0.0390455723,3.48064277e-05,30,1.36699998,1,0.04238378325159131,1520.0,0.04238378325159131,19.832000700000002,19.832000700000002
1026,793110400000661,205524432,2459809.7428192385,59809.2443287,19.9244022,0.128097847,0,zg,226.8302027,55.7471988,0.740999997,-0.104999997,20220818244282,793,0xa,0x4,21.2299995,26.1101952,0.0339007936,-0.0544613451,2.38058128e-05,30,1.69099998,1,0.038925940995530664,1526.0,0.038925940995530664,19.924402199999996,19.924402199999996
1027,793110400000661,207019422,2459824.692395568,59824.1942245,19.919981,0.127692193,0,zg,226.8302738,55.7471397,0.643999994,-0.0419999994,20220902194213,793,0xa,0x4,21.1599998,26.1348419,0.0298173074,-0.029173838,1.95782832e-05,30,1.62,1,0.039084773542984126,1541.0,0.039084773542984126,19.919981,19.919981
1028,793110400000661,217653430,2459931.0340263,59930.5343056,19.6308765,0.103173718,0,zg,226.830241,55.7473637,0.986000001,-0.128999993,20221217534294,793,0xa,0x4,20.4300003,26.2459888,0.0377822593,-0.0420450829,4.14757815e-05,30,1.495,1,0.05100930425718551,1647.0,0.05100930425718551,19.630876499999992,19.630876499999992
1029,793110400000661,218149592,2459935.995838526,59935.4959259,19.8773422,0.123825744,0,zg,226.8302048,55.7471793,0.648000002,0.00600000005,20221222495926,793,0xa,0x4,21.4099998,26.2154675,0.0282307398,-0.0491560251,1.65556648e-05,30,1.66600001,1,0.04065024055947112,1652.0,0.04065024055947112,19.877342200000008,19.877342200000008
1030,793110400000661,218354092,2459938.0409183553,59937.5409259,19.7570267,0.113376133,0,zg,226.8302158,55.7471856,0.648000002,-0.0979999974,20221224540926,793,0xa,0x4,21.3600006,26.299242,0.0286634676,-0.0706943274,1.71162483e-05,30,1.36099994,1,0.04541395444732154,1654.0,0.04541395444732154,19.757026700000004,19.757026700000004
1031,793110400000661,220353255,2459958.03332636,59957.5325579,19.9682941,0.132172167,32768,zg,226.8301796,55.747238,0.510999978,-0.191,20230113532558,793,0xa,0x4,20.2800007,25.6964436,0.0373434424,-0.0377589725,5.18253546e-05,30,1.20000005,1,0.037383706639652965,1674.0,0.037383706639652965,19.9682941,19.9682941
1032,793110400000661,221738863,2459971.8899033107,59971.3886343,19.9881058,0.134038866,0,zg,226.8303834,55.7472383,1.06799996,-0.0140000004,20230127388588,793,0xa,0x4,20.3199997,26.1739712,0.054785829,-0.0602810308,9.42934566e-05,30,1.74100006,1,0.036707742793788564,1688.0,0.036707742793788564,19.988105799999992,19.988105799999992
1033,793110400000661,226240509,2460016.9074191935,60016.4050926,19.9265099,0.128291547,0,zg,226.8300954,55.7471246,1.13399994,-0.0219999999,20230313405093,793,0xa,0x4,20.8899994,26.2766266,0.0320043564,-0.046122808,2.33197625e-05,30,1.13,1,0.038850448788239095,1733.0,0.038850448788239095,19.926509900000006,19.926509900000006
1034,793110400000661,226734318,2460021.845553579,60021.3431829,19.8520584,0.121572807,0,zg,226.8302429,55.7470887,0.751999974,0.0130000003,20230318343183,793,0xa,0x4,21.1800003,26.2622528,0.0381641313,-0.0809772238,3.09322641e-05,30,1.24199998,1,0.04160798076535057,1738.0,0.04160798076535057,19.852058399999997,19.852058399999997
1035,793110400000661,227831958,2460032.821994011,60032.3195833,19.7123699,0.109675385,0,zg,226.830146,55.7470843,1.20299995,-0.152999997,20230329319572,793,0xa,0x4,20.7000008,26.2774982,0.0336065851,-0.0465320237,2.74970334e-05,30,1.22300005,1,0.0473207958431161,1749.0,0.0473207958431161,19.71236989999999,19.71236989999999
1036,793110400000661,228836201,2460042.8643912063,60042.3620139,19.651207,0.104765117,0,zg,226.8302791,55.7472912,0.598999977,0.0390000008,20230408362014,793,0xa,0x4,20.6299992,26.2353687,0.0349265561,-0.024300633,3.38206228e-05,30,1.09500003,1,0.05006303793338414,1759.0,0.05006303793338414,19.651206999999992,19.651206999999992
1037,793110400000661,229034202,2460044.8443884663,60044.3420255,19.8733749,0.123470254,0,zg,226.8302062,55.7471681,1.40799999,0.108000003,20230410341979,793,0xa,0x4,20.9799995,26.3136806,0.0313041918,-0.0395734049,2.22427916e-05,30,1.11000001,1,0.04079904899262852,1761.0,0.04079904899262852,19.87337490000001,19.87337490000001
1038,793110400000661,229228682,2460046.7891750955,60046.2868287,20.0098515,0.136106759,0,zg,226.8301851,55.7472116,1.10399997,-0.136999995,20230412286817,793,0xa,0x4,21.8500004,26.2501049,0.0352051631,-0.0847463757,2.52581431e-05,30,1.20700002,1,0.03597985427161179,1763.0,0.03597985427161179,20.009851500000003,20.009851500000003
1039,793110400000661,229636284,2460050.8651511148,60050.3628472,19.995903,0.134777993,0,zg,226.8301641,55.7472105,0.360000014,0.00100000005,20230416362847,793,0xa,0x4,21.8199997,26.2852669,0.0357588045,-0.0807489008,2.60620873e-05,30,1.08000004,1,0.03644507094707471,1767.0,0.03644507094707471,19.99590299999999,19.99590299999999
1040,793110400000661,229938695,2460053.8892216277,60053.386956,19.8383331,0.120362297,0,zg,226.8302018,55.747188,0.996999979,0.0410000011,20230419386944,793,0xa,0x4,20.8700008,26.3134918,0.038342379,-0.0656782687,3.31844967e-05,30,1.07799995,1,0.04213730541363598,1770.0,0.04213730541363598,19.838333099999993,19.838333099999993
1041,793110400000661,230142747,2460055.9297134974,60055.4274769,19.9941483,0.134611398,0,zg,226.8301572,55.7472244,0.893000007,0.172000006,20230421427465,793,0xa,0x4,21.6000004,26.3063793,0.0317999423,-0.0625993833,2.05467695e-05,30,1.11600006,1,0.0365040188477894,1772.0,0.0365040188477894,19.9941483,19.9941483
1042,793110400000661,230334359,2460057.845806561,60057.3435995,20.0165749,0.136750132,0,zg,226.8301807,55.7471881,0.736000001,0.0189999994,20230423343588,793,0xa,0x4,21.5,26.2880077,0.0311396215,-0.0613583922,2.0240348e-05,30,1.08000004,1,0.03575773816936602,1774.0,0.03575773816936602,20.016574900000002,20.016574900000002
1043,793110400000661,230532524,2460059.8274173173,60059.3252431,20.0212574,0.137199312,0,zg,226.8301391,55.7471667,0.855000019,-0.108000003,20230425325231,793,0xa,0x4,21.7600002,26.2625771,0.0378280208,-0.0895866826,2.93648081e-05,30,1.08700001,1,0.035603856339278324,1776.0,0.035603856339278324,20.021257400000003,20.021257400000003
1044,793110400000661,230740512,2460061.9072645833,60061.4051273,19.9614735,0.131533533,0,zg,226.8301719,55.7472263,1.03100002,-0.136000007,20230427405069,793,0xa,0x4,21.4799995,26.2788563,0.033944726,-0.0713901818,2.38683879e-05,30,1.10800004,1,0.03761929045707204,1778.0,0.03761929045707204,19.961473500000004,19.961473500000004
1045,793110400000661,230942479,2460063.9268907746,60063.4247917,19.8635693,0.122594818,0,zg,226.8300973,55.7471642,0.432000011,0.0209999997,20230429424780,793,0xa,0x4,21.3600006,26.2788754,0.0333231576,-0.0678474978,2.28844274e-05,30,1.148,1,0.041169185982768954,1780.0,0.041169185982768954,19.8635693,19.8635693
1046,793110400000661,231131123,2460065.8132997393,60065.3112384,19.8887444,0.12485151,0,zg,226.8301452,55.7472698,1.39699996,-0.0680000037,20230501311238,793,0xa,0x4,20.7099991,26.2451725,0.0324653871,-0.0295299068,2.69712837e-05,30,1.08500004,2,0.040225573074416106,1782.0,0.040225573074416106,19.8887444,19.8887444
1047,793110400000661,231147259,2460065.9746505865,60065.4725926,20.0452805,0.13951771,0,zg,226.8301203,55.7473077,0.64200002,-0.0799999982,20230501472211,793,0xa,0x4,20.7700005,26.1816025,0.0401876085,-0.0730393231,3.80371166e-05,30,1.29400003,1,0.03482473336979923,1782.0,0.03482473336979923,20.045280499999997,20.045280499999997
1048,793110400000661,231147547,2460065.977532431,60065.4754745,20.0678043,0.141712099,0,zg,226.8302188,55.7472425,0.731000006,-0.0199999996,20230501475428,793,0xa,0x4,21.3999996,26.2011089,0.041575782,-0.0943435878,3.58696707e-05,30,1.30499995,2,0.03410972986596259,1782.0,0.03410972986596259,20.0678043,20.0678043
1049,793110400000661,231843395,2460072.935860106,60072.4339583,19.7923927,0.116375923,0,zg,226.8302555,55.7472065,0.319999993,-0.0649999976,20230508433947,793,0xa,0x4,20.6499996,26.2556133,0.0317335539,-0.0371585861,2.71424124e-05,30,1.22899997,2,0.043958505614255954,1789.0,0.043958505614255954,19.7923927,19.7923927
1050,793110400000661,231926284,2460073.7647287766,60073.2628472,19.8071651,0.117646776,0,zg,226.830197,55.7472079,0.822000027,0.0869999975,20230509262836,793,0xa,0x4,21.3299999,26.2303085,0.0295058526,-0.0530226603,1.80813131e-05,30,1.11000001,2,0.04336446173067675,1790.0,0.04336446173067675,19.8071651,19.8071651
1051,793110400000661,231926384,2460073.7657241547,60073.2638426,20.0862808,0.143526763,0,zg,226.8301804,55.747187,0.947000027,0.0140000004,20230509263808,793,0xa,0x4,21.4099998,26.2214432,0.0311285164,-0.0574543588,2.01453367e-05,30,1.10899997,1,0.03353417913905449,1790.0,0.03353417913905449,20.086280800000004,20.086280800000004
1052,793110400000661,231928173,2460073.7836172143,60073.2817361,19.8832283,0.124354556,0,zg,226.8302146,55.7472241,0.832000017,-0.064000003,20230509281725,793,0xa,0x4,21.3199997,26.2174034,0.0327563137,-0.0414283723,2.23269235e-05,30,1.09099996,2,0.040430459760423046,1790.0,0.040430459760423046,19.883228300000006,19.883228300000006
1053,793110400000661,232338677,2460077.888546701,60077.3867708,20.041296,0.139131621,0,zg,226.8302437,55.7471804,0.843999982,-0.0829999968,20230513386771,793,0xa,0x4,21.3700008,26.2745514,0.0417276174,-0.0886306241,3.56203054e-05,30,1.148,1,0.03495277006470671,1794.0,0.03495277006470671,20.041295999999996,20.041295999999996
1054,793110400000661,232339059,2460077.8923660917,60077.3905903,19.8402939,0.120534688,0,zg,226.8301766,55.7472477,0.628000021,-0.0199999996,20230513390567,793,0xa,0x4,21.3400002,26.2636127,0.0380181447,-0.0713093132,2.98284558e-05,30,1.15499997,2,0.04206127565053323,1794.0,0.04206127565053323,19.8402939,19.8402939
1055,793110400000661,232340324,2460077.9050161582,60077.4032407,19.914463,0.127187222,0,zg,226.830196,55.7471665,0.658999979,0.0590000004,20230513403229,793,0xa,0x4,21.4699993,26.2617817,0.03756411,-0.0790775642,2.9283281e-05,30,1.18299997,2,0.03928391837637678,1794.0,0.03928391837637678,19.914463000000005,19.914463000000005
1056,793110400000661,232534961,2460079.851340913,60079.3496181,20.0219498,0.13726595,0,zg,226.8302392,55.7471635,1.39499998,0.0270000007,20230515349606,793,0xa,0x4,21.4899998,26.2642975,0.0385912508,-0.0792337283,3.14208628e-05,30,1.10099995,1,0.035581158145120896,1796.0,0.035581158145120896,20.02194980000001,20.02194980000001
1057,793110400000661,232840497,2460082.9066136223,60082.4049769,19.9344978,0.129027456,0,zg,226.8301514,55.7472234,1.00399995,0.023,20230518404873,793,0xa,0x4,21.4699993,26.1838646,0.0316175632,-0.0634121969,2.10042217e-05,30,1.22399998,1,0.03856566993370843,1799.0,0.03856566993370843,19.934497799999995,19.934497799999995
1058,793110400000661,233032333,2460084.8249139907,60084.3233333,20.1132774,0.146200612,0,zg,226.8301363,55.7471347,0.667999983,-0.100000001,20230520323333,793,0xa,0x4,21.2900009,26.1626186,0.0435222387,-0.0572000444,4.00654571e-05,30,1.08899999,1,0.03271063989482149,1801.0,0.03271063989482149,20.11327740000001,20.11327740000001
1059,793110400000661,233226364,2460086.76516827,60086.2636458,20.0402927,0.13903445,0,zg,226.8301312,55.7472055,2.35599995,0.449999988,20230522263634,793,0xa,0x4,21.7299995,26.2227364,0.0390892997,-0.083495155,3.16919941e-05,30,1.08000004,1,0.0349850839193987,1803.0,0.0349850839193987,20.040292700000002,20.040292700000002
1060,793110400000661,233430413,2460088.805591587,60088.3041319,20.033226,0.13835147,0,zg,226.8302829,55.7472623,1.12899995,0.177000001,20230524304120,793,0xa,0x4,21.8299999,26.281517,0.0409874655,-0.0856829882,3.43833162e-05,30,1.08399999,1,0.03521353297201745,1805.0,0.03521353297201745,20.033226000000006,20.033226000000006
1061,793110400000661,233832168,2460092.823021523,60092.3216898,20.0037384,0.135523409,0,zg,226.8301879,55.7471664,0.88499999,0.112999998,20230528321528,793,0xa,0x4,21.25,26.2730064,0.0316625573,-0.044930961,2.10769558e-05,30,1.11000001,1,0.03618300565022345,1809.0,0.03618300565022345,20.003738399999996,20.003738399999996
1062,793110400000661,235025981,2460104.760737601,60104.2598148,20.1172333,0.146594554,0,zg,226.8302046,55.7471574,1.17499995,0.0839999989,20230609259803,793,0xa,0x4,21.9799995,26.2874508,0.0328548029,-0.0867251903,2.23873612e-05,30,1.08299994,1,0.032591674928793515,1821.0,0.032591674928793515,20.117233300000002,20.117233300000002
1063,793110400000661,235528673,2460109.7874766174,60109.2867361,20.1163139,0.146503091,0,zg,226.8302207,55.7472,1.04900002,-0.0480000004,20230614286736,793,0xa,0x4,21.8400002,26.2785816,0.0327412114,-0.0938750133,2.20316888e-05,30,1.12600005,1,0.032619285205074997,1826.0,0.032619285205074997,20.1163139,20.1163139
1064,793110400000661,235743437,2460111.9350362276,60111.434375,19.8560066,0.121922657,0,zg,226.830182,55.7471845,0.746999979,-0.0579999983,20230616434363,793,0xa,0x4,21.4699993,26.1257782,0.0303269513,-0.0767013207,1.90423889e-05,30,1.84899998,1,0.04145695116837024,1828.0,0.04145695116837024,19.856006599999994,19.856006599999994
1065,793110400000661,236026009,2460114.760648735,60114.2600926,20.0481777,0.13979882,0,zg,226.8302124,55.747204,0.542999983,-0.101999998,20230619260081,793,0xa,0x4,21.6700001,26.3294868,0.0294548385,-0.0697389469,1.78627706e-05,30,1.10800004,1,0.034731930235235915,1831.0,0.034731930235235915,20.048177700000004,20.048177700000004
1066,793110400000661,236232425,2460116.8247380224,60116.3242593,19.9437294,0.129881456,0,zg,226.8301664,55.7472028,0.833999991,-0.214000002,20230621324259,793,0xa,0x4,20.9099998,26.243,0.0357531272,-0.0390700027,2.82931942e-05,30,1.26199996,1,0.03823915088185448,1833.0,0.03823915088185448,19.943729400000002,19.943729400000002
1067,793110400000661,236423923,2460118.7396427304,60118.2392361,19.8552074,0.12185172,0,zg,226.8302261,55.7472951,0.861999989,-0.101999998,20230623239225,793,0xa,0x4,20.7199993,26.292408,0.0374846496,-0.043003533,3.1517804e-05,30,1.097,1,0.041487478466290195,1835.0,0.041487478466290195,19.855207400000005,19.855207400000005
1068,793110400000661,236632681,2460120.827144832,60120.3268171,20.0599079,0.140940532,0,zg,226.8301741,55.747175,0.833000004,0.0370000005,20230625326817,793,0xa,0x4,21.3099995,26.3011627,0.0318142548,-0.0665246546,2.10904363e-05,30,1.31099999,1,0.034358709220669366,1837.0,0.034358709220669366,20.059907900000006,20.059907900000006
1069,793110400000661,236830533,2460122.805588437,60122.3053356,19.8655128,0.122767948,0,zg,226.830266,55.7471009,1.04499996,-0.0489999987,20230627305336,793,0xa,0x4,20.6599998,26.282814,0.035334859,-0.0269572698,3.03756005e-05,30,1.25300002,1,0.04109555783708242,1839.0,0.04109555783708242,19.865512799999998,19.865512799999998
1070,1827101200004651,236931015,2460123.8103652503,60123.3101505,19.9997025,0.108861089,0,zg,226.8301894,55.7471179,0.81099999,-0.135000005,20230628310150,1827,0x1,0x2,21.2299995,26.2931633,0.0345872007,-0.0799118429,2.47400403e-05,30,1.31200004,2,0.03631775545571906,1840.0,0.03631775545571906,19.999702500000005,19.999702500000005
1071,793110400000661,237039099,2460124.891169131,60124.3909954,19.9577541,0.131186083,0,zg,226.830249,55.7471375,1.102,-0.0120000001,20230629390995,793,0xa,0x4,21.0799999,26.1777744,0.0323428623,-0.0750765204,2.26663542e-05,30,1.773,1,0.037748383625197564,1841.0,0.037748383625197564,19.957754099999995,19.957754099999995
1072,793110400000661,237238853,2460126.888628127,60126.3885301,19.6827698,0.107276067,0,zg,226.8302229,55.7471962,0.799000025,0.187000006,20230701388530,793,0xa,0x4,20.3500004,26.1367226,0.0386245437,-0.040603485,4.82393698e-05,30,1.801,1,0.048628635095755664,1843.0,0.048628635095755664,19.682769799999996,19.682769799999996
1073,793110400000661,238038768,2460134.887481733,60134.3876852,19.7973995,0.116805494,0,zg,226.8297558,55.7472062,0.848999977,-0.00700000022,20230709387581,793,0xa,0x4,20.6499996,26.1941643,0.0347750075,-0.0510094278,3.11546864e-05,30,2.02900004,1,0.04375626057941342,1851.0,0.04375626057941342,19.797399500000004,19.797399500000004
1074,793110400000661,238220295,2460136.7026803577,60136.2029514,20.0613117,0.141077578,0,zg,226.8301635,55.7471972,0.587000012,0.0670000017,20230711202940,793,0xa,0x4,21.8600006,26.3167591,0.0295967832,-0.0779903829,1.82227795e-05,30,1.11199999,1,0.03431431391726678,1853.0,0.03431431391726678,20.061311699999997,20.061311699999997
1075,793110400000661,238620008,2460140.6996624256,60140.200081,19.9889202,0.134115919,0,zg,226.8303066,55.7471312,0.885999978,0.00300000003,20230715200069,793,0xa,0x4,21.3899994,26.3014469,0.0293143764,-0.0639898628,1.78471346e-05,30,1.12300003,1,0.03668021900254725,1857.0,0.03668021900254725,19.988920200000003,19.988920200000003
1076,793110400000661,239528113,2460149.7803914617,60149.2811343,20.0430946,0.13930577,0,zg,226.8302883,55.7471961,1.41900003,-0.0179999992,20230724281134,793,0xa,0x4,21.3999996,26.1711082,0.031954363,-0.0436181687,2.09307746e-05,30,1.47000003,1,0.034894916223562916,1866.0,0.034894916223562916,20.043094599999996,20.043094599999996
1077,793110400000661,239728584,2460151.785033127,60151.2858449,20.0089397,0.136019766,0,zg,226.8301868,55.74718,0.49000001,-0.00499999989,20230726285833,793,0xa,0x4,21.1299992,26.1879539,0.0330969915,-0.050040219,2.34798572e-05,30,1.53199995,1,0.03601008280248241,1868.0,0.03601008280248241,20.008939700000006,20.008939700000006
1078,793110400000661,239928453,2460153.7836576337,60153.284537,19.8969707,0.125595346,0,zg,226.8302229,55.7471894,0.442999989,0.0780000016,20230728284537,793,0xa,0x4,20.9300003,26.1799526,0.0316164307,-0.0380669087,2.32087059e-05,30,1.55900002,1,0.03992194757488964,1870.0,0.03992194757488964,19.896970700000004,19.896970700000004
1079,793110400000661,240124206,2460155.7411158136,60155.2420602,20.0318108,0.138215065,0,zg,226.8302446,55.7472846,0.680999994,0.150000006,20230730242060,793,0xa,0x4,20.6100006,26.1919689,0.0350164175,-0.0143465251,3.16392507e-05,30,1.35599995,1,0.035259461885397046,1872.0,0.035259461885397046,20.031810799999995,20.031810799999995
1080,793110400000661,240529740,2460159.796332147,60159.2974074,19.9478664,0.130265355,0,zg,226.8301095,55.7469814,0.674000025,-0.182999998,20230803297188,793,0xa,0x4,20.1900005,26.2095661,0.0394503772,-0.0296794716,5.48554599e-05,30,1.79200006,1,0.0380937247998807,1876.0,0.0380937247998807,19.947866400000002,19.947866400000002
1081,793110400000661,240728327,2460161.7821382615,60161.2832755,19.8470612,0.121131063,0,zg,226.8303673,55.7472262,0.864000022,-0.259000003,20230805283275,793,0xa,0x4,20.6399994,26.2260361,0.031801749,-0.0252910424,2.59904209e-05,30,1.71399999,1,0.041799926680697166,1878.0,0.041799926680697166,19.847061200000006,19.847061200000006
1082,793110400000661,240929894,2460163.7977480814,60163.2989468,19.8964157,0.125544995,0,zg,226.8300868,55.747179,1.07299995,-0.0930000022,20230807298924,793,0xa,0x4,20.6599998,26.2003345,0.0327718519,-0.0242308825,2.75103139e-05,30,1.91799998,1,0.039942359848819955,1880.0,0.039942359848819955,19.8964157,19.8964157
1083,793110400000661,241218505,2460166.6837740173,60166.1850579,20.0535851,0.140324458,0,zg,226.8302301,55.747122,0.483999997,-0.061999999,20230810185058,793,0xa,0x4,21.7000008,26.3040142,0.0292113461,-0.0694266185,1.76681242e-05,30,1.25300002,1,0.03455938138665896,1883.0,0.03455938138665896,20.0535851,20.0535851
1084,793110400000661,241728474,2460171.7833193573,60171.2847454,20.0136147,0.136466771,0,zg,226.8300275,55.7472131,0.662,0.148000002,20230815284745,793,0xa,0x4,20.9200001,26.1212826,0.0342963412,-0.0255854335,2.64703995e-05,30,2.00600004,1,0.03585536269774581,1888.0,0.03585536269774581,20.013614699999998,20.013614699999998
1085,793110400000661,241920561,2460173.704136931,60173.2056134,20.2078209,0.155755401,0,zg,226.8302555,55.7471544,0.620000005,-0.0410000011,20230817205613,793,0xa,0x4,21.4599991,26.227829,0.0260727499,-0.0558606461,1.43295711e-05,30,1.41600001,1,0.029982762180297256,1890.0,0.029982762180297256,20.207820899999994,20.207820899999994
1086,793110400000661,243416583,2460188.6640272066,60188.1658333,20.0131874,0.136425704,0,zg,226.8302903,55.7470982,0.853999972,-0.31400001,20230901165810,793,0xa,0x4,20.5900002,26.2054348,0.0325854421,-0.0291046724,2.95958325e-05,30,1.42200005,1,0.03586947663413156,1905.0,0.03586947663413156,20.0131874,20.0131874
1087,793110400000661,244016269,2460194.6607930744,60194.1626968,19.9481239,0.130289257,0,zg,226.8302467,55.7472078,0.470999986,-0.0140000004,20230907162685,793,0xa,0x4,21.1200008,26.280323,0.0278579406,-0.0530793667,1.65391812e-05,30,1.49600005,1,0.03808469132472591,1911.0,0.03808469132472591,19.948123900000006,19.948123900000006
1088,793110400000661,253553710,2460290.036590571,60289.5371065,19.2609329,0.0777027085,32768,zg,226.8299318,55.7469952,0.864000022,-0.409000009,20231211537083,793,0xa,0x4,19.5400009,24.6798058,0.0470784195,-0.0321277305,0.000132768168,30,1.58700001,1,0.07171778038689343,2006.0,0.07171778038689343,19.260932899999993,19.260932899999993
1089,793110400000661,253749336,2460291.992925487,60291.4933681,20.0598145,0.140931457,0,zg,226.8301247,55.7471532,0.894999981,-0.158000007,20231213493368,793,0xa,0x4,21.1100006,26.1735477,0.0343420096,-0.0733124316,2.44986695e-05,30,1.926,1,0.03436166504130214,2008.0,0.03436166504130214,20.05981450000001,20.05981450000001
1090,793110400000661,255747766,2460311.9779943917,60311.477662,19.7933769,0.116460204,0,zg,226.8299836,55.7471798,0.651000023,-0.119999997,20240102477650,793,0xa,0x4,20.7199993,26.2212086,0.035750173,-0.0261151791,3.1133477e-05,30,1.58299994,1,0.04391867608847921,2028.0,0.04391867608847921,19.79337689999999,19.79337689999999
1091,793110400000661,257249129,2460326.992203505,60326.4912963,19.970705,0.132398471,32768,zg,226.8301828,55.7471974,1.03799999,-0.0670000017,20240117491296,793,0xa,0x4,21.3999996,25.7595921,0.0330964699,-0.0806857273,2.37445038e-05,30,1.29799998,1,0.037300787431477356,2043.0,0.037300787431477356,19.970705000000002,19.970705000000002
1092,793110400000661,259740775,2460351.909485073,60351.4077546,20.0651093,0.141448587,0,zg,226.8301629,55.7471851,0.856000006,-0.136999995,20240211407743,793,0xa,0x4,21.2000008,26.28895,0.0320983417,-0.0742783844,2.09561877e-05,30,1.36099994,1,0.03419450175110761,2068.0,0.03419450175110761,20.065109299999996,20.065109299999996
1093,793110400000661,259744980,2460351.951534875,60351.4498032,20.075119,0.142428935,0,zg,226.8301525,55.7471871,0.74000001,0.0979999974,20240211449803,793,0xa,0x4,21.3199997,26.3228493,0.0310034044,-0.0887501985,1.98851176e-05,30,1.21099997,2,0.03388070198212366,2068.0,0.03388070198212366,20.075118999999994,20.075118999999994
1094,793110400000661,259942962,2460353.931415778,60353.4296296,19.93573,0.129141256,0,zg,226.8301265,55.7471896,0.730000019,0.0149999997,20240213429572,793,0xa,0x4,21.6299992,26.3215561,0.0297974572,-0.0861739442,1.83171924e-05,30,1.25600004,1,0.03852192665338721,2070.0,0.03852192665338721,19.93573,19.93573
1095,793110400000661,260143043,2460355.9322790815,60355.4304398,20.2094154,0.155918598,0,zg,226.8300457,55.7472102,0.953999996,-0.0350000001,20240215430312,793,0xa,0x4,21.1599998,26.2973404,0.0346856751,-0.0777437016,2.50229878e-05,30,1.23599994,1,0.029938762149280016,2072.0,0.029938762149280016,20.209415400000005,20.209415400000005
1096,793110400000661,261550487,2460370.007024425,60369.5048727,19.9295044,0.128567055,0,zg,226.8302527,55.7471555,0.714999974,-0.122000001,20240229504873,793,0xa,0x4,21.2099991,26.3244324,0.0292000715,-0.0539875552,1.89463681e-05,30,1.07599998,1,0.03874344546274102,2086.0,0.03874344546274102,19.929504400000006,19.929504400000006
1097,793110400000661,263441188,2460388.9142694524,60388.4118866,19.8683949,0.12302509,0,zg,226.8302304,55.7471179,0.763999999,0.152999997,20240319411852,793,0xa,0x4,21.0699997,26.2992001,0.0342709385,-0.0557422973,2.51088441e-05,30,1.097,1,0.04098661383805511,2105.0,0.04098661383805511,19.86839489999999,19.86839489999999
1098,793110400000661,263739526,2460391.8976642466,60391.3952662,20.081171,0.143023714,0,zg,226.8302808,55.7471841,0.822000027,0.145999998,20240322395255,793,0xa,0x4,20.7099991,26.2902737,0.0326834731,-0.0303894803,2.71325298e-05,30,1.10599995,1,0.03369237299892654,2108.0,0.03369237299892654,20.081171000000005,20.081171000000005
1099,793110400000661,264239087,2460396.893289916,60396.3908796,19.7805748,0.115366779,0,zg,226.8300165,55.7472216,0.811999977,0.149000004,20240327390880,793,0xa,0x4,20.5300007,26.3084984,0.0336259864,-0.0554122776,3.1699612e-05,30,1.09599996,1,0.04443959373662851,2113.0,0.04443959373662851,19.780574800000004,19.780574800000004
1100,793110400000661,265038615,2460404.8885529144,60404.3861574,20.0454292,0.139532283,0,zg,226.8302326,55.7471854,0.930000007,-0.0540000014,20240404386146,793,0xa,0x4,21.5699997,26.3084488,0.035610415,-0.075762704,2.56556068e-05,30,1.08299994,1,0.03481996417887418,2121.0,0.03481996417887418,20.045429199999994,20.045429199999994
1101,793110400000661,265433885,2460408.8412267906,60408.3388542,20.0314579,0.138181031,0,zg,226.8301978,55.7471906,0.552999973,0.0329999998,20240408338819,793,0xa,0x4,21.5499992,26.2703838,0.0320030898,-0.0758997649,2.10454036e-05,30,1.11899996,1,0.03527092423367876,2125.0,0.03527092423367876,20.0314579,20.0314579
1102,793110400000661,266334902,2460417.8513104813,60417.3490278,19.8582153,0.122118704,0,zg,226.8301876,55.7471893,0.739000022,-0.0890000015,20240417348982,793,0xa,0x4,21.4099998,26.3172398,0.028276654,-0.0698791295,1.63167606e-05,30,1.08399999,1,0.04137270151822647,2134.0,0.04137270151822647,19.858215300000005,19.858215300000005
1103,793110400000661,266532607,2460419.828332561,60419.3260764,19.9333229,0.128918976,0,zg,226.8302502,55.7471921,1.07599998,-0.321999997,20240419326030,793,0xa,0x4,20.7999992,26.3095036,0.0359511524,-0.0304452162,2.98669474e-05,30,1.09800005,1,0.038607425316076534,2136.0,0.038607425316076534,19.9333229,19.9333229
1104,793110400000661,266734195,2460421.8441826906,60421.341956,19.845192,0.120966122,0,zg,226.8302704,55.7472373,0.656000018,0.0199999996,20240421341933,793,0xa,0x4,20.6399994,26.2573013,0.0353965238,-0.0221578293,3.32768832e-05,30,1.08200002,1,0.041871951282517625,2138.0,0.041871951282517625,19.845192000000004,19.845192000000004
1105,793110400000661,266935688,2460423.859081422,60423.3568866,19.9631958,0.131694645,0,zg,226.8301988,55.747237,0.680000007,0.0289999992,20240423356875,793,0xa,0x4,20.3999996,26.3003635,0.0416040681,-0.0288628787,5.28743803e-05,30,1.07599998,1,0.037559662398808674,2140.0,0.037559662398808674,19.9631958,19.9631958
1106,793110400000661,267532343,2460429.825524168,60429.3234375,19.788763,0.116065249,0,zg,226.8302376,55.7471852,0.790000021,-0.0960000008,20240429323437,793,0xa,0x4,21.5599995,26.2939281,0.0276284441,-0.0541257784,1.56791375e-05,30,1.08000004,1,0.04410570821182167,2146.0,0.04410570821182167,19.788762999999996,19.788762999999996
1107,793110400000661,267732403,2460431.826085327,60431.3240394,19.9110451,0.126874998,0,zg,226.8302004,55.747164,1.03199995,0.0179999992,20240501324039,793,0xa,0x4,22.2600002,26.3241405,0.039129179,-0.104944319,3.14909885e-05,30,1.07799995,1,0.039407779093874586,2148.0,0.039407779093874586,19.911045100000003,19.911045100000003
1108,793110400000661,267936916,2460433.8711687233,60433.3691667,19.9508762,0.130545169,0,zg,226.8302398,55.7471682,1.23599994,0.0140000004,20240503369155,793,0xa,0x4,22.0300007,26.2469406,0.0344159044,-0.09682668,2.37616223e-05,30,1.09099996,1,0.0379882703435701,2150.0,0.0379882703435701,19.950876200000003,19.950876200000003
1109,793110400000661,268330439,2460437.806309441,60437.3043981,19.9091606,0.126703233,0,zg,226.8301205,55.7471579,0.629000008,0.153999999,20240507304398,793,0xa,0x4,21.5799999,26.31423,0.029992139,-0.0828875154,1.86379675e-05,30,1.079,1,0.03947623812309078,2154.0,0.03947623812309078,19.9091606,19.9091606
1110,793110400000661,268432623,2460438.8281248966,60438.3262384,19.8266506,0.119339004,0,zg,226.8300598,55.7471996,0.99000001,0.0280000009,20240508326227,793,0xa,0x4,21.2199993,26.2956829,0.033624623,-0.0730706379,2.30358964e-05,30,1.07599998,1,0.042593150024475834,2155.0,0.042593150024475834,19.8266506,19.8266506
1111,793110400000661,268530891,2460439.8107741256,60439.308912,19.9876747,0.133998021,0,zg,226.8302174,55.747128,0.317000002,-0.0560000017,20240509308912,793,0xa,0x4,21.5,26.2226315,0.0310530476,-0.069578521,1.97054851e-05,30,1.07599998,1,0.036722320782369845,2156.0,0.036722320782369845,19.987674700000007,19.987674700000007
1112,793110400000661,268734719,2460441.849009164,60441.3471991,19.9186668,0.127571821,0,zg,226.830178,55.7471888,0.939999998,0.162,20240511347176,793,0xa,0x4,21.5699997,26.273838,0.0328241102,-0.0734289289,2.18541063e-05,30,1.09000003,1,0.03913211129272947,2158.0,0.03913211129272947,19.918666800000004,19.918666800000004
1113,793110400000661,268932217,2460443.823933669,60443.3221759,19.8758125,0.123688608,0,zg,226.8301851,55.7471757,1.09599996,-0.158999994,20240513322176,793,0xa,0x4,21.2199993,26.2790451,0.0360546969,-0.0765802264,2.70964847e-05,30,1.079,1,0.04070755328244598,2160.0,0.04070755328244598,19.875812500000002,19.875812500000002
1114,793110400000661,269130570,2460445.807409464,60445.305706,19.9219818,0.127875715,0,zg,226.8301415,55.7472284,1.43700004,0.206,20240515305694,793,0xa,0x4,21.2700005,26.2860832,0.0284536928,-0.0571644083,1.69289233e-05,30,1.07599998,1,0.039012814254549014,2162.0,0.039012814254549014,19.921981800000005,19.921981800000005
1115,793110400000661,269326621,2460447.7678634133,60447.2662153,19.8632088,0.122562654,0,zg,226.830289,55.7471928,0.681999981,0.0850000009,20240517266204,793,0xa,0x4,21.1700001,26.2831669,0.0324993692,-0.0641407818,2.25676085e-05,30,1.08500004,1,0.04118285777126173,2164.0,0.04118285777126173,19.863208800000002,19.863208800000002
1116,793110400000661,269528481,2460449.786404249,60449.2848148,19.9431286,0.129825756,0,zg,226.8301375,55.7471344,0.629000008,-0.00300000003,20240519284803,793,0xa,0x4,20.7000008,26.3031979,0.0347839408,-0.0377969332,2.86242339e-05,30,1.07599998,1,0.038260316648786694,2166.0,0.038260316648786694,19.9431286,19.9431286
1117,793110400000661,269740655,2460451.9080768726,60451.4065509,19.8808861,0.124143921,0,zg,226.8302963,55.7473268,0.472000003,0.0869999975,20240521406551,793,0xa,0x4,20.5100002,26.2179375,0.0363310762,-0.0501624234,3.89397901e-05,30,1.26100004,1,0.040517772348364366,2168.0,0.040517772348364366,19.880886100000005,19.880886100000005
1118,793110400000661,270126527,2460455.766684093,60455.2652778,19.7129345,0.109721512,0,zg,226.8302428,55.7471848,1.29100001,-0.467999995,20240525265266,793,0xa,0x4,20.5400009,26.3129559,0.0403394736,-0.0517691635,4.28630847e-05,30,1.07599998,1,0.04729619467783729,2172.0,0.04729619467783729,19.712934499999996,19.712934499999996
1119,793110400000661,270325974,2460457.761087735,60457.2597454,19.8309937,0.119718648,0,zg,226.8301954,55.7471604,0.625,0.0170000009,20240527259734,793,0xa,0x4,21.8199997,26.3161335,0.0282232501,-0.0767225325,1.63696659e-05,30,1.07599998,1,0.042423111652298576,2174.0,0.042423111652298576,19.8309937,19.8309937
1120,793110400000661,270528346,2460459.7847366757,60459.2834606,20.0503674,0.140011668,0,zg,226.8302045,55.7472035,1.36399996,0.115999997,20240529283438,793,0xa,0x4,21.9599991,26.3083763,0.033116661,-0.0925021321,2.24273299e-05,30,1.08099997,1,0.03466195387455824,2176.0,0.03466195387455824,20.050367399999992,20.050367399999992
1121,793110400000661,270732498,2460461.8261963185,60461.3249884,19.8758659,0.123693421,0,zg,226.8302157,55.7471806,1.24100006,0.0759999976,20240531324988,793,0xa,0x4,21.7399998,26.2440472,0.0326638408,-0.0808416009,2.19277008e-05,30,1.12899995,1,0.04070555120323008,2178.0,0.04070555120323008,19.8758659,19.8758659
1122,793110400000661,270930202,2460463.8031662395,60463.3020255,19.9835529,0.133608297,0,zg,226.8301728,55.7471825,1.03900003,0.181999996,20240602301944,793,0xa,0x4,21.6299992,26.2726707,0.0372076482,-0.0870581046,2.89167292e-05,30,1.10500002,1,0.03686199535002374,2180.0,0.03686199535002374,19.9835529,19.9835529
1123,793110400000661,271534628,2460469.847213632,60469.3462847,19.8261261,0.119293213,0,zg,226.8301762,55.7472348,0.943000019,-0.136999995,20240608346273,793,0xa,0x4,21.3999996,26.2542057,0.0328553095,-0.0815396905,2.24023988e-05,30,1.22599995,1,0.042613730994341584,2186.0,0.042613730994341584,19.826126100000003,19.826126100000003
1124,793110400000661,271722090,2460471.7217643866,60471.2209028,19.9017029,0.126024634,0,zg,226.830207,55.7471745,0.93900001,0.129999995,20240610220729,793,0xa,0x4,21.6000004,26.2817574,0.0285179373,-0.0638257191,1.66241462e-05,30,1.07700002,1,0.03974832571868229,2188.0,0.03974832571868229,19.901702899999997,19.901702899999997
1125,793110400000661,271934820,2460473.848990283,60473.348206,19.8539467,0.121740028,0,zg,226.8301519,55.7471633,0.56099999,0.0480000004,20240612348194,793,0xa,0x4,21.8099995,26.2530708,0.0288629122,-0.0862297937,1.69655759e-05,30,1.26600003,1,0.0415356795316455,2190.0,0.0415356795316455,19.8539467,19.8539467
1126,793110400000661,272226098,2460476.76166108,60476.2609838,19.717226,0.110073045,0,zg,226.8301656,55.7472143,0.726000011,-0.115000002,20240615260961,793,0xa,0x4,21.2199993,26.2733555,0.0295875352,-0.0459252931,1.82205204e-05,30,1.09899998,1,0.047109619880048643,2193.0,0.047109619880048643,19.717226000000004,19.717226000000004
1127,793110400000661,272538999,2460479.890560947,60479.39,19.557806,0.0976215228,0,zg,226.8302248,55.7471859,0.60799998,-0.128000006,20240618389988,793,0xa,0x4,20.5400009,26.2116032,0.0359207503,-0.0277167205,3.2532058e-05,30,1.54700005,1,0.054560406832525714,2196.0,0.054560406832525714,19.557805999999992,19.557805999999992
1128,793110400000661,272726658,2460481.7670763507,60481.2665856,19.7748032,0.114876345,0,zg,226.8302825,55.7471721,0.537,-0.179000005,20240620266412,793,0xa,0x4,20.7999992,26.3189354,0.033174403,-0.0367010795,2.71397475e-05,30,1.12300003,1,0.04467645651332129,2198.0,0.04467645651332129,19.7748032,19.7748032
1129,793110400000661,273620030,2460490.700454041,60490.2003009,19.7593613,0.113572359,0,zg,226.8301664,55.7471902,0.842000008,0.00600000005,20240629200289,793,0xa,0x4,21.8299999,26.3265285,0.0275215544,-0.0719249099,1.56789865e-05,30,1.08200002,1,0.04531640818237546,2207.0,0.04531640818237546,19.759361300000002,19.759361300000002
1130,793110400000661,274819858,2460502.6982895536,60502.198588,19.8267097,0.119344205,0,zg,226.8302718,55.7471424,0.688000023,-0.075000003,20240711198576,793,0xa,0x4,21.3500004,26.1439972,0.030585859,-0.0425874069,1.97229801e-05,30,1.10899997,1,0.04259083160988686,2219.0,0.04259083160988686,19.826709700000002,19.826709700000002
1131,793110400000661,275030641,2460504.806035653,60504.306412,19.8243618,0.119139291,0,zg,226.8301831,55.7471756,0.970000029,0.0860000029,20240713306412,793,0xa,0x4,21.1900005,26.0160236,0.0309771467,-0.0521868356,2.02642677e-05,30,1.45500004,1,0.04268303376249417,2221.0,0.04268303376249417,19.8243618,19.8243618
1132,793110400000661,275521910,2460509.7185539366,60509.2191088,19.7194347,0.110254332,0,zg,226.8300503,55.7472437,0.419,-0.147,20240718219097,793,0xa,0x4,20.3199997,26.1784859,0.0345350057,-0.0380524546,3.57738791e-05,30,1.17900002,1,0.04701388276283602,2226.0,0.04701388276283602,19.7194347,19.7194347
1133,793110400000661,275720153,2460511.700913855,60511.2015394,19.9400215,0.129538029,0,zg,226.830255,55.7470931,0.700999975,-0.221000001,20240720201528,793,0xa,0x4,20.6800003,26.2491455,0.040450532,-0.0367813595,4.17117953e-05,30,1.153,1,0.03836996473076929,2228.0,0.03836996473076929,19.940021499999993,19.940021499999993
1134,793110400000661,275923972,2460513.739024862,60513.2397222,19.7217369,0.110443518,0,zg,226.8302659,55.7471532,0.522000015,-0.129999995,20240722239722,793,0xa,0x4,20.5,26.215414,0.0356230028,-0.0325151868,3.7438429e-05,30,1.26900005,1,0.04691429992668329,2230.0,0.04691429992668329,19.721736900000003,19.721736900000003
1135,793110400000661,276321695,2460517.7161215898,60517.216956,19.6150513,0.101949036,0,zg,226.8302175,55.7471832,0.899999976,0.0700000003,20240726216944,793,0xa,0x4,21.5,26.0950127,0.0297218952,-0.0473266467,1.80489642e-05,30,1.23099995,1,0.051758237609926004,2234.0,0.051758237609926004,19.615051299999998,19.615051299999998
1136,793110400000661,276524666,2460519.745763991,60519.2466667,19.8273735,0.1194022,0,zg,226.8302107,55.7471844,0.646000028,0.0189999994,20240728246667,793,0xa,0x4,21.3099995,26.2892494,0.0291654654,-0.0582482815,1.75722816e-05,30,1.36099994,1,0.04256480028365756,2236.0,0.04256480028365756,19.8273735,19.8273735
1137,793110400000661,276720618,2460521.7052131672,60521.2061806,19.7712193,0.114572704,0,zg,226.8302197,55.7471838,0.606999993,0.0209999997,20240730206169,793,0xa,0x4,21.6100006,26.2933292,0.0312883258,-0.0724015757,2.05822453e-05,30,1.23099995,1,0.044824172418609746,2238.0,0.044824172418609746,19.771219300000006,19.771219300000006
1138,793110400000661,277029975,2460524.7986897384,60524.2997569,19.8279057,0.119448647,0,zg,226.8302706,55.7471944,0.541000009,0.057,20240802299745,793,0xa,0x4,21.1900005,26.0533333,0.0294889957,-0.0340449288,1.89364637e-05,30,1.80799997,1,0.04254394122455779,2241.0,0.04254394122455779,19.827905699999995,19.827905699999995
1139,793110400000661,277230518,2460526.804055203,60526.3051852,19.7209206,0.11037638,0,zg,226.8302618,55.747137,0.38499999,-0.104000002,20240804305185,793,0xa,0x4,20.8400002,26.1533127,0.0351333432,-0.0268806312,2.83266581e-05,30,1.91900003,1,0.04694958524070261,2243.0,0.04694958524070261,19.720920599999992,19.720920599999992
1140,793110400000661,277420119,2460528.7000041353,60528.2011921,19.7609329,0.11370451,0,zg,226.8301927,55.7471723,0.451999992,0.0359999985,20240806201192,793,0xa,0x4,21.3199997,26.1838112,0.0279726349,-0.0403430015,1.61481094e-05,30,1.278,1,0.045250860264928035,2245.0,0.045250860264928035,19.760932899999993,19.760932899999993
1141,793110400000661,277620215,2460530.700905111,60530.2021528,19.7936153,0.116480649,0,zg,226.8301565,55.7471732,0.500999987,0.0590000004,20240808202153,793,0xa,0x4,21.4300003,26.2005711,0.0303562116,-0.0606194064,1.88433569e-05,30,1.301,1,0.04390903372514805,2247.0,0.04390903372514805,19.793615299999992,19.793615299999992
1142,793110400000661,280021854,2460554.716721365,60554.2185417,19.8881321,0.124796346,0,zg,226.830322,55.7472001,0.688000023,0.0489999987,20240901218530,793,0xa,0x4,20.9200001,26.1575871,0.034860801,-0.0503908284,2.66312654e-05,30,1.81400001,1,0.040248264649642485,2271.0,0.040248264649642485,19.8881321,19.8881321
1143,793110400000661,280221503,2460556.7131804554,60556.2150347,19.9774399,0.133031756,0,zg,226.8305096,55.7470583,0.837000012,0.00999999978,20240903214896,793,0xa,0x4,20.7800007,26.0908318,0.032857772,-0.0282536261,2.59262688e-05,30,1.83399999,1,0.03707012410651411,2273.0,0.03707012410651411,19.9774399,19.9774399
1144,793110400000661,280416032,2460558.6584390807,60558.1603241,19.7087727,0.109381482,0,zg,226.8301141,55.7471511,0.824000001,0.057,20240905160243,793,0xa,0x4,21.0200005,26.169569,0.0376123115,-0.0465962365,2.9854602e-05,30,1.46300006,1,0.04747783644221613,2275.0,0.04747783644221613,19.708772700000004,19.708772700000004
1145,793110400000661,281414538,2460568.6433750736,60568.1453819,19.6482887,0.104535423,0,zg,226.8303098,55.747122,0.81400001,0.0590000004,20240915145370,793,0xa,0x4,20.3700008,26.2561359,0.0327504277,-0.0486228839,3.27267808e-05,30,1.53699994,1,0.05019778105543289,2285.0,0.05019778105543289,19.648288700000002,19.648288700000002
0,793210400001234,44436857,2458198.8709677625,58198.3685764,19.1571274,0.0652513653,0,zr,226.8302113,55.7471671,0.589999974,0.00200000009,20180321368553,793,0xa,0x4,21.25,26.1490555,0.0220589079,0.104641765,9.96448398e-06,30,1.153,2,0.07891308829473968,58198.3685764,0.07891308829473968,19.1571274,19.1571274
1,793210400001234,44438608,2458198.888479459,58198.386088,19.2343483,0.0692769438,0,zr,226.8301541,55.7471855,0.150999993,-0.00600000005,20180321386053,793,0xa,0x4,21.5100002,26.2262077,0.0210351329,0.105739258,9.05010984e-06,30,1.12300003,2,0.07349548835494991,58198.386088,0.07349548835494991,19.2343483,19.2343483
2,793210400001234,44441150,2458198.9138961956,58198.4115046,19.2006245,0.0674894229,0,zr,226.8301487,55.7471738,0.833999991,0.0289999992,20180321411447,793,0xa,0x4,21.8099995,26.3175488,0.0249822903,0.111206174,1.28402526e-05,30,1.09200001,2,0.07581413774723685,58198.4115046,0.07581413774723685,19.200624499999996,19.200624499999996
3,793210400001234,44443082,2458198.9332134943,58198.4308218,19.134819,0.0641325638,0,zr,226.8302291,55.7471559,0.657000005,0.0599999987,20180321430787,793,0xa,0x4,21.75,26.3158722,0.0247650277,0.112259291,1.25065635e-05,30,1.079,2,0.08055127147441828,58198.4308218,0.08055127147441828,19.134819,19.134819
4,793210400001234,44447748,2458198.9798803297,58198.4774884,19.1093769,0.0628801584,0,zr,226.8302195,55.7471694,0.58099997,0.0359999985,20180321477454,793,0xa,0x4,21.6000004,26.2054901,0.0259069353,0.110272758,1.363302e-05,30,1.08200002,2,0.08246112205787554,58198.4774884,0.08246112205787554,19.109376899999994,19.109376899999994
5,793210400001234,44533708,2458199.8394792695,58199.3370833,19.1385994,0.0643207952,0,zr,226.8301685,55.7471642,0.843999982,-0.074000001,20180322337049,793,0xa,0x4,20.8899994,25.8201294,0.0242647175,0.0936156809,1.20743689e-05,30,1.22399998,2,0.08027128956313423,58199.3370833,0.08027128956313423,19.138599399999997,19.138599399999997
6,793210400001234,46033768,2458214.8400731976,58214.3376852,19.0984955,0.0623521432,0,zr,226.8302901,55.7471974,1.03799999,-0.126000002,20180406337674,793,0xa,0x4,19.9599991,25.7480602,0.0355003588,0.123431124,2.57117026e-05,30,1.13,3,0.08329171415168157,58214.3376852,0.08329171415168157,19.098495500000006,19.098495500000006
7,793210400001234,46035201,2458214.8544018236,58214.3520139,19.3144627,0.0737112463,0,zr,226.8300497,55.7472871,0.467999995,0.00700000022,20180406351968,793,0xa,0x4,20.0599995,25.8009052,0.0341477841,0.12319769,2.39021774e-05,30,1.10899997,1,0.06826764477403588,58214.3520139,0.06826764477403588,19.3144627,19.3144627
8,793210400001234,46035296,2458214.855350935,58214.352963,19.177454,0.0662879124,0,zr,226.8300714,55.7470668,0.444999993,-0.0500000007,20180406352940,793,0xa,0x4,19.9799995,25.8590031,0.0332622491,0.115945354,2.24297382e-05,30,1.10800004,2,0.07744946105587171,58214.352963,0.07744946105587171,19.177454000000004,19.177454000000004
9,793210400001234,46334156,2458217.8439311413,58217.3415625,19.263422,0.0708553046,32768,zr,226.8301724,55.7471664,1.36000001,-0.143000007,20180409341528,793,0xa,0x4,21.1200008,26.0232697,0.0323206969,0.11068359,2.13879248e-05,30,1.11199999,2,0.0715535524111132,58217.3415625,0.0715535524111132,19.263422,19.263422
10,793210400001234,46335207,2458217.8544403645,58217.3520718,19.1230125,0.0635482967,0,zr,226.8301906,55.7471828,0.940999985,-0.00999999978,20180409352014,793,0xa,0x4,21.4500008,26.1450481,0.0237714164,0.114540994,1.14989816e-05,30,1.09899998,1,0.08143198099519938,58217.3520718,0.08143198099519938,19.12301250000001,19.12301250000001
11,793210400001234,46335310,2458217.855470458,58217.3531019,19.1659794,0.065700762,0,zr,226.8301886,55.7471704,0.737999976,0.00800000038,20180409353044,793,0xa,0x4,21.5,26.1959667,0.0239255,0.111609206,1.16551264e-05,30,1.09800005,3,0.07827232602938733,58217.3531019,0.07827232602938733,19.165979400000005,19.165979400000005
12,793210400001234,46336214,2458217.8645096933,58217.3621412,19.2201633,0.0685194805,0,zr,226.8301391,55.7471826,0.663999975,0.0680000037,20180409362141,793,0xa,0x4,21.5,26.246088,0.02358195,0.111659981,1.12874868e-05,30,1.09000003,2,0.07446199710220996,58217.3621412,0.07446199710220996,19.220163300000003,19.220163300000003
13,793210400001234,46339052,2458217.8928890848,58217.3905208,19.2036133,0.0676460266,0,zr,226.8302124,55.7471701,0.646000028,-0.023,20180409390521,793,0xa,0x4,21.6000004,26.2476139,0.0217619333,0.117021561,9.69068242e-06,30,1.07500005,2,0.07560572460009635,58217.3905208,0.07560572460009635,19.203613299999994,19.203613299999994
14,793210400001234,46339236,2458217.8947293726,58217.3923611,19.2368431,0.0694110319,0,zr,226.8301468,55.7471756,0.958000004,0.101000004,20180409392350,793,0xa,0x4,21.5799999,26.2587967,0.0219944697,0.11284861,9.92381229e-06,30,1.07500005,3,0.07332680461127274,58217.3923611,0.07332680461127274,19.23684310000001,19.23684310000001
15,793210400001234,46339327,2458217.895643767,58217.3932755,19.2175369,0.0683801323,0,zr,226.8301566,55.7471604,0.874000013,-0.0399999991,20180409393264,793,0xa,0x4,21.6499996,26.2465134,0.0237371977,0.114675261,1.15028906e-05,30,1.07500005,1,0.07464233899172323,58217.3932755,0.07464233899172323,19.217536899999992,19.217536899999992
16,793210400001234,46340252,2458217.904891297,58217.4025231,19.2532196,0.0702974275,0,zr,226.8301815,55.7471631,0.611000001,-0.00999999978,20180409402512,793,0xa,0x4,21.6499996,26.2501888,0.0244272761,0.114131078,1.21004359e-05,30,1.074,2,0.07222909277667362,58217.4025231,0.07222909277667362,19.2532196,19.2532196
17,793210400001234,46343283,2458217.935203568,58217.4328356,19.1507893,0.0649315491,0,zr,226.8301872,55.7471767,1.13300002,0.0359999985,20180409432824,793,0xa,0x4,21.3799992,26.2579308,0.0228716042,0.114863731,1.06569523e-05,30,1.08599997,2,0.07937509900531366,58217.4328356,0.07937509900531366,19.150789300000007,19.150789300000007
18,793210400001234,46345631,2458217.958687188,58217.4563194,19.177887,0.0663101524,0,zr,226.8302038,55.7471701,0.973999977,-0.0729999989,20180409456308,793,0xa,0x4,21.3799992,26.2419987,0.0226493832,0.113049321,1.04303608e-05,30,1.11000001,2,0.07741857976974849,58217.4563194,0.07741857976974849,19.17788699999999,19.17788699999999
19,793210400001234,46431603,2458218.8183911936,58218.3160301,19.1934891,0.0671171397,0,zr,226.8301633,55.7471723,0.901000023,-0.0520000011,20180410316007,793,0xa,0x4,21.5900002,26.2040539,0.0235849489,0.114647165,1.1301926e-05,30,1.14900005,2,0.0763140250038428,58218.3160301,0.0763140250038428,19.1934891,19.1934891
20,793210400001234,46434650,2458218.848865457,58218.3465046,19.1908188,0.0669783279,0,zr,226.8301886,55.7471743,0.779999971,0.0350000001,20180410346458,793,0xa,0x4,21.4799995,26.1974678,0.0232434161,0.112727746,1.12148673e-05,30,1.10300004,2,0.07650194554968498,58218.3465046,0.07650194554968498,19.190818799999995,19.190818799999995
21,793210400001234,46434886,2458218.8512265394,58218.3488657,19.2119942,0.0680869371,0,zr,226.8301716,55.7471685,0.261999995,0.0289999992,20180410348831,793,0xa,0x4,21.4899998,26.210619,0.0233440958,0.109985262,1.12104808e-05,30,1.10000002,3,0.07502436356963213,58218.3488657,0.07502436356963213,19.2119942,19.2119942
22,793210400001234,46436836,2458218.8707287856,58218.3683681,19.2150135,0.0682464913,0,zr,226.8302092,55.7471523,0.773000002,-0.0780000016,20180410368356,793,0xa,0x4,21.5300007,26.227663,0.0239170529,0.116734631,1.17544669e-05,30,1.08299994,2,0.0748160197859712,58218.3683681,0.0748160197859712,19.215013500000005,19.215013500000005
23,793210400001234,46437069,2458218.873055065,58218.3706944,19.2182693,0.0684189349,0,zr,226.8301814,55.7471921,1.26600003,0.00499999989,20180410370660,793,0xa,0x4,21.5400009,26.2259064,0.0255279616,0.113502465,1.3449232e-05,30,1.08200002,3,0.07459200483652237,58218.3706944,0.07459200483652237,19.218269299999996,19.218269299999996
24,793210400001234,46438379,2458218.886156861,58218.3837963,19.2359982,0.0693655759,0,zr,226.8301728,55.7471851,0.873000026,-0.0610000007,20180410383785,793,0xa,0x4,21.5599995,26.2376289,0.0275492594,0.111804746,1.56733131e-05,30,1.07599998,2,0.07338388839355847,58218.3837963,0.07338388839355847,19.235998200000004,19.235998200000004
25,793210400001234,46440024,2458218.9026035266,58218.4002431,19.3176842,0.0738951564,0,zr,226.8302409,55.7471916,0.493999988,0.0219999999,20180410400231,793,0xa,0x4,21.4899998,26.2273121,0.0258803926,0.11709293,1.39432386e-05,30,1.074,2,0.06806538729258557,58218.4002431,0.06806538729258557,19.317684199999995,19.317684199999995
26,793210400001234,46444324,2458218.945600774,58218.4432407,19.2011433,0.0675166175,0,zr,226.8302398,55.7471905,1.14400005,-0.119000003,20180410443194,793,0xa,0x4,21.3099995,26.1898441,0.0259390995,0.11757277,1.38042606e-05,30,1.09800005,2,0.07577791994511739,58218.4432407,0.07577791994511739,19.201143300000005,19.201143300000005
27,793210400001234,46446225,2458218.9646168184,58218.4622569,19.3090515,0.0734032914,0,zr,226.8301514,55.7471792,0.805999994,0.128000006,20180410462257,793,0xa,0x4,21.1599998,26.1027012,0.0290520284,0.11681173,1.73600165e-05,30,1.12300003,2,0.06860873311559715,58218.4622569,0.06860873311559715,19.309051500000002,19.309051500000002
28,793210400001234,46528829,2458219.7906515477,58219.2882986,19.1684227,0.0658253729,0,zr,226.8302046,55.7471677,0.488999993,0.0810000002,20180411288275,793,0xa,0x4,21.0699997,26.0348682,0.0253290217,0.110163562,1.30861736e-05,30,1.20799994,2,0.07809638296707379,58219.2882986,0.07809638296707379,19.1684227,19.1684227
29,793210400001234,46533151,2458219.8338687867,58219.3315162,19.2531376,0.0702930167,0,zr,226.8302123,55.7471949,1.01499999,0.00800000038,20180411331493,793,0xa,0x4,21.4099998,26.267601,0.0250116438,0.118624389,1.27362691e-05,30,1.11800003,2,0.07223454806981619,58219.3315162,0.07223454806981619,19.253137599999995,19.253137599999995
30,793210400001234,46534043,2458219.842792311,58219.3404398,19.151722,0.0649785027,0,zr,226.8301911,55.7472087,0.864000022,-0.0160000008,20180411340405,793,0xa,0x4,21.3500004,26.2712822,0.0242146924,0.121246114,1.19397855e-05,30,1.10599995,2,0.07930694122943084,58219.3404398,0.07930694122943084,19.151722,19.151722
31,793210400001234,46534140,2458219.843753003,58219.3414005,19.2752171,0.0715055764,0,zr,226.8301874,55.7472124,0.307999998,-0.0599999987,20180411341366,793,0xa,0x4,21.2900009,26.2666721,0.0242863223,0.12717241,1.20316945e-05,30,1.10500002,3,0.07078042401821656,58219.3414005,0.07078042401821656,19.2752171,19.2752171
32,793210400001234,46536981,2458219.8721670597,58219.3698148,19.2653618,0.0709618405,0,zr,226.8302488,55.7472058,0.256000012,0.0209999997,20180411369815,793,0xa,0x4,21.1000004,26.2768879,0.0247392561,0.122058719,1.25747283e-05,30,1.08099997,2,0.07142582740481036,58219.3698148,0.07142582740481036,19.2653618,19.2653618
33,793210400001234,46537260,2458219.8749564346,58219.3726042,19.197197,0.0673103333,0,zr,226.8302125,55.7472309,0.72299999,0.00400000019,20180411372569,793,0xa,0x4,21.2299995,26.2757549,0.023424698,0.12114916,1.1246806e-05,30,1.079,3,0.07605384933240464,58219.3726042,0.07605384933240464,19.197196999999996,19.197196999999996
34,793210400001234,46539556,2458219.8979191375,58219.3955671,19.1957741,0.0672361627,0,zr,226.8301842,55.7472198,0.50999999,0.074000001,20180411395567,793,0xa,0x4,21.0499992,26.2533798,0.0266385991,0.124934971,1.45168824e-05,30,1.074,2,0.07615358623355943,58219.3955671,0.07615358623355943,19.1957741,19.1957741
35,793210400001234,46539649,2458219.8988451287,58219.3964931,19.1878529,0.0668244958,0,zr,226.8301978,55.7472244,0.546000004,-0.023,20180411396481,793,0xa,0x4,21.1499996,26.2584648,0.0276923329,0.12621145,1.55873367e-05,30,1.074,2,0.07671121121526796,58219.3964931,0.07671121121526796,19.187852900000003,19.187852900000003
36,793210400001234,46543936,2458219.9417150468,58219.4393634,19.1059723,0.062714465,0,zr,226.8301809,55.7472614,0.483999997,-0.0930000022,20180411439329,793,0xa,0x4,20.5100002,25.9946594,0.0294283386,0.128096551,1.75820205e-05,30,1.097,2,0.08272010556800091,58219.4393634,0.08272010556800091,19.105972299999998,19.105972299999998
37,793210400001234,46831503,2458222.81735846,58222.3150347,19.2019272,0.067557618,0,zr,226.8301433,55.7471569,0.546000004,-0.0299999993,20180414315000,793,0xa,0x4,20.9699993,26.2227688,0.0236974768,0.120881177,1.14131008e-05,30,1.13100004,2,0.07572322814046772,58222.3150347,0.07572322814046772,19.201927199999993,19.201927199999993
38,793210400001234,46833635,2458222.838677733,58222.3363542,19.2158813,0.0682924166,0,zr,226.8302062,55.7472168,0.875,-0.00200000009,20180414336319,793,0xa,0x4,20.9699993,26.2327328,0.0249470808,0.113579057,1.27824769e-05,30,1.102,1,0.07475624522742802,58222.3363542,0.07475624522742802,19.2158813,19.2158813
39,793210400001234,46835101,2458222.8533418835,58222.3510185,19.2353935,0.0693331063,0,zr,226.8301457,55.7472011,1.15199995,0.0289999992,20180414351019,793,0xa,0x4,21.1399994,26.2342625,0.0229817722,0.117714733,1.08011272e-05,30,1.08800006,3,0.07342477088121059,58222.3510185,0.07342477088121059,19.235393500000008,19.235393500000008
40,793210400001234,46835336,2458222.85569146,58222.3533681,19.1319962,0.0639923811,0,zr,226.8301569,55.7471824,0.735000014,0.0140000004,20180414353322,793,0xa,0x4,21.1599998,26.2319965,0.02326327,0.11514879,1.10768988e-05,30,1.08599997,2,0.08076096879008741,58222.3533681,0.08076096879008741,19.131996199999996,19.131996199999996
41,793210400001234,46837123,2458222.873561572,58222.3712384,19.1676407,0.0657854676,0,zr,226.8301992,55.7471749,1.12600005,-0.0829999968,20180414371204,793,0xa,0x4,21.0699997,26.2356167,0.0235886723,0.118974678,1.13487085e-05,30,1.07700002,1,0.07815265204033398,58222.3712384,0.07815265204033398,19.1676407,19.1676407
42,793210400001234,46837215,2458222.8744759634,58222.3721528,19.2653599,0.0709617138,0,zr,226.8302014,55.747163,0.559000015,0.0340000018,20180414372141,793,0xa,0x4,21.2199993,26.2352314,0.0232274961,0.121570744,1.10205883e-05,30,1.07599998,3,0.07142595239759467,58222.3721528,0.07142595239759467,19.2653599,19.2653599
43,793210400001234,46837306,2458222.875390253,58222.3730671,19.2026844,0.0675972775,0,zr,226.8301922,55.7471739,1.36899996,-0.0460000001,20180414373056,793,0xa,0x4,21.2399998,26.2336216,0.0232298896,0.116706267,1.10203373e-05,30,1.07599998,2,0.07567043664386515,58222.3730671,0.07567043664386515,19.202684400000003,19.202684400000003
44,793210400001234,46839333,2458222.895656237,58222.3933333,19.1916618,0.0670221224,0,zr,226.8301973,55.7471809,0.893000007,0.00200000009,20180414393333,793,0xa,0x4,21.1599998,26.2296524,0.0239874907,0.126369834,1.17582977e-05,30,1.07500005,2,0.07644257006804232,58222.3933333,0.07644257006804232,19.1916618,19.1916618
45,793210400001234,47031805,2458224.820356828,58224.3180556,19.1143875,0.0631248802,0,zr,226.8301524,55.7472087,0.996999979,-0.0130000003,20180416318009,793,0xa,0x4,20.5100002,25.7986202,0.0294086784,0.123741776,1.81138457e-05,30,1.11800003,2,0.08208144625544095,58224.3180556,0.08208144625544095,19.1143875,19.1143875
46,793210400001234,47042168,2458224.9239898,58224.4216898,19.1278877,0.063788861,0,zr,226.8302125,55.7472179,0.828999996,-0.00400000019,20180416421678,793,0xa,0x4,20.9200001,26.1152496,0.0259418562,0.127347514,1.38515352e-05,30,1.09300005,2,0.08106715276051732,58224.4216898,0.08106715276051732,19.127887699999995,19.127887699999995
47,793210400001234,47232167,2458226.823954381,58226.3216782,19.1240234,0.0635981113,0,zr,226.8301921,55.7471583,0.43599999,0.0309999995,20180418321667,793,0xa,0x4,21.5799999,26.2390289,0.0227692276,0.114507988,1.05964245e-05,30,1.10599995,2,0.08135619713690037,58226.3216782,0.08135619713690037,19.12402339999999,19.12402339999999
48,793210400001234,47234579,2458226.8480744692,58226.3457986,19.1547737,0.0651324242,0,zr,226.8301592,55.7471705,1.38699996,-0.0560000017,20180418345764,793,0xa,0x4,21.6299992,26.2487926,0.0244986434,0.119226903,1.23039081e-05,30,1.08399999,2,0.07908434463242746,58226.3457986,0.07908434463242746,19.1547737,19.1547737
49,793210400001234,47234861,2458226.8508869307,58226.3486111,19.1342983,0.0641066805,0,zr,226.8301821,55.7471868,0.31400001,-0.0189999994,20180418348611,793,0xa,0x4,21.4599991,26.2423306,0.0239492897,0.113941073,1.18511953e-05,30,1.08200002,1,0.0805899117132302,58226.3486111,0.0805899117132302,19.134298300000005,19.134298300000005
50,793210400001234,47235144,2458226.8537225956,58226.3514468,19.2441082,0.0698029026,0,zr,226.8301613,55.7471696,0.467999995,-0.0329999998,20180418351400,793,0xa,0x4,21.5499992,26.2370052,0.0237499662,0.112026744,1.15733565e-05,30,1.08000004,3,0.07283778325394125,58226.3514468,0.07283778325394125,19.244108199999992,19.244108199999992
51,793210400001234,47237331,2458226.8755857106,58226.3733102,19.182642,0.0665550828,0,zr,226.8301851,55.7471617,1.34500003,-0.0820000023,20180418373299,793,0xa,0x4,21.4300003,26.2476425,0.0234151259,0.11753156,1.11603704e-05,30,1.074,2,0.07708026516338805,58226.3733102,0.07708026516338805,19.18264200000001,19.18264200000001
52,793210400001234,47239032,2458226.8925993848,58226.3903241,19.1865177,0.0667553544,0,zr,226.830175,55.7471846,0.368000001,-0.0240000002,20180418390289,793,0xa,0x4,21.3299999,26.2455425,0.0239183716,0.119856745,1.16601686e-05,30,1.07700002,3,0.07680560598058404,58226.3903241,0.07680560598058404,19.186517700000003,19.186517700000003
53,793210400001234,47239127,2458226.8935483703,58226.3912731,19.2395935,0.0695591345,0,zr,226.8301658,55.7472063,0.629000008,0.00800000038,20180418391250,793,0xa,0x4,21.3299999,26.2455559,0.0243422017,0.117247291,1.20234799e-05,30,1.07700002,1,0.07314128734523491,58226.3912731,0.07314128734523491,19.239593500000005,19.239593500000005
54,793210400001234,47239318,2458226.8954581474,58226.3931829,19.2053318,0.0677361786,0,zr,226.8301945,55.7471711,0.828999996,0.00800000038,20180418393137,793,0xa,0x4,21.2999992,26.2383442,0.0245419219,0.120312579,1.22468546e-05,30,1.07799995,2,0.07548615074208573,58226.3931829,0.07548615074208573,19.205331800000003,19.205331800000003
55,793210400001234,47240120,2458226.903478839,58226.4012037,19.2243996,0.0687447861,0,zr,226.8302131,55.7471944,0.869000018,0.0109999999,20180418401192,793,0xa,0x4,21.2399998,26.2413921,0.0245349612,0.120687157,1.23127929e-05,30,1.08200002,2,0.07417202909543076,58226.4012037,0.07417202909543076,19.224399600000005,19.224399600000005
56,793210400001234,47243679,2458226.939068666,58226.436794,19.2366943,0.0694030225,0,zr,226.8302106,55.7471664,0.828000009,-0.00600000005,20180418436759,793,0xa,0x4,21.4300003,26.2316246,0.0239597689,0.113487609,1.17653126e-05,30,1.11699998,2,0.07333685472859415,58226.436794,0.07333685472859415,19.236694300000003,19.236694300000003
57,793210400001234,47536962,2458229.8718629377,58229.3696296,19.1912098,0.0669986457,0,zr,226.830177,55.747145,1.074,0.0170000009,20180421369618,793,0xa,0x4,21.5499992,26.2685394,0.0213699676,0.105126813,9.54084044e-06,30,1.074,3,0.0764744002995961,58229.3696296,0.0764744002995961,19.191209800000003,19.191209800000003
58,793210400001234,47537106,2458229.8732981174,58229.3710648,19.2324905,0.0691772997,0,zr,226.8301581,55.7471365,0.907000005,-0.0560000017,20180421371030,793,0xa,0x4,21.3899994,26.2687302,0.0225004144,0.110140771,1.04299088e-05,30,1.074,2,0.07362135392049711,58229.3710648,0.07362135392049711,19.232490500000004,19.232490500000004
59,793210400001234,47538408,2458229.886318719,58229.3840856,19.2174072,0.068373248,0,zr,226.8301852,55.7471621,0.912999988,-0.0719999969,20180421384074,793,0xa,0x4,21.3799992,26.2687187,0.0235287677,0.108639985,1.14084469e-05,30,1.07700002,2,0.07465125615741318,58229.3840856,0.07465125615741318,19.217407200000004,19.217407200000004
60,793210400001234,47543674,2458229.9389800183,58229.4367477,19.2148323,0.0682369098,0,zr,226.8302382,55.747171,1.11399996,-0.050999999,20180421436713,793,0xa,0x4,21.2600002,26.2580967,0.0229119286,0.109357476,1.06910284e-05,30,1.13,2,0.0748285069758003,58229.4367477,0.0748285069758003,19.214832300000005,19.214832300000005
61,793210400001234,47626743,2458230.769650214,58230.2674306,19.2091408,0.0679364651,32768,zr,226.8302734,55.7471968,0.731000006,0.0219999999,20180422267407,793,0xa,0x4,20.75,25.9130898,0.0608442724,0.0958468169,7.59467148e-05,30,1.18400002,3,0.07522179280426894,58230.2674306,0.07522179280426894,19.209140799999993,19.209140799999993
62,793210400001234,47626840,2458230.7706224015,58230.2684028,19.0097275,0.0582109392,32768,zr,226.830184,55.7471844,0.499000013,0.0240000002,20180422268356,793,0xa,0x4,20.2299995,25.4648876,0.17504102,0.107719913,0.000632290787,30,1.18200004,2,0.09038763017349709,58230.2684028,0.09038763017349709,19.009727500000004,19.009727500000004
63,793210400001234,47628214,2458230.7843605895,58230.2821412,19.2747211,0.071478121,32768,zr,226.8301898,55.7472327,0.626999974,-0.352999985,20180422282106,793,0xa,0x4,19.7099991,24.8816471,0.179584205,0.0990062505,0.000753130531,30,1.15199995,2,0.07081276623027212,58230.2821412,0.07081276623027212,19.2747211,19.2747211
64,793210400001234,47643362,2458230.935839744,58230.4336227,19.1881676,0.0668407977,0,zr,226.8301955,55.7471754,0.76700002,0.0520000011,20180422433588,793,0xa,0x4,21.0200005,26.0353069,0.0269547813,0.126174152,1.48136978e-05,30,1.12899995,2,0.07668897973788684,58230.4336227,0.07668897973788684,19.188167600000007,19.188167600000007
65,793210400001234,47730509,2458231.8072958067,58231.3050926,19.2015343,0.0675370842,0,zr,226.8301737,55.7471778,0.379000008,-0.0450000018,20180423305023,793,0xa,0x4,21.2299995,26.2556629,0.0248821862,0.127083138,1.28044439e-05,30,1.11000001,2,0.0757506353873057,58231.3050926,0.0757506353873057,19.2015343,19.2015343
66,793210400001234,47732606,2458231.828267672,58231.3260648,19.2169685,0.0683499947,0,zr,226.830185,55.747188,0.88499999,0.0780000016,20180423326053,793,0xa,0x4,20.9799995,26.2571583,0.0267327167,0.126016498,1.46680522e-05,30,1.08800006,2,0.07468142566190952,58231.3260648,0.07468142566190952,19.2169685,19.2169685
67,793210400001234,47734773,2458231.8499340196,58231.3477315,19.2896404,0.0723086447,0,zr,226.8302542,55.7472405,0.730000019,-0.0250000004,20180423347720,793,0xa,0x4,20.6900005,26.2597752,0.03047603,0.129363611,1.91347153e-05,30,1.07599998,3,0.06984636996313273,58231.3477315,0.06984636996313273,19.289640400000003,19.289640400000003
68,793210400001234,47734864,2458231.8508483134,58231.3486458,19.2102261,0.0679936856,0,zr,226.8300541,55.7471793,0.472000003,-0.0250000004,20180423348634,793,0xa,0x4,20.6499996,26.2594128,0.0283981133,0.127997234,1.65627935e-05,30,1.07599998,2,0.07514663880069229,58231.3486458,0.07514663880069229,19.210226099999993,19.210226099999993
69,793210400001234,47737018,2458231.8723873603,58231.3701852,19.0824986,0.0615840852,0,zr,226.8301927,55.7472164,1.06599998,-0.155000001,20180423370150,793,0xa,0x4,20.7600002,26.2618446,0.0298148263,0.130671993,1.8328381e-05,30,1.07500005,2,0.08452799351038144,58231.3701852,0.08452799351038144,19.0824986,19.0824986
70,793210400001234,47836321,2458232.8654034054,58232.3632176,19.3417606,0.0752838627,0,zr,226.8302001,55.7472688,1.23500001,-0.104000002,20180424363183,793,0xa,0x4,20.7800007,26.2147045,0.0325767137,0.124707587,2.15008331e-05,30,1.074,2,0.06657263698862585,58232.3632176,0.06657263698862585,19.341760600000008,19.341760600000008
71,793210400001234,47836509,2458232.867278377,58232.3650926,19.2364426,0.0693894923,0,zr,226.8302538,55.7472295,0.257999986,-0.00300000003,20180424365069,793,0xa,0x4,20.6599998,26.1713314,0.03076916,0.126798317,1.93606338e-05,30,1.07500005,3,0.073353857962003,58232.3650926,0.073353857962003,19.236442599999997,19.236442599999997
72,793210400001234,47836833,2458232.870519021,58232.3683333,19.1725407,0.0660358444,0,zr,226.8302383,55.7472505,0.76700002,0.0379999988,20180424368333,793,0xa,0x4,20.75,26.2385159,0.0304788463,0.130464375,1.90030551e-05,30,1.07500005,1,0.07780073860419144,58232.3683333,0.07780073860419144,19.172540700000006,19.172540700000006
73,793210400001234,47839481,2458232.897000075,58232.3948148,19.1640778,0.0656039789,0,zr,226.8301981,55.7472599,0.711000025,-0.00499999989,20180424394792,793,0xa,0x4,20.8199997,26.2270584,0.0305514,0.124929331,1.90494611e-05,30,1.08899999,2,0.07840953530270857,58232.3948148,0.07840953530270857,19.164077799999994,19.164077799999994
74,793210400001234,48830255,2458242.8045493923,58242.3025579,19.191803,0.0670294315,0,zr,226.8301883,55.7471615,0.51700002,-0.0469999984,20180504302523,793,0xa,0x4,21.2900009,26.2703476,0.0236889608,0.113886632,1.19374881e-05,30,1.08299994,1,0.0764326293577508,58242.3025579,0.0764326293577508,19.191803,19.191803
75,793210400001234,48830439,2458242.80638955,58242.3043981,19.2394295,0.0695502609,0,zr,226.8301837,55.7471772,0.254000008,0.0350000001,20180504304398,793,0xa,0x4,21.2700005,26.2539158,0.0243115742,0.113068528,1.24922617e-05,30,1.08200002,3,0.07315233614056071,58242.3043981,0.07315233614056071,19.239429499999993,19.239429499999993
76,793210400001234,48830581,2458242.8078016196,58242.3058102,19.0691185,0.0609490946,0,zr,226.8302397,55.7471672,1.14999998,-0.075000003,20180504305799,793,0xa,0x4,21.3099995,26.275795,0.0228271093,0.112705387,1.10301771e-05,30,1.08099997,2,0.08557612161765622,58242.3058102,0.08557612161765622,19.069118499999995,19.069118499999995
77,793210400001234,48832208,2458242.82407436,58242.3220833,19.0948563,0.0621766075,0,zr,226.8302053,55.7471605,0.601999998,0.0829999968,20180504322083,793,0xa,0x4,21.4599991,26.2695122,0.0255815256,0.113526426,1.38962032e-05,30,1.07500005,2,0.08357136197749176,58242.3220833,0.08357136197749176,19.094856299999996,19.094856299999996
78,793210400001234,48835151,2458242.8535066033,58242.3515162,19.1275826,0.0637737736,0,zr,226.8302252,55.7471753,0.722000003,0.0219999999,20180504351516,793,0xa,0x4,21.3400002,26.2722321,0.0253597535,0.111555919,1.34846086e-05,30,1.079,2,0.08108993643825185,58242.3515162,0.08108993643825185,19.127582600000004,19.127582600000004
79,793210400001234,48928423,2458243.786205491,58243.2842361,19.1898308,0.0669270381,0,zr,226.8302525,55.7471954,0.861000001,0.0209999997,20180505284190,793,0xa,0x4,21.3799992,26.2532787,0.0241053794,0.116521589,1.18988046e-05,30,1.09500003,3,0.07657159259865977,58243.2842361,0.07657159259865977,19.189830800000003,19.189830800000003
80,793210400001234,48928518,2458243.787154573,58243.2851852,19.2352333,0.0693244562,0,zr,226.8301621,55.7471636,0.861999989,0.0500000007,20180505285162,793,0xa,0x4,21.4500008,26.2676392,0.0235256311,0.110470541,1.13046972e-05,30,1.09500003,2,0.07343560547995985,58243.2851852,0.07343560547995985,19.235233299999997,19.235233299999997
81,793210400001234,48930180,2458243.803774596,58243.3018056,19.2168617,0.0683443174,0,zr,226.8301688,55.7471785,1.074,0.0820000023,20180505301782,793,0xa,0x4,21.4300003,26.2643299,0.0220564157,0.11153046,9.94414222e-06,30,1.08099997,2,0.07468877216884438,58243.3018056,0.07468877216884438,19.216861700000003,19.216861700000003
82,793210400001234,48933023,2458243.83219985,58243.3302315,19.2541027,0.0703455582,0,zr,226.8302336,55.7471859,0.927999973,-0.0170000009,20180505330232,793,0xa,0x4,21.3099995,26.2635193,0.0252157841,0.113460071,1.29679602e-05,30,1.074,2,0.07217036803476429,58243.3302315,0.07217036803476429,19.254102699999997,19.254102699999997
83,793210400001234,49030869,2458244.8106379067,58244.3086921,19.1949005,0.0671906322,0,zr,226.8301947,55.7471904,0.927999973,-0.0560000017,20180506308681,793,0xa,0x4,21.5799999,26.235302,0.0279420912,0.110008366,1.59612646e-05,30,1.07700002,3,0.07621488523460142,58244.3086921,0.07621488523460142,19.194900499999996,19.194900499999996
84,793210400001234,49224554,2458246.7474437305,58246.245544,19.2092552,0.0679425001,0,zr,226.8302206,55.7472047,0.995999992,-0.156000003,20180508245544,793,0xa,0x4,21.2099991,26.2426033,0.0258499142,0.12813215,1.35957398e-05,30,1.13800001,2,0.07521386738028776,58246.245544,0.07521386738028776,19.209255199999994,19.209255199999994
85,793210400001234,49225804,2458246.759943431,58246.258044,19.2275925,0.0689151734,0,zr,226.8302269,55.7472128,0.782000005,0.0939999968,20180508258009,793,0xa,0x4,21.0699997,26.2459698,0.0272364747,0.125582606,1.5060531e-05,30,1.11800003,2,0.07395422665912961,58246.258044,0.07395422665912961,19.227592500000007,19.227592500000007
86,793210400001234,49225899,2458246.7608925058,58246.2589931,19.233881,0.0692518651,0,zr,226.8301277,55.7472368,1.03799999,0.057,20180508258970,793,0xa,0x4,20.9200001,26.2482491,0.0285726879,0.129727066,1.65081274e-05,30,1.11600006,3,0.07352712756300793,58246.2589931,0.07352712756300793,19.233881000000004,19.233881000000004
87,793210400001234,49239468,2458246.8965836056,58246.3946875,19.1737614,0.0660983771,0,zr,226.8302281,55.747251,0.893999994,-0.0340000018,20180508394664,793,0xa,0x4,20.8700008,26.2680721,0.0294564068,0.128199324,1.78547143e-05,30,1.13699996,2,0.07771331590174098,58246.3946875,0.07771331590174098,19.173761399999997,19.173761399999997
88,793210400001234,49326140,2458247.763275327,58247.2614005,19.220808,0.0685537383,0,zr,226.8301855,55.7472003,0.615999997,-0.0540000014,20180509261343,793,0xa,0x4,21.6700001,26.2585449,0.0293181613,0.11545562,1.78953906e-05,30,1.10899997,2,0.07441779538959394,58247.2614005,0.07441779538959394,19.220807999999998,19.220807999999998
89,793210400001234,49328697,2458247.788853401,58247.2869792,19.1016636,0.0625054315,0,zr,226.830192,55.7471828,0.871999979,0.0920000002,20180509286956,793,0xa,0x4,21.5,26.2526131,0.0262529608,0.122034185,1.42569006e-05,30,1.08399999,3,0.083049029173181,58247.2869792,0.083049029173181,19.101663600000002,19.101663600000002
90,793210400001234,49328789,2458247.789767679,58247.2878935,19.2014446,0.0675323457,0,zr,226.8301833,55.7471768,1.18900001,-0.150000006,20180509287882,793,0xa,0x4,21.4699993,26.2522774,0.0257433206,0.124865443,1.370062e-05,30,1.08299994,2,0.07575689391737597,58247.2878935,0.07575689391737597,19.201444599999995,19.201444599999995
91,793210400001234,49426829,2458248.7701482377,58248.2682986,19.1227627,0.063535966,0,zr,226.8302221,55.7471994,0.828000009,-0.0450000018,20180510268241,793,0xa,0x4,21.3600006,26.2495975,0.0257358812,0.12874639,1.36578274e-05,30,1.09800005,2,0.08145071855686051,58248.2682986,0.08145071855686051,19.122762700000003,19.122762700000003
92,793210400001234,49428774,2458248.7895922447,58248.2877431,19.2587662,0.0706001818,0,zr,226.8302746,55.7472547,1.18700004,0.0350000001,20180510287708,793,0xa,0x4,21.0400009,26.254467,0.0271474868,0.128406689,1.52499879e-05,30,1.08200002,2,0.07186104360927889,58248.2877431,0.07186104360927889,19.258766200000004,19.258766200000004
93,793210400001234,49430476,2458248.806617218,58248.3047685,19.1857281,0.0667144656,0,zr,226.8303358,55.7472385,1.08599997,-0.0219999999,20180510304769,793,0xa,0x4,21.0100002,26.2545471,0.0265246946,0.128556222,1.45382155e-05,30,1.07500005,2,0.07686148305626088,58248.3047685,0.07686148305626088,19.1857281,19.1857281
94,793210400001234,49430568,2458248.8075315957,58248.3056829,19.1760063,0.0662135109,0,zr,226.8301735,55.7472314,1.11500001,-0.0280000009,20180510305683,793,0xa,0x4,21.0699997,26.2518425,0.0258190837,0.130875349,1.37536254e-05,30,1.074,3,0.07755279957331437,58248.3056829,0.07755279957331437,19.176006300000005,19.176006300000005
95,793210400001234,49430659,2458248.808445869,58248.3065972,19.2411785,0.0696446523,0,zr,226.8301608,55.7472684,0.70599997,-0.0590000004,20180510306597,793,0xa,0x4,21.0499992,26.2549381,0.0268688705,0.12842153,1.49484404e-05,30,1.074,1,0.07303459074406807,58248.3065972,0.07303459074406807,19.241178499999997,19.241178499999997
96,793210400001234,49524796,2458249.7497876417,58249.247963,19.2018623,0.0675542578,0,zr,226.8302502,55.7472837,0.976999998,0.211999997,20180511247928,793,0xa,0x4,20.6599998,26.234314,0.0292625483,0.125478014,1.78933151e-05,30,1.12,2,0.07572775463996913,58249.247963,0.07572775463996913,19.201862299999995,19.201862299999995
97,793210400001234,49526677,2458249.768594962,58249.2667708,19.3842087,0.0777928904,0,zr,226.8304498,55.7472924,0.823000014,0.187999994,20180511266713,793,0xa,0x4,20.5699997,26.1425934,0.0337264948,0.128287598,2.79555825e-05,30,1.097,2,0.06402012532818238,58249.2667708,0.06402012532818238,19.384208699999995,19.384208699999995
98,793210400001234,49528387,2458249.7857010225,58249.2838773,19.1510334,0.0649437979,0,zr,226.8302133,55.7473161,0.943000019,0.358999997,20180511283854,793,0xa,0x4,20.4799995,26.2245903,0.0319263488,0.12168359,2.09653808e-05,30,1.08200002,3,0.0793572555515302,58249.2838773,0.0793572555515302,19.151033399999996,19.151033399999996
99,793210400001234,49528619,2458249.7880157693,58249.2861921,19.089098,0.0618997626,0,zr,226.8303544,55.7472553,0.711000025,0.215000004,20180511286146,793,0xa,0x4,20.4099998,26.1837254,0.0312838368,0.128304213,2.00881204e-05,30,1.08099997,2,0.08401576767311039,58249.2861921,0.08401576767311039,19.089098,19.089098
100,793210400001234,50036760,2458254.869290994,58254.3676042,19.2481155,0.07002002,0,zr,226.8301512,55.7472013,0.356000006,-0.00200000009,20180516367593,793,0xa,0x4,21.6000004,26.2542019,0.0245131999,0.113554128,1.21401727e-05,30,1.12800002,2,0.07256944471985,58254.3676042,0.07256944471985,19.248115500000004,19.248115500000004
101,793210400001234,50126812,2458255.7697863383,58255.268125,19.1375523,0.0642686263,0,zr,226.830191,55.7471884,0.700999975,0.103,20180517268079,793,0xa,0x4,21.3199997,26.2460918,0.0245263688,0.123331033,1.24199187e-05,30,1.08200002,2,0.08034874172001254,58255.268125,0.08034874172001254,19.137552300000003,19.137552300000003
102,793210400001234,50128436,2458255.786024273,58255.2843634,19.2362194,0.0693774968,0,zr,226.8302587,55.7472408,0.833999991,-0.0599999987,20180517284352,793,0xa,0x4,21.2700005,26.2436314,0.026222745,0.127910569,1.42499639e-05,30,1.07500005,1,0.0733689392165796,58255.2843634,0.0733689392165796,19.236219400000003,19.236219400000003
103,793210400001234,50128527,2458255.78693865,58255.2852778,19.1939163,0.0671393499,0,zr,226.8302325,55.7472095,0.75999999,-0.00300000003,20180517285266,793,0xa,0x4,21.2399998,26.2473774,0.0266612303,0.124004506,1.46634748e-05,30,1.07500005,2,0.07628400395598336,58255.2852778,0.07628400395598336,19.193916300000005,19.193916300000005
104,793210400001234,50130246,2458255.8041256596,58255.3024653,19.1765213,0.0662399456,0,zr,226.83026,55.7472284,0.957000017,-0.0120000001,20180517302454,793,0xa,0x4,21.1700001,26.2430191,0.0292036142,0.129480541,1.75011064e-05,30,1.074,2,0.07751602248072505,58255.3024653,0.07751602248072505,19.176521299999997,19.176521299999997
105,793210400001234,50130337,2458255.805039931,58255.3033796,19.2248688,0.06876982,0,zr,226.8302527,55.747251,0.61500001,-0.0170000009,20180517303368,793,0xa,0x4,21.2999992,26.2403107,0.0334057212,0.124067873,2.28988411e-05,30,1.074,3,0.07413998263952461,58255.3033796,0.07413998263952461,19.224868800000003,19.224868800000003
106,793210400001234,50226328,2458256.764919795,58256.263287,19.2626228,0.0708114132,0,zr,226.830022,55.7471756,1.13900006,-0.0529999994,20180518263252,793,0xa,0x4,20.8899994,26.2590408,0.0252439883,0.110984683,1.32474588e-05,30,1.08299994,2,0.0716062416839649,58256.263287,0.0716062416839649,19.262622799999995,19.262622799999995
107,793210400001234,50226420,2458256.765834168,58256.2642014,19.1969528,0.0672975779,0,zr,226.8302,55.7471961,1.19700003,-0.0140000004,20180518264190,793,0xa,0x4,21.0400009,26.2644272,0.0223262962,0.106910206,1.03793845e-05,30,1.08299994,3,0.07607095702274003,58256.2642014,0.07607095702274003,19.1969528,19.1969528
108,793210400001234,50324958,2458257.751187396,58257.2495833,19.2033405,0.067631714,0,zr,226.8301882,55.7471968,0.490999997,-0.0179999992,20180519249549,793,0xa,0x4,21.5,26.1978397,0.0247557685,0.116317935,1.27187914e-05,30,1.09200001,2,0.0756247235364185,58257.2495833,0.0756247235364185,19.203340500000003,19.203340500000003
109,793210400001234,50325576,2458257.7573678144,58257.2557639,19.2261066,0.0688358098,0,zr,226.8301713,55.7472107,1.45899999,0.128000006,20180519255718,793,0xa,0x4,21.3400002,26.2065945,0.0243899152,0.120027937,1.23150103e-05,30,1.08700001,2,0.07405550707515784,58257.2557639,0.07405550707515784,19.2261066,19.2261066
110,793210400001234,50325667,2458257.758282088,58257.2566782,19.2557449,0.0704351515,0,zr,226.8301512,55.7472023,0.637000024,-0.0399999991,20180519256667,793,0xa,0x4,21.4300003,26.2092037,0.025130257,0.119415753,1.31270026e-05,30,1.08599997,3,0.07206129126974671,58257.2566782,0.07206129126974671,19.255744900000003,19.255744900000003
111,793210400001234,50329003,2458257.791637615,58257.2900347,19.2224598,0.068641521,0,zr,226.8302346,55.7472032,0.713999987,0.0419999994,20180519290000,793,0xa,0x4,21.5100002,26.2109985,0.0285997838,0.122870304,1.68517927e-05,30,1.074,2,0.0743046649111837,58257.2900347,0.0743046649111837,19.222459800000003,19.222459800000003
112,793210400001234,50329094,2458257.7925519864,58257.2909491,19.1896248,0.0669163391,0,zr,226.8301782,55.7472148,0.714999974,-0.0489999987,20180519290949,793,0xa,0x4,21.4599991,26.216198,0.0255596805,0.120387763,1.3548598e-05,30,1.074,3,0.0765861221358548,58257.2909491,0.0765861221358548,19.189624799999997,19.189624799999997
113,793210400001234,50330481,2458257.806417283,58257.3048148,19.1171722,0.063261278,0,zr,226.8302506,55.7471874,1.23500001,-0.0939999968,20180519304803,793,0xa,0x4,21.2099991,26.2098427,0.0275193565,0.127540588,1.56969163e-05,30,1.07599998,2,0.08187119322028008,58257.3048148,0.08187119322028008,19.11717219999999,19.11717219999999
114,793210400001234,50332839,2458257.8299929905,58257.3283912,19.2811832,0.0718367249,0,zr,226.8302194,55.7471779,0.828999996,0.00100000005,20180519328356,793,0xa,0x4,21.3500004,26.2087059,0.0244877096,0.128949836,1.23783284e-05,30,1.09000003,2,0.07039255356746345,58257.3283912,0.07039255356746345,19.281183200000008,19.281183200000008
115,793210400001234,50336717,2458257.8687765403,58257.3671759,19.2227001,0.068654336,0,zr,226.8302436,55.7472144,0.814999998,-0.057,20180519367153,793,0xa,0x4,21.2600002,26.2103024,0.0258236695,0.125216946,1.37926927e-05,30,1.14100003,2,0.07428822128968003,58257.3671759,0.07428822128968003,19.222700100000004,19.222700100000004
116,793210400001234,50422510,2458258.7266795156,58258.2251042,19.0888252,0.0618866757,0,zr,226.8301926,55.7472027,1.11199999,-0.112000003,20180520225069,793,0xa,0x4,21.4500008,26.1733112,0.0253414232,0.12182828,1.32095211e-05,30,1.11800003,2,0.08403687996624128,58258.2251042,0.08403687996624128,19.088825199999995,19.088825199999995
117,793210400001234,50423931,2458258.740891997,58258.2393171,19.1719398,0.0660050884,0,zr,226.8302102,55.7472154,0.981000006,-0.0260000005,20180520239282,793,0xa,0x4,21.3600006,26.1823673,0.0250229817,0.120007649,1.29590562e-05,30,1.10000002,2,0.07784380929025392,58258.2393171,0.07784380929025392,19.171939799999997,19.171939799999997
118,793210400001234,50426331,2458258.7648843876,58258.2633102,19.1527386,0.0650297478,0,zr,226.8302355,55.7472266,0.615999997,-0.00400000019,20180520263275,793,0xa,0x4,21.3299999,26.1882133,0.0261555258,0.12646088,1.41700184e-05,30,1.08000004,2,0.07923271905365598,58258.2633102,0.07923271905365598,19.1527386,19.1527386
119,793210400001234,50426653,2458258.768113489,58258.2665394,19.1080475,0.0628154203,0,zr,226.8301723,55.7472557,0.845000029,-0.074000001,20180520266505,793,0xa,0x4,21.2000008,26.1865654,0.026081996,0.130294621,1.40479642e-05,30,1.07799995,3,0.0825621511619278,58258.2665394,0.0825621511619278,19.108047500000005,19.108047500000005
120,793210400001234,50426840,2458258.7699768376,58258.2684028,19.1398067,0.0643810406,0,zr,226.8301979,55.7472209,1.375,0.137999997,20180520268380,793,0xa,0x4,21.3299999,26.189291,0.0279115755,0.126111731,1.60833315e-05,30,1.07799995,1,0.08018208035527387,58258.2684028,0.08018208035527387,19.1398067,19.1398067
121,793210400001234,50730415,2458261.80563715,58261.3041551,19.1852341,0.0666889399,0,zr,226.8301538,55.7473198,1.26699996,0.165999994,20180523304120,793,0xa,0x4,20.5499992,26.205883,0.0348481275,0.126726463,3.32966483e-05,30,1.08000004,2,0.07689646228204051,58261.3041551,0.07689646228204051,19.185234099999995,19.185234099999995
122,793210400001234,50730506,2458261.8065514304,58261.3050694,19.0840683,0.0616590343,0,zr,226.8303395,55.7472553,1.06700003,0.0820000023,20180523305058,793,0xa,0x4,20.6399994,26.2128181,0.0331005901,0.138654366,2.27881483e-05,30,1.08099997,1,0.0844058757035166,58261.3050694,0.0844058757035166,19.084068300000006,19.084068300000006
123,793210400001234,50732282,2458261.824305573,58261.3228241,19.1454105,0.0646613538,0,zr,226.8302883,55.7473203,0.716000021,0.0900000036,20180523322801,793,0xa,0x4,20.1900005,26.2310829,0.038452208,0.142412066,3.60483828e-05,30,1.09500003,2,0.07976930348963938,58261.3228241,0.07976930348963938,19.145410500000004,19.145410500000004
124,793210400001234,50830719,2458262.8086500093,58262.3071991,19.1726837,0.0660431683,0,zr,226.8302398,55.7472233,1.20000005,-0.116999999,20180524307188,793,0xa,0x4,20.75,26.2313423,0.0323304944,0.134051219,2.15959171e-05,30,1.08399999,2,0.07779049230960819,58262.3071991,0.07779049230960819,19.1726837,19.1726837
125,793210400001234,50831957,2458262.821022318,58262.3195718,19.2195778,0.0684883967,0,zr,226.8302699,55.7472526,1.04499996,-0.0689999983,20180524319560,793,0xa,0x4,20.8299999,26.2341919,0.0333612971,0.126982212,2.30172936e-05,30,1.09399998,2,0.07450216271199367,58262.3195718,0.07450216271199367,19.219577800000003,19.219577800000003
126,793210400001234,50835193,2458262.8533823993,58262.3519329,19.2051926,0.0677288547,0,zr,226.8302469,55.74725,0.574000001,-0.00300000003,20180524351921,793,0xa,0x4,20.7099991,26.2177715,0.0319502093,0.131385282,2.12284831e-05,30,1.13800001,2,0.07549582928623856,58262.3519329,0.07549582928623856,19.205192599999997,19.205192599999997
127,793210400001234,50939305,2458263.8944723457,58263.3930556,19.4455376,0.081556946,0,zr,226.830233,55.7472927,1.20500004,-0.0109999999,20180525393021,793,0xa,0x4,20.2399998,26.2560463,0.0335890464,0.13133426,2.30923724e-05,30,1.24600005,2,0.06050412156858657,58263.3930556,0.06050412156858657,19.4455376,19.4455376
128,793210400001234,51226520,2458266.7665328467,58266.2652083,19.2054596,0.0677428693,0,zr,226.8300799,55.7471998,0.312999994,-0.0250000004,20180528265185,793,0xa,0x4,20.6100006,26.2320995,0.0277001895,0.123230211,1.56868919e-05,30,1.074,2,0.07547726592985268,58266.2652083,0.07547726592985268,19.205459600000005,19.205459600000005
129,793210400001234,51226612,2458266.76744722,58266.2661227,19.2079487,0.0678737164,0,zr,226.8301644,55.7471821,1.36000001,-0.209999993,20180528266123,793,0xa,0x4,20.5799999,26.2425861,0.0296466891,0.116846733,1.79022663e-05,30,1.074,1,0.07530442903314272,58266.2661227,0.07530442903314272,19.207948699999996,19.207948699999996
130,793210400001234,51228322,2458266.784553168,58266.2832292,19.2452507,0.0698647574,0,zr,226.8301315,55.747115,1.32099998,-0.00499999989,20180528283229,793,0xa,0x4,20.2999992,26.2428627,0.0329902135,0.115753375,2.219206e-05,30,1.07700002,2,0.07276117772267188,58266.2832292,0.07276117772267188,19.245250700000007,19.245250700000007
131,793210400001234,51229980,2458266.801126619,58266.2998032,19.1207275,0.0634358227,0,zr,226.8302274,55.7472107,0.783999979,-0.119999997,20180528299769,793,0xa,0x4,20.5300007,26.230463,0.028159434,0.132805824,1.61866792e-05,30,1.08599997,2,0.08160354017630662,58266.2998032,0.08160354017630662,19.120727500000008,19.120727500000008
132,1827201200007108,51230305,2458266.804378915,58266.3030556,19.1578178,0.0649643987,0,zr,226.8302078,55.7471741,0.757000029,-0.075000003,20180528303044,1827,0x1,0x2,20.6900005,26.1521244,0.0258930381,0.104423001,1.32989726e-05,30,1.12100005,2,0.07886292484098335,58266.3030556,0.07886292484098335,19.157817799999997,19.157817799999997
133,1827201200007108,51230350,2458266.804830201,58266.3035069,19.2051582,0.0673187375,0,zr,226.8301994,55.747166,1.47300005,-0.115000002,20180528303507,1827,0x1,0x2,20.7000008,26.1414509,0.0272364262,0.107057542,1.46677512e-05,30,1.12100005,2,0.07549822130159074,58266.3035069,0.07549822130159074,19.205158199999993,19.205158199999993
134,793210400001234,51330645,2458267.8077487387,58267.3064583,19.1998215,0.0674474537,0,zr,226.8302436,55.7471868,0.523999989,-0.0540000014,20180529306424,793,0xa,0x4,20.6000004,26.2504807,0.0294944793,0.120656051,1.78769078e-05,30,1.09500003,2,0.07587022989058008,58267.3064583,0.07587022989058008,19.199821500000006,19.199821500000006
135,793210400001234,51520032,2458269.7015516222,58269.2003241,19.1799908,0.0664184093,0,zr,226.8302333,55.7472251,0.899999976,0.0900000036,20180531200278,793,0xa,0x4,20.9599991,26.2636261,0.0300275031,0.126054853,1.83903267e-05,30,1.11099994,1,0.07726871324425291,58269.2003241,0.07726871324425291,19.179990800000006,19.179990800000006
136,793210400001234,51520129,2458269.702523794,58269.2012963,19.1313744,0.0639615208,0,zr,226.8301792,55.7471711,1.23599994,-0.0869999975,20180531201250,793,0xa,0x4,20.9300003,26.2510643,0.0270218886,0.1228211,1.49619573e-05,30,1.10899997,2,0.08080723375995774,58269.2012963,0.08080723375995774,19.13137439999999,19.13137439999999
137,793210400001234,51534995,2458269.851176202,58269.3499537,19.2286568,0.0689720586,32768,zr,226.8301795,55.7471864,0.589999974,-0.0219999999,20180531349954,793,0xa,0x4,20.1900005,26.0283489,0.0359830372,0.103342734,2.63587008e-05,30,1.17299998,2,0.07388176806564413,58269.3499537,0.07388176806564413,19.228656800000003,19.228656800000003
138,793210400001234,51536501,2458269.86623359,58269.3650116,19.093935,0.0621322133,0,zr,226.8300787,55.7471629,0.661000013,-0.120999999,20180531364977,793,0xa,0x4,20.6299992,26.2708015,0.0251601208,0.0967732891,1.2873139e-05,30,1.21099997,2,0.08364230644024216,58269.3650116,0.08364230644024216,19.093934999999995,19.093934999999995
139,793210400001234,51631177,2458270.8129609097,58270.3117708,19.2808342,0.0718173012,0,zr,226.8302355,55.7471876,0.855000019,-0.120999999,20180601311736,793,0xa,0x4,21.0200005,26.2435188,0.0227375217,0.111639306,1.05867148e-05,30,1.11000001,2,0.07041518424877367,58270.3117708,0.07041518424877367,19.280834200000008,19.280834200000008
140,793210400001234,51632979,2458270.8309811964,58270.3297917,19.1533127,0.0650586635,0,zr,226.8302197,55.7471703,0.800000012,-0.074000001,20180601329780,793,0xa,0x4,20.9500008,26.232111,0.0254251715,0.105773516,1.32391333e-05,30,1.13800001,2,0.07919083458870554,58270.3297917,0.07919083458870554,19.153312700000008,19.153312700000008
141,793210400001234,51634649,2458270.847682021,58270.3464931,19.3512726,0.0758393183,0,zr,226.8301617,55.7472069,0.598999977,-0.050999999,20180601346481,793,0xa,0x4,20.7600002,26.2429752,0.0269687381,0.0920397714,1.47625551e-05,30,1.17200005,2,0.06599194976525798,58270.3464931,0.06599194976525798,19.35127260000001,19.35127260000001
142,793210400001234,51717055,2458271.6717165313,58271.1705556,19.1080914,0.0628175735,0,zr,226.8300519,55.7472426,0.850000024,-0.0270000007,20180602170498,793,0xa,0x4,20.7399998,26.2517471,0.0251972452,0.0860514268,1.30137159e-05,30,1.14999998,2,0.0825588129614097,58271.1705556,0.0825588129614097,19.1080914,19.1080914
143,793210400001234,51828328,2458272.7844098704,58272.283287,19.1684017,0.0658242702,0,zr,226.8302102,55.7471684,0.893999994,-0.00999999978,20180603283241,793,0xa,0x4,21.3600006,26.237133,0.0265443455,0.116620786,1.46628954e-05,30,1.08599997,1,0.07809789349964708,58272.283287,0.07809789349964708,19.168401699999997,19.168401699999997
144,793210400001234,51828700,2458272.7881250405,58272.2870023,19.1873722,0.0667996109,0,zr,226.8302295,55.7471895,0.764999986,0.0419999994,20180603286991,793,0xa,0x4,21.4500008,26.2320995,0.0240393169,0.113907017,1.21511785e-05,30,1.08899999,2,0.07674518193792691,58272.2870023,0.07674518193792691,19.18737219999999,19.18737219999999
145,793210400001234,51830008,2458272.801203289,58272.300081,19.2104149,0.0680036172,0,zr,226.8301833,55.747177,0.828999996,-0.00700000022,20180603300069,793,0xa,0x4,21.4500008,26.2461224,0.0267032124,0.110589489,1.48781655e-05,30,1.102,2,0.07513357259560634,58272.300081,0.07513357259560634,19.210414899999996,19.210414899999996
146,793210400001234,51832050,2458272.8216308816,58272.3205093,19.2039814,0.0676652789,0,zr,226.8302161,55.7471828,0.583999991,0.00100000005,20180603320509,793,0xa,0x4,21.4099998,26.2377071,0.0254257526,0.113004528,1.36248291e-05,30,1.13100004,2,0.07558009613719872,58272.3205093,0.07558009613719872,19.203981399999996,19.203981399999996
147,793210400001234,51932559,2458273.82667718,58273.3255903,19.2239189,0.0687192008,0,zr,226.8302016,55.7471657,0.588,-0.0170000009,20180604325556,793,0xa,0x4,21.6299992,26.2656479,0.0237753373,0.112602428,1.19286433e-05,30,1.14499998,2,0.07420487536900063,58273.3255903,0.07420487536900063,19.223918899999994,19.223918899999994
148,793210400001234,51934579,2458273.846884771,58273.3457986,19.2129135,0.0681354627,0,zr,226.830204,55.7471808,1.02999997,-0.0979999974,20180604345799,793,0xa,0x4,21.4799995,26.2616653,0.0237336513,0.107538998,1.166929e-05,30,1.18900001,2,0.0749608668319035,58273.3457986,0.0749608668319035,19.212913500000006,19.212913500000006
149,793210400001234,51936822,2458273.869314584,58273.3682292,19.2565937,0.0704814792,0,zr,226.8301698,55.7471672,0.644999981,0.0469999984,20180604368229,793,0xa,0x4,21.3899994,26.254303,0.0226845481,0.11101798,1.0498914e-05,30,1.25399995,2,0.07200497766322486,58273.3682292,0.07200497766322486,19.256593700000003,19.256593700000003
150,793210400001234,52030638,2458274.8074416686,58274.3063889,19.2567425,0.0704896152,0,zr,226.8301821,55.7471574,0.726000011,0.0149999997,20180605306354,793,0xa,0x4,21.7900009,26.2734127,0.021620702,0.109195128,9.84876806e-06,30,1.11800003,2,0.07199511006696817,58274.3063889,0.07199511006696817,19.256742499999994,19.256742499999994
151,793210400001234,52032142,2458274.822475839,58274.3214236,19.1981182,0.0673584417,0,zr,226.8302212,55.747172,0.328999996,-0.0120000001,20180605321389,793,0xa,0x4,21.4500008,26.2708797,0.0207079481,0.110564366,8.9963205e-06,30,1.14199996,2,0.0759893483124255,58274.3214236,0.0759893483124255,19.198118200000003,19.198118200000003
152,793210400001234,52136516,2458275.866177645,58275.365162,19.2074127,0.0678455681,0,zr,226.8301781,55.747155,0.632000029,0.0489999987,20180606365139,793,0xa,0x4,21.2800007,26.2651424,0.0222468656,0.102353588,1.03259317e-05,30,1.26199996,2,0.07534161406810216,58275.365162,0.07534161406810216,19.2074127,19.2074127
153,793210400001234,52228608,2458276.787071178,58276.286088,19.2332973,0.0692205206,0,zr,226.8301477,55.7471732,0.728999972,-0.0280000009,20180607286088,793,0xa,0x4,21.7199993,26.2767467,0.0236243345,0.103618331,1.12895141e-05,30,1.09800005,2,0.07356666693058289,58276.286088,0.07356666693058289,19.233297299999997,19.233297299999997
154,793210400001234,52230256,2458276.803551989,58276.3025694,19.1585312,0.0653224513,0,zr,226.8301647,55.7471962,1.24399996,-0.0130000003,20180607302569,793,0xa,0x4,21.5699997,26.2660294,0.0210013781,0.106986359,9.0407184e-06,30,1.12,2,0.07881112373970482,58276.3025694,0.07881112373970482,19.15853119999999,19.15853119999999
155,793210400001234,52230355,2458276.804535756,58276.3035532,19.1705284,0.0659328923,0,zr,226.8301775,55.7471816,1.13100004,-0.115000002,20180607303507,793,0xa,0x4,21.6599998,26.2819881,0.0231526103,0.10116259,1.09510474e-05,30,1.12100005,1,0.07794506795207766,58276.3035532,0.07794506795207766,19.170528400000002,19.170528400000002
156,793210400001234,52326782,2458277.768772428,58277.2678241,19.2028313,0.0676050335,0,zr,226.830174,55.747163,1.17200005,0.0289999992,20180608267812,793,0xa,0x4,21.8600006,26.228693,0.0250315145,0.115836479,1.29154269e-05,30,1.08399999,2,0.07566019913393177,58277.2678241,0.07566019913393177,19.202831300000007,19.202831300000007
157,793210400001234,52328218,2458277.783135314,58277.2821875,19.1895065,0.0669102222,0,zr,226.8302015,55.7471715,0.593999982,-0.00400000019,20180608282037,793,0xa,0x4,21.8500004,26.2370358,0.0256997366,0.112133093,1.34049733e-05,30,1.097,2,0.07659446728619151,58277.2821875,0.07659446728619151,19.1895065,19.1895065
158,793210400001234,52426019,2458278.761109678,58278.2601968,19.1980705,0.0673559457,0,zr,226.8302184,55.7471731,0.643999994,-0.00899999961,20180609260185,793,0xa,0x4,21.7800007,26.2470093,0.0225957762,0.113066062,1.05353447e-05,30,1.08099997,2,0.07599268685038996,58278.2601968,0.07599268685038996,19.198070499999993,19.198070499999993
159,793210400001234,52428638,2458278.787300836,58278.2863889,19.1495399,0.064868696,0,zr,226.8301726,55.7471566,0.878000021,-0.0350000001,20180609286366,793,0xa,0x4,21.4899998,26.2404366,0.0219385996,0.116019689,9.96315703e-06,30,1.10500002,2,0.07946649167538791,58278.2863889,0.07946649167538791,19.1495399,19.1495399
160,793210400001234,52524888,2458279.749766249,58279.2488889,19.1850815,0.0666810572,0,zr,226.8301518,55.7471721,0.899999976,0.061999999,20180610248877,793,0xa,0x4,21.7700005,26.2691345,0.0243892986,0.108546205,1.22032061e-05,30,1.07700002,2,0.07690727082353055,58279.2488889,0.07690727082353055,19.185081500000003,19.185081500000003
161,793210400001234,52526409,2458279.764974,58279.2640972,19.2350941,0.0693170279,0,zr,226.8301726,55.7471758,0.651000023,0.0900000036,20180610264097,793,0xa,0x4,21.7600002,26.2600708,0.0220624655,0.108982824,9.96364088e-06,30,1.08599997,1,0.07344502111107827,58279.2640972,0.07344502111107827,19.235094100000005,19.235094100000005
162,793210400001234,52526501,2458279.765888368,58279.2650116,19.1868267,0.0667713434,0,zr,226.830198,55.7471727,0.713,-0.0370000005,20180610265012,793,0xa,0x4,21.7000008,26.2608585,0.0220654923,0.105265789,9.88983356e-06,30,1.08599997,2,0.07678375025239377,58279.2650116,0.07678375025239377,19.186826700000005,19.186826700000005
163,793210400001234,52528770,2458279.788584244,58279.2877083,19.2180901,0.0684094504,0,zr,226.830133,55.7471756,1.19799995,0.0529999994,20180610287685,793,0xa,0x4,21.6299992,26.2480659,0.0222004168,0.107989505,1.01325286e-05,30,1.11000001,2,0.07460431721071181,58279.2877083,0.07460431721071181,19.218090100000005,19.218090100000005
164,793210400001234,52619315,2458280.6940029277,58280.1931597,19.2722759,0.0713428929,0,zr,226.8301448,55.7471757,1.33299994,0.00800000038,20180611193113,793,0xa,0x4,21.5599995,26.2573338,0.0228028707,0.110588089,1.06906182e-05,30,1.08599997,2,0.07097242425757445,58280.1931597,0.07097242425757445,19.272275900000004,19.272275900000004
165,793210400001234,52630281,2458280.8036517487,58280.3028125,19.207283,0.0678387284,0,zr,226.8301582,55.747169,0.465999991,0.0250000004,20180611302766,793,0xa,0x4,21.8299999,26.2714767,0.0238311086,0.110410474,1.1641293e-05,30,1.13800001,2,0.07535061477286457,58280.3028125,0.07535061477286457,19.207282999999997,19.207282999999997
166,793210400001234,52632158,2458280.822424162,58280.3215856,19.204443,0.0676895604,0,zr,226.8301821,55.747167,1.37,-0.167999998,20180611321551,793,0xa,0x4,21.6700001,26.2666035,0.0221979022,0.111604869,1.00262605e-05,30,1.17700005,2,0.07554797014101335,58280.3215856,0.07554797014101335,19.204443000000005,19.204443000000005
167,793210400001234,52720710,2458281.707912905,58281.2071065,19.2291813,0.0690001026,0,zr,226.8301696,55.7471697,0.583000004,-0.0460000001,20180612207095,793,0xa,0x4,21.7600002,26.2526531,0.0259150323,0.116137244,1.38792857e-05,30,1.07700002,2,0.07384608570677217,58281.2071065,0.07384608570677217,19.2291813,19.2291813
168,793210400001234,52722295,2458281.7237572297,58281.2229514,19.2275448,0.0689126179,0,zr,226.8301634,55.7471636,0.711000025,-0.0450000018,20180612222940,793,0xa,0x4,21.8400002,26.2640114,0.0249488242,0.1136989,1.28447227e-05,30,1.07299995,2,0.07395747578547186,58281.2229514,0.07395747578547186,19.227544799999997,19.227544799999997
169,793210400001234,52732574,2458281.826542768,58281.3257407,19.2620354,0.0707792491,0,zr,226.830217,55.7471547,0.866999984,0.0520000011,20180612325741,793,0xa,0x4,21.5300007,26.2424908,0.0223122481,0.114252724,1.02389295e-05,30,1.19400001,2,0.0716449922443627,58281.3257407,0.0716449922443627,19.262035399999995,19.262035399999995
170,793210400001234,52820841,2458282.7091842545,58282.2084144,19.1768093,0.0662547648,0,zr,226.830193,55.7471764,0.978999972,-0.050999999,20180613208380,793,0xa,0x4,21.6700001,26.2634487,0.02503879,0.112438858,1.29399205e-05,30,1.07500005,2,0.07749546347776533,58282.2084144,0.07749546347776533,19.176809299999995,19.176809299999995
171,793210400001234,52822633,2458282.727100201,58282.226331,19.164341,0.0656173825,0,zr,226.8302062,55.7471658,0.662999988,0.0450000018,20180613226285,793,0xa,0x4,21.6900005,26.2700043,0.0228142794,0.109222673,1.07219848e-05,30,1.07299995,1,0.07839052986806835,58282.226331,0.07839052986806835,19.164341,19.164341
172,793210400001234,52822724,2458282.7280145665,58282.2272454,19.1774025,0.0662852153,0,zr,226.8301675,55.7471681,0.463999987,-0.0280000009,20180613227234,793,0xa,0x4,21.6499996,26.2600594,0.0216353163,0.114755228,9.66468542e-06,30,1.07299995,2,0.07745313482287594,58282.2272454,0.07745313482287594,19.177402499999992,19.177402499999992
173,793210400001234,52830844,2458282.80921528,58282.3084491,19.2019157,0.0675570592,0,zr,226.8302701,55.7471985,0.69599998,-0.0979999974,20180613308438,793,0xa,0x4,21.3899994,26.1645603,0.0225085858,0.112404138,1.05292775e-05,30,1.15999997,2,0.07572403019692647,58282.3084491,0.07572403019692647,19.201915699999994,19.201915699999994
174,793210400001234,52922280,2458283.723533554,58283.2228009,19.1946888,0.0671795756,0,zr,226.830225,55.7471702,0.481999993,-0.0120000001,20180614222801,793,0xa,0x4,21.6399994,26.2738552,0.0245225374,0.111533992,1.2338056e-05,30,1.07299995,2,0.07622974728325523,58283.2228009,0.07622974728325523,19.1946888,19.1946888
175,793210400001234,52932388,2458283.8246178147,58283.3238889,19.2757645,0.0715358853,0,zr,226.8302121,55.7471772,0.497000009,-0.0670000017,20180614323808,793,0xa,0x4,21.7199993,26.2738056,0.0229080971,0.110088453,1.07066362e-05,30,1.20299995,2,0.07074474736083289,0.0,0.07074474736083289,19.2757645,19.2757645
176,793210400001234,52934363,2458283.8443624764,58283.3436343,19.2144356,0.0682159141,0,zr,226.8301436,55.7471928,0.717000008,0.0250000004,20180614343623,793,0xa,0x4,21.5499992,26.273468,0.0207586177,0.106719032,8.84598194e-06,30,1.26300001,2,0.07485585237721393,0.0,0.07485585237721393,19.214435599999995,19.214435599999995
177,793210400001234,53019401,2458284.6947130784,58284.1940162,19.188652,0.0668658912,0,zr,226.8301869,55.7471573,0.930999994,0.0729999989,20180615194016,793,0xa,0x4,21.5699997,26.1998882,0.0228276569,0.112525769,1.07211808e-05,30,1.07799995,2,0.07665477266617537,1.0,0.07665477266617537,19.188651999999998,19.188651999999998
178,793210400001234,53028624,2458284.786943464,58284.28625,19.234869,0.0693049282,0,zr,226.8301382,55.747173,0.370000005,0.0120000001,20180615286227,793,0xa,0x4,21.6200008,26.240015,0.0239170138,0.112820111,1.1663632e-05,30,1.12800002,2,0.07346024966115734,1.0,1.1509507385873854,16.24735816012079,19.234868999999996
179,793210400001234,53029938,2458284.8000795757,58284.2993866,19.1560783,0.0651983172,0,zr,226.8301596,55.7471729,0.657000005,-0.023,20180615299363,793,0xa,0x4,21.5799999,26.2473297,0.0219527502,0.106292978,9.82912752e-06,30,1.15199995,2,0.07898937545413645,1.0,1.1564798643803644,16.242154810961516,19.156078299999997
180,793210400001234,53130552,2458285.806176552,58285.3055208,19.2186337,0.0684382915,0,zr,226.830172,55.7471685,1.08899999,-0.140000001,20180616305486,793,0xa,0x4,21.7199993,26.2439728,0.0222901944,0.114424825,1.02905205e-05,30,1.171,2,0.07456697411028242,2.0,1.1520574630365104,16.24631464590771,19.218633700000005
181,793210400001234,53229063,2458286.7912557805,58286.2906366,19.2268047,0.0688731,0,zr,226.8301516,55.7471674,0.488999993,0.00700000022,20180617290637,793,0xa,0x4,21.5799999,26.2728271,0.0207961854,0.106710583,8.81075448e-06,30,1.14600003,2,0.07400790662438132,3.0,7.414992219724681,14.224723250810982,19.226804699999995
182,793210400001234,53230358,2458286.8042066973,58286.303588,19.2924881,0.0724682435,0,zr,226.8301736,55.7471416,0.977999985,-0.00800000038,20180617303576,793,0xa,0x4,21.5900002,26.2744522,0.0212001316,0.101186849,9.19239119e-06,30,1.17299998,2,0.06966341493917,3.0,14.619460463369256,13.48767163720484,19.292488100000007
183,793210400001234,53232284,2458286.8234651703,58286.3228472,19.1910706,0.0669913962,0,zr,226.830192,55.7471771,1.23300004,-0.0579999983,20180617322847,793,0xa,0x4,21.4400005,26.2720146,0.021432979,0.102023289,9.46055934e-06,30,1.22300005,2,0.07648420555330931,3.0,14.626281253983397,13.487165199069636,19.191070599999996
184,793210400001234,53325984,2458287.7604325865,58287.2598495,19.2361298,0.0693726391,0,zr,226.8301734,55.7471736,0.526000023,-0.0370000005,20180618259815,793,0xa,0x4,21.7399998,26.2645302,0.0228184331,0.116393916,1.06602829e-05,30,1.102,2,0.07337499421242931,4.0,14.623172042642516,13.487396026176008,19.236129800000008
185,793210400001234,53328864,2458287.7892278065,58287.2886458,19.2370281,0.0694209784,0,zr,226.8301678,55.747146,0.56099999,-0.00600000005,20180618288611,793,0xa,0x4,21.5900002,26.2672138,0.0222260151,0.107958913,1.01206897e-05,30,1.14699996,2,0.07331431142633502,4.0,19.939209909486877,13.15073013646866,19.237028099999996
186,793210400001234,53330288,2458287.803463369,58287.3028819,19.2145863,0.0682238564,0,zr,226.8301746,55.747163,1.11300004,-0.0430000015,20180618302882,793,0xa,0x4,21.6399994,26.2598305,0.0210693274,0.111293323,9.08310449e-06,30,1.17799997,2,0.07484546311870374,4.0,19.940741061179246,13.150646764910391,19.2145863
187,793210400001234,53423947,2458288.7400256936,58288.2394792,19.223856,0.0687158331,0,zr,226.8301716,55.7471658,1.10699999,-0.0890000015,20180619239479,793,0xa,0x4,21.6100006,26.2674942,0.0260699727,0.11374341,1.38778987e-05,30,1.08500004,2,0.07420917440760966,5.0,19.940104772468153,13.150681410198167,19.223856000000005
188,793210400001234,53426667,2458288.767223672,58288.2666782,19.26054,0.0706972703,0,zr,226.8301803,55.7471532,0.542999983,0.0469999984,20180619266667,793,0xa,0x4,21.7099991,26.2881508,0.0239665695,0.110633485,1.18847447e-05,30,1.11500001,1,0.07174373790294239,5.0,23.27534747758025,12.982759566793597,19.26054
189,793210400001234,53426759,2458288.768138039,58288.2675926,19.1407967,0.0644304305,0,zr,226.8302134,55.7471514,0.140000001,-0.0120000001,20180619267581,793,0xa,0x4,21.7199993,26.282526,0.0223322753,0.109133527,1.03125267e-05,30,1.11600006,2,0.08010900175680695,5.0,23.283712741434115,12.98236941845797,19.140796700000003
190,793210400001234,53427917,2458288.7797232005,58288.2791782,19.15522,0.0651549399,0,zr,226.8302025,55.7471712,0.515999973,-0.0170000009,20180619279144,793,0xa,0x4,21.7299995,26.2589111,0.0293830093,0.11717575,1.7675311e-05,30,1.13499999,2,0.0790518431006175,5.0,23.282655582777927,12.98241871564256,19.155220000000007
191,793210400001234,53522907,2458289.729583513,58289.2290741,19.1693115,0.0658707023,0,zr,226.8301418,55.7473273,1.13900006,-0.0829999968,20180620229039,793,0xa,0x4,20.7000008,26.2355309,0.0265034344,0.125742421,1.43107472e-05,30,1.08000004,2,0.07803247825269914,6.0,23.281636217930007,12.98246625255458,19.1693115
192,793210400001234,53523656,2458289.7370716436,58289.2365625,19.2635269,0.0708610639,0,zr,226.8301851,55.7471922,0.603999972,0.0649999976,20180620236528,793,0xa,0x4,21.2199993,26.2476387,0.0275464561,0.116602272,1.54984973e-05,30,1.08500004,2,0.07154663949338405,6.0,25.13757697152856,12.899191466447085,19.263526899999995
193,793210400001234,53525579,2458289.756307022,58289.2557986,19.1644783,0.0656243563,0,zr,226.8301967,55.7471521,1.153,0.0280000009,20180620255764,793,0xa,0x4,21.2600002,26.2437248,0.0232604146,0.116047546,1.10477467e-05,30,1.10399997,2,0.07838061738730405,6.0,25.14441094942248,12.8988963350263,19.164478300000006
194,793210400001234,53625891,2458290.759382752,58290.258912,19.1659622,0.0656999126,0,zr,226.8302195,55.7472031,0.625,-0.050999999,20180621258889,793,0xa,0x4,21.3199997,26.2295723,0.0275598653,0.114785723,1.55398229e-05,30,1.11099994,2,0.07827356601260406,7.0,25.14430389804778,12.898900957516794,19.165962200000003
195,793210400001234,53634288,2458290.8433494614,58290.3428819,19.2151012,0.0682510957,0,zr,226.8301853,55.7471852,0.796999991,0.0500000007,20180621342882,793,0xa,0x4,21.4200001,26.2154465,0.0220373087,0.114284448,9.91350043e-06,30,1.33299994,2,0.07480997678959984,7.0,25.990351497049858,12.862969617504014,19.2151012
196,793210400001234,53724571,2458291.7461512233,58291.2457176,19.2840042,0.0719937906,0,zr,226.8302301,55.7472005,0.73299998,-0.0829999968,20180622245683,793,0xa,0x4,21.0400009,26.238308,0.0238021053,0.120968491,1.15396306e-05,30,1.09800005,2,0.07020989442755593,8.0,25.985751414687815,12.863161801053714,19.28400419999999
197,793210400001234,53726315,2458291.7635926646,58291.2631597,19.1288319,0.0638355613,0,zr,226.8302258,55.7471695,0.81400001,-0.103,20180622263125,793,0xa,0x4,21.1800003,26.2482662,0.0247516688,0.116247445,1.25231636e-05,30,1.12100005,2,0.08099668414001494,8.0,26.167432120078715,12.855597234363024,19.1288319
198,793210400001234,53726456,2458291.76499311,58291.2645602,19.2639084,0.0708820149,0,zr,226.8301771,55.7471676,0.662,0.104000002,20180622264514,793,0xa,0x4,21.2199993,26.256197,0.0224212781,0.119031779,1.02461454e-05,30,1.12300003,1,0.07152150424596529,8.0,26.157956940184665,12.855990448676557,19.2639084
199,793210400001234,53727901,2458291.7794485674,58291.2790162,19.2740173,0.0714391917,0,zr,226.8302789,55.7471345,0.526000023,0.0590000004,20180622278981,793,0xa,0x4,21.2199993,26.2542706,0.0227728952,0.11439281,1.06607195e-05,30,1.14900005,2,0.07085868362829263,8.0,26.15729411956699,12.856017960666932,19.274017300000004
200,793210400001234,53824518,2458292.745581144,58292.2451852,19.2401924,0.0695913956,0,zr,226.8301373,55.7471907,0.677999973,0.125,20180623245139,793,0xa,0x4,21.1000004,26.2546062,0.0253826659,0.1173869,1.30682938e-05,30,1.10099995,2,0.0731009532036357,9.0,26.159536389142335,12.855924892595475,19.240192400000005
201,793210400001234,53825854,2458292.758937141,58292.2585417,19.2733879,0.0714043751,0,zr,226.8301872,55.7471613,1.03799999,0.0469999984,20180623258542,793,0xa,0x4,21.1599998,26.259779,0.0221724957,0.117076375,1.00113666e-05,30,1.11800003,2,0.0708997722321499,9.0,25.878546851668933,12.86765028523439,19.273387899999996
202,793210400001234,53829884,2458292.7992365058,58292.2988426,19.1775513,0.0662928671,0,zr,226.8302099,55.7471857,1.01400006,-0.119000003,20180623298773,793,0xa,0x4,21.1800003,26.2569561,0.0271017868,0.11856585,1.54449281e-05,30,1.20099998,2,0.07744252060857934,9.0,25.88508960004536,12.867375818472944,19.177551299999998
203,793210400001234,53924517,2458293.745531789,58293.2451736,19.1876125,0.0668120235,0,zr,226.8301433,55.7471924,0.850000024,-0.115999997,20180624245162,793,0xa,0x4,20.9799995,26.2609673,0.0259813517,0.11520125,1.38026326e-05,30,1.10399997,2,0.07672819823003223,10.0,25.884375277666816,12.86740578075554,19.187612499999993
204,793210400001234,53926457,2458293.764929255,58293.2645718,19.1808128,0.0664607212,0,zr,226.8301998,55.7471649,1.26300001,-0.0879999995,20180624264572,793,0xa,0x4,21.1499996,26.2631035,0.0224838629,0.112507902,1.05111176e-05,30,1.13199997,2,0.07721023601485386,10.0,25.311960759347617,12.891685528650974,19.180812800000005
205,793210400001234,53928798,2458293.7883426617,58293.2879861,19.1985302,0.0673799738,0,zr,226.8302205,55.7471875,0.335999995,-0.0390000008,20180624287986,793,0xa,0x4,20.8799992,26.2637844,0.0239949282,0.112678684,1.18537137e-05,30,1.17999995,2,0.07596051840693761,10.0,25.3107110417397,12.8917391356063,19.1985302
206,793210400001234,54024137,2458294.7416978343,58294.2413773,19.3227406,0.0741847828,0,zr,226.830217,55.7471581,0.351999998,-0.0350000001,20180625241354,793,0xa,0x4,21.2399998,26.2774448,0.0259114858,0.107199147,1.38843016e-05,30,1.10300004,1,0.06774913583549064,11.0,25.302499659168255,12.89209143079973,19.322740599999996
207,793210400001234,54024329,2458294.743619059,58294.2432986,19.1990376,0.0674064532,0,zr,226.8301851,55.7471663,0.737999976,0.0289999992,20180625243299,793,0xa,0x4,21.1700001,26.2717247,0.0266281515,0.114198521,1.47304318e-05,30,1.10500002,2,0.07592502786860936,11.0,24.54998713583724,12.924871827776805,19.199037600000004
208,793210400001234,54026491,2458294.7652386357,58294.264919,19.2225704,0.0686474219,0,zr,226.8302658,55.7472077,0.57099998,0.00999999978,20180625264919,793,0xa,0x4,20.9400005,26.2589149,0.0242846031,0.118374199,1.20208642e-05,30,1.13800001,2,0.07429709615061078,11.0,24.548359204119244,12.92494382630781,19.222570400000002
209,793210400001234,54027961,2458294.779937175,58294.2796181,19.2792053,0.0717267916,0,zr,226.8302257,55.7471854,1.34800005,-0.0289999992,20180625279595,793,0xa,0x4,21.0799999,26.2565479,0.0253462344,0.119632222,1.31372153e-05,30,1.16700006,2,0.07052090548773973,11.0,24.54458301345637,12.92511085426505,19.279205299999994
210,793210400001234,54124697,2458295.7472616793,58295.2469792,19.2204418,0.0685342178,0,zr,226.8302787,55.7471736,0.855000019,0.0170000009,20180626246956,793,0xa,0x4,21.0799999,26.254425,0.0250584595,0.113988258,1.28155216e-05,30,1.11300004,2,0.07444289945524868,12.0,24.54850500742388,12.924937377670851,19.220441799999996
211,793210400001234,54128092,2458295.7812070837,58295.2809259,19.2230892,0.0686750188,0,zr,226.8302523,55.7471555,0.958000004,0.0179999992,20180626280926,793,0xa,0x4,20.9400005,26.2410393,0.0251949243,0.112530276,1.29734754e-05,30,1.17700005,2,0.07426160306704688,12.0,23.673073012157285,12.964363406128179,19.223089199999997
212,793210400001234,54130982,2458295.810106473,58295.3098264,19.1632061,0.0655596703,0,zr,226.8301674,55.7471628,0.671000004,0.0219999999,20180626309803,793,0xa,0x4,20.8099995,26.2410774,0.0237573236,0.106621698,1.16325946e-05,30,1.25899994,2,0.07847251288117314,12.0,23.677283921971412,12.964170295133954,19.163206100000004
213,793210400001234,54224605,2458296.746297841,58296.2460532,19.24119,0.069645226,0,zr,226.8302008,55.7471614,0.414999992,-0.0199999996,20180627246030,793,0xa,0x4,20.9699993,26.2646389,0.0258950442,0.102778576,1.38279856e-05,30,1.11600006,2,0.07303381717370915,13.0,23.671845226263947,12.964419718469443,19.241189999999996
214,793210400001234,54228118,2458296.781423897,58296.2811806,19.2178135,0.0683948025,0,zr,226.8302021,55.7471838,0.533999979,0.0689999983,20180627281157,793,0xa,0x4,20.9599991,26.2372341,0.0245146435,0.112165101,1.22832225e-05,30,1.18400002,2,0.07462332567962918,13.0,22.734362290240835,13.008293058640994,19.2178135
215,793210400001234,54328099,2458297.781200817,58297.2809954,19.235363,0.0693314448,0,zr,226.830202,55.7471273,0.749000013,-0.0280000009,20180628280972,793,0xa,0x4,20.5300007,26.239397,0.0261867829,0.119201325,1.39432514e-05,30,1.19000006,2,0.07342683352493379,14.0,22.73316579808614,13.008350201613396,19.235363
216,793210400001234,54330092,2458297.801130549,58297.3009259,19.3477287,0.0756319016,0,zr,226.830191,55.7471739,0.42899999,-0.0879999995,20180628300903,793,0xa,0x4,20.4799995,26.2407055,0.0292573236,0.117750473,1.75068908e-05,30,1.24800003,1,0.0662077028786753,14.0,21.758287748656862,13.05593821022974,19.347728699999998
217,793210400001234,54330185,2458297.802056515,58297.3018519,19.1475563,0.0647690147,0,zr,226.8302042,55.7471584,0.483999997,0.0769999996,20180628301840,793,0xa,0x4,20.4200001,26.2316513,0.027168965,0.118546464,1.50933392e-05,30,1.25100005,2,0.07961180672685225,14.0,21.77169185250504,13.05526955283851,19.147556299999998
218,793210400001234,54331986,2458297.82006502,58297.3198611,19.1510525,0.0649447665,0,zr,226.83024,55.7472235,1.18900001,-0.0329999998,20180628319838,793,0xa,0x4,20.4500008,26.2210331,0.0308228824,0.121444173,1.96920973e-05,30,1.31599998,2,0.07935585953079974,14.0,21.771435905308987,13.055282316787789,19.1510525
219,793210400001234,54426224,2458298.7624136326,58298.2622454,19.1875839,0.0668105334,0,zr,226.8302253,55.7471722,0.846000016,-0.103,20180629262234,793,0xa,0x4,20.9300003,26.2268925,0.0266633704,0.114228614,1.45840186e-05,30,1.153,2,0.07673021939812255,15.0,21.76881026517631,13.055413264717899,19.1875839
220,793210400001234,54428515,2458298.7853178508,58298.2851505,19.3658028,0.0766953826,0,zr,226.8301933,55.7472234,0.841000021,-0.112000003,20180629285116,793,0xa,0x4,20.5900002,26.2289886,0.0256615262,0.120653898,1.35401679e-05,30,1.20799994,2,0.06511467541207105,15.0,20.785352372627475,13.105606521328319,19.365802800000004
221,793210400001234,54430750,2458298.807666499,58298.3075,19.3194942,0.0739987493,0,zr,226.8303196,55.7472139,0.202000007,-0.0160000008,20180629307419,793,0xa,0x4,20.4200001,26.2155609,0.0293895714,0.123214744,1.76465255e-05,30,1.27900004,2,0.0679520119466552,15.0,20.788189709162058,13.105458321350582,19.3194942
222,793210400001234,54632380,2458300.823897984,58300.3238079,19.2567673,0.0704909191,0,zr,226.8301699,55.7471592,1.07700002,0.0,20180701323808,793,0xa,0x4,20.8500004,26.1402569,0.0261055958,0.119869173,1.41307282e-05,30,1.36899996,2,0.0719934655990661,17.0,20.79223116281447,13.105247262757523,19.2567673
223,793210400001234,54634825,2458300.8483414436,58300.3482523,19.2450562,0.0698541775,0,zr,226.830188,55.7471651,0.808000028,0.0890000015,20180701348229,793,0xa,0x4,20.8500004,26.1384583,0.0290618315,0.111517765,1.73509288e-05,30,1.5,2,0.07277421340913814,17.0,18.898342841872832,13.208940691443026,19.2450562
224,793210400001234,54830752,2458302.807538104,58302.3075231,19.1194038,0.0633707941,0,zr,226.830189,55.7472553,0.418000013,-0.0719999969,20180703307500,793,0xa,0x4,20.6599998,26.196928,0.0287430491,0.134840071,1.71378688e-05,30,1.32200003,2,0.0817030896608834,19.0,18.90727171812458,13.208427836169683,19.119403800000008
225,793210400001234,54832347,2458302.823486597,58302.3234722,19.0994987,0.0624006465,0,zr,226.830252,55.7472175,1.21599996,-0.0560000017,20180703323437,793,0xa,0x4,20.6800003,26.1869831,0.0307851881,0.135811388,1.95814027e-05,30,1.39400005,2,0.08321478970536918,19.0,17.13645888687901,13.315197291617409,19.099498700000005
226,793210400001234,54834017,2458302.84018735,58302.3401736,19.3210716,0.0740890801,0,zr,226.8302024,55.7472706,0.887000024,-0.116999999,20180703340139,793,0xa,0x4,20.5900002,26.1873436,0.0301230904,0.132511094,1.8800507e-05,30,1.48399997,2,0.06785336028728174,19.0,17.12109745746092,13.316171001535672,19.321071600000003
227,793210400001234,55018512,2458304.685071432,58304.1851273,19.2262402,0.06884294,0,zr,226.8302138,55.7471848,1.24199998,-0.0759999976,20180705185046,793,0xa,0x4,21.7199993,26.2146358,0.0254760068,0.114081137,1.31412717e-05,30,1.07700002,1,0.07404639509472573,21.0,17.127290492268365,13.315778340591109,19.2262402
228,793210400001234,55018652,2458304.6864718795,58304.1865278,19.2319145,0.0691463724,0,zr,226.8302062,55.7471734,1.38199997,-0.0359999985,20180705186493,793,0xa,0x4,21.7199993,26.2162952,0.0278854612,0.107003622,1.57047962e-05,30,1.07799995,2,0.07366042155972488,21.0,15.507170480317898,13.423668596518255,19.231914499999995
229,793210400001234,55034879,2458304.848734192,58304.3487963,19.2416534,0.06967026,0,zr,226.8302023,55.7471887,0.331999987,-0.0170000009,20180705348773,793,0xa,0x4,21.3199997,26.1708107,0.0241539869,0.108812869,1.20972263e-05,30,1.57500005,2,0.07300265246781286,21.0,15.506512711225986,13.423714651268554,19.241653399999997
230,793210400001234,55037200,2458304.8719392987,58304.3720023,19.2595844,0.0706449896,0,zr,226.8301589,55.7471948,0.646000028,0.0160000008,20180705371921,793,0xa,0x4,21.0699997,26.1687469,0.0239823498,0.107542083,1.18553662e-05,30,1.76100004,2,0.07180691024163324,21.0,15.505316968999807,13.423798378068334,19.2595844
231,793210400001234,55320502,2458307.704853648,58307.2050231,19.1990547,0.0674073845,0,zr,226.8302176,55.7471685,0.61500001,0.064000003,20180708204977,793,0xa,0x4,21.6700001,26.1542397,0.0244302023,0.10631346,1.23197151e-05,30,1.10099995,1,0.07592383208297893,24.0,15.509433890841152,13.423510135151801,19.199054699999998
232,793210400001234,55424076,2458308.740555661,58308.2407639,19.2459946,0.0699050426,0,zr,226.8302339,55.7471847,0.976999998,0.147,20180709240741,793,0xa,0x4,21.6200008,26.1433201,0.0248437375,0.114877254,1.26592886e-05,30,1.16499996,2,0.07271134195101932,25.0,13.372522462572197,13.584466659809138,19.245994599999996
233,793210400001234,55431717,2458308.816964766,58308.3171759,19.243248,0.0697564259,0,zr,226.8302013,55.74716,0.978999972,0.0430000015,20180709317153,793,0xa,0x4,21.4099998,26.0873375,0.0234278645,0.115667902,1.10825831e-05,30,1.44599998,2,0.07289551356394437,25.0,12.736983042728367,13.63733357345918,19.243248
234,793210400001234,55718173,2458311.6814184193,58311.1817361,19.2744656,0.0714640021,0,zr,226.8301569,55.7471565,0.40200001,-0.0219999999,20180712181736,793,0xa,0x4,21.6299992,26.0978642,0.0265515465,0.112784289,1.41972259e-05,30,1.08800006,1,0.070829432148457,28.0,12.73491696131288,13.637509706327116,19.274465600000006
235,793210400001234,56124356,2458315.7430979568,58315.2435648,19.2765121,0.0715773702,0,zr,226.8302388,55.7471844,0.305999994,-0.00200000009,20180716243553,793,0xa,0x4,20.75,25.7306747,0.0310245417,0.128120393,1.9938705e-05,30,1.22099996,2,0.07069605176756334,32.0,11.032924814002458,13.793273353487294,19.276512099999998
236,793210400001234,56124447,2458315.744012322,58315.2444792,19.1744995,0.0661362037,0,zr,226.8301954,55.7471719,0.694999993,-0.0469999984,20180716244468,793,0xa,0x4,20.8400002,25.7387409,0.0294564683,0.115989134,1.77865513e-05,30,1.22399998,1,0.07766050316005861,32.0,9.186014432107507,13.992182191498443,19.174499500000003
237,793210400001234,56131991,2458315.819449338,58315.319919,19.2134151,0.0681619719,0,zr,226.8302076,55.74713,0.754000008,0.0869999975,20180716319896,793,0xa,0x4,21.2000008,25.954298,0.0318276696,0.118376367,2.08255442e-05,30,1.58299994,2,0.0749262436090024,32.0,9.18328017255645,13.992505413992681,19.2134151
238,793210400001234,56134605,2458315.845582569,58315.3460532,19.2381516,0.069481425,0,zr,226.8302204,55.7471573,0.367000014,-0.0430000015,20180716346030,793,0xa,0x4,20.9699993,25.9828091,0.0263864063,0.12380629,1.41590535e-05,30,1.79999995,2,0.07323848635349799,32.0,9.181592415300946,13.992704975318638,19.238151600000002
239,793210400001234,56521721,2458319.716600785,58319.2172106,19.0928764,0.0620812699,0,zr,226.8301032,55.7472045,1.64300001,0.174999997,20180720217164,793,0xa,0x4,20.1399994,26.2244263,0.0319515467,0.113372035,2.07994017e-05,30,1.17900002,1,0.0837238980134171,36.0,9.192077826960865,13.991465768111063,19.0928764
240,793210400001234,56722122,2458321.7205462917,58321.2212269,19.2013397,0.0675268546,0,zr,226.8302149,55.7471996,1.01300001,0.0260000005,20180722221215,793,0xa,0x4,21.0599995,26.2356377,0.0257312562,0.109737627,1.35940718e-05,30,1.204,2,0.07576421363467954,38.0,7.7108915929997925,14.182238506385993,19.2013397
241,793210400001234,56723679,2458321.736112835,58321.236794,19.2345142,0.0692858472,0,zr,226.830158,55.7472062,0.64200002,-0.00600000005,20180722236759,793,0xa,0x4,21.0799999,26.2387295,0.0234538652,0.108701408,1.12467096e-05,30,1.25100005,2,0.07348425913557094,38.0,7.0872165540509595,14.273810742283985,19.2345142
242,793210400001234,56725844,2458321.757767168,58321.2584491,19.2341099,0.0692641363,0,zr,226.8302021,55.7471767,1.44400001,-0.165000007,20180722258414,793,0xa,0x4,21.0,26.2322884,0.0239395294,0.111922964,1.17684349e-05,30,1.33299994,2,0.07351162786296844,38.0,7.087243922778357,14.273806549501018,19.2341099
243,793210400001234,56824248,2458322.741772077,58322.2424884,19.2381268,0.069480136,0,zr,226.8302288,55.7471587,0.76700002,-0.0939999968,20180723242454,793,0xa,0x4,21.3299999,26.2804966,0.0235235281,0.110560156,1.11430036e-05,30,1.27999997,2,0.07324015926004586,39.0,7.086972454175434,14.273848138155067,19.238126799999996
244,793210400001234,56826506,2458322.764352281,58322.2650694,19.2831001,0.0719434395,0,zr,226.8302868,55.7471691,0.559000015,0.0280000009,20180723265035,793,0xa,0x4,21.1700001,26.2653866,0.0222470295,0.107567094,1.00304651e-05,30,1.375,1,0.07026838303775373,39.0,6.798027928044835,14.319042638890025,19.283100100000006
245,793210400001234,56826598,2458322.7652666466,58322.2659838,19.3027515,0.0730462819,0,zr,226.8302358,55.7471645,0.351999998,-0.0280000009,20180723265972,793,0xa,0x4,21.1399994,26.2590313,0.0251066536,0.10764835,1.28555748e-05,30,1.37899995,2,0.06900799351671343,39.0,6.7967675385237944,14.319243958658667,19.302751499999992
246,793210400001234,56827805,2458322.777338017,58322.2780556,19.3035107,0.0730892271,0,zr,226.8302112,55.7471693,0.888999999,-0.0460000001,20180723278021,793,0xa,0x4,21.1800003,26.2597637,0.0245487504,0.111175865,1.23055934e-05,30,1.44099998,2,0.06895975661019321,39.0,6.796719301617275,14.319251664195356,19.303510699999997
247,793210400001234,56922863,2458323.7278837543,58323.2286343,19.2758465,0.0715404451,0,zr,226.8302128,55.7471634,1.09099996,-0.0729999989,20180724228611,793,0xa,0x4,21.1200008,26.2317848,0.0264017601,0.110920615,1.42819617e-05,30,1.24199998,2,0.07073940458032994,40.0,6.798498949587411,14.318967413040546,19.275846499999993
248,793210400001234,56924630,2458323.745556733,58323.2463079,19.2081184,0.0678826869,0,zr,226.8301923,55.7471661,0.402999997,-0.0149999997,20180724246273,793,0xa,0x4,21.0599995,26.2149448,0.0237839818,0.113671817,1.16269348e-05,30,1.30499995,2,0.07529265991011319,40.0,6.532201377970324,14.362351087703857,19.208118399999996
249,793210400001234,57017899,2458324.6782098357,58324.1789931,19.2251682,0.0687857792,0,zr,226.8303276,55.7471466,0.879000008,0.238000005,20180725178970,793,0xa,0x4,20.2099991,25.9126949,0.0377174057,0.120068818,2.93973098e-05,30,1.12899995,2,0.07411954079516099,41.0,6.531028258855372,14.362546092757647,19.225168200000006
250,793210400001234,57021672,2458324.7159399195,58324.2167245,19.303299,0.0730772242,32768,zr,226.8302088,55.747172,0.783999979,-0.414999992,20180725216725,793,0xa,0x4,19.5200005,25.4807205,0.0442817658,0.102673538,4.90550883e-05,30,1.21399999,2,0.06897320389486392,41.0,6.269215125784597,14.40696706812944,19.303299000000003
251,793210400001234,57328427,2458327.7833822137,58327.2842708,18.9218483,0.0543928221,0,zr,226.8299491,55.7472002,0.596000016,0.00999999978,20180728284259,793,0xa,0x4,19.4699993,26.0233364,0.0416102,0.0866051465,4.12790068e-05,30,1.56400001,2,0.09800780888863572,44.0,6.298249730778369,14.40195030806229,18.9218483
252,793210400001234,57329814,2458327.7972590374,58327.2981481,19.1091423,0.0628687739,32768,zr,226.8298088,55.7470582,0.819000006,0.0920000002,20180728298137,793,0xa,0x4,19.3899994,25.9484692,0.0563748106,0.0920904502,7.89003243e-05,30,1.66799998,2,0.08247894173573332,44.0,5.589354624576931,14.531595837692628,19.109142299999995
253,793210400001234,57428337,2458328.7824577694,58328.2833796,19.2205658,0.068540819,0,zr,226.8302812,55.7471507,0.629999995,-0.0289999992,20180729283368,793,0xa,0x4,20.6000004,26.1477699,0.0266771391,0.102950126,1.44916366e-05,30,1.57700002,1,0.07443439794964471,45.0,5.581310080790843,14.53315962179672,19.220565799999996
254,793210400001234,57718182,2458331.6808121875,58331.1818287,19.1916046,0.0670191422,0,zr,226.8302243,55.7471675,0.419,-0.00100000005,20180801181782,793,0xa,0x4,21.5499992,26.1618538,0.0256338809,0.107070349,1.36260305e-05,30,1.17299998,1,0.07644659740927823,48.0,5.375199018017584,14.574013628146368,19.191604599999998
255,793210400001234,57825738,2458332.756333297,58332.2573843,19.3296013,0.0745794401,0,zr,226.8302542,55.7471562,0.5,-0.0460000001,20180802257373,793,0xa,0x4,21.2900009,26.1508293,0.0240371209,0.112643972,1.19311835e-05,30,1.47899997,2,0.06732238296425219,49.0,4.801387341049812,14.696583142234452,19.3296013
256,793210400001234,57830627,2458332.8052205043,58332.3062731,19.2231178,0.0686765388,0,zr,226.8302059,55.747158,0.370000005,0.0529999994,20180802306262,793,0xa,0x4,20.8700008,26.1071568,0.0273841061,0.113058887,1.52348048e-05,30,1.87,2,0.07425964692533792,49.0,4.638061441057331,14.734158756248405,19.223117800000004
257,793210400001234,58016259,2458334.661481591,58334.1625926,19.1590462,0.0653485283,0,zr,226.8302096,55.7471766,0.924000025,-0.074000001,20180804162593,793,0xa,0x4,21.2800007,26.1963234,0.0282125194,0.111688562,1.64924604e-05,30,1.148,1,0.07877374992456351,51.0,4.642575544056556,14.733102551711447,19.1590462
258,793210400001234,58319922,2458337.6980204927,58337.1992245,19.2512741,0.0701915473,0,zr,226.8302145,55.7471776,0.683000028,-0.0109999999,20180807199190,793,0xa,0x4,21.5799999,26.2333889,0.0246252175,0.117869623,1.23234531e-05,30,1.27100003,1,0.07235863407136645,54.0,4.319507266544486,14.811414477653393,19.251274099999996
259,793210400001234,58618145,2458340.680166468,58340.1814583,19.1877041,0.0668167844,0,zr,226.8301591,55.7471695,0.463,-0.0649999976,20180810181447,793,0xa,0x4,21.0200005,25.9323273,0.0239405688,0.107418008,1.17140644e-05,30,1.23800004,1,0.07672172519684221,57.0,3.9019815686356987,14.92178696591521,19.187704099999998
260,793210400001234,58915622,2458343.654851174,58343.1562269,19.2901554,0.0723374858,0,zr,226.8302262,55.7471354,1.097,-0.0439999998,20180813156030,793,0xa,0x4,21.4400005,26.1965046,0.0267146528,0.111081347,1.46997772e-05,30,1.18900001,1,0.06981324741398877,60.0,3.527819202872863,15.03123420029516,19.290155399999996
261,793210400001234,59217458,2458346.6731264526,58346.1745833,19.2294807,0.069016099,0,zr,226.8302509,55.7471663,0.944000006,-0.0890000015,20180816174444,793,0xa,0x4,21.4599991,26.1767693,0.0253365766,0.106292598,1.3211692e-05,30,1.26999998,1,0.07382572489554538,63.0,3.21070490915952,15.133499019805967,19.229480700000003
262,793210400001234,59523746,2458349.735930468,58349.2374653,19.1153183,0.0631703883,0,zr,226.8302237,55.7471747,0.797999978,0.0829999968,20180819237442,793,0xa,0x4,20.8799992,26.1699448,0.0235739648,0.0992385447,1.15169787e-05,30,1.66499996,1,0.0820111081108798,66.0,2.9368957170637233,15.230278685197796,19.115318300000006
263,793210400001234,59523837,2458349.736844745,58349.2383796,19.1979847,0.0673514679,0,zr,226.8302342,55.7471383,0.739000022,-0.0960000008,20180819238368,793,0xa,0x4,20.9599991,26.1595287,0.024195144,0.100925639,1.20659988e-05,30,1.67299998,2,0.07599869238850954,66.0,2.6822434368703525,15.328754521755705,19.1979847
264,793210400001234,59526577,2458349.7642399473,58349.2657755,19.2829189,0.0719333515,0,zr,226.8302035,55.7471593,0.492000014,-0.0930000022,20180819265752,793,0xa,0x4,20.8999996,26.1316299,0.0252061542,0.105941497,1.3169969e-05,30,1.94099998,2,0.07028011120293244,66.0,2.6765248556847756,15.331071797909836,19.28291889999999
265,793210400001234,59614415,2458350.642598121,58350.1441551,19.1345634,0.0641198233,0,zr,226.8302311,55.7471465,0.381000012,-0.0109999999,20180820144144,793,0xa,0x4,20.8600006,26.2318821,0.0323293321,0.113729954,2.14586271e-05,30,1.20700002,2,0.08057023678898621,67.0,2.686814981270829,15.326905597016882,19.134563399999998
266,793210400001234,59615783,2458350.656278281,58350.1578356,19.2196045,0.06848979,0,zr,226.8301922,55.7471361,0.337000012,0.00300000003,20180820157836,793,0xa,0x4,21.2999992,26.217865,0.0239942577,0.110120416,1.18107964e-05,30,1.24899995,2,0.07450033060648209,67.0,2.604424095058117,15.360720738482591,19.219604499999996
267,793210400001234,59618094,2458350.6793912076,58350.1809491,19.2237949,0.0687125996,0,zr,226.8301803,55.7471579,1.09300005,-0.0689999983,20180820180914,793,0xa,0x4,21.4099998,26.2261257,0.0255668908,0.112172477,1.34395405e-05,30,1.33800006,2,0.0742133506597421,67.0,2.6041371151113766,15.360840381703035,19.223794899999994
268,793210400001234,59714350,2458351.641925922,58351.1435069,19.2047653,0.0677064434,0,zr,226.830173,55.7471668,0.734000027,0.00200000009,20180821143426,793,0xa,0x4,21.0900002,26.247963,0.0303811412,0.110549666,1.90347309e-05,30,1.21300006,2,0.07552554710950861,68.0,2.6054493115611432,15.36029342879479,19.2047653
269,793210400001234,59715202,2458351.6504443167,58351.1520255,19.1903687,0.0669549331,0,zr,226.8301899,55.747154,0.782999992,-0.0260000005,20180821152014,793,0xa,0x4,21.3199997,26.2686005,0.0241129771,0.108661249,1.20005989e-05,30,1.23899996,2,0.07653366657350594,68.0,2.5331467374969954,15.390849130301127,19.1903687
270,793210400001234,59718082,2458351.679239917,58351.1808218,19.1675491,0.0657807887,0,zr,226.8301788,55.7471592,0.638999999,0.118000001,20180821180752,793,0xa,0x4,21.2800007,26.2378883,0.0246978272,0.110949971,1.25440038e-05,30,1.35000002,2,0.07815924580121847,68.0,2.5347723167247076,15.39015261156716,19.167549099999995
271,793210400001234,59822275,2458352.72114823,58352.2227546,19.359026,0.0762949809,0,zr,226.8302618,55.7471439,1.01100004,0.0949999988,20180822222731,793,0xa,0x4,20.7000008,26.1671162,0.0241242554,0.0958068743,1.20013692e-05,30,1.61399996,2,0.06552237032614612,69.0,2.5221354412496355,15.395578987698457,19.359025999999993
272,793210400001234,59823402,2458352.7324211593,58352.2340278,19.2199287,0.0685070008,0,zr,226.8302335,55.7471542,0.540000021,-0.0170000009,20180822234028,793,0xa,0x4,20.7299995,26.1511421,0.0321889371,0.100483656,2.12260384e-05,30,1.70500004,2,0.07447808818571569,69.0,2.46064330892724,15.422378340988608,19.219928700000004
273,793210400001234,59826125,2458352.759642705,58352.26125,19.3486347,0.0756848678,0,zr,226.8301665,55.7471896,0.758000016,-0.0689999983,20180822261250,793,0xa,0x4,20.5300007,26.1550579,0.0281693563,0.100608721,1.63732766e-05,30,1.98500001,2,0.0661524784527041,69.0,2.452317699194228,15.426058168510899,19.348634699999998
274,793210400001234,59914287,2458353.641242927,58353.1428704,19.1129684,0.0630554557,0,zr,226.8301904,55.7471653,0.672999978,-0.023,20180823142847,793,0xa,0x4,20.7700005,26.2494736,0.0268021077,0.107905164,1.47540904e-05,30,1.227,2,0.08218880008244306,70.0,2.468354020823967,15.418981379967995,19.112968399999993
275,793210400001234,59915078,2458353.649159343,58353.150787,19.1795464,0.0663955063,0,zr,226.830195,55.7471497,0.57099998,-0.0960000008,20180823150764,793,0xa,0x4,20.9500008,26.2440281,0.0238381457,0.109772779,1.17040718e-05,30,1.25300002,2,0.07730034638351815,70.0,2.395741635414506,15.451400048724274,19.1795464
276,793210400001234,59915273,2458353.6511037974,58353.1527315,19.1412811,0.0644546747,0,zr,226.8301844,55.7471739,0.268999994,0.0109999999,20180823152720,793,0xa,0x4,21.0300007,26.2318134,0.0247125737,0.116004884,1.26318882e-05,30,1.25999999,1,0.08007326918640054,70.0,2.3985145582173883,15.450144102903188,19.141281100000008
277,793210400001234,59917399,2458353.672364904,58353.1739931,19.2016945,0.0675454438,0,zr,226.8301979,55.7471867,1.14300001,0.00999999978,20180823173993,793,0xa,0x4,21.0599995,26.2472916,0.0255866535,0.110606357,1.3486936e-05,30,1.34399998,2,0.07573945923189761,70.0,2.3941807482628854,15.452107664262194,19.201694499999995
278,793210400001234,59923628,2458353.7346550515,58353.2362847,19.1115589,0.0629866347,0,zr,226.8302394,55.7471635,0.952000022,-0.137999997,20180823236273,793,0xa,0x4,20.8600006,26.2187347,0.0246263444,0.108661108,1.23974642e-05,30,1.75,2,0.08229556666227597,70.0,2.400736855693264,15.449138600673088,19.1115589
279,793210400001234,59926196,2458353.760337348,58353.2619676,19.2073135,0.0678403601,0,zr,226.8301925,55.7472082,0.782000005,-0.0780000016,20180823261956,793,0xa,0x4,20.8099995,26.1906185,0.0252662376,0.105822235,1.31515271e-05,30,2.02800012,2,0.07534849808792612,70.0,2.393789787118914,15.45228497557455,19.207313500000005
280,793210400001234,59926288,2458353.7612516247,58353.2628819,19.1326313,0.064023912,0,zr,226.830163,55.74717,1.01800001,-0.0130000003,20180823262882,793,0xa,0x4,20.7700005,26.1870575,0.0243557133,0.110923968,1.21199446e-05,30,2.03999996,1,0.08071374157910195,70.0,2.39915503061009,15.449854218801683,19.132631300000007
281,793210400001234,60018189,2458354.6802472537,58354.1818981,19.1260777,0.0636994615,0,zr,226.8302136,55.7472155,0.949000001,0.0529999994,20180824181887,793,0xa,0x4,20.75,26.2193851,0.024573572,0.111243978,1.24609642e-05,30,1.39400005,2,0.08120241021978113,71.0,2.399643699250769,15.449633094613311,19.126077700000003
282,793210400001234,60020219,2458354.700547788,58354.2021991,19.155056,0.0651466995,0,zr,226.8301758,55.7471649,0.726000011,-0.0299999993,20180824202188,793,0xa,0x4,20.4699993,26.2193623,0.0294218101,0.108135253,1.78938353e-05,30,1.50899994,2,0.0790637847503505,71.0,2.332374094766199,15.480504477125272,19.155055999999995
283,793210400001234,60021491,2458354.7132673985,58354.214919,19.2376595,0.0694549829,0,zr,226.8302045,55.7471395,0.421999991,-0.0130000003,20180824214919,793,0xa,0x4,20.1399994,26.1188965,0.0358648039,0.11627882,2.65889812e-05,30,1.59599996,2,0.07327168855101183,71.0,2.3265819985668603,15.483204091227215,19.2376595
284,793210400001234,60024359,2458354.741947247,58354.2435995,19.0901203,0.0619488396,0,zr,226.8302909,55.7471291,0.786000013,-0.123999998,20180824243588,793,0xa,0x4,20.6900005,26.2096348,0.0333215557,0.108470306,2.27471282e-05,30,1.847,2,0.0839366979174292,71.0,2.3372470079332777,15.478238468790856,19.090120300000002
285,793210400001234,60123873,2458355.737064342,58355.2387384,19.2155857,0.068276763,0,zr,226.8302789,55.7471942,0.845000029,0.164000005,20180825238738,793,0xa,0x4,20.5699997,26.1330357,0.0466538556,0.108589195,4.45890619e-05,30,1.82500005,2,0.07477660095880498,72.0,2.3280869109746534,15.48250202713853,19.2155857
286,793210400001234,60221812,2458356.7164299963,58356.218125,19.3639622,0.0765864253,0,zr,226.8301757,55.7471842,0.610000014,-0.0790000036,20180826218102,793,0xa,0x4,20.5100002,26.2174072,0.0283440705,0.10923931,1.67656472e-05,30,1.66299999,2,0.0652251550264561,73.0,2.255873913270913,15.516712944679362,19.363962199999996
287,793210400001234,60221910,2458356.7174137705,58356.2191088,19.3002014,0.0729022697,0,zr,226.8300959,55.7471646,0.827000022,0.179000005,20180826219062,793,0xa,0x4,20.4899998,26.2276554,0.0298300106,0.111947231,1.84351302e-05,30,1.671,1,0.06917026507664951,73.0,2.19951033224288,15.544184983938727,19.3002014
288,793210400001234,60224245,2458356.7407581634,58356.2424537,19.2812309,0.0718393773,0,zr,226.8301373,55.7471997,0.555000007,0.144999996,20180826242419,793,0xa,0x4,20.2700005,26.2168617,0.0300975498,0.111968458,1.87292426e-05,30,1.89300001,2,0.07038946105656277,73.0,2.200729528222793,15.543583323442043,19.281230900000004
289,793210400001234,60520563,2458359.7038808544,58359.2056366,19.0085602,0.0581584312,32768,zr,226.8299254,55.7472189,0.545000017,0.0439999998,20180829205613,793,0xa,0x4,19.7399998,25.7023201,0.0712063089,0.0871892422,0.00011395332,30,1.62899995,2,0.09048486025425442,76.0,2.2208249274204848,15.533714191260593,19.008560199999998
290,793210400001234,60522222,2458359.7204661337,58359.2222222,18.9500904,0.0555902049,32768,zr,226.830224,55.74715,0.713999987,-0.064000003,20180829222211,793,0xa,0x4,19.7600002,25.7309952,0.0462639481,0.0957204551,4.63173237e-05,30,1.77100003,2,0.09549130752383737,76.0,2.0579520157269715,15.61641188922544,18.9500904
291,793210400001234,60523817,2458359.7364149103,58359.2381713,19.1177483,0.0632895157,0,zr,226.8301744,55.747231,0.907999992,-0.191,20180829238148,793,0xa,0x4,19.7000008,25.8526268,0.0443139039,0.0928160772,4.23719284e-05,30,1.93700004,2,0.08182776325718136,76.0,2.0442884714603156,15.623644551280101,19.117748299999995
292,793210400001234,60523912,2458359.7373639937,58359.2391204,19.2620926,0.0707823858,0,zr,226.8302528,55.7471552,1.25300002,-0.0949999988,20180829239097,793,0xa,0x4,19.8199997,25.9308205,0.0397939533,0.0880257413,3.32771706e-05,30,1.94799995,1,0.07164121786013383,76.0,2.034101926063268,15.629068222414979,19.262092599999995
293,793210400001234,60714285,2458361.641066336,58361.1428588,19.0998516,0.062417727,0,zr,226.8301951,55.7471854,1.32500005,-0.0810000002,20180831142859,793,0xa,0x4,21.2800007,26.2852459,0.0234456081,0.100947194,1.12816924e-05,30,1.30900002,2,0.08318774655516782,78.0,2.045648454758302,15.622922494590448,19.0998516
294,793210400001234,60724689,2458361.745103653,58361.2468981,19.2512169,0.0701884329,0,zr,226.8302103,55.7471613,0.472000003,0.0719999969,20180831246863,793,0xa,0x4,20.6599998,26.2221012,0.0256037675,0.103577636,1.34424581e-05,30,2.09200001,2,0.0723624462523346,78.0,1.93280552000335,15.684529606830488,19.251216899999996
295,793210400001234,60814550,2458362.643698628,58362.1455093,19.3618431,0.0764611661,32768,zr,226.8301873,55.7471796,0.948000014,-0.105999999,20180901145498,793,0xa,0x4,20.8500004,25.9980907,0.0310209394,0.109962881,1.97260033e-05,30,1.33000004,1,0.06535258340014657,79.0,1.9257956571511619,15.688474492509222,19.36184310000001
296,793210400001234,61114165,2458365.639793449,58365.1416551,19.1499691,0.0648902804,0,zr,226.8301875,55.7471609,1.204,0.144999996,20180904141655,793,0xa,0x4,21.5300007,26.1753826,0.0242058374,0.117157213,1.19954711e-05,30,1.34899998,1,0.0794350841589205,82.0,1.8915759138415413,15.707940561647227,19.1499691
297,793210400001234,61413952,2458368.637618102,58368.1395255,19.2173634,0.068370901,0,zr,226.8301917,55.7471691,0.437999994,0.00999999978,20180907139491,793,0xa,0x4,21.5900002,26.2456989,0.0224729739,0.109891921,1.03497123e-05,30,1.37699997,1,0.0746542677461939,85.0,1.7517813088247018,15.79130027952204,19.217363400000004
298,793210400001234,61414142,2458368.639516174,58368.1414236,19.2289009,0.0689850599,0,zr,226.8301775,55.7471855,0.264999986,0.0160000008,20180907141366,793,0xa,0x4,21.4099998,26.224226,0.0260938555,0.115757845,1.39752847e-05,30,1.38600004,2,0.07386515950791589,85.0,1.6293691918564024,15.869951248990127,19.228900900000006
299,793210400001234,61416096,2458368.659052882,58368.1609606,19.1729012,0.0660542771,0,zr,226.8301823,55.7472003,1.02900004,0.0199999996,20180907160926,793,0xa,0x4,21.2600002,26.2214241,0.0253115501,0.106936753,1.32101868e-05,30,1.49000001,2,0.07777491049753876,85.0,1.6332789428460253,15.867349092669421,19.172901200000005
300,793210400001234,61418555,2458368.683647515,58368.1855556,19.2382488,0.0694866776,0,zr,226.8302298,55.747177,1.08800006,0.0120000001,20180907185521,793,0xa,0x4,21.0699997,26.218853,0.0264078919,0.101538144,1.43501347e-05,30,1.65900004,2,0.0732319300074916,85.0,1.628735962355978,15.870373285830944,19.2382488
301,793210400001234,61512542,2458369.6235069428,58369.1254282,19.2915516,0.0724157766,0,zr,226.8301937,55.7471564,0.39199999,-0.0280000009,20180908125428,793,0xa,0x4,20.6800003,26.2218285,0.0304470044,0.114590161,1.90167211e-05,30,1.32700002,2,0.06972352892646566,86.0,1.6252275612749523,15.87271455334848,19.2915516
302,793210400001234,61513128,2458369.629363358,58369.1312847,19.1888638,0.0668768883,0,zr,226.8301687,55.7471765,0.509000003,-0.00899999961,20180908131250,793,0xa,0x4,21.2800007,26.2292404,0.0233046804,0.110275984,1.11219724e-05,30,1.35099995,2,0.07663982069412703,86.0,1.5942889133390092,15.893582434923182,19.1888638
303,793210400001234,61516052,2458369.6585990386,58369.1605208,19.1680012,0.0658038333,0,zr,226.8301907,55.7471517,0.887000024,-0.050999999,20180908160451,793,0xa,0x4,21.5100002,26.1985512,0.0233202409,0.110577822,1.12533298e-05,30,1.50399995,2,0.07812670710628511,86.0,1.5957757997511672,15.892570313432152,19.1680012
304,793210400001234,61613798,2458370.636051213,58370.1379861,19.2214546,0.0685880855,0,zr,226.8302151,55.7472128,1.17999995,0.152999997,20180909137986,793,0xa,0x4,21.0400009,26.2497177,0.0284001976,0.115574345,1.65999809e-05,30,1.39499998,2,0.07437348976465652,87.0,1.5920225824095389,15.895126940512377,19.22145460000001
305,793210400001234,61615405,2458370.652115788,58370.1540509,19.265501,0.0709695145,0,zr,226.830173,55.7471633,0.978999972,-0.0149999997,20180909154028,793,0xa,0x4,20.9699993,26.2367954,0.0282877181,0.115080193,1.64648154e-05,30,1.48199999,2,0.07141667063375906,87.0,1.5524607234512116,15.922448446162157,19.265500999999993
306,793210400001234,61712423,2458371.622288551,58371.1242361,19.2569084,0.0704986751,0,zr,226.8301886,55.7471575,1.19200003,-0.194000006,20180910124132,793,0xa,0x4,20.6499996,26.2581596,0.026797628,0.112238459,1.4811214e-05,30,1.34500003,1,0.07198411008719668,88.0,1.5530281629046492,15.922051671555643,19.256908400000007
307,793210400001234,61714026,2458371.6383184423,58371.1402662,19.2021446,0.0675690621,0,zr,226.8302077,55.7471605,0.583000004,0.0260000005,20180910140197,793,0xa,0x4,21.5799999,26.2615318,0.021959411,0.108788252,9.90751141e-06,30,1.421,2,0.07570806738438604,88.0,1.5213452642910983,15.944430532651502,19.202144600000004
308,793210400001234,61716135,2458371.6594061633,58371.1613542,19.1389408,0.06433779,0,zr,226.8301719,55.7471624,0.751999974,-0.0939999968,20180910161273,793,0xa,0x4,21.4500008,26.2625389,0.0232597161,0.106388651,1.11832369e-05,30,1.54400003,2,0.08024605294486493,88.0,1.5258832498515773,15.941196735882293,19.138940799999993
309,793210400001234,61813824,2458372.636280749,58372.1382407,19.266016,0.0709978417,0,zr,226.8301895,55.7471665,0.56400001,-0.0710000023,20180911138229,793,0xa,0x4,21.4599991,26.2832375,0.0234110896,0.109063566,1.1283867e-05,30,1.42400002,2,0.07138280341654943,89.0,1.5170200003232617,15.947521733641658,19.266016
310,793210400001234,61815724,2458372.6552852113,58372.1572454,19.2044334,0.0676890463,0,zr,226.8301809,55.7471888,0.656000018,-0.0590000004,20180911157211,793,0xa,0x4,21.2800007,26.2719765,0.0208803546,0.103331909,8.98078179e-06,30,1.53499997,2,0.07554863813358603,89.0,1.4869279999295837,15.96927515097206,19.204433399999992
311,793210400001234,61912999,2458373.6280285534,58373.13,19.1705189,0.065932408,0,zr,226.8302171,55.7471845,0.490999997,-0.0350000001,20180912129977,793,0xa,0x4,21.0400009,26.2588997,0.0230573304,0.111578897,1.09653311e-05,30,1.39600003,2,0.07794574996063755,90.0,1.4893251117566353,15.967526219303558,19.170518899999998
312,793210400001234,61916135,2458373.6593823773,58373.1613542,19.2404613,0.0696059167,0,zr,226.8301698,55.7471794,0.739000022,-0.0860000029,20180912161343,793,0xa,0x4,20.8899994,26.2519207,0.022831412,0.103213154,1.08881814e-05,30,1.58099997,2,0.07308285082088026,90.0,1.451306642655243,15.995602042401181,19.2404613
313,793210400001234,62411854,2458378.6165218134,58378.1185417,19.2895393,0.0723030418,0,zr,226.8301814,55.7471941,0.948000014,-0.101999998,20180917118426,793,0xa,0x4,21.0,26.2598782,0.0268078446,0.110270582,1.48132003e-05,30,1.40699995,2,0.06985287411833431,95.0,1.4480766659526971,15.99802111137135,19.289539299999994
314,793210400001234,62413396,2458378.631949877,58378.1339699,19.163187,0.0655586943,0,zr,226.8301756,55.7471627,0.689999998,0.00700000022,20180917133947,793,0xa,0x4,21.3899994,26.2476978,0.0252031032,0.111411579,1.3037572e-05,30,1.49199998,2,0.07847389336215338,95.0,1.305969457327206,16.11016744943904,19.163187
315,793210400001234,62711457,2458381.6125304583,58381.1145718,19.2987938,0.0728228688,0,zr,226.8302104,55.747168,0.587000012,-0.0469999984,20180920114502,793,0xa,0x4,20.6599998,26.2672272,0.0287546087,0.108893834,1.69684208e-05,30,1.42900002,1,0.06925999884962195,98.0,1.2967555628146745,16.117854700740928,19.29879379999999
316,793210400001234,69553561,2458450.034611177,58449.5356134,19.4523315,0.0819842368,0,zr,226.8301505,55.7471965,0.479000002,-0.0430000015,20181127535602,793,0xa,0x4,20.6800003,26.2046204,0.0296387486,0.109967031,1.78520495e-05,30,1.95299995,1,0.060126704342180794,166.0,1.207871084668249,16.19494853805552,19.452331500000007
317,1827201200007108,72250642,2458477.006415908,58476.5064236,19.3267269,0.0737382472,0,zr,226.8301902,55.7471279,0.961000025,0.109999999,20181224506343,1827,0x1,0x2,20.5300007,26.1354923,0.026880011,0.106194742,1.41293822e-05,30,1.52199996,2,0.06750084973731839,193.0,0.4154155321246416,17.35379317375172,19.326726900000004
318,1827201200007108,72751440,2458482.014598077,58481.5144097,19.3907242,0.0773381814,0,zr,226.8301199,55.7471457,0.806999981,0.0379999988,20181229514398,1827,0x1,0x2,20.6900005,26.1245327,0.0266831554,0.0997612253,1.42113186e-05,30,1.40799999,2,0.06363709117384436,198.0,0.3070688259951058,17.681910678572514,19.3907242
319,793210400001234,73355572,2458488.056153953,58487.5557292,19.3906803,0.0781823024,0,zr,226.8301994,55.7471697,0.740999997,-0.0170000009,20190104555718,793,0xa,0x4,21.5,26.2654572,0.0230967775,0.108620994,1.09348639e-05,30,1.19700003,1,0.06363966428945864,204.0,0.2926241061591244,17.73422474969069,19.390680300000007
320,793210400001234,75155395,2458506.055059809,58505.5539583,19.4026299,0.0789061114,0,zr,226.8300794,55.7471454,1.53799999,-0.0659999996,20190122553947,793,0xa,0x4,20.0499992,26.2782955,0.0317223519,0.10599871,2.07632347e-05,30,1.11099994,1,0.06294308717814093,222.0,0.2761033963751254,17.7973206275715,19.4026299
321,793210400001234,75449202,2458508.9932303266,58508.4920255,19.3835754,0.0777548999,0,zr,226.8301876,55.7471339,0.754000008,-0.103,20190125491991,793,0xa,0x4,20.4400005,26.2610111,0.0292820111,0.115793817,1.72841555e-05,30,1.22000003,1,0.06405747857471455,225.0,0.2378916719264516,17.959051903520695,19.383575400000005
322,793210400001234,75755343,2458512.054747139,58511.5534375,19.3664761,0.0767352805,0,zr,226.8301817,55.7471892,0.686999977,-0.0920000002,20190128553403,793,0xa,0x4,21.1299992,26.1338501,0.0234658122,0.106354013,1.12819553e-05,30,1.09300005,1,0.06507430822182472,228.0,0.23334634392311382,17.97999749815829,19.366476099999993
323,1827201200007108,75851858,2458513.019930002,58512.518588,19.3818817,0.0768315941,32768,zr,226.8301889,55.7471424,0.871999979,-0.0869999975,20190129518576,1827,0x1,0x2,20.6900005,25.4218597,0.0463112816,0.102506071,4.26425031e-05,30,1.15499997,2,0.06415748336226977,229.0,0.22710937638810652,18.009412338057523,19.3818817
324,793210400001234,77251538,2458527.017151045,58526.5153819,19.3539867,0.0759985447,0,zr,226.8301639,55.7471914,0.851000011,-0.0260000005,20190212515370,793,0xa,0x4,20.7399998,26.179451,0.0275194068,0.110450514,1.53716028e-05,30,1.09099996,1,0.06582719052595584,243.0,0.22705716982731888,18.009661949368144,19.3539867
325,1827201200007108,78040817,2458534.9101402643,58534.4081713,19.5504208,0.0869954675,0,zr,226.8302765,55.7472269,0.847000003,-0.456,20190220408148,1827,0x1,0x2,19.8899994,26.1141033,0.039391879,0.111751936,3.13385717e-05,30,1.26699996,1,0.05493279289524014,251.0,0.19447990339726504,18.17781317472234,19.550420800000005
326,793210400001234,78043506,2458534.9370389874,58534.4350694,19.2385693,0.0695039481,0,zr,226.8305732,55.7471894,0.486000001,-0.0329999998,20190220435035,793,0xa,0x4,19.4400005,26.2229042,0.0439288057,0.133698687,4.46604827e-05,30,1.18299997,2,0.07321031576122106,251.0,0.2021400355942164,18.13586915540413,19.2385693
327,793210400001234,78447269,2458538.974755652,58538.4726968,19.4485512,0.0817461908,0,zr,226.8302506,55.7472854,0.786000013,-0.173999995,20190224472685,793,0xa,0x4,20.0300007,25.7799664,0.0377290212,0.126365483,2.95931022e-05,30,1.10000002,2,0.06033641747385978,255.0,0.18926613730685513,18.20731770302367,19.448551200000004
328,793210400001234,78448796,2458538.9900221797,58538.487963,19.5124092,0.0858521312,0,zr,226.8302082,55.7471792,0.731999993,0.0359999985,20190224487928,793,0xa,0x4,19.9200001,25.7438793,0.0400009342,0.118153386,3.49594993e-05,30,1.08599997,2,0.05689005059415231,255.0,0.18092559294676086,18.256249988469783,19.5124092
329,793210400001234,78451988,2458539.0219441527,58538.5198843,19.2300072,0.0690442324,32768,zr,226.8301552,55.7472636,0.745999992,-0.463999987,20190224519861,793,0xa,0x4,19.4599991,25.5437527,0.0458655208,0.131297678,5.31629958e-05,30,1.07500005,1,0.07378993367739617,255.0,0.19782547603000472,18.1592944513769,19.230007199999996
330,793210400001234,78452078,2458539.022846856,58538.520787,19.5307369,0.0870646611,32768,zr,226.830436,55.7473027,0.640999973,-0.264999986,20190224520787,793,0xa,0x4,19.5599995,25.5904427,0.0498556495,0.126643911,5.96451682e-05,30,1.07500005,2,0.055937781731970115,255.0,0.17997332408457867,18.261979654761355,19.5307369
331,793210400001234,78535173,2458539.8538131,58539.3517361,19.336731,0.0749917328,32768,zr,226.8303191,55.7472752,1.01499999,-0.108000003,20190225351725,793,0xa,0x4,20.0799999,25.5951214,0.060245838,0.121315226,7.50521212e-05,30,1.44599998,2,0.06688174566517113,256.0,0.19091728801777968,18.19788685854993,19.336731000000007
332,793210400001234,78536729,2458539.869369041,58539.3672917,19.3543472,0.0760196969,32768,zr,226.830082,55.7472337,1.28400004,-0.172000006,20190225367292,793,0xa,0x4,20.0799999,25.5718288,0.0372489914,0.120853521,2.89581112e-05,30,1.36800003,2,0.06580533736969983,256.0,0.188657408322372,18.21081533992166,19.3543472
333,793210400001234,78651835,2458541.020457044,58540.5183565,19.3375683,0.075040251,0,zr,226.8301905,55.7472028,1.02699995,0.0250000004,20190226518356,793,0xa,0x4,21.0699997,26.2422638,0.027237257,0.122179568,1.56821734e-05,30,1.07500005,2,0.06683018756309585,257.0,0.18968225851576798,18.20493321981349,19.337568300000008
334,793210400001234,78749018,2458541.992304687,58541.4901852,19.3548622,0.0760499388,0,zr,226.8301798,55.7472847,0.723999977,-0.0500000007,20190227490150,793,0xa,0x4,21.0499992,26.2445755,0.0275324304,0.125801936,1.58245457e-05,30,1.08000004,2,0.06577413115923837,258.0,0.18745822691723904,18.217738737714534,19.354862200000007
335,793210400001234,78749250,2458541.994619535,58541.4925,19.4015083,0.0788379014,0,zr,226.8301209,55.7472975,0.340999991,-0.0489999987,20190227492488,793,0xa,0x4,21.0400009,26.2451973,0.0269431323,0.127655387,1.48674808e-05,30,1.079,1,0.06300814298385524,258.0,0.18353950264882815,18.24067612367849,19.401508299999996
336,793210400001234,78754186,2458542.0439838786,58541.5418634,19.3409042,0.0752340704,0,zr,226.8301785,55.7473266,1.68400002,0.115999997,20190227541863,793,0xa,0x4,20.9699993,26.2623405,0.028244447,0.129369751,1.60672589e-05,30,1.08399999,2,0.06662516843878563,258.0,0.18715652810375855,18.21948754974695,19.340904200000004
337,793210400001234,78945208,2458543.9542393303,58543.4520833,19.2566509,0.0704846084,32768,zr,226.830039,55.7472168,0.617999971,0.0140000004,20190301452083,793,0xa,0x4,19.3600006,24.0711956,0.129742697,0.107064426,0.000481912488,30,1.10800004,2,0.07200118431433085,260.0,0.19253254397930375,18.188739626738716,19.256650900000004
338,793210400001234,78946590,2458543.968059081,58543.4659028,19.5205193,0.0863868445,32768,zr,226.8300308,55.7472854,0.680000007,0.0209999997,20190301465903,793,0xa,0x4,20.5400009,25.2499676,0.0428796709,0.0973374993,3.73877738e-05,30,1.09300005,2,0.056466683403400844,260.0,0.17473728546269596,18.29403603830165,19.520519299999997
339,793210400001234,79347380,2458547.976031533,58547.4738079,19.3963223,0.0785232857,0,zr,226.8301746,55.7471648,0.55400002,0.0850000009,20190305473773,793,0xa,0x4,21.5499992,26.2548161,0.0234842356,0.112140022,1.12593525e-05,30,1.08000004,2,0.06330982018161235,264.0,0.18158042224090748,18.25232744585741,19.3963223
340,793210400001234,79350561,2458548.0078375274,58547.5056134,19.4161587,0.079733178,0,zr,226.8302137,55.7471596,0.727999985,-0.0540000014,20190305505602,793,0xa,0x4,21.6299992,26.2526588,0.025046654,0.110551462,1.28307156e-05,30,1.07599998,2,0.062163651922299994,264.0,0.176084853824111,18.2856949971276,19.416158700000004
341,793210400001234,79350700,2458548.009226449,58547.5070023,19.3250351,0.0743165687,0,zr,226.8302321,55.7471494,1.03900003,0.00200000009,20190305506968,793,0xa,0x4,21.6700001,26.2635555,0.0224360768,0.106914662,1.02402246e-05,30,1.07599998,1,0.06760611191355949,264.0,0.1815273138153705,18.252645047136973,19.3250351
342,793210400001234,80242664,2458556.928980968,58556.4266435,19.4207344,0.0800146908,0,zr,226.8302575,55.7471574,0.838,-0.0,20190314426609,793,0xa,0x4,21.1800003,26.2471066,0.0230252966,0.109731413,1.07053156e-05,30,1.097,1,0.061902222222519274,273.0,0.17582342412433027,18.287308166013098,19.420734400000008
343,793210400001234,80252038,2458557.0227202936,58556.5203819,19.3516293,0.0758602023,0,zr,226.8300996,55.7471776,1.074,-0.128999993,20190314520370,793,0xa,0x4,21.0499992,26.2470303,0.0224511176,0.110380195,1.01763353e-05,30,1.102,2,0.06597027280350588,273.0,0.17087926718843727,18.318276567772052,19.351629300000006
344,793210400001234,80338246,2458557.8848118493,58557.3824653,19.4619179,0.0825905055,0,zr,226.8301162,55.7472006,0.535000026,0.00600000005,20190315382454,793,0xa,0x4,20.7199993,26.1526051,0.0272855554,0.112840407,1.52065077e-05,30,1.15999997,2,0.05959815838286167,274.0,0.16450715276779307,18.35953803546969,19.461917899999996
345,793210400001234,80340590,2458557.908249578,58557.4059028,19.272089,0.071332559,0,zr,226.8300808,55.7471321,1.02900004,-0.0480000004,20190315405856,793,0xa,0x4,20.3700008,26.1236629,0.0321301296,0.117475204,2.1102469e-05,30,1.11899996,2,0.0709846425918312,274.0,0.17495362760410413,18.292692620347488,19.272089
346,793210400001234,80343149,2458557.933840115,58557.4314931,19.4431038,0.0814044401,0,zr,226.8300533,55.747249,0.157000005,-0.00400000019,20190315431470,793,0xa,0x4,20.8199997,26.2477818,0.0272544809,0.114198633,1.52990197e-05,30,1.09000003,2,0.0606399004972768,274.0,0.16460888550954972,18.358866813702242,19.443103799999996
347,1827201200007108,80425020,2458558.752562494,58558.2502083,19.3043709,0.0725167766,0,zr,226.8303443,55.747269,0.751999974,0.291999996,20190316250174,1827,0x1,0x2,19.9500008,26.0621452,0.0409916565,0.124552235,3.33331445e-05,30,1.74399996,1,0.06890514326113716,275.0,0.1728741282734101,18.305674992072845,19.304370900000002
348,793210400001234,80435100,2458558.853362035,58558.3510069,19.3260021,0.07437215,0,zr,226.8302639,55.7471338,0.713,-0.0930000022,20190316351007,793,0xa,0x4,20.6299992,26.2322979,0.0308674648,0.117579028,1.9503681e-05,30,1.23399997,2,0.06754592601781977,275.0,0.17058646994505666,18.320138544603886,19.326002100000004
349,793210400001234,80436728,2458558.869635382,58558.3672801,19.4252243,0.08029183,0,zr,226.8301848,55.7472058,1.01699996,-0.144999996,20190316367257,793,0xa,0x4,20.8199997,26.2365837,0.0291835535,0.119842574,1.71826523e-05,30,1.18900001,2,0.06164676339303859,275.0,0.1646873073202755,18.35834967804984,19.425224300000004
350,793210400001234,80637381,2458560.876190535,58560.3738194,19.3286896,0.0745268613,0,zr,226.8301109,55.7471731,0.676999986,-0.105999999,20190318373796,793,0xa,0x4,20.6499996,26.2550907,0.0492041893,0.122381225,4.93739535e-05,30,1.16100001,2,0.06737893776382219,277.0,0.17041948169105908,18.321201899696412,19.328689599999997
351,793210400001234,80640486,2458560.907232468,58560.4048611,19.3709908,0.0770032406,0,zr,226.8301771,55.7471536,0.556999981,0.0340000018,20190318404861,793,0xa,0x4,20.9599991,26.2665501,0.0237289183,0.112788603,1.1436e-05,30,1.10899997,2,0.06480427853680809,277.0,0.1660219270620193,18.349586373677603,19.37099080000001
352,793210400001234,80640822,2458560.910600594,58560.4082292,19.3109035,0.073508516,0,zr,226.8301652,55.7471601,0.572000027,0.0160000008,20190318408206,793,0xa,0x4,20.9300003,26.2463799,0.0257609524,0.11518994,1.34354477e-05,30,1.10500002,1,0.06849180317877669,277.0,0.1697094517039879,18.32573492413247,19.310903500000002
353,793210400001234,80642803,2458560.930403942,58560.4280324,19.3546829,0.0760394335,0,zr,226.8301522,55.7471507,0.666999996,0.149000004,20190318428032,793,0xa,0x4,21.0400009,26.2732887,0.0241447315,0.113597289,1.1791094e-05,30,1.08599997,2,0.06578499408846625,277.0,0.16700264261367748,18.343191641540365,19.354682899999993
354,793210400001234,80734387,2458561.84625513,58561.3438773,19.3418789,0.0752907395,0,zr,226.8302516,55.7471438,0.565999985,0.0130000003,20190319343854,793,0xa,0x4,20.6499996,26.225153,0.0263011381,0.11447148,1.40963757e-05,30,1.23099995,2,0.06656538374066022,278.0,0.16778303226587143,18.33812990265833,19.341878900000005
355,793210400001234,80736454,2458561.8669265755,58561.3645486,19.4046326,0.0790280402,0,zr,226.8302675,55.747134,0.483999997,-0.0460000001,20190319364525,793,0xa,0x4,20.6399994,26.2190399,0.0275421105,0.114517413,1.54699865e-05,30,1.176,2,0.06282709221281364,278.0,0.16314993580779497,18.368532731878823,19.404632600000006
356,793210400001234,80740462,2458561.907007848,58561.4046296,19.3548222,0.0760476291,0,zr,226.8302296,55.7472655,0.47299999,-0.0949999988,20190319404606,793,0xa,0x4,20.0499992,26.2213631,0.0347123854,0.112097234,2.43225459e-05,30,1.10599995,2,0.06577655441241954,278.0,0.16609939800740087,18.349079853888632,19.354822199999994
357,793210400001234,81332153,2458567.823944907,58567.3215394,19.487114,0.0842037648,0,zr,226.8302025,55.7472371,0.865999997,-0.0399999991,20190325321539,793,0xa,0x4,20.9300003,26.1844082,0.0255668089,0.11910627,1.33253061e-05,30,1.24899995,2,0.05823102033967846,284.0,0.15855386393465978,18.399557924536047,19.487114
358,793210400001234,81336658,2458567.86899125,58567.3665856,19.4379425,0.0810817927,0,zr,226.830207,55.7471684,0.97299999,-0.0890000015,20190325366574,793,0xa,0x4,21.0499992,26.1902809,0.023910692,0.118864208,1.17534792e-05,30,1.13800001,2,0.06092885264848368,284.0,0.15610532740830937,18.4164556887797,19.4379425
359,793210400001234,81338690,2458567.889315411,58567.3869097,19.3805275,0.0775722042,0,zr,226.8301868,55.7471575,0.916000009,-0.0979999974,20190325386898,793,0xa,0x4,21.0100002,26.201786,0.0247523002,0.112689056,1.2604105e-05,30,1.10800004,2,0.06423755462504122,284.0,0.15941402938486693,18.393683651886782,19.380527499999992
360,793210400001234,81338784,2458567.8902529115,58567.3878472,19.2535038,0.070312947,0,zr,226.8302511,55.7471536,1.18200004,-0.0520000011,20190325387824,793,0xa,0x4,21.0100002,26.2017632,0.0248914957,0.11615254,1.26337254e-05,30,1.10699999,1,0.07221018871720426,284.0,0.16738666347702996,18.34069786838176,19.253503799999997
361,793210400001234,81430774,2458568.810150901,58568.3077431,19.2905159,0.0723577142,32768,zr,226.8301232,55.74723,1.14199996,-0.257999986,20190326307731,793,0xa,0x4,20.2600002,25.5302238,0.0402535796,0.132029414,3.31594965e-05,30,1.28699994,2,0.06979007097591981,285.0,0.1649665457357455,18.35651029818434,19.290515899999995
362,793210400001234,81537048,2458569.872895683,58569.3704861,19.2914104,0.0724078193,0,zr,226.8301633,55.7471746,1.18499994,-0.0549999997,20190327370486,793,0xa,0x4,21.0100002,26.0501251,0.0234354455,0.112968862,1.10395067e-05,30,1.12300003,2,0.06973259706146748,286.0,0.16408693071641017,18.3623150212213,19.291410399999997
363,793210400001234,81539222,2458569.8946318175,58569.3922222,19.3759651,0.0772995427,0,zr,226.8301468,55.7471825,0.783999979,-0.0250000004,20190327392199,793,0xa,0x4,21.2199993,26.067297,0.0225627776,0.111627482,1.0493759e-05,30,1.09599996,2,0.06450805684780676,286.0,0.1580500089785382,18.40301368788227,19.375965099999995
364,793210400001234,81836981,2458572.8722252734,58572.3698148,19.4298267,0.0805768818,32768,zr,226.8301602,55.7471867,0.712000012,-0.0240000002,20190330369780,793,0xa,0x4,20.6499996,25.5141792,0.0296134409,0.103951797,1.78794289e-05,30,1.11199999,1,0.06138599787279945,289.0,0.15492795000353088,18.424675564102593,19.4298267
365,793210400001234,81842512,2458572.927537744,58572.4251273,19.4259644,0.0803376064,0,zr,226.8302075,55.7471469,0.472000003,-0.0430000015,20190330425116,793,0xa,0x4,21.5699997,26.1493073,0.0268480349,0.101030059,1.46834045e-05,30,1.07500005,2,0.061604755746345614,289.0,0.15276666636492545,18.439928495831715,19.425964400000005
366,793210400001234,81844246,2458572.94487573,58572.4424653,19.3377819,0.0750526413,0,zr,226.8301597,55.7471852,0.72299999,-0.103,20190330442465,793,0xa,0x4,21.3899994,26.0902004,0.0231697764,0.105539441,1.09100638e-05,30,1.07700002,2,0.06681704116167853,289.0,0.15797895178025834,18.403501930313574,19.337781900000003
367,793210400001234,81940753,2458573.909944093,58573.4075347,19.3293991,0.0745677575,0,zr,226.8302101,55.7471763,0.55400002,-0.00700000022,20190331407535,793,0xa,0x4,21.4500008,26.2078362,0.0232362561,0.112033337,1.09727453e-05,30,1.07799995,2,0.06733492178667673,290.0,0.15849683240525655,18.39994853208031,19.329399099999996
368,793210400001234,81941984,2458573.922258875,58573.4198495,19.4215317,0.0800638571,0,zr,226.8302268,55.7471909,0.330000013,0.0280000009,20190331419826,793,0xa,0x4,21.0499992,26.1520042,0.0236664861,0.107784159,1.13848564e-05,30,1.07500005,2,0.061856781604032664,290.0,0.15224390773326268,18.443650193219888,19.421531699999996
369,793210400001234,81945561,2458573.958022724,58573.4556134,19.4348774,0.0808907747,0,zr,226.8301839,55.7472041,0.967000008,-0.00499999989,20190331455602,793,0xa,0x4,21.2700005,26.2175083,0.0238314755,0.111188158,1.14926315e-05,30,1.08500004,2,0.06110110156244771,290.0,0.15148822769167772,18.449052788319925,19.434877399999998
370,793210400001234,82043341,2458574.935822017,58574.4334144,19.3221474,0.0741507262,0,zr,226.8301467,55.7471618,1.07000005,0.0689999983,20190401433414,793,0xa,0x4,21.2900009,25.9787369,0.024887016,0.110239998,1.2542162e-05,30,1.07599998,2,0.06778616119019569,291.0,0.1581732873194257,18.40216714832423,19.3221474
371,793210400001234,82045519,2458574.957604366,58574.4551968,19.3012047,0.0729588494,0,zr,226.8301475,55.7472181,0.680999994,-0.107000001,20190401455197,793,0xa,0x4,20.7900009,25.6546154,0.0287001692,0.109347016,1.67982471e-05,30,1.08700001,2,0.06910637619475223,291.0,0.1587277697116879,18.39836771497317,19.301204699999992
372,793210400001234,82138084,2458575.883250245,58575.3808449,19.3466854,0.0755709484,32768,zr,226.8301589,55.7471713,0.432999998,0.0280000009,20190402380810,793,0xa,0x4,20.4099998,25.1730766,0.0441717878,0.107879236,4.00269637e-05,30,1.09099996,2,0.06627135341744882,292.0,0.15589274693438449,18.417935225813174,19.346685400000005
373,793210400001234,82140313,2458575.905541888,58575.4031366,19.3396683,0.0751622096,0,zr,226.8301735,55.7471629,0.939999998,-0.0329999998,20190402403137,793,0xa,0x4,21.8099995,26.2309284,0.0252886023,0.105035864,1.31338493e-05,30,1.07799995,1,0.06670105144639055,292.0,0.1555656302567907,18.420215867957644,19.339668299999992
374,793210400001234,82140403,2458575.9064446846,58575.4040394,19.3024368,0.0730284899,0,zr,226.8301645,55.7471783,0.694000006,0.023,20190402404039,793,0xa,0x4,21.75,26.2227116,0.0231791697,0.110003449,1.10290111e-05,30,1.07700002,2,0.06902799834207608,292.0,0.15789257715247623,18.404095716421544,19.302436800000002
375,793210400001234,82142730,2458575.9297084217,58575.4273032,19.3496075,0.0757417902,0,zr,226.8302108,55.7471688,1.09300005,0.0480000004,20190402427292,793,0xa,0x4,21.9400005,26.2351227,0.0284275189,0.104468063,1.65007987e-05,30,1.07500005,2,0.06609323357375083,292.0,0.154957812384151,18.42446630848756,19.349607499999998
376,793210400001234,82342145,2458577.9238567483,58577.4214583,19.6207504,0.0932428762,32768,zr,226.8301689,55.7470912,0.865999997,-0.193000004,20190404421447,793,0xa,0x4,20.3299999,24.8725166,0.0395454578,0.100753449,3.20018844e-05,30,1.07500005,2,0.05148726704544123,294.0,0.1403518458558414,18.531954678276826,19.6207504
377,793210400001234,82636086,2458580.8632517476,58580.3608681,19.3969498,0.0785612687,0,zr,226.8301155,55.74716,0.819000006,-0.0820000023,20190407360868,793,0xa,0x4,21.5100002,26.2435989,0.0228663813,0.106772386,1.062503e-05,30,1.097,2,0.0632732409148072,297.0,0.15065042011490215,18.45507413220806,19.39694980000001
378,1827201200007108,82636835,2458580.8707400984,58580.3683565,19.337471,0.0743319094,0,zr,226.8302417,55.7471887,0.425000012,0.0610000007,20190407368356,1827,0x1,0x2,21.0799999,26.1095295,0.0255209021,0.10870944,1.31037132e-05,30,1.11600006,1,0.0668361769264425,297.0,0.15204592716581494,18.445063021882525,19.337471
379,793210400001234,82637987,2458580.882256236,58580.3798727,19.3272724,0.0744452104,0,zr,226.8301435,55.7471689,1.11600006,-0.108999997,20190407379873,793,0xa,0x4,21.3199997,26.241869,0.0237850528,0.112977482,1.14558716e-05,30,1.08200002,2,0.06746694420403965,297.0,0.1526766944434121,18.4405681284966,19.32727239999999
380,793210400001234,82638077,2458580.883159024,58580.3807755,19.3435879,0.0753902718,0,zr,226.8302784,55.7471981,0.920000017,-0.0839999989,20190407380775,793,0xa,0x4,21.0900002,26.2341843,0.0259362776,0.114154309,1.37356838e-05,30,1.08200002,1,0.0664606891055558,297.0,0.15167043934492824,18.447747638019457,19.343587899999996
381,793210400001234,82647579,2458580.978181545,58580.4757986,19.2884235,0.072240606,0,zr,226.8302347,55.747189,0.671000004,-0.0149999997,20190407475787,793,0xa,0x4,21.1399994,26.1452255,0.0257052463,0.11339204,1.33092672e-05,30,1.13100004,2,0.06992469810314475,297.0,0.15513444834251722,18.423229385802976,19.2884235
382,793210400001234,82737355,2458581.8759304364,58581.3735532,19.2666206,0.0710310712,0,zr,226.8301717,55.7471814,0.358999997,-0.0320000015,20190408373530,793,0xa,0x4,21.1299992,26.0350704,0.0243616942,0.120264269,1.20745253e-05,30,1.08399999,2,0.07134306445550723,298.0,0.1565528146948797,18.413347799270248,19.266620600000003
383,793210400001234,82741486,2458581.9172380627,58581.4148611,19.3335571,0.0748078823,0,zr,226.830227,55.7471735,0.606000006,-0.0659999996,20190408414861,793,0xa,0x4,20.9699993,25.9323101,0.0283660758,0.112176865,1.63855348e-05,30,1.07599998,2,0.06707754510906457,298.0,0.1515813057104423,18.448385890681728,19.3335571
384,793210400001234,82827645,2458582.7788292216,58582.2764583,19.6441669,0.0949113742,32768,zr,226.8301347,55.7471919,0.947000027,0.0489999987,20190409276458,793,0xa,0x4,20.6100006,25.615963,0.05578316,0.111426093,6.39651189e-05,30,1.26300001,2,0.05038870998412599,299.0,0.13489247058550372,18.575030727644325,19.644166899999995
385,793210400001234,82841484,2458582.91721945,58582.4148495,19.4003849,0.0787696689,0,zr,226.8302162,55.7471489,0.935000002,-0.00700000022,20190409414815,793,0xa,0x4,21.8199997,26.2431259,0.0244091693,0.106010564,1.2268305e-05,30,1.07700002,2,0.0630733705958191,299.0,0.14687918615616652,18.482599356303176,19.4003849
386,793210400001234,82843642,2458582.9387933877,58582.4364236,19.4412422,0.081287913,0,zr,226.830242,55.7471622,0.239999995,0.0320000015,20190409436412,793,0xa,0x4,21.5200005,26.2440243,0.0242516119,0.112248428,1.20196701e-05,30,1.08899999,2,0.060743962673396615,299.0,0.14454977823374404,18.499956425703395,19.441242199999998
387,793210400001234,82930343,2458583.8058006414,58583.3034375,19.5061245,0.0854398757,0,zr,226.8302679,55.7472322,1.00699997,0.0520000011,20190410303438,793,0xa,0x4,20.5900002,26.1668396,0.0289217848,0.117492631,1.6921249e-05,30,1.17799997,2,0.05722030916545902,300.0,0.14102612472580645,18.526751069898758,19.50612449999999
388,793210400001234,82932406,2458583.826425485,58583.3240625,19.5124092,0.0858521312,0,zr,226.8302665,55.7472493,0.360000014,-0.0199999996,20190410324039,793,0xa,0x4,20.6499996,26.1540718,0.0268874541,0.118328258,1.45633203e-05,30,1.13600004,2,0.05689005059415231,300.0,0.14000584960047055,18.534634546587732,19.5124092
389,793210400001234,82933829,2458583.84066149,58583.3382986,19.4250393,0.0802804083,0,zr,226.8301697,55.7471129,0.708999991,-0.0149999997,20190410338287,793,0xa,0x4,20.7199993,26.1254959,0.0295504574,0.116464734,1.78716491e-05,30,1.11399996,2,0.061657268359953936,300.0,0.14477306736627218,18.49828055981768,19.4250393
390,793210400001234,82934108,2458583.8434508694,58583.341088,19.4284496,0.0804915056,0,zr,226.8299679,55.7471713,0.875999987,0.0579999983,20190410341065,793,0xa,0x4,20.5200005,26.1168346,0.0305677503,0.121609986,1.90226328e-05,30,1.11099994,1,0.06146390656737186,300.0,0.1445797055736901,18.4997316599951,19.4284496
391,793210400001234,83036657,2458584.868928484,58584.3665741,19.5043449,0.0853235349,0,zr,226.8302505,55.7472025,0.834999979,-0.0419999994,20190411366574,793,0xa,0x4,21.0799999,26.2031078,0.0260138493,0.115334101,1.36754852e-05,30,1.08399999,2,0.057314174286758356,301.0,0.1404299732930766,18.531350466867146,19.5043449
392,793210400001234,83037754,2458584.8799005956,58584.3775463,19.4423218,0.0813554898,0,zr,226.8301697,55.7471763,0.698000014,0.0579999983,20190411377546,793,0xa,0x4,21.2900009,26.2169418,0.0225467123,0.10565459,1.02707263e-05,30,1.07799995,2,0.060683592034246066,301.0,0.14311718888979852,18.510770506940837,19.442321799999995
393,793210400001234,83040490,2458584.907261464,58584.4049074,19.2872581,0.0721754283,0,zr,226.8301671,55.7471477,0.319999993,-0.00999999978,20190411404884,793,0xa,0x4,21.4400005,26.2120857,0.0231008343,0.107555851,1.0843115e-05,30,1.07599998,2,0.06999979368638187,301.0,0.15243339054193433,18.44229972586809,19.287258099999995
394,793210400001234,83132886,2458585.83121151,58585.3288657,19.3913155,0.0782206357,0,zr,226.8301602,55.7471506,0.5,0.0260000005,20190412328843,793,0xa,0x4,21.5599995,26.1888409,0.022237787,0.108259149,1.00354982e-05,30,1.12,2,0.06360244337698953,302.0,0.146036040232542,18.48884987864553,19.391315499999997
395,793210400001234,83141598,2458585.9183288137,58585.4159838,19.3878326,0.0780107155,0,zr,226.830174,55.7471666,0.833999991,0.0590000004,20190412415972,793,0xa,0x4,21.5499992,26.1624985,0.0222815052,0.108605154,1.00026846e-05,30,1.08099997,2,0.06380679931026152,302.0,0.14556589632322248,18.49235090276165,19.387832600000003
396,793210400001234,83232149,2458586.823829446,58586.3214931,19.204052,0.0676690415,0,zr,226.830139,55.7471714,0.652999997,-0.0469999984,20190413321493,793,0xa,0x4,21.2700005,26.1926842,0.0247945581,0.118669897,1.25100205e-05,30,1.12699997,2,0.07557518170100122,303.0,0.15733427871396216,18.407941616288774,19.204051999999997
397,793210400001234,83232486,2458586.827197412,58586.3248611,19.381834,0.0776504651,0,zr,226.8301932,55.7471752,1.13800001,-0.00100000005,20190413324850,793,0xa,0x4,21.3299999,26.2144165,0.0233424883,0.109863162,1.10202955e-05,30,1.12199998,1,0.06416030207566298,303.0,0.14525249140497815,18.494691024381005,19.381834000000005
398,793210400001234,83234680,2458586.849141703,58586.3468056,19.4237137,0.0801984891,0,zr,226.830196,55.7471589,1.06099999,-0.0260000005,20190413346771,793,0xa,0x4,21.25,26.2102757,0.0226474404,0.108171113,1.03731281e-05,30,1.09500003,2,0.06173259309321196,303.0,0.14282478242252714,18.51299107216412,19.4237137
399,793210400001234,83236443,2458586.8667688314,58586.3644329,19.3502464,0.0757791921,0,zr,226.8301405,55.7471873,0.74000001,0.0350000001,20190413364398,793,0xa,0x4,21.2000008,26.2078609,0.0236202702,0.110511608,1.13029791e-05,30,1.08200002,2,0.06605435254078809,303.0,0.14714654187010326,18.480624849785535,19.350246399999996
400,793210400001234,83339071,2458587.893043069,58587.3907176,19.2385216,0.0695013851,0,zr,226.8302003,55.7471478,0.961000025,-0.126000002,20190414390718,793,0xa,0x4,20.5100002,25.8021507,0.0309717804,0.11136996,1.95200992e-05,30,1.07500005,2,0.07321353220436659,304.0,0.15430572153368177,18.429044925859024,19.238521600000006
401,793210400001234,83340128,2458587.9036100483,58587.4012847,19.3539314,0.0759953186,32768,zr,226.8303029,55.7472349,0.699000001,-0.0599999987,20190414401262,793,0xa,0x4,20.2700005,25.6863899,0.0340213813,0.116382681,2.35849038e-05,30,1.07700002,2,0.065830543399634,304.0,0.1462633089637494,18.487161514028337,19.3539314
402,793210400001234,83343630,2458587.9386328817,58587.4363079,19.4164124,0.079748705,32768,zr,226.8301512,55.7471969,1.36199999,-0.108000003,20190414436273,793,0xa,0x4,20.4899998,25.6060429,0.0306727588,0.118157737,1.9122981e-05,30,1.102,2,0.06214912806650483,304.0,0.14258189363062024,18.514839054295543,19.416412400000006
403,793210400001234,83435267,2458588.8549886527,58588.3526736,19.3952332,0.0784573257,0,zr,226.8301786,55.7471802,0.893000007,-0.0850000009,20190415352639,793,0xa,0x4,20.9899998,26.0997467,0.0261047073,0.114944212,1.37349325e-05,30,1.08500004,2,0.06337335800838506,305.0,0.14380612357250047,18.505556550927288,19.3952332
404,793210400001234,83437187,2458588.87418984,58588.371875,19.3159561,0.0737964809,32768,zr,226.8301185,55.7472095,0.254000008,0.0309999995,20190415371875,793,0xa,0x4,20.0200005,25.5545216,0.0596308857,0.0983115286,7.60549301e-05,30,1.07599998,2,0.0681738090733575,305.0,0.14795452841646334,18.47467934482571,19.3159561
405,1827201200007108,83523622,2458589.738531839,58589.2362269,19.2357178,0.0688814446,0,zr,226.8301147,55.7471494,0.280000001,-0.0140000004,20190416236227,1827,0x1,0x2,20.0,25.818718,0.038691707,0.107263193,3.03492525e-05,30,1.34099996,1,0.07340284281315998,306.0,0.15318356215626583,18.436969588844754,19.235717799999996
406,793210400001234,83530575,2458589.808056457,58589.3057523,19.3236866,0.0742390454,32768,zr,226.8300783,55.7471955,0.50999999,-0.108000003,20190416305718,793,0xa,0x4,19.4500008,25.4863033,0.0632777438,0.0847982392,0.000101352067,30,1.13999999,2,0.0676901318442092,306.0,0.14682607796854147,18.48299200491895,19.323686599999995
407,793210400001234,83739255,2458591.894836279,58591.3925579,19.3362007,0.0749609768,0,zr,226.8302093,55.7471711,0.740999997,0.0120000001,20190418392558,793,0xa,0x4,20.5100002,26.2247868,0.0292039234,0.120833583,1.7332366e-05,30,1.07799995,2,0.06691442031721845,308.0,0.1460503664415507,18.48874337260174,19.3362007
408,793210400001234,83741026,2458591.9125443436,58591.4102662,19.3129921,0.0736274049,0,zr,226.8302445,55.7472021,0.340000004,-0.0,20190418410231,793,0xa,0x4,20.3199997,26.2126141,0.0320987739,0.12129055,2.09810369e-05,30,1.08800006,2,0.0683601740821731,308.0,0.14622798354021627,18.487423772033615,19.312992099999995
409,793210400001234,83742098,2458591.9232618045,58591.4209838,19.3584671,0.076262027,0,zr,226.8302691,55.747172,0.448000014,-0.0900000036,20190418420961,793,0xa,0x4,20.25,26.2121124,0.0305471532,0.112760276,1.89253478e-05,30,1.09800005,2,0.0655561076922872,308.0,0.14342391715033037,18.508446050884352,19.358467100000006
410,1827201200007108,83830699,2458592.809256926,58592.3069907,19.3590279,0.0755360052,0,zr,226.8302343,55.7471461,0.606000006,-0.0810000002,20190419306991,1827,0x1,0x2,20.2099991,26.0979996,0.0297878459,0.105096512,1.77749189e-05,30,1.14499998,1,0.0655222556644134,309.0,0.14339006512245658,18.508702345031146,19.359027899999994
411,793210400001234,83836774,2458592.870008511,58592.3677431,19.5905933,0.0911314189,0,zr,226.8301048,55.7472077,1.18900001,-0.00400000019,20190419367708,793,0xa,0x4,19.9699993,26.0105419,0.0518665202,0.102968134,5.59127548e-05,30,1.07500005,2,0.0529374088636827,309.0,0.13018165461306508,18.61362553215516,19.590593300000002
412,1827201200007108,83929924,2458593.801500174,58593.2992477,19.4597244,0.0813923925,0,zr,226.830205,55.7471672,0.799000025,0.00499999989,20190420299248,1827,0x1,0x2,20.5900002,26.1375351,0.0265955832,0.102428518,1.40769998e-05,30,1.15199995,1,0.059718685545440596,310.0,0.13696293129482298,18.558492394380075,19.459724399999992
413,793210400001234,83935565,2458593.8579113875,58593.3556597,19.355999,0.0761167854,0,zr,226.8302069,55.7471706,0.683000028,-0.0879999995,20190420355660,793,0xa,0x4,20.5599995,26.2150116,0.0274303649,0.121443197,1.53134861e-05,30,1.07700002,2,0.06570529961314434,310.0,0.14233285406549817,18.516737105156857,19.355999000000004
414,793210400001234,83938633,2458593.88858225,58593.386331,19.4150009,0.0796620175,0,zr,226.8301932,55.7472007,1.01199996,0.0189999994,20190420386331,793,0xa,0x4,20.9599991,26.2476826,0.0302067325,0.107698895,1.86905472e-05,30,1.07799995,2,0.062229976932560244,310.0,0.13885753138491408,18.543576399791412,19.415000900000003
415,793210400001234,83941547,2458593.9177253363,58593.4154745,19.2820778,0.0718864799,0,zr,226.8302589,55.7471453,0.802999973,-0.0430000015,20190420415440,793,0xa,0x4,20.6100006,26.2507629,0.0258991141,0.104127295,1.37246689e-05,30,1.09800005,2,0.07033457701508143,310.0,0.14696213146743525,18.481986394650413,19.282077800000003
416,793210400001234,84035377,2458594.856010318,58594.3537731,19.4653072,0.0828058496,0,zr,226.830112,55.7472641,0.379000008,0.0649999976,20190421353762,793,0xa,0x4,20.2000008,26.1987915,0.0289985482,0.119051144,1.70510029e-05,30,1.07700002,2,0.0594124032394006,311.0,0.13603995769175442,18.565833779510747,19.465307200000005
417,793210400001234,84228962,2458596.791837065,58596.2896296,19.398674,0.0786657706,0,zr,226.8301616,55.7471623,0.680000007,0.075000003,20190423289595,793,0xa,0x4,21.1100006,26.2082672,0.0263182092,0.121011481,1.39415843e-05,30,1.13499999,2,0.0631728397834991,313.0,0.1391904794241638,18.540976173217267,19.398673999999993
418,793210400001234,84230120,2458596.8034109804,58596.3012037,19.235487,0.0693380982,0,zr,226.8301647,55.7472034,0.665000021,-0.0979999974,20190423301204,793,0xa,0x4,20.7299995,26.2143631,0.037499968,0.111987688,2.83105146e-05,30,1.11600006,1,0.07341844805578547,313.0,0.14823621189388042,18.472614229342376,19.235487
419,793210400001234,84230725,2458596.8094640877,58596.3072569,19.3130474,0.0736305937,0,zr,226.8302342,55.7471677,0.861000001,-0.0270000007,20190423307257,793,0xa,0x4,20.9500008,26.2087193,0.0260212757,0.111752383,1.36629005e-05,30,1.10800004,2,0.06835669236963603,313.0,0.143174456207731,18.5103361442738,19.313047399999995
420,793210400001234,84231858,2458596.820795011,58596.318588,19.3372517,0.07502193,0,zr,226.830162,55.7471677,0.727999985,0.0469999984,20190423318588,793,0xa,0x4,21.1599998,26.204155,0.0251720455,0.112094425,1.27905587e-05,30,1.09599996,2,0.06684967804566794,313.0,0.1416674418837629,18.521824870410093,19.337251700000003
421,793210400001234,84333672,2458597.838914962,58597.3367245,19.3330994,0.0747814104,0,zr,226.8301344,55.747166,0.423000008,-0.0560000017,20190424336725,793,0xa,0x4,21.3799992,26.2130451,0.0253053531,0.109290026,1.30917724e-05,30,1.08000004,2,0.06710582809748189,314.0,0.14192359193557685,18.519863514601404,19.333099400000002
422,793210400001234,84337104,2458597.873231593,58597.3710417,19.3746033,0.0772182718,0,zr,226.8301609,55.7471837,0.76700002,-0.0839999989,20190424371042,793,0xa,0x4,21.4400005,26.226469,0.0261847079,0.11052756,1.40029615e-05,30,1.07599998,2,0.064589017753584,314.0,0.1388166367251667,18.543896204930597,19.374603299999997
423,793210400001234,84339271,2458597.8949094336,58597.3927199,19.3317947,0.0747060403,0,zr,226.8302078,55.7471596,1.12800002,-0.0900000036,20190424392685,793,0xa,0x4,21.4099998,26.2258224,0.0244839936,0.10975112,1.22836764e-05,30,1.08700001,2,0.0671865158369529,314.0,0.1414141348085356,18.523767948014175,19.331794699999996
424,793210400001234,84430993,2458598.812104668,58598.3099306,19.352335,0.0759015828,0,zr,226.8301504,55.7471453,0.801999986,-0.00800000038,20190425309907,793,0xa,0x4,21.8299999,26.1908817,0.0273642503,0.106334247,1.51813656e-05,30,1.09899998,2,0.06592740779195412,315.0,0.1401550267635368,18.53347830333012,19.352335000000004
425,793210400001234,84542837,2458599.9308813666,58599.4283796,19.3720951,0.0770688951,0,zr,226.8301836,55.7471574,0.686999977,-0.0769999996,20190426428299,793,0xa,0x4,21.8500004,27.2859097,0.0216410328,0.109653726,9.58670171e-06,90,1.13800001,2,0.06473839975028864,316.0,0.1383822825263395,18.547298775666427,19.372095100000003
426,1827201200007108,84829098,2458602.79308512,58602.2909838,19.3956299,0.0776204765,0,zr,226.8300343,55.7471898,0.791000009,-0.0670000017,20190429290984,1827,0x1,0x2,21.0200005,26.098608,0.0255351961,0.115821868,1.30155713e-05,30,1.13100004,1,0.06335020724784254,319.0,0.13641667436418453,18.562831355324896,19.395629899999996
427,793210400001234,85138827,2458605.8903140537,58605.3882755,19.3564777,0.0761449784,0,zr,226.8301898,55.747193,1.27600002,-0.00600000005,20190502388264,793,0xa,0x4,21.3400002,26.0912113,0.026334269,0.111021921,1.39994272e-05,30,1.10399997,2,0.06567633659802241,322.0,0.13704762043885008,18.55782125181154,19.356477699999992
428,1827201200007108,85226835,2458606.770376254,58606.2683565,19.3758087,0.0764854252,0,zr,226.8302122,55.7471647,0.800000012,-0.0280000009,20190503268322,1827,0x1,0x2,21.7199993,26.0922947,0.0231465027,0.105952837,1.06523366e-05,30,1.14600003,1,0.06451734988486753,323.0,0.13424730007652652,18.580236099707086,19.3758087
429,793210400001234,85229863,2458606.800653409,58606.2986343,19.3619423,0.076467067,0,zr,226.8302064,55.7471533,0.563000023,-0.0109999999,20190503298611,793,0xa,0x4,21.6000004,26.1868782,0.0225286074,0.109871425,1.04015207e-05,30,1.08899999,2,0.06534661263110551,323.0,0.1345410428719957,18.577863025701014,19.361942300000003
430,793210400001234,85231986,2458606.821879755,58606.3198611,19.3434448,0.0753819495,0,zr,226.8301932,55.7471435,0.586000025,0.0820000023,20190503319838,793,0xa,0x4,21.7199993,26.1767292,0.0234092809,0.113982275,1.1211956e-05,30,1.07700002,2,0.0664694491997105,323.0,0.13566387944060068,18.56883942005063,19.343444800000007
431,793210400001234,85234464,2458606.846659316,58606.3446412,19.372364,0.0770849288,0,zr,226.8302051,55.7471848,1.00399995,0.0289999992,20190503344641,793,0xa,0x4,21.7600002,26.1921101,0.0248349756,0.112153582,1.27117519e-05,30,1.07599998,1,0.06472236823168409,323.0,0.13391679847257426,18.582912354588096,19.372363999999997
432,793210400001234,85236070,2458606.86272377,58606.360706,19.3220539,0.0741453841,0,zr,226.8301778,55.7471587,0.990999997,-0.118000001,20190503360706,793,0xa,0x4,21.7700005,26.1872063,0.0225791428,0.108768344,1.04333667e-05,30,1.08200002,2,0.06779199896087587,323.0,0.13698642920176607,18.55830613712201,19.322053900000007
433,793210400001234,85324173,2458607.743734571,58607.2417361,19.4006424,0.0787853152,0,zr,226.8301669,55.7471981,0.472000003,-0.0540000014,20190504241736,793,0xa,0x4,21.0300007,26.1598244,0.0263768714,0.118548259,1.42457202e-05,30,1.16999996,2,0.06305841349385075,324.0,0.13225284373474094,18.596487452201153,19.400642400000002
434,793210400001234,85334393,2458607.845931431,58607.3439352,19.450634,0.0818772912,0,zr,226.8301978,55.7471834,1.05700004,-0.0649999976,20190504343935,793,0xa,0x4,21.75,26.2070866,0.0257088486,0.109445445,1.3589417e-05,30,1.07599998,2,0.06022078328038507,324.0,0.1288853595268197,18.624491031632566,19.450634
435,793210400001234,85337346,2458607.875456175,58607.3734606,19.3755341,0.0772737935,0,zr,226.8301736,55.7471657,0.367000014,0.0710000023,20190504373426,793,0xa,0x4,21.9099998,26.1985455,0.0241484456,0.103464007,1.20103132e-05,30,1.09399998,2,0.06453366941513397,324.0,0.1331982456615686,18.588753737924016,19.375534100000003
436,793210400001234,85435126,2458608.853235238,58608.3512616,19.319685,0.0740096718,0,zr,226.8301184,55.7471371,0.755999982,-0.0500000007,20190505351250,793,0xa,0x4,21.2800007,26.1084213,0.0240209531,0.112983599,1.17725385e-05,30,1.08000004,2,0.06794007156493348,325.0,0.1366046478113681,18.561336310119167,19.319685
437,793210400001234,85437393,2458608.875908316,58608.3739352,19.3005886,0.0729240626,0,zr,226.8302021,55.74718,0.637000024,0.0219999999,20190505373900,793,0xa,0x4,21.0699997,26.008337,0.0254881494,0.112374008,1.33247813e-05,30,1.097,2,0.06914560167185432,325.0,0.13728591397588463,18.555935051598063,19.300588600000005
438,793210400001234,85439623,2458608.898211002,58608.3962384,19.4736042,0.083335191,0,zr,226.8301791,55.7472117,0.593999982,0.0320000015,20190505396215,793,0xa,0x4,21.1200008,26.1423645,0.0255690645,0.112282403,1.32689784e-05,30,1.12600005,2,0.05896011473789295,325.0,0.12710042704192326,18.639632475667703,19.473604200000004
439,793210400001234,85822611,2458612.727992921,58612.2261111,19.2951984,0.0726204887,0,zr,226.8301761,55.7471506,1.03699994,0.0280000009,20190509226111,793,0xa,0x4,21.8899994,26.1726494,0.0246739574,0.11014729,1.23937034e-05,30,1.17400002,2,0.06948973252070609,329.0,0.1376300448247364,18.553216871696428,19.295198399999997
440,793210400001234,85824137,2458612.74325875,58612.2413773,19.3451023,0.0754785538,0,zr,226.8301925,55.7471566,0.583999991,-0.0149999997,20190509241354,793,0xa,0x4,21.8899994,26.1787128,0.0253678858,0.107421316,1.30129401e-05,30,1.14300001,2,0.06636805342931987,329.0,0.13246573493299718,18.594741116657836,19.3451023
441,793210400001234,85834733,2458612.849216847,58612.347338,19.3866596,0.0779401436,0,zr,226.8301466,55.7471622,1.08299994,0.100000001,20190509346863,793,0xa,0x4,21.9799995,26.1822777,0.0231347363,0.111024119,1.08486111e-05,30,1.08399999,2,0.06387577169995079,329.0,0.12997345320362808,18.61536335585783,19.386659599999994
442,793210400001234,85834824,2458612.850119524,58612.3482407,19.3926811,0.0783030316,0,zr,226.8301838,55.7471728,0.757000029,-0.0130000003,20190509348241,793,0xa,0x4,22.0400009,26.1852627,0.0257601682,0.110732719,1.34031425e-05,30,1.08500004,1,0.06352249679574239,329.0,0.12962017829941969,18.618318463718502,19.392681099999997
443,793210400001234,86218716,2458616.688944753,58616.1871644,19.2867069,0.0721446574,0,zr,226.8301933,55.7471756,0.578999996,-0.0500000007,20190513187164,793,0xa,0x4,21.1200008,26.1164227,0.0269745924,0.115162358,1.47781175e-05,30,1.25100005,2,0.07003533978108228,333.0,0.13613302128475957,18.56509129201924,19.286706900000006
444,793210400001234,86230797,2458616.809751681,58616.3079745,19.3936424,0.0783611536,0,zr,226.8301818,55.7471483,0.179000005,0.023,20190513307975,793,0xa,0x4,21.3799992,26.1760521,0.0237112902,0.107963733,1.15088615e-05,30,1.07500005,2,0.06346627950182447,333.0,0.1276050089774747,18.635330693963063,19.393642399999997
445,793210400001234,86230886,2458616.8106428534,58616.3088657,19.4357567,0.0809455663,0,zr,226.8301916,55.7471829,0.74000001,-0.074000001,20190513308866,793,0xa,0x4,21.3700008,26.170187,0.0284578279,0.111190431,1.66000718e-05,30,1.07500005,1,0.06105163793698236,333.0,0.1251903674126326,18.65607271496409,19.435756700000006
446,793210400001234,86236680,2458616.868581206,58616.3668056,19.3433266,0.0753750727,0,zr,226.8301771,55.747182,0.708000004,-0.0370000005,20190513366771,793,0xa,0x4,21.3500004,26.1659279,0.0230099019,0.114119023,1.07952992e-05,30,1.11399996,2,0.06647668587151087,333.0,0.1306154153471611,18.61001391054038,19.343326600000005
447,1827201200007108,86328938,2458617.791137461,58617.2893866,19.3326492,0.0740649402,0,zr,226.8302077,55.7471441,1.20899999,-0.104000002,20190514289363,1827,0x1,0x2,21.3199997,26.0811176,0.0271103196,0.10018678,1.46512557e-05,30,1.10500002,1,0.06713365926682145,334.0,0.13127238874247169,18.60456652974593,19.3326492
448,793210400001234,86329890,2458617.800651104,58617.2989005,19.3744659,0.0772100985,0,zr,226.8301847,55.7471521,0.481000006,0.00300000003,20190514298900,793,0xa,0x4,21.3299999,26.1941509,0.0288002882,0.105457567,1.71910269e-05,30,1.07500005,2,0.06459719201595125,334.0,0.12825874785202235,18.629782510680734,19.374465899999997
449,1827201200007108,86420716,2458618.7088902337,58618.2071644,19.3308067,0.0739631355,0,zr,226.830164,55.747174,0.552999973,0.0140000004,20190515207164,1827,0x1,0x2,21.1000004,26.078331,0.0322687887,0.0902477577,2.03378804e-05,30,1.19500005,1,0.06724768215795769,335.0,0.1309092379940288,18.607574262762377,19.330806700000004
450,793210400001234,86430740,2458618.8091305024,58618.3074074,19.3533916,0.0759636238,0,zr,226.8302771,55.7471888,1.21800005,0.0120000001,20190515307234,793,0xa,0x4,21.0100002,26.1658535,0.0269698836,0.0993077606,1.50118494e-05,30,1.07500005,2,0.06586328078304146,335.0,0.12905255797999116,18.623083456963677,19.353391600000002
451,793210400001234,86532856,2458619.830259601,58619.3285648,19.4542408,0.0821046233,0,zr,226.8301452,55.7471943,0.665000021,0.00300000003,20190516328565,793,0xa,0x4,20.4400005,26.1576252,0.029850224,0.110450581,1.82514777e-05,30,1.08399999,1,0.060021062625828,336.0,0.12321033982277771,18.673382111525818,19.4542408
452,793210400001234,86532996,2458619.831660065,58619.3299653,19.2810593,0.0718298331,0,zr,226.8302129,55.7471676,0.349000007,0.104000002,20190516329919,793,0xa,0x4,20.2800007,26.076395,0.03458637,0.113359056,2.43339837e-05,30,1.08500004,2,0.07040058695071763,336.0,0.13312241693603694,18.58937201510981,19.281059300000003
453,793210400001234,86534188,2458619.8435810152,58619.3418866,19.2549343,0.0703909323,0,zr,226.8302122,55.7473196,0.961000025,-0.0680000037,20190516341887,793,0xa,0x4,20.0,26.0784168,0.034316171,0.117077895,2.39156125e-05,30,1.09500003,2,0.07211511161129704,336.0,0.13483694159661636,18.57547776702362,19.254934299999995
454,793210400001234,87336697,2458627.8684361964,58627.3669792,19.3869419,0.0779571384,0,zr,226.8301971,55.7471838,1.36500001,0.0579999983,20190524366979,793,0xa,0x4,21.5100002,26.1882038,0.0263270196,0.102543965,1.42546833e-05,30,1.16799998,2,0.06385916565307878,344.0,0.12658099563839809,18.644078731628362,19.386941900000004
455,793210400001234,87429346,2458628.7948885993,58628.2934606,19.3048592,0.0731655285,0,zr,226.8302012,55.7471804,0.540000021,0.0460000001,20190525293148,793,0xa,0x4,21.6900005,26.1703568,0.0253477506,0.104217775,1.30980416e-05,30,1.079,2,0.0688741607661593,345.0,0.12802303752273386,18.63177968195945,19.304859200000003
456,793210400001234,87429436,2458628.79579137,58628.2943634,19.4072571,0.0791880339,0,zr,226.8301857,55.7471896,1.20799994,-0.0480000004,20190525294363,793,0xa,0x4,21.7000008,26.1717358,0.0270789079,0.106898151,1.48531499e-05,30,1.079,1,0.06267540658868331,345.0,0.121397617333962,18.689474592642576,19.407257100000002
457,793210400001234,87431631,2458628.817746678,58628.3163194,19.3556366,0.0760954767,0,zr,226.8301978,55.7471709,1.06099999,-0.0289999992,20190525316285,793,0xa,0x4,21.6499996,26.1631298,0.0237581711,0.104114935,1.15776947e-05,30,1.09399998,2,0.06572723456830952,345.0,0.1244494453135882,18.662517586886857,19.355636600000004
458,793210400001234,87828010,2458632.7814039215,58632.2801042,19.3140869,0.0736898407,0,zr,226.8301848,55.7471745,0.941999972,-0.0540000014,20190529280081,793,0xa,0x4,21.5499992,26.1756401,0.0248788632,0.115761623,1.27083349e-05,30,1.07799995,1,0.06829127797445393,349.0,0.12701348871973261,18.640375387266097,19.3140869
459,1827201200007108,88032466,2458634.825896295,58634.3246644,19.3439865,0.0746939778,0,zr,226.8301838,55.7471349,0.809000015,-0.0649999976,20190531324618,1827,0x1,0x2,21.7099991,26.0485039,0.0269492064,0.115500681,1.45387157e-05,30,1.15799999,2,0.06643629425865738,351.0,0.12349378757900409,18.670887223177168,19.343986499999993
460,1827201200007108,88032511,2458634.826347581,58634.3251157,19.3134212,0.0730090141,0,zr,226.8302218,55.7471248,0.456,0.0529999994,20190531325116,1827,0x1,0x2,21.8700008,26.0609379,0.0282572154,0.110600121,1.60250929e-05,30,1.15900004,3,0.06833316240582532,351.0,0.12458273533603037,18.66135534499073,19.3134212
461,793210400001234,88125842,2458635.7596263965,58635.2584259,19.3238697,0.0742495805,0,zr,226.8301998,55.7471758,1.32799995,0.0450000018,20190601258426,793,0xa,0x4,21.8600006,26.198513,0.0252928026,0.111260101,1.31870056e-05,30,1.07500005,1,0.06767871745269323,352.0,0.12392829038289829,18.667073853617744,19.323869699999996
462,793210400001234,88423784,2458638.7389458157,58638.2378472,19.4089699,0.0792926624,0,zr,226.8301955,55.7471867,0.957000017,-0.0399999991,20190604237847,793,0xa,0x4,21.7700005,26.1859894,0.0226021819,0.109334417,1.05288482e-05,30,1.07599998,2,0.06257661113057934,355.0,0.11842815653045122,18.716362577393248,19.408969899999995
463,793210400001234,88425518,2458638.756283218,58638.2551852,19.3790169,0.0774818435,0,zr,226.830183,55.747165,0.550999999,0.00300000003,20190604255162,793,0xa,0x4,21.8199997,26.1776752,0.0223592073,0.112656534,1.02911963e-05,30,1.07500005,2,0.06432699143810017,355.0,0.11900760098087132,18.711063248648337,19.379016900000003
464,793210400001234,88425699,2458638.758088654,58638.2569907,19.3389015,0.0751176849,0,zr,226.8301492,55.7471751,0.202000007,-0.0160000008,20190604256991,793,0xa,0x4,21.8199997,26.1776314,0.0230895095,0.113031805,1.09797002e-05,30,1.07599998,1,0.066748175629327,355.0,0.12142878517209815,18.68919587459441,19.3389015
465,793210400001234,88427383,2458638.7749283724,58638.273831,19.4071465,0.0791813433,0,zr,226.8301743,55.7471611,0.474000007,0.0189999994,20190604273831,793,0xa,0x4,21.8799992,26.1771374,0.0240691826,0.107232846,1.1917823e-05,30,1.08200002,2,0.06268179142969135,355.0,0.1173624009724625,18.726177535948203,19.407146500000003
466,793210400001234,88528375,2458639.7848122837,58639.28375,19.3222313,0.0741555765,0,zr,226.8301819,55.7471573,0.465999991,-0.00899999961,20190605283738,793,0xa,0x4,21.8799992,26.1913185,0.0235482566,0.108539276,1.12916205e-05,30,1.09200001,2,0.06778092323353276,356.0,0.1224615327763039,18.68000077266789,19.32223129999999
467,793210400001234,88530907,2458639.8101354954,58639.3090741,19.3272305,0.0744428113,0,zr,226.8301825,55.7471548,0.218999997,0.00100000005,20190605309051,793,0xa,0x4,21.8199997,26.1825104,0.0238780305,0.111917078,1.16268575e-05,30,1.12199998,2,0.06746954789312701,356.0,0.12176740309389855,18.686172389913303,19.327230500000006
468,793210400001234,88532254,2458639.8236072212,58639.3225463,19.4211369,0.080039531,0,zr,226.8302123,55.7471671,0.936999977,-0.101999998,20190605322546,793,0xa,0x4,21.8299999,26.1765003,0.0233263019,0.107838042,1.11001054e-05,30,1.14400005,2,0.061879278319028445,356.0,0.1161771335198,18.737198358078878,19.4211369
469,793210400001234,88624057,2458640.741607504,58640.2405787,19.3779106,0.0774157047,0,zr,226.8301884,55.7471807,1.02699995,-0.0219999999,20190606240498,793,0xa,0x4,21.8400002,26.1868458,0.0261527337,0.106888451,1.39085369e-05,30,1.07500005,2,0.06439257018461321,357.0,0.11869042538538477,18.71396078412169,19.3779106
470,793210400001234,88626932,2458640.7703564935,58640.2693287,19.4968033,0.0848317519,0,zr,226.8301481,55.7471712,0.731999993,-0.0289999992,20190606269294,793,0xa,0x4,21.7299995,26.1889114,0.0231288932,0.111535855,1.08730364e-05,30,1.08299994,2,0.05771366842119203,357.0,0.11163247086426903,18.78052365628188,19.496803300000003
471,793210400001234,88629173,2458640.792763107,58640.2917361,19.4073162,0.0791916773,0,zr,226.8302081,55.7471443,0.97299999,0.164000005,20190606291701,793,0xa,0x4,21.8299999,26.1708927,0.0241201352,0.112524793,1.16531792e-05,30,1.10300004,2,0.0626719950641325,357.0,0.1165907975072095,18.733339317543702,19.407316200000004
472,793210400001234,88728899,2458641.7899849624,58641.2889931,19.4272614,0.0804178864,0,zr,226.8302001,55.7471803,0.536000013,-0.0500000007,20190607288993,793,0xa,0x4,22.0100002,26.2084694,0.0243105143,0.106584072,1.20751583e-05,30,1.102,2,0.06153120780485058,358.0,0.11545001024792759,18.744015060491556,19.4272614
473,793210400001234,88730351,2458641.804509845,58641.3035185,19.3958015,0.0784917474,0,zr,226.83017,55.7471753,0.661000013,0.0829999968,20190607303484,793,0xa,0x4,22.0400009,26.2181816,0.0247652885,0.101777777,1.22765914e-05,30,1.12199998,1,0.0633401955742043,358.0,0.11688360154372737,18.73061603729277,19.395801499999997
474,793210400001234,88730447,2458641.805470513,58641.3044792,19.3755646,0.0772756413,0,zr,226.8301983,55.7471579,0.556999981,0.0439999998,20190607304444,793,0xa,0x4,22.0400009,26.2129097,0.0260294024,0.107847579,1.35526607e-05,30,1.12300003,2,0.06453185659056172,358.0,0.1180752625600848,18.719602700059518,19.375564599999997
475,793210400001234,88732043,2458641.821430543,58641.3204398,19.4172287,0.0797988847,0,zr,226.8301793,55.7471593,1.278,-0.0320000015,20190607320440,793,0xa,0x4,21.9799995,26.200346,0.0229918566,0.106104232,1.06568368e-05,30,1.15100002,2,0.06210241942171943,358.0,0.1156458253912425,18.74217509967331,19.417228700000003
476,793210400001234,88926987,2458643.770794098,58643.2698727,19.3249493,0.0743116289,0,zr,226.8301952,55.7471668,0.620999992,-0.0450000018,20190609269850,793,0xa,0x4,21.5100002,26.2198029,0.0226025879,0.106449261,1.03625443e-05,30,1.08899999,2,0.0676114546787523,360.0,0.12115486064827538,18.69164789396519,19.324949300000007
477,793210400001234,88929089,2458643.7918118434,58643.2908912,19.4240952,0.0802220628,0,zr,226.8302161,55.7471501,0.799000025,-0.103,20190609290868,793,0xa,0x4,21.5200005,26.2079487,0.0242564455,0.109038502,1.18221615e-05,30,1.11099994,2,0.06171090564552537,360.0,0.1145143096658078,18.752850601637867,19.424095200000004
478,793210400001234,89026650,2458644.7673902325,58644.2665046,19.4944363,0.0846780017,0,zr,226.8301749,55.7471334,1.06299996,0.0260000005,20190610266505,793,0xa,0x4,21.3999996,26.2065468,0.0244616047,0.112368271,1.22890742e-05,30,1.08899999,1,0.057839626522065826,361.0,0.11064303054234825,18.790189843233073,19.494436299999997
479,793210400001234,89026740,2458644.768292997,58644.2674074,19.3381805,0.0750758201,0,zr,226.8301707,55.7471715,0.89200002,0.0439999998,20190610267407,793,0xa,0x4,21.4099998,26.2042923,0.02564626,0.106963411,1.34665333e-05,30,1.08899999,2,0.06679251551333991,361.0,0.11923122676790404,18.709024968936312,19.3381805
480,793210400001234,89028972,2458644.790606989,58644.2897222,19.3285179,0.0745169669,0,zr,226.8302271,55.7471885,0.32100001,-0.0480000004,20190610289699,793,0xa,0x4,21.3700008,26.1990891,0.0237022098,0.113528796,1.13178066e-05,30,1.11399996,2,0.0673895940156614,361.0,0.11982830527022553,18.70360145714813,19.3285179
481,793210400001234,89031055,2458644.811439635,58644.3105556,19.3036919,0.0730994791,0,zr,226.8302269,55.7471681,0.765999973,0.111000001,20190610310532,793,0xa,0x4,21.5599995,26.1995945,0.0241523311,0.108087264,1.19483193e-05,30,1.14699996,2,0.06894824878241256,361.0,0.12138696003697669,18.68956991182072,19.303691899999997
482,793210400001234,89222072,2458646.721544141,58646.2207292,19.3353348,0.0749108419,0,zr,226.8302043,55.7471653,0.973999977,-0.075000003,20190612220729,793,0xa,0x4,21.3400002,26.2175388,0.0267643835,0.111534968,1.46009015e-05,30,1.07500005,2,0.0669678074173006,363.0,0.11940651867186475,18.70742990860409,19.33533479999999
483,793210400001234,89223910,2458646.7399230707,58646.2391088,19.4183178,0.0798658952,0,zr,226.8301941,55.7471833,0.38499999,0.0520000011,20190612239074,793,0xa,0x4,21.1900005,26.158186,0.0297768749,0.106718495,1.81603482e-05,30,1.07700002,2,0.06204015583191784,363.0,0.1137598845394063,18.760027143503173,19.418317800000004
484,1827201200007108,89226878,2458646.7695978936,58646.2687847,19.3296165,0.0738974884,0,zr,226.8302119,55.7471336,0.832000017,0.0170000009,20190612268785,1827,0x1,0x2,20.9899998,26.0247402,0.0267668962,0.10371644,1.42913241e-05,30,1.12800002,2,0.0673214404765153,363.0,0.11904116918400376,18.710757040691995,19.329616500000007
485,793210400001234,89324344,2458647.744226772,58647.2434491,19.4564629,0.0822449774,0,zr,226.8302237,55.7471698,1.20099998,0.00499999989,20190613243414,793,0xa,0x4,21.0300007,26.2005196,0.0236979499,0.117163844,1.1452641e-05,30,1.079,2,0.05989834735358526,364.0,0.11161807606107371,18.78066366900952,19.4564629
486,793210400001234,89324531,2458647.746090103,58647.2453125,19.425457,0.0803062767,0,zr,226.8301822,55.7471608,0.699000001,-0.0700000003,20190613245278,793,0xa,0x4,21.2199993,26.2055702,0.0265964102,0.105778553,1.44038268e-05,30,1.08000004,1,0.06163355238964437,364.0,0.11299890781492081,18.767314385367676,19.425457
487,793210400001234,89326584,2458647.7666217512,58647.2658449,19.3300533,0.0746054947,0,zr,226.8302023,55.7471567,0.573000014,0.0599999987,20190613265810,793,0xa,0x4,21.1299992,26.2037392,0.0258427337,0.116248123,1.35658829e-05,30,1.09500003,2,0.06729436199213461,364.0,0.11865971741741105,18.71424172562353,19.330053299999996
488,793210400001234,89328991,2458647.7906949627,58647.289919,19.4186821,0.0798882693,0,zr,226.8301148,55.7471696,0.809000015,0.149000004,20190613289907,793,0xa,0x4,21.0300007,26.2093945,0.0234265737,0.108552285,1.12234966e-05,30,1.12600005,2,0.062019342822856545,364.0,0.11338469824813299,18.763613878484243,19.418682100000005
489,793210400001234,89420780,2458648.7085432685,58648.2078009,19.4825764,0.0839111507,0,zr,226.8301588,55.7471625,0.750999987,-0.158000007,20190614207801,793,0xa,0x4,20.3199997,26.1893845,0.0277223866,0.120643988,1.57428112e-05,30,1.07599998,2,0.05847489356681411,365.0,0.10984024899209055,18.79809622821721,19.482576399999992
490,793210400001234,89421775,2458648.7184966044,58648.2177546,19.4300079,0.0805881247,0,zr,226.8302486,55.7471889,0.762000024,0.0299999993,20190614217720,793,0xa,0x4,20.7199993,26.178791,0.027269423,0.123626634,1.5177784e-05,30,1.07500005,2,0.06137575393450284,365.0,0.1123900934199212,18.773179919485735,19.4300079
491,793210400001234,89424184,2458648.742581417,58648.2418403,19.4498482,0.0818277746,0,zr,226.830177,55.7472015,0.697000027,-0.0399999991,20190614241806,793,0xa,0x4,20.8199997,26.2043591,0.0243041776,0.109989718,1.19217402e-05,30,1.08000004,2,0.0602643837607382,365.0,0.11127872324615656,18.78396966463766,19.449848199999998
492,793210400001234,89524253,2458649.743239031,58649.2425347,19.4150505,0.0796651021,0,zr,226.8302415,55.7471589,0.86500001,-0.172999993,20190615242535,793,0xa,0x4,20.8299999,26.1699543,0.0258455928,0.10964746,1.3597617e-05,30,1.08200002,2,0.06222713412752136,366.0,0.11324147361293971,18.764986219474416,19.4150505
493,793210400001234,89526391,2458649.76461554,58649.263912,19.3806896,0.0775819197,0,zr,226.8302246,55.7471615,0.84799999,0.0430000015,20190615263912,793,0xa,0x4,20.8400002,26.1762295,0.0249657966,0.110764988,1.26207397e-05,30,1.09899998,2,0.0642279646986145,366.0,0.11489460534245702,18.7492509057598,19.380689600000004
494,793210400001234,89529035,2458649.7910613576,58649.2903588,19.3691025,0.0768910572,0,zr,226.8302328,55.747182,0.549000025,-0.0299999993,20190615290359,793,0xa,0x4,20.7800007,26.1605492,0.0330497175,0.107112676,2.19131452e-05,30,1.13600004,2,0.06491708346357013,366.0,0.11558372410741265,18.742758291691665,19.369102500000004
495,793210400001234,89624364,2458650.744313175,58650.2436458,19.4394379,0.0811751857,0,zr,226.8301418,55.7471494,0.907000005,-0.0299999993,20190616243634,793,0xa,0x4,20.9799995,26.2000713,0.034300942,0.108867027,2.40740665e-05,30,1.08399999,2,0.06084499223282737,367.0,0.11151163287666989,18.781699561794703,19.439437899999994
496,793210400001234,89626515,2458650.7658170797,58650.2651505,19.3498554,0.0757562965,0,zr,226.8302731,55.7471567,0.75,0.0299999993,20190616265150,793,0xa,0x4,20.9599991,26.2081814,0.0292416364,0.110154092,1.7459126e-05,30,1.10300004,2,0.06607814460261512,367.0,0.11640036384354124,18.735114155422472,19.349855400000003
497,793210400001234,89626605,2458650.766719742,58650.2660532,19.5859451,0.0908097327,0,zr,226.830202,55.7471771,0.680000007,-0.0390000008,20190616266053,793,0xa,0x4,20.9899998,26.2002716,0.0285083596,0.106999144,1.66482478e-05,30,1.10399997,1,0.05316452769147487,367.0,0.10348674693240098,18.86278816181393,19.585945099999996
498,793210400001234,89728490,2458651.7855361844,58651.2849074,19.2354069,0.0693338066,0,zr,226.8301765,55.7471633,0.898999989,-0.128000006,20190617284884,793,0xa,0x4,20.6200008,26.2189312,0.0295275748,0.123238206,1.76135691e-05,30,1.13600004,2,0.07342386468884647,368.0,0.1237460839297726,18.66867133966479,19.235406900000008
499,1827201200007108,89731262,2458651.8132550437,58651.3126273,19.4672203,0.0818436742,0,zr,226.8301855,55.7471873,0.63499999,0.0839999989,20190617312604,1827,0x1,0x2,20.4699993,26.1005039,0.0284925066,0.112858981,1.61884182e-05,30,1.22899997,2,0.05930780896585102,368.0,0.10928884515548871,18.80356040790347,19.4672203
500,793210400001234,89828223,2458652.7828255016,58652.2822338,19.5105782,0.0857318416,0,zr,226.8301889,55.7471654,0.405999988,0.0240000002,20190618282234,793,0xa,0x4,20.8500004,26.172617,0.0309012681,0.114394516,1.92941588e-05,30,1.13600004,2,0.056986071676228885,369.0,0.10696710786586658,18.82687436579655,19.510578200000005
501,793210400001234,89829875,2458652.799341083,58652.29875,19.2806759,0.0718084872,0,zr,226.8302254,55.7471542,0.617999971,0.0900000036,20190618298750,793,0xa,0x4,20.8199997,26.1701775,0.0276052877,0.108678341,1.53117271e-05,30,1.16799998,2,0.0704254515091383,369.0,0.1200685044799071,18.70142724678052,19.2806759
502,793210400001234,89832118,2458652.8217708357,58652.3211806,19.3362007,0.0749609768,0,zr,226.8301754,55.7471699,0.458000004,0.00899999961,20190618321169,793,0xa,0x4,20.7600002,26.1541119,0.0269642361,0.117428809,1.46933353e-05,30,1.22599995,2,0.06691442031721845,369.0,0.11655747328798725,18.733649689234888,19.3362007
503,793210400001234,89919427,2458653.694828476,58653.1942708,19.4914169,0.0844821557,32768,zr,226.8302668,55.7474446,1.273,-0.0520000011,20190619194236,793,0xa,0x4,20.5599995,26.8953915,0.04126928,0.113469362,5.32236845e-05,30,1.07599998,1,0.05800070066556308,370.0,0.10764375363633188,18.820027915994167,19.491416899999997
504,793210400001234,89919517,2458653.69573126,58653.1951736,19.3787327,0.0774648041,0,zr,226.8301575,55.7471851,1.12899995,-0.193000004,20190619195174,793,0xa,0x4,21.2199993,26.1677647,0.025480032,0.113235302,1.32666437e-05,30,1.07599998,2,0.06434383173852466,370.0,0.11365206335488293,18.761056688111815,19.378732699999993
505,793210400001234,89921760,2458653.7181610256,58653.2176042,19.3627853,0.0765168667,0,zr,226.8302556,55.7471901,0.883000016,0.123000003,20190619217604,793,0xa,0x4,21.0100002,26.1631775,0.025041867,0.122421466,1.26314044e-05,30,1.07599998,2,0.065295895141886,370.0,0.11460412675824426,18.751999359148762,19.362785300000006
506,793210400001234,90018737,2458654.6878932533,58654.1873727,19.3632736,0.076545693,0,zr,226.8302405,55.7472071,0.867999971,-0.0700000003,20190620187361,793,0xa,0x4,21.3099995,26.1594486,0.0257297345,0.116785802,1.35386927e-05,30,1.07799995,2,0.06526653550851759,371.0,0.11457476712487585,18.75227754198263,19.363273600000007
507,793210400001234,90020276,2458654.703286175,58654.2027662,19.384304,0.0777986199,0,zr,226.8301662,55.7472047,0.962000012,0.0359999985,20190620202708,793,0xa,0x4,21.7299995,26.1685123,0.0259493347,0.113106437,1.35617374e-05,30,1.07500005,2,0.06401450623750043,371.0,0.11299104094422294,18.767389975865264,19.384304000000007
508,793210400001234,90022341,2458654.723933607,58654.2234144,19.3843079,0.0777988359,0,zr,226.8301934,55.7471554,0.737999976,-0.0649999976,20190620223403,793,0xa,0x4,21.4799995,26.1751251,0.0240498949,0.108385049,1.17102754e-05,30,1.079,2,0.0640142762957112,371.0,0.11299081100243369,18.767392185388935,19.384307900000003
509,793210400001234,90118277,2458655.683261034,58655.1827778,19.3681183,0.0768326148,0,zr,226.8302425,55.7471283,0.537999988,-0.0270000007,20190621182778,793,0xa,0x4,21.0400009,26.2025108,0.0253668446,0.116199426,1.31119468e-05,30,1.07799995,2,0.06497595629124828,372.0,0.11395249099797078,18.758190441789345,19.3681183
510,793210400001234,90120541,2458655.705899079,58655.2054167,19.3382378,0.0750791281,0,zr,226.8301975,55.7471918,1.22899997,-0.00200000009,20190621205405,793,0xa,0x4,20.7199993,26.1996078,0.028077418,0.112742156,1.61013577e-05,30,1.07500005,2,0.0667889906146286,372.0,0.1154369159714965,18.744138211076525,19.338237799999995
511,793210400001234,90122457,2458655.725053454,58655.2245718,19.3624191,0.0764952451,0,zr,226.8300541,55.7471967,0.56400001,-0.00100000005,20190621224572,793,0xa,0x4,20.6800003,26.1837826,0.0298382081,0.115036972,1.82098356e-05,30,1.08099997,2,0.06531792202980986,372.0,0.11396584738667775,18.758063189942,19.362419100000004
512,793210400001234,90326607,2458657.7664812235,58657.2660764,19.3700962,0.0769500956,0,zr,226.8301603,55.7471994,0.967999995,-0.075000003,20190623266053,793,0xa,0x4,21.2600002,26.186224,0.0287225824,0.108267896,1.67268645e-05,30,1.13100004,1,0.0648576964829827,374.0,0.11350562183985059,18.762456569226465,19.3700962
513,793210400001234,90424126,2458658.741629627,58658.2412616,19.3467712,0.0755759701,0,zr,226.8301945,55.7471867,0.827000022,-0.0170000009,20190624241181,793,0xa,0x4,21.9099998,26.1959267,0.0251441989,0.10834989,1.29513464e-05,30,1.10099995,2,0.06626611654919917,375.0,0.11426594097503409,18.755207999052068,19.3467712
514,793210400001234,90624086,2458660.741160499,58660.2408681,19.3356323,0.0749280304,0,zr,226.8302052,55.7471583,1.28400004,-0.0670000017,20190626240845,793,0xa,0x4,21.8899994,26.2128677,0.0238209162,0.108717188,1.1685559e-05,30,1.10699999,1,0.06694946024111388,377.0,0.11462972191789378,18.751756902881745,19.335632300000007
515,793210400001234,90624181,2458660.7421094626,58660.2418171,19.4724693,0.0832626149,0,zr,226.8301971,55.747157,0.861999989,-0.0370000005,20190626241794,793,0xa,0x4,21.9300003,26.2247047,0.0238426998,0.104097389,1.17179998e-05,30,1.10800004,2,0.05902177687829931,377.0,0.10607171434093415,18.836001029959256,19.472469299999993
516,793210400001234,90720725,2458661.7075126898,58661.2072569,19.3729458,0.0771195516,0,zr,226.8301574,55.747183,1.16199994,0.0309999995,20190627207187,793,0xa,0x4,21.6000004,26.1959057,0.024230117,0.107448913,1.1920778e-05,30,1.08000004,2,0.06468769554923268,378.0,0.11173763301186751,18.779501331830467,19.372945800000004
517,793210400001234,90731070,2458661.8109578397,58661.310706,19.3301048,0.0746084526,0,zr,226.8301986,55.7471807,0.805999994,-0.057,20190627310706,793,0xa,0x4,21.4099998,26.1893177,0.023736611,0.112914704,1.13670176e-05,30,1.27100003,2,0.06729117007734352,378.0,0.11403027789019252,18.757449543265913,19.330104800000008
518,793210400001234,90823984,2458662.740066142,58662.2398495,19.4104118,0.0793808624,0,zr,226.8302251,55.7471758,0.601999998,-0.0719999969,20190628239850,793,0xa,0x4,21.6900005,26.2076073,0.0232066885,0.108683661,1.11225954e-05,30,1.11300004,2,0.06249356211024598,379.0,0.10923266992309498,18.80411862739907,19.4104118
519,793210400001234,90920408,2458663.704265675,58663.2040856,19.3430405,0.0753584057,0,zr,226.8301745,55.7471729,0.52700001,0.0299999993,20190629204086,793,0xa,0x4,21.2700005,26.1330681,0.0236784779,0.111843914,1.13056794e-05,30,1.08200002,1,0.06649420530743873,380.0,0.11292532711788678,18.768021606791613,19.343040499999994
520,793210400001234,90920498,2458663.705168442,58663.2049884,19.4074001,0.079196766,0,zr,226.830195,55.7471699,0.589999974,0.0329999998,20190629204988,793,0xa,0x4,21.3899994,26.1214218,0.0242089685,0.104351126,1.17794916e-05,30,1.08200002,2,0.06266715228813817,380.0,0.1087930988386297,18.808496631800473,19.407400099999997
521,793210400001234,90931034,2458663.810523217,58663.3103472,19.4218845,0.0800856203,0,zr,226.8302635,55.747145,0.927999973,-0.104999997,20190629310347,793,0xa,0x4,20.9200001,26.1700096,0.0315892026,0.11538776,2.00859104e-05,30,1.28900003,2,0.06183668507668542,380.0,0.10796263162717695,18.8168163447638,19.421884499999997
522,793210400001234,91126590,2458665.766004661,58665.2659028,19.3245468,0.07428848,0,zr,226.8302075,55.7471727,0.764999986,-0.0140000004,20190701265868,793,0xa,0x4,21.8299999,26.2036629,0.0260553062,0.106680505,1.37637708e-05,30,1.17400002,2,0.06763652398681792,382.0,0.11376247053730945,18.760002462749945,19.3245468
523,793210400001234,91321836,2458667.7183959926,58667.2183681,19.3549156,0.0760530978,0,zr,226.8302035,55.7471639,0.70599997,-0.0890000015,20190703218368,793,0xa,0x4,21.7999992,26.224369,0.0262352619,0.108899623,1.40623633e-05,30,1.10300004,1,0.06577089625538646,384.0,0.11129479519272817,18.783812863465393,19.354915600000005
524,793210400001234,91418234,2458668.6823409223,58668.1823495,19.3039093,0.0731117502,0,zr,226.8301793,55.7471731,0.915000021,-0.0199999996,20190704182350,793,0xa,0x4,21.7600002,26.2179241,0.0267699696,0.104113817,1.47359215e-05,30,1.07799995,2,0.06893444446360948,385.0,0.11386715528183519,18.759003822745846,19.303909300000008
525,793210400001234,91630603,2458670.80594132,58670.3060301,19.388176,0.0780313835,0,zr,226.8301861,55.7471503,0.61500001,0.0460000001,20190706306030,793,0xa,0x4,21.6299992,26.1652374,0.0226686113,0.113201216,1.05058643e-05,30,1.34899998,1,0.06378662148983578,387.0,0.10842773306264539,18.812149055203797,19.38817600000001
526,793210400001234,92220533,2458676.7050263397,58676.2053356,19.452877,0.0820185691,0,zr,226.8301903,55.7471491,1.5,0.00499999989,20190712205255,793,0xa,0x4,20.8500004,26.180563,0.0261328351,0.120597996,1.41161163e-05,30,1.11800003,1,0.060096502826452985,393.0,0.10416225428043699,18.855724074172805,19.452876999999994
527,1827201200007108,92322875,2458677.728402911,58677.22875,19.4444027,0.0804765671,0,zr,226.8301696,55.7471552,0.681999981,-0.0299999993,20190713228657,1827,0x1,0x2,21.1299992,26.0938168,0.0268442705,0.10059797,1.44115274e-05,30,1.199,2,0.060567398474608236,394.0,0.1029676796020067,18.868247685160178,19.444402700000005
528,1827201200007108,92322920,2458677.7288542977,58677.2292014,19.4301414,0.0796321332,0,zr,226.8301962,55.7471256,0.698000014,-0.0399999991,20190713229201,1827,0x1,0x2,21.1599998,26.092556,0.0257192813,0.106114447,1.32650048e-05,30,1.20000005,3,0.06136820775579349,394.0,0.10349945399546395,18.862654853232222,19.430141400000004
529,793210400001234,92519452,2458679.694106223,58679.1945255,19.3944645,0.0784108192,0,zr,226.8301883,55.7471744,0.758000016,-0.0689999983,20190715194456,793,0xa,0x4,21.0699997,26.2333279,0.0264275689,0.109692484,1.43010157e-05,30,1.11399996,1,0.06341824216097747,396.0,0.10554948840064793,18.84135966845154,19.394464500000005
530,793210400001234,92824174,2458682.741217796,58682.2417477,19.3074036,0.0733097047,0,zr,226.8302122,55.7471709,0.763999999,0.0130000003,20190718241736,793,0xa,0x4,21.1299992,26.2112751,0.0250353273,0.109538563,1.2829536e-05,30,1.23300004,1,0.06871294459360783,399.0,0.11031320018426857,18.79343129088094,19.307403600000008
531,793210400001234,93717378,2458691.67294211,58691.1737847,19.3812065,0.0776129067,0,zr,226.8302201,55.747147,0.745000005,-0.075000003,20190727173762,793,0xa,0x4,21.6200008,26.1445122,0.0227281153,0.10887973,1.04308529e-05,30,1.13300002,1,0.06419739416663264,408.0,0.1050184714507497,18.84683576795367,19.381206499999998
532,793210400001234,94018409,2458694.683153968,58694.1840972,19.4156303,0.0797006637,0,zr,226.8302361,55.7471754,0.481999993,0.0500000007,20190730184097,793,0xa,0x4,21.6299992,26.1866322,0.0257255007,0.109930195,1.36062326e-05,30,1.16799998,1,0.06219391274237095,411.0,0.10079583609703348,18.89139352085305,19.415630299999997
533,793210400001234,94418355,2458698.6824807366,58698.1835532,19.5241928,0.0866299495,32768,zr,226.8302125,55.7471304,0.853999972,0.143000007,20190803183553,793,0xa,0x4,20.5200005,25.6623116,0.0305302441,0.115775041,1.91694635e-05,30,1.19299996,1,0.05627595581769802,415.0,0.09417551756460249,18.965154960866336,19.5241928
534,793210400001234,95117741,2458705.676134607,58705.177419,19.3774834,0.0773901343,0,zr,226.8301707,55.7471565,0.735000014,0.00700000022,20190810177338,793,0xa,0x4,21.2099991,26.1693211,0.0233585518,0.114925027,1.11747322e-05,30,1.22899997,1,0.0644179114400667,422.0,0.10140840690193338,18.884815099691714,19.377483399999996
535,793210400001234,95727873,2458711.7772855554,58711.2787384,19.1604576,0.0654200837,0,zr,226.8301246,55.7471745,0.541000009,-0.123000003,20190816278727,793,0xa,0x4,20.2800007,26.142292,0.0285551026,0.127016023,1.66413938e-05,30,1.96899998,2,0.07867141471960734,428.0,0.11414277976159584,18.756378887807806,19.160457599999994
536,793210400001234,97015476,2458724.6530186404,58724.1547685,19.4594555,0.0824344158,0,zr,226.830221,55.7471769,1.05999994,-0.0379999988,20190829154745,793,0xa,0x4,21.5400009,26.1894474,0.026869189,0.10203997,1.46593302e-05,30,1.33200002,1,0.05973347766823396,441.0,0.09397117852134579,18.967513316225798,19.459455499999997
537,793210400001234,97422033,2458728.71851026,58728.2203356,19.3419552,0.0752951726,0,zr,226.8302559,55.7471787,0.546999991,-0.063000001,20190902220312,793,0xa,0x4,21.0400009,26.0195694,0.0278460886,0.117316753,1.58919829e-05,30,1.84000003,2,0.06656070602953697,445.0,0.0983236260747232,18.91835528372537,19.341955199999994
538,793210400001234,97822076,2458732.718873673,58732.2207639,19.4574432,0.0823070183,0,zr,226.8301467,55.7471036,0.256000012,0.0260000005,20190906220764,793,0xa,0x4,20.7700005,26.0314465,0.0308910441,0.123995058,1.95371831e-05,30,1.96200001,2,0.05984429016222187,449.0,0.09089617095163202,19.003636028182775,19.457443199999993
539,793210400001234,97921603,2458733.714125214,58733.2160301,19.4635124,0.0826917887,0,zr,226.8301585,55.7471502,0.903999984,-0.0379999988,20190907216030,793,0xa,0x4,20.7000008,26.0992374,0.0277760644,0.120973878,1.5800184e-05,30,1.93900001,2,0.05951069743441245,450.0,0.08987364259366869,19.0159191398128,19.463512400000006
540,793210400001234,97921854,2458733.716636775,58733.2185417,19.3247566,0.074300535,0,zr,226.8301393,55.7471497,1.08099997,-0.166999996,20190907218484,793,0xa,0x4,20.6000004,26.1043682,0.0278291926,0.106326021,1.59089159e-05,30,1.96800005,1,0.06762345564502725,450.0,0.09781751865091844,18.923958395441964,19.324756599999994
541,793210400001234,98317885,2458737.6768969027,58737.1788542,19.3573914,0.076198712,0,zr,226.8302603,55.7472249,0.300000012,-0.0260000005,20190911178843,793,0xa,0x4,20.1000004,26.1100636,0.0331149027,0.120430529,2.24067262e-05,30,1.68700004,1,0.06562109000539583,454.0,0.09581515301128701,18.946414506302027,19.357391400000004
542,793210400001234,99511908,2458749.6170295505,58749.1190856,19.4276733,0.080443427,0,zr,226.8301461,55.7471907,0.785000026,-0.155000001,20190923119063,793,0xa,0x4,20.8299999,26.0875912,0.028358141,0.119761713,1.63883979e-05,30,1.49699998,1,0.061507868896714515,466.0,0.0910394182255257,19.001926315593373,19.427673300000002
543,793210400001234,100711358,2458761.6115261517,58761.113588,19.6381721,0.0944817811,0,zr,226.8302945,55.747148,0.58099997,0.0529999994,20191005113553,793,0xa,0x4,20.7600002,26.1001778,0.028284004,0.122079462,1.64514222e-05,30,1.68900001,1,0.050667696446745854,478.0,0.07832996639310662,19.16518014947048,19.6381721
544,793210400001234,101111387,2458765.611834708,58765.1138773,19.5726204,0.0898929983,0,zr,226.8300439,55.747185,0.465000004,-0.0270000007,20191009113866,793,0xa,0x4,20.6499996,26.0973892,0.0282572918,0.118778393,1.62304405e-05,30,1.78799999,1,0.053821009574493296,482.0,0.0797762184647642,19.14531638468093,19.572620399999998
545,793210400001234,108455748,2458839.057355712,58838.5574884,18.9654636,0.0562536903,32768,zr,226.8301505,55.7473005,0.674000025,-0.333999991,20191221557488,793,0xa,0x4,19.1499996,24.9331417,0.0512215234,0.108361684,7.94635562e-05,30,1.32700002,1,0.09414875036357587,555.0,0.1195679142611638,18.705963366270815,18.9654636
546,793210400001234,109651281,2458851.0131474975,58850.5128125,19.3927479,0.0783070624,0,zr,226.8300925,55.7471399,1.454,-0.0579999983,20200102512708,793,0xa,0x4,20.5699997,26.2709637,0.0286009088,0.118816525,1.65707024e-05,30,1.38,1,0.06351858868967072,567.0,0.08139539538234164,19.123500407205846,19.392747899999996
547,793210400001234,109955399,2458854.054446721,58853.5539931,19.3640671,0.0765926391,0,zr,226.8301824,55.7471757,0.73299998,-0.0130000003,20200105553958,793,0xa,0x4,21.5699997,26.3151875,0.0267143399,0.10513901,1.44981877e-05,30,1.20200002,1,0.06521885350661012,570.0,0.08217107599937049,19.113202565165146,19.364067099999993
548,793210400001234,110249820,2458856.9996416746,58856.498206,19.373745,0.077167131,0,zr,226.8302625,55.7472737,0.419999987,-0.00899999961,20200108497743,793,0xa,0x4,20.7000008,28.2435226,0.0266077425,0.140351281,1.43779807e-05,180,1.37199998,2,0.06464009707791528,573.0,0.08137194916488692,19.123813202225044,19.373745000000007
549,793210400001234,110257120,2458857.071774175,58856.5712037,19.5826607,0.0905830339,0,zr,226.8300903,55.7472141,1.09800005,-0.0179999992,20200108571169,793,0xa,0x4,20.8600006,26.2971992,0.0274879094,0.111899167,1.52831017e-05,30,1.14499998,1,0.053325596234079,573.0,0.0698411863518231,19.289720980326855,19.582660699999998
550,793210400001234,110549377,2458859.994455627,58859.4937731,19.4894638,0.0843556523,0,zr,226.8301423,55.7471533,0.703000009,-0.111000001,20200111493750,793,0xa,0x4,20.7099991,26.2867451,0.0344117209,0.114850834,2.39069122e-05,30,1.35500002,1,0.05810513037715655,576.0,0.07462072049490065,19.217851404940966,19.489463800000003
551,793210400001234,111048725,2458864.9881277103,58864.4872569,19.3722534,0.0770783275,0,zr,226.8301647,55.7471732,1.78499997,-0.0579999983,20200116487257,793,0xa,0x4,21.2600002,26.2767296,0.0246839989,0.104986094,1.2360767e-05,30,1.324,2,0.06472896159985428,581.0,0.08103230226276598,19.12835455471879,19.372253399999998
552,793210400001234,111050834,2458865.0092165065,58864.5083449,19.6052704,0.0921537653,0,zr,226.8301898,55.7471831,0.638000011,-0.0170000009,20200116508333,793,0xa,0x4,20.7399998,25.9397163,0.0289766919,0.100543112,1.68673578e-05,30,1.24800003,2,0.05222661036794804,581.0,0.06818486662758626,19.315780011651718,19.605270400000002
553,793210400001234,111855310,2458873.0542650465,58872.5531019,19.5037174,0.0852824748,0,zr,226.8301782,55.7471755,1.625,-0.142000005,20200124553079,793,0xa,0x4,21.4899998,26.1799965,0.0266014896,0.0988084152,1.41928294e-05,30,1.10599995,1,0.05734730852237945,589.0,0.07330556478201768,19.23715763971402,19.503717399999992
554,793210400001234,112154902,2458876.0502947415,58875.5490278,19.3600101,0.076353021,0,zr,226.8301699,55.7471934,0.653999984,-0.0769999996,20200127549005,793,0xa,0x4,20.8199997,26.2944183,0.0305099208,0.102647699,1.89347866e-05,30,1.10099995,1,0.06546300843793947,592.0,0.08089074641757805,19.13025289280619,19.360010100000004
555,793210400001234,112255314,2458877.054449157,58876.5531481,19.5332928,0.0872349516,0,zr,226.8301718,55.747164,0.360000014,0.0149999997,20200128553137,793,0xa,0x4,21.7600002,26.3134365,0.0285589471,0.105241485,1.66151603e-05,30,1.09399998,2,0.05580625510027369,593.0,0.07104163127377537,19.271217686870607,19.533292800000005
556,793210400001234,112256979,2458877.071093323,58876.5697917,19.4622688,0.0826128274,0,zr,226.8301684,55.7471992,0.675000012,0.0439999998,20200128569780,793,0xa,0x4,21.5200005,26.309536,0.0251622796,0.106683865,1.29361679e-05,30,1.08200002,2,0.05957889991602153,593.0,0.07475092920475739,19.215958510987413,19.462268799999997
557,793210400001234,112455090,2458879.0522706653,58878.5509028,19.4232197,0.0801680163,0,zr,226.8301293,55.7472237,0.460999995,0.0199999996,20200130550903,793,0xa,0x4,20.1100006,26.0631771,0.0338934101,0.113956489,2.32770944e-05,30,1.09099996,1,0.0617606872468237,595.0,0.07693271653555955,19.184722330299955,19.423219699999997
558,793210400001234,112650641,2458881.007843795,58880.506412,19.4558983,0.0822093487,0,zr,226.8302342,55.7471968,0.90200001,0.0610000007,20200201506412,793,0xa,0x4,21.2399998,26.2936459,0.0259801187,0.111448191,1.36531507e-05,30,1.14400005,2,0.05992950354179893,597.0,0.07497598209167282,19.212694592040428,19.455898299999994
559,793210400001234,112653976,2458881.041201386,58880.5397685,19.505043,0.0853691399,0,zr,226.8301651,55.7471579,0.630999982,-0.0769999996,20200201539757,793,0xa,0x4,21.0799999,26.2938843,0.0263995379,0.116787471,1.40345037e-05,30,1.097,2,0.05727733461554842,597.0,0.0721997673280669,19.253660504978235,19.505042999999993
560,793210400001234,112755733,2458882.058803562,58881.557338,19.4389877,0.0811470449,0,zr,226.8301698,55.7471515,0.551999986,-0.0280000009,20200202557303,793,0xa,0x4,21.4300003,26.3109169,0.0261959452,0.104868121,1.39066979e-05,30,1.08099997,1,0.06087022681125777,598.0,0.07579265952377626,19.200932133765768,19.438987700000006
561,793210400001234,112952493,2458884.0264581414,58883.5249306,19.2903786,0.0723500401,0,zr,226.8301883,55.7471325,1.30700004,-0.0869999975,20200204524931,793,0xa,0x4,20.4400005,26.2754555,0.0287911538,0.111305915,1.68439929e-05,30,1.10399997,2,0.0697988970449035,600.0,0.08465986409796813,19.080806082554567,19.290378600000004
562,793210400001234,112955207,2458884.053600197,58883.5520718,19.4992676,0.0849921331,0,zr,226.8300894,55.7472312,1.15799999,0.0649999976,20200204552072,793,0xa,0x4,20.6299992,26.2892799,0.0282388963,0.109799318,1.632967e-05,30,1.08099997,2,0.05758282401207862,600.0,0.07232196033180355,19.251824526376446,19.499267600000003
563,793210400001234,113054649,2458885.0480521927,58884.5464931,19.3853626,0.0778621882,0,zr,226.8301826,55.7471886,1.13199997,-0.0419999994,20200205546470,793,0xa,0x4,20.6399994,26.2479343,0.0279098935,0.112359531,1.58056682e-05,30,1.08299994,1,0.06395212208681149,601.0,0.07869125840653642,19.16018377382482,19.3853626
564,793210400001234,113055427,2458885.0558301355,58884.5542708,19.3319206,0.0747133419,0,zr,226.8301296,55.7472226,0.888000011,0.00200000009,20200205554271,793,0xa,0x4,20.7900009,26.2904987,0.0259810947,0.103966966,1.36667386e-05,30,1.079,2,0.06717872546218862,601.0,0.08185749121054678,19.117353924639538,19.331920599999997
565,793210400001234,113151928,2458886.0208711135,58885.5192824,19.4378567,0.0810764357,0,zr,226.8301345,55.7471497,0.81400001,-0.0689999983,20200206519271,793,0xa,0x4,20.9899998,26.2967148,0.0255224258,0.112493664,1.34065567e-05,30,1.10399997,2,0.06093366772428016,602.0,0.07561243347263832,19.203516961492646,19.437856700000005
566,793210400001234,113153715,2458886.038742058,58885.5371528,19.3525257,0.0759127736,0,zr,226.830149,55.7472281,0.667999983,0.0219999999,20200206537130,793,0xa,0x4,20.9500008,26.2924557,0.0256152619,0.116751932,1.32525629e-05,30,1.08700001,2,0.06591582924040233,602.0,0.08053458399100527,19.13504395091106,19.352525699999994
567,793210400001234,113252385,2458887.02547307,58886.5238542,19.4044266,0.0790154785,0,zr,226.8301944,55.7471554,0.924000025,0.0560000017,20200207523854,793,0xa,0x4,21.2099991,26.3259716,0.0350887477,0.102847032,2.49052027e-05,30,1.09599996,2,0.06283901371714942,603.0,0.07745776846775236,19.17733754761901,19.4044266
568,793210400001234,113255152,2458887.0531474976,58886.5515278,19.3830681,0.0777244419,0,zr,226.830229,55.7471921,0.665000021,-0.057,20200207551516,793,0xa,0x4,21.2199993,26.3113747,0.0289621204,0.115995012,1.70064795e-05,30,1.07799995,2,0.06408741582073262,603.0,0.07864651646044366,19.160801272732435,19.383068099999996
569,793210400001234,113350689,2458888.008546045,58887.5068981,19.3662987,0.0767247528,0,zr,226.8301738,55.7471788,0.215000004,-0.0379999988,20200208506852,793,0xa,0x4,20.8600006,26.313858,0.0348547101,0.10433232,2.45112733e-05,30,1.11300004,2,0.06508494167531759,604.0,0.07964404231502863,19.147116763921993,19.36629870000001
570,793210400001234,113352965,2458888.0313014197,58887.5296528,19.3761826,0.0773124844,0,zr,226.8301463,55.7471944,0.959999979,0.0189999994,20200208529653,793,0xa,0x4,20.9799995,26.3155746,0.0297599696,0.114828877,1.79127474e-05,30,1.08899999,2,0.06449513557183996,604.0,0.07899493632505711,19.15600186660199,19.3761826
571,793210400001234,113354570,2458888.0473550903,58887.545706,19.4273987,0.08042638,0,zr,226.8302004,55.7471717,0.805999994,0.143999994,20200208545694,793,0xa,0x4,20.9699993,26.3049965,0.0335009731,0.116450273,2.2618864e-05,30,1.079,1,0.06152342718498698,604.0,0.07602322793820412,19.197634235609335,19.427398700000005
572,793210400001234,113447192,2458888.973597352,58888.4719213,19.430439,0.0806148946,0,zr,226.8301859,55.7471572,0.587000012,-0.229000002,20200209471887,793,0xa,0x4,19.9099998,26.2955093,0.0329049677,0.11958085,2.21642713e-05,30,1.16900003,2,0.0613513890517558,605.0,0.07585118980497295,19.200094006155503,19.430439
573,793210400001234,113451311,2458889.014790654,58888.5131134,19.3217907,0.0741302818,0,zr,226.8302424,55.7472557,0.661000013,-0.189999998,20200209512986,793,0xa,0x4,19.6100006,26.3052292,0.0369735956,0.12040738,2.86843933e-05,30,1.102,2,0.06780843482892715,605.0,0.08224928728156333,19.11216964168282,19.3217907
574,793210400001234,113751762,2458892.0193892764,58891.5176273,19.4327087,0.080755882,0,zr,226.8301978,55.7471744,0.643000007,-0.0549999997,20200212517581,793,0xa,0x4,21.1000004,26.2995358,0.0281235687,0.112679429,1.62965007e-05,30,1.09000003,2,0.0612232697164737,608.0,0.07566412216910988,19.202775005264435,19.4327087
575,793210400001234,113751846,2458892.0202225996,58891.5184606,19.356699,0.0761579499,0,zr,226.8301924,55.7471779,0.893999994,0.00400000019,20200212518461,793,0xa,0x4,21.1700001,26.3015251,0.025466498,0.112526238,1.33366348e-05,30,1.09000003,1,0.06566295149387492,608.0,0.07992904252932129,19.143238473540613,19.356699
576,793210400001234,113752131,2458892.023081482,58891.5213194,19.4318542,0.0807027593,0,zr,226.8301297,55.7471745,0.549000025,0.0560000017,20200212521319,793,0xa,0x4,21.0499992,26.3047028,0.0243079942,0.109783649,1.21953635e-05,30,1.09000003,2,0.061271472839687695,608.0,0.07553756387513405,19.204592563751596,19.431854199999997
577,793210400001234,113851729,2458893.019080905,58892.5172917,19.2939415,0.0725498199,0,zr,226.8302327,55.7471819,0.810000002,0.075000003,20200213517268,793,0xa,0x4,21.0799999,26.2810917,0.0263566077,0.115872376,1.41916344e-05,30,1.08800006,2,0.06957022372967808,609.0,0.08383631476512445,19.091419551102057,19.293941499999995
578,793210400001234,113853493,2458893.036720286,58892.5349306,19.4901772,0.0844018608,0,zr,226.8301809,55.7471624,1.03600001,-0.0780000016,20200213534930,793,0xa,0x4,21.1299992,26.3073273,0.0259636939,0.105142519,1.3738254e-05,30,1.07799995,2,0.05806696403030122,609.0,0.07227548719487481,19.252522430383912,19.490177199999998
579,793210400001234,113952013,2458894.02195493,58893.5201389,19.412735,0.0795231238,0,zr,226.830206,55.7471507,0.818000019,0.0289999992,20200214520116,793,0xa,0x4,21.2700005,26.2946987,0.0265842285,0.109859049,1.43728867e-05,30,1.08399999,2,0.06235998470533814,610.0,0.07656850786991173,19.189874540361593,19.412735000000005
580,793210400001234,113953244,2458894.0342584597,58893.5324421,19.4582596,0.0823586211,0,zr,226.8301631,55.7471534,0.558000028,0.0820000023,20200214532442,793,0xa,0x4,21.3999996,26.2945728,0.0256407857,0.109240502,1.33835638e-05,30,1.07799995,2,0.059799308227984134,610.0,0.07395060226680131,19.22764571170378,19.458259599999998
581,793210400001234,113953334,2458894.0351612843,58893.5333449,19.4016113,0.0788441375,0,zr,226.8301538,55.7471537,0.833000004,0.0189999994,20200214533333,793,0xa,0x4,21.3400002,26.2909241,0.026664963,0.109910503,1.44606411e-05,30,1.07700002,1,0.06300216590500743,610.0,0.0771534599438246,19.181611483113635,19.401611300000006
582,793210400001234,114051484,2458895.0166916368,58894.5148495,19.4888573,0.0843164921,0,zr,226.8302114,55.7471862,0.748000026,-0.0450000018,20200215514838,793,0xa,0x4,21.25,26.2969723,0.0253549162,0.111069918,1.3047711e-05,30,1.08500004,2,0.05813759738536983,611.0,0.072288891424187,19.25232108815505,19.4888573
583,793210400001234,114053663,2458895.03847461,58894.5366319,19.4282093,0.0804765895,0,zr,226.8301293,55.747159,0.896000028,0.136000007,20200215536597,793,0xa,0x4,21.2399998,26.295557,0.0256593991,0.111680403,1.33739613e-05,30,1.07599998,2,0.06147751153997969,611.0,0.07557191269799604,19.20409896451401,19.4282093
584,793210400001234,114449465,2458898.996594272,58898.4946528,19.4472351,0.0816635042,0,zr,226.8301442,55.7471713,0.287999988,0.0140000004,20200219494618,793,0xa,0x4,21.7600002,26.3034134,0.0296364836,0.100649185,1.80894167e-05,30,1.09300005,2,0.06040959998975567,615.0,0.07450400114777202,19.21955100840652,19.447235099999993
585,793210400001234,114451143,2458899.013377077,58898.5114352,19.5652065,0.0893865079,0,zr,226.8301347,55.7471643,0.522000015,0.0989999995,20200219511435,793,0xa,0x4,21.7800007,26.2953224,0.0272720512,0.103198923,1.51051472e-05,30,1.08099997,1,0.05418978151421679,615.0,0.06805992438561348,19.317771344349758,19.565206499999995
586,793210400001234,114451372,2458899.015668831,58898.5137269,19.4479752,0.0817100033,0,zr,226.8301516,55.7471657,0.598999977,0.0320000015,20200219513715,793,0xa,0x4,21.7600002,26.3101845,0.0265393946,0.101897225,1.44623e-05,30,1.08000004,2,0.0603684353771538,615.0,0.07423857824855049,19.223425884831336,19.447975199999995
587,793210400001234,114453407,2458899.036016519,58898.5340741,19.4152718,0.0796787068,0,zr,226.8301408,55.7471582,0.899999976,0.0560000017,20200219534016,793,0xa,0x4,21.7299995,26.3077126,0.0256501734,0.10334795,1.33594094e-05,30,1.07500005,2,0.062214451984847534,615.0,0.07608459485624422,19.19675816905231,19.415271799999992
588,793210400001234,114548377,2458899.985737946,58899.4837731,19.3923626,0.0782838166,0,zr,226.830156,55.7471637,0.595000029,0.0540000014,20200220483773,793,0xa,0x4,21.3700008,26.2999554,0.0258900002,0.10854578,1.35622768e-05,30,1.10099995,2,0.06354113381175046,616.0,0.07741127668314715,19.177989425019526,19.392362600000006
589,793210400001234,114550484,2458900.006814841,58899.5048495,19.4534836,0.0820568502,0,zr,226.8301717,55.7471843,0.60799998,0.0850000009,20200220504838,793,0xa,0x4,21.3199997,26.2968159,0.0256867129,0.105234288,1.31858005e-05,30,1.08299994,2,0.060062936333239086,616.0,0.07387783082838652,19.228714661567984,19.45348359999999
590,793210400001234,114550664,2458900.0086088823,58899.5066435,19.3729267,0.0771184266,0,zr,226.8302013,55.7471417,0.437999994,-0.0419999994,20200220506644,793,0xa,0x4,21.3600006,26.2942886,0.0236632023,0.107582241,1.12725538e-05,30,1.08200002,1,0.064688833529018,616.0,0.07850372802416543,19.162774296930515,19.3729267
591,793210400001234,114647508,2458900.9770687306,58900.475081,19.4270496,0.0804048181,0,zr,226.8301845,55.7471576,0.405999988,0.0500000007,20200221475058,793,0xa,0x4,20.9400005,25.9513569,0.0282192063,0.107658155,1.60810923e-05,30,1.10800004,2,0.06154321217661016,617.0,0.07535810667175759,19.207175053680764,19.427049599999997
592,793210400001234,114647785,2458900.979846594,58900.4778588,19.4243317,0.0802367181,0,zr,226.8301915,55.7471834,0.948000014,0.0130000003,20200221477836,793,0xa,0x4,21.3600006,26.1877747,0.0255358443,0.109993726,1.32052701e-05,30,1.10500002,1,0.06169746495919434,617.0,0.07545743278589769,19.205744936145415,19.424331700000003
593,793210400001234,114649293,2458900.994927947,58900.4929398,19.4795113,0.0837140158,32768,zr,226.8300995,55.7471297,0.354000002,0.0140000004,20200221492917,793,0xa,0x4,19.9500008,25.073885,0.0445866883,0.0922087729,4.17847987e-05,30,1.09000003,2,0.058640205015711204,617.0,0.07240017284241455,19.250650992503772,19.479511300000006
594,793210400001234,114650603,2458901.008018544,58900.5060301,19.4107475,0.0794013515,0,zr,226.8301604,55.7471553,0.643999994,-0.0930000022,20200221505995,793,0xa,0x4,21.0499992,25.9245834,0.0290692057,0.102216043,1.73353619e-05,30,1.08099997,2,0.062474242642249204,617.0,0.07623421046895255,19.194625232946215,19.410747500000006
595,793210400001234,114941116,2458903.9132212615,58903.411169,19.497303,0.0848642439,0,zr,226.8301533,55.7471765,0.79400003,-0.0419999994,20200224411100,793,0xa,0x4,21.6700001,26.2724648,0.0279971845,0.103074871,1.5915959e-05,30,1.22000003,2,0.0576871123531152,620.0,0.07144708017981855,19.265038786941226,19.497302999999995
596,793210400001234,114942542,2458903.9274807675,58903.4254282,19.430851,0.0806404278,0,zr,226.8301882,55.7471823,1.329,-0.107000001,20200224425208,793,0xa,0x4,21.5599995,26.2694454,0.0248517133,0.110868774,1.24873732e-05,30,1.18200004,2,0.061328112700698795,620.0,0.07492520738958339,19.213430115682947,19.430850999999997
597,793210400001234,114945577,2458903.957828721,58903.4557755,19.3592606,0.0763088167,0,zr,226.8301875,55.7471766,0.666000009,0.00899999961,20200224455671,793,0xa,0x4,21.6000004,26.2865944,0.0265776441,0.103016287,1.41357332e-05,30,1.12300003,2,0.06550821413661313,620.0,0.07910530882549772,19.154485924117616,19.359260599999992
598,793210400001234,114946250,2458903.964553366,58903.4625,19.4501114,0.0818443447,0,zr,226.8301684,55.7471645,1.27600002,0.0920000002,20200224462500,793,0xa,0x4,21.6399994,26.2925453,0.0272576734,0.105800405,1.49446432e-05,30,1.11399996,2,0.06024977647091974,620.0,0.07384687115980433,19.22916975178793,19.450111400000004
599,793210400001234,114949486,2458903.9969151574,58903.4948611,19.5166702,0.0861327052,0,zr,226.8301444,55.7471743,0.777999997,0.0309999995,20200224494838,793,0xa,0x4,21.7600002,26.2928581,0.0273631793,0.102341227,1.52871053e-05,30,1.08299994,2,0.05666722164461142,620.0,0.070264316333496,19.28316293758966,19.5166702
600,793210400001234,114950839,2458904.010445545,58903.5083912,19.4488964,0.0817679316,0,zr,226.8301351,55.7471633,0.635999978,0.0489999987,20200224508356,793,0xa,0x4,21.6200008,26.2961826,0.0257927123,0.0995260328,1.35738901e-05,30,1.07700002,2,0.0603172371052642,620.0,0.07391433179414879,19.228178362211658,19.448896400000002
601,793210400001234,114950928,2458904.0113367615,58903.5092824,19.4547844,0.0821389332,0,zr,226.8301734,55.7471903,1.05299997,-0.0810000002,20200224509282,793,0xa,0x4,21.6299992,26.2970676,0.026647104,0.108455673,1.44828491e-05,30,1.07599998,1,0.05999101915578076,620.0,0.07358811384466535,19.232980821104213,19.4547844
602,793210400001234,115051871,2458905.0207906542,58904.5187153,19.4814186,0.0838366449,0,zr,226.8302118,55.7471863,1.01699996,0.157000005,20200225518715,793,0xa,0x4,21.3099995,26.2915764,0.0253990851,0.110282831,1.32027972e-05,30,1.07500005,1,0.058537282885905983,621.0,0.07213437757479058,19.254644278117404,19.481418600000005
603,793210400001234,115053028,2458905.0323649915,58904.5302894,19.3882504,0.0780358315,0,zr,226.8302101,55.7471805,1.45700002,-0.0410000011,20200225530278,793,0xa,0x4,20.7999992,26.2835274,0.0292409938,0.116140172,1.7701168e-05,30,1.07700002,2,0.06378225066567016,621.0,0.07732568224052636,19.179190598874875,19.388250399999997
604,793210400001234,115248642,2458906.988538159,58906.4864236,19.3724556,0.0770903826,0,zr,226.8302102,55.7471909,0.776000023,-0.0460000001,20200227486424,793,0xa,0x4,20.5100002,26.0648479,0.0292192101,0.116776407,1.72032105e-05,30,1.08299994,2,0.06471690804823961,623.0,0.07826033962309581,19.166145679354507,19.372455600000002
605,793210400001234,115250814,2458907.010263082,58906.5081481,19.3758011,0.0772897229,0,zr,226.8302229,55.7471438,0.992999971,0.063000001,20200227508113,793,0xa,0x4,20.6100006,26.0230999,0.0263935253,0.115998633,1.41791397e-05,30,1.07500005,2,0.06451780149877981,623.0,0.0779548351127051,19.170392356811824,19.375801099999997
606,793210400001234,115250905,2458907.0111658988,58906.5090509,19.4762516,0.0835047737,0,zr,226.8302127,55.7471879,0.647000015,-0.128999993,20200227509051,793,0xa,0x4,20.6599998,25.9956131,0.0276458412,0.116620824,1.54105546e-05,30,1.07500005,1,0.058816524739005685,623.0,0.07225355835293097,19.252851899629626,19.476251600000005
607,793210400001234,115449402,2458908.9961799905,58908.4940278,19.4284916,0.0804940984,0,zr,226.8301681,55.747165,0.568000019,0.00600000005,20200229494016,793,0xa,0x4,21.4899998,26.2962761,0.0247661248,0.100983456,1.26523637e-05,30,1.07700002,1,0.06146152897865884,625.0,0.07489856259258412,19.21381629233675,19.428491599999994
608,793210400001234,115748774,2458911.9899468496,58911.4877431,19.4749832,0.0834234878,0,zr,226.8303159,55.747213,0.973999977,0.00499999989,20200303487743,793,0xa,0x4,20.3600006,26.2649937,0.0326903351,0.113662742,2.1639582e-05,30,1.07599998,1,0.05888527668229045,628.0,0.07221713514446662,19.253399360100723,19.474983200000004
609,793210400001234,115748864,2458911.990849559,58911.4886458,19.4840279,0.0840046108,0,zr,226.8304082,55.7472247,0.800999999,-0.00300000003,20200303488646,793,0xa,0x4,20.6100006,26.2661114,0.0279923044,0.118385106,1.59712672e-05,30,1.07599998,2,0.058396771829547466,628.0,0.07157312194818789,19.26312509720197,19.484027899999994
610,793210400001234,115751255,2458912.0147620556,58911.5125579,19.4871826,0.0842082277,0,zr,226.8303563,55.7471144,0.944999993,-0.0979999974,20200303512477,793,0xa,0x4,20.6100006,26.2736187,0.0281382538,0.115098797,1.60222589e-05,30,1.07700002,2,0.058227341249136755,628.0,0.07140369136777718,19.265698339634604,19.487182600000004
611,793210400001234,115847388,2458912.9761084374,58912.4738889,19.4672318,0.0829284042,0,zr,226.8301548,55.7471651,1.33200002,0.180999994,20200304473854,793,0xa,0x4,21.4300003,26.2807274,0.0249332935,0.109670699,1.25921279e-05,30,1.08099997,1,0.059307180787304375,629.0,0.0724835309059448,19.24940164733689,19.4672318
612,793210400001234,115847568,2458912.977902463,58912.4756829,19.4464664,0.0816152841,0,zr,226.8302037,55.7471775,1.28100002,0.0500000007,20200304475683,793,0xa,0x4,21.4200001,26.2819805,0.0240956992,0.105512202,1.16641295e-05,30,1.08000004,2,0.06045238506205099,629.0,0.07357749161451145,19.23313755527912,19.4464664
613,793210400001234,115946260,2458913.964838949,58913.4626042,19.3999786,0.0787449926,0,zr,226.8302296,55.7471293,0.465000004,-0.0219999999,20200305462593,793,0xa,0x4,21.1000004,25.954752,0.0260814521,0.111599974,1.38356081e-05,30,1.08599997,2,0.06309697808530239,630.0,0.07622208463776285,19.19479794413474,19.399978600000004
614,793210400001234,115946440,2458913.9666444766,58913.4644097,19.461628,0.0825721323,0,zr,226.8301846,55.7471812,0.762000024,-0.057,20200305464410,793,0xa,0x4,21.1000004,25.9644032,0.0260622818,0.110595718,1.38637397e-05,30,1.08399999,1,0.05961407367873073,630.0,0.07268822940170123,19.246339774769872,19.461627999999997
615,793210400001234,116051370,2458915.015953956,58914.5137037,19.4231873,0.0801660269,32768,zr,226.8301872,55.7472097,1.11000001,-0.023,20200306513669,793,0xa,0x4,21.3700008,26.3374996,0.0285843406,0.112475045,1.65268048e-05,30,1.08099997,2,0.06176253030604453,631.0,0.07483668602901504,19.21471363120299,19.423187300000002
616,793210400001234,116051466,2458915.0169146713,58914.5146644,19.4888992,0.0843191743,0,zr,226.8301876,55.7471633,0.764999986,0.0309999995,20200306514630,793,0xa,0x4,21.7800007,26.2842083,0.0276308265,0.100007817,1.55283014e-05,30,1.08099997,1,0.058135353821678226,631.0,0.07115884935672484,19.269427707754197,19.4888992
617,793210400001234,116054651,2458915.048766926,58914.5465162,19.4118919,0.0794714093,0,zr,226.8301734,55.7471755,0.558000028,0.0780000016,20200306546505,793,0xa,0x4,21.7000008,26.2882328,0.0282965954,0.106193051,1.61977187e-05,30,1.10899997,2,0.0624084275234944,631.0,0.07543192305854102,19.20611205064032,19.411891899999993
618,793210400001234,116142283,2458915.925098698,58915.4228356,19.3769627,0.0773590952,0,zr,226.8301813,55.7471981,0.147,0.023,20200307422812,793,0xa,0x4,19.6399994,25.7764492,0.0473667979,0.105204694,4.89113081e-05,30,1.12399995,2,0.06444881254735213,632.0,0.07747230808239874,19.17713376296438,19.3769627
619,793210400001234,116153006,2458916.032333987,58915.5300694,19.2679214,0.0711026639,32768,zr,226.8302414,55.7471739,0.796000004,0.0860000029,20200307529988,793,0xa,0x4,20.0200005,25.2795219,0.116293155,0.0703358725,0.000277673447,30,1.09399998,1,0.07125764086252194,632.0,0.08423076477442185,19.08632314026915,19.2679214
620,793210400001234,118242024,2458936.9226539955,58936.4202431,19.3934097,0.0783470348,0,zr,226.8301588,55.7471791,1.12399995,0.0399999991,20200328420243,793,0xa,0x4,21.6200008,26.2693443,0.0287041925,0.10791482,1.67956714e-05,30,1.07599998,2,0.06347988334585761,653.0,0.07645300725775751,19.19151356765783,19.3934097
621,793210400001234,118242114,2458936.923556695,58936.4211458,19.3907318,0.0781853944,0,zr,226.8301833,55.7471694,0.728999972,0.104999997,20200328421146,793,0xa,0x4,21.6700001,26.279644,0.0272460636,0.10228052,1.5131659e-05,30,1.07599998,1,0.06363664572475779,653.0,0.07561512915631288,19.20347825424495,19.390731800000005
622,793210400001234,118244859,2458936.9510103967,58936.4485995,19.4285736,0.080499202,0,zr,226.8301992,55.7471683,0.728999972,0.0560000017,20200328448600,793,0xa,0x4,21.6399994,26.270504,0.0273816846,0.100252002,1.52729754e-05,30,1.07799995,2,0.061456887284808345,653.0,0.07343537071636344,19.235236770955844,19.4285736
623,793210400001234,118542780,2458939.930208993,58939.4278009,19.5335999,0.0872553885,32768,zr,226.8302204,55.7471075,0.60799998,0.0930000022,20200331427801,793,0xa,0x4,20.4899998,25.613802,0.0341779925,0.119772717,2.38884586e-05,30,1.07500005,1,0.05579047255812161,656.0,0.06776895598967671,19.322423012010866,19.533599900000006
624,793210400001234,118741489,2458941.917298743,58941.4148958,19.4733219,0.0833171979,0,zr,226.8300765,55.74719,0.800000012,0.0130000003,20200402414884,793,0xa,0x4,21.1000004,26.2605629,0.0273209084,0.112328023,1.52478078e-05,30,1.07500005,2,0.05897544682716897,658.0,0.07082112226776924,19.274592988676567,19.473321899999995
625,793210400001234,118742924,2458941.9316505967,58941.4292477,19.419796,0.0799568966,0,zr,226.8301239,55.7471611,1.08899999,0.0540000014,20200402429248,793,0xa,0x4,21.2000008,26.2583065,0.0287814755,0.109266467,1.69122632e-05,30,1.07700002,2,0.06195574733796253,658.0,0.07371409709690202,19.231123624112747,19.419795999999998
626,793210400001234,118743015,2458941.932553389,58941.4301505,19.4087029,0.0792763457,0,zr,226.8301764,55.7472044,1.50800002,-0.0520000011,20200402430139,793,0xa,0x4,21.2299995,26.2581444,0.029400453,0.109979562,1.75033711e-05,30,1.07700002,1,0.06259200161829095,658.0,0.07435035137723044,19.221792436690585,19.4087029
627,793210400001234,118946901,2458943.971411081,58943.4690162,19.398592,0.0786608458,0,zr,226.8301767,55.7471491,0.69599998,0.0370000005,20200404469016,793,0xa,0x4,21.1299992,26.2559776,0.0241298433,0.110511541,1.17356885e-05,30,1.11199999,1,0.0631776110791965,660.0,0.07493596083813599,19.213274299355383,19.398592
628,793210400001234,119037967,2458944.8820663337,58944.3796759,19.4510174,0.0819013938,0,zr,226.8301775,55.7470806,0.561999977,0.0219999999,20200405379676,793,0xa,0x4,19.9500008,26.2621956,0.0321182348,0.127347961,2.15929958e-05,30,1.08500004,2,0.06019952160364852,661.0,0.07187150056107235,19.25860821919978,19.451017400000005
629,793210400001234,119040925,2458944.9116495703,58944.4092593,19.3464069,0.0755547285,0,zr,226.8302215,55.7472265,0.707000017,0.152999997,20200405409259,793,0xa,0x4,20.1599998,26.2737141,0.0287425276,0.113696367,1.72092277e-05,30,1.07500005,2,0.06628835472879692,661.0,0.077917502281932,19.170912444050508,19.346406899999998
630,793210400001234,120044954,2458954.951854204,58954.4495486,19.3092155,0.0734125674,0,zr,226.830152,55.747202,0.433999985,-0.0209999997,20200415449549,793,0xa,0x4,21.0,26.2581997,0.0261272471,0.113786206,1.39000485e-05,30,1.12699997,1,0.06859837057777994,671.0,0.08022751813091503,19.13919160664073,19.3092155
631,793210400001234,120049686,2458954.9991684384,58954.4968634,19.409893,0.0793491453,0,zr,226.8301736,55.7471662,0.865999997,0.115999997,20200415496840,793,0xa,0x4,21.1599998,26.2558708,0.0264101047,0.111324847,1.41696664e-05,30,1.23500001,2,0.06252343069819152,671.0,0.07373686662516686,19.230788303125017,19.409893000000004
632,793210400001234,120142896,2458955.931263828,58955.4289699,19.3630486,0.0765324309,0,zr,226.8302992,55.7471717,0.611000001,-0.0909999982,20200416428935,793,0xa,0x4,21.0300007,26.2653675,0.0252212677,0.114575617,1.28688198e-05,30,1.10300004,1,0.06528006226771833,672.0,0.07649349819469367,19.190938693755434,19.363048600000006
633,793210400001234,120142988,2458955.9321782216,58955.4298843,19.3969803,0.0785631388,0,zr,226.8300704,55.7471709,1.21099997,-0.188999996,20200416429884,793,0xa,0x4,20.6599998,26.2632122,0.027527649,0.115737788,1.54687059e-05,30,1.10399997,2,0.06327146349711292,672.0,0.07444455465283549,19.220417659511376,19.396980300000003
634,793210400001234,120232677,2458956.829053496,58956.3267708,19.371109,0.077010259,0,zr,226.8302049,55.7471741,0.792999983,0.0379999988,20200417326759,793,0xa,0x4,21.4799995,26.1856766,0.0265264232,0.108877435,1.41857754e-05,30,1.10300004,1,0.06479722392376877,673.0,0.07597031507949134,19.198390180994657,19.371108999999997
635,793210400001234,120232767,2458956.829956288,58956.3276736,19.3894539,0.078108348,0,zr,226.8301884,55.7471382,0.60799998,0.0179999992,20200417327674,793,0xa,0x4,21.3400002,26.0960522,0.0247054882,0.110061668,1.22583751e-05,30,1.10099995,2,0.0637115894773311,673.0,0.0748445528498243,19.21459950478019,19.3894539
636,793210400001234,120234324,2458956.84552319,58956.3432407,19.3116035,0.0735483244,0,zr,226.8301594,55.747168,0.773999989,0.104999997,20200417343218,793,0xa,0x4,21.4899998,26.1543598,0.0338485129,0.0976858139,2.32166822e-05,30,1.08700001,2,0.06844765911327351,673.0,0.07958062248576671,19.147981670228525,19.311603499999997
637,793210400001234,120741645,2458961.91866797,58961.4164583,19.411993,0.0794776231,0,zr,226.8300479,55.7472343,0.586000025,-0.00600000005,20200422416424,793,0xa,0x4,20.3500004,26.2441254,0.030894557,0.108422577,2.02750889e-05,30,1.10699999,2,0.06240261653713739,678.0,0.0735355799096306,19.233756195841146,19.411993000000002
638,793210400001234,120742745,2458961.929663198,58961.4274537,19.3276577,0.0744674578,0,zr,226.8301022,55.7471656,0.972000003,0.0160000008,20200422427454,793,0xa,0x4,20.4200001,26.2229443,0.0306104347,0.112416863,1.87947298e-05,30,1.12199998,1,0.06744300615946576,678.0,0.07837853480386872,19.16450714853871,19.327657699999996
639,793210400001234,120743483,2458961.9370473707,58961.434838,19.5633736,0.0892616361,0,zr,226.8301566,55.7472415,1.49899995,-0.0480000004,20200422434826,793,0xa,0x4,20.7399998,26.2293758,0.0284416135,0.110946849,1.63631103e-05,30,1.13399994,2,0.05428133997495884,678.0,0.06521686861936181,19.364100144075856,19.5633736
640,793210400001234,120829931,2458962.8015125105,58962.2993171,19.372303,0.0770813078,0,zr,226.8301333,55.7471767,1.01400006,0.0900000036,20200423299294,793,0xa,0x4,21.6200008,26.2758484,0.0280800555,0.107585303,1.59821957e-05,30,1.11699998,2,0.06472600463558613,679.0,0.07566153327998909,19.20281215495516,19.372302999999995
641,793210400001234,120832187,2458962.824070045,58962.321875,19.4585228,0.0823753029,0,zr,226.8301858,55.7471775,1.23399997,-0.0320000015,20200423321875,793,0xa,0x4,21.4899998,26.2654209,0.0270954836,0.106415525,1.50156393e-05,30,1.09099996,2,0.05978481366632566,679.0,0.07068148623914207,19.27673581759796,19.458522800000004
642,793210400001234,121027790,2458964.780066882,58964.2779051,19.4623718,0.0826193392,0,zr,226.8301828,55.747166,0.556999981,-0.00999999978,20200425277882,793,0xa,0x4,21.7900009,26.2476997,0.0242491011,0.107853591,1.20177856e-05,30,1.14199996,2,0.05957324814205172,681.0,0.07046992071486813,19.279990542809067,19.462371799999993
643,793210400001234,121041053,2458964.912691857,58964.4105324,19.4531612,0.0820365474,0,zr,226.8301996,55.7471547,0.893000007,-0.0670000017,20200425410532,793,0xa,0x4,21.7900009,26.2593651,0.026457848,0.108622558,1.42935814e-05,30,1.11000001,2,0.060080774152317266,681.0,0.07090035427512525,19.27337898681852,19.453161200000004
644,793210400001234,121041143,2458964.9135946385,58964.4114352,19.399786,0.0787332579,0,zr,226.830208,55.7471778,0.600000024,-0.0399999991,20200425411435,793,0xa,0x4,21.7299995,26.2519379,0.0250019245,0.111651428,1.27766452e-05,30,1.11099994,1,0.0631081719239723,681.0,0.0739277520467803,19.227981248455954,19.399786
645,793210400001234,121131754,2458965.819689512,58965.3175463,19.4661331,0.0828584135,0,zr,226.8301912,55.7471808,0.785000026,-0.0170000009,20200426317546,793,0xa,0x4,21.75,26.288414,0.0260352194,0.109717146,1.37531197e-05,30,1.08800006,2,0.05936722647776044,682.0,0.07018680660056843,19.28436129229194,19.4661331
646,793210400001234,121134222,2458965.8443649686,58965.3422222,19.3913021,0.0782197714,0,zr,226.8301584,55.7471592,0.870000005,-0.0759999976,20200426342222,793,0xa,0x4,21.7999992,26.2814579,0.0240607467,0.109284103,1.17905211e-05,30,1.07599998,2,0.06360322835403766,682.0,0.07438456935370154,19.221292867438372,19.391302099999997
647,793210400001234,121234782,2458966.849948292,58966.3478241,19.4655724,0.0828227624,0,zr,226.8301882,55.7471673,0.995999992,0.0199999996,20200427347824,793,0xa,0x4,21.0599995,25.8285866,0.0263300035,0.107585572,1.41170949e-05,30,1.07500005,2,0.05939789304333271,683.0,0.0701792340429966,19.284478440284268,19.465572400000006
648,793210400001234,121236586,2458966.867991954,58966.3658681,19.4242191,0.0802297145,0,zr,226.8302003,55.7471565,0.504999995,-0.0149999997,20200427365856,793,0xa,0x4,21.8700008,26.2506409,0.0235312358,0.104937553,1.13742317e-05,30,1.07799995,2,0.06170386383838355,683.0,0.07244716863802844,19.249946457121375,19.424219099999995
649,793210400001234,121334831,2458967.850415343,58967.3483102,19.4162369,0.0797379315,0,zr,226.8301239,55.7471678,1.31500006,0.0590000004,20200428348275,793,0xa,0x4,21.5900002,26.263176,0.025289882,0.11059878,1.29861673e-05,30,1.07500005,2,0.06215917475510335,684.0,0.07290247955474825,19.24314425058258,19.416236899999994
650,793210400001234,121334921,2458967.851318126,58967.349213,19.5361519,0.0874257758,0,zr,226.8301569,55.7471574,0.771000028,0.0399999991,20200428349201,793,0xa,0x4,21.7000008,26.2830906,0.0280335192,0.103916459,1.59934643e-05,30,1.07500005,1,0.0556594922251759,684.0,0.06636496240295976,19.345152868266062,19.5361519
651,793210400001234,121337151,2458967.873620893,58967.3715162,19.3518829,0.0758750886,0,zr,226.8301665,55.7471709,1.31799996,0.0309999995,20200428371516,793,0xa,0x4,21.5499992,26.2748756,0.0270313974,0.107118636,1.48972658e-05,30,1.08200002,2,0.06595486564713966,684.0,0.07666033582492353,19.188573206423463,19.3518829
652,793210400001234,121438913,2458968.891216626,58968.3891319,19.525753,0.0867334157,0,zr,226.830201,55.7471733,0.77700001,0.101000004,20200429389120,793,0xa,0x4,22.0400009,26.318718,0.0283472035,0.0990399644,1.63472378e-05,30,1.09800005,2,0.056195145496873204,685.0,0.06690061567465706,19.336424713694207,19.525753
653,793210400001234,121440703,2458968.909121366,58968.407037,19.4799156,0.0837399885,0,zr,226.8301998,55.747166,0.801999986,0.0450000018,20200429407037,793,0xa,0x4,22.0599995,26.3389683,0.0284413286,0.106457345,1.63282421e-05,30,1.12,2,0.05861837298951033,685.0,0.06928620878939605,19.29838300447752,19.479915600000005
654,793210400001234,121534449,2458969.8465561676,58969.3444907,19.2523727,0.0702513531,32768,zr,226.8301379,55.7471636,0.859000027,-0.108999997,20200430344491,793,0xa,0x4,20.3899994,25.1448383,0.0404269584,0.0950455517,3.46972374e-05,30,1.07500005,2,0.07228545516189512,686.0,0.08295329096178083,19.10291594940977,19.252372700000002
655,793210400001234,121636793,2458970.8699840787,58970.3679398,19.3027878,0.073048301,0,zr,226.8301679,55.7471564,0.533999979,0.0879999995,20200501367940,793,0xa,0x4,21.7099991,26.326889,0.0248006471,0.106132507,1.25975594e-05,30,1.08500004,2,0.06900568637407702,687.0,0.07963608671650332,19.147225222916965,19.302787799999997
656,793210400001234,121638700,2458970.8890461754,58970.3870023,19.4139023,0.0795946568,0,zr,226.8301841,55.7471621,0.586000025,0.0590000004,20200501386991,793,0xa,0x4,21.8400002,26.3142757,0.025114255,0.10713461,1.28975298e-05,30,1.102,2,0.06229297607724453,687.0,0.07288613856969661,19.243387644057258,19.413902299999997
657,793210400001234,121638797,2458970.890018355,58970.3879745,19.4196129,0.0799455866,0,zr,226.8301662,55.7471602,0.569000006,-0.00400000019,20200501387951,793,0xa,0x4,21.7399998,26.3319874,0.0251906458,0.106191978,1.28922366e-05,30,1.10300004,1,0.06196619651878921,687.0,0.07255935901124129,19.24826640621192,19.419612899999997
658,793210400001234,121737028,2458971.87231238,58971.3702894,19.5237064,0.0865977183,0,zr,226.8301756,55.7471667,1.43499994,0.109999999,20200502370289,793,0xa,0x4,21.2800007,26.3055477,0.0248263497,0.107463248,1.25635952e-05,30,1.08800006,2,0.05630117258494749,688.0,0.06689433507739957,19.33652664686577,19.523706400000002
659,793210400001234,121738603,2458971.8880527373,58971.3860301,19.4135494,0.0795730278,0,zr,226.8301794,55.7471771,0.588,0.0160000008,20200502386030,793,0xa,0x4,21.2700005,26.2978058,0.0237533189,0.111193791,1.15029707e-05,30,1.10399997,2,0.06231322663550949,688.0,0.07286934758299052,19.24363779700507,19.4135494
660,793210400001234,121838383,2458972.8858319004,58972.383831,19.4585972,0.0823800638,0,zr,226.830148,55.747168,0.901000023,-0.0769999996,20200503383831,793,0xa,0x4,21.3500004,26.295723,0.0281918924,0.105523221,1.60391173e-05,30,1.10399997,2,0.05978071705637409,689.0,0.07033683800385511,19.282042898277147,19.458597200000007
661,793210400001234,121927879,2458973.7807772607,58973.2787963,19.361084,0.0764164031,0,zr,226.8301418,55.7471247,0.393000007,0.0520000011,20200504278796,793,0xa,0x4,21.0,26.290041,0.0233418457,0.112988852,1.11103391e-05,30,1.10399997,1,0.06539829108878602,690.0,0.07591756550419061,19.199144317872104,19.361083999999998
662,1827201200007108,121927927,2458973.7812517458,58973.2792708,19.2873039,0.0715967938,0,zr,226.8301466,55.7471675,1.10599995,-0.155000001,20200504279271,1827,0x1,0x2,20.9500008,26.2095318,0.026957009,0.114146143,1.46869725e-05,30,1.12800002,2,0.06999684092224043,690.0,0.08047946253663117,19.135787331532832,19.287303900000005
663,1827201200007108,121927973,2458973.781714739,58973.2797338,19.3058548,0.0725972876,0,zr,226.8301127,55.7471336,0.866999984,0.057,20200504279734,1827,0x1,0x2,20.9500008,26.210083,0.0259132944,0.102575503,1.35952205e-05,30,1.12699997,3,0.06881103338351836,690.0,0.07929365499790911,19.151903907798136,19.3058548
664,793210400001234,121930380,2458973.805788296,58973.3038079,19.3126793,0.0736096203,0,zr,226.8301797,55.7471907,0.736999989,-0.074000001,20200504303808,793,0xa,0x4,21.0699997,26.3086357,0.026100358,0.112921372,1.38820642e-05,30,1.08299994,2,0.06837987144777499,690.0,0.07886249306216574,19.157823744481256,19.312679300000006
665,793210400001234,121932475,2458973.826736829,58973.3247569,19.3973408,0.0785849616,0,zr,226.8302262,55.7471577,0.347000003,0.0149999997,20200504324745,793,0xa,0x4,21.1000004,26.3167171,0.0287796557,0.106040061,1.69276227e-05,30,1.07500005,1,0.06325045878511926,690.0,0.07373308039951,19.230844054718595,19.397340800000002
666,793210400001234,121932568,2458973.827662805,58973.3256829,19.3839741,0.0777787864,0,zr,226.830179,55.7471921,1.176,-0.101000004,20200504325683,793,0xa,0x4,21.1200008,26.3033276,0.025909422,0.109048285,1.37057532e-05,30,1.07500005,2,0.06403395994480283,690.0,0.07451658155919358,19.21936769133803,19.383974099999996
667,793210400001234,122028818,2458974.7901408714,58974.2881829,19.4491062,0.0817811191,0,zr,226.8301661,55.7471808,0.856000006,-0.023,20200505288183,793,0xa,0x4,20.9799995,26.292387,0.027598748,0.111004658,1.56202386e-05,30,1.09200001,1,0.06030558295416509,691.0,0.07078820456855583,19.275097756819385,19.449106199999996
668,1827201200007108,122028864,2458974.790603761,58974.2886458,19.4156513,0.0787820369,0,zr,226.8302044,55.7471739,1.32200003,0.0370000005,20200505288646,1827,0x1,0x2,20.75,26.2157288,0.0253933091,0.105407462,1.29876835e-05,30,1.11699998,2,0.06219270981708261,691.0,0.07263887108980992,19.247077284953512,19.4156513
669,1827201200007108,122028912,2458974.7910783496,58974.2891204,19.3080788,0.0727181137,0,zr,226.8301796,55.747179,0.552999973,-0.0170000009,20200505289120,1827,0x1,0x2,20.8400002,26.1971569,0.029697476,0.101274498,1.78805822e-05,30,1.11699998,3,0.06867022652187921,691.0,0.07911638779460652,19.154333873695343,19.308078799999997
670,793210400001234,122029949,2458974.8014484127,58974.2994907,19.3053684,0.0731943548,0,zr,226.8301849,55.7471797,0.675000012,-0.0240000002,20200505299491,793,0xa,0x4,20.75,26.2975216,0.0274740718,0.118498586,1.54006975e-05,30,1.08399999,2,0.06884186701020342,691.0,0.07928802828293073,19.15198095488254,19.3053684
671,793210400001234,122032868,2458974.8306376445,58974.3286806,19.5477543,0.0882041305,0,zr,226.8302136,55.7471606,0.611000001,-0.0430000015,20200505328681,793,0xa,0x4,20.9200001,26.3040352,0.0326863974,0.113897339,2.19746471e-05,30,1.07500005,2,0.05506787019090496,691.0,0.06551403146363227,19.359164187630704,19.5477543
672,793210400001234,122138931,2458975.8912493982,58975.3893171,19.4466476,0.0816266686,0,zr,226.8302238,55.747204,0.600000024,-0.115999997,20200506389317,793,0xa,0x4,20.7099991,26.3099518,0.0253373254,0.117541209,1.30818253e-05,30,1.12300003,2,0.060442296922672015,692.0,0.07088845819539932,19.27356117332898,19.4466476
673,793210400001234,122140621,2458975.908147195,58975.4062153,19.6494141,0.0952886939,0,zr,226.8301524,55.7472037,0.660000026,-0.00499999989,20200506406204,793,0xa,0x4,20.4699993,26.2008133,0.0295250826,0.112301491,1.79022791e-05,30,1.15199995,2,0.05014577642070803,692.0,0.060555668549408595,19.444612991975283,19.649414099999994
674,793210400001234,122227394,2458976.7758580428,58976.2739468,19.3359795,0.074948132,0,zr,226.830152,55.7471454,0.597000003,0.0379999988,20200507273947,793,0xa,0x4,20.6700001,26.335186,0.0268719513,0.107699998,1.46374932e-05,30,1.10099995,2,0.06692805436348438,693.0,0.07733794649218495,19.17901840917279,19.3359795
675,793210400001234,122229753,2458976.799445379,58976.2975347,19.3615952,0.0764465183,0,zr,226.8301995,55.7471578,0.774999976,0.116999999,20200507297535,793,0xa,0x4,20.1200008,26.1768951,0.0412132777,0.111140825,3.44132022e-05,30,1.08099997,1,0.06536750668908672,693.0,0.07574131962000105,19.201667831392477,19.361595200000004
676,793210400001234,122229894,2458976.800857447,58976.2989468,19.096199,0.0622413047,0,zr,226.8302829,55.7471367,0.528999984,0.0820000023,20200507298947,793,0xa,0x4,20.0300007,26.1556492,0.0361094438,0.117855817,2.6535432e-05,30,1.08099997,2,0.08346807545951442,693.0,0.09384188839042876,18.969008153624877,19.096199000000006
677,1827201200007108,122230857,2458976.8104868173,58976.3085764,19.3191299,0.0733210742,0,zr,226.8301225,55.7471305,0.666999996,-0.119000003,20200507308565,1827,0x1,0x2,19.7800007,26.0248089,0.0384361558,0.120935015,3.10246978e-05,30,1.10500002,2,0.06797481589419813,693.0,0.07834862882511245,19.164921499229642,19.3191299
678,1827201200007108,122230905,2458976.810961295,58976.3090509,19.3312092,0.0739853755,0,zr,226.8302675,55.7472417,0.439999998,-0.00400000019,20200507309039,1827,0x1,0x2,19.8299999,26.0809155,0.0368577354,0.108484119,2.94070342e-05,30,1.10500002,3,0.06722275697314176,693.0,0.07759656990405608,19.175393689917193,19.331209199999996
679,793210400001234,122230951,2458976.811424284,58976.3095139,19.3767586,0.0773468465,0,zr,226.8303507,55.7472404,0.492000014,-0.00600000005,20200507309514,793,0xa,0x4,19.8899994,26.1911469,0.0365736671,0.124608487,2.78845673e-05,30,1.07700002,1,0.06446092897031536,693.0,0.07483474190122968,19.21474183711981,19.376758599999995
680,793210400001234,122325686,2458977.758750782,58977.2568634,19.3298473,0.0745936036,0,zr,226.830176,55.7471368,0.303000003,0.0680000037,20200508256863,793,0xa,0x4,20.5200005,26.1643963,0.0273437463,0.116259813,1.52994435e-05,30,1.11899996,2,0.06730713116543131,694.0,0.07768094409634566,19.174213762161123,19.329847300000004
681,793210400001234,122427010,2458978.7719664928,58978.2701042,19.342207,0.0753098056,0,zr,226.8301666,55.7471762,1.09800005,0.0540000014,20200509270104,793,0xa,0x4,21.1499996,26.28162,0.0296592098,0.110819347,1.76624144e-05,30,1.09899998,2,0.06654527130202459,695.0,0.07688319373971825,19.18542146076269,19.342206999999995
682,793210400001234,122427937,2458978.781237062,58978.279375,19.4017792,0.0788543597,0,zr,226.8301733,55.7471864,0.542999983,-0.0540000014,20200509279375,793,0xa,0x4,21.1800003,26.298233,0.0270216912,0.110491753,1.46991115e-05,30,1.09000003,2,0.06299242390161255,695.0,0.07329464331860372,19.23731941067482,19.4017792
683,793210400001234,122532686,2458979.828699003,58979.3268634,19.3050156,0.0731743649,0,zr,226.8302185,55.7471698,0.912,-0.0460000001,20200510326863,793,0xa,0x4,21.3199997,26.2553425,0.0288330689,0.105847143,1.68706174e-05,30,1.07700002,2,0.06886424017689655,696.0,0.07916645959388771,19.153646941813243,19.305015599999997
684,793210400001234,122628896,2458980.790780733,58980.2889699,19.5193233,0.0863077417,0,zr,226.8301991,55.7471772,0.712000012,0.112999998,20200511288970,793,0xa,0x4,21.5499992,26.2902508,0.0231729802,0.111538656,1.10071433e-05,30,1.08000004,2,0.05652891892899695,697.0,0.06679562157561822,19.33813001102181,19.519323300000003
685,793210400001234,122629994,2458980.801752651,58980.2999421,19.4485435,0.0817457438,0,zr,226.8300963,55.7471548,0.870999992,0.100000001,20200511299942,793,0xa,0x4,21.3899994,26.2793808,0.0241568889,0.114284158,1.18845846e-05,30,1.07599998,2,0.06033684537896313,697.0,0.07056821629320503,19.27847714951401,19.448543499999992
686,793210400001234,122726668,2458981.768475015,58981.2666898,19.514679,0.0860014707,0,zr,226.8301514,55.7471541,0.60799998,0.0879999995,20200512266690,793,0xa,0x4,21.1499996,26.2905235,0.0239321273,0.112887993,1.15819739e-05,30,1.09399998,2,0.05677124258711957,698.0,0.06700261350136147,19.33477064223738,19.514678999999994
687,793210400001234,122727954,2458981.78133348,58981.2795486,19.4063816,0.079134658,0,zr,226.8302118,55.7471335,0.485000014,-0.0350000001,20200512279549,793,0xa,0x4,20.9200001,26.2857323,0.0265376959,0.117394976,1.43073157e-05,30,1.08399999,2,0.06272596624372871,698.0,0.07292218926027827,19.242850753725243,19.406381599999996
688,793210400001234,123127901,2458985.780691722,58985.2790162,19.4747658,0.0834096074,0,zr,226.8302094,55.7471966,1.05700004,0.0179999992,20200516279016,793,0xa,0x4,21.6499996,26.2721176,0.0252209269,0.108980648,1.2903065e-05,30,1.079,2,0.058897068626629086,702.0,0.06909329164317864,19.301410291976175,19.474765799999993
689,793210400001234,123127995,2458985.781629199,58985.2799537,19.4138069,0.0795888081,0,zr,226.8301511,55.7471562,1.21300006,0.0140000004,20200516279954,793,0xa,0x4,21.7000008,26.2831573,0.0263788048,0.108148463,1.41389146e-05,30,1.07799995,1,0.062298449792668194,702.0,0.07235589583528779,19.251315187816807,19.413806900000004
690,793210400001234,123228262,2458986.7842742745,58986.2826273,19.4546051,0.0821276382,0,zr,226.8301559,55.7471848,0.677999973,0.0149999997,20200517282627,793,0xa,0x4,21.7000008,26.2913914,0.025130013,0.110609353,1.28154543e-05,30,1.07700002,2,0.06000092697491644,703.0,0.07005837301753604,19.28634988156633,19.454605100000002
691,793210400001234,123230320,2458986.804852388,58986.303206,19.5233517,0.0865742564,0,zr,226.8301804,55.7471619,0.816999972,-0.0549999997,20200517303206,793,0xa,0x4,21.9200001,26.3207912,0.0261678975,0.104558595,1.39250524e-05,30,1.07599998,2,0.056319568663290784,703.0,0.06634276826462006,19.345516026909984,19.5233517
692,793210400001234,123331107,2458987.8126936764,58987.3110764,19.4563751,0.0822394788,0,zr,226.8301689,55.7471718,1.26199996,0.0430000015,20200518311076,793,0xa,0x4,22.1900005,26.3520794,0.027449267,0.0987084806,1.52273979e-05,30,1.079,2,0.059903191336426645,704.0,0.06992639093775592,19.28839721530192,19.456375099999995
693,793210400001234,123332108,2458987.8227049843,58987.321088,19.4527245,0.0820089579,0,zr,226.830154,55.7471708,1.28999996,-0.0189999994,20200518321088,793,0xa,0x4,22.2000008,26.3355179,0.0297677983,0.0982244462,1.80873449e-05,30,1.08500004,2,0.06010494443528788,704.0,0.07009407440743559,19.28579673685676,19.452724499999995
694,793210400001234,123725986,2458991.76136033,58991.2598611,19.3924122,0.0782868341,0,zr,226.8301495,55.7471907,0.654999971,-0.0329999998,20200522259850,793,0xa,0x4,21.6599998,26.3052807,0.0249003265,0.105813608,1.26174964e-05,30,1.08000004,1,0.06353823111012206,708.0,0.07352736108226977,19.233877551750048,19.392412200000003
695,793210400001234,123726078,2458991.762286202,58991.260787,19.4064369,0.0791380033,0,zr,226.8301574,55.7471869,1.24399996,0.116999999,20200522260787,793,0xa,0x4,21.8299999,26.3033943,0.0254744627,0.106700443,1.32686337e-05,30,1.079,2,0.06272277149201833,708.0,0.07257736842660002,19.247996957193358,19.406436899999996
696,793210400001234,123728020,2458991.781706908,58991.2802083,19.3928833,0.0783152729,0,zr,226.8301935,55.7471903,0.699999988,0.00800000038,20200522280197,793,0xa,0x4,21.7299995,26.2983494,0.0266432334,0.111175969,1.45150079e-05,30,1.07500005,2,0.06351066790686645,708.0,0.07336526484144815,19.236273775898745,19.3928833
697,793210400001234,123826825,2458992.7697204156,58992.2682523,19.424818,0.0802667663,0,zr,226.8301603,55.747158,0.870000005,0.0829999968,20200523268252,793,0xa,0x4,21.8600006,26.2934055,0.0286540426,0.100939356,1.65896981e-05,30,1.07599998,2,0.06166983692319503,709.0,0.07152443385777674,19.263863927774473,19.424817999999995
698,793210400001234,123828039,2458992.781861235,58992.2803935,19.4195709,0.0799430162,0,zr,226.8301625,55.7472043,0.418000013,0.0390000008,20200523280382,793,0xa,0x4,21.5799999,26.2723198,0.0244878624,0.110509858,1.21386856e-05,30,1.07500005,2,0.06196859363015106,709.0,0.07178998809137527,19.259840296770683,19.419570900000004
699,793210400001234,123928817,2458993.789607555,58993.2881713,19.4120865,0.0794833824,0,zr,226.8301355,55.7471887,1.89300001,0.0309999995,20200524288171,793,0xa,0x4,21.4099998,26.3057327,0.0279158913,0.109837458,1.58130351e-05,30,1.07700002,2,0.062397242862207596,710.0,0.07221863732343181,19.253376776082085,19.412086500000008
700,793210400001234,123930603,2458993.807465795,58993.3060301,19.4376793,0.0810653567,0,zr,226.8301832,55.7471727,1.23500001,0.0810000002,20200524306030,793,0xa,0x4,21.6800003,26.2753239,0.0245404113,0.110488437,1.21383982e-05,30,1.08500004,2,0.060943624577294284,710.0,0.07073198667641697,19.275960358876723,19.437679300000006
701,793210400001234,124029693,2458994.798337279,58994.2969329,19.4722004,0.0832454637,0,zr,226.8301703,55.7471633,1.16999996,0.167999998,20200525296933,793,0xa,0x4,21.9400005,26.2921276,0.0303760804,0.101891913,1.88753747e-05,30,1.08200002,1,0.05903639637909864,711.0,0.06882475847822132,19.305638259925935,19.4722004
702,793210400001234,124030270,2458994.804112494,58994.3027083,19.4286861,0.0805061385,0,zr,226.8302009,55.7471743,0.568000019,-0.0599999987,20200525302546,793,0xa,0x4,21.8999996,26.2904949,0.0269799083,0.109240927,1.49203252e-05,30,1.08500004,2,0.0614505196776445,711.0,0.07120601843912674,19.268708243982324,19.4286861
703,793210400001234,124126504,2458995.766419751,58995.2650463,19.4119892,0.0794773996,0,zr,226.8302065,55.7471562,1.34300005,0.136999995,20200526265046,793,0xa,0x4,21.9200001,26.29356,0.0264955424,0.104479827,1.44554633e-05,30,1.07500005,2,0.06240283494226839,712.0,0.07215833370375065,19.254283760437097,19.4119892
704,793210400001234,124128128,2458995.782657629,58995.2812847,19.4386292,0.0811246485,0,zr,226.8301742,55.7471614,0.764999986,-0.0149999997,20200526281273,793,0xa,0x4,21.8999996,26.2861176,0.0269032251,0.100077815,1.48575882e-05,30,1.07599998,2,0.06089032891278111,712.0,0.0706131322825136,19.277786308720913,19.4386292
705,793210400001234,124226684,2458996.7681814088,58996.2668403,19.4173775,0.0798080564,0,zr,226.8302117,55.7471698,1.17799997,-0.0240000002,20200527266829,793,0xa,0x4,21.8099995,26.3083057,0.0250510946,0.100953348,1.28097508e-05,30,1.07500005,2,0.062093908876735715,713.0,0.07181671224646821,19.259436201655454,19.417377500000008
706,793210400001234,124228915,2458996.7904954846,58996.2891551,19.3405857,0.0752154887,0,zr,226.8301882,55.7471627,1.00600004,0.0489999987,20200527289155,793,0xa,0x4,21.8299999,26.3011551,0.0238621943,0.107243218,1.18105991e-05,30,1.08000004,2,0.06664471575498757,713.0,0.07633499060902926,19.19319085874823,19.3405857
707,793210400001234,124326689,2458997.7682065926,58997.2668981,19.4353104,0.080917716,0,zr,226.8301708,55.7471698,1.028,-0.0860000029,20200528266898,793,0xa,0x4,21.8799992,26.2851772,0.026862774,0.104279295,1.48232766e-05,30,1.07500005,2,0.061076738828683697,714.0,0.0707670136827254,19.275422827310088,19.4353104
708,793210400001234,124328491,2458997.786226905,58997.284919,19.4326382,0.0807515085,0,zr,226.8302162,55.7471413,0.721000016,0.0900000036,20200528284919,793,0xa,0x4,21.8899994,26.2883472,0.0268452298,0.107889317,1.46342618e-05,30,1.08000004,2,0.061227245249970697,714.0,0.07088515740254285,19.273611729848888,19.432638200000007
709,793210400001234,124328585,2458997.7871643733,58997.2858565,19.4048576,0.0790417716,0,zr,226.8301945,55.7471475,0.690999985,-0.0450000018,20200528285856,793,0xa,0x4,21.7399998,26.3084774,0.0238771178,0.100062221,1.15370503e-05,30,1.08000004,1,0.06281407373645005,714.0,0.0724719858890222,19.24957459477843,19.404857600000007
710,793210400001234,124428164,2458998.7829185715,58998.2816435,19.3613796,0.0764338523,0,zr,226.830171,55.7471644,0.407999992,0.0179999992,20200529281644,793,0xa,0x4,21.8099995,26.2975044,0.0248412266,0.105137579,1.25116594e-05,30,1.079,2,0.0653804883265737,715.0,0.07503840047914585,19.21179107991218,19.3613796
711,793210400001234,124430214,2458998.8034155904,58998.3021412,19.4084358,0.0792600363,0,zr,226.8301964,55.7471721,0.966000021,-0.0759999976,20200529302130,793,0xa,0x4,21.7099991,26.2972031,0.0236970074,0.100407071,1.146666e-05,30,1.09300005,2,0.0626074016575915,715.0,0.07223311586923885,19.253159127198224,19.4084358
712,793210400001234,124530583,2458999.807074311,58999.3058333,19.4604836,0.0824995413,0,zr,226.8302724,55.7471981,1.32299995,-0.0920000002,20200530305822,793,0xa,0x4,20.7800007,26.2957401,0.0258937571,0.114753783,1.36118115e-05,30,1.09899998,2,0.05967694190814056,716.0,0.0693026561197879,19.298125300336956,19.460483599999996
713,793210400001234,124532143,2458999.822675684,58999.3214352,19.4245491,0.0802501142,0,zr,226.8301255,55.7471971,0.869000018,0.0759999976,20200530321354,793,0xa,0x4,20.9500008,26.2846794,0.0275863279,0.117924795,1.54355166e-05,30,1.11899996,2,0.06168511233979342,716.0,0.07127879232547168,19.2675991678694,19.4245491
714,793210400001234,124636353,2459000.864735596,59000.3635301,19.2434082,0.0697650611,32768,zr,226.8299296,55.7471121,0.384000003,-0.248999998,20200531363530,793,0xa,0x4,19.5900002,25.2647438,0.0434305407,0.09840931,4.55842455e-05,30,1.21200001,1,0.07288475864969214,717.0,0.08247843863537041,19.109148922732224,19.243408199999998
715,793210400001234,124724001,2459001.7411874565,59001.2400116,19.3192177,0.0739829242,0,zr,226.8301869,55.7471649,0.906000018,0.057,20200601240012,793,0xa,0x4,21.25,26.234766,0.0268968791,0.108256921,1.4803828e-05,30,1.07700002,2,0.06796931921139278,718.0,0.0775311276484833,19.176309748513212,19.319217700000003
716,793210400001234,124726878,2459001.769959578,59001.2687847,19.3002739,0.0729063004,0,zr,226.8301796,55.7471903,0.990999997,0.0560000017,20200601268785,793,0xa,0x4,21.0100002,26.1325779,0.0326145999,0.109560587,2.20409402e-05,30,1.07799995,2,0.06916564638864131,718.0,0.07869574492486756,19.160121873219516,19.3002739
717,793210400001234,125024060,2459004.7416746295,59004.2406019,19.3214149,0.0741087496,0,zr,226.8301902,55.7471511,0.92900002,0.0719999969,20200604240602,793,0xa,0x4,20.5499992,26.3328342,0.0407341607,0.125132427,3.39855651e-05,30,1.07500005,2,0.06783190905798032,721.0,0.07736200759420657,19.178680671389266,19.3214149
718,793210400001234,125024153,2459004.7426120937,59004.2415394,19.2889671,0.0722710267,0,zr,226.830131,55.7471681,0.523000002,-0.0379999988,20200604241539,793,0xa,0x4,20.9599991,26.3164101,0.0273409542,0.104764111,1.53952169e-05,30,1.07500005,1,0.0698896973803798,721.0,0.07932562592186923,19.15146623099225,19.2889671
719,793210400001234,125025835,2459004.759428615,59004.2583565,19.3423977,0.0753209069,0,zr,226.8301766,55.7471168,0.901000023,0.0469999984,20200604258356,793,0xa,0x4,20.8099995,26.3057728,0.0288273357,0.119452655,1.71284446e-05,30,1.07700002,2,0.06653358423771948,721.0,0.07596951277920891,19.198401647197777,19.3423977
720,793210400001234,125126071,2459005.7617547414,59005.2607176,19.4115829,0.0794524997,0,zr,226.8302299,55.7471526,0.670000017,-0.0960000008,20200605260718,793,0xa,0x4,20.9699993,26.330574,0.0292718634,0.103720404,1.73865556e-05,30,1.079,2,0.06242619145953833,722.0,0.07186212000102776,19.258749937103154,19.411582900000006
721,793210400001234,125521693,2459009.717829713,59009.2169329,19.4032536,0.0789440572,0,zr,226.8301803,55.7472244,0.67900002,-0.063000001,20200609216910,793,0xa,0x4,20.8999996,26.339325,0.0248053409,0.116667919,1.25656534e-05,30,1.07700002,1,0.06290693997247969,726.0,0.0723117950642157,19.251977143572056,19.403253599999992
722,793210400001234,125521787,2459009.718767178,59009.2178704,19.3492908,0.0757232904,0,zr,226.8301165,55.7472237,1.03400004,0.0430000015,20200609217859,793,0xa,0x4,20.6700001,26.3363895,0.0303010978,0.118194848,1.87349124e-05,30,1.07700002,2,0.06611251521885092,726.0,0.07539463287673523,19.206648922957562,19.3492908
723,793210400001234,125724829,2459011.749122078,59011.2482986,19.4413967,0.0812976062,0,zr,226.8301737,55.7471735,0.603999972,0.0579999983,20200611248299,793,0xa,0x4,21.7099991,26.2975235,0.0245699342,0.110443838,1.23779701e-05,30,1.08000004,2,0.06073531943714251,728.0,0.07001743709502682,19.28698447528202,19.441396700000006
724,793210400001234,125726788,2459011.7687046644,59011.2678819,19.3469315,0.0755853653,0,zr,226.830143,55.7471711,0.853999972,-0.0179999992,20200611267870,793,0xa,0x4,21.7199993,26.2193069,0.0244956668,0.109710559,1.23572408e-05,30,1.09399998,2,0.06625633362557937,728.0,0.07547800279886037,19.20544900023271,19.346931500000004
725,793210400001234,125824413,2459012.7449191385,59012.2441319,19.4922104,0.0845335275,0,zr,226.8301724,55.7471671,1.05900002,0.061999999,20200612244132,793,0xa,0x4,21.9500008,26.3694668,0.02757659,0.0998893976,1.55613343e-05,30,1.08000004,2,0.05795832689011622,729.0,0.06717999606339722,19.331900064857685,19.492210399999998
726,793210400001234,125824555,2459012.746342788,59012.2455556,19.4691849,0.0830528736,0,zr,226.830203,55.7471612,0.611999989,0.0379999988,20200612245544,793,0xa,0x4,21.8999996,26.356514,0.0264144465,0.113292158,1.42206072e-05,30,1.08000004,1,0.059200590685108405,729.0,0.06839226232865897,19.31248257530691,19.469184899999995
727,793210400001234,125826174,2459012.7625342943,59012.2617477,19.4274426,0.080429107,0,zr,226.8301549,55.7471575,0.768999994,-0.00200000009,20200612261748,793,0xa,0x4,21.8999996,26.3707714,0.0242269281,0.10678564,1.19999504e-05,30,1.09099996,2,0.06152093963429197,729.0,0.07071261127784254,19.276257812044243,19.4274426
728,793210400001234,125931837,2459013.8191275303,59013.3183796,19.4521828,0.0819748417,0,zr,226.8301794,55.7471625,1.08299994,0.0529999994,20200613318380,793,0xa,0x4,21.6499996,26.3324642,0.0234691259,0.112881809,1.11382251e-05,30,1.18700004,2,0.060134939724941265,730.0,0.06932661136849183,19.297750068157747,19.452182799999996
729,793210400001234,126024188,2459014.7426006175,59014.2418866,19.3969154,0.0785591677,0,zr,226.8301886,55.7471626,0.60799998,0.0520000011,20200614241887,793,0xa,0x4,21.3899994,26.3381462,0.0228831694,0.108583987,1.06388907e-05,30,1.08099997,2,0.06327524566877946,731.0,0.0724370696688661,19.2500978168082,19.396915400000005
730,793210400001234,126224386,2459016.7445057128,59016.2438657,19.4489632,0.0817721263,0,zr,226.8301856,55.7471752,1.69000006,-0.0820000023,20200616243854,793,0xa,0x4,21.4500008,26.1559505,0.0252101887,0.112271719,1.29402897e-05,30,1.08599997,1,0.06031352619696531,733.0,0.06944565150729774,19.295887358455623,19.4489632
731,793210400001234,126224479,2459016.7454316774,59016.2447917,19.4483662,0.0817345753,0,zr,226.8301812,55.7471824,1.03100002,0.123999998,20200616244792,793,0xa,0x4,21.2600002,26.0683231,0.0230413601,0.114810929,1.08115482e-05,30,1.08700001,2,0.06034669915021175,733.0,0.06941987024690602,19.296290506015644,19.448366200000002
732,793210400001234,126424932,2459018.7498940364,59018.2493287,19.3951874,0.0784545839,0,zr,226.8302026,55.7471767,1.30299997,-0.00999999978,20200618249329,793,0xa,0x4,21.9599991,26.3451443,0.0262605604,0.108232759,1.41287846e-05,30,1.09500003,2,0.06337603136587588,735.0,0.07244920246257015,19.249915977449284,19.395187400000005
733,793210400001234,126522629,2459019.7268250915,59019.2262963,19.4413567,0.081295073,0,zr,226.8302372,55.7471735,0.63499999,-0.0149999997,20200619226285,793,0xa,0x4,21.8500004,26.3107567,0.0259899814,0.105931692,1.38693658e-05,30,1.08000004,2,0.060737557050219895,736.0,0.06975235873040404,19.291102754498688,19.441356699999993
734,793210400001234,126523765,2459019.738178863,59019.2376505,19.4663029,0.082869269,0,zr,226.8301922,55.7471755,0.856999993,0.0209999997,20200619237650,793,0xa,0x4,21.8700008,26.3105068,0.025259601,0.105335958,1.30046819e-05,30,1.08700001,2,0.05935794266941431,736.0,0.06834377668222656,19.31325256432121,19.466302899999995
735,793210400001234,126625605,2459020.756543354,59020.2560532,19.481102,0.0838162452,0,zr,226.8301435,55.7471692,0.56400001,0.0320000015,20200620256042,793,0xa,0x4,21.8899994,26.300478,0.0268355999,0.104031473,1.47791225e-05,30,1.10800004,2,0.05855435481003949,737.0,0.06754018882285175,19.326094323842575,19.481102
736,793210400001234,126822877,2459022.7291889987,59022.2287731,19.389431,0.0781069919,0,zr,226.8301376,55.7471549,0.788999975,-0.0419999994,20200622228762,793,0xa,0x4,21.7199993,26.3295574,0.0256033614,0.113307402,1.34072452e-05,30,1.08700001,2,0.06371293327592534,739.0,0.07266994312414607,19.24661294927875,19.389430999999995
737,793210400001234,126823880,2459022.7392234197,59022.2388079,19.4694061,0.0830670148,0,zr,226.8301635,55.7471515,0.718999982,0.0,20200622238808,793,0xa,0x4,21.7600002,26.3357582,0.0264563356,0.109628849,1.44500036e-05,30,1.09500003,2,0.05918853081574402,739.0,0.06808831931088068,19.317318464488743,19.469406100000008
738,793210400001234,126920648,2459023.706860493,59023.2064815,19.53162,0.0871234834,0,zr,226.8301617,55.7471561,0.651000023,0.00899999961,20200623206470,793,0xa,0x4,21.8500004,26.324192,0.0239075776,0.105341122,1.17518575e-05,30,1.07700002,2,0.05589230238744412,740.0,0.06479209088258078,19.37119501216342,19.531619999999997
739,793210400001234,126920741,2459023.707797958,59023.207419,19.4199944,0.0799690783,0,zr,226.8301573,55.7471501,1.227,0.0280000009,20200623207419,793,0xa,0x4,21.9099998,26.3266048,0.025022693,0.10570436,1.28719448e-05,30,1.07700002,1,0.06194442700323784,740.0,0.07081581655980873,19.274674331852644,19.4199944
740,793210400001234,126930123,2459023.801613789,59023.3012384,19.4063625,0.0791334808,0,zr,226.8301747,55.7471772,0.833999991,0.0599999987,20200623301238,793,0xa,0x4,21.7999992,26.3328705,0.023806069,0.105311461,1.1643262e-05,30,1.21399999,2,0.06272706971295874,740.0,0.07159845926952965,19.262740807985274,19.406362499999993
741,793210400001234,127022804,2459024.728384373,59024.228044,19.5855675,0.0907836258,32768,zr,226.8302103,55.7471509,0.552999973,-0.0839999989,20200624228044,793,0xa,0x4,20.8199997,25.6568241,0.0590728745,0.100765549,7.13541885e-05,30,1.09000003,2,0.05318302059686553,741.0,0.06205441015343643,19.418068370334943,19.585567500000003
742,793210400001234,127023585,2459024.7361965724,59024.2358565,19.5515938,0.0884630755,0,zr,226.8301744,55.74718,0.568000019,0.0149999997,20200624235845,793,0xa,0x4,21.6599998,26.2687721,0.0259877928,0.109649025,1.37951165e-05,30,1.09800005,2,0.05487347704045828,741.0,0.06371660766112805,19.389368386370272,19.5515938
743,793210400001234,127117939,2459025.679702464,59025.1793981,19.4215603,0.0800656229,0,zr,226.8301751,55.7471656,0.497999996,-0.0170000009,20200625179398,793,0xa,0x4,21.5100002,26.1538639,0.0295892451,0.112365127,1.77873062e-05,30,1.07599998,2,0.061855152220535434,742.0,0.0706982828412052,19.276477836145865,19.421560300000003
744,793210400001234,127120542,2459025.705731578,59025.2054282,19.5006256,0.0850807056,0,zr,226.8302024,55.747177,0.129999995,-0.00800000038,20200625205417,793,0xa,0x4,21.5300007,26.1292381,0.0285621416,0.10265068,1.66455175e-05,30,1.07799995,2,0.05751084649880583,742.0,0.06632585732757136,19.34579281905473,19.5006256
745,793210400001234,127225940,2459026.7596731423,59026.2594097,19.4417572,0.0813201293,32768,zr,226.8302463,55.7471763,0.829999983,0.194999993,20200626259410,793,0xa,0x4,20.0300007,25.1552448,0.0817943215,0.115958177,0.000139639247,30,1.13800001,2,0.060715156668303155,743.0,0.06953016749706868,19.294566811011542,19.441757200000005
746,793210400001234,127318173,2459027.681964593,59027.1817361,19.4783497,0.0836393684,0,zr,226.8302157,55.7471545,0.772000015,0.0939999968,20200627181736,793,0xa,0x4,21.3600006,26.2577496,0.0237954129,0.105647005,1.15733528e-05,30,1.07500005,2,0.05870297616843953,744.0,0.06749000549658019,19.32690134122104,19.478349700000003
747,793210400001234,127328576,2459027.785988425,59027.2857639,19.4918213,0.0845083371,0,zr,226.8301506,55.7471644,0.338,0.00600000005,20200627285706,793,0xa,0x4,21.3700008,26.2133675,0.0236314479,0.101632617,1.15098301e-05,30,1.20099998,2,0.05797910138978839,744.0,0.06673828666267166,19.339062367386255,19.491821300000005
748,793210400001234,127422834,2459028.7285337066,59028.2283449,19.431385,0.0806735903,0,zr,226.8302414,55.7471804,1.00100005,-0.128000006,20200628228345,793,0xa,0x4,21.2900009,26.2837944,0.0233469345,0.116661161,1.11023837e-05,30,1.10099995,2,0.06129795697797255,745.0,0.07005714225085583,19.286368955655895,19.431385
749,793210400001234,127424296,2459028.7431512484,59028.242963,19.390646,0.0781802088,0,zr,226.8302049,55.7471639,0.621999979,0.0780000016,20200628242951,793,0xa,0x4,21.4599991,26.3061028,0.0244870614,0.103097387,1.22109677e-05,30,1.12,2,0.0636416747916012,745.0,0.072373152614257,19.251056272139643,19.390645999999997
750,793210400001234,127522062,2459029.7207761635,59029.220625,19.3176136,0.0738911331,0,zr,226.8299803,55.7473448,0.75,-0.00800000038,20200629220625,793,0xa,0x4,20.1599998,26.3108692,0.0324775465,0.113172382,2.15692689e-05,30,1.09599996,2,0.0680698133885014,746.0,0.07680129121115721,19.186578695976998,19.31761360000001
751,793210400001234,127722589,2459031.7259663986,59031.2258912,19.4665966,0.0828879401,0,zr,226.8302143,55.7471791,0.657000005,0.050999999,20200701225891,793,0xa,0x4,21.1399994,26.2936401,0.0241175499,0.112930007,1.177374e-05,30,1.10800004,2,0.05934188806060599,748.0,0.06804579420467977,19.317996781594182,19.466596599999995
752,793210400001234,127736866,2459031.868738726,59031.368669,19.2620945,0.0707824528,0,zr,226.8302527,55.7471714,0.848999977,-0.0610000007,20200701368657,793,0xa,0x4,20.7800007,26.2457638,0.0276919566,0.115697682,1.55040652e-05,30,1.64900005,2,0.07164109249064349,748.0,0.08029025928756248,19.13834284895338,19.262094499999996
753,793210400001234,127822527,2459032.725315167,59032.2252778,19.3711643,0.0770135894,0,zr,226.8301602,55.7472099,1.41600001,-0.0599999987,20200702225266,793,0xa,0x4,21.0699997,26.3299732,0.0238587447,0.116949633,1.15132207e-05,30,1.11099994,1,0.06479392367899953,749.0,0.07344309047591852,19.23512264091415,19.371164299999997
754,793210400001234,127822671,2459032.7267503184,59032.226713,19.3847656,0.0778263062,0,zr,226.8302137,55.7471551,0.537,-0.0480000004,20200702226701,793,0xa,0x4,21.0699997,26.3366928,0.0238820817,0.11664819,1.15508728e-05,30,1.11300004,2,0.0639872962987967,749.0,0.0726092937902655,19.24751946810158,19.3847656
755,793210400001234,127832305,2459032.823089231,59032.3230556,19.4527607,0.0820112899,0,zr,226.8301542,55.7471474,0.843999982,-0.050999999,20200702322963,793,0xa,0x4,20.8899994,26.2895069,0.0319769643,0.120100066,2.11041879e-05,30,1.38600004,2,0.0601029404837687,749.0,0.0687249379752375,19.30721410859571,19.452760699999992
756,793210400001234,127918243,2459033.6824317877,59033.1824306,19.2984638,0.0728042573,0,zr,226.8302399,55.7471824,0.623000026,-0.057,20200703182431,793,0xa,0x4,20.9200001,26.330616,0.0243491419,0.112276837,1.20044542e-05,30,1.07799995,2,0.06928105301847215,750.0,0.07790305050994095,19.1711138399747,19.2984638
757,793210400001234,127935283,2459033.8528302894,59033.3528356,19.4326897,0.0807546899,0,zr,226.8303277,55.747133,1.05499995,0.0659999996,20200703352824,793,0xa,0x4,20.4500008,26.2946301,0.0278261565,0.116585143,1.56698188e-05,30,1.57299995,2,0.06122434111143846,750.0,0.06981930179481433,19.29006124630157,19.432689700000005
758,793210400001234,128031677,2459034.816729111,59034.3167708,19.4006119,0.0787834227,0,zr,226.830198,55.7471725,0.510999978,-0.0970000029,20200704316771,793,0xa,0x4,20.8299999,26.3050995,0.0262515489,0.117722452,1.40586153e-05,30,1.38199997,2,0.06306018492655971,751.0,0.07165514560993558,19.261881542832988,19.400611899999994
759,793210400001234,128039574,2459034.8956959816,59034.3957407,19.2446251,0.069830887,0,zr,226.83021,55.7471505,0.81400001,0.218999997,20200704395683,793,0xa,0x4,20.4300003,26.263752,0.0313051604,0.115756541,1.99048245e-05,30,1.98800004,2,0.07280311471364204,751.0,0.08137117028264161,19.12382359480761,19.2446251
760,793210400001234,128130513,2459035.805059959,59035.3051389,19.2813759,0.0718474686,0,zr,226.8301803,55.7472046,1.22899997,-0.240999997,20200705305139,793,0xa,0x4,20.5,26.3175602,0.0310440492,0.115827084,1.98259022e-05,30,1.34200001,2,0.07038006117627765,752.0,0.07894811674527723,19.156645563344064,19.281375899999993
761,793210400001234,128130607,2459035.805997428,59035.3060764,19.4856663,0.0841103271,0,zr,226.8302311,55.7471647,0.903999984,-0.164000005,20200705306076,793,0xa,0x4,20.4300003,26.3028526,0.0301802047,0.114033967,1.87937949e-05,30,1.34599996,1,0.05830871626201336,752.0,0.06684999761282268,19.337246509776044,19.4856663
762,793210400001234,128136759,2459035.867511274,59035.3675926,19.3827152,0.0777032748,0,zr,226.8301806,55.7471063,0.971000016,0.104000002,20200705367593,793,0xa,0x4,20.2299995,26.2707253,0.0383174308,0.114468344,2.96793787e-05,30,1.73000002,2,0.06410824972577063,752.0,0.07264953107657995,19.246917961381563,19.3827152
763,793210400001234,128226497,2459036.7648618645,59036.2649769,19.4274769,0.0804312378,0,zr,226.8301063,55.7471548,0.897000015,0.128000006,20200706264977,793,0xa,0x4,20.9599991,26.3202839,0.0296897292,0.110596649,1.79320123e-05,30,1.21200001,2,0.06151899612822793,753.0,0.07006027747903724,19.28632036739679,19.427476899999995
764,793210400001234,128228267,2459036.782557895,59036.2826736,19.4469147,0.0816434324,0,zr,226.8302011,55.7471636,0.42899999,0.0160000008,20200706282674,793,0xa,0x4,20.9599991,26.3242569,0.0254004803,0.1121962,1.30674844e-05,30,1.26600003,1,0.060427429451360634,753.0,0.0689420666882943,19.303789254529754,19.4469147
765,793210400001234,128235993,2459036.859811946,59036.3599306,19.5040436,0.0853038281,0,zr,226.8302699,55.7471941,0.709999979,-0.0359999985,20200706359919,793,0xa,0x4,20.5,26.2832279,0.0289348345,0.119185217,1.68627394e-05,30,1.68799996,2,0.05733008161025441,753.0,0.06584471884718808,19.353697631007627,19.504043599999996
766,793210400001234,128320018,2459037.700035094,59037.2001852,19.2211552,0.068572171,0,zr,226.8307428,55.7472111,0.893000007,0.400000006,20200707200185,793,0xa,0x4,19.7700005,26.3115883,0.0380396321,0.115196206,2.97966762e-05,30,1.09800005,2,0.07439400164703307,754.0,0.08290863888396674,19.103500536586786,19.22115519999999
767,793210400001234,128320112,2459037.7009725417,59037.2011227,19.4357796,0.080946967,0,zr,226.8304281,55.7472414,0.800999999,0.0370000005,20200707201123,793,0xa,0x4,20.3700008,26.3281555,0.0332641043,0.122810483,2.26404954e-05,30,1.09899998,1,0.06105035026898491,754.0,0.06953847271023017,19.2944371301487,19.435779599999996
768,793210400001234,128336233,2459037.862181715,59037.362338,19.3430958,0.0753615946,0,zr,226.8302349,55.7471446,0.748000026,-0.0270000007,20200707362338,793,0xa,0x4,20.7900009,26.306179,0.0281278025,0.120388925,1.5866086e-05,30,1.73199999,2,0.06649081863220739,754.0,0.07497894107345265,19.212651743515288,19.343095800000008
769,793210400001234,128419792,2459038.697740691,59038.1979282,19.4215565,0.0800654069,0,zr,226.8301756,55.7471787,1.00300002,-0.0649999976,20200708197928,793,0xa,0x4,21.4300003,26.339735,0.0240695849,0.112762384,1.18106891e-05,30,1.09800005,2,0.061855368709576655,755.0,0.07034349115082192,19.281940203570834,19.4215565
770,793210400001234,128419886,2459038.698678155,59038.1988657,19.4997787,0.0850254521,0,zr,226.8301421,55.7471618,0.546000004,0.0189999994,20200708198866,793,0xa,0x4,21.5300007,26.3409309,0.0251830295,0.113353826,1.29349482e-05,30,1.09899998,1,0.057555723823997165,755.0,0.06601746000730117,19.350852972432996,19.4997787
771,793210400001234,128439153,2459038.8913445566,59038.3915394,19.4862976,0.0841510296,0,zr,226.8302537,55.7471023,0.453000009,0.172000006,20200708391493,793,0xa,0x4,20.3600006,26.2624664,0.0288089849,0.123012707,1.69485611e-05,30,2.0710001,2,0.05827482258430527,755.0,0.06673655876760927,19.339090478124596,19.486297599999993
772,793210400001234,128522077,2459039.720549771,59039.2207755,19.4151115,0.0796688274,0,zr,226.8302194,55.7471555,0.981000006,-0.0250000004,20200709220775,793,0xa,0x4,21.9300003,26.3432369,0.0266691409,0.111632667,1.466094e-05,30,1.13199997,2,0.06222363811390785,756.0,0.07068537429721186,19.276676094896366,19.415111500000002
773,793210400001234,128524023,2459039.7400050345,59039.2402315,19.4484825,0.0817419291,0,zr,226.8301448,55.7471744,0.97299999,0.0199999996,20200709240174,793,0xa,0x4,21.6200008,26.3414974,0.0235362072,0.109280363,1.13808146e-05,30,1.16999996,1,0.06034023538377759,756.0,0.06877571307236188,19.306412245283305,19.448482500000004
774,793210400001234,128525450,2459039.7542752973,59039.2545023,19.355835,0.0761071146,0,zr,226.8301726,55.7471812,1.26300001,0.116999999,20200709254502,793,0xa,0x4,21.6200008,26.3463631,0.0256459191,0.108926013,1.36022618e-05,30,1.20500004,2,0.06571522512079558,756.0,0.07415070280937987,19.22471182080043,19.355835000000006
775,793210400001234,128636681,2459040.8665486025,59040.3668171,19.4468479,0.0816392452,0,zr,226.8301388,55.747167,0.897000015,0.074000001,20200710366817,793,0xa,0x4,21.0400009,26.2509193,0.0235537384,0.112500206,1.13499136e-05,30,1.85099995,2,0.06043114736778123,757.0,0.06886662505636551,19.304977999858885,19.4468479
776,793210400001234,128724089,2459041.74059033,59041.2408912,19.4255066,0.0803092942,0,zr,226.8302461,55.7471633,0.48300001,0.0130000003,20200711240752,793,0xa,0x4,21.7700005,26.2828808,0.0247398708,0.0979816467,1.25283768e-05,30,1.18499994,2,0.06163073683061795,758.0,0.07004008301866853,19.286633369545136,19.4255066
777,793210400001234,128725731,2459041.7570133093,59041.2573148,19.3550129,0.0760588273,0,zr,226.8301517,55.7471791,0.990999997,0.0540000014,20200711257303,793,0xa,0x4,21.6800003,26.2722931,0.0317161381,0.109343186,2.05584856e-05,30,1.22899997,1,0.0657650023546077,758.0,0.07414834327286256,19.224746370371598,19.3550129
778,793210400001234,128822306,2459042.7227298897,59042.2230671,19.3547382,0.0760426596,0,zr,226.8301912,55.7471592,0.649999976,0.0379999988,20200712223067,793,0xa,0x4,21.7600002,26.2870426,0.0245639104,0.108408116,1.23830214e-05,30,1.15100002,2,0.06578164353469984,759.0,0.0741649844529547,19.224502724947833,19.354738200000007
779,793210400001234,128823523,2459042.734893836,59042.2352315,19.389698,0.0781230778,0,zr,226.8301922,55.7471657,0.836000025,0.0780000016,20200712235220,793,0xa,0x4,21.4500008,26.284771,0.0242953375,0.107915215,1.20962941e-05,30,1.17799997,2,0.06369726716697637,759.0,0.07205472828826538,19.25584378791867,19.389698000000003
780,793210400001234,128823616,2459042.7358312993,59042.236169,19.364872,0.0766402408,0,zr,226.8301534,55.7471602,0.917999983,0.0659999996,20200712236169,793,0xa,0x4,21.6399994,26.2759457,0.0242043454,0.110270642,1.2076257e-05,30,1.17999995,1,0.0651705220596495,759.0,0.07352798318093852,19.23386836561607,19.364872
781,793210400001234,128924675,2459043.746384344,59043.2467593,19.4977551,0.0848937109,0,zr,226.8302105,55.7471701,0.379999995,-0.0219999999,20200713246759,793,0xa,0x4,21.6499996,26.2839432,0.0257668514,0.110720307,1.36577419e-05,30,1.21399999,2,0.05766309646950264,760.0,0.06602055759079166,19.350802030157347,19.4977551
782,793210400001234,128925582,2459043.7554465067,59043.2558218,19.3418198,0.0752873346,0,zr,226.8302186,55.7471752,0.550000012,0.0540000014,20200713255822,793,0xa,0x4,21.7600002,26.2862453,0.0247906633,0.104791068,1.25218412e-05,30,1.24100006,1,0.06656900720023946,760.0,0.0749007132449771,19.21378511673654,19.341819800000003
783,793210400001234,128926162,2459043.7612448903,59043.2616204,19.3949127,0.0784379244,0,zr,226.830209,55.7471738,0.674000025,-0.074000001,20200713261620,793,0xa,0x4,21.7199993,26.2829113,0.0259970725,0.103792362,1.37121388e-05,30,1.25999999,2,0.06339206804060854,760.0,0.07172377408534618,19.26084216512978,19.3949127
784,793210400001234,129022216,2459044.721753641,59044.2221644,19.3656216,0.0766846538,0,zr,226.8301609,55.7471616,0.865999997,-0.103,20200714222164,793,0xa,0x4,21.6000004,26.3170815,0.0237624403,0.107346192,1.15029234e-05,30,1.16100001,2,0.06512554339615866,761.0,0.0734572494408963,19.234913343904303,19.365621600000004
785,793210400001234,129023324,2459044.7328295317,59044.2332407,19.3447571,0.0754584596,0,zr,226.8301759,55.7471646,0.825999975,-0.0350000001,20200714233241,793,0xa,0x4,21.6599998,26.3161507,0.0234149601,0.11155811,1.10994515e-05,30,1.18599999,2,0.06638915790606378,761.0,0.0746952328476951,19.216767786425528,19.344757100000002
786,793210400001234,129120115,2459045.700710862,59045.2011574,19.4198112,0.0799578428,0,zr,226.8301999,55.7471602,0.361999989,0.00400000019,20200715201111,793,0xa,0x4,21.8099995,26.3270416,0.0252933837,0.107030444,1.30009939e-05,30,1.12699997,2,0.06195487998108172,762.0,0.07026095492271303,19.283214879925076,19.419811200000005
787,793210400001234,129121831,2459045.7178630307,59045.2183102,19.4225159,0.0801245198,0,zr,226.8301923,55.7471609,0.345999986,0.0270000007,20200715218299,793,0xa,0x4,21.6100006,26.321064,0.0236700773,0.107530065,1.15453977e-05,30,1.15799999,2,0.06180073496998581,762.0,0.07008130204038608,19.285994595021528,19.4225159
788,793210400001234,129220136,2459046.7008827664,59046.2013657,19.4162941,0.0797414482,0,zr,226.8301721,55.7471823,0.60799998,0.00400000019,20200716201354,793,0xa,0x4,21.5699997,26.325222,0.0235810075,0.113408379,1.13308824e-05,30,1.13199997,2,0.06215590010042721,763.0,0.07043646717082748,19.28050608685458,19.416294099999995
789,793210400001234,129220230,2459046.701820233,59046.2023032,19.396637,0.0785423443,0,zr,226.8301852,55.7471773,0.745000005,0.023,20200716202303,793,0xa,0x4,21.5499992,26.3345642,0.0250142403,0.110204056,1.28254323e-05,30,1.13399994,1,0.0632914725266478,763.0,0.07154665422147653,19.263526676497925,19.39663699999999
790,793210400001234,129322188,2459047.721366717,59047.2218866,19.4306507,0.0806279927,0,zr,226.8301915,55.7471679,0.620999992,-0.0140000004,20200717221887,793,0xa,0x4,21.8099995,26.3351803,0.0235971808,0.108910307,1.14472587e-05,30,1.17799997,2,0.06133942774581473,764.0,0.06959460944064347,19.293560995113218,19.430650699999994
791,793210400001234,129332144,2459047.8209232674,59047.3214468,19.4218159,0.0800813511,0,zr,226.830185,55.7471951,0.709999979,-0.075000003,20200717321447,793,0xa,0x4,21.2700005,26.2977638,0.0266262311,0.108994566,1.42667723e-05,30,1.62199998,2,0.06184059222336697,764.0,0.07007051030737634,19.286161799070733,19.421815900000006
792,793210400001234,129420313,2459048.702581392,59048.2031366,19.3556423,0.0760958269,0,zr,226.8301972,55.7471591,0.768000007,0.0649999976,20200718203113,793,0xa,0x4,21.8299999,26.3366852,0.0261131302,0.105505861,1.38688674e-05,30,1.14499998,2,0.06572688950820112,765.0,0.07395680759221047,19.227554609486937,19.355642299999992
793,793210400001234,129517774,2459049.6771530015,59049.1777431,19.3641567,0.0765979216,0,zr,226.8302205,55.7471777,0.765999973,0.0199999996,20200719177720,793,0xa,0x4,21.6700001,26.3384857,0.0271008853,0.107617624,1.50182022e-05,30,1.10899997,2,0.06521347156564258,766.0,0.07341824707794106,19.235489972130658,19.364156700000002
794,793210400001234,129517866,2459049.67807887,59049.178669,19.4944458,0.0846786126,0,zr,226.8302176,55.7471561,0.412,0.0289999992,20200719178669,793,0xa,0x4,21.7199993,26.329752,0.023816159,0.110976398,1.15407893e-05,30,1.11099994,1,0.05783912043776477,766.0,0.06601887369703624,19.35082972286093,19.4944458
795,793210400001234,129535328,2459049.8526905444,59049.353287,19.5148087,0.0860100165,0,zr,226.8302304,55.7472065,0.31400001,-0.00100000005,20200719353287,793,0xa,0x4,21.0599995,26.2651978,0.0248979311,0.109933816,1.26578616e-05,30,1.97099996,2,0.05676446120656864,766.0,0.06494421446584012,19.36864882962501,19.514808699999996
796,793210400001234,129626979,2459050.769162702,59050.2697917,19.4436455,0.0814383477,0,zr,226.8301564,55.7471494,0.342999995,-0.0520000011,20200720269780,793,0xa,0x4,21.3199997,26.3062363,0.0246709362,0.113822348,1.24202352e-05,30,1.36699998,2,0.06060965333334319,767.0,0.06878940659261466,19.306196092369042,19.443645499999995
797,793210400001234,129630912,2459050.8084899792,59050.3091204,19.39254,0.078294538,0,zr,226.8301089,55.7471842,0.688000023,0.0500000007,20200720309109,793,0xa,0x4,21.3799992,26.2930393,0.0257320814,0.104414925,1.33188096e-05,30,1.59200001,2,0.06353075258263743,767.0,0.07168560319231623,19.26142014018685,19.392540000000004
798,793210400001234,129724995,2459051.7492900663,59051.2499537,19.4328613,0.0807653666,0,zr,226.8301901,55.7471625,1.28499997,0.125,20200721249954,793,0xa,0x4,21.4699993,26.2857628,0.0244544614,0.110747814,1.22950823e-05,30,1.296,2,0.061214665403203465,768.0,0.06936951601288226,19.29707833884371,19.432861300000006
799,793210400001234,129734912,2459051.848453215,59051.3491204,19.4002666,0.0787624344,0,zr,226.8302569,55.7471173,0.709999979,0.141000003,20200721349120,793,0xa,0x4,21.1200008,26.2169857,0.0254469514,0.113399506,1.31410397e-05,30,1.98599994,2,0.06308024333914682,768.0,0.0712103101925491,19.268642806091627,19.400266600000002
800,793210400001234,129824841,2459052.7477157083,59052.2484144,19.3639908,0.0765881315,0,zr,226.8302194,55.7471939,0.319000006,-0.00899999961,20200722248368,793,0xa,0x4,21.7000008,26.3314381,0.0232537501,0.106453456,1.13216829e-05,30,1.29999995,2,0.06522343691587201,769.0,0.0733535037692743,19.236447842543576,19.363990800000003
801,793210400001234,129824935,2459052.748653175,59052.2493519,19.4053173,0.0790697411,0,zr,226.8301852,55.7471538,0.763000011,0.057,20200722249352,793,0xa,0x4,21.7199993,26.3257999,0.0246029161,0.109237172,1.2301919e-05,30,1.30400002,1,0.06278748392810518,769.0,0.0708928852135172,19.27349337070084,19.4053173
802,793210400001234,129826703,2459052.7663376452,59052.267037,19.4258842,0.0803326741,0,zr,226.8301876,55.7471801,0.709999979,0.0450000018,20200722267037,793,0xa,0x4,21.5699997,26.3133507,0.0243015625,0.113394,1.18962653e-05,30,1.37899995,2,0.06160930646858408,769.0,0.0697147077539961,19.291688972166476,19.425884200000006
803,793210400001234,130034788,2459054.847110249,59054.3478819,19.3722134,0.0770759955,0,zr,226.830221,55.7471769,1.09099996,-0.0480000004,20200724347870,793,0xa,0x4,21.1700001,26.2547817,0.0251349285,0.110300653,1.27620451e-05,30,2.07200003,2,0.06473134634685551,771.0,0.07283674763226754,19.244123637316854,19.3722134
804,793210400001234,130132810,2459055.827296631,59055.3281019,19.3175926,0.0738899037,0,zr,226.8301537,55.7471306,1.028,0.0540000014,20200725328102,793,0xa,0x4,21.3400002,26.2472343,0.0241149869,0.111698985,1.16419042e-05,30,1.87399995,2,0.06807112998814958,772.0,0.07612755190750478,19.196145339813206,19.317592600000005
805,793210400001234,130518071,2459059.679782939,59059.1807176,19.3605652,0.076385729,0,zr,226.8301727,55.7471607,0.736000001,-0.0599999987,20200729180706,793,0xa,0x4,21.4400005,26.3450108,0.025615206,0.106070228,1.34896081e-05,30,1.15999997,2,0.0654295479821824,776.0,0.07346165471836719,19.234848233573253,19.360565200000003
806,793210400001234,130531993,2459059.818991268,59059.3199306,19.4694538,0.0830700621,0,zr,226.8302056,55.7471646,0.469000012,0.0289999992,20200729319896,793,0xa,0x4,20.7099991,26.2699394,0.027323097,0.115850516,1.49110083e-05,30,1.903,2,0.05918593052398826,776.0,0.06712192393089397,19.332839009299853,19.469453800000004
807,793210400001234,130619765,2459060.69668242,59060.1976505,19.2763119,0.0715662688,0,zr,226.8302042,55.747201,0.989000022,0.0189999994,20200730197650,793,0xa,0x4,21.2099991,26.3083115,0.0289875194,0.113245226,1.717749e-05,30,1.20700002,2,0.07070908868615984,777.0,0.07864508209306556,19.160821074738486,19.276311900000003
808,793210400001234,130726567,2459061.7646684544,59061.2656713,19.2816162,0.0718607977,0,zr,226.8302134,55.7471709,0.572000027,0.0179999992,20200731265671,793,0xa,0x4,21.0900002,26.2654915,0.0294320695,0.109776847,1.74301222e-05,30,1.50399995,2,0.07036448606953609,778.0,0.07827673462981535,19.16591824885571,19.281616199999995
809,793210400001234,130731456,2459061.81355574,59061.3145602,19.3872547,0.0779759288,0,zr,226.8302086,55.747183,0.407000005,0.0289999992,20200731314514,793,0xa,0x4,20.8799992,26.2291183,0.0268035363,0.111831963,1.46361626e-05,30,1.90400004,2,0.06384077051272194,778.0,0.0717293862914026,19.260757212309066,19.387254699999993
810,793210400001234,130821878,2459062.7177512073,59062.2187847,19.4353256,0.0809186846,0,zr,226.8301836,55.7471787,0.825999975,-0.141000003,20200801218773,793,0xa,0x4,21.0100002,26.2966213,0.0288885534,0.110433161,1.69709983e-05,30,1.29100001,2,0.06107588377758844,779.0,0.06896449955626911,19.3034360273004,19.43532559999999
811,793210400001234,130916177,2459063.6607072926,59063.1617708,19.396986,0.0785634294,0,zr,226.8302171,55.7471555,1.07599998,0.101000004,20200802161771,793,0xa,0x4,21.0,26.3084698,0.0285248831,0.111226968,1.65791735e-05,30,1.14400005,2,0.06327113132950796,780.0,0.0711362257351403,19.26977295210265,19.39698599999999
812,793210400001234,130917753,2459063.676470688,59063.1775347,19.3172417,0.073869884,0,zr,226.8302235,55.7471452,0.611000001,0.0439999998,20200802177523,793,0xa,0x4,21.0599995,26.3316364,0.0284992363,0.10872142,1.64144876e-05,30,1.17700005,1,0.06809313350955613,780.0,0.075934817298681,19.19889761910307,19.317241700000004
813,793210400001234,130929305,2459063.791987873,59063.2930556,19.6649132,0.0964108631,0,zr,226.8303591,55.7471011,0.510999978,0.173999995,20200802293056,793,0xa,0x4,20.4300003,26.2712479,0.0307826288,0.122503839,1.92232419e-05,30,1.74699998,2,0.04943502066073221,780.0,0.05727670444985707,19.505054945344078,19.664913199999994
814,793210400001234,131028333,2459064.7822344,59064.2833333,19.0780125,0.0613704436,0,zr,226.8301711,55.7471465,0.824000001,-0.0790000036,20200803283333,793,0xa,0x4,20.2700005,26.24049,0.033541631,0.127087533,2.26238481e-05,30,1.68700004,2,0.08487797310132145,781.0,0.09271965689044631,18.982070460375958,19.078012499999993
815,793210400001234,131118049,2459065.6793709258,59065.1804977,19.2969627,0.0727197379,0,zr,226.8302052,55.7471759,1.40900004,-0.0659999996,20200804180498,793,0xa,0x4,20.8299999,26.3162441,0.0256734826,0.114444889,1.35286518e-05,30,1.19700003,2,0.0693769047669746,782.0,0.0771952880491817,19.18102301977894,19.2969627
816,793210400001234,131221841,2459066.7172556613,59066.2184144,19.3890171,0.0780820698,0,zr,226.8302523,55.7471651,1.13300002,-0.0489999987,20200805218414,793,0xa,0x4,20.8199997,26.2888508,0.024993144,0.119673684,1.26904615e-05,30,1.33299994,2,0.06373722629488154,783.0,0.07153241853697125,19.26374272763413,19.389017099999997
817,793210400001234,131316190,2459067.6607222897,59067.1619097,19.3827648,0.0777062774,0,zr,226.8301663,55.7471844,0.69599998,-0.0430000015,20200806161910,793,0xa,0x4,21.4699993,26.3247223,0.024403695,0.106528394,1.2148942e-05,30,1.16600001,2,0.06410532111701424,784.0,0.07187743114764987,19.25851863171568,19.382764799999997
818,793210400001234,131327935,2459067.7781608677,59067.2793519,19.4407539,0.0812574327,0,zr,226.8300053,55.7471983,0.717000008,-0.0960000008,20200806279352,793,0xa,0x4,20.6200008,26.2853222,0.0267391447,0.118658558,1.44822525e-05,30,1.72300005,1,0.06077128786324375,784.0,0.06852042387760336,19.31044989771879,19.440753899999997
819,793210400001234,131330348,2459067.802292035,59067.3034838,19.3756523,0.0772808343,0,zr,226.8302242,55.7471664,0.546000004,-0.0869999975,20200806303322,793,0xa,0x4,20.6399994,26.2891998,0.0256140549,0.11182747,1.34251732e-05,30,1.96200001,2,0.06452664426068361,784.0,0.07227578027504322,19.252518027686442,19.375652300000006
820,793210400001234,131424233,2459068.741118112,59068.242338,19.2956009,0.0726430789,0,zr,226.8302008,55.7471855,0.620000005,-0.0659999996,20200807242338,793,0xa,0x4,21.0,26.3014545,0.0291198064,0.117726445,1.70151143e-05,30,1.47899997,2,0.06946397632554298,785.0,0.07721311233990259,19.18077235365201,19.295600900000004
821,793210400001234,131426268,2459068.7614646917,59068.2626852,19.2541676,0.0703491345,0,zr,226.8301779,55.7471445,0.639999986,-0.0529999994,20200807262685,793,0xa,0x4,20.8600006,26.3130569,0.0250636265,0.112192847,1.26771229e-05,30,1.61199999,2,0.07216605417207976,785.0,0.07989232373588008,19.143737367087418,19.254167599999995
822,793210400001234,131618460,2459070.683329483,59070.1846065,19.3651066,0.0766541511,0,zr,226.8301433,55.7471571,0.559000015,0.0,20200809184537,793,0xa,0x4,21.7399998,26.3261681,0.0291248914,0.107331954,1.71365955e-05,30,1.24899995,2,0.06515644188737121,787.0,0.07288271145117153,19.243438696756932,19.365106599999997
823,793210400001234,131717692,2459071.675615677,59071.1769213,19.4670086,0.0829142034,0,zr,226.8301953,55.7471628,1.13999999,0.0890000015,20200810176898,793,0xa,0x4,21.6599998,26.3152504,0.025392659,0.105824947,1.31841507e-05,30,1.23300004,2,0.059319374102237275,788.0,0.06700023096799831,19.33480925041382,19.467008600000007
824,793210400001234,131819684,2459072.695505686,59072.1968403,19.2967415,0.0727072507,0,zr,226.8301835,55.7471642,0.649999976,-0.0540000014,20200811196840,793,0xa,0x4,21.3999996,26.2688732,0.0239172429,0.114922747,1.1701879e-05,30,1.31200004,2,0.06939104055302633,789.0,0.07704934993486624,19.18307755267835,19.296741500000003
825,793210400001234,131917550,2459073.6741473046,59073.1755093,19.3441086,0.0754206404,0,zr,226.8301881,55.7471914,0.833000004,0.0419999994,20200812175498,793,0xa,0x4,21.4200001,26.3111153,0.0234776475,0.107996546,1.12907592e-05,30,1.24600005,2,0.0664288233689636,790.0,0.07406469035959307,19.2259719711705,19.34410859999999
826,793210400001234,132122295,2459075.721533426,59075.2229514,19.4148712,0.0796541125,0,zr,226.830187,55.7471791,1.19200003,-0.0900000036,20200814222951,793,0xa,0x4,21.2600002,26.1671143,0.0276250448,0.109599076,1.53970068e-05,30,1.477,2,0.06223741125231393,792.0,0.06985094033730269,19.289569357534027,19.4148712
827,793210400001234,132124210,2459075.740688001,59075.2421065,19.435463,0.0809272155,0,zr,226.8302256,55.7471884,1.09800005,-0.180000007,20200814242106,793,0xa,0x4,21.2000008,26.1662426,0.0235698782,0.11386916,1.12367561e-05,30,1.60099995,2,0.061068155108853335,792.0,0.06863731942987913,19.308599214542618,19.43546299999999
828,793210400001234,132219944,2459076.698000419,59076.1994444,19.3287964,0.0745330453,0,zr,226.8302158,55.7471547,0.522000015,0.0549999997,20200815199444,793,0xa,0x4,21.5799999,26.1948166,0.0281100217,0.0994382128,1.62055203e-05,30,1.37,2,0.06737231026387523,793.0,0.07494147458490104,19.21319441442177,19.32879640000001
829,793210400001234,132315947,2459077.658010084,59077.1594792,19.434267,0.0808527842,0,zr,226.8302254,55.7471503,0.802999973,0.103,20200816159479,793,0xa,0x4,21.5200005,26.2113972,0.0272219442,0.107771471,1.51534714e-05,30,1.23000002,2,0.061135462209275786,794.0,0.06868259847821162,19.307883206193317,19.434267
830,793210400001234,132519982,2459079.6983052427,59079.1998264,19.3385639,0.0750980228,0,zr,226.8302008,55.7471429,0.73299998,0.0340000018,20200818199815,793,0xa,0x4,21.4500008,26.1553459,0.0269709714,0.101750664,1.46358861e-05,30,1.41100001,2,0.06676893360696348,796.0,0.07429414392118613,19.22261354308663,19.338563900000004
831,793210400001234,132522574,2459079.724218877,59079.2257407,19.4860573,0.0841355622,0,zr,226.8301649,55.7471681,0.712000012,0.149000004,20200818225741,793,0xa,0x4,21.2800007,26.1324959,0.0281117503,0.114634648,1.60748423e-05,30,1.56299996,2,0.05828772165644846,796.0,0.06576938401143041,19.35494056418603,19.48605729999999
832,793210400001234,132617638,2459080.67484357,59080.1763889,19.2886925,0.0722556114,0,zr,226.8301984,55.747143,1.04799998,-0.0460000001,20200819176377,793,0xa,0x4,21.0100002,25.9166374,0.0299879722,0.110418774,1.83175016e-05,30,1.31799996,2,0.0699073758348387,797.0,0.07738903818982067,19.178301377066,19.288692500000003
833,793210400001234,132718155,2459081.679981167,59081.1815509,19.3335342,0.0748065859,0,zr,226.8302077,55.7471588,0.547999978,0.0500000007,20200820181551,793,0xa,0x4,21.1200008,26.0358982,0.0266008601,0.11561542,1.41086966e-05,30,1.35099995,2,0.06707895990206472,798.0,0.07453899909119183,19.219041108110623,19.333534199999995
834,793210400001234,132818641,2459082.684818375,59082.186412,19.3821163,0.0776674002,0,zr,226.8301405,55.7472064,1.20200002,-0.162,20200821186412,793,0xa,0x4,21.0200005,25.9962864,0.0284881964,0.122129381,1.6478165e-05,30,1.38499999,2,0.06414362205826146,799.0,0.07158213785677255,19.26298833801625,19.3821163
835,793210400001234,132825945,2459082.75786061,59082.259456,19.487793,0.0842476636,0,zr,226.830144,55.7471244,0.611999989,0.0869999975,20200821259444,793,0xa,0x4,20.6399994,25.8724709,0.0272208042,0.125360772,1.49078687e-05,30,1.92900002,2,0.0581946150860213,799.0,0.06561170669855708,19.357546662956047,19.487793000000003
836,793210400001234,133020004,2459084.6984063582,59084.2000463,19.4553757,0.0821762756,0,zr,226.8301484,55.7471725,0.605000019,-0.104999997,20200823200046,793,0xa,0x4,20.9200001,26.0833817,0.0256737471,0.121375673,1.35886257e-05,30,1.48699999,2,0.05995835649621411,801.0,0.06737544810874989,19.328745833343795,19.455375699999998
837,793210400001234,133117892,2459085.677261927,59085.1789236,19.3929539,0.0783195198,0,zr,226.830219,55.747169,0.871999979,-0.075000003,20200824178924,793,0xa,0x4,20.9200001,26.2742882,0.0265081637,0.116935164,1.41576957e-05,30,1.38900006,2,0.06350653825976038,802.0,0.0708810768512034,19.273674232776308,19.392953900000002
838,793210400001234,133118898,2459085.6873195977,59085.1889815,19.3617363,0.0764548928,0,zr,226.8301741,55.747161,1.16799998,-0.108999997,20200824188981,793,0xa,0x4,21.1599998,26.2659798,0.0248776209,0.11631652,1.25961351e-05,30,1.44000006,2,0.06535901221699018,802.0,0.07271242085183287,19.245978489817567,19.361736299999997
839,793210400001234,133316153,2459087.659835249,59087.1615394,19.2590656,0.0706165433,0,zr,226.8302187,55.7471737,0.479000002,0.0399999991,20200826161539,793,0xa,0x4,21.0400009,26.1531162,0.0259823781,0.120647393,1.37770394e-05,30,1.33500004,2,0.07184123011301181,804.0,0.0791946387478545,19.153260544796233,19.259065600000007
840,793210400001234,133720133,2459091.699546868,59091.201331,19.3298645,0.0745946318,0,zr,226.8302093,55.7471383,0.702000022,-0.114,20200830201319,793,0xa,0x4,20.6900005,26.2969246,0.0246585086,0.116164133,1.23309201e-05,30,1.62300003,2,0.06730606490874642,808.0,0.07461750396307139,19.21789820669131,19.329864500000006
841,793210400001234,143452104,2459189.0203334545,59188.5210417,19.4576149,0.0823178887,0,zr,226.8302655,55.7471158,0.43900001,-0.064000003,20201205521030,793,0xa,0x4,20.3899994,26.2778702,0.0319958515,0.121531501,2.09377213e-05,30,1.84300005,1,0.059834827042040545,905.0,0.06706347296280188,19.3337848996537,19.457614900000003
842,793210400001234,144151765,2459196.017200101,59195.5176505,19.2100792,0.0679859519,0,zr,226.8304807,55.7469621,0.675999999,0.100000001,20201212517639,793,0xa,0x4,19.6200008,26.0352879,0.0435752235,0.117974691,4.09361455e-05,30,1.70000005,1,0.07515680682126183,912.0,0.08076772479746858,19.131905377228456,19.210079200000003
843,793210400001234,144551457,2459200.014273319,59199.5145718,19.4283981,0.0804883391,0,zr,226.8301713,55.7472134,0.485000014,-0.0260000005,20201216514572,793,0xa,0x4,20.5900002,26.2864151,0.030204609,0.116080828,1.83910124e-05,30,1.63699996,1,0.06146682206954246,916.0,0.06698489763427633,19.33505775494276,19.428398100000003
844,793210400001234,144853350,2459203.0333247334,59202.5335069,19.286726,0.0721457303,0,zr,226.8301737,55.7471207,0.967000008,0.0399999991,20201219533507,793,0xa,0x4,20.25,26.2973995,0.0329503641,0.121801369,2.16941717e-05,30,1.46000004,1,0.07003410774772284,919.0,0.07550031893177138,19.205128034502657,19.28672600000001
845,793210400001234,145051273,2459205.012626128,59204.5127315,19.4450188,0.0815244168,0,zr,226.830198,55.7471838,1.39600003,-0.0529999994,20201221512732,793,0xa,0x4,21.3099995,26.2926006,0.0256994218,0.113912575,1.3570927e-05,30,1.55299997,1,0.06053303931011201,921.0,0.06596090618536245,19.35178346638478,19.445018800000007
846,793210400001234,146346928,2459217.969683615,59217.4692824,19.405426,0.0790763423,0,zr,226.830251,55.7472272,0.856999993,0.0900000036,20210103469271,793,0xa,0x4,20.8299999,26.2914257,0.0291791949,0.113838024,1.72295768e-05,30,1.60899997,1,0.06278119818591746,934.0,0.06818376203537857,19.315797600678813,19.405426
847,793210400001234,146549988,2459220.000364543,59219.4998843,19.5471134,0.088160947,0,zr,226.8302561,55.7471632,0.967999995,-0.0189999994,20210105499884,793,0xa,0x4,20.8400002,26.3025227,0.0256577116,0.116892718,1.34337797e-05,30,1.39300001,1,0.05510038583924133,936.0,0.06034339792634031,19.448425596062556,19.547113399999994
848,793210400001234,146753266,2459222.03322098,59221.532662,19.4499245,0.0818325728,0,zr,226.8303286,55.7471604,0.588,-0.0810000002,20210107532662,793,0xa,0x4,20.8299999,26.0862751,0.0245085768,0.10873244,1.22838655e-05,30,1.24300003,1,0.060260148836180145,938.0,0.06547935007334457,19.359739099759928,19.4499245
849,793210400001234,146949297,2459223.9936089185,59223.4929745,19.6270332,0.0936880186,0,zr,226.8302365,55.7470414,1.16799998,-0.063000001,20210109492951,793,0xa,0x4,20.4899998,26.3153305,0.0269410219,0.112403527,1.45782769e-05,30,1.37399995,1,0.05119018746559188,940.0,0.05638576855637837,19.52207623903754,19.627033199999993
850,793210400001234,147350829,2459228.0090858154,59227.5082986,19.4309006,0.0806435347,0,zr,226.8301816,55.7471547,0.603999972,-0.0810000002,20210113508264,793,0xa,0x4,20.6800003,26.1633244,0.027936453,0.10776832,1.58118601e-05,30,1.26900005,1,0.0613253110948425,944.0,0.06649746087314684,19.34298734350292,19.430900599999994
851,793210400001234,147553040,2459230.0312681426,59229.5304051,19.2870483,0.072163716,0,zr,226.8301822,55.747177,0.633000016,-0.00499999989,20210115530405,793,0xa,0x4,20.5599995,26.3307915,0.0299633313,0.123578645,1.83500233e-05,30,1.18799996,1,0.0700133212593295,946.0,0.07513916754541457,19.210334051809333,19.287048300000002
852,793210400001234,147749202,2459231.9929612214,59231.4920255,19.4416733,0.0813149065,0,zr,226.8301832,55.7471611,0.833000004,0.0480000004,20210117491968,793,0xa,0x4,21.6000004,26.312315,0.0237741005,0.105834283,1.1645423e-05,30,1.28799999,1,0.06071984859848509,948.0,0.06582281907437161,19.35405880395607,19.441673299999998
853,793210400001234,149444775,2459248.949271592,59248.4477546,19.5975227,0.091612868,0,zr,226.8301725,55.7472206,0.335000008,0.00999999978,20210203447743,793,0xa,0x4,21.0900002,26.3280907,0.0242105294,0.115452267,1.20270815e-05,30,1.27999997,1,0.05260062688140629,965.0,0.05768090311943153,19.497419871037316,19.597522700000006
854,793210400001234,149643184,2459250.9334184863,59250.4318403,19.4467754,0.0816346854,0,zr,226.8301903,55.7472023,0.61500001,0.0299999993,20210205431840,793,0xa,0x4,20.5799999,26.3191071,0.0325282253,0.112509578,2.14284755e-05,30,1.32000005,1,0.060435182790425895,967.0,0.06532964525444462,19.362224250149815,19.4467754
855,793210400001234,149851311,2459253.0147539987,59252.5131134,19.4928303,0.0845737159,0,zr,226.8302135,55.7471591,0.786000013,0.0350000001,20210207513102,793,0xa,0x4,21.8500004,26.3462353,0.0266681947,0.10699036,1.47571664e-05,30,1.10699999,1,0.0579252450862661,969.0,0.06279865316773484,19.405124176011036,19.4928303
856,793210400001234,150245253,2459256.954287923,59256.4525347,19.4859848,0.0841308683,0,zr,226.8301544,55.7471744,1.01699996,-0.0359999985,20210211452535,793,0xa,0x4,21.5799999,26.3405132,0.0233101137,0.110308588,1.10524352e-05,30,1.199,1,0.05829161394713077,973.0,0.0631441316964202,19.39916751104102,19.485984800000004
857,793210400001234,150641053,2459260.9123911327,59260.4105324,19.5712738,0.0898008645,32768,zr,226.8302718,55.747104,1.426,-0.175999999,20210215410521,793,0xa,0x4,20.1399994,25.5284767,0.0348887816,0.110842958,2.50680168e-05,30,1.29700005,1,0.05388780327085803,977.0,0.0586990262833337,19.478422757242235,19.571273799999993
858,793210400001234,150946903,2459263.9709741604,59263.4690394,19.6038551,0.0920547694,0,zr,226.8299707,55.7472476,0.593999982,0.0560000017,20210218469039,793,0xa,0x4,20.2999992,26.3488026,0.0316196904,0.114147499,2.02209703e-05,30,1.12600005,1,0.05229473420750637,980.0,0.057065300189996934,19.50906973450281,19.603855099999997
859,793210400001234,151131039,2459265.8123714747,59265.3103935,19.6151962,0.0928507745,0,zr,226.8301468,55.7470951,0.707000017,-0.074000001,20210220310347,793,0xa,0x4,20.5400009,26.2743206,0.0270599499,0.124665335,1.50953456e-05,30,1.847,1,0.051751330528658906,982.0,0.05649181500842256,19.520036179308953,19.615196200000007
860,793210400001234,151343456,2459267.936585879,59267.4345602,19.6216946,0.0933096558,0,zr,226.8301324,55.7471474,1.07299995,-0.0149999997,20210222434560,793,0xa,0x4,20.8500004,26.3490276,0.0363611355,0.115238778,2.69646571e-05,30,1.16900003,1,0.05144251110473512,984.0,0.056163134328779875,19.526371658191458,19.621694600000005
861,793210400001234,151537002,2459269.872089919,59269.3700231,19.5085506,0.0855988786,32768,zr,226.8301592,55.7471726,0.671000004,0.0599999987,20210224370023,793,0xa,0x4,20.7999992,26.0877419,0.0767646432,0.112527452,0.00012052813,30,1.36199999,1,0.057092591947970686,986.0,0.06179350668704478,19.422642896345316,19.5085506
862,793210400001234,151744694,2459271.949053038,59271.4469444,19.463953,0.0827197358,0,zr,226.8301866,55.7471531,0.749000013,0.116999999,20210226446944,793,0xa,0x4,20.1200008,26.3352985,0.0306975897,0.10681165,1.90614865e-05,30,1.12600005,1,0.059486552440745855,988.0,0.06416791003300562,19.381705263931686,19.463952999999997
863,1827201200007108,151832489,2459272.8270212756,59272.3248958,19.2272835,0.0684467703,0,zr,226.8302645,55.7471004,0.833000004,0.165999994,20210227324884,1827,0x1,0x2,19.9300003,26.1828804,0.0351617262,0.10814894,2.46201962e-05,30,1.53799999,2,0.07397527699166954,989.0,0.07863722735883202,19.1609295188397,19.22728349999999
864,793210400001234,151947692,2459273.9790683333,59273.4769213,19.5780888,0.0902682096,0,zr,226.8302761,55.7472578,0.740999997,-0.166999996,20210228476910,793,0xa,0x4,20.2800007,26.2953091,0.0299745537,0.116874307,1.8345354e-05,30,1.08599997,1,0.05355061711653244,990.0,0.05820291965345499,19.48763807284346,19.578088799999996
865,793210400001234,152140449,2459275.906671903,59275.4044907,19.5056686,0.0854100809,0,zr,226.8301742,55.7471922,0.681999981,-0.0439999998,20210302404479,793,0xa,0x4,20.8099995,26.3237705,0.0256819297,0.115481138,1.35761711e-05,30,1.18900001,1,0.057244340985070086,992.0,0.061887032648279904,19.421000850764038,19.5056686
866,793210400001234,152140734,2459275.909530753,59275.4073495,19.4678459,0.0829675198,0,zr,226.8302032,55.7471661,0.917999983,-0.0350000001,20210302407338,793,0xa,0x4,20.8299999,26.3429394,0.0245506056,0.114836998,1.23912996e-05,30,1.18200004,3,0.059273645715297196,992.0,0.06389722581078772,19.386294992366935,19.467845900000007
867,793210400001234,152446633,2459278.968561885,59278.466331,19.5544357,0.0886551589,0,zr,226.8301509,55.7471957,1.24699998,0.00100000005,20210305466319,793,0xa,0x4,20.9400005,26.3374653,0.0261824112,0.116842724,1.40379943e-05,30,1.08500004,3,0.05473003425962364,995.0,0.05935361435511415,19.466382073547386,19.554435699999992
868,793210400001234,152446780,2459278.9700318016,59278.4678009,19.500946,0.0851015449,0,zr,226.8302558,55.7472169,1.051,-0.126000002,20210305467789,793,0xa,0x4,20.9699993,26.3419762,0.0237984508,0.114642009,1.17024847e-05,30,1.08399999,1,0.057493877591824324,995.0,0.06208906322468399,19.417462231421432,19.500945999999992
869,793210400001234,152643089,2459280.9331508796,59280.4308912,19.614399,0.0927946791,0,zr,226.8302163,55.7471575,0.773999989,-0.0309999995,20210307430891,793,0xa,0x4,20.7800007,26.1986351,0.0247470625,0.109868608,1.23388336e-05,30,1.11399996,3,0.05178934281042551,997.0,0.05638452844328517,19.522100118298646,19.614399
870,793210400001234,153638297,2459290.88534201,59290.3829745,19.5926876,0.0912767053,0,zr,226.8301501,55.7471637,0.614000022,-0.057,20210317382975,793,0xa,0x4,21.7399998,26.3245564,0.0239316039,0.11115136,1.15855401e-05,30,1.14699996,3,0.05283539517295456,1007.0,0.05283539517295456,19.592687599999998,19.592687599999998
871,793210400001234,153739204,2459291.8944234215,59291.3920486,19.6512451,0.095420666,0,zr,226.8301327,55.7471724,1.45099998,0.170000002,20210318392049,793,0xa,0x4,21.5,26.1904526,0.0251686499,0.108713724,1.29360442e-05,30,1.12699997,1,0.050061281182277366,1008.0,0.050061281182277366,19.651245100000004,19.651245100000004
872,793210400001234,153838532,2459292.8877054527,59292.3853241,19.6230316,0.0934042409,0,zr,226.8301624,55.7471648,0.981000006,-0.109999999,20210319385324,793,0xa,0x4,21.7900009,26.2842159,0.0274626911,0.109742768,1.54274385e-05,30,1.13300002,3,0.051379202626449426,1009.0,0.051379202626449426,19.623031599999997,19.623031599999997
873,793210400001234,154138407,2459295.886471203,59295.3840741,19.5939846,0.0913667828,0,zr,226.8302808,55.7471395,1.36199999,0.195999995,20210322383900,793,0xa,0x4,21.0,26.2669811,0.0275518056,0.115407206,1.55510534e-05,30,1.12199998,3,0.05277231668971136,1012.0,0.05277231668971136,19.59398459999999,19.59398459999999
874,793210400001234,154238798,2459296.8903871425,59296.3879861,19.3951721,0.0784536451,0,zr,226.8301914,55.7472179,0.796999991,0.370999992,20210323387986,793,0xa,0x4,19.7399998,26.2543354,0.0403188281,0.119844541,3.44752516e-05,30,1.11300004,3,0.06337692445584385,1013.0,0.06337692445584385,19.395172100000003,19.395172100000003
875,793210400001234,154339032,2459297.892728414,59297.3903241,19.5031281,0.0852440074,0,zr,226.83011,55.7471782,1.65400004,0.0289999992,20210324390266,793,0xa,0x4,20.8999996,26.2983074,0.0249977354,0.113878556,1.26276309e-05,30,1.10599995,3,0.05737844310344749,1014.0,0.05737844310344749,19.503128100000005,19.503128100000005
876,793210400001234,154339525,2459297.8976589274,59297.3952546,19.6507874,0.0953876674,0,zr,226.8301313,55.7472,0.847000003,0.115000002,20210324395197,793,0xa,0x4,20.8600006,26.2939358,0.0260722991,0.122750901,1.38013111e-05,30,1.10099995,1,0.050082389328580765,1014.0,0.050082389328580765,19.650787400000006,19.650787400000006
877,793210400001234,154441064,2459298.9130550576,59298.4106481,19.6178188,0.0930357054,0,zr,226.8301217,55.7471616,0.381000012,-0.00899999961,20210325410648,793,0xa,0x4,20.1800003,25.8510284,0.0373490341,0.0971113816,2.82515903e-05,30,1.08500004,3,0.05162647584389277,1015.0,0.05162647584389277,19.617818800000002,19.617818800000002
878,793210400001234,154643560,2459300.938012052,59300.4356019,19.6748028,0.0971327201,0,zr,226.830262,55.7471072,0.823000014,-0.337000012,20210327435590,793,0xa,0x4,20.1599998,26.2989311,0.0326592326,0.119924709,2.18417754e-05,30,1.07599998,1,0.04898677849518859,1017.0,0.04898677849518859,19.674802800000002,19.674802800000002
879,793210400001234,154643653,2459300.9389495365,59300.4365394,19.6735897,0.0970438868,0,zr,226.8304956,55.7472238,0.745000005,-0.305000007,20210327436539,793,0xa,0x4,19.9799995,26.3027344,0.0343526267,0.116607577,2.43452159e-05,30,1.07599998,3,0.049041542324143324,1017.0,0.049041542324143324,19.6735897,19.6735897
880,793210400001234,154741665,2459301.9190658117,59301.4166551,19.4863052,0.084151566,0,zr,226.830254,55.747271,0.643000007,-0.0839999989,20210328416644,793,0xa,0x4,20.25,26.3326588,0.0302846022,0.119814023,1.86315356e-05,30,1.07799995,3,0.05827441467021018,1018.0,0.05827441467021018,19.486305199999997,19.486305199999997
881,793210400001234,154840266,2459302.9050726555,59302.402662,19.5600433,0.0890352651,0,zr,226.8301949,55.747133,0.405999988,-0.00100000005,20210329402650,793,0xa,0x4,20.7700005,26.34519,0.0325911976,0.114254743,2.15487216e-05,30,1.08399999,1,0.05444809380882865,1019.0,0.05444809380882865,19.560043299999997,19.560043299999997
882,793210400001234,154840359,2459302.906010154,59302.4035995,19.5069733,0.0854954496,0,zr,226.8301579,55.7471626,0.426999986,-0.00800000038,20210329403600,793,0xa,0x4,20.8099995,26.3221416,0.0307381749,0.11887566,1.91830532e-05,30,1.08299994,3,0.05717559331429087,1019.0,0.05717559331429087,19.50697329999999,19.50697329999999
883,793210400001234,154943482,2459303.937236301,59303.4348264,19.4105682,0.0793904141,0,zr,226.8302263,55.7471132,1.01800001,0.00499999989,20210330434815,793,0xa,0x4,20.4699993,26.2930374,0.0281750765,0.118991196,1.64598205e-05,30,1.07700002,3,0.062484560578258797,1020.0,0.062484560578258797,19.410568199999993,19.410568199999993
884,793210400001234,155130452,2459305.806932203,59305.3045255,19.2928333,0.0724876449,32768,zr,226.830306,55.7471281,0.400999993,-0.114,20210401304456,793,0xa,0x4,20.3700008,25.8974571,0.104740195,0.121047229,0.000227922603,30,1.23899996,1,0.06964126960750959,1022.0,0.06964126960750959,19.292833300000005,19.292833300000005
885,793210400001234,155134371,2459305.846121931,59305.3437153,19.5701275,0.0897224247,0,zr,226.8301405,55.7471809,1.10699999,-0.184,20210401343692,793,0xa,0x4,20.9300003,26.3123455,0.0263245776,0.111698784,1.40312168e-05,30,1.14400005,3,0.05394472705100048,1022.0,0.05394472705100048,19.570127500000005,19.570127500000005
886,793210400001234,155244548,2459306.9478897727,59306.4454861,19.6329117,0.0941061825,0,zr,226.8302264,55.7471705,1.26199996,-0.0799999982,20210402445486,793,0xa,0x4,21.5100002,26.303299,0.0296260398,0.111782752,1.8119772e-05,30,1.08399999,3,0.050913777464271934,1023.0,0.050913777464271934,19.6329117,19.6329117
887,793210400001234,155336905,2459307.8714514626,59307.3690509,19.6314011,0.0939985812,0,zr,226.8301723,55.7471625,0.763999999,0.193000004,20210403369051,793,0xa,0x4,21.7700005,26.3489475,0.0241733678,0.103323199,1.20473314e-05,30,1.10000002,3,0.050984663817649344,1024.0,0.050984663817649344,19.631401099999998,19.631401099999998
888,793210400001234,155336998,2459307.8723889603,59307.3699884,19.6042671,0.0920835286,0,zr,226.8301904,55.7471398,0.930999994,0.152999997,20210403369988,793,0xa,0x4,21.6599998,26.3277969,0.0254626963,0.107043028,1.32863015e-05,30,1.09899998,1,0.05227489389727478,1024.0,0.05227489389727478,19.60426710000001,19.60426710000001
889,793210400001234,155443362,2459308.9360189885,59308.4336227,19.5561237,0.088769421,0,zr,226.8301726,55.7471758,0.509000003,-0.00100000005,20210404433623,793,0xa,0x4,21.6599998,26.3274155,0.0242294371,0.111853145,1.19869137e-05,30,1.08099997,3,0.05464501128678504,1025.0,0.05464501128678504,19.556123699999993,19.556123699999993
890,793210400001234,155538667,2459309.889070024,59309.3866782,19.5468349,0.088142246,0,zr,226.8301455,55.7471763,0.709999979,0.0160000008,20210405386678,793,0xa,0x4,21.25,26.2673912,0.0228289347,0.111521192,1.06959324e-05,30,1.08200002,3,0.05511452134073159,1026.0,0.05511452134073159,19.5468349,19.5468349
891,793210400001234,155538761,2459309.890007518,59309.3876157,19.5620937,0.0891746134,0,zr,226.8301955,55.7471726,0.583999991,-0.0149999997,20210405387616,793,0xa,0x4,21.4300003,26.3066502,0.0245223604,0.110986091,1.23552682e-05,30,1.08099997,1,0.054345366257124356,1026.0,0.054345366257124356,19.5620937,19.5620937
892,793210400001234,155640814,2459310.910534476,59310.4081481,19.7153397,0.100139096,0,zr,226.8302448,55.7471854,0.70599997,0.023,20210406408148,793,0xa,0x4,21.5699997,26.3104877,0.0242680199,0.111888304,1.1908468e-05,30,1.07599998,3,0.047191536751860164,1027.0,0.047191536751860164,19.71533970000001,19.71533970000001
893,793210400001234,155747506,2459311.977449349,59311.4750694,19.5841827,0.0906879678,0,zr,226.8301713,55.7471847,0.449999988,-0.0370000005,20210407475000,793,0xa,0x4,21.8099995,26.3313522,0.0240012296,0.100347206,1.18119897e-05,30,1.13300002,3,0.05325089604724773,1028.0,0.05325089604724773,19.584182700000007,19.584182700000007
894,793210400001234,155747696,2459311.9793475396,59311.4769676,19.6100349,0.092487812,0,zr,226.8301882,55.7471385,0.69599998,0.0900000036,20210407476956,793,0xa,0x4,21.8099995,26.3312187,0.0261826348,0.108901262,1.40726597e-05,30,1.13600004,1,0.051997928200513556,1028.0,0.051997928200513556,19.610034899999995,19.610034899999995
895,793210400001234,155838913,2459312.891505766,59312.3891319,19.606163,0.0922162831,0,zr,226.8301715,55.7471734,0.499000013,0.0520000011,20210408389132,793,0xa,0x4,21.3500004,26.3204918,0.02451564,0.112114824,1.23137388e-05,30,1.07799995,3,0.05218369173356958,1029.0,0.05218369173356958,19.606163000000002,19.606163000000002
896,793210400001234,155942754,2459313.929912584,59313.4275463,19.6139927,0.0927660614,32768,zr,226.8302106,55.7471613,0.628000021,0.063000001,20210409427500,793,0xa,0x4,20.8999996,25.7712841,0.0304224789,0.113806911,1.89517687e-05,30,1.08500004,3,0.05180872684451417,1030.0,0.05180872684451417,19.613992700000004,19.613992700000004
897,793210400001234,155942848,2459313.9308500746,59313.4284838,19.6864834,0.0979911238,0,zr,226.8301782,55.7471957,1.33500004,0.00700000022,20210409428472,793,0xa,0x4,20.9300003,25.796793,0.0271962564,0.114172608,1.53173296e-05,30,1.08599997,1,0.04846259217092253,1030.0,0.04846259217092253,19.686483400000007,19.686483400000007
898,793210400001234,156045184,2459314.9541984145,59314.4518403,19.6095295,0.09245231,0,zr,226.8301947,55.7471632,0.688000023,0.0170000009,20210410451840,793,0xa,0x4,21.7900009,26.317873,0.0259965248,0.102709003,1.40171896e-05,30,1.11099994,3,0.05202213838180358,1031.0,0.05202213838180358,19.6095295,19.6095295
899,793210400001234,156240725,2459316.9095975533,59316.4072569,19.5888977,0.0910139829,0,zr,226.8301641,55.7471487,0.25999999,-0.0149999997,20210412407188,793,0xa,0x4,22.1200008,26.3145599,0.0274671149,0.104458995,1.53721285e-05,30,1.079,3,0.05302014608514985,1033.0,0.05302014608514985,19.588897699999997,19.588897699999997
900,793210400001234,156341526,2459317.917596886,59317.4152662,19.6052437,0.0921519324,0,zr,226.8301385,55.7472015,0.59799999,0.00300000003,20210413415255,793,0xa,0x4,21.8999996,26.3214264,0.0262840483,0.103916913,1.42278313e-05,30,1.08399999,3,0.05222789472011119,1034.0,0.05222789472011119,19.605243699999995,19.605243699999995
901,793210400001234,156536704,2459319.869358164,59319.3670486,19.6179886,0.0930477455,0,zr,226.8300411,55.7472053,0.574000001,0.023,20210415367049,793,0xa,0x4,20.8500004,26.3100605,0.0270167794,0.118711114,1.48886375e-05,30,1.079,3,0.05161840252910688,1036.0,0.05161840252910688,19.617988599999997,19.617988599999997
902,793210400001234,156828540,2459322.7876786087,59322.2854051,19.564333,0.0893269777,0,zr,226.8302019,55.7471693,1.25699997,-0.114,20210418285394,793,0xa,0x4,21.3999996,26.264946,0.0238370169,0.111605898,1.17229993e-05,30,1.16799998,1,0.05423339599443294,1039.0,0.05423339599443294,19.564332999999998,19.564332999999998
903,793210400001234,157026303,2459324.7652785075,59324.2630324,19.4918118,0.0845077336,0,zr,226.8302338,55.7471305,0.713,0.0860000029,20210420263021,793,0xa,0x4,20.9200001,26.277565,0.0237235315,0.118962206,1.15070152e-05,30,1.20899999,1,0.0579796086989034,1041.0,0.0579796086989034,19.4918118,19.4918118
904,1827201200007108,157426284,2459328.76503074,59328.2628472,19.4017715,0.0779751837,0,zr,226.8301902,55.7471672,0.759000003,0.0460000001,20210424262847,1827,0x1,0x2,20.9699993,26.2016144,0.0253362302,0.108448096,1.31213719e-05,30,1.19700003,2,0.0629928706430786,1045.0,0.0629928706430786,19.401771500000002,19.401771500000002
905,1827201200007108,157426331,2459328.7654937305,59328.2633102,19.402441,0.0780138895,0,zr,226.8301767,55.747188,0.688000023,-0.0270000007,20210424263310,1827,0x1,0x2,20.9500008,26.1982498,0.0255747698,0.104526617,1.31103416e-05,30,1.19599998,3,0.06295403917873016,1045.0,0.06295403917873016,19.402441000000003,19.402441000000003
906,793210400001234,157430216,2459328.8043472916,59328.3021644,19.5434017,0.0879114419,0,zr,226.8302062,55.7471764,1.01900005,0.264999986,20210424302153,793,0xa,0x4,20.9400005,26.2919312,0.0265604276,0.112602346,1.45725162e-05,30,1.11099994,1,0.055289074472356696,1045.0,0.055289074472356696,19.543401699999997,19.543401699999997
907,793210400001234,157524871,2459329.750881974,59329.2487153,19.5259838,0.0867487639,0,zr,226.8301349,55.7471697,1.01600003,-0.177000001,20210425248715,793,0xa,0x4,20.6399994,26.2792988,0.0255298279,0.117253512,1.32937512e-05,30,1.21099997,2,0.05618320110274555,1046.0,0.05618320110274555,19.5259838,19.5259838
908,793210400001234,157542520,2459329.927371914,59329.4252083,19.5804329,0.0904295221,0,zr,226.8302059,55.7471796,1.01100004,0.00400000019,20210425425208,793,0xa,0x4,20.9799995,26.2995663,0.0283065401,0.111789301,1.64571447e-05,30,1.13100004,2,0.053435126271443624,1046.0,0.053435126271443624,19.580432899999998,19.580432899999998
909,793210400001234,158032171,2459334.823784216,59334.321713,19.5865765,0.0908533111,0,zr,226.8302406,55.7472132,0.589999974,0.0860000029,20210430321701,793,0xa,0x4,21.1000004,26.3211632,0.0263658203,0.121402614,1.42312583e-05,30,1.08000004,2,0.053133619332774856,1051.0,0.053133619332774856,19.5865765,19.5865765
910,793210400001234,158037195,2459334.8740262063,59334.371956,19.6541367,0.0956294686,0,zr,226.8302908,55.7471292,1.01699996,0.00100000005,20210430371956,793,0xa,0x4,20.9899998,26.312458,0.026001066,0.120954379,1.37643392e-05,30,1.08599997,1,0.04992813225727308,1051.0,0.04992813225727308,19.654136700000002,19.654136700000002
911,793210400001234,158041542,2459334.9174975147,59334.4154282,19.4435978,0.0814353526,0,zr,226.8302233,55.7471515,0.296999991,-0.0590000004,20210430415428,793,0xa,0x4,21.1499996,26.3151741,0.0278512537,0.114693709,1.58600578e-05,30,1.13800001,2,0.06061231617534782,1051.0,0.06061231617534782,19.4435978,19.4435978
912,793210400001234,158129969,2459335.8017502716,59335.2996991,19.5552998,0.0887136534,0,zr,226.8302396,55.7471227,0.829999983,-0.00100000005,20210501299699,793,0xa,0x4,20.8999996,26.1269302,0.0269848034,0.115267389,1.48892577e-05,30,1.09300005,2,0.054686493841367825,1052.0,0.054686493841367825,19.555299799999993,19.555299799999993
913,793210400001234,158232915,2459336.8311846047,59336.3291551,19.6693153,0.0967316404,0,zr,226.830172,55.747171,1.079,0.172999993,20210502329155,793,0xa,0x4,21.7399998,26.2925129,0.0260051657,0.10486266,1.37521029e-05,30,1.07599998,2,0.04923499294223343,1053.0,0.04923499294223343,19.6693153,19.6693153
914,793210400001234,158234730,2459336.849332319,59336.3473032,19.5187302,0.0862686187,0,zr,226.830128,55.7471657,0.912,0.0289999992,20210502347292,793,0xa,0x4,21.7900009,26.301321,0.0255362298,0.10804189,1.34922548e-05,30,1.07700002,1,0.05655980715095931,1053.0,0.05655980715095931,19.5187302,19.5187302
915,793210400001234,158236250,2459336.864528793,59336.3625,19.6179962,0.0930482447,0,zr,226.8301486,55.7471735,0.451000005,0.0599999987,20210502362488,793,0xa,0x4,21.3299999,26.2883072,0.0233759657,0.112190813,1.12611078e-05,30,1.08399999,2,0.051618041208848005,1053.0,0.051618041208848005,19.6179962,19.6179962
916,793210400001234,158428168,2459338.783676644,59338.2816898,19.6211815,0.093273297,0,zr,226.8301898,55.7471539,0.268000007,-0.0189999994,20210504281690,793,0xa,0x4,21.7199993,26.2897644,0.0236326363,0.103502832,1.15085213e-05,30,1.10300004,2,0.05146682768390009,1055.0,0.05146682768390009,19.6211815,19.6211815
917,793210400001234,158439020,2459338.892192714,59338.3902083,19.5465813,0.0881251618,0,zr,226.8301486,55.7471654,0.481999993,0.0350000001,20210504390162,793,0xa,0x4,21.5,26.2928753,0.0259537697,0.11063876,1.37283787e-05,30,1.11600006,2,0.05512739617627275,1055.0,0.05512739617627275,19.546581300000007,19.546581300000007
918,793210400001234,158530236,2459339.8043248476,59339.3023611,19.6004162,0.0918145478,0,zr,226.8301877,55.7471704,0.822000027,-0.0500000007,20210505302350,793,0xa,0x4,21.8600006,26.299036,0.0272761341,0.105022095,1.53152614e-05,30,1.08299994,1,0.05246063220686272,1056.0,0.05246063220686272,19.600416200000005,19.600416200000005
919,793210400001234,158530328,2459339.805250727,59339.303287,19.6544113,0.0956492648,0,zr,226.8301637,55.7471654,0.577000022,-0.0850000009,20210505303287,793,0xa,0x4,21.8199997,26.3180332,0.0269715991,0.107266672,1.48736826e-05,30,1.08299994,2,0.04991550623316963,1056.0,0.04991550623316963,19.6544113,19.6544113
920,793210400001234,158534799,2459339.849960407,59339.3479977,19.5278244,0.0868709683,0,zr,226.8302033,55.7471384,1.16100001,0.163000003,20210505347917,793,0xa,0x4,21.8999996,26.2884827,0.0262250621,0.111561097,1.40930033e-05,30,1.08000004,2,0.05608803692275609,1056.0,0.05608803692275609,19.527824400000007,19.527824400000007
921,793210400001234,158631225,2459340.8141972604,59340.3122569,19.5555744,0.0887322202,0,zr,226.8301988,55.7471675,1.051,0.0280000009,20210506312245,793,0xa,0x4,21.7199993,26.3098888,0.0242509283,0.107507281,1.19960623e-05,30,1.07799995,2,0.05467266450391368,1057.0,0.05467266450391368,19.555574400000005,19.555574400000005
922,793210400001234,158643414,2459340.936080979,59340.4341435,19.5564098,0.0887888148,0,zr,226.8301876,55.7471694,0.49000001,0.0469999984,20210506434144,793,0xa,0x4,21.7399998,26.2939892,0.0237631965,0.106000938,1.14368568e-05,30,1.21700001,2,0.05463061379500979,1057.0,0.05463061379500979,19.556409800000004,19.556409800000004
923,793210400001234,158722082,2459341.7227406446,59341.2208218,19.57967,0.0903770104,0,zr,226.8301768,55.7471816,0.959999979,-0.050999999,20210507220810,793,0xa,0x4,21.6599998,26.2832108,0.0246539954,0.104466818,1.24660537e-05,30,1.19799995,2,0.053472686024119795,1058.0,0.053472686024119795,19.57967,19.57967
924,793210400001234,158728932,2459341.7912459304,59341.2893287,19.5354671,0.0873800665,0,zr,226.8301986,55.7471708,0.731000006,-0.0149999997,20210507289317,793,0xa,0x4,21.8299999,26.3132915,0.0250628423,0.109539211,1.28315751e-05,30,1.08800006,1,0.055694609082159,1058.0,0.055694609082159,19.535467099999998,19.535467099999998
925,793210400001234,158729167,2459341.793595377,59341.2916782,19.6614323,0.0961578786,0,zr,226.8301972,55.7471472,0.860000014,0.0149999997,20210507291667,793,0xa,0x4,21.8400002,26.3131676,0.0265701897,0.107083961,1.4229875e-05,30,1.08599997,2,0.049593765023920246,1058.0,0.049593765023920246,19.661432299999994,19.661432299999994
926,793210400001234,158830924,2459342.811140278,59342.3092477,19.5868683,0.0908735022,0,zr,226.8301434,55.7471653,0.70599997,0.0780000016,20210508309236,793,0xa,0x4,21.7199993,26.2800636,0.0245287083,0.105927609,1.22238844e-05,30,1.07700002,2,0.05311934118051529,1059.0,0.05311934118051529,19.5868683,19.5868683
927,793210400001234,158842525,2459342.927144318,59342.4252546,19.5541706,0.0886371732,0,zr,226.8301547,55.747179,0.964999974,0.0170000009,20210508425255,793,0xa,0x4,21.9400005,26.2825413,0.0282749124,0.104271494,1.63223031e-05,30,1.20799994,2,0.05474339911147021,1059.0,0.05474339911147021,19.5541706,19.5541706
928,793210400001234,158930046,2459343.8023311193,59343.300463,19.5244579,0.0866475627,0,zr,226.8302073,55.7471477,1.01699996,-0.0520000011,20210509300463,793,0xa,0x4,21.8199997,26.2551212,0.0257304311,0.10301961,1.35280588e-05,30,1.079,2,0.056262216813100924,1060.0,0.056262216813100924,19.52445790000001,19.52445790000001
929,793210400001234,158932078,2459343.822654613,59343.320787,19.5639801,0.0893029496,0,zr,226.8302355,55.7471608,0.708999991,0.074000001,20210509320787,793,0xa,0x4,21.5100002,26.2392349,0.0254566185,0.110928006,1.32355153e-05,30,1.07599998,1,0.05425102649813741,1060.0,0.05425102649813741,19.563980100000002,19.563980100000002
930,793210400001234,158934182,2459343.8436957886,59343.3418287,19.6663837,0.0965179503,0,zr,226.8301711,55.7471482,0.734000027,-0.0979999974,20210509341829,793,0xa,0x4,21.5799999,26.2498665,0.0239420738,0.10543222,1.18524058e-05,30,1.08299994,2,0.04936811215019664,1060.0,0.04936811215019664,19.666383700000004,19.666383700000004
931,793210400001234,159038755,2459344.889398627,59344.3875579,19.5420151,0.0878183842,0,zr,226.830096,55.7471887,0.731999993,0.0930000022,20210510387546,793,0xa,0x4,21.8500004,26.2753792,0.0250096824,0.102854773,1.28313641e-05,30,1.13699996,2,0.055359729577237574,1061.0,0.055359729577237574,19.542015100000008,19.542015100000008
932,793210400001234,159132921,2459345.8310295595,59345.329213,19.5121212,0.0858332515,0,zr,226.8301724,55.7471821,1.01699996,0.0930000022,20210511329201,793,0xa,0x4,21.7600002,26.2906361,0.0256617088,0.105695277,1.33979793e-05,30,1.079,1,0.05690514312558648,1062.0,0.05690514312558648,19.512121200000003,19.512121200000003
933,793210400001234,159530892,2459349.810633416,59349.3089236,19.5330696,0.0872200951,0,zr,226.8301804,55.747163,0.795000017,0.0850000009,20210515308924,793,0xa,0x4,21.8899994,26.2964439,0.0243314672,0.10917858,1.21091807e-05,30,1.07700002,1,0.05581772863913791,1066.0,0.05581772863913791,19.533069599999997,19.533069599999997
934,793210400001234,159829208,2459352.793708499,59352.2920833,19.4963608,0.0848029926,0,zr,226.8301856,55.7471912,1.40100002,-0.140000001,20210518292060,793,0xa,0x4,21.5100002,26.2557583,0.025169909,0.109887064,1.28296206e-05,30,1.07599998,1,0.05773719485702001,1069.0,0.05773719485702001,19.496360799999998,19.496360799999998
935,793210400001234,160027879,2459354.780363098,59354.2787963,19.5934219,0.0913276896,0,zr,226.8301859,55.7471789,1.03400004,-0.0469999984,20210520278796,793,0xa,0x4,20.4599991,26.2966423,0.0280672349,0.118913449,1.62600718e-05,30,1.07700002,1,0.05279967386795401,1071.0,0.05279967386795401,19.593421900000003,19.593421900000003
936,793210400001234,160433020,2459358.831651255,59358.3302083,19.5988407,0.0917046368,0,zr,226.8301918,55.7472028,0.635999978,0.150000006,20210524330208,793,0xa,0x4,20.6100006,26.2620106,0.0284054875,0.123652421,1.64911798e-05,30,1.10899997,3,0.05253681251862394,1075.0,0.05253681251862394,19.598840700000004,19.598840700000004
937,793210400001234,160433114,2459358.832588729,59358.3311458,19.5022202,0.0851846933,0,zr,226.8302087,55.747168,0.419,-0.0799999982,20210524331146,793,0xa,0x4,20.6299992,26.253376,0.0296479166,0.122885309,1.78915216e-05,30,1.11000001,1,0.05742644341417663,1075.0,0.05742644341417663,19.502220200000004,19.502220200000004
938,793210400001234,160524326,2459359.7446781206,59359.2432639,19.5109386,0.0857555568,0,zr,226.8301811,55.7471754,0.802999973,-0.128999993,20210525243264,793,0xa,0x4,20.7299995,26.2775021,0.0299064647,0.112965062,1.82087533e-05,30,1.08599997,3,0.0569671588207335,1076.0,0.0569671588207335,19.510938599999996,19.510938599999996
939,793210400001234,160736383,2459361.8651773487,59361.363831,19.521759,0.0864688307,0,zr,226.8302417,55.7471523,0.782000005,-0.0250000004,20210527363819,793,0xa,0x4,21.0200005,26.3375263,0.0313083567,0.113635674,2.00489794e-05,30,1.18400002,1,0.05640224620575504,1078.0,0.05640224620575504,19.521758999999996,19.521758999999996
940,793210400001234,160828258,2459362.7838974865,59362.282581,19.3658142,0.0766960904,32768,zr,226.8305462,55.747315,1.34800005,-0.182999998,20210528282581,793,0xa,0x4,20.1900005,26.6122341,0.0671323538,0.126628548,9.28336594e-05,30,1.079,3,0.06511399172537169,1079.0,0.06511399172537169,19.365814199999996,19.365814199999996
941,1827201200007108,160830547,2459362.806790244,59362.3054745,19.5930099,0.0897334665,0,zr,226.8301732,55.7471696,0.549000025,0.075000003,20210528305475,1827,0x1,0x2,21.0499992,26.2351322,0.0271679331,0.107790515,1.51477489e-05,30,1.12699997,2,0.05281971335214126,1079.0,0.05281971335214126,19.59300989999999,19.59300989999999
942,1827201200007108,160830594,2459362.80726483,59362.3059491,19.480341,0.0826387629,0,zr,226.8302086,55.747155,0.911000013,-0.00700000022,20210528305949,1827,0x1,0x2,21.0300007,26.252491,0.024184972,0.10392528,1.19810511e-05,30,1.12699997,3,0.0585954103478598,1079.0,0.0585954103478598,19.480341000000003,19.480341000000003
943,793210400001234,160936305,2459363.8643365963,59363.3630556,19.4803696,0.0837691799,0,zr,226.8302196,55.7471837,1.35300004,-0.0370000005,20210529363044,793,0xa,0x4,21.2800007,26.3467598,0.0261562504,0.106911451,1.40949242e-05,30,1.19500005,3,0.058593866872882615,1080.0,0.058593866872882615,19.480369599999996,19.480369599999996
944,793210400001234,160936494,2459363.8662230363,59363.3649421,19.5036583,0.0852786675,0,zr,226.8302422,55.7471564,0.610000014,0.0719999969,20210529364942,793,0xa,0x4,21.2299995,26.3258095,0.0251301192,0.109980792,1.29834025e-05,30,1.20000005,1,0.05735043019978398,1080.0,0.05735043019978398,19.503658300000005,19.503658300000005
945,793210400001234,161033284,2459364.834096048,59364.3328472,19.5231285,0.0865594149,0,zr,226.8302,55.7471807,0.922999978,-0.108000003,20210530332847,793,0xa,0x4,21.5,26.3112869,0.0271289703,0.10797096,1.49780089e-05,30,1.13699996,3,0.05633114773733343,1081.0,0.05633114773733343,19.523128500000006,19.523128500000006
946,793210400001234,161140273,2459365.903944503,59365.4027315,19.428524,0.0804960802,0,zr,226.8301523,55.74718,0.266000003,-0.023,20210531402720,793,0xa,0x4,21.3099995,26.2486286,0.0239820126,0.108476877,1.16986794e-05,30,1.34800005,3,0.061459694901634436,1082.0,0.061459694901634436,19.428524000000003,19.428524000000003
947,793210400001234,161140366,2459365.9048819756,59365.403669,19.4825001,0.0839062408,0,zr,226.8301801,55.7471393,0.252000004,0.0140000004,20210531403657,793,0xa,0x4,21.3099995,26.2505589,0.025810793,0.113933735,1.36894805e-05,30,1.352,1,0.05847900302833256,1082.0,0.05847900302833256,19.482500100000003,19.482500100000003
948,793210400001234,161235966,2459366.8608451034,59366.3596644,19.5986271,0.0916897729,0,zr,226.8301945,55.7471783,0.51700002,0.0700000003,20210601359653,793,0xa,0x4,21.4599991,26.2720375,0.0255550407,0.110987417,1.32700707e-05,30,1.20799994,3,0.05254714925330386,1083.0,0.05254714925330386,19.59862710000001,19.59862710000001
949,793210400001234,161336412,2459367.8652668903,59367.3641204,19.4375,0.0810542032,0,zr,226.8301809,55.7471628,0.838,-0.0399999991,20210602364120,793,0xa,0x4,21.5300007,26.2837143,0.0253309812,0.108280823,1.30390463e-05,30,1.22800004,3,0.060953689724017435,1084.0,0.060953689724017435,19.437499999999993,19.437499999999993
950,793210400001234,161336812,2459367.869271346,59367.368125,19.5774841,0.0902266651,0,zr,226.8301682,55.7472182,0.47299999,0.101000004,20210602368032,793,0xa,0x4,21.0799999,26.1603394,0.0252904519,0.120953359,1.30023172e-05,30,1.24000001,1,0.053580450401343634,1084.0,0.053580450401343634,19.5774841,19.5774841
951,793210400001234,161430249,2459368.8036142937,59368.3025,19.5344048,0.0873091593,0,zr,226.830186,55.747168,0.878000021,0.0179999992,20210603302500,793,0xa,0x4,21.8400002,26.2917919,0.025638517,0.109898046,1.3522962e-05,30,1.10800004,3,0.05574912815967942,1085.0,0.05574912815967942,19.534404799999997,19.534404799999997
952,793210400001234,161732704,2459371.828057464,59371.3270486,19.5150909,0.0860286206,0,zr,226.8301734,55.7471874,0.879000008,-0.0480000004,20210606327037,793,0xa,0x4,21.7299995,26.3136024,0.0231911652,0.104955278,1.10377896e-05,30,1.16199994,1,0.05674970914315219,1088.0,0.05674970914315219,19.515090899999997,19.515090899999997
953,793210400001234,161924578,2459373.7467278447,59373.245787,19.5718479,0.0898401067,0,zr,226.8301865,55.7472163,1.01600003,-0.0869999975,20210608245775,793,0xa,0x4,21.4300003,26.3092232,0.025967326,0.111141123,1.39364911e-05,30,1.07700002,1,0.05385931678403356,1090.0,0.05385931678403356,19.5718479,19.5718479
954,793210400001234,162020408,2459374.7049921555,59374.2040856,19.2942104,0.0725649595,32768,zr,226.8301159,55.747208,0.875,0.0710000023,20210609203900,793,0xa,0x4,20.3400002,25.6308174,0.040108338,0.110580057,3.35632758e-05,30,1.08500004,2,0.06955299568047724,1091.0,0.06955299568047724,19.294210400000004,19.294210400000004
955,793210400001234,162123722,2459375.738091589,59375.2372222,19.5466919,0.0881326199,0,zr,226.8301807,55.7471339,0.731000006,0.0130000003,20210610237153,793,0xa,0x4,21.3099995,26.3252258,0.02496849,0.11492788,1.29048167e-05,30,1.07700002,1,0.055121780834851065,1092.0,0.055121780834851065,19.546691900000006,19.546691900000006
956,793210400001234,162228230,2459376.7831347575,59376.2823032,19.500555,0.085076049,0,zr,226.8301502,55.747167,0.717000008,0.0829999968,20210611282245,793,0xa,0x4,21.6800003,26.3220024,0.0249865837,0.106472798,1.27683934e-05,30,1.11000001,3,0.057514586263361554,1093.0,0.057514586263361554,19.500555,19.500555
957,793210400001234,162228418,2459376.7850212897,59376.2841898,19.4900703,0.0843949169,0,zr,226.8302184,55.7471788,1.44799995,0.167999998,20210611284178,793,0xa,0x4,21.6100006,26.3184814,0.0237702392,0.107777081,1.14869363e-05,30,1.11300004,2,0.05807268150018091,1093.0,0.05807268150018091,19.490070300000006,19.490070300000006
958,793210400001234,162324709,2459377.7478913707,59377.2470949,19.4914627,0.0844850913,0,zr,226.8302171,55.7471247,0.899999976,0.0520000011,20210612247083,793,0xa,0x4,21.6599998,26.3338013,0.0276935976,0.107486621,1.58556741e-05,30,1.08200002,1,0.057998254052793935,1094.0,0.057998254052793935,19.491462699999992,19.491462699999992
959,793210400001234,162324901,2459377.7498125955,59377.2490162,19.5464058,0.0881133676,0,zr,226.830195,55.7471734,0.758000016,-0.0560000017,20210612249005,793,0xa,0x4,21.7299995,26.3367443,0.0254210159,0.105422154,1.3402836e-05,30,1.08299994,3,0.05513630777004504,1094.0,0.05513630777004504,19.546405799999995,19.546405799999995
960,793210400001234,162426342,2459378.764185217,59378.2634259,19.6229095,0.093395628,0,zr,226.8302019,55.747155,1.10500002,0.0799999982,20210613263414,793,0xa,0x4,21.5499992,26.3275108,0.0246220045,0.114386097,1.24134604e-05,30,1.09500003,2,0.0513849809668732,1095.0,0.0513849809668732,19.6229095,19.6229095
961,793210400001234,162426435,2459378.7651111805,59378.2643519,19.557209,0.0888429284,0,zr,226.8301589,55.7471668,0.735000014,0.0450000018,20210613264352,793,0xa,0x4,21.5699997,26.3328114,0.0242627934,0.110809512,1.21281173e-05,30,1.09599996,3,0.05459041552110829,1095.0,0.05459041552110829,19.557208999999993,19.557208999999993
962,793210400001234,162534512,2459379.845846863,59379.3451273,19.5464382,0.0881155357,0,zr,226.8301895,55.7471703,0.504999995,-0.0540000014,20210614345127,793,0xa,0x4,21.5799999,26.3153095,0.0248634983,0.114638269,1.25556689e-05,30,1.27199996,1,0.05513466244431129,1096.0,0.05513466244431129,19.546438200000004,19.546438200000004
963,793210400001234,162534606,2459379.8467843267,59379.3460648,19.4607964,0.0825193524,0,zr,226.8301875,55.7471878,0.437999994,-0.0370000005,20210614346053,793,0xa,0x4,21.4099998,26.3266907,0.0245195832,0.107998639,1.21584644e-05,30,1.27600002,3,0.05965975149058181,1096.0,0.05965975149058181,19.4607964,19.4607964
964,793210400001234,162621857,2459380.719263791,59380.2185764,19.1501255,0.0648981482,32768,zr,226.8302484,55.7471656,0.547999978,-0.0900000036,20210615218565,793,0xa,0x4,19.8299999,25.0170078,0.0722602382,0.123738907,0.000119001656,30,1.07599998,2,0.07942364238113066,1097.0,0.07942364238113066,19.150125499999994,19.150125499999994
965,793210400001234,162737219,2459381.8728437335,59381.3721991,19.5825901,0.0905780941,32768,zr,226.830208,55.7472278,0.822000027,0.0410000011,20210616372199,793,0xa,0x4,20.5,25.6485367,0.0449559279,0.123688884,4.11134351e-05,30,1.40900004,1,0.053329063843874806,1098.0,0.053329063843874806,19.582590099999997,19.582590099999997
966,793210400001234,162832398,2459382.824590803,59382.3239815,19.6587639,0.0959643498,0,zr,226.8302247,55.7471667,1.10399997,0.108000003,20210617323982,793,0xa,0x4,21.1599998,26.1385212,0.0242880378,0.118079409,1.20625027e-05,30,1.23099995,2,0.0497158008882171,1099.0,0.0497158008882171,19.658763900000004,19.658763900000004
967,793210400001234,162920567,2459383.7062477763,59383.2056713,19.4810982,0.0838160217,32768,zr,226.8302308,55.7471688,0.689999998,-0.175999999,20210618205648,793,0xa,0x4,20.8199997,26.071764,0.0700813532,0.102407351,0.00010105531,30,1.07599998,1,0.0585545597465023,1100.0,0.0585545597465023,19.481098199999998,19.481098199999998
968,793210400001234,163126576,2459385.766263295,59385.2657639,19.5487423,0.0882707089,0,zr,226.8303582,55.7471781,0.66900003,-0.127000004,20210620265752,793,0xa,0x4,20.8899994,26.2842731,0.0250343848,0.11234206,1.27070443e-05,30,1.12100005,1,0.05501778223371313,1102.0,0.05501778223371313,19.548742300000008,19.548742300000008
969,793210400001234,163126670,2459385.767200759,59385.2667014,19.5534306,0.0885871947,0,zr,226.8301999,55.7471131,0.512000024,-0.063000001,20210620266690,793,0xa,0x4,20.8400002,26.284996,0.0246368945,0.120020889,1.2302753e-05,30,1.12300003,3,0.05478072302444587,1102.0,0.05478072302444587,19.553430600000006,19.553430600000006
970,793210400001234,163220295,2459386.7034156024,59386.2029514,19.651865,0.0954653993,0,zr,226.8301223,55.7471591,0.712000012,0.112999998,20210621202940,793,0xa,0x4,20.7800007,26.2703686,0.0262163877,0.114276178,1.39921212e-05,30,1.07599998,3,0.050032706901869,1103.0,0.050032706901869,19.651865000000008,19.651865000000008
971,793210400001234,163220388,2459386.7043530717,59386.2038889,19.5450783,0.08802405,0,zr,226.8302151,55.7471413,0.456,0.0920000002,20210621203889,793,0xa,0x4,20.8400002,26.271616,0.0252685286,0.114280596,1.30668968e-05,30,1.07599998,2,0.055203762656693633,1103.0,0.055203762656693633,19.545078299999993,19.545078299999993
972,793210400001234,163630062,2459390.800934604,59390.300625,19.5022926,0.0851894394,0,zr,226.8301616,55.7471752,0.476000011,0.0340000018,20210625300544,793,0xa,0x4,20.9200001,26.3276882,0.0268551093,0.108593307,1.46211378e-05,30,1.22599995,3,0.05742261418211736,1107.0,0.05742261418211736,19.502292599999997,19.502292599999997
973,793210400001234,163630203,2459390.8023465523,59390.302037,19.5166836,0.0861335695,0,zr,226.8302298,55.7471822,0.876999974,0.0260000005,20210625302025,793,0xa,0x4,20.9200001,26.3200417,0.0295863263,0.109685242,1.78620849e-05,30,1.23000002,2,0.05666652227023179,1107.0,0.05666652227023179,19.5166836,19.5166836
974,793210400001234,163730665,2459391.8069266286,59391.3066551,19.4835167,0.0839717388,0,zr,226.8301567,55.7471299,0.488000005,-0.0320000015,20210626306655,793,0xa,0x4,20.8299999,26.3084278,0.028817663,0.115563251,1.67830585e-05,30,1.25300002,1,0.05842427340726003,1108.0,0.05842427340726003,19.483516700000003,19.483516700000003
975,793210400001234,163730760,2459391.8078756947,59391.3076042,19.6441593,0.0949107781,0,zr,226.8302524,55.7471441,0.444000006,-0.0309999995,20210626307593,793,0xa,0x4,20.8299999,26.2980919,0.0263275877,0.119892612,1.40696347e-05,30,1.25600004,3,0.050389062699209064,1108.0,0.050389062699209064,19.644159300000005,19.644159300000005
976,793210400001234,163832663,2459392.826864785,59392.3266319,19.5977726,0.0916302204,0,zr,226.8302703,55.7471715,0.921999991,0.133000001,20210627326632,793,0xa,0x4,20.9099998,26.2503738,0.0263852049,0.117496856,1.40063366e-05,30,1.33800006,2,0.05258852137736276,1109.0,0.05258852137736276,19.597772600000006,19.597772600000006
977,793210400001234,163832756,2459392.827802245,59392.3275694,19.4781475,0.0836264268,0,zr,226.8301776,55.7471742,0.458999991,0.0399999991,20210627327569,793,0xa,0x4,21.0,26.2607765,0.0257727914,0.107045308,1.32688401e-05,30,1.34200001,3,0.05871390962268649,1109.0,0.05871390962268649,19.4781475,19.4781475
978,793210400001234,163924127,2459393.741471356,59393.2412731,19.5873566,0.0909073055,0,zr,226.8302827,55.7472065,1.36500001,0.185000002,20210628241262,793,0xa,0x4,21.3700008,26.2849159,0.0238734055,0.115043275,1.15529529e-05,30,1.11800003,1,0.053095456610460556,1110.0,0.053095456610460556,19.5873566,19.5873566
979,793210400001234,163924221,2459393.742408819,59393.2422106,19.5588303,0.0889528841,0,zr,226.8302116,55.7471872,0.521000028,-0.057,20210628242211,793,0xa,0x4,21.3899994,26.2854061,0.0226585548,0.109989859,1.0507496e-05,30,1.11899996,3,0.05450895798997401,1110.0,0.05450895798997401,19.558830300000004,19.558830300000004
980,793210400001234,164031078,2459394.810944689,59394.310787,19.5893173,0.0910430402,0,zr,226.8302576,55.7471783,0.488000005,0.0549999997,20210629310787,793,0xa,0x4,21.0900002,26.0636349,0.0348304026,0.109942876,2.47015651e-05,30,1.296,3,0.05299965956655413,1111.0,0.05299965956655413,19.589317299999998,19.589317299999998
981,793210400001234,164031173,2459394.8118937514,59394.3117361,19.5186081,0.0862605199,0,zr,226.8301924,55.7471511,0.852999985,-0.0500000007,20210629311725,793,0xa,0x4,21.1399994,26.075901,0.0286652688,0.115711041,1.68225342e-05,30,1.29999995,2,0.056566168125893025,1111.0,0.056566168125893025,19.5186081,19.5186081
982,793210400001234,164222204,2459396.7221338805,59396.2220486,19.5006962,0.0850852951,0,zr,226.8301773,55.7471556,1.102,0.0500000007,20210701222002,793,0xa,0x4,21.8700008,26.2791786,0.0289853178,0.106632195,1.71174233e-05,30,1.10399997,2,0.05750710697742086,1113.0,0.05750710697742086,19.5006962,19.5006962
983,793210400001234,164222298,2459396.723071345,59396.2229861,19.5893822,0.0910474956,0,zr,226.8301957,55.7471595,0.74000001,0.112999998,20210701222986,793,0xa,0x4,21.7099991,26.2658653,0.0260050241,0.101856917,1.39789918e-05,30,1.10500002,3,0.05299649160080969,1113.0,0.05299649160080969,19.589382199999996,19.589382199999996
984,793210400001234,164334807,2459397.8481212733,59397.3480787,19.5763741,0.0901504233,0,zr,226.8301733,55.747207,0.704999983,-0.0659999996,20210702348079,793,0xa,0x4,21.3500004,26.2383976,0.023671791,0.111506097,1.14537042e-05,30,1.51900005,1,0.053635256266485444,1114.0,0.053635256266485444,19.576374100000002,19.576374100000002
985,793210400001234,164335097,2459397.8510146635,59397.3509722,19.5612125,0.0891147181,0,zr,226.8301885,55.7471938,0.797999978,0.0850000009,20210702350972,793,0xa,0x4,21.4200001,26.2188854,0.0275202915,0.106926382,1.52674038e-05,30,1.53799999,3,0.054389491686091335,1114.0,0.054389491686091335,19.561212500000003,19.561212500000003
986,793210400001234,164522214,2459399.722112958,59399.2221412,19.5862465,0.0908305719,0,zr,226.8302383,55.7471801,0.330000013,0.0140000004,20210704222141,793,0xa,0x4,21.5100002,26.2877922,0.023838358,0.112595797,1.16415094e-05,30,1.11399996,3,0.053149771285007544,1116.0,0.053149771285007544,19.58624650000001,19.58624650000001
987,793210400001234,164621714,2459400.717075399,59400.2171412,19.5531235,0.0885664001,0,zr,226.8301729,55.7471512,0.746999979,0.0500000007,20210705217141,793,0xa,0x4,21.5499992,26.294899,0.0225090999,0.109169051,1.04496548e-05,30,1.11099994,3,0.05479621991899814,1117.0,0.05479621991899814,19.553123500000005,19.553123500000005
988,793210400001234,164622145,2459400.7213923335,59400.2214583,19.6060524,0.0922085196,0,zr,226.8301808,55.7471826,1.10399997,0.172999993,20210705221447,793,0xa,0x4,21.6399994,26.2886467,0.0259297043,0.106322199,1.38717123e-05,30,1.11699998,1,0.05218900776729103,1117.0,0.05218900776729103,19.606052400000003,19.606052400000003
989,793210400001234,164728699,2459401.7868845607,59401.2869907,19.6215763,0.0933012143,0,zr,226.8301952,55.7471528,0.862999976,0.119000003,20210706286921,793,0xa,0x4,21.3899994,26.3049145,0.0253197122,0.111646347,1.29484588e-05,30,1.27900004,3,0.05144811650003252,1118.0,0.05144811650003252,19.621576300000008,19.621576300000008
990,793210400001234,164921466,2459403.7144858837,59403.2146644,19.6710224,0.0968562663,0,zr,226.8302508,55.7471851,0.745000005,-0.0780000016,20210708214664,793,0xa,0x4,21.5200005,26.2535076,0.0247311145,0.111655384,1.25085498e-05,30,1.11800003,3,0.04915764172593323,1120.0,0.04915764172593323,19.67102239999999,19.67102239999999
991,793210400001234,165021792,2459404.717712143,59404.2179282,19.7289391,0.101164803,0,zr,226.8302811,55.7471535,1.13300002,0.155000001,20210709217917,793,0xa,0x4,21.4699993,26.2269154,0.0252419822,0.105395935,1.29976979e-05,30,1.12699997,1,0.046604125167627033,1121.0,0.046604125167627033,19.728939099999998,19.728939099999998
992,793210400001234,165226388,2459406.7635966125,59406.2638889,19.5210609,0.0864226148,0,zr,226.8301848,55.74718,1.02900004,0.0649999976,20210711263889,793,0xa,0x4,21.3400002,26.1836586,0.0243126024,0.111186355,1.21069224e-05,30,1.24699998,1,0.056438523037064814,1123.0,0.056438523037064814,19.521060900000002,19.521060900000002
993,793210400001234,165422003,2459408.7196700945,59408.2200347,19.6614227,0.0961571857,0,zr,226.8302809,55.7471617,0.816999972,0.063000001,20210713220023,793,0xa,0x4,21.4400005,26.0654221,0.0281800628,0.111639395,1.62723791e-05,30,1.14999998,1,0.04959420353029658,1125.0,0.04959420353029658,19.661422699999996,19.661422699999996
994,793210400001234,165624422,2459410.7437856523,59410.2442245,19.6029205,0.0919894204,0,zr,226.8302629,55.7471719,1.03699994,-0.0240000002,20210715244213,793,0xa,0x4,21.2399998,26.0955753,0.0272124037,0.10825967,1.51675831e-05,30,1.22099996,1,0.05233976881170091,1127.0,0.05233976881170091,19.602920500000003,19.602920500000003
995,793210400001234,166421923,2459418.718512641,59418.2192361,19.5261078,0.0867569894,0,zr,226.8302095,55.7471669,0.552999973,-0.157000005,20210723219236,793,0xa,0x4,19.8500004,25.6950378,0.0417822972,0.120657392,4.00877398e-05,30,1.21200001,3,0.05617678488571856,1135.0,0.05617678488571856,19.5261078,19.5261078
996,793210400001234,167021746,2459424.716538081,59424.2174653,19.5361176,0.0874234736,0,zr,226.8301789,55.7471666,0.541000009,-0.0649999976,20210729217465,793,0xa,0x4,21.5799999,26.2715092,0.0253534503,0.106829464,1.31352117e-05,30,1.25600004,3,0.055661250617989,1141.0,0.055661250617989,19.536117600000004,19.536117600000004
997,793210400001234,167224251,2459426.7415179717,59426.2425116,19.5841789,0.090687722,0,zr,226.8302048,55.7471629,0.920000017,0.0769999996,20210731242500,793,0xa,0x4,21.3799992,26.1981583,0.0246672574,0.108381823,1.23099198e-05,30,1.37600005,3,0.05325108242194715,1143.0,0.05325108242194715,19.584178900000005,19.584178900000005
998,793210400001234,167320052,2459427.699496244,59427.2005208,19.6306381,0.0939442739,0,zr,226.8302052,55.7471637,0.690999985,0.0250000004,20210801200521,793,0xa,0x4,21.5300007,26.2742386,0.0239677373,0.105031893,1.16889305e-05,30,1.22899997,3,0.05102050583014646,1144.0,0.05102050583014646,19.63063809999999,19.63063809999999
999,793210400001234,167320146,2459427.7004453116,59427.2014699,19.6213627,0.0932861194,0,zr,226.8301745,55.7471585,0.688000023,0.00400000019,20210801201458,793,0xa,0x4,21.4500008,26.2649307,0.0243913401,0.108100682,1.21396979e-05,30,1.23199999,1,0.05145823903135088,1144.0,0.05145823903135088,19.6213627,19.6213627
1000,793210400001234,167420469,2459428.70364243,59428.2046991,19.7127972,0.0999482721,0,zr,226.83016,55.7471904,1.00899994,0.0399999991,20210802204687,793,0xa,0x4,21.0900002,26.2502728,0.02647149,0.118290655,1.41523824e-05,30,1.25,3,0.047302176036948335,1145.0,0.047302176036948335,19.712797200000004,19.712797200000004
1001,793210400001234,167622046,2459430.719342931,59430.220463,19.6217346,0.0933124423,0,zr,226.8301727,55.7471614,0.616999984,-0.0540000014,20210804220463,793,0xa,0x4,21.1299992,26.2690125,0.0291972905,0.115296222,1.72865766e-05,30,1.32799995,3,0.05144061592749849,1147.0,0.05144061592749849,19.621734600000003,19.621734600000003
1002,793210400001234,168018083,2459434.679593107,59434.1808333,19.507185,0.0855093524,0,zr,226.830158,55.7471799,0.799000025,0.0759999976,20210808180833,793,0xa,0x4,21.6900005,26.2952194,0.026112983,0.112073086,1.38944433e-05,30,1.227,1,0.05716444613776199,1151.0,0.05716444613776199,19.507185,19.507185
1003,793210400001234,168219896,2459436.6976708765,59436.1989699,19.5369034,0.0874760598,0,zr,226.8301795,55.7472021,0.813000023,0.0399999991,20210810198970,793,0xa,0x4,21.4699993,26.2028904,0.0260758046,0.105977185,1.38927126e-05,30,1.30700004,1,0.055620980443260574,1153.0,0.055620980443260574,19.536903399999993,19.536903399999993
1004,793210400001234,168520121,2459439.6998319724,59439.2012153,19.4960232,0.0847810656,0,zr,226.830191,55.7471738,0.901000023,-0.0670000017,20210813201215,793,0xa,0x4,21.0100002,26.0644341,0.0259437673,0.115961432,1.37526322e-05,30,1.35000002,1,0.057755150514808465,1156.0,0.057755150514808465,19.496023200000003,19.496023200000003
1005,793210400001234,168717906,2459441.677625836,59441.1790625,19.6665344,0.0965288952,0,zr,226.8301907,55.7471809,0.810000002,-0.130999997,20210815179051,793,0xa,0x4,21.1700001,26.1685505,0.0291092452,0.108798034,1.71439879e-05,30,1.28400004,1,0.04936126034017859,1158.0,0.04936126034017859,19.666534399999996,19.666534399999996
1006,793210400001234,169324767,2459447.7460847036,59447.2476736,19.5489006,0.0882814005,0,zr,226.8302269,55.7471667,0.749000013,0.169,20210821247674,793,0xa,0x4,19.7900009,26.1561546,0.0368913114,0.119418874,2.84721027e-05,30,1.79900002,1,0.05500976124296747,1164.0,0.05500976124296747,19.548900600000003,19.548900600000003
1007,793210400001234,169423916,2459448.737554664,59448.2391667,19.4678936,0.0829705521,0,zr,226.8302753,55.7472464,0.537999988,0.0500000007,20210822239144,793,0xa,0x4,20.0,26.1680031,0.036455173,0.119568199,2.72104589e-05,30,1.74600005,3,0.05927104168424315,1165.0,0.05927104168424315,19.467893600000004,19.467893600000004
1008,793210400001234,169517320,2459449.671572655,59449.173206,19.5501652,0.0883666128,0,zr,226.8302965,55.7471714,0.703000009,-0.173999995,20210823173206,793,0xa,0x4,20.7800007,26.2153149,0.0259706154,0.114739999,1.35882819e-05,30,1.347,3,0.05494572649241724,1166.0,0.05494572649241724,19.550165200000002,19.550165200000002
1009,793210400001234,169617821,2459450.6765617714,59450.1782176,19.6164341,0.0929380655,0,zr,226.8301728,55.7471643,1.16600001,-0.226999998,20210824178137,793,0xa,0x4,20.6800003,26.0727901,0.0328383856,0.121092983,2.19370941e-05,30,1.38199997,1,0.05169235997483542,1167.0,0.05169235997483542,19.6164341,19.6164341
1010,793210400001234,169618040,2459450.678749223,59450.1804051,19.5110703,0.0857641697,0,zr,226.8301818,55.7472036,0.538999975,-0.0410000011,20210824180278,793,0xa,0x4,20.6299992,26.075304,0.0289718285,0.123451978,1.69551422e-05,30,1.39300001,3,0.056960249113043634,1167.0,0.056960249113043634,19.511070299999993,19.511070299999993
1011,793210400001234,169716493,2459451.6632532263,59451.1649306,19.5455017,0.0880525112,0,zr,226.8302021,55.7471359,0.59799999,0.0419999994,20210825164919,793,0xa,0x4,21.4200001,26.2324581,0.0273947809,0.116485246,1.51319937e-05,30,1.33500004,3,0.05518223927356409,1168.0,0.05518223927356409,19.545501699999996,19.545501699999996
1012,793210400001234,169824164,2459452.739943143,59452.2416435,19.6219025,0.0933243334,32768,zr,226.8302363,55.7471768,0.546000004,-0.00899999961,20210826241644,793,0xa,0x4,20.5100002,26.0245419,0.158668756,0.12287055,0.000505008968,30,1.875,1,0.05143266168262725,1169.0,0.05143266168262725,19.621902499999997,19.621902499999997
1013,793210400001234,169916486,2459453.6631416166,59453.1648611,19.5140324,0.0859589279,0,zr,226.8301822,55.7471439,0.977999985,0.138999999,20210827164757,793,0xa,0x4,21.5599995,26.2950535,0.0279293209,0.106322117,1.57645645e-05,30,1.35899997,3,0.05680506223696013,1170.0,0.05680506223696013,19.514032399999998,19.514032399999998
1014,793210400001234,170116186,2459455.6601040284,59455.1618634,19.5321999,0.08716207,0,zr,226.830244,55.7471646,0.680999994,-0.0649999976,20210829161852,793,0xa,0x4,21.6000004,26.2782345,0.0275511742,0.105337054,1.54984755e-05,30,1.37,3,0.05586245785263042,1172.0,0.05586245785263042,19.532199900000002,19.532199900000002
1015,793210400001234,170519402,2459459.6921946323,59459.1940278,19.5000305,0.0850418434,0,zr,226.8302384,55.7471993,0.963,0.166999996,20210902194028,793,0xa,0x4,21.2999992,26.2776299,0.0235184561,0.108148523,1.13269343e-05,30,1.62300003,3,0.05754237725712575,1176.0,0.05754237725712575,19.5000305,19.5000305
1016,793210400001234,170716086,2459461.65900235,59461.1608681,19.5108147,0.0857474208,0,zr,226.830099,55.7472799,1.02600002,0.0299999993,20210904160856,793,0xa,0x4,20.4699993,26.2895889,0.0403468646,0.118093126,3.24921239e-05,30,1.44700003,3,0.05697366006264736,1178.0,0.05697366006264736,19.510814700000005,19.510814700000005
1017,793210400001234,171915609,2459473.6540857623,59473.1560995,19.6683807,0.0966634676,0,zr,226.8302245,55.7472002,0.686999977,0.0989999995,20210916156088,793,0xa,0x4,20.9799995,26.2940617,0.0267933607,0.1186058,1.44288379e-05,30,1.62600005,1,0.04927739259208995,1190.0,0.04927739259208995,19.668380699999993,19.668380699999993
1018,793210400001234,172617585,2459480.6737982174,59480.1758565,19.6234303,0.0934325308,0,zr,226.8303312,55.7472412,0.419999987,-0.0390000008,20210923175856,793,0xa,0x4,20.3299999,26.2093086,0.0338678062,0.126002356,2.32667098e-05,30,1.99300003,1,0.05136033881103442,1197.0,0.05136033881103442,19.623430300000003,19.623430300000003
1019,793210400001234,173215917,2459486.6571072075,59486.1591782,19.4635849,0.082696408,0,zr,226.8301284,55.7471915,0.816999972,0.0370000005,20210929159178,793,0xa,0x4,20.5799999,26.2573833,0.0300758965,0.120169021,1.96664514e-05,30,1.99000001,1,0.059506723742187496,1203.0,0.059506723742187496,19.463584899999994,19.463584899999994
1020,793210400001234,173416091,2459488.658844422,59488.1609144,19.626873,0.0936766714,0,zr,226.8302511,55.7471776,0.711000025,-0.148000002,20211001160903,793,0xa,0x4,20.8700008,26.2208748,0.027702162,0.122925177,1.55804646e-05,30,2.079,1,0.05119774111723248,1205.0,0.05119774111723248,19.626872999999996,19.626872999999996
1021,793210400001234,184648976,2459600.990839915,59600.4897685,19.4258213,0.0803287625,0,zr,226.8302235,55.7472009,0.384000003,0.0189999994,20220121489757,793,0xa,0x4,20.9400005,26.342371,0.0241092443,0.112913959,1.2052752e-05,30,1.25999999,1,0.06161287578644819,1317.0,0.06161287578644819,19.425821300000003,19.425821300000003
1022,793210400001234,186941087,2459623.912678899,59623.4108796,19.5069046,0.0854909942,0,zr,226.8302107,55.7471715,0.699999988,-0.0769999996,20220213410868,793,0xa,0x4,20.9300003,26.3277912,0.0238429196,0.109745972,1.16026795e-05,30,1.31900001,1,0.05717921121661013,1340.0,0.05717921121661013,19.506904600000006,19.506904600000006
1023,793210400001234,187142790,2459625.929757409,59625.4279051,19.2904739,0.0723553747,0,zr,226.8302684,55.7470991,0.404000014,-0.0549999997,20220215427870,793,0xa,0x4,20.6499996,26.3542652,0.0259017814,0.111391135,1.40240809e-05,30,1.24000001,1,0.06979277074743201,1342.0,0.06979277074743201,19.290473900000002,19.290473900000002
1024,793210400001234,187447587,2459628.977808048,59628.4758796,19.4327164,0.0807563215,0,zr,226.8302081,55.7472016,0.643000007,-0.127000004,20220218475868,793,0xa,0x4,20.2399998,26.3502579,0.0318279639,0.11889755,2.11319129e-05,30,1.11699998,1,0.06122283552490583,1345.0,0.06122283552490583,19.432716399999997,19.432716399999997
1025,793210400001234,187651878,2459631.0207614093,59630.5187847,19.3923683,0.0782841668,0,zr,226.8302065,55.747178,0.991999984,-0.0340000018,20220220518715,793,0xa,0x4,21.2000008,26.3600636,0.0245946366,0.111821406,1.24188118e-05,30,1.07700002,1,0.06354080022840812,1347.0,0.06354080022840812,19.392368300000008,19.392368300000008
1026,793210400001234,188345836,2459637.9604912833,59637.4583681,19.5284309,0.0869112164,32768,zr,226.8301636,55.7472011,0.85799998,0.0799999982,20220227458322,793,0xa,0x4,21.3999996,26.3039436,0.0232855957,0.111230731,1.11644767e-05,30,1.10800004,1,0.056056714493944414,1354.0,0.056056714493944414,19.528430899999996,19.528430899999996
1027,1827201200007108,188449980,2459639.001945952,59638.4998032,19.4706688,0.0820520148,0,zr,226.8301984,55.7471697,0.375,-0.0419999994,20220228499792,1827,0x1,0x2,21.5799999,26.2299156,0.0231481083,0.111101985,1.08174618e-05,30,1.10599995,2,0.059119735177367544,1355.0,0.059119735177367544,19.47066879999999,19.47066879999999
1028,793210400001234,188544756,2459639.9497293676,59639.4475694,19.4057121,0.0790937841,0,zr,226.8302898,55.7473683,0.573000014,0.0599999987,20220301447396,793,0xa,0x4,20.1299992,26.3292713,0.0336403586,0.121528044,2.35194784e-05,30,1.11399996,1,0.06276465702757233,1356.0,0.06276465702757233,19.405712099999995,19.405712099999995
1029,793210400001234,188733068,2459641.832875441,59641.3306829,19.4361401,0.0809694007,32768,zr,226.8302168,55.7471826,0.879999995,0.238999993,20220303330671,793,0xa,0x4,20.4699993,25.6791039,0.256292701,0.140851453,0.00134028797,30,1.46800005,1,0.06103008291694967,1358.0,0.06103008291694967,19.436140099999996,19.436140099999996
1030,793210400001234,192141122,2459675.913614568,59675.4112269,19.559742,0.089014791,0,zr,226.8302156,55.7471743,0.649999976,-0.00200000009,20220406411215,793,0xa,0x4,21.4400005,26.2809792,0.02545573,0.109004892,1.32852356e-05,30,1.07599998,1,0.05446320566296838,1392.0,0.05446320566296838,19.559741999999993,19.559741999999993
1031,793210400001234,192341038,2459677.912757199,59677.4103819,19.5096779,0.0856727734,0,zr,226.8301883,55.7471786,1.18200004,-0.0529999994,20220408410370,793,0xa,0x4,21.3500004,26.2913094,0.0229733717,0.109622374,1.08427876e-05,30,1.07700002,1,0.05703334451933209,1394.0,0.05703334451933209,19.509677900000007,19.509677900000007
1032,793210400001234,192522011,2459679.7224774947,59679.2201157,19.4457912,0.0815728679,0,zr,226.8302472,55.7471804,0.300000012,0.0170000009,20220410220104,793,0xa,0x4,21.0900002,26.2565765,0.0233235639,0.114463821,1.11305344e-05,30,1.50899994,1,0.060489991015199515,1396.0,0.060489991015199515,19.445791199999995,19.445791199999995
1033,1827201200007108,192830123,2459682.8035725476,59682.3012384,19.5284653,0.0856105536,0,zr,226.8301824,55.7472041,0.31400001,0.0399999991,20220413301238,1827,0x1,0x2,20.7299995,26.2161465,0.0254148562,0.101326443,1.3153377e-05,30,1.18200004,2,0.056054938445193186,1399.0,0.056054938445193186,19.5284653,19.5284653
1034,793210400001234,192834478,2459682.847113829,59682.3447801,19.4543934,0.082114242,0,zr,226.830194,55.7471747,0.523999989,-0.0920000002,20220413344780,793,0xa,0x4,20.7299995,26.3134747,0.026196178,0.111336708,1.3851005e-05,30,1.097,1,0.06001262727064253,1399.0,0.06001262727064253,19.454393400000008,19.454393400000008
1035,793210400001234,193035581,2459684.858122567,59684.3558102,19.6017284,0.0919061527,0,zr,226.8301334,55.7471738,0.823000014,0.050999999,20220415355799,793,0xa,0x4,20.7600002,26.3128223,0.0257094894,0.112468489,1.35949213e-05,30,1.08399999,1,0.0523972675890297,1401.0,0.0523972675890297,19.601728400000006,19.601728400000006
1036,1827201200007108,193037062,2459684.872937203,59684.370625,19.5259686,0.0854542553,0,zr,226.8302893,55.7471216,0.963999987,0.101000004,20220415370613,1827,0x1,0x2,20.7099991,26.2460861,0.0256374478,0.103791259,1.33997901e-05,30,1.10599995,2,0.056183987657187705,1401.0,0.056183987657187705,19.52596859999999,19.52596859999999
1037,793210400001234,193634679,2459690.8490279056,59690.346794,19.5737114,0.0899677351,0,zr,226.830157,55.7472255,0.453999996,0.0469999984,20220421346782,793,0xa,0x4,21.25,26.2987556,0.0243255273,0.109558403,1.21503326e-05,30,1.08000004,1,0.053766954796390626,1407.0,0.053766954796390626,19.5737114,19.5737114
1038,793210400001234,193927749,2459693.7796876086,59693.2775,19.4466171,0.0816247165,0,zr,226.8302533,55.7471803,0.600000024,0.0130000003,20220424277488,793,0xa,0x4,20.9899998,26.2249985,0.024285851,0.117516644,1.20778041e-05,30,1.15199995,2,0.060443994863609296,1410.0,0.060443994863609296,19.446617100000005,19.446617100000005
1039,793210400001234,193932592,2459693.828112721,59693.3259259,19.5459499,0.0880826563,0,zr,226.8301359,55.7471321,0.667999983,-0.0829999968,20220424325914,793,0xa,0x4,20.8199997,26.2432804,0.0266689435,0.115626797,1.45003132e-05,30,1.08800006,2,0.05515946433493738,1410.0,0.05515946433493738,19.545949900000004,19.545949900000004
1040,793210400001234,194024170,2459694.7438726546,59694.2417014,19.528059,0.0868864954,0,zr,226.8301767,55.7471972,0.681999981,0.00200000009,20220425241690,793,0xa,0x4,21.3199997,26.1932564,0.0247750022,0.111871876,1.2451841e-05,30,1.23300004,2,0.05607591903267886,1411.0,0.05607591903267886,19.528059000000006,19.528059000000006
1041,793210400001234,194030747,2459694.8096470507,59694.3074769,19.5194092,0.086313419,0,zr,226.8300964,55.7471503,0.70599997,0.0410000011,20220425307477,793,0xa,0x4,21.4400005,26.2098942,0.0261047129,0.114733748,1.42044682e-05,30,1.102,1,0.056524446717394525,1411.0,0.056524446717394525,19.519409200000005,19.519409200000005
1042,793210400001234,194031181,2459694.8139871703,59694.3118171,19.5271149,0.0868237764,0,zr,226.8301849,55.7472052,0.912,-0.0480000004,20220425311817,793,0xa,0x4,21.2900009,26.2064838,0.0237214994,0.111184627,1.15859611e-05,30,1.09800005,2,0.056124700955116257,1411.0,0.056124700955116257,19.527114900000008,19.527114900000008
1043,793210400001234,194131075,2459695.8129048324,59695.3107523,19.5145645,0.0859939307,0,zr,226.8301976,55.7471743,1.03999996,0.00999999978,20220426310741,793,0xa,0x4,21.4799995,26.101923,0.0292055998,0.10786812,1.76697886e-05,30,1.09599996,2,0.05677722990707409,1412.0,0.05677722990707409,19.5145645,19.5145645
1044,793210400001234,194331854,2459697.820657238,59697.3185417,19.6175518,0.093016848,0,zr,226.8301812,55.7471599,0.762000024,0.0780000016,20220428318530,793,0xa,0x4,21.8600006,26.2500401,0.0259869862,0.105296753,1.40315715e-05,30,1.08500004,2,0.05163917318604292,1414.0,0.05163917318604292,19.617551799999994,19.617551799999994
1045,793210400001234,194440516,2459698.907256554,59698.405162,19.5183678,0.0862447023,0,zr,226.8301914,55.747163,0.838999987,-0.00100000005,20220429405150,793,0xa,0x4,21.2800007,26.2376671,0.024936242,0.115248606,1.26385157e-05,30,1.11699998,2,0.056578688989126276,1415.0,0.056578688989126276,19.5183678,19.5183678
1046,793210400001234,194527572,2459699.7778064613,59699.2757292,19.5952625,0.0914555937,0,zr,226.8302043,55.7471639,0.980000019,0.0170000009,20220430275694,793,0xa,0x4,21.5900002,26.2808495,0.0243864805,0.108029433,1.2325826e-05,30,1.12600005,2,0.05271024077107301,1416.0,0.05271024077107301,19.595262499999997,19.595262499999997
1047,793210400001234,194536445,2459699.866531487,59699.364456,19.6164932,0.0929421932,0,zr,226.830171,55.747169,0.809000015,0.0860000029,20220430364444,793,0xa,0x4,21.5599995,26.279007,0.0233217254,0.107733026,1.12751331e-05,30,1.08099997,2,0.0516895462754158,1416.0,0.0516895462754158,19.6164932,19.6164932
1048,793210400001234,194536539,2459699.867468968,59699.3653935,19.5954266,0.0914669484,0,zr,226.8301845,55.7471706,1.051,0.152999997,20220430365394,793,0xa,0x4,21.6399994,26.2818871,0.0271151606,0.102924004,1.52335342e-05,30,1.08200002,1,0.052702274658460245,1416.0,0.052702274658460245,19.595426600000003,19.595426600000003
1049,793210400001234,194628386,2459700.7859224197,59700.2838657,19.5995235,0.0917522609,0,zr,226.8302142,55.7471822,0.754999995,0.0430000015,20220501283854,793,0xa,0x4,21.2800007,26.2701035,0.0253423508,0.110348113,1.32236491e-05,30,1.11099994,2,0.052503783447544576,1417.0,0.052503783447544576,19.599523499999997,19.599523499999997
1050,793210400001234,194641684,2459700.918894266,59700.4168403,19.6137657,0.0927500278,0,zr,226.8301987,55.7471808,0.843999982,0.0769999996,20220501416829,793,0xa,0x4,21.4899998,26.2862644,0.0226695016,0.108779609,1.06802454e-05,30,1.14400005,2,0.05181955987232358,1417.0,0.05181955987232358,19.613765699999995,19.613765699999995
1051,793210400001234,194835339,2459702.8554040235,59702.3533912,19.6770134,0.0972946659,0,zr,226.8302407,55.7471512,0.926999986,-0.00899999961,20220503353322,793,0xa,0x4,21.2199993,26.2593098,0.0243910365,0.113213576,1.20564773e-05,30,1.08000004,2,0.04888714102763157,1419.0,0.04888714102763157,19.6770134,19.6770134
1052,793210400001234,194835432,2459702.8563415003,59702.3543287,19.5582085,0.0889107436,0,zr,226.8301856,55.7471829,0.301999986,0.00800000038,20220503354317,793,0xa,0x4,21.4200001,26.2645035,0.0229190607,0.112638511,1.0640606e-05,30,1.08000004,1,0.05454018415450435,1419.0,0.05454018415450435,19.5582085,19.5582085
1053,793210400001234,194836489,2459702.8669083677,59702.3648958,19.6236382,0.0934472159,0,zr,226.8301374,55.7472052,0.912999988,0.0419999994,20220503364884,793,0xa,0x4,21.4300003,26.2651024,0.0246955082,0.112564892,1.24503295e-05,30,1.08599997,2,0.051350505122015985,1419.0,0.051350505122015985,19.623638199999995,19.623638199999995
1054,793210400001234,195322644,2459707.7283473266,59707.2264468,19.5914612,0.0911915898,0,zr,226.8300687,55.747163,1.05499995,-0.0960000008,20220508226447,793,0xa,0x4,20.4500008,26.3128891,0.0296986997,0.119842716,1.80277893e-05,30,1.17900002,2,0.05289510943710893,1424.0,0.05289510943710893,19.591461200000005,19.591461200000005
1055,793210400001234,195330552,2459707.807419425,59707.3055208,19.613903,0.0927597806,0,zr,226.8302951,55.74718,0.999000013,0.0340000018,20220508305509,793,0xa,0x4,20.6399994,26.3223934,0.0260844249,0.118326381,1.38727646e-05,30,1.07799995,2,0.0518130072901263,1424.0,0.0518130072901263,19.613903,19.613903
1056,793210400001234,195330645,2459707.808356898,59707.3064583,19.7250919,0.100873798,0,zr,226.8301811,55.7472241,0.739000022,-0.0419999994,20220508306458,793,0xa,0x4,21.0200005,26.3256016,0.0244743116,0.11428722,1.22160473e-05,30,1.07799995,1,0.046769555244401,1424.0,0.046769555244401,19.725091900000002,19.725091900000002
1057,793210400001234,195334869,2459707.8505896823,59707.3486921,19.7000618,0.0989970639,0,zr,226.8302043,55.7471017,0.465999991,0.0450000018,20220508348681,793,0xa,0x4,21.2099991,26.3326454,0.0242296699,0.10496632,1.20447266e-05,30,1.08500004,1,0.04786028495193048,1424.0,0.04786028495193048,19.700061800000007,19.700061800000007
1058,793210400001234,195334962,2459707.8515271493,59707.3496296,19.6144505,0.0927982926,0,zr,226.8301651,55.747206,1.05700004,-0.103,20220508349618,793,0xa,0x4,21.0499992,26.3249702,0.023738347,0.111203626,1.1530502e-05,30,1.08500004,2,0.05178688633168959,1424.0,0.05178688633168959,19.614450499999997,19.614450499999997
1059,793210400001234,195336460,2459707.8665036852,59707.3646065,19.7176285,0.10031113,0,zr,226.8299896,55.7471825,0.980000019,0.0170000009,20220508364606,793,0xa,0x4,20.9400005,26.3190632,0.02916242,0.115211315,1.71671254e-05,30,1.09800005,2,0.04709215881753447,1424.0,0.04709215881753447,19.717628499999996,19.717628499999996
1060,793210400001234,195340504,2459707.9069424905,59707.4050463,19.6725636,0.0969689116,0,zr,226.8302602,55.7471738,1.08599997,0.111000001,20220508405035,793,0xa,0x4,21.25,26.3191204,0.0243274719,0.107709005,1.21140038e-05,30,1.15799999,2,0.04908791207087361,1424.0,0.04908791207087361,19.672563599999997,19.672563599999997
1061,793210400001234,195425734,2459708.7592247454,59708.2573495,19.6391392,0.0945509449,0,zr,226.8302233,55.7472206,0.93599999,0.0909999982,20220509257338,793,0xa,0x4,20.8999996,26.3243942,0.024719581,0.115194827,1.25377419e-05,30,1.11699998,2,0.05062258520127202,1425.0,0.05062258520127202,19.639139199999995,19.639139199999995
1062,793210400001234,195430192,2459708.8037954504,59708.3019213,19.5274887,0.086848639,0,zr,226.8302369,55.7472091,0.564999998,0.023,20220509301898,793,0xa,0x4,20.5200005,26.3186741,0.027525831,0.122170933,1.54843801e-05,30,1.079,2,0.0561053815273248,1425.0,0.0561053815273248,19.5274887,19.5274887
1063,793210400001234,195439314,2459708.895019981,59708.3931481,19.6441364,0.0949091464,0,zr,226.8301727,55.747157,0.533999979,-0.00700000022,20220509393044,793,0xa,0x4,21.1900005,26.3225517,0.0251402352,0.105479404,1.30929402e-05,30,1.14100003,2,0.050390125500375624,1425.0,0.050390125500375624,19.6441364,19.6441364
1064,793210400001234,195442896,2459708.930840882,59708.4289699,19.7375546,0.101819046,0,zr,226.8303139,55.7471043,1.06799996,-0.0350000001,20220509428958,793,0xa,0x4,20.9200001,26.3139381,0.0248403065,0.107193202,1.26823206e-05,30,1.22399998,2,0.046235776955513765,1425.0,0.046235776955513765,19.737554600000003,19.737554600000003
1065,793210400001234,195520131,2459709.7031710176,59709.2013194,19.3837414,0.0777648464,0,zr,226.8301769,55.7471905,1.15400004,0.0900000036,20220510201308,793,0xa,0x4,20.8600006,26.3297081,0.0233343188,0.101124689,1.10460751e-05,30,1.23099995,2,0.06404768546977059,1426.0,0.06404768546977059,19.383741399999998,19.383741399999998
1066,793210400001234,195526982,2459709.7716763145,59709.2698264,19.5676441,0.089552775,0,zr,226.8301589,55.7471803,0.839999974,-0.0350000001,20220510269653,793,0xa,0x4,20.9799995,26.2775936,0.0250392444,0.107534558,1.26867453e-05,30,1.09899998,2,0.054068255825095654,1426.0,0.054068255825095654,19.567644100000003,19.567644100000003
1067,793210400001234,195535210,2459709.853954339,59709.3521065,19.6661873,0.0965036303,0,zr,226.8302351,55.7471668,0.768999994,-0.179000005,20220510352106,793,0xa,0x4,21.0100002,26.1782646,0.0253681019,0.103466429,1.31577408e-05,30,1.09099996,1,0.049377043209313604,1426.0,0.049377043209313604,19.666187299999997,19.666187299999997
1068,793210400001234,195536157,2459709.863421696,59709.3615741,19.5082855,0.0855814442,0,zr,226.8302034,55.747184,0.944999993,-0.0419999994,20220510361551,793,0xa,0x4,20.9899998,26.2115421,0.0257165376,0.10604199,1.34276042e-05,30,1.10000002,2,0.057106533726799615,1426.0,0.057106533726799615,19.508285499999992,19.508285499999992
1069,793210400001234,195540881,2459709.9106657906,59709.4088194,19.5645351,0.0893407762,0,zr,226.8301086,55.7471387,0.638999999,0.0170000009,20220510408796,793,0xa,0x4,20.8899994,26.0886955,0.0266845152,0.110964358,1.45079093e-05,30,1.17900002,2,0.05422330187650628,1426.0,0.05422330187650628,19.564535099999993,19.564535099999993
1070,793210400001234,195541078,2459709.912633337,59709.410787,19.5123062,0.0858453959,0,zr,226.8302328,55.7471687,0.532000005,-0.00700000022,20220510410787,793,0xa,0x4,21.2700005,26.2533455,0.025863599,0.103280596,1.37268653e-05,30,1.18299997,1,0.056895447810472004,1426.0,0.056895447810472004,19.512306200000005,19.512306200000005
1071,793210400001234,195626189,2459710.763722704,59710.2618981,19.5087013,0.0856087357,0,zr,226.8302756,55.7472381,0.474000007,-0.0469999984,20220511261887,793,0xa,0x4,20.1100006,26.3007202,0.0366137996,0.122747101,2.72719681e-05,30,1.10399997,2,0.057084668055877724,1427.0,0.057084668055877724,19.508701300000006,19.508701300000006
1072,793210400001234,195636690,2459710.868731606,59710.3669097,19.7623806,0.103723638,0,zr,226.830233,55.7471843,0.586000025,0.105999999,20220511366898,793,0xa,0x4,20.6900005,26.3224106,0.0254371483,0.107504077,1.30868084e-05,30,1.10899997,2,0.04519056383670738,1427.0,0.04519056383670738,19.762380599999993,19.762380599999993
1073,793210400001234,195728803,2459711.7898303615,59711.2880324,19.6802406,0.0975316018,0,zr,226.8301115,55.7471163,0.375999987,-0.0979999974,20220512288021,793,0xa,0x4,20.2299995,26.3062401,0.0305957906,0.119050153,1.91638555e-05,30,1.08099997,2,0.048742046537477476,1428.0,0.048742046537477476,19.680240599999998,19.680240599999998
1074,793210400001234,195730740,2459711.8092048694,59711.3074074,19.4557018,0.0821969062,0,zr,226.8305392,55.7469803,1.00600004,0.172000006,20220512307338,793,0xa,0x4,20.0,26.3086586,0.0330710523,0.114764273,2.22398321e-05,30,1.07599998,1,0.0599403507559751,1428.0,0.0599403507559751,19.455701800000007,19.455701800000007
1075,793210400001234,195731483,2459711.816635252,59711.314838,19.5225983,0.0865243748,0,zr,226.8304866,55.7472099,0.791999996,-0.0410000011,20220512314780,793,0xa,0x4,19.7700005,26.2915382,0.0436611697,0.126557425,3.89289889e-05,30,1.07599998,2,0.05635866277095003,1428.0,0.05635866277095003,19.52259829999999,19.52259829999999
1076,793210400001234,195737211,2459711.87391384,59711.3721181,19.6059437,0.09220092,0,zr,226.8300932,55.7472181,0.994000018,-0.197999999,20220512372106,793,0xa,0x4,20.3899994,26.3060055,0.0311648156,0.111091241,1.95810717e-05,30,1.12,2,0.052194233004421955,1428.0,0.052194233004421955,19.605943700000005,19.605943700000005
1077,793210400001234,195841210,2459712.9138746723,59712.4121065,19.3944149,0.0784078613,0,zr,226.8301942,55.7471971,1.13499999,-0.150000006,20220513412106,793,0xa,0x4,20.6700001,26.27985,0.0297551081,0.119664185,1.82389886e-05,30,1.20700002,2,0.06342113938099037,1429.0,0.06342113938099037,19.394414900000008,19.394414900000008
1078,793210400001234,195924739,2459713.7491414975,59713.2473958,19.463726,0.0827053413,0,zr,226.8302276,55.7472,0.685000002,0.057,20220514247222,793,0xa,0x4,20.6299992,26.2881126,0.0320641026,0.123883411,2.12877894e-05,30,1.11199999,2,0.05949899087566021,1430.0,0.05949899087566021,19.463726,19.463726
1079,793210400001234,195938552,2459713.887262748,59713.3855208,19.662241,0.0962165743,0,zr,226.8302105,55.7471706,1.14199996,-0.0549999997,20220514385509,793,0xa,0x4,20.8500004,26.302742,0.0329196118,0.109062605,2.22250655e-05,30,1.15199995,2,0.04955683934634941,1430.0,0.04955683934634941,19.662241,19.662241
1080,793210400001234,196018631,2459714.6880394304,59714.1863194,19.5373268,0.0875043496,0,zr,226.8302109,55.7471498,0.393999994,0.063000001,20220515186157,793,0xa,0x4,20.6599998,26.2849674,0.0304897558,0.109715223,1.9124931e-05,30,1.23500001,2,0.05559929439117811,1431.0,0.05559929439117811,19.537326799999995,19.537326799999995
1081,1827201200007108,196038496,2459714.886679872,59714.3849653,19.4939651,0.0834711418,0,zr,226.8302893,55.7471631,0.189999998,-0.0320000015,20220515384942,1827,0x1,0x2,20.6700001,26.2072258,0.0311988164,0.105559163,1.97831505e-05,30,1.19099998,2,0.05786473386099234,1431.0,0.05786473386099234,19.493965100000004,19.493965100000004
1082,793210400001234,196041532,2459714.9170378195,59714.4153241,19.7569141,0.103301778,0,zr,226.8301879,55.7471767,0.853999972,-0.184,20220515415312,793,0xa,0x4,20.7299995,26.2976265,0.0272990651,0.108709462,1.52089697e-05,30,1.23199999,2,0.04541866450158722,1431.0,0.04541866450158722,19.756914099999996,19.756914099999996
1083,793210400001234,196322037,2459717.7220049496,59717.2203704,19.5157719,0.0860734656,0,zr,226.8301794,55.7471365,0.66900003,-0.075000003,20220518220359,793,0xa,0x4,21.2399998,26.27145,0.0263006147,0.109645352,1.41278279e-05,30,1.13600004,2,0.056714125514030427,1434.0,0.056714125514030427,19.515771899999997,19.515771899999997
1084,793210400001234,196324079,2459717.742432559,59717.2407986,19.5297165,0.0869967416,0,zr,226.8301797,55.7472228,0.721000016,0.00800000038,20220518240799,793,0xa,0x4,21.1299992,26.2774963,0.0298958607,0.10672237,1.81901396e-05,30,1.10699999,1,0.05599037806492392,1434.0,0.05599037806492392,19.5297165,19.5297165
1085,793210400001234,196528203,2459719.783611257,59719.282037,19.6170044,0.092978254,0,zr,226.8301162,55.7471652,0.98299998,0.100000001,20220520282037,793,0xa,0x4,21.3500004,26.3079529,0.026457388,0.109505795,1.417572e-05,30,1.07599998,1,0.05166521488041605,1436.0,0.05166521488041605,19.617004400000006,19.617004400000006
1086,793210400001234,196534800,2459719.849581589,59719.3480093,19.4167309,0.0797683299,0,zr,226.8302926,55.7472191,1.29299998,-0.0719999969,20220520347998,793,0xa,0x4,20.7999992,26.2994862,0.0268519577,0.115625314,1.46550519e-05,30,1.11699998,1,0.062130899334576724,1436.0,0.062130899334576724,19.416730899999997,19.416730899999997
1087,793210400001234,197040971,2459724.9111275817,59724.4097106,19.6254368,0.09357474,0,zr,226.830179,55.7471616,0.419999987,0.0450000018,20220525409711,793,0xa,0x4,21.6000004,26.2708511,0.0269118715,0.112010852,1.48363206e-05,30,1.30599999,1,0.05126550974223642,1441.0,0.05126550974223642,19.625436799999996,19.625436799999996
1088,793210400001234,197238952,2459726.8908791905,59726.3895255,19.5744686,0.0900197178,0,zr,226.8302391,55.7471845,0.714999974,-0.00700000022,20220527389514,793,0xa,0x4,21.8099995,26.3229752,0.0284181479,0.114214137,1.67120488e-05,30,1.25399995,1,0.05372947041965312,1443.0,0.05372947041965312,19.574468599999996,19.574468599999996
1089,793210400001234,197821947,2459732.7206391003,59732.2194792,19.5956039,0.091479294,0,zr,226.8301457,55.7471735,1.15400004,0.166999996,20220602219468,793,0xa,0x4,21.5,26.3243561,0.0247878022,0.108999632,1.27800513e-05,30,1.08800006,1,0.05269366911472494,1449.0,0.05269366911472494,19.595603900000008,19.595603900000008
1090,793210400001234,198221810,2459736.719123264,59736.2181019,19.6170349,0.0929804444,0,zr,226.8302004,55.7471755,0.569999993,0.0460000001,20220606218090,793,0xa,0x4,21.7299995,26.3418427,0.0260264184,0.109473117,1.39549975e-05,30,1.08200002,1,0.051663763545447584,1453.0,0.051663763545447584,19.6170349,19.6170349
1091,793210400001234,198425968,2459738.76063663,59738.2596875,19.6143627,0.0927920789,0,zr,226.830119,55.7471496,0.209000006,0.00700000022,20220608259664,793,0xa,0x4,21.0,26.2870598,0.0241312217,0.116992615,1.18365933e-05,30,1.08200002,1,0.05179107434020412,1455.0,0.05179107434020412,19.614362700000008,19.614362700000008
1092,793210400001234,198632831,2459740.8291852064,59740.3283102,19.5162277,0.0861035585,0,zr,226.8301854,55.7471545,0.778999984,-0.0839999989,20220610328310,793,0xa,0x4,21.2600002,26.2890835,0.0270415563,0.111981735,1.49258103e-05,30,1.18900001,1,0.05669032150622159,1457.0,0.05669032150622159,19.516227699999995,19.516227699999995
1093,1827201200007108,198730989,2459741.8107353495,59741.3098958,19.4922295,0.0833647102,0,zr,226.8302136,55.7471809,0.727999985,-0.0900000036,20220611309884,1827,0x1,0x2,21.0499992,26.1801739,0.0260418691,0.112260602,1.38859732e-05,30,1.18799996,2,0.057957307310680425,1458.0,0.057957307310680425,19.4922295,19.4922295
1094,793210400001234,198828505,2459742.785862051,59742.2850579,19.5883751,0.0909777582,0,zr,226.8302699,55.7472068,0.617999971,-0.0719999969,20220612285058,793,0xa,0x4,20.7399998,26.3092422,0.02743214,0.115557708,1.54761274e-05,30,1.11699998,1,0.05304567254153106,1459.0,0.05304567254153106,19.5883751,19.5883751
1095,1827201200007108,199036908,2459744.869813499,59744.3690856,19.6759415,0.0952583179,0,zr,226.8302016,55.7472261,0.811999977,0.114,20220614369074,1827,0x1,0x2,20.3400002,26.22505,0.0274484903,0.0977769271,1.54021691e-05,30,1.39600003,2,0.048935429002112965,1461.0,0.048935429002112965,19.6759415,19.6759415
1096,793210400001234,199430908,2459748.809667661,59748.3090856,19.5555687,0.0887318179,0,zr,226.8301768,55.7472078,0.853999972,0.0120000001,20220618309086,793,0xa,0x4,20.7600002,26.3161755,0.0255124606,0.111667752,1.35774198e-05,30,1.19500005,1,0.0546729515303616,1465.0,0.0546729515303616,19.555568700000002,19.555568700000002
1097,793210400001234,199825755,2459752.7579919593,59752.2575579,19.5894012,0.0910488218,0,zr,226.8301973,55.7471388,0.751999974,0.064000003,20220622257500,793,0xa,0x4,21.5499992,26.2490807,0.0235818345,0.114667028,1.16129022e-05,30,1.11600006,1,0.05299556418904426,1469.0,0.05299556418904426,19.589401200000005,19.589401200000005
1098,1827201200007108,200132682,2459755.8271467984,59755.3268287,19.5190468,0.0850220323,0,zr,226.8301962,55.74717,0.537999988,0.0390000008,20220625326782,1827,0x1,0x2,21.4599991,26.239357,0.0212245993,0.105843224,9.22759227e-06,30,1.34599996,2,0.05654331675088928,1472.0,0.05654331675088928,19.519046800000005,19.519046800000005
1099,793210400001234,200530732,2459759.807493605,59759.3073264,19.5521107,0.0884979442,0,zr,226.8302251,55.7471647,0.912,0.0370000005,20220629307315,793,0xa,0x4,21.6100006,26.2909603,0.0242185239,0.110372327,1.21241901e-05,30,1.28100002,1,0.05484735895633792,1476.0,0.05484735895633792,19.552110700000007,19.552110700000007
1100,793210400001234,200722133,2459761.7214256423,59761.221331,19.6132965,0.0927170664,0,zr,226.8302156,55.747184,0.916000009,0.105999999,20220701221319,793,0xa,0x4,21.7299995,26.3302021,0.024937477,0.109724157,1.27809071e-05,30,1.102,1,0.05184195849154904,1478.0,0.05184195849154904,19.613296499999997,19.613296499999997
1101,793210400001234,200928153,2459763.781555985,59763.2815394,19.4780388,0.0836193934,0,zr,226.8301362,55.7471781,0.654999971,-0.0799999982,20220703281528,793,0xa,0x4,20.6599998,26.3318615,0.0459891781,0.118117742,4.32472079e-05,30,1.23199999,1,0.05871978814220213,1480.0,0.05871978814220213,19.4780388,19.4780388
1102,793210400001234,201122483,2459765.724781186,59765.224838,19.4745426,0.0833953246,0,zr,226.8302169,55.747169,1.41700006,0.103,20220705224792,793,0xa,0x4,21.5300007,26.3281479,0.0258498825,0.10796278,1.37624875e-05,30,1.12,1,0.0589091776241713,1482.0,0.0589091776241713,19.4745426,19.4745426
1103,793210400001234,201820510,2459772.7047863496,59772.2051042,19.4481792,0.0817228183,0,zr,226.830208,55.7471955,0.600000024,-0.0879999995,20220712205104,793,0xa,0x4,20.8700008,26.303997,0.0254278649,0.112160906,1.33476242e-05,30,1.11899996,1,0.06035709376039454,1489.0,0.06035709376039454,19.44817919999999,19.44817919999999
1104,793210400001234,201824145,2459772.741139093,59772.2414583,19.5991192,0.0917240828,0,zr,226.8302205,55.7472069,1.42700005,-0.0280000009,20220712241458,793,0xa,0x4,20.9500008,26.3019714,0.0249209777,0.109546095,1.28351139e-05,30,1.19000006,1,0.05252333813522035,1489.0,0.05252333813522035,19.599119199999997,19.599119199999997
1105,793210400001234,201826153,2459772.761219444,59772.2615394,19.5375729,0.0875207782,0,zr,226.8302117,55.74716,0.42899999,-0.00800000038,20220712261528,793,0xa,0x4,20.9699993,26.3124733,0.0294150822,0.111237764,1.79413983e-05,30,1.24600005,2,0.05558669332319262,1489.0,0.05558669332319262,19.537572900000008,19.537572900000008
1106,1827201200007108,201832641,2459772.826089607,59772.326412,19.4553108,0.0811276957,0,zr,226.8301985,55.7471641,0.504000008,0.00300000003,20220712326400,1827,0x1,0x2,20.8199997,26.1956768,0.0264186785,0.104750529,1.40746097e-05,30,1.574,2,0.059961940620629914,1489.0,0.059961940620629914,19.4553108,19.4553108
1107,793210400001234,201927774,2459773.777385629,59773.2777431,19.4547977,0.0821397603,0,zr,226.8302153,55.7471295,0.930000007,0.125,20220713277731,793,0xa,0x4,20.6000004,26.2775345,0.0324896537,0.116077229,2.13631356e-05,30,1.31400001,2,0.05999028428513325,1490.0,0.05999028428513325,19.454797699999993,19.454797699999993
1108,793210400001234,202019638,2459774.695997682,59774.1963889,19.556675,0.0888067335,0,zr,226.8302152,55.7471825,0.802999973,0.133000001,20220714196389,793,0xa,0x4,20.9400005,26.289465,0.0267748814,0.105952427,1.45549875e-05,30,1.11500001,1,0.054617271447717754,1491.0,0.054617271447717754,19.556675000000006,19.556675000000006
1109,793210400001234,202026248,2459774.7620947347,59774.2624884,19.5220413,0.0864874423,0,zr,226.830213,55.7471405,0.488000005,-0.0219999999,20220714262488,793,0xa,0x4,20.6499996,26.2665501,0.0268659145,0.106065333,1.47238125e-05,30,1.26800001,1,0.05638758308201934,1491.0,0.05638758308201934,19.522041300000005,19.522041300000005
1110,793210400001234,202123891,2459775.7384826,59775.238912,19.476963,0.083550401,0,zr,226.8302291,55.7471688,0.753000021,0.0960000008,20220715238900,793,0xa,0x4,21.0900002,26.2817688,0.0257665422,0.102361262,1.36187764e-05,30,1.204,2,0.05877799938583837,1492.0,0.05877799938583837,19.476963000000005,19.476963000000005
1111,793210400001234,202228072,2459776.7802618165,59776.2807292,19.4813709,0.0838335827,0,zr,226.8302443,55.747182,0.746999979,0.0920000002,20220716280729,793,0xa,0x4,21.1499996,26.3020782,0.0283284374,0.106153004,1.6376951e-05,30,1.36099994,2,0.058539854679790136,1493.0,0.058539854679790136,19.481370899999995,19.481370899999995
1112,793210400001234,202232388,2459776.8234199206,59776.3238889,19.5900707,0.0910952315,0,zr,226.8302326,55.7471728,0.910000026,-0.145999998,20220716323877,793,0xa,0x4,20.9799995,26.2487564,0.0287645068,0.111832984,1.69881332e-05,30,1.60899997,1,0.05296289548637325,1493.0,0.05296289548637325,19.590070700000005,19.590070700000005
1113,793210400001234,202524343,2459779.7428632607,59779.2434375,19.5935154,0.0913341418,0,zr,226.8302069,55.7471807,0.386000007,0.0460000001,20220719243426,793,0xa,0x4,21.3400002,26.2782803,0.0228674226,0.10551735,1.05960762e-05,30,1.25,1,0.05279512713098277,1496.0,0.05279512713098277,19.593515399999994,19.593515399999994
1114,793210400001234,202532516,2459779.824584789,59779.325162,19.488575,0.0842982158,0,zr,226.8302062,55.7471599,0.976999998,0.135000005,20220719325162,793,0xa,0x4,20.9300003,26.2310543,0.0248464085,0.107463352,1.26149125e-05,30,1.68200004,1,0.05815271558582349,1496.0,0.05815271558582349,19.488575000000004,19.488575000000004
1115,793210400001234,202926517,2459783.764457229,59783.2651736,19.5044956,0.0853333622,0,zr,226.8302127,55.7471984,0.68599999,0.0700000003,20220723265162,793,0xa,0x4,21.6399994,26.282114,0.0273082796,0.105117574,1.51623763e-05,30,1.37699997,1,0.05730621964120937,1500.0,0.05730621964120937,19.504495600000006,19.504495600000006
1116,793210400001234,203120188,2459785.7011032156,59785.2018866,19.6173286,0.0930011272,0,zr,226.8301723,55.7471746,0.949000001,0.0949999988,20220725201887,793,0xa,0x4,21.6599998,26.2849159,0.0244986452,0.107793294,1.22872234e-05,30,1.17999995,1,0.05164978998982913,1502.0,0.05164978998982913,19.6173286,19.6173286
1117,793210400001234,203328209,2459787.781240594,59787.2820949,19.5390205,0.0876176953,0,zr,226.8302163,55.747163,0.647000015,-0.0359999985,20220727282083,793,0xa,0x4,21.4300003,26.1935635,0.0250598658,0.103383407,1.28389993e-05,30,1.52900004,1,0.055512629588688224,1504.0,0.055512629588688224,19.5390205,19.5390205
1118,793210400001234,203522064,2459789.7197289052,59789.2206481,19.5377846,0.0875349641,0,zr,226.8301639,55.7471669,1.11099994,0.0430000015,20220729220637,793,0xa,0x4,21.5200005,26.2413712,0.0273741838,0.109205388,1.52444882e-05,30,1.26499999,1,0.05557585592480005,1506.0,0.05557585592480005,19.537784600000002,19.537784600000002
1119,793210400001234,203720069,2459791.6997101144,59791.2006944,19.5187263,0.0862683803,0,zr,226.830205,55.7471952,0.917999983,0.0549999997,20220731200694,793,0xa,0x4,21.3199997,26.1034966,0.0267173853,0.102909438,1.4700815e-05,30,1.21899998,1,0.056560010316003224,1508.0,0.056560010316003224,19.518726300000004,19.518726300000004
1120,793210400001234,204026146,2459794.7603875273,59794.2614699,19.3548126,0.0760470629,0,zr,226.8302085,55.7471609,0.697000027,-0.0670000017,20220803261458,793,0xa,0x4,20.8999996,26.1630459,0.0296265297,0.118112952,1.77912389e-05,30,1.51999998,1,0.06577713600646688,1511.0,0.06577713600646688,19.354812599999995,19.354812599999995
1121,793210400001234,204421334,2459798.712140973,59798.2133449,19.3574657,0.0762030557,0,zr,226.8302438,55.7471691,0.624000013,-0.0280000009,20220807213333,793,0xa,0x4,21.1200008,26.2861443,0.0256498773,0.114948921,1.33829762e-05,30,1.329,1,0.06561659952221698,1515.0,0.06561659952221698,19.3574657,19.3574657
1122,793210400001234,205220064,2459806.699217617,59806.2006481,19.4797001,0.0837261155,0,zr,226.8302135,55.747176,1.65900004,-0.0960000008,20220815200556,793,0xa,0x4,21.3099995,26.2534809,0.0264322441,0.110886894,1.4258786e-05,30,1.36899996,1,0.05863000888509015,1523.0,0.05863000888509015,19.479700099999995,19.479700099999995
1123,793210400001234,216953456,2459924.0340164313,59923.5345602,19.4572906,0.0822973698,0,zr,226.8302397,55.7472031,0.700999975,-0.0399999991,20221210534537,793,0xa,0x4,20.7299995,26.2893829,0.0274597928,0.121710479,1.52889916e-05,30,1.62100005,1,0.05985270185599768,1640.0,0.05985270185599768,19.4572906,19.4572906
1124,793210400001234,217654680,2459931.046526782,59930.5468056,19.472538,0.0832670256,0,zr,226.830263,55.7473063,0.739000022,-0.0219999999,20221217546794,793,0xa,0x4,20.2000008,26.2967758,0.0325523466,0.119860105,2.18875193e-05,30,1.42499995,1,0.0590180423912542,1647.0,0.0590180423912542,19.472538000000007,19.472538000000007
1125,793210400001234,218152592,2459936.025839717,59935.5259259,19.4716759,0.0832119286,0,zr,226.8302188,55.7472101,0.742999971,0.0419999994,20221222525914,793,0xa,0x4,21.5799999,26.2981606,0.0284308754,0.10999275,1.64672692e-05,30,1.46399999,1,0.05906492271007352,1652.0,0.05906492271007352,19.4716759,19.4716759
1126,793210400001234,218351599,2459938.0159868635,59937.5159954,19.4514809,0.0819306001,0,zr,226.8302104,55.7471602,0.244000003,-0.0209999997,20221224515984,793,0xa,0x4,21.1100006,26.3001308,0.0244799163,0.116883516,1.22358761e-05,30,1.49000001,1,0.060173827956135906,1654.0,0.060173827956135906,19.4514809,19.4514809
1127,793210400001234,221239291,2459966.8940112195,59966.3929167,19.5893745,0.0910470039,0,zr,226.8306548,55.7470536,0.769999981,0.180000007,20230122392905,793,0xa,0x4,19.9200001,26.2673073,0.0411961153,0.113963753,3.44082e-05,30,1.82799995,1,0.05299686745125148,1683.0,0.05299686745125148,19.589374499999998,19.589374499999998
1128,793210400001234,226243173,2460016.9340629703,60016.4317361,19.5779114,0.0902560726,0,zr,226.830231,55.74724,0.412999988,0.0920000002,20230313431725,793,0xa,0x4,21.0499992,26.2770214,0.0251211878,0.120441042,1.28038319e-05,30,1.09599996,1,0.053559367543732354,1733.0,0.053559367543732354,19.577911399999998,19.577911399999998
1129,793210400001234,226745195,2460021.9543275065,60021.451956,19.9400215,0.118175693,0,zr,226.830136,55.7471114,0.828999996,0.0489999987,20230318451933,793,0xa,0x4,20.6200008,26.3110695,0.0310045909,0.118586421,1.95698667e-05,30,1.07700002,1,0.03836996473076929,1738.0,0.03836996473076929,19.940021499999993,19.940021499999993
1130,793210400001234,227841395,2460032.9163690195,60032.4139583,19.5939102,0.0913615599,0,zr,226.8302775,55.7472456,1.61600006,-0.0289999992,20230329413935,793,0xa,0x4,21.5300007,26.300209,0.0276123937,0.11589893,1.56936621e-05,30,1.079,1,0.05277593303304643,1749.0,0.05277593303304643,19.593910200000003,19.593910200000003
1131,793210400001234,228834436,2460042.846740833,60042.3443634,19.5912266,0.0911753029,0,zr,226.8302876,55.7471049,0.589999974,-0.0890000015,20230408344352,793,0xa,0x4,20.8600006,26.2605743,0.0297841337,0.118656352,1.80962688e-05,30,1.11500001,1,0.05290653996081477,1759.0,0.05290653996081477,19.59122659999999,19.59122659999999
1132,793210400001234,229028229,2460044.7846551095,60044.2822917,19.5372009,0.0874958932,0,zr,226.830231,55.747191,1.25600004,-0.0710000023,20230410282280,793,0xa,0x4,21.25,26.3169498,0.0238588601,0.112599269,1.18415801e-05,30,1.23599994,1,0.055605741958275536,1761.0,0.055605741958275536,19.537200899999995,19.537200899999995
1133,1827201200007108,229143418,2460045.9365437753,60045.4341898,19.5556259,0.0873264223,0,zr,226.8302521,55.7471774,0.709999979,-0.0299999993,20230411434178,1827,0x1,0x2,21.2900009,26.2515907,0.022977829,0.0999573097,1.05466788e-05,30,1.12600005,2,0.05467007126309421,1762.0,0.05467007126309421,19.555625900000003,19.555625900000003
1134,1827201200007108,229741616,2460051.918460228,60051.416169,19.5768433,0.0886861682,0,zr,226.8301638,55.747161,0.648999989,-0.0379999988,20230417416157,1827,0x1,0x2,21.8400002,26.2803917,0.0238479245,0.0972784832,1.16613683e-05,30,1.12399995,2,0.0536120828425422,1768.0,0.0536120828425422,19.5768433,19.5768433
1135,793210400001234,229932116,2460053.8234355077,60053.321169,19.6746826,0.097123906,0,zr,226.8303865,55.747215,0.894999981,0.0350000001,20230419321134,793,0xa,0x4,20.5900002,26.2938919,0.0295838546,0.118273951,1.77639467e-05,30,1.10599995,1,0.04899220203794061,1770.0,0.04899220203794061,19.674682600000004,19.674682600000004
1136,793210400001234,230138296,2460055.8852002653,60055.382963,19.6592083,0.0959965065,0,zr,226.8302236,55.7471948,0.522000015,0.0260000005,20230421382951,793,0xa,0x4,21.6100006,26.3296661,0.0270908251,0.106505603,1.50809155e-05,30,1.07799995,1,0.04969545600068821,1772.0,0.04969545600068821,19.659208299999996,19.659208299999996
1137,793210400001234,230342556,2460057.9277728433,60057.4255671,19.5660992,0.0894473717,0,zr,226.8302426,55.7471695,0.67900002,-0.0579999983,20230423425567,793,0xa,0x4,21.1499996,25.961771,0.0353995413,0.107172906,2.57598222e-05,30,1.12100005,1,0.05414524460371103,1774.0,0.05414524460371103,19.566099200000004,19.566099200000004
1138,793210400001234,230530541,2460059.8075912544,60059.3054167,19.5230923,0.0865570456,0,zr,226.8301796,55.747141,1.17999995,-0.123000003,20230425305405,793,0xa,0x4,21.0699997,26.2528629,0.0256654192,0.11706578,1.36607041e-05,30,1.10500002,1,0.056333025929784654,1776.0,0.056333025929784654,19.523092299999995,19.523092299999995
1139,1827201200007108,230726768,2460061.7698249924,60061.2676852,19.5113487,0.0845435485,0,zr,226.8302167,55.7471547,0.404000014,-0.00400000019,20230427267674,1827,0x1,0x2,21.5100002,26.1902142,0.0228817798,0.105513737,1.06341295e-05,30,1.17400002,2,0.05694564547325451,1778.0,0.05694564547325451,19.511348700000006,19.511348700000006
1140,1827201200007108,230834729,2460062.849411455,60062.3472917,19.5491753,0.086916402,0,zr,226.8302378,55.7471478,0.94599998,-0.0549999997,20230428347292,1827,0x1,0x2,21.4500008,26.2079048,0.0214523468,0.101459488,9.25649783e-06,30,1.10599995,2,0.054995845091067315,1779.0,0.054995845091067315,19.549175299999995,19.549175299999995
1141,1827201200007108,230930390,2460063.806001931,60063.3039005,19.5849972,0.0892131925,0,zr,226.8301857,55.7471651,0.811999977,0.114,20230429303866,1827,0x1,0x2,21.1800003,26.2175579,0.0226742812,0.100872174,1.04058736e-05,30,1.12,2,0.05321096315200541,1780.0,0.05321096315200541,19.584997199999997,19.584997199999997
1142,793210400001234,230940714,2460063.9092406197,60063.4071412,19.5363998,0.0874423459,0,zr,226.8302218,55.7471891,1.09800005,-0.0979999974,20230429407130,793,0xa,0x4,21.3999996,26.2941475,0.0252230056,0.112352788,1.31871811e-05,30,1.11800003,1,0.05564678525917995,1780.0,0.05564678525917995,19.536399800000005,19.536399800000005
1143,1827201200007108,231031883,2460064.820912444,60064.318831,19.644125,0.093108885,0,zr,226.8302365,55.7471547,0.490999997,0.0270000007,20230430318819,1827,0x1,0x2,21.3099995,26.219965,0.0242567062,0.0993042737,1.18456619e-05,30,1.11000001,2,0.05039065458879003,1781.0,0.05039065458879003,19.644124999999995,19.644124999999995
1144,793210400001234,231123222,2460065.73428514,60065.2322222,19.6036758,0.0920421779,0,zr,226.8301937,55.747192,1.20899999,0.0810000002,20230501231991,793,0xa,0x4,21.0400009,26.2714386,0.0247535259,0.111227028,1.25752213e-05,30,1.21500003,2,0.05230337094639775,1782.0,0.05230337094639775,19.603675799999998,19.603675799999998
1145,793210400001234,231140253,2460065.904594165,60065.4025347,19.5060806,0.0854370669,0,zr,226.8302418,55.7472078,0.878000021,0.0170000009,20230501402512,793,0xa,0x4,21.0599995,26.2657776,0.0247893892,0.112255111,1.26263703e-05,30,1.12,1,0.05722262282355136,1782.0,0.05722262282355136,19.506080599999997,19.506080599999997
1146,793210400001234,231140347,2460065.905531646,60065.4034722,19.529541,0.0869850814,0,zr,226.8302334,55.7472003,0.675999999,-0.0649999976,20230501403472,793,0xa,0x4,21.0300007,26.2682285,0.0257176701,0.112478614,1.37111756e-05,30,1.12100005,2,0.055999429163634,1782.0,0.055999429163634,19.529541000000002,19.529541000000002
1147,793210400001234,231846740,2460072.969308381,60072.4674074,19.4440689,0.0814648569,0,zr,226.8302623,55.7471783,1.28600001,0.118000001,20230508467407,793,0xa,0x4,20.9200001,26.2692337,0.0257489011,0.111355208,1.34126794e-05,30,1.35000002,2,0.06058602224866233,1789.0,0.06058602224866233,19.444068899999998,19.444068899999998
1148,793210400001234,231930428,2460073.8061629683,60073.3042824,19.6258621,0.0936049372,0,zr,226.8302082,55.7471614,1.05900002,0.136999995,20230509304271,793,0xa,0x4,21.2000008,26.2630196,0.0294058267,0.115891792,1.76617104e-05,30,1.07799995,2,0.0512454321659131,1790.0,0.0512454321659131,19.6258621,19.6258621
1149,793210400001234,231930521,2460073.807100442,60073.3052199,19.6043968,0.0920926332,0,zr,226.8301886,55.7471958,1.15900004,0.0320000015,20230509305220,793,0xa,0x4,21.1200008,26.2645931,0.0288250558,0.118550524,1.69058621e-05,30,1.07799995,1,0.052268649609981184,1790.0,0.052268649609981184,19.604396799999996,19.604396799999996
1150,793210400001234,231941604,2460073.917919493,60073.4160417,19.5568867,0.0888211206,0,zr,226.8301466,55.7471599,1.11600006,-0.303000003,20230509415926,793,0xa,0x4,20.6599998,26.2142944,0.0288531017,0.116618536,1.68914339e-05,30,1.18799996,2,0.05460662305159258,1790.0,0.05460662305159258,19.5568867,19.5568867
1151,793210400001234,232330223,2460077.804011961,60077.3022338,19.625391,0.0935714543,0,zr,226.8301965,55.7471699,1.20700002,0.023,20230513302234,793,0xa,0x4,21.2900009,26.2900543,0.0271655377,0.115392432,1.51607019e-05,30,1.07599998,2,0.0512676723392456,1794.0,0.0512676723392456,19.625391,19.625391
1152,793210400001234,232330318,2460077.8049610304,60077.3031829,19.5074387,0.0855259821,0,zr,226.8301134,55.7472248,0.616999984,-0.0599999987,20230513303171,793,0xa,0x4,21.2399998,26.2820835,0.0261244439,0.117448352,1.40789234e-05,30,1.07599998,1,0.057151090291593515,1794.0,0.057151090291593515,19.5074387,19.5074387
1153,793210400001234,232332356,2460077.825342389,60077.3235648,19.4845161,0.0840361267,0,zr,226.8301583,55.747226,0.888000011,-0.00100000005,20230513323542,793,0xa,0x4,21.2399998,26.2821827,0.0283158701,0.115087576,1.65177007e-05,30,1.079,2,0.058370519692743025,1794.0,0.058370519692743025,19.4845161,19.4845161
1154,793210400001234,232540719,2460079.908920311,60079.4071991,19.5481205,0.0882287845,0,zr,226.8301812,55.7471607,1.13300002,-0.0340000018,20230515407188,793,0xa,0x4,21.3999996,26.2657394,0.0256360918,0.115656778,1.37026936e-05,30,1.20700002,1,0.055049299884819956,1796.0,0.055049299884819956,19.548120500000003,19.548120500000003
1155,793210400001234,233028351,2460084.785100369,60084.2835185,19.6511288,0.0954123363,0,zr,226.8301954,55.747163,0.601000011,-0.0790000036,20230520283507,793,0xa,0x4,21.5599995,26.2448463,0.0268477816,0.113204084,1.50020105e-05,30,1.07599998,1,0.050066643846623536,1801.0,0.050066643846623536,19.651128800000002,19.651128800000002
1156,793210400001234,233426520,2460088.7666692045,60088.2652083,19.6639805,0.0963430628,0,zr,226.8302079,55.7472027,0.864000022,0.00300000003,20230524265208,793,0xa,0x4,21.5900002,26.3056602,0.027350219,0.113125503,1.536321e-05,30,1.07799995,1,0.04947750598429601,1805.0,0.04947750598429601,19.6639805,19.6639805
1157,793210400001234,233632256,2460090.823965479,60090.3225694,19.7603321,0.10356535,0,zr,226.8301505,55.7473451,0.757000029,0.0379999988,20230526322558,793,0xa,0x4,20.6299992,26.2697601,0.0297418181,0.122631013,1.80489315e-05,30,1.10399997,1,0.045275907085784724,1807.0,0.045275907085784724,19.760332099999992,19.760332099999992
1158,793210400001234,234822937,2460102.7303699516,60102.229375,19.3978519,0.078615956,32768,zr,226.830205,55.7471437,1.14499998,-0.0729999989,20230607229352,793,0xa,0x4,20.0799999,25.5634747,0.0629954934,0.109640166,8.11621721e-05,30,1.07700002,1,0.0632206912396971,1819.0,0.0632206912396971,19.3978519,19.3978519
1159,793210400001234,235535084,2460109.8515830375,60109.3508449,19.6095238,0.0924519002,0,zr,226.8301721,55.7471914,0.977999985,0.0769999996,20230614350845,793,0xa,0x4,21.5699997,26.2677612,0.024154922,0.109988213,1.19049673e-05,30,1.28799999,1,0.05202241149323373,1826.0,0.05202241149323373,19.609523799999998,19.609523799999998
1160,793210400001234,236033141,2460114.8319654437,60114.331412,19.6384277,0.0945000276,0,zr,226.8301803,55.7471724,0.805000007,0.00800000038,20230619331400,793,0xa,0x4,21.4200001,26.3180008,0.0229297485,0.113702565,1.09199e-05,30,1.26699996,1,0.050655769849035893,1831.0,0.050655769849035893,19.6384277,19.6384277
1161,793210400001234,236430258,2460118.8029852286,60118.302581,19.4958649,0.0847707689,0,zr,226.8301862,55.7471813,0.808000028,-0.123000003,20230623302581,793,0xa,0x4,21.3899994,26.3152962,0.0235816874,0.113790087,1.14226632e-05,30,1.21200001,1,0.05776357181163518,1835.0,0.05776357181163518,19.495864900000008,19.495864900000008
1162,1827201200007108,236622193,2460120.7222646344,60120.2219329,19.5681,0.088123776,0,zr,226.8301727,55.7471802,0.59799999,0.00200000009,20230625221933,1827,0x1,0x2,20.7600002,26.2963943,0.0244294312,0.0999911278,1.20892746e-05,30,1.11899996,2,0.0540455573618351,1837.0,0.0540455573618351,19.56810000000001,19.56810000000001
1163,793210400001234,237022099,2460124.7211756525,60124.2209954,19.6914177,0.0983557329,0,zr,226.8303122,55.7472286,0.879000008,-0.0780000016,20230629220984,793,0xa,0x4,20.9300003,26.3120232,0.0265851412,0.117902033,1.44412106e-05,30,1.09500003,1,0.048242845965530315,1841.0,0.048242845965530315,19.691417699999995,19.691417699999995
1164,793210400001234,237233861,2460126.83871105,60126.3386111,19.7052994,0.0993872881,0,zr,226.8301954,55.7472002,0.414000005,0.0140000004,20230701338600,793,0xa,0x4,20.75,26.2620201,0.0278191864,0.114663556,1.56978858e-05,30,1.44099998,1,0.047629962545711904,1843.0,0.047629962545711904,19.705299399999994,19.705299399999994
1165,793210400001234,237432508,2460128.8251057584,60128.325081,19.4417171,0.0813176781,0,zr,226.83011,55.747223,0.579999983,-0.0579999983,20230703325069,793,0xa,0x4,20.2299995,26.2932758,0.0351548381,0.116450377,2.51789261e-05,30,1.39900005,1,0.06071739913082133,1845.0,0.06071739913082133,19.441717099999998,19.441717099999998
1166,793210400001234,238229680,2460136.7965310356,60136.2968056,19.6676559,0.096610643,0,zr,226.8302675,55.7471836,0.737999976,0.0989999995,20230711296794,793,0xa,0x4,21.5300007,26.2943668,0.0247477721,0.110272825,1.25330362e-05,30,1.36899996,1,0.04931029946036644,1853.0,0.04931029946036644,19.667655899999993,19.667655899999993
1167,793210400001234,238420438,2460138.704041394,60138.2043866,19.6133194,0.0927186534,0,zr,226.830207,55.7471949,0.5,-0.0520000011,20230713204387,793,0xa,0x4,21.5,26.2102337,0.0265859887,0.105417728,1.46205621e-05,30,1.12100005,1,0.051840865069109336,1855.0,0.051840865069109336,19.6133194,19.6133194
1168,793210400001234,238625724,2460140.7568247057,60140.2572454,19.5777969,0.0902482122,0,zr,226.830211,55.7471516,0.592000008,0.0670000017,20230715257188,793,0xa,0x4,21.2299995,26.2917519,0.0251402706,0.121079393,1.28824013e-05,30,1.25699997,1,0.05356501612663159,1857.0,0.05356501612663159,19.577796900000003,19.577796900000003
1169,793210400001234,238934436,2460143.8438305147,60143.3443634,19.7119827,0.0998872295,0,zr,226.8302249,55.7471399,0.463999987,-0.0520000011,20230718344363,793,0xa,0x4,21.2999992,26.2605534,0.0230747666,0.10710384,1.08753702e-05,30,1.82299995,1,0.04733767460206625,1860.0,0.04733767460206625,19.7119827,19.7119827
1170,793210400001234,240523966,2460159.7385910125,60159.2396644,19.6326885,0.0940902978,0,zr,226.8302428,55.747153,1.40199995,-0.248999998,20230803239664,793,0xa,0x4,20.7099991,26.2981758,0.0276163444,0.120359235,1.54517729e-05,30,1.39499998,1,0.05092424512965122,1876.0,0.05092424512965122,19.632688499999993,19.632688499999993
1171,793210400001234,240928016,2460163.7789638676,60163.280162,19.6771851,0.0973072499,0,zr,226.8302216,55.7471799,0.686999977,0.0659999996,20230807280150,793,0xa,0x4,21.0100002,26.2724857,0.0259842724,0.124284111,1.37022416e-05,30,1.73399997,1,0.048879410550929654,1880.0,0.048879410550929654,19.677185099999996,19.677185099999996
1172,793210400001234,241724585,2460171.744431532,60171.2458565,19.6107216,0.0925360173,0,zr,226.8301547,55.7471424,1.15600002,0.00499999989,20230815245845,793,0xa,0x4,21.0400009,26.2583218,0.0260162819,0.113756619,1.38274245e-05,30,1.63300002,1,0.05196505125706223,1888.0,0.05196505125706223,19.610721599999998,19.610721599999998
1173,793210400001234,242424155,2460178.7399504557,60178.2415509,19.7032623,0.0992354229,0,zr,226.8301036,55.7472019,0.884000003,0.0130000003,20230822241551,793,0xa,0x4,21.2700005,26.2720222,0.0242302157,0.114923567,1.2691451e-05,30,1.75399995,1,0.04771941159983778,1895.0,0.04771941159983778,19.7032623,19.7032623
1174,793210400001234,244020351,2460194.701614155,60194.2035185,19.7232742,0.100736499,0,zr,226.8302541,55.7472053,0.925999999,0.171000004,20230907203507,793,0xa,0x4,20.9400005,26.2747593,0.0257271752,0.118526511,1.33798994e-05,30,1.80799997,1,0.046847920709949004,1911.0,0.046847920709949004,19.7232742,19.7232742
1175,793210400001234,253753542,2460292.034987202,60291.5354282,19.6002998,0.0918063968,0,zr,226.8302754,55.7472037,0.750999987,-0.0160000008,20231213535428,793,0xa,0x4,21.0699997,26.2838001,0.0269399714,0.117996767,1.47537658e-05,30,1.56099999,1,0.0524662567268004,2008.0,0.0524662567268004,19.600299799999995,19.600299799999995
1176,793210400001234,255757763,2460312.077975246,60311.5776389,19.6833038,0.0977568328,0,zr,226.8302771,55.747195,0.764999986,0.00899999961,20240102577384,793,0xa,0x4,20.7299995,26.3308792,0.0270759482,0.118794836,1.49120333e-05,30,1.16600001,1,0.04860472384898967,2028.0,0.04860472384898967,19.683303799999997,19.683303799999997
1177,793210400001234,257251312,2460327.0140330247,60326.513125,19.7268257,0.101004831,32768,zr,226.8301853,55.7472136,0.361999989,0.0460000001,20240117513125,793,0xa,0x4,20.3199997,25.1583462,0.0400468335,0.0944231153,3.33343232e-05,30,1.22500002,1,0.04669492906552348,2043.0,0.04669492906552348,19.7268257,19.7268257
1178,793210400001234,259749092,2460351.992658744,60351.4909259,19.6264305,0.0936451852,0,zr,226.8301325,55.7471818,0.662999988,0.0450000018,20240211490914,793,0xa,0x4,21.1800003,26.316021,0.0233902931,0.114002027,1.12488069e-05,30,1.125,1,0.0512186113963853,2068.0,0.0512186113963853,19.626430500000005,19.626430500000005
1179,793210400001234,260146622,2460355.9680671236,60355.4662269,19.7185555,0.100380816,0,zr,226.8301317,55.7472414,0.764999986,-0.00300000003,20240215466215,793,0xa,0x4,21.0100002,26.314312,0.0268153846,0.115133695,1.46374114e-05,30,1.148,1,0.04705196876005044,2072.0,0.04705196876005044,19.7185555,19.7185555
1180,793210400001234,264235335,2460396.855766763,60396.3533565,19.6015053,0.0918905959,0,zr,226.8301925,55.7472903,0.361999989,0.0,20240327353333,793,0xa,0x4,20.75,26.3109913,0.0255673658,0.113574438,1.32563027e-05,30,1.14999998,1,0.05240803542698035,2113.0,0.05240803542698035,19.601505300000007,19.601505300000007
1181,793210400001234,264443628,2460398.938695259,60398.4362847,19.4120827,0.0794830918,0,zr,226.8302054,55.7472483,1.06599998,-0.177000001,20240329436285,793,0xa,0x4,20.6000004,26.3057518,0.0285887234,0.127810881,1.66681457e-05,30,1.07700002,1,0.062397461248531086,2115.0,0.062397461248531086,19.412082700000006,19.412082700000006
1182,793210400001234,265036949,2460404.8718862855,60404.3694907,19.6194172,0.0931485817,0,zr,226.8302014,55.7472044,0.867999971,0.0599999987,20240404369363,793,0xa,0x4,21.5400009,26.3171425,0.0257714074,0.114750311,1.35325281e-05,30,1.09599996,1,0.05155052825513061,2121.0,0.05155052825513061,19.619417200000008,19.619417200000008
1183,793210400001234,266045665,2460414.9589722273,60414.4566551,19.6196251,0.0931633338,0,zr,226.830161,55.7472435,0.967000008,-0.0299999993,20240414456644,793,0xa,0x4,21.2199993,26.3104,0.0241530742,0.11153277,1.18682783e-05,30,1.13499999,1,0.05154065815155743,2131.0,0.05154065815155743,19.6196251,19.6196251
1184,793210400001234,268245093,2460436.9528691527,60436.4509375,19.5385971,0.0875892863,0,zr,226.8301793,55.7472001,0.827000022,0.0579999983,20240506450880,793,0xa,0x4,20.8799992,26.3084049,0.024387015,0.103813663,1.19800598e-05,30,1.27199996,1,0.05553428183787012,2153.0,0.05553428183787012,19.538597099999997,19.538597099999997
1185,793210400001234,268726418,2460441.7660020166,60441.2641898,19.4390011,0.0811478645,0,zr,226.8301038,55.747204,0.690999985,0.00300000003,20240511264190,793,0xa,0x4,20.6599998,26.2672234,0.0285412744,0.123927772,1.66221216e-05,30,1.10000002,1,0.06086947556431377,2158.0,0.06086947556431377,19.439001100000006,19.439001100000006
1186,793210400001234,268936568,2460443.8674394884,60443.3656829,19.4782581,0.0836334676,0,zr,226.8302319,55.7472006,0.769999981,0.0219999999,20240513365671,793,0xa,0x4,21.3299999,26.2802334,0.0252206307,0.116821066,1.29595119e-05,30,1.11699998,1,0.05870792895478676,2160.0,0.05870792895478676,19.478258099999998,19.478258099999998
1187,793210400001234,269534017,2460449.8417614116,60449.3401736,19.6167717,0.0929618627,0,zr,226.8302612,55.7471525,0.764999986,-0.0250000004,20240519340162,793,0xa,0x4,21.0499992,26.2998371,0.0256280117,0.116540037,1.33232988e-05,30,1.10500002,1,0.05167628919469268,2166.0,0.05167628919469268,19.616771700000008,19.616771700000008
1188,793210400001234,269734076,2460451.8422919055,60451.3407639,19.6130695,0.0927010402,0,zr,226.8302329,55.7471561,0.644999981,0.0590000004,20240521340752,793,0xa,0x4,20.7800007,26.2620354,0.0271020513,0.103241257,1.50021206e-05,30,1.11300004,1,0.051852798467981895,2168.0,0.051852798467981895,19.6130695,19.6130695
1189,793210400001234,272530538,2460479.8059460535,60479.3053819,19.355608,0.0760937929,0,zr,226.8302063,55.7471661,0.808000028,-0.0390000008,20240618305370,793,0xa,0x4,20.8400002,26.3143005,0.0242518373,0.1171057,1.19505639e-05,30,1.18900001,1,0.06572896594989179,2196.0,0.06572896594989179,19.355607999999997,19.355607999999997
1190,793210400001234,272729800,2460481.798498861,60481.2980093,19.4987698,0.0849597603,0,zr,226.8302286,55.7471461,0.893000007,-0.195999995,20240620297986,793,0xa,0x4,20.7900009,26.3224468,0.0269039422,0.110690683,1.47442979e-05,30,1.18499994,1,0.05760923125716154,2198.0,0.05760923125716154,19.498769799999998,19.498769799999998
1191,793210400001234,272926225,2460483.7626725966,60483.2622569,19.4462032,0.0815987587,0,zr,226.8302756,55.7471633,0.460000008,-0.0939999968,20240622262245,793,0xa,0x4,20.7399998,26.3255463,0.0270069297,0.116606332,1.50591422e-05,30,1.125,1,0.06046704147341851,2200.0,0.06046704147341851,19.446203200000006,19.446203200000006
1192,793210400001234,275730128,2460511.8006555648,60511.3012847,19.3885918,0.0780564323,0,zr,226.8302147,55.7471467,0.640999973,-0.0280000009,20240720301285,793,0xa,0x4,20.5499992,26.1864853,0.0364242755,0.110057123,2.71489826e-05,30,1.53900003,1,0.0637621980625399,2228.0,0.0637621980625399,19.388591799999993,19.388591799999993
1193,793210400001234,276329938,2460517.79854935,60517.2993866,19.371563,0.0770372674,0,zr,226.8303172,55.7472175,0.335000008,-0.0359999985,20240726299375,793,0xa,0x4,20.6100006,26.1123371,0.0280665383,0.127689496,1.60875152e-05,30,1.64100003,1,0.06477013466411048,2234.0,0.06477013466411048,19.371563000000002,19.371563000000002
1194,793210400001234,276532465,2460519.82374744,60519.3246528,19.4110184,0.0794179961,0,zr,226.8302048,55.7471826,0.430999994,-0.0270000007,20240728324653,793,0xa,0x4,20.7399998,26.2681713,0.0269192792,0.112996131,1.48246618e-05,30,1.92299998,1,0.062458656755861,2236.0,0.062458656755861,19.411018399999996,19.411018399999996
1195,793210400001234,281718072,2460571.678697667,60571.1807292,19.4577465,0.0823261887,0,zr,226.8302511,55.7471958,0.810000002,-0.0280000009,20240918180729,793,0xa,0x4,19.8199997,26.2591686,0.0393080898,0.119024687,3.20318759e-05,30,1.90199995,1,0.05982757501709023,2288.0,0.05982757501709023,19.457746500000006,19.457746500000006
