time_days,luminosity,flux_mjy,bh_mass_msun
2.0480902532412024,4.65621660539972e-07,4.3119001926865106e-33,100000.0
2.5480902532412024,1.3458787324563639e+25,0.12463541234489196,100000.0
3.0480902532412024,1.6707840141156765e+26,1.547233413507503,100000.0
3.5480902532412024,7.682969714193991e+26,7.11483193299461,100000.0
4.048090253241202,1.8846499954669253e+27,17.452845018370535,100000.0
4.548090253241202,3.3819421463214687e+27,31.318553727648816,100000.0
5.048090253241202,5.073907622138495e+27,46.987039280348014,100000.0
5.548090253241202,6.802131865032894e+27,62.991299986991265,100000.0
6.048090253241202,8.456503072100871e+27,78.31164294152407,100000.0
6.548090253241202,9.970590905424768e+27,92.33288845807184,100000.0
7.048090253241202,1.1310523536409733e+28,104.74136568189941,100000.0
7.548090253241202,1.2464412953619622e+28,115.42698540722814,100000.0
8.048090253241202,1.343420087029768e+28,124.4077289146067,100000.0
8.548090253241202,1.4229926200415552e+28,131.77656179983333,100000.0
9.048090253241202,1.4865904276977239e+28,137.66605153639452,100000.0
9.548090253241202,1.5358277974839182e+28,142.2256895915112,100000.0
10.048090253241202,1.572350581528923e+28,145.60789048350742,100000.0
10.548090253241202,1.5977470806601178e+28,147.959739179085,100000.0
11.048090253241202,1.6134991306870145e+28,149.41846142725998,100000.0
11.548090253241202,1.62095868414477e+28,150.1092551062858,100000.0
12.048090253241202,1.6213401731475746e+28,150.14458298391918,100000.0
12.548090253241202,1.6157223197004161e+28,149.6243403617612,100000.0
13.048090253241202,1.605055314119354e+28,148.6365198345325,100000.0
13.548090253241202,1.5901707686089568e+28,147.2581330434218,100000.0
14.048090253241202,1.5717928268070096e+28,145.55623947805157,100000.0
14.548090253241202,1.5505494426587765e+28,143.58899095924653,100000.0
15.048090253241202,1.5269832520577944e+28,141.40663840985223,100000.0
15.548090253241202,1.5015617214873024e+28,139.05247167202967,100000.0
16.048090253241202,1.474686423446911e+28,136.56367846029457,100000.0
16.548090253241202,1.4467013903926343e+28,133.97211798007257,100000.0
17.048090253241202,1.417900560827623e+28,131.30501047465953,100000.0
17.548090253241202,1.3885343655028198e+28,128.58554714186172,100000.0
18.048090253241202,1.3588155202123317e+28,125.83342657715541,100000.0
18.548090253241202,1.3289240992262437e+28,123.06532460010997,100000.0
19.048090253241202,1.2990119644769006e+28,120.29530442021148,100000.0
19.548090253241202,1.2692066228000745e+28,117.53517383757591,100000.0
20.048090253241202,1.2396145790969587e+28,114.79479576329388,100000.0
20.548090253241202,1.210324246905573e+28,112.08235775357105,100000.0
21.048090253241202,1.1814084723290163e+28,109.40460573868963,100000.0
21.548090253241202,1.1529267206957147e+28,106.76704651918807,100000.0
22.048090253241202,1.124926969939687e+28,104.17412310278,100000.0
22.548090253241202,1.0974473491397518e+28,101.6293664416577,100000.0
23.048090253241202,1.0705175559911168e+28,99.13552669777751,100000.0
23.548090253241202,1.0441600826221836e+28,96.69468675990962,100000.0
24.048090253241202,1.0183912753321073e+28,94.30836038088063,100000.0
24.548090253241202,9.93222250505296e+27,91.97757699604833,100000.0
25.048090253241202,9.686596859723961e+27,89.7029550074694,100000.0
25.548090253241202,9.447065045428506e+27,87.48476508259056,100000.0
26.048090253241202,9.213624641369494e+27,85.32298480356408,100000.0
26.548090253241202,8.986246671266779e+27,83.21734583487525,100000.0
27.048090253241202,8.764879996276387e+27,81.16737460407272,100000.0
27.548090253241202,8.549455101978642e+27,79.17242737125993,100000.0
28.048090253241202,8.339887360200573e+27,77.23172043527717,100000.0
28.548090253241202,8.136079836190677e+27,75.34435612960868,100000.0
29.048090253241202,7.937925701598101e+27,73.50934516783234,100000.0
29.548090253241202,7.745310306278741e+27,71.72562582962804,100000.0
30.048090253241202,7.558112954504738e+27,69.99208040940712,100000.0
30.548090253241202,7.376208424668767e+27,68.30754928956904,100000.0
31.048090253241202,7.19946826734965e+27,66.67084296126814,100000.0
31.548090253241202,7.02776191090081e+27,65.08075226274126,100000.0
32.0480902532412,6.860957600635735e+27,63.53605707665643,100000.0
32.5480902532412,6.698923193766518e+27,62.03553369165973,100000.0
33.0480902532412,6.541526829613415e+27,60.57796100886643,100000.0
33.5480902532412,6.38863749180899e+27,59.162125748165494,100000.0
34.0480902532412,6.240125477158838e+27,57.78682679011524,100000.0
34.5480902532412,6.09586278386067e+27,56.450878771055145,100000.0
35.0480902532412,5.955723430084198e+27,55.15311503332229,100000.0
35.5480902532412,5.819583712485336e+27,53.892390019228095,100000.0
36.0480902532412,5.687322413039851e+27,52.66758118644615,100000.0
36.5480902532412,5.558820961339695e+27,51.47759051096117,100000.0
37.0480902532412,5.433963558720593e+27,50.32134563655541,100000.0
37.5480902532412,5.312637269629912e+27,49.197800720922906,100000.0
38.0480902532412,5.194732085035546e+27,48.105937022868986,100000.0
38.5480902532412,5.080140961948354e+27,47.04476326830863,100000.0
39.0480902532412,4.968759842663644e+27,46.01331582845278,100000.0
39.5480902532412,4.8604876568638373e+27,45.01065873928006,100000.0
40.0480902532412,4.755226309189848e+27,44.035883586441244,100000.0
40.5480902532412,4.652880654749256e+27,43.08810927845213,100000.0
41.0480902532412,4.553358464485181e+27,42.1664817259912,100000.0
41.5480902532412,4.456570382215497e+27,41.270173444060276,100000.0
42.0480902532412,4.3624298747986e+27,40.398383090493425,100000.0
42.5480902532412,4.270853176893594e+27,39.55033495440743,100000.0
43.0480902532412,4.1817592312133413e+27,38.725278402913716,100000.0
43.5480902532412,4.0950696254623143e+27,37.922487297129926,100000.0
44.0480902532412,4.010708526671552e+27,37.14125938408719,100000.0
44.5480902532412,3.928602613719169e+27,36.380915671834806,100000.0
45.0480902532412,3.8486810085271517e+27,35.64079979228652,100000.0
45.5480902532412,3.7708752067152495e+27,34.920277359039304,100000.0
46.0480902532412,3.6951190078390827e+27,34.21873532134173,100000.0
46.5480902532412,3.621348445807537e+27,33.535581319722624,100000.0
47.0480902532412,3.5495017197553567e+27,32.87024304583514,100000.0
47.5480902532412,3.4795191255741906e+27,32.22216760839838,100000.0
48.0480902532412,3.411342988452437e+27,31.59082090848111,100000.0
48.5480902532412,3.344917596365941e+27,30.97568702359078,100000.0
49.0480902532412,3.2801891349553945e+27,30.376267604604198,100000.0
49.5480902532412,3.217105623734857e+27,29.792081285025052,100000.0
50.0480902532412,3.1556168537766397e+27,29.22266310391332,100000.0
50.5480902532412,3.0956743268764937e+27,28.66756394252311,100000.0
51.0480902532412,3.0372311963894095e+27,28.12634997641118,100000.0
51.5480902532412,2.980242209632204e+27,27.598602142054773,100000.0
52.0480902532412,2.9246636519790964e+27,27.083915619147408,100000.0
52.5480902532412,2.870453292599483e+27,26.581899328102253,100000.0
53.0480902532412,2.817570331846724e+27,26.092175442844816,100000.0
53.5480902532412,2.7659753503306327e+27,25.614378919197502,100000.0
54.0480902532412,2.7156302596405943e+27,25.14815703854992,100000.0
54.5480902532412,2.6664982546087794e+27,24.693168965791283,100000.0
55.0480902532412,2.618543767341438e+27,24.249085323616132,100000.0
55.5480902532412,2.571732422627662e+27,23.81558777958614,100000.0
56.0480902532412,2.5260309950102533e+27,23.392368648583886,100000.0
56.5480902532412,2.481407367333594e+27,22.97913050894446,100000.0
57.0480902532412,2.437830490740111e+27,22.57558583200178,100000.0
57.5480902532412,2.3952703461128205e+27,22.181456625026403,100000.0
58.0480902532412,2.3536979068900545e+27,21.796474086870397,100000.0
58.5480902532412,2.313085103251799e+27,21.420378276314132,100000.0
59.0480902532412,2.273404787618217e+27,21.052917792564546,100000.0
59.5480902532412,2.2346307013827286e+27,20.693849467186045,100000.0
60.0480902532412,2.1967374429141194e+27,20.342938067783287,100000.0
60.5480902532412,2.1597004367375795e+27,19.999956012601505,100000.0
61.0480902532412,2.1234959038336624e+27,19.664683095479294,100000.0
61.5480902532412,2.0881008330664418e+27,19.336906221258406,100000.0
62.0480902532412,2.0534929537118527e+27,19.01641915138182,100000.0
62.5480902532412,2.0196507090029246e+27,18.703022258908767,100000.0
63.0480902532412,1.9865532306403154e+27,18.39652229246891,100000.0
63.5480902532412,1.954180314276431e+27,18.09673214923249,100000.0
64.0480902532412,1.9225123959470135e+27,17.803470656654497,100000.0
64.5480902532412,1.8915305293945417e+27,17.516562362477487,100000.0
65.0480902532412,1.8612163642493914e+27,17.23583733267771,100000.0
65.5480902532412,1.8315521249524712e+27,16.961130956277707,100000.0
66.0480902532412,1.8025205906172566e+27,16.69228375885818,100000.0
66.5480902532412,1.7741050755556976e+27,16.42914122221774,100000.0
67.0480902532412,1.7462894105541167e+27,16.1715536109779,100000.0
67.5480902532412,1.7190579248857744e+27,15.919375806010025,100000.0
68.0480902532412,1.692395428966885e+27,15.672467143820988,100000.0
68.5480902532412,1.6662871976906675e+27,15.430691262217728,100000.0
69.0480902532412,1.6407189543771476e+27,15.193915951674034,100000.0
69.5480902532412,1.6156768553326728e+27,14.962013012343581,100000.0
70.0480902532412,1.5911474749947264e+27,14.734858116493129,100000.0
70.5480902532412,1.5671177916121404e+27,14.512330675893802,100000.0
71.0480902532412,1.5435751734680392e+27,14.294313714238342,100000.0
71.5480902532412,1.5205073656402614e+27,14.080693744535683,100000.0
72.0480902532412,1.4979024772276382e+27,13.871360650819613,100000.0
72.5480902532412,1.4757489690694525e+27,13.666207574424527,100000.0
73.0480902532412,1.4540356418825194e+27,13.465130804128604,100000.0
73.5480902532412,1.4327516249244775e+27,13.268029671169938,100000.0
74.0480902532412,1.4118863649406855e+27,13.074806446889024,100000.0
74.5480902532412,1.391429615695601e+27,12.885366245783844,100000.0
75.0480902532412,1.371371427664464e+27,12.699616930049473,100000.0
75.5480902532412,1.351702138350901e+27,12.517469019914012,100000.0
76.0480902532412,1.332412362757022e+27,12.338835605386715,100000.0
76.5480902532412,1.3134929843024478e+27,12.163632262163413,100000.0
77.0480902532412,1.2949351460512556e+27,11.991776970383466,100000.0
77.5480902532412,1.2767302422470053e+27,11.82319003623965,100000.0
78.0480902532412,1.258869910164004e+27,11.65779401651662,100000.0
78.5480902532412,1.241346022277059e+27,11.495513646078726,100000.0
79.0480902532412,1.2241506786433843e+27,11.336275767322466,100000.0
79.5480902532412,1.2072761996270574e+27,11.180009262801164,100000.0
80.0480902532412,1.1907151188484395e+27,11.026644989932915,100000.0
80.5480902532412,1.1744601763948741e+27,10.876115718128089,100000.0
81.0480902532412,1.1585043122789224e+27,10.72835606820917,100000.0
81.5480902532412,1.1428406600834542e+27,10.583302453560984,100000.0
82.0480902532412,1.1274625409075661e+27,10.440893024066721,100000.0
82.5480902532412,1.1123634574903305e+27,10.30106761169079,100000.0
83.0480902532412,1.0975370884862145e+27,10.163767677466186,100000.0
83.5480902532412,1.0829772830262957e+27,10.028936261128516,100000.0
84.0480902532412,1.068678055421965e+27,9.896517932069512,100000.0
84.5480902532412,1.054633580057935e+27,9.766458742043616,100000.0
85.0480902532412,1.040838186487474e+27,9.638706179747278,100000.0
85.5480902532412,1.0272863546186505e+27,9.513209126241067,100000.0
86.0480902532412,1.0139727102073623e+27,9.389917813212762,100000.0
86.5480902532412,1.0008920203468367e+27,9.268783781207755,100000.0
87.0480902532412,9.880391892161799e+26,9.14975984025841,100000.0
87.5480902532412,9.754092539381318e+26,9.032800031524687,100000.0
88.0480902532412,9.629973805781901e+26,8.917859590243951,100000.0
88.5480902532412,9.507988602626461e+26,8.80489490978195,100000.0
89.0480902532412,9.388091054965295e+26,8.69386350753505,100000.0
89.5480902532412,9.270236465055494e+26,8.58472399105471,100000.0
90.0480902532412,9.154381277635224e+26,8.47743602588963,100000.0
90.5480902532412,9.040483046230012e+26,8.371960304383624,100000.0
91.0480902532412,8.928500400575775e+26,8.26825851550763,100000.0
91.5480902532412,8.818393015124453e+26,8.166293315694293,100000.0
92.0480902532412,8.710121578474228e+26,8.06602830052873,100000.0
92.5480902532412,8.603647763919405e+26,7.9674279774761905,100000.0
93.0480902532412,8.498934200995463e+26,7.870457739531284,100000.0
93.5480902532412,8.395944447956737e+26,7.775083839730869,100000.0
94.0480902532412,8.294642964733373e+26,7.681273366110784,100000.0
94.5480902532412,8.194995087780585e+26,7.588994218414939,100000.0
95.0480902532412,8.096967004339499e+26,7.498215084259512,100000.0
95.5480902532412,8.000525728831131e+26,7.408905417272539,100000.0
96.0480902532412,7.905639079055074e+26,7.321035415052649,100000.0
96.5480902532412,7.812275653915392e+26,7.234575998542085,100000.0
97.0480902532412,7.72040481096931e+26,7.1494987912356,100000.0
97.5480902532412,7.629996645847368e+26,7.065776100122465,100000.0
98.0480902532412,7.54102197104643e+26,6.983380896047665,100000.0
98.5480902532412,7.453452296421231e+26,6.902286795646063,100000.0
99.0480902532412,7.367259809781194e+26,6.822468043374035,100000.0
99.5480902532412,7.28241735793794e+26,6.743899493958469,100000.0
100.0480902532412,7.198898429120648e+26,6.666556596112474,100000.0
100.5480902532412,7.116677134999986e+26,6.590415375888598,100000.0
101.0480902532412,7.035728193780362e+26,6.515452421021359,100000.0
101.5480902532412,6.956026913796167e+26,6.441644865736523,100000.0
102.0480902532412,6.877549177582714e+26,6.3689703759999485,100000.0
102.5480902532412,6.80027142625341e+26,6.297407135050035,100000.0
103.0480902532412,6.72417064439284e+26,6.226933829407929,100000.0
103.5480902532412,6.649224345936713e+26,6.157529635801611,100000.0
104.0480902532412,6.575410559618355e+26,6.089174207688591,100000.0
104.5480902532412,6.502707815399428e+26,6.0218476626900435,100000.0
105.0480902532412,6.431095131384696e+26,5.955530570473194,100000.0
105.5480902532412,6.360552000648173e+26,5.890203940551643,100000.0
106.0480902532412,6.291058379006157e+26,5.825849210962562,100000.0
106.5480902532412,6.222594672771841e+26,5.762448236926811,100000.0
107.0480902532412,6.155141726962589e+26,5.6999832799282695,100000.0
107.5480902532412,6.088680813914338e+26,5.6384369971701735,100000.0
108.0480902532412,6.023193622317435e+26,5.577792431421724,100000.0
108.5480902532412,5.9586622462929334e+26,5.518033000902171,100000.0
109.0480902532412,5.8950691752062544e+26,5.459142489847726,100000.0
109.5480902532412,5.8323972831168547e+26,5.401105038741409,100000.0
110.0480902532412,5.7706298194705704e+26,5.343905135693663,100000.0
110.5480902532412,5.709750399109857e+26,5.28752760719132,100000.0
111.0480902532412,5.649742993196486e+26,5.231957609691543,100000.0
111.5480902532412,5.590591920205072e+26,5.177180621281359,100000.0
112.0480902532412,5.532281837151352e+26,5.123182433554583,100000.0
112.5480902532412,5.474797731105395e+26,5.069949143752616,100000.0
113.0480902532412,5.418124910923098e+26,5.017467147107369,100000.0
113.5480902532412,5.36224899922337e+26,4.965723129411717,100000.0
114.0480902532412,5.3071559245916884e+26,4.914704059799588,100000.0
114.5480902532412,5.2528319138891866e+26,4.864397183623772,100000.0
115.0480902532412,5.199263485227917e+26,4.814790015950649,100000.0
115.5480902532412,5.146437440504147e+26,4.76587033464563,100000.0
116.0480902532412,5.094340858522281e+26,4.717626174005549,100000.0
116.5480902532412,5.042961088159571e+26,4.670045818428827,100000.0
117.0480902532412,4.992285742074749e+26,4.6231177965893355,100000.0
117.5480902532412,4.9423026900227526e+26,4.576830875245486,100000.0
118.0480902532412,4.8930000527411136e+26,4.531174053578702,100000.0
118.5480902532412,4.8443661959095234e+26,4.4861365575996635,100000.0
119.0480902532412,4.7963897242736814e+26,4.441707834706682,100000.0
119.5480902532412,4.749059475929708e+26,4.397877548392766,100000.0
120.0480902532412,4.7023645166129234e+26,4.354635572956735,100000.0
120.5480902532412,4.656294134694814e+26,4.311971988870148,100000.0
121.0480902532412,4.610837835380858e+26,4.269877077404182,100000.0
121.5480902532412,4.565985336038642e+26,4.228341316303228,100000.0
122.0480902532412,4.521726560890917e+26,4.187355374870386,100000.0
122.5480902532412,4.4780516363187715e+26,4.146910109617947,100000.0
123.0480902532412,4.43495088614278e+26,4.1069965598975,100000.0
123.5480902532412,4.3924148270297486e+26,4.067605943646335,100000.0
124.0480902532412,4.3504341639133534e+26,4.02872965314671,100000.0
124.5480902532412,4.308999785756398e+26,3.9903592511014896,100000.0
125.0480902532412,4.268102761168807e+26,3.952486466576165,100000.0
125.5480902532412,4.227734334418312e+26,3.915103191304553,100000.0
126.0480902532412,4.1878859213923835e+26,3.8782014759493237,100000.0
126.5480902532412,4.1485491056342736e+26,3.841773526431175,100000.0
127.0480902532412,4.1097156344602424e+26,3.8058117003331775,100000.0
127.5480902532412,4.071377415308688e+26,3.7703085035198813,100000.0
128.0480902532412,4.0335265121898333e+26,3.735256586849536,100000.0
128.5480902532412,3.996155142131962e+26,3.700648742883123,100000.0
129.0480902532412,3.959255671544844e+26,3.666477902516695,100000.0
129.5480902532412,3.92282061312974e+26,3.6327371321198796,100000.0
130.0480902532412,3.886842622485437e+26,3.59941963039289,100000.0
130.5480902532412,3.851314495030139e+26,3.5665187255160347,100000.0
131.0480902532412,3.816229162701543e+26,3.5340278720938154,100000.0
131.5480902532412,3.781579691117771e+26,3.501940648525804,100000.0
132.0480902532412,3.747359276608528e+26,3.4702507542573326,100000.0
132.5480902532412,3.713561243224772e+26,3.4389520070102995,100000.0
133.0480902532412,3.680179040039632e+26,3.408038340283674,100000.0
133.5480902532412,3.647206238508956e+26,3.377503800909227,100000.0
134.0480902532412,3.614636529505155e+26,3.347342546304711,100000.0
134.5480902532412,3.582463721067343e+26,3.317548842390381,100000.0
135.0480902532412,3.550681735667002e+26,3.2881170610568478,100000.0
135.5480902532412,3.5192846077902746e+26,3.2590416779261604,100000.0
136.0480902532412,3.4882664815398245e+26,3.2303172701310023,100000.0
136.5480902532412,3.4576216082208485e+26,3.201938514079209,100000.0
137.0480902532412,3.427344344182393e+26,3.1739001834547196,100000.0
137.5480902532412,3.397429148404751e+26,3.1461971469833747,100000.0
138.0480902532412,3.367870580532415e+26,3.1188243666113324,100000.0
138.5480902532412,3.338663298502418e+26,3.0917768953087847,100000.0
139.0480902532412,3.309802056702888e+26,3.0650498753646853,100000.0
139.5480902532412,3.281281703708189e+26,3.0386385362893695,100000.0
140.0480902532412,3.2530971805090264e+26,3.012538193175539,100000.0
140.5480902532412,3.2252435184982685e+26,2.9867442448330306,100000.0
141.0480902532412,3.197715837562776e+26,2.9612521720217457,100000.0
141.5480902532412,3.1705093442162933e+26,2.936057535722614,100000.0
142.0480902532412,3.1436193299377244e+26,2.911155975598748,100000.0
142.5480902532412,3.117041169262048e+26,2.8865432082275304,100000.0
143.0480902532412,3.090770318149252e+26,2.862215025590164,100000.0
143.5480902532412,3.064802312314096e+26,2.8381672935249416,100000.0
144.0480902532412,3.0391327655364643e+26,2.8143959501625457,100000.0
144.5480902532412,3.0137573681548922e+26,2.790897004530976,100000.0
145.0480902532412,2.9886718854112765e+26,2.767666535022665,100000.0
145.5480902532412,2.9638721559446768e+26,2.7447006879996563,100000.0
146.0480902532412,2.939354090469211e+26,2.7219956765692688,100000.0
146.5480902532412,2.9151136700150168e+26,2.699547778955135,100000.0
147.0480902532412,2.8911469448347725e+26,2.677353337484582,100000.0
147.5480902532412,2.8674500327257298e+26,2.6554087570347464,100000.0
148.0480902532412,2.8440191179437746e+26,2.6337105040269355,100000.0
148.5480902532412,2.8208504496198623e+26,2.6122551049601666,100000.0
149.0480902532412,2.7979403407295502e+26,2.591039145456898,100000.0
149.5480902532412,2.7752851665560917e+26,2.570059268839776,100000.0
150.0480902532412,2.7528813637393635e+26,2.549312175250888,100000.0
150.5480902532412,2.7307254287761948e+26,2.5287946202629934,100000.0
151.0480902532412,2.7088139171323072e+26,2.5085034140571296,100000.0
151.5480902532412,2.6871434418095455e+26,2.488435420095796,100000.0
152.0480902532412,2.665710672467276e+26,2.468587554309319,100000.0
152.5480902532412,2.6445123341221113e+26,2.448956783891734,100000.0
153.0480902532412,2.623545206191151e+26,2.4295401264147714,100000.0
153.5480902532412,2.602806121422668e+26,2.4103346488376203,100000.0
154.0480902532412,2.582291964742352e+26,2.391337466438486,100000.0
154.5480902532412,2.5619996724175664e+26,2.3725457420406513,100000.0
155.0480902532412,2.5419262310444865e+26,2.3539566850745106,100000.0
155.5480902532412,2.5220686764639332e+26,2.3355675505735785,100000.0
156.0480902532412,2.5024240928814718e+26,2.317375638359651,100000.0
156.5480902532412,2.4829896120273462e+26,2.2993782922648656,100000.0
157.0480902532412,2.46376241208641e+26,2.2815728991407567,100000.0
157.5480902532412,2.4447397170088877e+26,2.2639568882199885,100000.0
158.0480902532412,2.4259187954926748e+26,2.246527730173908,100000.0
158.5480902532412,2.4072969601887595e+26,2.229282936376727,100000.0
159.0480902532412,2.3888715668825877e+26,2.212220058147421,100000.0
159.5480902532412,2.370640013732219e+26,2.195336686044224,100000.0
160.0480902532412,2.352599740360536e+26,2.178630449023964,100000.0
160.5480902532412,2.3347482272005817e+26,2.1620990138358143,100000.0
161.0480902532412,2.317082994620701e+26,2.1457400842111256,100000.0
161.5480902532412,2.299601602287408e+26,2.129551400273411,100000.0
162.0480902532412,2.282301648410705e+26,2.113530737839469,100000.0
162.5480902532412,2.265180768987379e+26,2.097675907718639,100000.0
163.0480902532412,2.2482366371472175e+26,2.08198475510736,100000.0
163.5480902532412,2.2314669624514876e+26,2.066455158939529,100000.0
164.0480902532412,2.2148694902435822e+26,2.051085031285162,100000.0
164.5480902532412,2.1984420009925258e+26,2.035872316742449,100000.0
165.0480902532412,2.1821823096410497e+26,2.020814991834036,100000.0
165.5480902532412,2.1660882650021865e+26,2.0059110644482385,100000.0
166.0480902532412,2.150157749090994e+26,1.9911585732201875,100000.0
166.5480902532412,2.134388676564356e+26,1.9765555870130498,100000.0
167.0480902532412,2.118778994220787e+26,1.9621002044548248,100000.0
167.5480902532412,2.103326680220357e+26,1.947790553215955,100000.0
168.0480902532412,2.088029743681936e+26,1.9336247896363485,100000.0
168.5480902532412,2.0728862241379175e+26,1.919601098220429,100000.0
169.0480902532412,2.057894190826613e+26,1.9057176909818545,100000.0
169.5480902532412,2.0430517423554924e+26,1.8919728071316606,100000.0
170.0480902532412,2.028357006105724e+26,1.8783647125268317,100000.0
170.5480902532412,2.013808137671846e+26,1.8648916991514104,100000.0
171.0480902532412,1.9994033204604152e+26,1.851552084744823,100000.0
171.5480902532412,1.9851407650608345e+26,1.838344212219233,100000.0
172.0480902532412,1.9710187089781824e+26,1.825266449412129,100000.0
172.5480902532412,1.957035415920555e+26,1.8123171884263634,100000.0
173.0480902532412,1.9431891755788448e+26,1.799494845426219,100000.0
173.5480902532412,1.929478302967071e+26,1.7867978600265173,100000.0
174.0480902532412,1.91590113813737e+26,1.774224695028688,100000.0
174.5480902532412,1.9024560455875393e+26,1.7617738358721204,100000.0
175.0480902532412,1.889141414050513e+26,1.7494437904392095,100000.0
175.5480902532412,1.875955655844882e+26,1.7372330884539013,100000.0
176.0480902532412,1.862897206692262e+26,1.7251402813125687,100000.0
176.5480902532412,1.8499645251118712e+26,1.7131639415233562,100000.0
177.0480902532412,1.8371560921812117e+26,1.7013026624845602,100000.0
177.5480902532412,1.8244704110549757e+26,1.689555058039109,100000.0
178.0480902532412,1.8119060066630048e+26,1.6779197621948598,100000.0
178.5480902532412,1.7994614252966997e+26,1.6663954287415912,100000.0
179.0480902532412,1.7871352342023502e+26,1.654980730874404,100000.0
179.5480902532412,1.7749260213686973e+26,1.6436743609969962,100000.0
180.0480902532412,1.7628323950386757e+26,1.6324750302695068,100000.0
180.5480902532412,1.750852983400327e+26,1.6213814683222891,100000.0
181.0480902532412,1.738986434320926e+26,1.6103924230096944,100000.0
181.5480902532412,1.727231414918518e+26,1.5995066600132957,100000.0
182.0480902532412,1.7155866113351532e+26,1.58872296263189,100000.0
182.5480902532412,1.7040507283155244e+26,1.5780401313912937,100000.0
183.0480902532412,1.692622489019121e+26,1.5674569838703893,100000.0
183.5480902532412,1.6813006346269207e+26,1.5569723543369003,100000.0
184.0480902532412,1.6700839240198092e+26,1.54658509344959,100000.0
184.5480902532412,1.658971133626533e+26,1.5362940681174602,100000.0
185.0480902532412,1.647961056979925e+26,1.5260981610887907,100000.0
185.5480902532412,1.6370525045389764e+26,1.51599627078637,100000.0
186.0480902532412,1.6262443032936447e+26,1.5059873109415263,100000.0
186.5480902532412,1.615535296683695e+26,1.49607021051897,100000.0
187.0480902532412,1.6049243441672807e+26,1.4862439133172776,100000.0
187.5480902532412,1.5944103209673e+26,1.4765073777340032,100000.0
188.0480902532412,1.5839921179637843e+26,1.4668595766660262,100000.0
188.5480902532412,1.573668641258762e+26,1.4572994971065918,100000.0
189.0480902532412,1.563438812045687e+26,1.447826140024395,100000.0
189.5480902532412,1.5533015663199923e+26,1.438438520095536,100000.0
190.0480902532412,1.5432558546624483e+26,1.4291356655029028,100000.0
190.5480902532412,1.5333006419711867e+26,1.4199166176880085,100000.0
191.0480902532412,1.5234349072893749e+26,1.4107804311914083,100000.0
191.5480902532412,1.5136576435418434e+26,1.4017261734088047,100000.0
192.0480902532412,1.503967857304741e+26,1.3927529243777352,100000.0
192.5480902532412,1.4943645685965562e+26,1.3838597765840466,100000.0
193.0480902532412,1.4848468107019788e+26,1.375045834798783,100000.0
193.5480902532412,1.4754136299243664e+26,1.3663102158489548,100000.0
194.0480902532412,1.4660640853758363e+26,1.3576520484231553,100000.0
194.5480902532412,1.456797248780922e+26,1.349070472889735,100000.0
195.0480902532412,1.4476122043137005e+26,1.3405646411459715,100000.0
195.5480902532412,1.4385080483731837e+26,1.332133716410074,100000.0
196.0480902532412,1.4294838893752868e+26,1.3237768730285306,100000.0
196.5480902532412,1.4205388475769093e+26,1.3154932963132027,100000.0
197.0480902532412,1.411672054925073e+26,1.3072821824016148,100000.0
197.5480902532412,1.4028826548746115e+26,1.299142738088128,100000.0
198.0480902532412,1.3941698020976738e+26,1.2910741805549242,100000.0
198.5480902532412,1.385532662493873e+26,1.2830757373814043,100000.0
199.0480902532412,1.3769704128789734e+26,1.275146646255897,100000.0
199.5480902532412,1.3684822408267042e+26,1.267286154829168,100000.0
200.0480902532412,1.3600673446206539e+26,1.2594935206698752,100000.0
200.5480902532412,1.3517249329339908e+26,1.251768010967969,100000.0
201.0480902532412,1.3434542247612285e+26,1.2441089024715062,100000.0
201.5480902532412,1.3352544492641982e+26,1.236515481344012,100000.0
202.0480902532412,1.3271248455804497e+26,1.2289870429870489,100000.0
202.5480902532412,1.3190646626923297e+26,1.221522891918976,100000.0
203.0480902532412,1.3110731592539367e+26,1.214122341614701,100000.0
203.5480902532412,1.3031496034843052e+26,1.2067847144067623,100000.0
204.0480902532412,1.29529327302258e+26,1.199509341351214,100000.0
204.5480902532412,1.2875034547163376e+26,1.1922955620315991,100000.0
205.0480902532412,1.2797794445847082e+26,1.1851427245247999,100000.0
205.5480902532412,1.2721205476002423e+26,1.1780501851990333,100000.0
206.0480902532412,1.2645260776035835e+26,1.1710173086348352,100000.0
206.5480902532412,1.2569953571240754e+26,1.1640434674589326,100000.0
207.0480902532412,1.24952771732885e+26,1.157128042297095,100000.0
207.5480902532412,1.2421224977955632e+26,1.150270421563679,100000.0
208.0480902532412,1.2347790464548219e+26,1.1434700014083097,100000.0
208.5480902532412,1.2274967194661946e+26,1.1367261856010609,100000.0
209.0480902532412,1.2202748810891083e+26,1.1300383854129004,100000.0
209.5480902532412,1.213112903496541e+26,1.1234060194431568,100000.0
210.0480902532412,1.2060101667804988e+26,1.1168285136245943,100000.0
210.5480902532412,1.198966058752288e+26,1.1103053010384523,100000.0
211.0480902532412,1.1919799748280607e+26,1.1038358218084554,100000.0
211.5480902532412,1.185051317977573e+26,1.097419523053361,100000.0
212.0480902532412,1.1781794985476018e+26,1.0910558587234331,100000.0
212.5480902532412,1.171363934206308e+26,1.0847442895489212,100000.0
213.0480902532412,1.164604049799424e+26,1.0784842829068806,100000.0
213.5480902532412,1.1578992772756905e+26,1.0722753127521247,100000.0
214.0480902532412,1.1512490555399544e+26,1.0661168594811847,100000.0
214.5480902532412,1.1446528304391633e+26,1.0600084099193408,100000.0
215.0480902532412,1.1381100545442988e+26,1.0539494571186798,100000.0
215.5480902532412,1.1316201871646459e+26,1.0479395003713106,100000.0
216.0480902532412,1.1251826941691144e+26,1.0419780450438971,100000.0
216.5480902532412,1.1187970479640194e+26,1.0360646025570837,100000.0
217.0480902532412,1.1124627273417646e+26,1.0301986902453661,100000.0
217.5480902532412,1.1061792174154652e+26,1.0243798312965495,100000.0
218.0480902532412,1.0999460095103062e+26,1.0186075546511415,100000.0
218.5480902532412,1.0937626011019945e+26,1.0128813949453541,100000.0
219.0480902532412,1.0876284957294821e+26,1.0072008924302815,100000.0
219.5480902532412,1.0815432029055714e+26,1.0015655928891163,100000.0
220.0480902532412,1.0755062379688246e+26,0.9959750475000095,100000.0
220.5480902532412,1.0695171221286057e+26,0.9904288128777813,100000.0
221.0480902532412,1.0635753822783334e+26,0.9849264509009843,100000.0
221.5480902532412,1.0576805509572795e+26,0.9794675286765263,100000.0
222.0480902532412,1.0518321662531775e+26,0.974051618449481,100000.0
222.5480902532412,1.0460297717507546e+26,0.9686782975554259,100000.0
223.0480902532412,1.0402729164372529e+26,0.9633471483329501,100000.0
223.5480902532412,1.0345611546376337e+26,0.9580577580636492,100000.0
224.0480902532412,1.0288940459227736e+26,0.9528097188871122,100000.0
224.5480902532412,1.0232711550581766e+26,0.9476026277534234,100000.0
225.0480902532412,1.0176920519296428e+26,0.9424360863543303,100000.0
225.5480902532412,1.0121563114229302e+26,0.9373097010118023,100000.0
226.0480902532412,1.0066635134692616e+26,0.9322230827201736,100000.0
226.5480902532412,1.0012132428563534e+26,0.9271758469711452,100000.0
227.0480902532412,9.958050892173311e+25,0.9221676137435211,100000.0
227.5480902532412,9.904386469667459e+25,0.9171980074439549,100000.0
228.0480902532412,9.851135152351881e+25,0.9122666568463995,100000.0
228.5480902532412,9.798292977728827e+25,0.9073731950028313,100000.0
229.0480902532412,9.745856029444564e+25,0.902517259238404,100000.0
229.5480902532412,9.693820435841038e+25,0.8976984910173251,100000.0
230.0480902532412,9.642182370383116e+25,0.8929165359824206,100000.0
230.5480902532412,9.590938050270526e+25,0.8881710438265935,100000.0
231.0480902532412,9.54008373588039e+25,0.8834616682411991,100000.0
231.5480902532412,9.489615730853295e+25,0.8787880669240167,100000.0
232.0480902532412,9.439530380699318e+25,0.8741499014501584,100000.0
232.5480902532412,9.389824072812918e+25,0.8695468372734498,100000.0
233.0480902532412,9.340493235488774e+25,0.8649785436352913,100000.0
233.5480902532412,9.291534337653856e+25,0.8604446935398449,100000.0
234.0480902532412,9.242943888324951e+25,0.8559449637038005,100000.0
234.5480902532412,9.194718436074589e+25,0.851479034506916,100000.0
235.0480902532412,9.146854568328762e+25,0.8470465899269836,100000.0
235.5480902532412,9.099348910921541e+25,0.8426473174985843,100000.0
236.0480902532412,9.052198127675468e+25,0.8382809082742306,100000.0
236.5480902532412,9.005398919975814e+25,0.83394705678494,100000.0
237.0480902532412,8.95894802604788e+25,0.8296454609733095,100000.0
237.5480902532412,8.912842220646e+25,0.8253758221647157,100000.0
238.0480902532412,8.867078314291608e+25,0.821137844996756,100000.0
238.5480902532412,8.821653153442055e+25,0.8169312374348814,100000.0
239.0480902532412,8.776563619215124e+25,0.8127557106542805,100000.0
239.5480902532412,8.731806627649145e+25,0.8086109790639674,100000.0
240.0480902532412,8.687379128711342e+25,0.8044967602149485,100000.0
240.5480902532412,8.643278106134278e+25,0.8004127747850786,100000.0
241.0480902532412,8.599500576977295e+25,0.7963587465384453,100000.0
241.5480902532412,8.55604359119439e+25,0.792334402285354,100000.0
242.0480902532412,8.512904230867278e+25,0.788339471811305,100000.0
242.5480902532412,8.470079610582228e+25,0.78437368791189,100000.0
243.0480902532412,8.427566875885781e+25,0.7804367862497839,100000.0
243.5480902532412,8.385363204087713e+25,0.7765285054291036,100000.0
244.0480902532412,8.343465803020594e+25,0.7726485868805363,100000.0
244.5480902532412,8.301871910953491e+25,0.7687967748533481,100000.0
245.0480902532412,8.260578796067068e+25,0.7649728163667752,100000.0
245.5480902532412,8.219583756265236e+25,0.7611764611925825,100000.0
246.0480902532412,8.178884118823513e+25,0.7574074618224991,100000.0
246.5480902532412,8.138477239611774e+25,0.753665573396241,100000.0
247.0480902532412,8.098360503183722e+25,0.7499505537097971,100000.0
247.5480902532412,8.058531322293926e+25,0.7462621631707038,100000.0
248.0480902532412,8.018987137410212e+25,0.74260016475289,100000.0
248.5480902532412,7.97972541649107e+25,0.7389643239760644,100000.0
249.0480902532412,7.940743654465702e+25,0.735354408857564,100000.0
249.5480902532412,7.902039373207413e+25,0.7317701899098916,100000.0
250.0480902532412,7.863610120993566e+25,0.728211440090703,100000.0
250.5480902532412,7.825453472149109e+25,0.7246779347697976,100000.0
251.0480902532412,7.787567026640843e+25,0.7211694516915437,100000.0
251.5480902532412,7.749948410174154e+25,0.7176857709838376,100000.0
252.0480902532412,7.712595273430817e+25,0.7142266750875199,100000.0
252.5480902532412,7.6755052919552776e+25,0.7107919487458448,100000.0
253.0480902532412,7.638676165598334e+25,0.7073813789529615,100000.0
253.5480902532412,7.6021056188524e+25,0.7039947549849619,100000.0
254.0480902532412,7.565791399784893e+25,0.7006318683011067,100000.0
254.5480902532412,7.529731280291587e+25,0.6972925125672869,100000.0
255.0480902532412,7.49392305528472e+25,0.6939764835808386,100000.0
255.5480902532412,7.458364543121676e+25,0.6906835793102412,100000.0
256.0480902532412,7.42305358471835e+25,0.6874135998130098,100000.0
256.5480902532412,7.387988043509777e+25,0.6841663472320505,100000.0
257.0480902532412,7.353165805076341e+25,0.6809416257610438,100000.0
257.5480902532412,7.318584776971769e+25,0.6777392416285168,100000.0
258.0480902532412,7.284242888659431e+25,0.6745590030919449,100000.0
258.5480902532412,7.250138090468823e+25,0.6714007203411149,100000.0
259.0480902532412,7.216268354506034e+25,0.6682642055824409,100000.0
259.5480902532412,7.182631673415688e+25,0.6651492729243124,100000.0
260.0480902532412,7.149226060518092e+25,0.6620557383897955,100000.0
260.5480902532412,7.116049549559466e+25,0.6589834198935023,100000.0
261.0480902532412,7.083100194465626e+25,0.6559321372187817,100000.0
261.5480902532412,7.0503760690989e+25,0.6529017119952075,100000.0
262.0480902532412,7.0178752669976215e+25,0.6498919676744547,100000.0
262.5480902532412,6.985595900851926e+25,0.6469027294817552,100000.0
263.0480902532412,6.9535361030763555e+25,0.6439338244689244,100000.0
263.5480902532412,6.92169402460384e+25,0.6409850814026772,100000.0
264.0480902532412,6.8900678352910845e+25,0.638056330802169,100000.0
264.5480902532412,6.858655723582433e+25,0.6351474049078677,100000.0
265.0480902532412,6.827455896148127e+25,0.632258137648055,100000.0
265.5480902532412,6.79646657777336e+25,0.6293883646285521,100000.0
266.0480902532412,6.765686011079608e+25,0.6265379231069125,100000.0
266.5480902532412,6.7351124563110755e+25,0.6237066519726473,100000.0
267.0480902532412,6.704744191443126e+25,0.6208943917572654,100000.0
267.5480902532412,6.674579511256884e+25,0.6181009845485769,100000.0
268.0480902532412,6.6446167280541485e+25,0.6153262740568984,100000.0
268.5480902532412,6.614854170655641e+25,0.6125701055222851,100000.0
269.0480902532412,6.585290184582439e+25,0.6098323257313323,100000.0
269.5480902532412,6.555923131967026e+25,0.6071127830089387,100000.0
270.0480902532412,6.526751391112096e+25,0.6044113271774487,100000.0
270.5480902532412,6.497773356354985e+25,0.6017278095440989,100000.0
271.0480902532412,6.4689874379418726e+25,0.5990620828893678,100000.0
271.5480902532412,6.440392061979292e+25,0.5964140014624856,100000.0
272.0480902532412,6.4119856698751474e+25,0.5937834209296696,100000.0
272.5480902532412,6.383766718540868e+25,0.5911701983928446,100000.0
273.0480902532412,6.355733679905199e+25,0.5885741923446176,100000.0
273.5480902532412,6.327885041100676e+25,0.5859952626855457,100000.0
274.0480902532412,6.300219303924552e+25,0.5834332706742162,100000.0
274.5480902532412,6.272734984846088e+25,0.5808880789279204,100000.0
275.0480902532412,6.245430614837955e+25,0.5783595514070419,100000.0
275.5480902532412,6.2183047392098925e+25,0.5758475533996512,100000.0
276.0480902532412,6.19135591744453e+25,0.5733519515063031,100000.0
276.5480902532412,6.164582722976986e+25,0.5708726136196258,100000.0
277.0480902532412,6.137983742970704e+25,0.568409408903562,100000.0
277.5480902532412,6.111557578574006e+25,0.5659622078171275,100000.0
278.0480902532412,6.085302844089177e+25,0.5635308820374637,100000.0
278.5480902532412,6.059218167442647e+25,0.5611153045033794,100000.0
279.0480902532412,6.033302189724475e+25,0.5587153493727041,100000.0
279.5480902532412,6.007553565040511e+25,0.5563308920085979,100000.0
280.0480902532412,5.981970960435407e+25,0.5539618089724211,100000.0
280.5480902532412,5.956553055746667e+25,0.5516079780102195,100000.0
281.0480902532412,5.931298543460595e+25,0.5492692780393841,100000.0
281.5480902532412,5.906206128570145e+25,0.5469455891354867,100000.0
282.0480902532412,5.881274528239747e+25,0.5446367925012418,100000.0
282.5480902532412,5.85650247215243e+25,0.5423427704986511,100000.0
283.0480902532412,5.831888701808893e+25,0.5400634065840952,100000.0
283.5480902532412,5.807431970875835e+25,0.5377985853405896,100000.0
284.0480902532412,5.783131044515531e+25,0.5355481924156998,100000.0
284.5480902532412,5.75898469989659e+25,0.5333121145688414,100000.0
285.0480902532412,5.734991725592383e+25,0.5310902396155701,100000.0
285.5480902532412,5.711150921597094e+25,0.5288824564290691,100000.0
286.0480902532412,5.687461099214949e+25,0.52668865492989,100000.0
286.5480902532412,5.6639210809351286e+25,0.5245087260743705,100000.0
287.0480902532412,5.640529700241991e+25,0.5223425618370586,100000.0
287.5480902532412,5.617285801547497e+25,0.520190055204456,100000.0
288.0480902532412,5.594188240257466e+25,0.5180511001811529,100000.0
288.5480902532412,5.57123588212091e+25,0.5159255917295732,100000.0
289.0480902532412,5.548427603860751e+25,0.5138134258283826,100000.0
289.5480902532412,5.525762292259735e+25,0.511714499387839,100000.0
290.0480902532412,5.503238844735198e+25,0.5096287103030187,100000.0
290.5480902532412,5.48085616884055e+25,0.5075559574076519,100000.0
291.0480902532412,5.4586131822220215e+25,0.5054961404701166,100000.0
291.5480902532412,5.436508812547099e+25,0.5034491601868114,100000.0
292.0480902532412,5.414541997395641e+25,0.5014149181720727,100000.0
292.5480902532412,5.392711684152394e+25,0.49939331694822064,100000.0
293.0480902532412,5.371016829894588e+25,0.4973842599351501,100000.0
293.5480902532412,5.349456401109765e+25,0.4953876514242,100000.0
294.0480902532412,5.328029374118463e+25,0.49340339661729626,100000.0
294.5480902532412,5.306734734286475e+25,0.49143140155400267,100000.0
295.0480902532412,5.2855714765070195e+25,0.48947157315617246,100000.0
295.5480902532412,5.2645386045622135e+25,0.4875238191688175,100000.0
296.0480902532412,5.243635131635022e+25,0.48558804820751705,100000.0
296.5480902532412,5.222860079712174e+25,0.4836641697031254,100000.0
297.0480902532412,5.202212479678739e+25,0.4817520939105294,100000.0
297.5480902532412,5.1816913712230945e+25,0.4798517318998485,100000.0
298.0480902532412,5.161295802743162e+25,0.4779629955477513,100000.0
298.5480902532412,5.141024831253695e+25,0.47608579752887026,100000.0
299.0480902532412,5.120877522294732e+25,0.47422005130732364,100000.0
299.5480902532412,5.1008529498411976e+25,0.47236567112834466,100000.0
300.0480902532412,5.080950196023348e+25,0.47052257199239267,100000.0
300.5480902532412,5.061168351555461e+25,0.46869066969485224,100000.0
301.0480902532412,5.041506515006766e+25,0.4668698807585176,100000.0
301.5480902532412,5.021963793278634e+25,0.4650601224777833,100000.0
302.0480902532412,5.002539300936287e+25,0.463261312856756,100000.0
302.5480902532412,4.983232160807351e+25,0.4614733706646843,100000.0
303.0480902532412,4.9640415033592164e+25,0.45969621537829947,100000.0
303.5480902532412,4.944966466811672e+25,0.4579297671922449,100000.0
304.0480902532412,4.9260061970558255e+25,0.4561739470115682,100000.0
304.5480902532412,4.907159847573968e+25,0.45442867644430085,100000.0
305.0480902532412,4.8884265793604355e+25,0.4526938777941284,100000.0
305.5480902532412,4.869805560843382e+25,0.45096947405314713,100000.0
306.0480902532412,4.8512959678075025e+25,0.44925538889470756,100000.0
306.5480902532412,4.832896983171256e+25,0.4475515466527838,100000.0
307.0480902532412,4.8146077972834245e+25,0.4458578723494371,100000.0
307.5480902532412,4.796427607462676e+25,0.4441742916521762,100000.0
308.0480902532412,4.77835561811292e+25,0.44250073088464076,100000.0
308.5480902532412,4.7603910405863745e+25,0.44083711701391975,100000.0
309.0480902532412,4.742533093248316e+25,0.43918337765654836,100000.0
309.5480902532412,4.724781001176418e+25,0.43753944105066456,100000.0
310.0480902532412,4.707133996201556e+25,0.43590523605978837,100000.0
310.5480902532412,4.689591316978965e+25,0.4342806921794112,100000.0
311.0480902532412,4.672152208712354e+25,0.43266573951144727,100000.0
311.5480902532412,4.654815923172308e+25,0.4310603087659381,100000.0
312.0480902532412,4.6375817186292105e+25,0.42946433125484024,100000.0
312.5480902532412,4.6204488597035675e+25,0.4278777388781652,100000.0
313.0480902532412,4.603416617504366e+25,0.42630046413679146,100000.0
313.5480902532412,4.586484269422595e+25,0.4247324401133438,100000.0
314.0480902532412,4.5696510989745166e+25,0.4231736004576796,100000.0
314.5480902532412,4.552916395926815e+25,0.4216238793984777,100000.0
315.0480902532412,4.536279456167267e+25,0.4200832117312623,100000.0
315.5480902532412,4.519739581594796e+25,0.41855153280822116,100000.0
316.0480902532412,4.503296080052476e+25,0.41702877853200154,100000.0
316.5480902532412,4.486948265442589e+25,0.4155148853663651,100000.0
317.0480902532412,4.4706954574281995e+25,0.414009790308552,100000.0
317.5480902532412,4.454536981481545e+25,0.4125134308937623,100000.0
318.0480902532412,4.438472168821589e+25,0.4110257451893729,100000.0
318.5480902532412,4.422500356427495e+25,0.4095466717961855,100000.0
319.0480902532412,4.406620886857484e+25,0.4080761498316513,100000.0
319.5480902532412,4.390833108230365e+25,0.40661411892816146,100000.0
320.0480902532412,4.375136374254162e+25,0.4051605192356977,100000.0
320.5480902532412,4.359530044088917e+25,0.4037152914091268,100000.0
321.0480902532412,4.3440134823143856e+25,0.4022783766052097,100000.0
321.5480902532412,4.328586058703784e+25,0.4008497164616489,100000.0
322.0480902532412,4.313247148658235e+25,0.39942925313732025,100000.0
322.5480902532412,4.297996132532212e+25,0.398016929249806,100000.0
323.0480902532412,4.282832396133655e+25,0.39661268792170795,100000.0
323.5480902532412,4.267755330136464e+25,0.3952164727262413,100000.0
324.0480902532412,4.252764330619756e+25,0.39382822773717235,100000.0
324.5480902532412,4.237858798552172e+25,0.39244789748106323,100000.0
325.0480902532412,4.223038139897223e+25,0.39107542694702696,100000.0
325.5480902532412,4.20830176557516e+25,0.38971076158319656,100000.0
326.0480902532412,4.193649091485811e+25,0.3883538472988404,100000.0
326.5480902532412,4.179079538336342e+25,0.3870046304484108,100000.0
327.0480902532412,4.164592531648578e+25,0.3856630578322233,100000.0
327.5480902532412,4.150187501670722e+25,0.38432907668828037,100000.0
328.0480902532412,4.135863883409654e+25,0.3830026346952631,100000.0
328.5480902532412,4.121621116572555e+25,0.3816836799671248,100000.0
329.0480902532412,4.1074586454759915e+25,0.3803721610446724,100000.0
329.5480902532412,4.09337591890037e+25,0.37906802688208735,100000.0
330.0480902532412,4.079372390347344e+25,0.37777122687076364,100000.0
330.5480902532412,4.065447517692522e+25,0.37648171080714593,100000.0
331.0480902532412,4.051600763304175e+25,0.37519942890372343,100000.0
331.5480902532412,4.037831593910792e+25,0.37392433177676393,100000.0
332.0480902532412,4.024139480716558e+25,0.3726563704570084,100000.0
332.5480902532412,4.0105238990997015e+25,0.37139549636173586,100000.0
333.0480902532412,3.996984328797676e+25,0.37014166131191256,100000.0
333.5480902532412,3.983520253822268e+25,0.3688948175243301,100000.0
334.0480902532412,3.970131162337086e+25,0.3676549176002608,100000.0
334.5480902532412,3.956816546669746e+25,0.3664219145265856,100000.0
335.0480902532412,3.9435759032721045e+25,0.36519576167211204,100000.0
335.5480902532412,3.930408732680962e+25,0.36397641278393444,100000.0
336.0480902532412,3.917314539479159e+25,0.3627638219838317,100000.0
336.5480902532412,3.9042928322571076e+25,0.36155794376470524,100000.0
337.0480902532412,3.89134312351505e+25,0.36035873298152643,100000.0
337.5480902532412,3.8784649297431205e+25,0.35916614485875226,100000.0
338.0480902532412,3.8656577713688004e+25,0.3579801349854582,100000.0
338.5480902532412,3.8529211725347684e+25,0.3568006592947666,100000.0
339.0480902532412,3.8402546613281453e+25,0.3556276740850759,100000.0
339.5480902532412,3.8276577695534846e+25,0.35446113599903795,100000.0
340.0480902532412,3.8151300328064693e+25,0.3533010020303833,100000.0
340.5480902532412,3.8026709903011466e+25,0.3521472295079218,100000.0
341.0480902532412,3.7902801850820087e+25,0.3509997761151827,100000.0
341.5480902532412,3.7779571637255932e+25,0.3498585998627809,100000.0
342.0480902532412,3.7657014763674512e+25,0.3487236590909149,100000.0
342.5480902532412,3.753512676865952e+25,0.34759491248453533,100000.0
343.0480902532412,3.7413903225389976e+25,0.3464723190489638,100000.0
343.5480902532412,3.7293339742165522e+25,0.34535583811475723,100000.0
344.0480902532412,3.7173431962079613e+25,0.34424542933468144,100000.0
344.5480902532412,3.7054175562695826e+25,0.3431410526807137,100000.0
345.0480902532412,3.6935566255727752e+25,0.3420426684410781,100000.0
345.5480902532412,3.6817599786722565e+25,0.3409502372173156,100000.0
346.0480902532412,3.670027193400369e+25,0.33986371991449227,100000.0
346.5480902532412,3.6583578510301117e+25,0.338783077756297,100000.0
347.0480902532412,3.64675153609087e+25,0.33770827226797717,100000.0
347.5480902532412,3.6352078362791448e+25,0.3366392652680715,100000.0
348.0480902532412,3.62372634260948e+25,0.335576018882387,100000.0
348.5480902532412,3.612306649288714e+25,0.3345184955323536,100000.0
349.0480902532412,3.600948353625007e+25,0.3334666579266002,100000.0
349.5480902532412,3.589651056144145e+25,0.33242046907172446,100000.0
350.0480902532412,3.578414360477432e+25,0.3313798922619112,100000.0
350.5480902532412,3.5672378732108106e+25,0.3303448910649606,100000.0
351.0480902532412,3.556121204180651e+25,0.32931542934967895,100000.0
351.5480902532412,3.545063966141324e+25,0.328291471255095,100000.0
352.0480902532412,3.5340657748491728e+25,0.32727298119823567,100000.0
352.5480902532412,3.5231262490266384e+25,0.3262599238708041,100000.0
353.0480902532412,3.5122450103528626e+25,0.3252522642383095,100000.0
353.5480902532412,3.5014216834522606e+25,0.3242499675390088,100000.0
354.0480902532412,3.4906558958184053e+25,0.32325299927685774,100000.0
354.5480902532412,3.479947277786481e+25,0.3222613252189603,100000.0
355.0480902532412,3.4692954625636964e+25,0.321274911398385,100000.0
355.5480902532412,3.45870008617816e+25,0.32029372410943024,100000.0
356.0480902532412,3.4481607874420215e+25,0.3193177299042115,100000.0
356.5480902532412,3.4376772079335583e+25,0.3183468955910018,100000.0
357.0480902532412,3.4272489918693004e+25,0.3173811882223905,100000.0
357.5480902532412,3.4168757863624785e+25,0.3164205751192163,100000.0
358.0480902532412,3.4065572411058783e+25,0.3154650238411984,100000.0
358.5480902532412,3.396293008430279e+25,0.3145145021923479,100000.0
359.0480902532412,3.38608274342154e+25,0.31356897823181074,100000.0
359.5480902532412,3.375926103659913e+25,0.3126284202497268,100000.0
360.0480902532412,3.3658227494043665e+25,0.31169279678429884,100000.0
360.5480902532412,3.355772343497466e+25,0.31076207661298455,100000.0
361.0480902532412,3.34577455120873e+25,0.30983622873798994,100000.0
361.5480902532412,3.335829040478768e+25,0.30891522240887803,100000.0
362.0480902532412,3.3259354817022766e+25,0.30799902710247334,100000.0
362.5480902532412,3.316093547741591e+25,0.3070876125241165,100000.0
363.0480902532412,3.306302913921908e+25,0.3061809486072219,100000.0
363.5480902532412,3.2965632580095254e+25,0.3052790055112628,100000.0
364.0480902532412,3.2868742601902927e+25,0.3043817536197756,100000.0
364.5480902532412,3.2772356030482937e+25,0.30348916353838573,100000.0
365.0480902532412,3.2676469715447205e+25,0.30260120609285135,100000.0
365.5480902532412,3.2581080529969747e+25,0.3017178523271277,100000.0
366.0480902532412,3.2486185370579924e+25,0.30083907350145306,100000.0
366.5480902532412,3.2391781156957506e+25,0.2999648410904504,100000.0
367.0480902532412,3.229786483154733e+25,0.2990951267795592,100000.0
367.5480902532412,3.2204433359116184e+25,0.29822990246093184,100000.0
368.0480902532412,3.2111483728248562e+25,0.29736914024728517,100000.0
368.5480902532412,3.201901294877216e+25,0.29651281244805905,100000.0
369.0480902532412,3.192701805265334e+25,0.2956608915777093,100000.0
369.5480902532412,3.1835496094796457e+25,0.2948133503631093,100000.0
370.0480902532412,3.1744444150326205e+25,0.2939701617183833,100000.0
370.5480902532412,3.1653859317562786e+25,0.2931312987724583,100000.0
371.0480902532412,3.1563738715097393e+25,0.2922967348419811,100000.0
371.5480902532412,3.1474079482868736e+25,0.29146644344128775,100000.0
372.0480902532412,3.138487878255051e+25,0.29064039828599175,100000.0
372.5480902532412,3.1296133795976566e+25,0.28981857327840005,100000.0
373.0480902532412,3.120784172519761e+25,0.28900094250803815,100000.0
373.5480902532412,3.1119999793935793e+25,0.2881874802651207,100000.0
374.0480902532412,3.1032605245557544e+25,0.28737816102177854,100000.0
374.5480902532412,3.09456553435748e+25,0.2865729594367005,100000.0
375.0480902532412,3.0859147371472237e+25,0.2857718503535333,100000.0
375.5480902532412,3.077307863253584e+25,0.28497480879929427,100000.0
376.0480902532412,3.0687446449683854e+25,0.28418180998280573,100000.0
376.5480902532412,3.060224816529865e+25,0.28339282929313786,100000.0
377.0480902532412,3.0517481141060625e+25,0.2826078422980708,100000.0
377.5480902532412,3.043314275778363e+25,0.2818268247425704,100000.0
378.0480902532412,3.034923041492802e+25,0.28104975254427905,100000.0
378.5480902532412,3.0265741530995767e+25,0.28027660179717423,100000.0
379.0480902532412,3.0182673543535515e+25,0.27950734877161576,100000.0
379.5480902532412,3.0100023908209473e+25,0.27874196990570443,100000.0
380.0480902532412,3.001779009815943e+25,0.27798044179941117,100000.0
380.5480902532412,2.993596960653243e+25,0.27722274123796603,100000.0
381.0480902532412,2.9854559942757285e+25,0.2764688451573767,100000.0
381.5480902532412,2.977355863528388e+25,0.2757187306697959,100000.0
382.0480902532412,2.9692963229438494e+25,0.27497237504366084,100000.0
382.5480902532412,2.961277128905498e+25,0.27422975571879826,100000.0
383.0480902532412,2.953298039394123e+25,0.27349085028296305,100000.0
383.5480902532412,2.9453588142930023e+25,0.2727556365000904,100000.0
384.0480902532412,2.937459215087893e+25,0.2720240922825135,100000.0
384.5480902532412,2.929599004932092e+25,0.2712961956969885,100000.0
385.0480902532412,2.9217779487757114e+25,0.2705719249766658,100000.0
385.5480902532412,2.913995813172913e+25,0.26985125850323965,100000.0
386.0480902532412,2.9062523663352965e+25,0.2691341748118913,100000.0
386.5480902532412,2.8985473781180916e+25,0.26842065259001086,100000.0
387.0480902532412,2.8908806200064807e+25,0.2677106706759307,100000.0
387.5480902532412,2.8832518651020157e+25,0.26700420805766734,100000.0
388.0480902532412,2.8756608881092146e+25,0.26630124387168036,100000.0
388.5480902532412,2.8681074653222413e+25,0.26560175740163894,100000.0
389.0480902532412,2.8605913746117464e+25,0.2649057280772031,100000.0
389.5480902532412,2.8531123954118263e+25,0.2642131354728162,100000.0
390.0480902532412,2.845670308707076e+25,0.2635239593065058,100000.0
390.5480902532412,2.8382648970198093e+25,0.26283817943870025,100000.0
391.0480902532412,2.8308959443973774e+25,0.26215577587105454,100000.0
391.5480902532412,2.823563236332731e+25,0.26147672873909344,100000.0
392.0480902532412,2.816266559936205e+25,0.2608010183281202,100000.0
392.5480902532412,2.809005703762761e+25,0.2601286250572179,100000.0
393.0480902532412,2.801780457746162e+25,0.259459529473154,100000.0
393.5480902532412,2.7945906134412014e+25,0.25879371227281167,100000.0
394.0480902532412,2.7874359637313478e+25,0.25813115427611655,100000.0
394.5480902532412,2.780316303000149e+25,0.2574718364419093,100000.0
395.0480902532412,2.773231427023801e+25,0.2568157398579972,100000.0
395.5480902532412,2.7661811330428593e+25,0.25616284574779485,100000.0
396.0480902532412,2.7591652196054196e+25,0.2555131354558019,100000.0
396.5480902532412,2.75218348678698e+25,0.25486659046796345,100000.0
397.0480902532412,2.7452357359369545e+25,0.2542231923881958,100000.0
397.5480902532412,2.7383217697884426e+25,0.25358292294855195,100000.0
398.0480902532412,2.7314413924971003e+25,0.25294576401282093,100000.0
398.5480902532412,2.724594409518518e+25,0.2523116975651726,100000.0
399.0480902532412,2.7177806276463923e+25,0.25168070571369233,100000.0
399.5480902532412,2.710999854981403e+25,0.2510527706874991,100000.0
400.0480902532412,2.704251900980564e+25,0.2504278748413154,100000.0
400.5480902532412,2.6975365763970448e+25,0.24980600064989464,100000.0
401.0480902532412,2.690853693269758e+25,0.24918713070705667,100000.0
401.5480902532412,2.6842030649226727e+25,0.24857124772562433,100000.0
402.0480902532412,2.6775845059544813e+25,0.2479583345364665,100000.0
402.5480902532412,2.6709978322283963e+25,0.2473483740875533,100000.0
403.0480902532412,2.66444286085204e+25,0.24674134944209355,100000.0
403.5480902532412,2.65791941016997e+25,0.24613724377784288,100000.0
404.0480902532412,2.651427299797923e+25,0.24553604039027482,100000.0
404.5480902532412,2.6449663505568777e+25,0.2449377226864744,100000.0
405.0480902532412,2.6385363844825726e+25,0.24434227418601995,100000.0
405.5480902532412,2.6321372247740187e+25,0.24374967851621482,100000.0
406.0480902532412,2.625768695874795e+25,0.24315991941961593,100000.0
406.5480902532412,2.61943062343456e+25,0.24257298075046949,100000.0
407.0480902532412,2.613122834189131e+25,0.24198884646360555,100000.0
407.5480902532412,2.6068451561324414e+25,0.24140750063036248,100000.0
408.0480902532412,2.6005974183775777e+25,0.24082892742571793,100000.0
408.5480902532412,2.594379451164214e+25,0.24025311112897763,100000.0
409.0480902532412,2.5881910859248134e+25,0.23968003612990557,100000.0
409.5480902532412,2.582032155170721e+25,0.2391096869181761,100000.0
410.0480902532412,2.5759024925564037e+25,0.2385420480893225,100000.0
410.5480902532412,2.5698019328866955e+25,0.23797710434540809,100000.0
411.0480902532412,2.563730311952281e+25,0.23741484047979108,100000.0
411.5480902532412,2.557687466787131e+25,0.23685524140096456,100000.0
412.0480902532412,2.5516732354396503e+25,0.2362982921113634,100000.0
412.5480902532412,2.545687457008101e+25,0.23574397771064493,100000.0
413.0480902532412,2.539729971695046e+25,0.23519228340073034,100000.0
413.5480902532412,2.5338006207830093e+25,0.23464319448355095,100000.0
414.0480902532412,2.527899246582601e+25,0.23409669635624417,100000.0
414.5480902532412,2.52202569245005e+25,0.23355277451277728,100000.0
415.0480902532412,2.5161798027790545e+25,0.2330114145431926,100000.0
415.5480902532412,2.510361422992717e+25,0.2324726021328606,100000.0
416.0480902532412,2.504570399535548e+25,0.2319363230617396,100000.0
416.5480902532412,2.4988065798655226e+25,0.23140256320363997,100000.0
417.0480902532412,2.4930698124462413e+25,0.23087130852549828,100000.0
417.5480902532412,2.487359946739128e+25,0.23034254508665478,100000.0
418.0480902532412,2.4816768331957263e+25,0.22981625903813985,100000.0
418.5480902532412,2.476020323250028e+25,0.22929243662196394,100000.0
419.0480902532412,2.470390269310917e+25,0.2287710641704174,100000.0
419.5480902532412,2.464786524753144e+25,0.22825212810523507,100000.0
420.0480902532412,2.4592089438639456e+25,0.22773561493265265,100000.0
420.5480902532412,2.4536573819762485e+25,0.22722151125574228,100000.0
421.0480902532412,2.4481316953240645e+25,0.2267098037610212,100000.0
421.5480902532412,2.4426317410414294e+25,0.22620047921835365,100000.0
422.0480902532412,2.4371573772300934e+25,0.22569352448721933,100000.0
422.5480902532412,2.4317084629495263e+25,0.2251889265157877,100000.0
423.0480902532412,2.4262848580627457e+25,0.22468667232664102,100000.0
423.5480902532412,2.4208864234876794e+25,0.22418674904005165,100000.0
424.0480902532412,2.415513020917958e+25,0.2236891438481262,100000.0
424.5480902532412,2.410164513039804e+25,0.2231938440348904,100000.0
425.0480902532412,2.404840763337175e+25,0.22270083695824452,100000.0
425.5480902532412,2.399541636285075e+25,0.22221011006786487,100000.0
426.0480902532412,2.394266997088139e+25,0.22172165088099532,100000.0
426.5480902532412,2.3890167119751773e+25,0.22123544700972386,100000.0
427.0480902532412,2.383790647949506e+25,0.2207514861378617,100000.0
427.5480902532412,2.378588672841201e+25,0.2202697560257823,100000.0
428.0480902532412,2.373410655422114e+25,0.2197902445210726,100000.0
428.5480902532412,2.3682564652526322e+25,0.21931293954434194,100000.0
429.0480902532412,2.363125972719338e+25,0.21883782909270974,100000.0
429.5480902532412,2.3580190490364954e+25,0.21836490123994304,100000.0
430.0480902532412,2.352935566286116e+25,0.21789414414016678,100000.0
430.5480902532412,2.347875397338138e+25,0.21742554602047218,100000.0
431.0480902532412,2.342838415874405e+25,0.21695909518313694,100000.0
431.5480902532412,2.3378244963825864e+25,0.21649478000506261,100000.0
432.0480902532412,2.332833514150135e+25,0.21603258893721486,100000.0
432.5480902532412,2.327865345258306e+25,0.21557251050406948,100000.0
433.0480902532412,2.322919866576214e+25,0.21511453330306235,100000.0
433.5480902532412,2.3179969557549574e+25,0.214658646004045,100000.0
434.0480902532412,2.3130964912217897e+25,0.21420483734874501,100000.0
434.5480902532412,2.3082183521743198e+25,0.21375309615022894,100000.0
435.0480902532412,2.3033624185747967e+25,0.213303411292373,100000.0
435.5480902532412,2.298528571144407e+25,0.212855771729335,100000.0
436.0480902532412,2.2937166913344526e+25,0.21241016648288522,100000.0
436.5480902532412,2.28892666137094e+25,0.21196658464653564,100000.0
437.0480902532412,2.284158364232739e+25,0.21152501538351748,100000.0
437.5480902532412,2.2794116836210177e+25,0.21108544792395023,100000.0
438.0480902532412,2.2746865039307226e+25,0.21064787156220122,100000.0
438.5480902532412,2.2699827103322618e+25,0.2102122756644494,100000.0
439.0480902532412,2.265300188725021e+25,0.2097786496643809,100000.0
439.5480902532412,2.26063882564708e+25,0.20934698305482824,100000.0
440.0480902532412,2.255998508436824e+25,0.20891726540273653,100000.0
440.5480902532412,2.2513791250874614e+25,0.20848948633569073,100000.0
441.0480902532412,2.2467805642849615e+25,0.20806363554542928,100000.0
441.5480902532412,2.242202715453056e+25,0.20763970279201113,100000.0
442.0480902532412,2.2376454686456185e+25,0.20721767789384982,100000.0
442.5480902532412,2.233108714656231e+25,0.20679755073785958,100000.0
443.0480902532412,2.228592344926281e+25,0.20637931127094492,100000.0
443.5480902532412,2.2240962515598963e+25,0.2059629495013836,100000.0
444.0480902532412,2.219620327387889e+25,0.20554845550474807,100000.0
444.5480902532412,2.2151644658180407e+25,0.2051358194100412,100000.0
445.0480902532412,2.210728560990486e+25,0.2047250314140856,100000.0
445.5480902532412,2.2063125076871315e+25,0.20431608177313537,100000.0
446.0480902532412,2.201916201310583e+25,0.2039089608009245,100000.0
446.5480902532412,2.1975395379074946e+25,0.20350365887082925,100000.0
447.0480902532412,2.193182414211481e+25,0.20310016641984205,100000.0
447.5480902532412,2.1888447275606266e+25,0.20269847394093238,100000.0
448.0480902532412,2.1845263759247396e+25,0.2022985719855707,100000.0
448.5480902532412,2.180227257900773e+25,0.2019004511633043,100000.0
449.0480902532412,2.175947272703872e+25,0.20150410214092823,100000.0
449.5480902532412,2.171686320169077e+25,0.20110951564264326,100000.0
450.0480902532412,2.1674443007594537e+25,0.2007166824508084,100000.0
450.5480902532412,2.163221115535619e+25,0.2003255934031192,100000.0
451.0480902532412,2.159016666163084e+25,0.1999362393932875,100000.0
451.5480902532412,2.15483085490791e+25,0.19954861137063917,100000.0
452.0480902532412,2.1506635846324223e+25,0.19916270033971734,100000.0
452.5480902532412,2.1465147587826075e+25,0.19877849735911518,100000.0
453.0480902532412,2.1423842813980017e+25,0.19839599354239162,100000.0
453.5480902532412,2.138272057110841e+25,0.19801518005799285,100000.0
454.0480902532412,2.134177991126145e+25,0.1976360481274076,100000.0
454.5480902532412,2.130101989224179e+25,0.19725858902539553,100000.0
455.0480902532412,2.126043957756367e+25,0.19688279407960854,100000.0
455.5480902532412,2.1220038036225823e+25,0.1965086546684878,100000.0
456.0480902532412,2.117981434297853e+25,0.19613616222373678,100000.0
456.5480902532412,2.1139767578441387e+25,0.19576530823141192,100000.0
457.0480902532412,2.109989682857216e+25,0.19539608422700389,100000.0
457.5480902532412,2.1060201184308386e+25,0.1950284817921187,100000.0
458.0480902532412,2.1020679743061887e+25,0.19466249256831755,100000.0
458.5480902532412,2.098133160710257e+25,0.19429810824215007,100000.0
459.0480902532412,2.0942155883794614e+25,0.19393532054734156,100000.0
459.5480902532412,2.0903151686772003e+25,0.19357412127567897,100000.0
460.0480902532412,2.086431813384118e+25,0.1932145022575883,100000.0
460.5480902532412,2.0825654349239825e+25,0.19285645538305238,100000.0
461.0480902532412,2.078715946140722e+25,0.19249997258096288,100000.0
461.5480902532412,2.0748832604960184e+25,0.19214504583741876,100000.0
462.0480902532412,2.071067291863988e+25,0.19179166717671267,100000.0
462.5480902532412,2.0672679547469242e+25,0.19143982868130954,100000.0
463.0480902532412,2.0634851640453105e+25,0.19108952247054897,100000.0
463.5480902532412,2.05971883525208e+25,0.19074074071863437,100000.0
464.0480902532412,2.055968884337248e+25,0.19039347564394954,100000.0
464.5480902532412,2.0522352277117163e+25,0.19004771950570662,100000.0
465.0480902532412,2.048517782380973e+25,0.1897034646181796,100000.0
465.5480902532412,2.044816465790982e+25,0.1893607033364328,100000.0
466.0480902532412,2.041131195855429e+25,0.189019428058844,100000.0
466.5480902532412,2.037461891003831e+25,0.18867963123155973,100000.0
467.0480902532412,2.033808470156189e+25,0.18834130534614787,100000.0
467.5480902532412,2.0301708526948312e+25,0.18800444293699023,100000.0
468.0480902532412,2.0265489584778245e+25,0.18766903658252446,100000.0
468.5480902532412,2.022942707833074e+25,0.18733507890469772,100000.0
469.0480902532412,2.0193520215494996e+25,0.18700256256814957,100000.0
469.5480902532412,2.015776820909751e+25,0.18667148028324151,100000.0
470.0480902532412,2.0122170276421523e+25,0.18634182480160688,100000.0
470.5480902532412,2.0086725639345703e+25,0.186013588917435,100000.0
471.0480902532412,2.0051433524312526e+25,0.1856867654671784,100000.0
471.5480902532412,2.001629316229682e+25,0.18536134732926168,100000.0
472.0480902532412,1.9981303788774703e+25,0.18503732742379375,100000.0
472.5480902532412,1.9946464643692753e+25,0.1847146987122822,100000.0
473.0480902532412,1.991177497143721e+25,0.1843934541973482,100000.0
473.5480902532412,1.987723402080371e+25,0.18407358692244644,100000.0
474.0480902532412,1.9842841044832526e+25,0.18375508997033896,100000.0
474.5480902532412,1.9808595301102206e+25,0.18343795646581465,100000.0
475.0480902532412,1.977449605150504e+25,0.18312217957361,100000.0
475.5480902532412,1.9740542562175314e+25,0.18280775249774447,100000.0
476.0480902532412,1.9706734103508154e+25,0.18249466848169527,100000.0
476.5480902532412,1.9673069950057433e+25,0.18218292080745163,100000.0
477.0480902532412,1.9639549380426988e+25,0.18187250279450767,100000.0
477.5480902532412,1.9606171677891955e+25,0.1815634078056162,100000.0
478.0480902532412,1.9572936129604094e+25,0.18125562923942948,100000.0
478.5480902532412,1.9539842026519343e+25,0.18094916052982857,100000.0
479.0480902532412,1.9506888664132105e+25,0.180643995152723,100000.0
479.5480902532412,1.9474075342017213e+25,0.18034012662180926,100000.0
480.0480902532412,1.944140136316874e+25,0.18003754848244782,100000.0
480.5480902532412,1.940886603540114e+25,0.17973625432463838,100000.0
481.0480902532412,1.9376468670003422e+25,0.17943623777055676,100000.0
481.5480902532412,1.9344208582235907e+25,0.17913749247915534,100000.0
482.0480902532412,1.9312085091636117e+25,0.17884001214899553,100000.0
482.5480902532412,1.9280097521053742e+25,0.17854379050931113,100000.0
483.0480902532412,1.9248245197922425e+25,0.17824882133178585,100000.0
483.5480902532412,1.9216527452820355e+25,0.1779550984172234,100000.0
484.0480902532412,1.918494362073238e+25,0.1776626156072356,100000.0
484.5480902532412,1.9153493040100115e+25,0.17737136677544563,100000.0
485.0480902532412,1.9122175053122146e+25,0.1770813458302683,100000.0
485.5480902532412,1.9090989006145598e+25,0.1767925467185359,100000.0
486.0480902532412,1.9059934248518226e+25,0.17650496341486824,100000.0
486.5480902532412,1.9029010134006915e+25,0.1762185899348086,100000.0
487.0480902532412,1.899821601980901e+25,0.17593342032566806,100000.0
487.5480902532412,1.8967551266401475e+25,0.1756494486651287,100000.0
488.0480902532412,1.8937015238375126e+25,0.175366669068969,100000.0
488.5480902532412,1.8906607303820639e+25,0.17508507568537807,100000.0
489.0480902532412,1.8876326834300716e+25,0.1748046626946976,100000.0
489.5480902532412,1.8846173204736755e+25,0.17452542430837284,100000.0
490.0480902532412,1.8816145793924315e+25,0.1742473547737256,100000.0
490.5480902532412,1.8786243984092698e+25,0.17397044836987596,100000.0
491.0480902532412,1.8756467160879411e+25,0.17369469940750581,100000.0
491.5480902532412,1.872681471338269e+25,0.1734201022293452,100000.0
492.0480902532412,1.8697286034139e+25,0.17314665120996395,100000.0
492.5480902532412,1.8667880519100187e+25,0.1728743407555601,100000.0
493.0480902532412,1.8638597567611125e+25,0.17260316530375297,100000.0
493.5480902532412,1.8609436582349324e+25,0.17233311932302373,100000.0
494.0480902532412,1.8580396969431531e+25,0.1720641973137028,100000.0
494.5480902532412,1.855147813826048e+25,0.1717963938065504,100000.0
495.0480902532412,1.8522679501531585e+25,0.1715297033628188,100000.0
495.5480902532412,1.8494000475199915e+25,0.17126412057394647,100000.0
496.0480902532412,1.8465440478473649e+25,0.17099964006149715,100000.0
496.5480902532412,1.8436998933864716e+25,0.1707362564776292,100000.0
497.0480902532412,1.84086752670738e+25,0.17047396450403046,100000.0
497.5480902532412,1.8380468907000094e+25,0.17021275885200873,100000.0
498.0480902532412,1.8352379285720317e+25,0.16995263426229718,100000.0
498.5480902532412,1.8324405838468146e+25,0.16969358550486424,100000.0
499.0480902532412,1.8296548003613734e+25,0.16943560737872368,100000.0
499.5480902532412,1.826880522254942e+25,0.16917869471087627,100000.0
500.0480902532412,1.8241176939769463e+25,0.16892284235704816,100000.0
500.5480902532412,1.8213662603090952e+25,0.16866804520373674,100000.0
501.0480902532412,1.8186261663228097e+25,0.16841429816426823,100000.0
501.5480902532412,1.8158973573836326e+25,0.16816159617920598,100000.0
502.0480902532412,1.8131797791504369e+25,0.1679099342162774,100000.0
502.5480902532412,1.8104733776248412e+25,0.16765930727494974,100000.0
503.0480902532412,1.8077780990770642e+25,0.1674097103795642,100000.0
503.5480902532412,1.8050938900416468e+25,0.16716113857893952,100000.0
504.0480902532412,1.8024206974201937e+25,0.16691358695588648,100000.0
504.5480902532412,1.7997584683491732e+25,0.16666705061496548,100000.0
505.0480902532412,1.7971071502642952e+25,0.1664215246884482,100000.0
505.5480902532412,1.794466690927338e+25,0.16617700433880206,100000.0
506.0480902532412,1.791837038307873e+25,0.16593348474773703,100000.0
506.5480902532412,1.7892181407629918e+25,0.1656909611328497,100000.0
507.0480902532412,1.7866099468304123e+25,0.1654494287284635,100000.0
507.5480902532412,1.7840124054216073e+25,0.1652088828035134,100000.0
508.0480902532412,1.7814254656379396e+25,0.16496931864451939,100000.0
508.5480902532412,1.7788490769504825e+25,0.16473073157223847,100000.0
509.0480902532412,1.7762831890054819e+25,0.1644931169236495,100000.0
509.5480902532412,1.773727751823197e+25,0.16425647007036712,100000.0
510.0480902532412,1.7711827156203074e+25,0.16402078640219525,100000.0
510.5480902532412,1.7686480309196744e+25,0.163786061337292,100000.0
511.0480902532412,1.766123648522323e+25,0.16355229031957497,100000.0
511.5480902532412,1.7636095194411328e+25,0.1633194688125804,100000.0
512.0480902532412,1.7611055950248612e+25,0.16308759231094871,100000.0
512.5480902532412,1.7586118268552715e+25,0.1628566563308979,100000.0
513.0480902532412,1.7561281667471727e+25,0.1626266564102271,100000.0
513.5480902532412,1.7536545668213013e+25,0.16239758811506608,100000.0
514.0480902532412,1.7511909794446814e+25,0.162169447034352,100000.0
514.5480902532412,1.7487373572339963e+25,0.1619422287801418,100000.0
515.0480902532412,1.7462936530411601e+25,0.16171592898627613,100000.0
515.5480902532412,1.7438598200111998e+25,0.1614905433137393,100000.0
516.0480902532412,1.7414358115265853e+25,0.16126606744550406,100000.0
516.5480902532412,1.7390215812167851e+25,0.1610424970874167,100000.0
517.0480902532412,1.7366170829605121e+25,0.1608198279684046,100000.0
517.5480902532412,1.7342222708841668e+25,0.1605980558403325,100000.0
518.0480902532412,1.7318370993519565e+25,0.1603771764770872,100000.0
518.5480902532412,1.7294615229880778e+25,0.16015718567663195,100000.0
519.0480902532412,1.7270954966560605e+25,0.1599380792590934,100000.0
519.5480902532412,1.724738975457662e+25,0.15971985306665937,100000.0
520.0480902532412,1.7223919147346983e+25,0.1595025029637484,100000.0
520.5480902532412,1.7200542700675433e+25,0.15928602483687068,100000.0
521.0480902532412,1.7177259972736584e+25,0.159070414594492,100000.0
521.5480902532412,1.7154070524061149e+25,0.1588556681668968,100000.0
522.0480902532412,1.7130973917521318e+25,0.15864178150605288,100000.0
522.5480902532412,1.7107969718316318e+25,0.15842875058547756,100000.0
523.0480902532412,1.7085057493957878e+25,0.15821657140010317,100000.0
523.5480902532412,1.7062236814256137e+25,0.15800523996614657,100000.0
524.0480902532412,1.7039507251249204e+25,0.15779475232045667,100000.0
524.5480902532412,1.7016868379280188e+25,0.157585104521228,100000.0
525.0480902532412,1.699431977502872e+25,0.15737629264829245,100000.0
525.5480902532412,1.697186101735736e+25,0.15716831280169696,100000.0
526.0480902532412,1.6949491687356896e+25,0.15696116110212308,100000.0
526.5480902532412,1.6927211368332868e+25,0.15675483369076207,100000.0
527.0480902532412,1.6905019645733816e+25,0.15654932672865055,100000.0
527.5480902532412,1.688291610713035e+25,0.15634463639647653,100000.0
528.0480902532412,1.686090034255567e+25,0.156140758897733,100000.0
528.5480902532412,1.683897194403885e+25,0.1559376904543957,100000.0
529.0480902532412,1.6817130505689037e+25,0.15573542730770296,100000.0
529.5480902532412,1.6795375623645935e+25,0.15553396571769715,100000.0
530.0480902532412,1.677370689656595e+25,0.1553333019677266,100000.0
530.5480902532412,1.675212392499056e+25,0.15513343235859645,100000.0
531.0480902532412,1.6730626311200573e+25,0.1549343532072188,100000.0
531.5480902532412,1.6709213660256984e+25,0.15473606085625188,100000.0
532.0480902532412,1.6687885578862974e+25,0.15453855166356137,100000.0
532.5480902532412,1.6666641675637625e+25,0.15434182200475519,100000.0
533.0480902532412,1.664548156177655e+25,0.15414586827930127,100000.0
533.5480902532412,1.6624404849879773e+25,0.1539506868996732,100000.0
534.0480902532412,1.6603411155096399e+25,0.1537562743019503,100000.0
534.5480902532412,1.6582500094262355e+25,0.15356262693783276,100000.0
535.0480902532412,1.6561671286306477e+25,0.15336974127840225,100000.0
535.5480902532412,1.6540924352203077e+25,0.1531776138136826,100000.0
536.0480902532412,1.652025891474764e+25,0.1529862410505626,100000.0
536.5480902532412,1.6499674598871354e+25,0.15279561951570889,100000.0
537.0480902532412,1.647917103132094e+25,0.15260574575260072,100000.0
537.5480902532412,1.645874784080652e+25,0.15241661632289963,100000.0
538.0480902532412,1.6438404658108364e+25,0.1522282278074377,100000.0
538.5480902532412,1.6418141115541377e+25,0.15204057680125863,100000.0
539.0480902532412,1.6397956847889094e+25,0.15185365992226682,100000.0
539.5480902532412,1.6377851491230913e+25,0.1516674738003671,100000.0
540.0480902532412,1.6357824683954029e+25,0.15148201508683573,100000.0
540.5480902532412,1.6337876066256513e+25,0.15129728044971855,100000.0
541.0480902532412,1.6318005279793927e+25,0.1511132665705586,100000.0
541.5480902532412,1.6298211968635961e+25,0.15092997015325496,100000.0
542.0480902532412,1.6278495778439877e+25,0.15074738791640854,100000.0
542.5480902532412,1.625885635647614e+25,0.15056551659355927,100000.0
543.0480902532412,1.623929335211904e+25,0.15038435293772956,100000.0
543.5480902532412,1.6219806416526837e+25,0.15020389371846246,100000.0
544.0480902532412,1.6200395202560217e+25,0.1500241357210663,100000.0
544.5480902532412,1.6181059364714204e+25,0.1498450757459842,100000.0
545.0480902532412,1.6161798559504525e+25,0.14966671061237208,100000.0
545.5480902532412,1.6142612445165684e+25,0.14948903715530262,100000.0
546.0480902532412,1.6123500681621399e+25,0.14931205222549154,100000.0
546.5480902532412,1.6104462930535141e+25,0.1491357526897656,100000.0
547.0480902532412,1.6085498855289679e+25,0.14896013543087303,100000.0
547.5480902532412,1.6066608120900729e+25,0.14878519734668413,100000.0
548.0480902532412,1.6047790394311462e+25,0.14861093535291847,100000.0
548.5480902532412,1.6029045344042182e+25,0.14843734637990055,100000.0
549.0480902532412,1.6010372640302222e+25,0.1482644273735963,100000.0
549.5480902532412,1.5991771954980063e+25,0.14809217529552135,100000.0
550.0480902532412,1.597324296163352e+25,0.14792058712265027,100000.0
550.5480902532412,1.5954785335479849e+25,0.14774965984732497,100000.0
551.0480902532412,1.5936398753386056e+25,0.14757939047716478,100000.0
551.5480902532412,1.591808289385931e+25,0.14740977603497796,100000.0
552.0480902532412,1.5899837437037212e+25,0.1472408135586713,100000.0
552.5480902532412,1.5881662064678366e+25,0.14707250010116296,100000.0
553.0480902532412,1.5863556460152916e+25,0.1469048327302948,100000.0
553.5480902532412,1.584552030843304e+25,0.14673780852874443,100000.0
554.0480902532412,1.5827553296083775e+25,0.14657142459394001,100000.0
554.5480902532412,1.5809655111253522e+25,0.14640567803797266,100000.0
555.0480902532412,1.5791825443665106e+25,0.14624056598751334,100000.0
555.5480902532412,1.5774063984606372e+25,0.146076085583726,100000.0
556.0480902532412,1.5756370426861085e+25,0.14591223398162756,100000.0
556.5480902532412,1.5738744464810321e+25,0.1457490083510269,100000.0
557.0480902532412,1.5721185794440844e+25,0.14558640587660232,100000.0
557.5480902532412,1.570369411321092e+25,0.14542442375665915,100000.0
558.0480902532412,1.5686269120099114e+25,0.1452630592035814,100000.0
558.5480902532412,1.5668910515595573e+25,0.14510230944375108,100000.0
559.0480902532412,1.5651618001545833e+25,0.1449421717161019,100000.0
559.5480902532412,1.563439128152695e+25,0.1447826432756023,100000.0
560.0480902532412,1.5617230060557208e+25,0.14462372139056726,100000.0
560.5480902532412,1.56001340450862e+25,0.14446540334256638,100000.0
561.0480902532412,1.5583102942864274e+25,0.14430768642521502,100000.0
561.5480902532412,1.5566136463352705e+25,0.14415056794797254,100000.0
562.0480902532412,1.5549234317454764e+25,0.14399404523365203,100000.0
562.5480902532412,1.553239621734539e+25,0.14383811561684276,100000.0
563.0480902532412,1.5515621876641992e+25,0.14368277644549218,100000.0
563.5480902532412,1.5498911010658001e+25,0.14352802508325363,100000.0
564.0480902532412,1.5482263335807487e+25,0.14337385890397308,100000.0
564.5480902532412,1.546567857001328e+25,0.14322027529546835,100000.0
565.0480902532412,1.5449156432813274e+25,0.14306727166051356,100000.0
565.5480902532412,1.5432696644680352e+25,0.1429148454105414,100000.0
566.0480902532412,1.5416298927986128e+25,0.1427629939745677,100000.0
566.5480902532412,1.5399963006146517e+25,0.14261171479127918,100000.0
567.0480902532412,1.5383688604015483e+25,0.14246100531267958,100000.0
567.5480902532412,1.536747544796208e+25,0.14231086300480314,100000.0
568.0480902532412,1.5351323265388609e+25,0.1421612853432526,100000.0
568.5480902532412,1.5335231785490105e+25,0.14201226982023224,100000.0
569.0480902532412,1.5319200738281558e+25,0.14186381393553962,100000.0
569.5480902532412,1.5303229855659415e+25,0.14171591520639562,100000.0
570.0480902532412,1.528731887031404e+25,0.14156857115737306,100000.0
570.5480902532412,1.5271467516721037e+25,0.1414217793295772,100000.0
571.0480902532412,1.5255675530307225e+25,0.14127553727292191,100000.0
571.5480902532412,1.5239942648007605e+25,0.1411298425512877,100000.0
572.0480902532412,1.5224268608044918e+25,0.1409846927404801,100000.0
572.5480902532412,1.5208653149696119e+25,0.14084008542606738,100000.0
573.0480902532412,1.5193096013941092e+25,0.1406960182093877,100000.0
573.5480902532412,1.5177596942573716e+25,0.14055248869931736,100000.0
574.0480902532412,1.5162155678976347e+25,0.14040949451944265,100000.0
574.5480902532412,1.5146771967768817e+25,0.14026703330480958,100000.0
575.0480902532412,1.5131445554499937e+25,0.14012510269906706,100000.0
575.5480902532412,1.5116176186392444e+25,0.13998370036136537,100000.0
576.0480902532412,1.5100963611743556e+25,0.13984282396080502,100000.0
576.5480902532412,1.5085807579890758e+25,0.13970247117612003,100000.0
577.0480902532412,1.5070707841639624e+25,0.13956263969963958,100000.0
577.5480902532412,1.5055664149000402e+25,0.13942332723484885,100000.0
578.0480902532412,1.5040676255118247e+25,0.13928453149574282,100000.0
578.5480902532412,1.5025743914170043e+25,0.13914625020587076,100000.0
579.0480902532412,1.5010866881874247e+25,0.13900848110305788,100000.0
579.5480902532412,1.4996044914981827e+25,0.1388712219346908,100000.0
580.0480902532412,1.4981277771415408e+25,0.13873447045900636,100000.0
580.5480902532412,1.4966565210249274e+25,0.13859822444490644,100000.0
581.0480902532412,1.4951906991675832e+25,0.1384624816716472,100000.0
581.5480902532412,1.4937302877248e+25,0.13832723993108392,100000.0
582.0480902532412,1.492275262956066e+25,0.13819249702472103,100000.0
582.5480902532412,1.4908256012360637e+25,0.13805825076473047,100000.0
583.0480902532412,1.4893812790540346e+25,0.13792449897389303,100000.0
583.5480902532412,1.4879422730131493e+25,0.13779123948553987,100000.0
584.0480902532412,1.4865085598298799e+25,0.1376584701434945,100000.0
584.5480902532412,1.4850801163310783e+25,0.13752618880180217,100000.0
585.0480902532412,1.4836569194575432e+25,0.13739439332506015,100000.0
585.5480902532412,1.482238946265608e+25,0.13726308158856493,100000.0
586.0480902532412,1.4808261739187206e+25,0.13713225147753225,100000.0
586.5480902532412,1.4794185796905576e+25,0.1370019008873857,100000.0
587.0480902532412,1.4780161409643946e+25,0.13687202772369825,100000.0
587.5480902532412,1.4766188352325277e+25,0.13674262990213876,100000.0
588.0480902532412,1.4752266400956609e+25,0.1366137053484152,100000.0
588.5480902532412,1.473839533262322e+25,0.13648525199822065,100000.0
589.0480902532412,1.4724574925482685e+25,0.13635726779717816,100000.0
589.5480902532412,1.471080495875901e+25,0.13622975070078658,100000.0
590.0480902532412,1.4697085212736875e+25,0.13610269867436697,100000.0
590.5480902532412,1.468341546873939e+25,0.135976109692857,100000.0
591.0480902532412,1.4669795509124447e+25,0.1358499817407769,100000.0
591.5480902532412,1.4656225117362299e+25,0.13572431281294786,100000.0
592.0480902532412,1.4642704077922778e+25,0.13559910091344776,100000.0
592.5480902532412,1.4629232176307725e+25,0.13547434405591147,100000.0
593.0480902532412,1.4615809199045457e+25,0.13535004026347947,100000.0
593.5480902532412,1.4602434933685206e+25,0.13522618756874652,100000.0
594.0480902532412,1.4589109168791556e+25,0.13510278401371004,100000.0
594.5480902532412,1.4575831693890616e+25,0.13497982764927166,100000.0
595.0480902532412,1.4562602299524683e+25,0.13485731653574348,100000.0
595.5480902532412,1.4549420777348434e+25,0.1347352487437388,100000.0
596.0480902532412,1.4536286919933374e+25,0.1346136223523612,100000.0
596.5480902532412,1.452320052083915e+25,0.13449243544986506,100000.0
597.0480902532412,1.451016137452121e+25,0.13437168613280023,100000.0
597.5480902532412,1.4497169276499474e+25,0.1342513725075742,100000.0
598.0480902532412,1.4484224023346183e+25,0.1341314926903395,100000.0
598.5480902532412,1.4471325412521076e+25,0.13401204480546733,100000.0
599.0480902532412,1.445847324231415e+25,0.1338930269850175,100000.0
599.5480902532412,1.4445667312160354e+25,0.1337744373716528,100000.0
600.0480902532412,1.4432907422457237e+25,0.13365627411694997,100000.0
600.5480902532412,1.4420193374402136e+25,0.13353853537989244,100000.0
601.0480902532412,1.4407524970141286e+25,0.13342121932825074,100000.0
601.5480902532412,1.4394902012972815e+25,0.1333043241404627,100000.0
602.0480902532412,1.4382324306880435e+25,0.1331878480013149,100000.0
602.5480902532412,1.436979165682776e+25,0.13307178910466835,100000.0
603.0480902532412,1.4357303868892318e+25,0.13295614565469951,100000.0
603.5480902532412,1.4344860749726322e+25,0.1328409158609067,100000.0
604.0480902532412,1.4332462107213187e+25,0.13272609794418988,100000.0
604.5480902532412,1.4320107750016466e+25,0.13261169013267335,100000.0
605.0480902532412,1.4307797487568042e+25,0.13249769066159672,100000.0
605.5480902532412,1.42955311305438e+25,0.13238409777771962,100000.0
606.0480902532412,1.4283308490014478e+25,0.1322709097314582,100000.0
606.5480902532412,1.4271129378497632e+25,0.13215812478662692,100000.0
607.0480902532412,1.4258993608891726e+25,0.13204574121056772,100000.0
607.5480902532412,1.4246900995376251e+25,0.13193375728248544,100000.0
608.0480902532412,1.423485135266977e+25,0.13182217128657703,100000.0
608.5480902532412,1.4222844496658483e+25,0.13171098151785238,100000.0
609.0480902532412,1.421088024379974e+25,0.13160018627661052,100000.0
609.5480902532412,1.41989584117304e+25,0.13148978387407334,100000.0
610.0480902532412,1.4187078818566734e+25,0.13137977262590236,100000.0
610.5480902532412,1.4175241283725243e+25,0.13127015085979987,100000.0
611.0480902532412,1.4163445626944088e+25,0.131160916906447,100000.0
611.5480902532412,1.415169166933743e+25,0.13105206910926717,100000.0
612.0480902532412,1.4139979232449502e+25,0.13094360581566672,100000.0
612.5480902532412,1.412830813885678e+25,0.1308355253826109,100000.0
613.0480902532412,1.4116678212002944e+25,0.13072782617509587,100000.0
613.5480902532412,1.4105089275851931e+25,0.13062050656293558,100000.0
614.0480902532412,1.4093541155633284e+25,0.13051356492766414,100000.0
614.5480902532412,1.4082033677083801e+25,0.1304069996555131,100000.0
615.0480902532412,1.4070566666755217e+25,0.13030080914026085,100000.0
615.5480902532412,1.4059139952230334e+25,0.13019499178523383,100000.0
616.0480902532412,1.4047753361676267e+25,0.13008954599916972,100000.0
616.5480902532412,1.4036406724062165e+25,0.12998447019823328,100000.0
617.0480902532412,1.4025099869352425e+25,0.1298797628078059,100000.0
617.5480902532412,1.4013832628165037e+25,0.12977542225932154,100000.0
618.0480902532412,1.4002604831737917e+25,0.12967144698995497,100000.0
618.5480902532412,1.3991416312427009e+25,0.12956783544723458,100000.0
619.0480902532412,1.398026690320384e+25,0.12946458608438927,100000.0
619.5480902532412,1.3969156437797498e+25,0.12936169736166342,100000.0
620.0480902532412,1.3958084750597699e+25,0.12925916774541915,100000.0
620.5480902532412,1.3947051677021016e+25,0.12915699571152786,100000.0
621.0480902532412,1.393605705310694e+25,0.12905517974162936,100000.0
621.5480902532412,1.3925100715653457e+25,0.12895371832438768,100000.0
622.0480902532412,1.391418250218105e+25,0.12885260995515746,100000.0
622.5480902532412,1.3903302250950329e+25,0.12875185313614732,100000.0
623.0480902532412,1.3892459801093654e+25,0.12865144637763876,100000.0
623.5480902532412,1.3881654992404088e+25,0.12855138819603174,100000.0
624.0480902532412,1.3870887665413959e+25,0.12845167711457212,100000.0
624.5480902532412,1.3860157661390777e+25,0.12835231166331407,100000.0
625.0480902532412,1.3849464822333693e+25,0.12825329037908698,100000.0
625.5480902532412,1.3838808990944983e+25,0.12815461180523172,100000.0
626.0480902532412,1.38281900106659e+25,0.1280562744919323,100000.0
626.5480902532412,1.3817607725708993e+25,0.12795827699651546,100000.0
627.0480902532412,1.3807061980962098e+25,0.12786061788256137,100000.0
627.5480902532412,1.3796552622026067e+25,0.1277632957202532,100000.0
628.0480902532412,1.3786079495211066e+25,0.12766630908634258,100000.0
628.5480902532412,1.3775642447532829e+25,0.12756965656411523,100000.0
629.0480902532412,1.3765241326709276e+25,0.12747333674335942,100000.0
629.5480902532412,1.3754875981156721e+25,0.1273773482203309,100000.0
630.0480902532412,1.3744546259986363e+25,0.1272816895977204,100000.0
630.5480902532412,1.373425201300078e+25,0.12718635948462123,100000.0
631.0480902532412,1.3723993090690443e+25,0.12709135649649694,100000.0
631.5480902532412,1.3713769344229946e+25,0.12699667925514638,100000.0
632.0480902532412,1.370358062547498e+25,0.12690232638867574,100000.0
632.5480902532412,1.3693426786958348e+25,0.1268082965314616,100000.0
633.0480902532412,1.3683307681886934e+25,0.12671458832412294,100000.0
633.5480902532412,1.367322316413806e+25,0.12662120041348734,100000.0
634.0480902532412,1.3663173088256171e+25,0.1265281314525602,100000.0
634.5480902532412,1.3653157309449373e+25,0.12643538010049282,100000.0
635.0480902532412,1.3643175683586165e+25,0.12634294502255208,100000.0
635.5480902532412,1.3633228067179028e+25,0.12625082488996858,100000.0
636.0480902532412,1.3623314317368073e+25,0.1261590183797849,100000.0
636.5480902532412,1.3613434292029227e+25,0.12606752417585781,100000.0
637.0480902532412,1.3603587849639126e+25,0.12597634096760688,100000.0
637.5480902532412,1.3593774849318217e+25,0.1258854674504138,100000.0
638.0480902532412,1.3583995150827489e+25,0.12579490232559187,100000.0
638.5480902532412,1.3574248614565258e+25,0.12570464430035655,100000.0
639.0480902532412,1.356453510154608e+25,0.12561469208762982,100000.0
639.5480902532412,1.3554854473364815e+25,0.12552504440570772,100000.0
640.0480902532412,1.3545206592393776e+25,0.12543569998008589,100000.0
640.5480902532412,1.3535591321548659e+25,0.12534665754129184,100000.0
641.0480902532412,1.3526008524366727e+25,0.12525791582560938,100000.0
641.5480902532412,1.3516458064970707e+25,0.12516947357474376,100000.0
642.0480902532412,1.35069398080658e+25,0.12508132953579437,100000.0
642.5480902532412,1.349745361912827e+25,0.12499348246300107,100000.0
643.0480902532412,1.3487999364150162e+25,0.12490593111538005,100000.0
643.5480902532412,1.3478576909695222e+25,0.12481867425724179,100000.0
644.0480902532412,1.3469186122881266e+25,0.12473171065802775,100000.0
644.5480902532412,1.3459826871622139e+25,0.12464503909455102,100000.0
645.0480902532412,1.3450499024315896e+25,0.12455865834810874,100000.0
645.5480902532412,1.3441202449831236e+25,0.12447256720435644,100000.0
646.0480902532412,1.34319370178262e+25,0.1243867644562594,100000.0
646.5480902532412,1.342270259851591e+25,0.12430124890194172,100000.0
647.0480902532412,1.3413499062546766e+25,0.12421601934352143,100000.0
647.5480902532412,1.3404326281290849e+25,0.12413107458983665,100000.0
648.0480902532412,1.3395184126738352e+25,0.12404641345544964,100000.0
648.5480902532412,1.338607247123934e+25,0.12396203475825518,100000.0
649.0480902532412,1.3376991187950135e+25,0.12387793732361446,100000.0
649.5480902532412,1.3367940150546638e+25,0.12379411998170022,100000.0
650.0480902532412,1.3358919233055401e+25,0.12371058156593245,100000.0
650.5480902532412,1.3349928310439787e+25,0.12362732091840643,100000.0
651.0480902532412,1.3340967257906313e+25,0.12354433688346925,100000.0
651.5480902532412,1.3332035951380496e+25,0.12346162831212625,100000.0
652.0480902532412,1.3323134267353738e+25,0.12337919406062321,100000.0
652.5480902532412,1.3314262082700598e+25,0.12329703298875413,100000.0
653.0480902532412,1.3305419275155019e+25,0.12321514396427136,100000.0
653.5480902532412,1.329660572258281e+25,0.12313352585614837,100000.0
654.0480902532412,1.328782130386595e+25,0.12305217754276891,100000.0
654.5480902532412,1.3279065897988505e+25,0.12297109790346213,100000.0
655.0480902532412,1.3270339384856177e+25,0.122890285826092,100000.0
655.5480902532412,1.3261641644571315e+25,0.12280974020034353,100000.0
656.0480902532412,1.3252972558093168e+25,0.12272945992383708,100000.0
656.5480902532412,1.3244332006591798e+25,0.12264944389614527,100000.0
657.0480902532412,1.3235719872109062e+25,0.12256969102491397,100000.0
657.5480902532412,1.322713603683297e+25,0.12249020021914249,100000.0
658.0480902532412,1.3218580383893259e+25,0.12241097039655108,100000.0
658.5480902532412,1.321005279651688e+25,0.12233200047576019,100000.0
659.0480902532412,1.320155315883944e+25,0.12225328938380495,100000.0
659.5480902532412,1.3193081355222005e+25,0.12217483604980829,100000.0
660.0480902532412,1.3184637270694956e+25,0.12209663940909142,100000.0
660.5480902532412,1.3176220790801597e+25,0.12201869840172541,100000.0
661.0480902532412,1.316783180142036e+25,0.12194101197088486,100000.0
661.5480902532412,1.3159470189230395e+25,0.1218635790671594,100000.0
662.0480902532412,1.3151135841130294e+25,0.12178639864317081,100000.0
662.5480902532412,1.31428286446879e+25,0.12170946965773853,100000.0
663.0480902532412,1.3134548487993621e+25,0.12163279107452113,100000.0
663.5480902532412,1.3126295259408738e+25,0.12155636185968567,100000.0
664.0480902532412,1.3118068848082227e+25,0.12148018098669372,100000.0
664.5480902532412,1.3109869143537248e+25,0.1214042474324719,100000.0
665.0480902532412,1.3101696035617485e+25,0.1213285601769151,100000.0
665.5480902532412,1.3093549414947863e+25,0.12125311820715289,100000.0
666.0480902532412,1.3085429172504623e+25,0.12117792051356821,100000.0
666.5480902532412,1.307733519963306e+25,0.12110296608996168,100000.0
667.0480902532412,1.306926738833131e+25,0.1210282539361795,100000.0
667.5480902532412,1.3061225631048467e+25,0.12095378305624403,100000.0
668.0480902532412,1.3053209820649634e+25,0.12087955245803006,100000.0
668.5480902532412,1.30452198504061e+25,0.12080556115317388,100000.0
669.0480902532412,1.303725561425877e+25,0.12073180815951279,100000.0
669.5480902532412,1.3029317006506535e+25,0.1206582924981992,100000.0
670.0480902532412,1.302140392190705e+25,0.12058501319463395,100000.0
670.5480902532412,1.301351625560039e+25,0.12051196927775927,100000.0
671.0480902532412,1.3005653903383168e+25,0.12043915978259725,100000.0
671.5480902532412,1.2997816761408658e+25,0.12036658374747293,100000.0
672.0480902532412,1.2990004726288118e+25,0.1202942402149524,100000.0
672.5480902532412,1.29822176950712e+25,0.12022212823166163,100000.0
673.0480902532412,1.2974455565229363e+25,0.12015024684813264,100000.0
673.5480902532412,1.2966718234806291e+25,0.12007859512019664,100000.0
674.0480902532412,1.2959005602223406e+25,0.12000717210718283,100000.0
674.5480902532412,1.2951317566349365e+25,0.11993597687256205,100000.0
675.0480902532412,1.2943654026497752e+25,0.11986500848392542,100000.0
675.5480902532412,1.2936014882425015e+25,0.11979426601296522,100000.0
676.0480902532412,1.2928400034285633e+25,0.11972374853505964,100000.0
676.5480902532412,1.2920809382746931e+25,0.11965345513033618,100000.0
677.0480902532412,1.2913242828896788e+25,0.11958338488281683,100000.0
677.5480902532412,1.2905700274241982e+25,0.11951353688040285,100000.0
678.0480902532412,1.289818162072155e+25,0.11944391021499835,100000.0
678.5480902532412,1.2890686770704982e+25,0.1193745039824938,100000.0
679.0480902532412,1.2883215626989831e+25,0.11930531728274364,100000.0
679.5480902532412,1.28757680928e+25,0.1192363492195506,100000.0
680.0480902532412,1.286834407178356e+25,0.1191675989006454,100000.0
680.5480902532412,1.2860943468010607e+25,0.11909906543766692,100000.0
681.0480902532412,1.2853566185971472e+25,0.11903074794614567,100000.0
681.5480902532412,1.2846212130574645e+25,0.11896264554548452,100000.0
682.0480902532412,1.2838881207144736e+25,0.1188947573589398,100000.0
682.5480902532412,1.2831573321420516e+25,0.11882708251360323,100000.0
683.0480902532412,1.2824288379552988e+25,0.11875962014038402,100000.0
683.5480902532412,1.2817026288103428e+25,0.11869236937399065,100000.0
684.0480902532412,1.2809786954041382e+25,0.11862532935291246,100000.0
684.5480902532412,1.2802570284742797e+25,0.11855849921940227,100000.0
685.0480902532412,1.279537618798804e+25,0.11849187811945801,100000.0
685.5480902532412,1.2788204571960038e+25,0.11842546520280559,100000.0
686.0480902532412,1.2781055345242325e+25,0.11835925962288063,100000.0
686.5480902532412,1.2773928416817208e+25,0.11829326053681172,100000.0
687.0480902532412,1.276682369606377e+25,0.11822746710540176,100000.0
687.5480902532412,1.2759741092756151e+25,0.11816187849311205,100000.0
688.0480902532412,1.2752680517061528e+25,0.11809649386804366,100000.0
688.5480902532412,1.2745641879538358e+25,0.11803131240192112,100000.0
689.0480902532412,1.2738625091134563e+25,0.1179663332700756,100000.0
689.5480902532412,1.2731630063185544e+25,0.11790155565142647,100000.0
690.0480902532412,1.272465670741254e+25,0.11783697872846628,100000.0
690.5480902532412,1.2717704935895633e+25,0.11777260168701056,100000.0
691.0480902532412,1.271077466111466e+25,0.11770842371657682,100000.0
691.5480902532412,1.2703865795966356e+25,0.11764444401054323,100000.0
692.0480902532412,1.2696978253696866e+25,0.11758066176552372,100000.0
692.5480902532412,1.2690111947929162e+25,0.11751707618162183,100000.0
693.0480902532412,1.2683266792661153e+25,0.11745368646241316,100000.0
693.5480902532412,1.2676442702264043e+25,0.11739049181493029,100000.0
694.0480902532412,1.266963959141459e+25,0.11732749144903537,100000.0
694.5480902532412,1.2662857375275801e+25,0.11726468457909343,100000.0
695.0480902532412,1.265609596934031e+25,0.11720207042252205,100000.0
695.5480902532412,1.2649355289454862e+25,0.11713964820001806,100000.0
696.0480902532412,1.2642635251830824e+25,0.1170774171356549,100000.0
696.5480902532412,1.2635935772965189e+25,0.117015376456151,100000.0
697.0480902532412,1.2629256769850329e+25,0.11695352539281233,100000.0
697.5480902532412,1.2622598159798459e+25,0.11689186317990669,100000.0
698.0480902532412,1.2615959860462306e+25,0.11683038905485531,100000.0
698.5480902532412,1.2609341789787422e+25,0.11676910225779104,100000.0
699.0480902532412,1.2602743866153744e+25,0.11670800203286938,100000.0
699.5480902532412,1.259616600832146e+25,0.11664708762776718,100000.0
700.0480902532412,1.2589608135358066e+25,0.1165863582930071,100000.0
700.5480902532412,1.2583070166577032e+25,0.1165258132813897,100000.0
701.0480902532412,1.2576552021827922e+25,0.11646545185067993,100000.0
701.5480902532412,1.2570053621238205e+25,0.11640527326121641,100000.0
702.0480902532412,1.2563574885199608e+25,0.11634527677578488,100000.0
702.5480902532412,1.2557115734508187e+25,0.11628546166091536,100000.0
703.0480902532412,1.2550676090369203e+25,0.11622582718692738,100000.0
703.5480902532412,1.2544255874208405e+25,0.11616637262618222,100000.0
704.0480902532412,1.2537855007814044e+25,0.11610709725439818,100000.0
704.5480902532412,1.2531473413424822e+25,0.11604800035146498,100000.0
705.0480902532412,1.2525111013456997e+25,0.11598908119891653,100000.0
705.5480902532412,1.2518767730735627e+25,0.11593033908207252,100000.0
706.0480902532412,1.251244348848936e+25,0.11587177328999006,100000.0
706.5480902532412,1.2506138210082532e+25,0.1158133831129828,100000.0
707.0480902532412,1.2499851819420282e+25,0.1157551678463725,100000.0
707.5480902532412,1.2493584240642836e+25,0.115697126787658,100000.0
708.0480902532412,1.2487335398128624e+25,0.11563925923654397,100000.0
708.5480902532412,1.2481105216797322e+25,0.11558156449774733,100000.0
709.0480902532412,1.2474893621635948e+25,0.11552404187660861,100000.0
709.5480902532412,1.2468700538173888e+25,0.11546669068349098,100000.0
710.0480902532412,1.2462525892133265e+25,0.11540951023054243,100000.0
710.5480902532412,1.2456369609566088e+25,0.11535249983296586,100000.0
711.0480902532412,1.2450231616933585e+25,0.11529565880975377,100000.0
711.5480902532412,1.244411184083005e+25,0.11523898648113096,100000.0
712.0480902532412,1.2438010208424683e+25,0.11518248217264605,100000.0
712.5480902532412,1.2431926646873435e+25,0.11512614520972507,100000.0
713.0480902532412,1.2425861084007814e+25,0.11506997492405001,100000.0
713.5480902532412,1.2419813447609032e+25,0.11501397064683713,100000.0
714.0480902532412,1.2413783666105433e+25,0.11495813171529543,100000.0
714.5480902532412,1.2407771667909026e+25,0.11490245746648264,100000.0
715.0480902532412,1.2401777382054992e+25,0.11484694724322744,100000.0
715.5480902532412,1.2395800737559465e+25,0.11479160038818209,100000.0
716.0480902532412,1.238984166407845e+25,0.1147364162499244,100000.0
716.5480902532412,1.2383900091215418e+25,0.11468139417654563,100000.0
717.0480902532412,1.2377975949227175e+25,0.11462653352218737,100000.0
717.5480902532412,1.2372069168356427e+25,0.11457183364086056,100000.0
718.0480902532412,1.2366179679390462e+25,0.11451729389161926,100000.0
718.5480902532412,1.2360307413242519e+25,0.1144629136346839,100000.0
719.0480902532412,1.2354452301202318e+25,0.1144086922337614,100000.0
719.5480902532412,1.2348614274870577e+25,0.11435462905543857,100000.0
720.0480902532412,1.2342793266011982e+25,0.11430072346782072,100000.0
720.5480902532412,1.2336989206896927e+25,0.11424697484369627,100000.0
721.0480902532412,1.2331202029841027e+25,0.11419338255627239,100000.0
721.5480902532412,1.2325431667652048e+25,0.11413994598331381,100000.0
722.0480902532412,1.2319678053340782e+25,0.11408666450446546,100000.0
722.5480902532412,1.2313941120121357e+25,0.11403353750125522,100000.0
723.0480902532412,1.2308220801685598e+25,0.11398056435963466,100000.0
723.5480902532412,1.2302517031822372e+25,0.1139277444664541,100000.0
724.0480902532412,1.2296829744683815e+25,0.11387507721192783,100000.0
724.5480902532412,1.2291158874757108e+25,0.11382256198937286,100000.0
725.0480902532412,1.2285504356657258e+25,0.11377019819328997,100000.0
725.5480902532412,1.227986612541227e+25,0.11371798522200448,100000.0
726.0480902532412,1.2274244116318643e+25,0.11366592247632812,100000.0
726.5480902532412,1.2268638264830659e+25,0.11361400935853376,100000.0
727.0480902532412,1.2263048506791529e+25,0.11356224527449602,100000.0
727.5480902532412,1.2257474778320586e+25,0.11351062963264642,100000.0
728.0480902532412,1.2251917015724095e+25,0.11345916184314771,100000.0
728.5480902532412,1.22463751556012e+25,0.11340784131887474,100000.0
729.0480902532412,1.2240849134907081e+25,0.11335666747599955,100000.0
729.5480902532412,1.223533889079827e+25,0.11330563973255872,100000.0
730.0480902532412,1.2229844360614027e+25,0.113254757508281,100000.0
730.5480902532412,1.222436548211592e+25,0.11320402022680595,100000.0
731.0480902532412,1.2218902193270844e+25,0.11315342731367459,100000.0
731.5480902532412,1.2213454432294793e+25,0.11310297819673465,100000.0
732.0480902532412,1.2208022137582939e+25,0.11305267230549322,100000.0
732.5480902532412,1.2202605247955283e+25,0.11300250907339152,100000.0
733.0480902532412,1.2197203702413973e+25,0.11295248793555747,100000.0
733.5480902532412,1.2191817440215442e+25,0.11290260832947392,100000.0
734.0480902532412,1.2186446400832739e+25,0.1128528696946296,100000.0
734.5480902532412,1.2181090524043448e+25,0.11280327147333344,100000.0
735.0480902532412,1.2175749749907455e+25,0.11275381311050862,100000.0
735.5480902532412,1.2170424018702995e+25,0.11270449405310035,100000.0
736.0480902532412,1.2165113270960904e+25,0.11265531375039303,100000.0
736.5480902532412,1.2159817447442073e+25,0.11260627165380159,100000.0
737.0480902532412,1.2154536489162007e+25,0.11255736721709866,100000.0
737.5480902532412,1.2149270337443736e+25,0.11250859989690484,100000.0
738.0480902532412,1.2144018933817182e+25,0.11245996915175661,100000.0
738.5480902532412,1.2138782220059178e+25,0.112411474442477,100000.0
739.0480902532412,1.2133560138192495e+25,0.11236311523216648,100000.0
739.5480902532412,1.2128352630484644e+25,0.11231489098619207,100000.0
740.0480902532412,1.2123159639413911e+25,0.11226680117187256,100000.0
740.5480902532412,1.2117981107757847e+25,0.11221884525929812,100000.0
741.0480902532412,1.2112816978523434e+25,0.11217102272068362,100000.0
741.5480902532412,1.2107667194946222e+25,0.11212333303036051,100000.0
742.0480902532412,1.2102531700501324e+25,0.11207577566487882,100000.0
742.5480902532412,1.2097410438901892e+25,0.11202835010299285,100000.0
743.0480902532412,1.209230335409846e+25,0.11198105582565522,100000.0
743.5480902532412,1.2087210390277596e+25,0.11193389231600435,100000.0
744.0480902532412,1.2082131491861023e+25,0.11188685905935633,100000.0
744.5480902532412,1.2077066603504481e+25,0.11183995554319434,100000.0
745.0480902532412,1.2072015670096713e+25,0.11179318125715931,100000.0
745.5480902532412,1.2066978636745693e+25,0.11174653569292235,100000.0
746.0480902532412,1.2061955448813068e+25,0.11170001834450376,100000.0
746.5480902532412,1.2056946051885443e+25,0.11165362870800699,100000.0
747.0480902532412,1.2051950391773147e+25,0.11160736628160736,100000.0
747.5480902532412,1.2046968414514408e+25,0.11156123056559061,100000.0
748.0480902532412,1.204200006637427e+25,0.11151522106234295,100000.0
748.5480902532412,1.203704529384365e+25,0.11146933727634228,100000.0
749.0480902532412,1.203210404363825e+25,0.11142357871414808,100000.0
749.5480902532412,1.2027176262697594e+25,0.11137794488439264,100000.0
750.0480902532412,1.2022261898184087e+25,0.11133243529777215,100000.0
750.5480902532412,1.2017360897481904e+25,0.11128704946703655,100000.0
751.0480902532412,1.201247320819613e+25,0.11124178690698147,100000.0
751.5480902532412,1.200759877815173e+25,0.1111966471344389,100000.0
752.0480902532412,1.2002737555392502e+25,0.1111516296682671,100000.0
752.5480902532412,1.1997889488180248e+25,0.11110673402934336,100000.0
753.0480902532412,1.199305452499371e+25,0.11106195974055384,100000.0
753.5480902532412,1.1988232614512076e+25,0.11101730632664102,100000.0
754.0480902532412,1.198342370565588e+25,0.11097277331458226,100000.0
754.5480902532412,1.1978627747551666e+25,0.11092836023326279,100000.0
755.0480902532412,1.1973844689536575e+25,0.11088406661351798,100000.0
755.5480902532412,1.1969074481159794e+25,0.11083989198814694,100000.0
756.0480902532412,1.1964317072181867e+25,0.11079583589190599,100000.0
756.5480902532412,1.1959572412573623e+25,0.11075189786149887,100000.0
757.0480902532412,1.1954840452515292e+25,0.11070807743556843,100000.0
757.5480902532412,1.195012114239562e+25,0.1106643741546885,100000.0
758.0480902532412,1.1945414432810856e+25,0.11062078756135447,100000.0
758.5480902532412,1.1940720274563914e+25,0.11057731719997563,100000.0
759.0480902532412,1.1936038618636439e+25,0.11053396261661634,100000.0
759.5480902532412,1.1931369416252814e+25,0.11049072335958889,100000.0
760.0480902532412,1.1926712618844588e+25,0.11044759897912396,100000.0
760.5480902532412,1.192206817803219e+25,0.11040458902720145,100000.0
761.0480902532412,1.1917436045638112e+25,0.11036169305767245,100000.0
761.5480902532412,1.1912816173686147e+25,0.11031891062625213,100000.0
762.0480902532412,1.1908208514400392e+25,0.11027624129051065,100000.0
762.5480902532412,1.190361302015648e+25,0.11023368460942146,100000.0
763.0480902532412,1.1899029643615743e+25,0.11019124014460376,100000.0
763.5480902532412,1.189445833760499e+25,0.11014890745920905,100000.0
764.0480902532412,1.1889899055141026e+25,0.11010668611814842,100000.0
764.5480902532412,1.1885351749436542e+25,0.11006457568814688,100000.0
765.0480902532412,1.188081637386684e+25,0.11002257573743533,100000.0
765.5480902532412,1.1876292882032836e+25,0.109980685836334,100000.0
766.0480902532412,1.1871781227762034e+25,0.10993890555726141,100000.0
766.5480902532412,1.1867281365042505e+25,0.109897234474123,100000.0
767.0480902532412,1.186279324805401e+25,0.10985567216259944,100000.0
767.5480902532412,1.1858316831100238e+25,0.1098142181995189,100000.0
768.0480902532412,1.1853852068800554e+25,0.10977287216463302,100000.0
768.5480902532412,1.184939891591153e+25,0.10973163363896397,100000.0
769.0480902532412,1.184495732737151e+25,0.10969050220521724,100000.0
769.5480902532412,1.1840527258239378e+25,0.10964947744721455,100000.0
770.0480902532412,1.1836108663879007e+25,0.10960855895160207,100000.0
770.5480902532412,1.1831701499802905e+25,0.10956774630640229,100000.0
771.0480902532412,1.182730572168511e+25,0.10952703910113365,100000.0
771.5480902532412,1.1822921285324756e+25,0.10948643692647299,100000.0
772.0480902532412,1.1818548146849972e+25,0.10944593937614383,100000.0
772.5480902532412,1.1814186262494823e+25,0.10940554604485071,100000.0
773.0480902532412,1.1809835588612018e+25,0.10936525652839689,100000.0
773.5480902532412,1.1805496081830361e+25,0.10932507042514239,100000.0
774.0480902532412,1.1801167698957155e+25,0.10928498733510024,100000.0
774.5480902532412,1.1796850396902988e+25,0.10924500685923993,100000.0
775.0480902532412,1.179254413279616e+25,0.10920512860054714,100000.0
775.5480902532412,1.178824886400225e+25,0.10916535216420477,100000.0
776.0480902532412,1.1783964547965853e+25,0.10912567715612749,100000.0
776.5480902532412,1.177969114234157e+25,0.1090861031841748,100000.0
777.0480902532412,1.177542860502938e+25,0.10904662985847846,100000.0
777.5480902532412,1.177117689398432e+25,0.1090072567896801,100000.0
778.0480902532412,1.1766935967413589e+25,0.10896798359075655,100000.0
778.5480902532412,1.1762705783727945e+25,0.10892880987656964,100000.0
779.0480902532412,1.175848630136991e+25,0.1088897352622754,100000.0
779.5480902532412,1.1754277479124906e+25,0.10885075936620525,100000.0
780.0480902532412,1.1750079275865544e+25,0.10881188180749805,100000.0
780.5480902532412,1.174589165057691e+25,0.10877310220633427,100000.0
781.0480902532412,1.1741714562569955e+25,0.108734420185912,100000.0
781.5480902532412,1.1737547971149016e+25,0.10869583536936811,100000.0
782.0480902532412,1.1733391835919776e+25,0.10865734738263011,100000.0
782.5480902532412,1.1729246116608724e+25,0.10861895585274418,100000.0
783.0480902532412,1.172511077305074e+25,0.10858066040776033,100000.0
783.5480902532412,1.17209857653933e+25,0.10854246067862336,100000.0
784.0480902532412,1.1716871053739945e+25,0.1085043562958711,100000.0
784.5480902532412,1.1712766598587032e+25,0.10846634689367922,100000.0
785.0480902532412,1.17086723604087e+25,0.10842843210601752,100000.0
785.5480902532412,1.1704588299958993e+25,0.10839061156944796,100000.0
786.0480902532412,1.1700514378099688e+25,0.10835288492153008,100000.0
786.5480902532412,1.1696450555853938e+25,0.10831525180131792,100000.0
787.0480902532412,1.1692396794454153e+25,0.10827771184980327,100000.0
787.5480902532412,1.1688353055204005e+25,0.10824026470863791,100000.0
788.0480902532412,1.1684319299689635e+25,0.10820291002208941,100000.0
788.5480902532412,1.1680295489506317e+25,0.1081656474345099,100000.0
789.0480902532412,1.1676281586577455e+25,0.10812847659329021,100000.0
789.5480902532412,1.1672277552800944e+25,0.10809139714558488,100000.0
790.0480902532412,1.1668283350420936e+25,0.10805440874175502,100000.0
790.5480902532412,1.166429894164881e+25,0.1080175110318582,100000.0
791.0480902532412,1.1660324289033377e+25,0.10798070366907686,100000.0
791.5480902532412,1.165635935511008e+25,0.10794398630646958,100000.0
792.0480902532412,1.1652404102716419e+25,0.10790735859989216,100000.0
792.5480902532412,1.1648458494722455e+25,0.10787082020550194,100000.0
793.0480902532412,1.1644522494238679e+25,0.10783437078168276,100000.0
793.5480902532412,1.1640596064480017e+25,0.1077980099877856,100000.0
794.0480902532412,1.1636679168814433e+25,0.10776173748457865,100000.0
794.5480902532412,1.1632771770811887e+25,0.10772555293470067,100000.0
795.0480902532412,1.1628873834082561e+25,0.10768945600116288,100000.0
795.5480902532412,1.1624985322551859e+25,0.10765344634989568,100000.0
796.0480902532412,1.1621106200085747e+25,0.10761752364627901,100000.0
796.5480902532412,1.1617236430912113e+25,0.10758168755904439,100000.0
797.0480902532412,1.1613375979249742e+25,0.10754593775683903,100000.0
797.5480902532412,1.1609524809530242e+25,0.10751027391028102,100000.0
798.0480902532412,1.1605682886362857e+25,0.10747469569163344,100000.0
798.5480902532412,1.1601850174368384e+25,0.10743920277326638,100000.0
799.0480902532412,1.1598026638506728e+25,0.10740379483069022,100000.0
799.5480902532412,1.1594212243720799e+25,0.10736847153925795,100000.0
800.0480902532412,1.159040695516739e+25,0.10733323257630326,100000.0
800.5480902532412,1.1586610738184248e+25,0.10729807762083554,100000.0
801.0480902532412,1.1582823558110137e+25,0.10726300635187361,100000.0
801.5480902532412,1.1579045380603147e+25,0.10722801845139342,100000.0
802.0480902532412,1.1575276171372745e+25,0.10719311360184669,100000.0
802.5480902532412,1.1571515896207797e+25,0.10715829148642042,100000.0
803.0480902532412,1.156776452118814e+25,0.10712355179099615,100000.0
803.5480902532412,1.1564022012423222e+25,0.10708889420172965,100000.0
804.0480902532412,1.1560288336147766e+25,0.10705431840593678,100000.0
804.5480902532412,1.1556563458842725e+25,0.10701982409321362,100000.0
805.0480902532412,1.155284734703565e+25,0.1069854109535878,100000.0
805.5480902532412,1.1549139967374218e+25,0.10695107867819934,100000.0
806.0480902532412,1.1545441286748908e+25,0.10691682696043676,100000.0
806.5480902532412,1.1541751272113595e+25,0.10688265549427564,100000.0
807.0480902532412,1.153806989049653e+25,0.10684856397438035,100000.0
807.5480902532412,1.1534397109206064e+25,0.10681455209800912,100000.0
808.0480902532412,1.153073289560791e+25,0.10678061956295136,100000.0
808.5480902532412,1.1527077217146502e+25,0.10674676606772551,100000.0
809.0480902532412,1.1523430041488788e+25,0.10671299131291058,100000.0
809.5480902532412,1.1519791336422546e+25,0.10667929500020455,100000.0
810.0480902532412,1.1516161069837238e+25,0.10664567683224702,100000.0
810.5480902532412,1.1512539209706418e+25,0.10661213651245637,100000.0
811.0480902532412,1.1508925724254747e+25,0.10657867374657631,100000.0
811.5480902532412,1.1505320581772367e+25,0.10654528824095698,100000.0
812.0480902532412,1.150172375066466e+25,0.10651197970301571,100000.0
812.5480902532412,1.1498135199445335e+25,0.10647874784117292,100000.0
813.0480902532412,1.1494554896844116e+25,0.10644559236584951,100000.0
813.5480902532412,1.1490982811667139e+25,0.10641251298817402,100000.0
814.0480902532412,1.148741891284817e+25,0.10637950942045679,100000.0
814.5480902532412,1.1483863169390904e+25,0.1063465813756559,100000.0
815.0480902532412,1.1480315550539782e+25,0.10631372856895872,100000.0
815.5480902532412,1.1476776025609695e+25,0.10628095071620515,100000.0
816.0480902532412,1.1473244564039472e+25,0.1062482475343827,100000.0
816.5480902532412,1.146972113538018e+25,0.10621561874151833,100000.0
817.0480902532412,1.1466205709293915e+25,0.1061830640566672,100000.0
817.5480902532412,1.1462698255632753e+25,0.10615058320064374,100000.0
818.0480902532412,1.1459198744331982e+25,0.10611817589503299,100000.0
818.5480902532412,1.1455707145449637e+25,0.1060858418625567,100000.0
819.0480902532412,1.1452223429166076e+25,0.10605358082706935,100000.0
819.5480902532412,1.1448747565747584e+25,0.10602139251322124,100000.0
820.0480902532412,1.1445279525646782e+25,0.10598927664738812,100000.0
820.5480902532412,1.1441819279415806e+25,0.1059572329568674,100000.0
821.0480902532412,1.1438366797718917e+25,0.10592526116999477,100000.0
821.5480902532412,1.1434922051340163e+25,0.10589336101621524,100000.0
822.0480902532412,1.1431485011182687e+25,0.10586153222607668,100000.0
822.5480902532412,1.1428055648258526e+25,0.1058297745311354,100000.0
823.0480902532412,1.1424633933693422e+25,0.10579808766400066,100000.0
823.5480902532412,1.1421219838770714e+25,0.10576647135874113,100000.0
824.0480902532412,1.1417813334865283e+25,0.10573492535027328,100000.0
824.5480902532412,1.1414414393468694e+25,0.10570344937459403,100000.0
825.0480902532412,1.141102298618879e+25,0.10567204316877721,100000.0
825.5480902532412,1.1407639084748977e+25,0.1056407064709667,100000.0
826.0480902532412,1.1404262660987953e+25,0.10560943902037415,100000.0
826.5480902532412,1.1400893686859126e+25,0.10557824055727345,100000.0
827.0480902532412,1.1397532134420343e+25,0.10554711082290563,100000.0
827.5480902532412,1.139417797585076e+25,0.10551604955963513,100000.0
828.0480902532412,1.1390831183458298e+25,0.10548505651101878,100000.0
828.5480902532412,1.1387491729650412e+25,0.10545413142153519,100000.0
829.0480902532412,1.1384159586946763e+25,0.10542327403670207,100000.0
829.5480902532412,1.138083472797885e+25,0.10539248410307275,100000.0
830.0480902532412,1.1377517125489593e+25,0.10536176136823242,100000.0
830.5480902532412,1.1374206752332757e+25,0.10533110558079274,100000.0
831.0480902532412,1.1370903581472502e+25,0.10530051649038767,100000.0
831.5480902532412,1.1367607585982957e+25,0.1052699938476696,100000.0
832.0480902532412,1.1364318739047721e+25,0.10523953740430457,100000.0
832.5480902532412,1.1361037013959412e+25,0.1052091469129683,100000.0
833.0480902532412,1.1357762384119195e+25,0.10517882212734163,100000.0
833.5480902532412,1.135449482303639e+25,0.105148562802107,100000.0
834.0480902532412,1.1351234304327863e+25,0.10511836869294282,100000.0
834.5480902532412,1.134798080171774e+25,0.1050882395565207,100000.0
835.0480902532412,1.1344734289036823e+25,0.10505817515050023,100000.0
835.5480902532412,1.1341494740222233e+25,0.10502817523352548,100000.0
836.0480902532412,1.1338262129316918e+25,0.10499823956522057,100000.0
836.5480902532412,1.1335036430469188e+25,0.10496836790618533,100000.0
837.0480902532412,1.1331817617932315e+25,0.10493856001799155,100000.0
837.5480902532412,1.1328605666064062e+25,0.10490881566317878,100000.0
838.0480902532412,1.1325400549326248e+25,0.10487913460525004,100000.0
838.5480902532412,1.1322202242284298e+25,0.10484951660866787,100000.0
839.0480902532412,1.1319010719606859e+25,0.1048199614388507,100000.0
839.5480902532412,1.1315825956065219e+25,0.10479046886216743,100000.0
840.0480902532412,1.1312647926533094e+25,0.10476103864593557,100000.0
840.5480902532412,1.130947660598598e+25,0.10473167055841509,100000.0
841.0480902532412,1.130631196950093e+25,0.10470236436880645,100000.0
841.5480902532412,1.1303153992255916e+25,0.10467311984724471,100000.0
842.0480902532412,1.1300002649529583e+25,0.10464393676479718,100000.0
842.5480902532412,1.1296857916700673e+25,0.10461481489345813,100000.0
843.0480902532412,1.1293719769247734e+25,0.10458575400614606,100000.0
843.5480902532412,1.1290588182748633e+25,0.10455675387669927,100000.0
844.0480902532412,1.128746313288014e+25,0.10452781427987193,100000.0
844.5480902532412,1.1284344595417534e+25,0.1044989349913304,100000.0
845.0480902532412,1.1281232546221099e+25,0.10447011578752834,100000.0
845.5480902532412,1.1278126961265392e+25,0.10444135644597755,100000.0
846.0480902532412,1.1275027816627145e+25,0.10441265674513604,100000.0
846.5480902532412,1.1271935088471428e+25,0.10438401646427992,100000.0
847.0480902532412,1.1268848753059824e+25,0.104355435383579,100000.0
847.5480902532412,1.126576878674996e+25,0.10432691328409252,100000.0
848.0480902532412,1.1262695165995058e+25,0.10429844994776506,100000.0
848.5480902532412,1.1259627867343562e+25,0.10427004515742287,100000.0
849.0480902532412,1.1256566867438782e+25,0.10424169869677084,100000.0
849.5480902532412,1.1253512143001388e+25,0.10421341035023016,100000.0
850.0480902532412,1.1250463670864752e+25,0.10418517990326573,100000.0
850.5480902532412,1.1247421427968666e+25,0.10415700714232799,100000.0
851.0480902532412,1.1244385391331758e+25,0.10412889185459737,100000.0
851.5480902532412,1.1241355538065585e+25,0.10410083382811493,100000.0
852.0480902532412,1.1238331845374059e+25,0.104072832851777,100000.0
852.5480902532412,1.123531429055325e+25,0.10404488871533325,100000.0
853.0480902532412,1.1232302850960122e+25,0.10401700120909736,100000.0
853.5480902532412,1.122929750409528e+25,0.10398917012471318,100000.0
854.0480902532412,1.1226298227536876e+25,0.1039613952545426,100000.0
854.5480902532412,1.1223304998945404e+25,0.10393367639171014,100000.0
855.0480902532412,1.122031779607158e+25,0.10390601333017582,100000.0
855.5480902532412,1.121733659674907e+25,0.10387840586466775,100000.0
856.0480902532412,1.1214361378876043e+25,0.10385085379051141,100000.0
856.5480902532412,1.1211392120508876e+25,0.10382335690449741,100000.0
857.0480902532412,1.1208428799755103e+25,0.10379591500389,100000.0
857.5480902532412,1.1205471394810584e+25,0.1037685278867715,100000.0
858.0480902532412,1.1202519883948809e+25,0.10374119535194302,100000.0
858.5480902532412,1.1199574245511355e+25,0.10371391719883624,100000.0
859.0480902532412,1.1196634457995786e+25,0.10368669322832734,100000.0
859.5480902532412,1.1193700499947415e+25,0.10365952324173473,100000.0
860.0480902532412,1.1190772349998e+25,0.10363240704117727,100000.0
860.5480902532412,1.1187849986824954e+25,0.1036053444291967,100000.0
861.0480902532412,1.1184933389257647e+25,0.10357833520974181,100000.0
861.5480902532412,1.118202253619884e+25,0.10355137918744123,100000.0
862.0480902532412,1.1179117406622517e+25,0.10352447616758301,100000.0
862.5480902532412,1.1176217979549805e+25,0.1034976259558918,100000.0
863.0480902532412,1.1173324234139682e+25,0.10347082835936885,100000.0
863.5480902532412,1.1170436149639721e+25,0.10344408318583583,100000.0
864.0480902532412,1.1167553705360434e+25,0.10341739024369725,100000.0
864.5480902532412,1.1164676880644295e+25,0.1033907493416536,100000.0
865.0480902532412,1.1161805655007787e+25,0.1033641602900168,100000.0
865.5480902532412,1.1158940008020852e+25,0.10333762289959383,100000.0
866.0480902532412,1.1156079919309213e+25,0.10331113698170825,100000.0
866.5480902532412,1.1153225368561917e+25,0.10328470234826996,100000.0
867.0480902532412,1.1150376335633094e+25,0.1032583188127177,100000.0
867.5480902532412,1.1147532800408773e+25,0.10323198618878555,100000.0
868.0480902532412,1.1144694742797623e+25,0.1032057042904173,100000.0
868.5480902532412,1.1141862142894197e+25,0.10317947293327806,100000.0
869.0480902532412,1.1139034980836454e+25,0.10315329193343496,100000.0
869.5480902532412,1.113621323678758e+25,0.10312716110718873,100000.0
870.0480902532412,1.1133396891050925e+25,0.10310108027213809,100000.0
870.5480902532412,1.1130585924019812e+25,0.10307504924671491,100000.0
871.0480902532412,1.1127780316099704e+25,0.10304906784946359,100000.0
871.5480902532412,1.1124980047818233e+25,0.10302313590005976,100000.0
872.0480902532412,1.1122185099811778e+25,0.10299725321918617,100000.0
872.5480902532412,1.1119395452716235e+25,0.1029714196275211,100000.0
873.0480902532412,1.1116611087298555e+25,0.10294563494695645,100000.0
873.5480902532412,1.1113831984426227e+25,0.10291989900031516,100000.0
874.0480902532412,1.1111058124953804e+25,0.10289421161030037,100000.0
874.5480902532412,1.1108289489902368e+25,0.10286857260115738,100000.0
875.0480902532412,1.1105526060358787e+25,0.10284298179774065,100000.0
875.5480902532412,1.1102767817384597e+25,0.10281743902467015,100000.0
876.0480902532412,1.11000147422697e+25,0.10279194410868055,100000.0
876.5480902532412,1.1097266816284439e+25,0.10276649687632543,100000.0
877.0480902532412,1.1094524020758576e+25,0.10274109715470862,100000.0
877.5480902532412,1.1091786337192537e+25,0.1027157447725144,100000.0
878.0480902532412,1.1089053747040913e+25,0.10269043955800256,100000.0
878.5480902532412,1.108632623192659e+25,0.10266518134099142,100000.0
879.0480902532412,1.1083603773522333e+25,0.10263996995176121,100000.0
879.5480902532412,1.108088635350782e+25,0.10261480522065614,100000.0
880.0480902532412,1.1078173953764608e+25,0.10258968697988993,100000.0
880.5480902532412,1.1075466556108567e+25,0.10256461506106808,100000.0
881.0480902532412,1.1072764142536227e+25,0.10253958929746897,100000.0
881.5480902532412,1.1070066695066927e+25,0.10251460952258233,100000.0
882.0480902532412,1.1067374195770514e+25,0.10248967557036551,100000.0
882.5480902532412,1.1064686626876854e+25,0.10246478727625782,100000.0
883.0480902532412,1.1062003970535859e+25,0.10243994447495808,100000.0
883.5480902532412,1.1059326209153352e+25,0.10241514700353502,100000.0
884.0480902532412,1.1056653325042261e+25,0.10239039469819709,100000.0
884.5480902532412,1.1053985300701724e+25,0.10236568739687714,100000.0
885.0480902532412,1.1051322118631967e+25,0.10234102493751812,100000.0
885.5480902532412,1.1048663761427998e+25,0.1023164071589407,100000.0
886.0480902532412,1.1046010211769904e+25,0.10229183390075343,100000.0
886.5480902532412,1.1043361452355036e+25,0.1022673050027247,100000.0
887.0480902532412,1.1040717466034592e+25,0.10224282030604766,100000.0
887.5480902532412,1.1038078235614624e+25,0.10221837965149734,100000.0
888.0480902532412,1.103544374410877e+25,0.10219398288177116,100000.0
888.5480902532412,1.1032813974438174e+25,0.10216962983870993,100000.0
889.0480902532412,1.103018890977036e+25,0.10214532036643616,100000.0
889.5480902532412,1.1027568533147767e+25,0.10212105430791395,100000.0
890.0480902532412,1.102495282788294e+25,0.10209683150860874,100000.0
890.5480902532412,1.1022341777147016e+25,0.10207265181267647,100000.0
891.0480902532412,1.1019735364388798e+25,0.10204851506684436,100000.0
891.5480902532412,1.1017133572912207e+25,0.10202442111649797,100000.0
892.0480902532412,1.1014536386296011e+25,0.10200036980956816,100000.0
892.5480902532412,1.1011943787983354e+25,0.10197636099272973,100000.0
893.0480902532412,1.100935576167357e+25,0.10195239451503002,100000.0
893.5480902532412,1.1006772290955458e+25,0.1019284702244927,100000.0
894.0480902532412,1.1004193359640757e+25,0.10190458797120601,100000.0
894.5480902532412,1.10016189514698e+25,0.10188074760459694,100000.0
895.0480902532412,1.0999049050358725e+25,0.10185694897572048,100000.0
895.5480902532412,1.0996483640205264e+25,0.10183319193546123,100000.0
896.0480902532412,1.0993922705021965e+25,0.10180947633576701,100000.0
896.5480902532412,1.0991366228869769e+25,0.10178580202903377,100000.0
897.0480902532412,1.0988814195849771e+25,0.1017621688680294,100000.0
897.5480902532412,1.0986266590191833e+25,0.1017385767067141,100000.0
898.0480902532412,1.0983723396077772e+25,0.10171502539860328,100000.0
898.5480902532412,1.0981184597897844e+25,0.10169151479914247,100000.0
899.0480902532412,1.097865017994952e+25,0.1016680447629181,100000.0
899.5480902532412,1.097612012673029e+25,0.10164461514636879,100000.0
900.0480902532412,1.0973594422708249e+25,0.10162122580566098,100000.0
900.5480902532412,1.0971073052441965e+25,0.10159787659779893,100000.0
901.0480902532412,1.0968556000588582e+25,0.10157456738069974,100000.0
901.5480902532412,1.0966043251760097e+25,0.10155129801186251,100000.0
902.0480902532412,1.0963534790777252e+25,0.1015280683507193,100000.0
902.5480902532412,1.0961030602391138e+25,0.10150487825605728,100000.0
903.0480902532412,1.0958530671487383e+25,0.10148172758790945,100000.0
903.5480902532412,1.0956034983012573e+25,0.1014586162068733,100000.0
904.0480902532412,1.0953543521886763e+25,0.10143554397330068,100000.0
904.5480902532412,1.0951056273226372e+25,0.10141251074936182,100000.0
905.0480902532412,1.094857322209454e+25,0.1013895163967336,100000.0
905.5480902532412,1.094609435365555e+25,0.10136656077802951,100000.0
906.0480902532412,1.0943619653169136e+25,0.10134364375674695,100000.0
906.5480902532412,1.0941149105851462e+25,0.1013207651959799,100000.0
907.0480902532412,1.093868269709349e+25,0.10129792496044102,100000.0
907.5480902532412,1.0936220412296682e+25,0.10127512291494017,100000.0
908.0480902532412,1.0933762236856843e+25,0.10125235892423491,100000.0
908.5480902532412,1.0931308156353097e+25,0.10122963285478037,100000.0
909.0480902532412,1.0928858156336602e+25,0.10120694457277271,100000.0
909.5480902532412,1.0926412222401571e+25,0.1011842939448068,100000.0
910.0480902532412,1.0923970340284765e+25,0.10116168083879759,100000.0
910.5480902532412,1.0921532495704264e+25,0.10113910512248704,100000.0
911.0480902532412,1.0919098674435817e+25,0.10111656666415113,100000.0
911.5480902532412,1.0916668862379014e+25,0.10109406533321266,100000.0
912.0480902532412,1.0914243045424122e+25,0.10107160099900817,100000.0
912.5480902532412,1.0911821209511675e+25,0.10104917353133963,100000.0
913.0480902532412,1.0909403340709403e+25,0.10102678280118693,100000.0
913.5480902532412,1.0906989425084742e+25,0.1010044286795272,100000.0
914.0480902532412,1.0904579448726655e+25,0.10098211103753704,100000.0
914.5480902532412,1.0902173397876077e+25,0.10095982974780023,100000.0
915.0480902532412,1.0899771258774925e+25,0.10093758468290975,100000.0
915.5480902532412,1.0897373017667622e+25,0.1009153757154818,100000.0
916.0480902532412,1.089497866095014e+25,0.1008932027195359,100000.0
916.5480902532412,1.0892588175035042e+25,0.10087106556924533,100000.0
917.0480902532412,1.0890201546355805e+25,0.10084896413897694,100000.0
917.5480902532412,1.0887818761418784e+25,0.10082689830377255,100000.0
918.0480902532412,1.0885439806821777e+25,0.10080486793952075,100000.0
918.5480902532412,1.0883064669183693e+25,0.10078287292230563,100000.0
919.0480902532412,1.0880693335130911e+25,0.10076091312828045,100000.0
919.5480902532412,1.0878325791426037e+25,0.10073898843486004,100000.0
920.0480902532412,1.08759620248547e+25,0.10071709871967241,100000.0
920.5480902532412,1.0873602022243646e+25,0.10069524386072633,100000.0
921.0480902532412,1.0871245770429331e+25,0.10067342373612047,100000.0
921.5480902532412,1.0868893256393952e+25,0.10065163822530321,100000.0
922.0480902532412,1.0866544467122769e+25,0.1006298872077512,100000.0
922.5480902532412,1.0864199389650919e+25,0.10060817056340307,100000.0
923.0480902532412,1.0861858011021893e+25,0.10058648817227474,100000.0
923.5480902532412,1.085952031842135e+25,0.10056483991569871,100000.0
924.0480902532412,1.0857186299039122e+25,0.10054322567504614,100000.0
924.5480902532412,1.0854855940115605e+25,0.1005216453321564,100000.0
925.0480902532412,1.0852529228909346e+25,0.100500098769037,100000.0
925.5480902532412,1.085020615278264e+25,0.10047858586865611,100000.0
926.0480902532412,1.0847886699138437e+25,0.10045710651435855,100000.0
926.5480902532412,1.0845570855417578e+25,0.10043566058983985,100000.0
927.0480902532412,1.0843258609106584e+25,0.10041424797921872,100000.0
927.5480902532412,1.0840949947712985e+25,0.10039286856680829,100000.0
928.0480902532412,1.083864485886291e+25,0.1003715222380201,100000.0
928.5480902532412,1.0836343330194395e+25,0.10035020887837583,100000.0
929.0480902532412,1.0834045349394256e+25,0.100328928373849,100000.0
929.5480902532412,1.083175090419688e+25,0.10030768061085361,100000.0
930.0480902532412,1.0829459982351825e+25,0.10028646547594415,100000.0
930.5480902532412,1.0827172571727196e+25,0.10026528285677293,100000.0
931.0480902532412,1.0824888660202977e+25,0.10024413264110225,100000.0
931.5480902532412,1.0822608235706995e+25,0.10022301471713747,100000.0
932.0480902532412,1.08203312862146e+25,0.10020192897352408,100000.0
932.5480902532412,1.0818057799736142e+25,0.10018087529923159,100000.0
933.0480902532412,1.0815787764334847e+25,0.10015985358371926,100000.0
933.5480902532412,1.0813521168147856e+25,0.10013886371713082,100000.0
934.0480902532412,1.0811257999338997e+25,0.10011790558985709,100000.0
934.5480902532412,1.0808998246118784e+25,0.10009697909272128,100000.0
935.0480902532412,1.0806741896744191e+25,0.10007608411697681,100000.0
935.5480902532412,1.0804488939518416e+25,0.1000552205543052,100000.0
936.0480902532412,1.0802239362765554e+25,0.10003438829658147,100000.0
936.5480902532412,1.0799993154904627e+25,0.10001358723655966,100000.0
937.0480902532412,1.0797750304378571e+25,0.09999281726721533,100000.0
937.5480902532412,1.079551079967377e+25,0.09997207828192638,100000.0
938.0480902532412,1.0793274629321824e+25,0.09995137017448943,100000.0
938.5480902532412,1.0791041781899608e+25,0.09993069283912034,100000.0
939.0480902532412,1.0788812246028856e+25,0.09991004617045046,100000.0
939.5480902532412,1.0786586010373048e+25,0.09988943006349763,100000.0
940.0480902532412,1.078436306362792e+25,0.09986884441357848,100000.0
940.5480902532412,1.0782143394568108e+25,0.09984828911674025,100000.0
941.0480902532412,1.0779926991993318e+25,0.09982776406926239,100000.0
941.5480902532412,1.0777713844747329e+25,0.09980726916783242,100000.0
942.0480902532412,1.0775503941717774e+25,0.09978680430954402,100000.0
942.5480902532412,1.077329727183592e+25,0.09976636939189495,100000.0
943.0480902532412,1.0771093824076545e+25,0.09974596431278587,100000.0
943.5480902532412,1.0768893587457792e+25,0.09972558897051903,100000.0
944.0480902532412,1.0766696551040926e+25,0.09970524326379601,100000.0
944.5480902532412,1.076450270393019e+25,0.09968492709171642,100000.0
945.0480902532412,1.0762312035263748e+25,0.09966464035369402,100000.0
945.5480902532412,1.0760124534235268e+25,0.09964438294965644,100000.0
946.0480902532412,1.075794019008239e+25,0.09962415477993862,100000.0
946.5480902532412,1.0755758992079491e+25,0.09960395574521572,100000.0
947.0480902532412,1.075358092954299e+25,0.09958378574655215,100000.0
947.5480902532412,1.0751405991831327e+25,0.09956364468540149,100000.0
948.0480902532412,1.074923416834465e+25,0.09954353246360362,100000.0
948.5480902532412,1.0747065448524668e+25,0.09952344898338317,100000.0
949.0480902532412,1.0744899821854593e+25,0.09950339414734921,100000.0
949.5480902532412,1.0742737277858784e+25,0.09948336785849185,100000.0
950.0480902532412,1.0740577806102777e+25,0.09946337002018246,100000.0
950.5480902532412,1.0738421396192968e+25,0.09944340053617083,100000.0
951.0480902532412,1.073626803777647e+25,0.09942345931058384,100000.0
951.5480902532412,1.0734117720541026e+25,0.09940354624792455,100000.0
952.0480902532412,1.0731970434214812e+25,0.09938366125307055,100000.0
952.5480902532412,1.0729826168566225e+25,0.0993638042312718,100000.0
953.0480902532412,1.0727684913403732e+25,0.09934397508814938,100000.0
953.5480902532412,1.0725546658575748e+25,0.09932417372969429,100000.0
954.0480902532412,1.0723411393970447e+25,0.09930440006226579,100000.0
954.5480902532412,1.0721279109515613e+25,0.09928465399258983,100000.0
955.0480902532412,1.0719149795178412e+25,0.09926493542775713,100000.0
955.5480902532412,1.0717023440965367e+25,0.09924524427522284,100000.0
956.0480902532412,1.0714900036922085e+25,0.09922558044280415,100000.0
956.5480902532412,1.071277957313311e+25,0.09920594383867866,100000.0
957.0480902532412,1.0710662039721824e+25,0.0991863343713838,100000.0
957.5480902532412,1.0708547426850226e+25,0.09916675194981449,100000.0
958.0480902532412,1.0706435724718792e+25,0.099147196483222,100000.0
958.5480902532412,1.0704326923566342e+25,0.09912766788121272,100000.0
959.0480902532412,1.0702221013669892e+25,0.09910816605374673,100000.0
959.5480902532412,1.0700117985344426e+25,0.09908869091113567,100000.0
960.0480902532412,1.0698017828942821e+25,0.09906924236404221,100000.0
960.5480902532412,1.069592053485567e+25,0.09904982032347816,100000.0
961.0480902532412,1.06938260935111e+25,0.09903042470080298,100000.0
961.5480902532412,1.0691734495374623e+25,0.09901105540772234,100000.0
962.0480902532412,1.0689645730949078e+25,0.09899171235628752,100000.0
962.5480902532412,1.068755979077433e+25,0.09897239545889278,100000.0
963.0480902532412,1.06854766654272e+25,0.09895310462827449,100000.0
963.5480902532412,1.0683396345521352e+25,0.0989338397775103,100000.0
964.0480902532412,1.0681318821707077e+25,0.098914600820017,100000.0
964.5480902532412,1.0679244084671121e+25,0.09889538766954901,100000.0
965.0480902532412,1.0677172125136668e+25,0.09887620024019814,100000.0
965.5480902532412,1.0675102933863026e+25,0.09885703844639075,100000.0
966.0480902532412,1.0673036501645602e+25,0.0988379022028875,100000.0
966.5480902532412,1.0670972819309647e+25,0.0988187914247254,100000.0
967.0480902532412,1.0668911877720174e+25,0.0987997060273097,100000.0
967.5480902532412,1.06668536677874e+25,0.09878064592646425,100000.0
968.0480902532412,1.0664798180449523e+25,0.09876161103827201,100000.0
968.5480902532412,1.0662745406680027e+25,0.09874260127914276,100000.0
969.0480902532412,1.066069533748764e+25,0.09872361656581258,100000.0
969.5480902532412,1.0658647963916076e+25,0.09870465681534159,100000.0
970.0480902532412,1.0656603277043985e+25,0.09868572194511341,100000.0
970.5480902532412,1.065456126798482e+25,0.09866681187283396,100000.0
971.0480902532412,1.0652521927886515e+25,0.09864792651652853,100000.0
971.5480902532412,1.0650485247931653e+25,0.09862906579454316,100000.0
972.0480902532412,1.0648451219323722e+25,0.09861022962541756,100000.0
972.5480902532412,1.0646419833319654e+25,0.09859141792818638,100000.0
973.0480902532412,1.0644391081211434e+25,0.09857263062220879,100000.0
973.5480902532412,1.064236495431813e+25,0.09855386762709488,100000.0
974.0480902532412,1.0640341443992533e+25,0.09853512886276693,100000.0
974.5480902532412,1.063832054162115e+25,0.09851641424945952,100000.0
975.0480902532412,1.0636302238623966e+25,0.09849772370771719,100000.0
975.5480902532412,1.0634286526454323e+25,0.09847905715839342,100000.0
976.0480902532412,1.06322733965838e+25,0.09846041452251059,100000.0
976.5480902532412,1.063026284053683e+25,0.09844179572158046,100000.0
977.0480902532412,1.0628254849875888e+25,0.09842320067746722,100000.0
977.5480902532412,1.0626249416186549e+25,0.09840462931224882,100000.0
978.0480902532412,1.0624246531087037e+25,0.09838608154830566,100000.0
978.5480902532412,1.062224618622817e+25,0.09836755730831995,100000.0
979.0480902532412,1.062024837329322e+25,0.09834905651527445,100000.0
979.5480902532412,1.061825308397254e+25,0.09833057909221742,100000.0
980.0480902532412,1.0616260310034974e+25,0.0983121249629241,100000.0
980.5480902532412,1.061427004326394e+25,0.09829369405130466,100000.0
981.0480902532412,1.0612282275471178e+25,0.09827528628153145,100000.0
981.5480902532412,1.0610296998500232e+25,0.09825690157807151,100000.0
982.0480902532412,1.0608314204226271e+25,0.09823853986568461,100000.0
982.5480902532412,1.060633388452492e+25,0.09822020106913479,100000.0
983.0480902532412,1.0604356031363836e+25,0.09820188511403834,100000.0
983.5480902532412,1.060238063671347e+25,0.09818359192603744,100000.0
984.0480902532412,1.060040769257446e+25,0.09816532143105382,100000.0
984.5480902532412,1.0598437190978386e+25,0.09814707355529574,100000.0
985.0480902532412,1.0596469123965634e+25,0.09812884822505302,100000.0
985.5480902532412,1.059450348363824e+25,0.09811064536718637,100000.0
986.0480902532412,1.0592540262133037e+25,0.09809246490887877,100000.0
986.5480902532412,1.059057945160446e+25,0.09807430677747614,100000.0
987.0480902532412,1.0588621044237432e+25,0.09805617090060681,100000.0
987.5480902532412,1.058666503221957e+25,0.09803805720592403,100000.0
988.0480902532412,1.058471140781304e+25,0.09801996562177136,100000.0
988.5480902532412,1.0582760163303404e+25,0.09800189607670913,100000.0
989.0480902532412,1.0580811290995927e+25,0.09798384849948005,100000.0
989.5480902532412,1.057886478321917e+25,0.09796582281904258,100000.0
990.0480902532412,1.0576920632310635e+25,0.09794781896443795,100000.0
990.5480902532412,1.0574978830697946e+25,0.09792983686554202,100000.0
991.0480902532412,1.0573039370804917e+25,0.09791187645219536,100000.0
991.5480902532412,1.0571102245084597e+25,0.09789393765450922,100000.0
992.0480902532412,1.0569167445982054e+25,0.09787602040252102,100000.0
992.5480902532412,1.0567234966040106e+25,0.0978581246271733,100000.0
993.0480902532412,1.056530479780438e+25,0.09784025025943471,100000.0
993.5480902532412,1.056337693384405e+25,0.09782239723049192,100000.0
994.0480902532412,1.0561451366720676e+25,0.09780456547146102,100000.0
994.5480902532412,1.0559528089088477e+25,0.09778675491431629,100000.0
995.0480902532412,1.0557607093610736e+25,0.0977689654911159,100000.0
995.5480902532412,1.0555688372970876e+25,0.09775119713410449,100000.0
996.0480902532412,1.0553771919836128e+25,0.09773344977537676,100000.0
996.5480902532412,1.0551857726988104e+25,0.09771572334808672,100000.0
997.0480902532412,1.054994578719697e+25,0.0976980177852823,100000.0
997.5480902532412,1.054803609324611e+25,0.09768033302013382,100000.0
998.0480902532412,1.0546128637935344e+25,0.09766266898596389,100000.0
998.5480902532412,1.0544223414151846e+25,0.09764502561690404,100000.0
999.0480902532412,1.0542320414774596e+25,0.09762740284700984,100000.0
999.5480902532412,1.0540419632674359e+25,0.0976098006102609,100000.0
