time_days,luminosity,flux_mjy,bh_mass_msun
6.476630053833254,1.1041626559438268e-07,1.0225123898660891e-33,1000000.0
6.976630053833254,1.158619025023017e+25,0.10729418368237893,1000000.0
7.476630053833254,2.6386007241718785e+25,0.24434823237787884,1000000.0
7.976630053833254,3.950030195370742e+25,0.3657934628896949,1000000.0
8.476630053833254,5.062548654661864e+25,0.468818492984335,1000000.0
8.976630053833254,5.941300450699019e+25,0.5501955069802495,1000000.0
9.476630053833254,6.5948279409327925e+25,0.6107155718714967,1000000.0
9.976630053833254,7.171021071953016e+25,0.6640740704814956,1000000.0
10.476630053833254,8.141284845240211e+25,0.7539255723669979,1000000.0
10.976630053833254,9.989159733618796e+25,0.9250484552247246,1000000.0
11.476630053833254,1.3175496554487985e+26,1.2201199159453653,1000000.0
11.976630053833254,1.8018619359653755e+26,1.668618427216964,1000000.0
12.476630053833254,2.465229859964951e+26,2.282931832654052,1000000.0
12.976630053833254,3.3055644831964725e+26,3.0611256605853203,1000000.0
13.476630053833254,4.310752596589347e+26,3.9919824456409296,1000000.0
13.976630053833254,5.463308840218947e+26,5.059309829686002,1000000.0
14.476630053833254,6.743439768558098e+26,6.2447780465572595,1000000.0
14.976630053833254,8.130839167654297e+26,7.529582479701213,1000000.0
15.476630053833254,9.605690866101931e+26,8.895372317602117,1000000.0
15.976630053833254,1.1149218099275502e+27,10.324759293805007,1000000.0
16.476630053833254,1.2743976186680285e+27,11.801588721455472,1000000.0
16.976630053833254,1.4373995306026066e+27,13.31107170956195,1000000.0
17.476630053833254,1.6024831535311172e+27,14.839832430636104,1000000.0
17.976630053833254,1.7683559432898167e+27,16.375901249454692,1000000.0
18.476630053833254,1.9338726532398356e+27,17.90867258294178,1000000.0
18.976630053833254,2.0980283156443816e+27,19.428839904049426,1000000.0
19.476630053833254,2.2599496822249922e+27,20.928316476830258,1000000.0
19.976630053833254,2.4188857896273465e+27,22.40014798771467,1000000.0
20.476630053833254,2.5741981294499676e+27,23.838421514833506,1000000.0
20.976630053833254,2.725350771957574e+27,25.238174068436347,1000000.0
21.476630053833254,2.8719006912711555e+27,26.59530299708974,1000000.0
21.976630053833254,3.013488463184555e+27,27.906479844591725,1000000.0
22.476630053833254,3.149829450165296e+27,29.16906871846749,1000000.0
22.976630053833254,3.280705541777433e+27,30.381049801963467,1000000.0
23.476630053833254,3.4059574899107546e+27,31.540948374259518,1000000.0
23.976630053833254,3.525477848297086e+27,32.6477694266958,1000000.0
24.476630053833254,3.639204513492538e+27,33.700937848889005,1000000.0
24.976630053833254,3.747114847538841e+27,34.70024400150125,1000000.0
25.476630053833254,3.849220359089945e+27,35.64579446068949,1000000.0
25.976630053833254,3.9455619081160895e+27,36.537967611156326,1000000.0
26.476630053833254,4.03620540281973e+27,37.377373797340084,1000000.0
26.976630053833254,4.1212379512294946e+27,38.164819685161305,1000000.0
27.476630053833254,4.20076443043676e+27,38.901276491358466,1000000.0
27.976630053833254,4.2749044412124696e+27,39.587851781646364,1000000.0
28.476630053833254,4.3437896105057877e+27,40.225764490442266,1000000.0
28.976630053833254,4.407561211689801e+27,40.816322883096056,1000000.0
29.476630053833254,4.466368071334365e+27,41.360905171511554,1000000.0
29.976630053833254,4.5203647336879827e+27,41.8609425162884,1000000.0
30.476630053833254,4.5697098588537254e+27,42.317904192992955,1000000.0
30.976630053833254,4.6145648270271127e+27,42.73328466667084,1000000.0
31.476630053833254,4.65509253044799e+27,43.108592404689226,1000000.0
31.976630053833254,4.691456330553656e+27,43.445340219429205,1000000.0
32.476630053833254,4.7238191625459265e+27,43.745036976108274,1000000.0
32.976630053833254,4.7523427720670976e+27,44.009180524000406,1000000.0
33.476630053833254,4.777187067359271e+27,44.23925169709242,1000000.0
33.976630053833254,4.798509574660641e+27,44.43670927076869,1000000.0
34.476630053833254,4.816464984340938e+27,44.60298575878785,1000000.0
34.976630053833254,4.831204776984222e+27,44.739483950613874,1000000.0
35.476630053833254,4.842876919933525e+27,44.84757410126064,1000000.0
35.976630053833254,4.8516256250334476e+27,44.92859168786167,1000000.0
36.476630053833254,4.8575911608370725e+27,44.98383567060788,1000000.0
36.976630053833254,4.8609097113052494e+27,45.014567184228994,1000000.0
37.476630053833254,4.861713276001195e+27,45.02200861374339,1000000.0
37.976630053833254,4.8601296043001955e+27,45.00734298520546,1000000.0
38.476630053833254,4.8562821624311046e+27,44.971713660492675,1000000.0
38.976630053833254,4.850290124168365e+27,44.91622425110883,1000000.0
39.476630053833254,4.842268386325325e+27,44.84193876166022,1000000.0
39.976630053833254,4.832327601910378e+27,44.749881896898906,1000000.0
40.476630053833254,4.820574229913435e+27,44.64103952277146,1000000.0
40.976630053833254,4.807110598884872e+27,44.51635925519327,1000000.0
41.476630053833254,4.7920349811794465e+27,44.37675114758611,1000000.0
41.976630053833254,4.775441676915442e+27,44.22308846838366,1000000.0
42.476630053833254,4.757421105430689e+27,44.05620854796218,1000000.0
42.976630053833254,4.7380599023312844e+27,43.8769136773624,1000000.0
43.476630053833254,4.7174410212911203e+27,43.68597205100645,1000000.0
43.976630053833254,4.695643839468175e+27,43.484118742907796,1000000.0
44.476630053833254,4.672744264810569e+27,43.272056700381555,1000000.0
44.976630053833254,4.6488148455269447e+27,43.050457757797396,1000000.0
45.476630053833254,4.6239248796538034e+27,42.819963651230495,1000000.0
45.976630053833254,4.598140525135442e+27,42.58118703785927,1000000.0
46.476630053833254,4.5715249094446833e+27,42.334712511110745,1000000.0
46.976630053833254,4.5441382379416175e+27,42.08109760411916,1000000.0
47.476630053833254,4.5160379014920036e+27,41.8208737863287,1000000.0
47.976630053833254,4.4872785815145257e+27,41.55454743628603,1000000.0
48.476630053833254,4.457912354153666e+27,41.282600806335594,1000000.0
48.976630053833254,4.427988791587543e+27,41.005492960783265,1000000.0
49.476630053833254,4.3975550610298905e+27,40.72366069270637,1000000.0
49.976630053833254,4.366656021642148e+27,40.43751942141042,1000000.0
50.476630053833254,4.3353343183369654e+27,40.14746406109865,1000000.0
50.976630053833254,4.303630473456054e+27,39.85386986985684,1000000.0
51.476630053833254,4.2715829750825886e+27,39.557093267472375,1000000.0
51.976630053833254,4.239228362947828e+27,39.25747263097452,1000000.0
52.476630053833254,4.2066013118885066e+27,38.95532906749354,1000000.0
52.976630053833254,4.17373471143883e+27,38.65096715132417,1000000.0
53.476630053833254,4.140659744062897e+27,38.34467564839881,1000000.0
53.976630053833254,4.1074059592365046e+27,38.03672820232383,1000000.0
54.476630053833254,4.0740013460034814e+27,37.72738400628911,1000000.0
54.976630053833254,4.040472402055135e+27,37.4168884427799,1000000.0
55.476630053833254,4.0068442003900564e+27,37.10547370088152,1000000.0
55.976630053833254,3.9731404538623e+27,36.7933593740292,1000000.0
56.476630053833254,3.9393835763153514e+27,36.48075302614069,1000000.0
56.976630053833254,3.905594742221487e+27,36.16785074390789,1000000.0
57.476630053833254,3.871793943334088e+27,35.85483766142689,1000000.0
57.976630053833254,3.838000043234892e+27,35.54188846533416,1000000.0
58.476630053833254,3.8042308295836174e+27,35.229167878665265,1000000.0
58.976630053833254,3.7705030643544763e+27,34.9168311260714,1000000.0
59.476630053833254,3.73683253170291e+27,34.60502437709031,1000000.0
59.976630053833254,3.7032340840219654e+27,34.293885172652466,1000000.0
60.476630053833254,3.6697216860484473e+27,33.98354283352713,1000000.0
60.976630053833254,3.6363084568171244e+27,33.6741188488402,1000000.0
61.476630053833254,3.6030067101802635e+27,33.365727251306375,1000000.0
61.976630053833254,3.5698279932216347e+27,33.05847497296285,1000000.0
62.476630053833254,3.5367831233230324e+27,32.75246218842476,1000000.0
62.976630053833254,3.5038822231447773e+27,32.44778263882292,1000000.0
63.476630053833254,3.471134754625496e+27,32.14452394665956,1000000.0
63.976630053833254,3.438549550972169e+27,31.842767912052903,1000000.0
64.47663005383325,3.406134847586251e+27,31.542590799129226,1000000.0
64.97663005383325,3.3738983112575443e+27,31.24406360637342,1000000.0
65.47663005383325,3.3418470684989077e+27,30.947252329023183,1000000.0
65.97663005383325,3.3099877320494674e+27,30.652218204502653,1000000.0
66.47663005383325,3.278326426737657e+27,30.359017951927672,1000000.0
66.97663005383325,3.246868813679041e+27,30.0677039961903,1000000.0
67.47663005383325,3.215620113689585e+27,29.77832468477793,1000000.0
67.97663005383325,3.1845851295706936e+27,29.490924494144444,1000000.0
68.47663005383325,3.1537682672242864e+27,29.205544225246797,1000000.0
68.97663005383325,3.123173555925443e+27,28.922221191280364,1000000.0
69.47663005383325,3.092804667677474e+27,28.640989396917032,1000000.0
69.97663005383325,3.062664935564049e+27,28.361879708255454,1000000.0
70.47663005383325,3.0327573713362143e+27,28.084920015686098,1000000.0
70.97663005383325,3.0030846821692494e+27,27.810135389068456,1000000.0
71.47663005383325,2.9736492866133846e+27,27.537548225443064,1000000.0
71.97663005383325,2.9444533297598216e+27,27.267178389476772,1000000.0
72.47663005383325,2.915498697839948e+27,26.999043348659114,1000000.0
72.97663005383325,2.88678703190792e+27,26.733158300010192,1000000.0
73.47663005383325,2.8583197412012244e+27,26.469536293806453,1000000.0
73.97663005383325,2.83009801548749e+27,26.208188347918636,1000000.0
74.47663005383325,2.8021228371410304e+27,25.94912355964686,1000000.0
74.97663005383325,2.774394992516494e+27,25.692349211046604,1000000.0
75.47663005383325,2.7469150827687744e+27,25.437870869126712,1000000.0
75.97663005383325,2.719683534225898e+27,25.185692481907758,1000000.0
76.47663005383325,2.6927006081485066e+27,24.935816468799985,1000000.0
76.97663005383325,2.6659664101906475e+27,24.688243808215145,1000000.0
77.47663005383325,2.639480899287316e+27,24.44297411986981,1000000.0
77.97663005383325,2.6132438961106696e+27,24.200005743094337,1000000.0
78.47663005383325,2.5872550911856824e+27,23.959335811988062,1000000.0
78.97663005383325,2.5615140525956236e+27,23.72096032677608,1000000.0
79.47663005383325,2.5360202332832023e+27,23.48487422142165,1000000.0
79.97663005383325,2.510772978001449e+27,23.251071427995004,1000000.0
80.47663005383325,2.485771529965374e+27,23.019544938271192,1000000.0
80.97663005383325,2.461015037174034e+27,22.790286862275696,1000000.0
81.47663005383325,2.436502558340278e+27,22.563288483197017,1000000.0
81.97663005383325,2.412233068683417e+27,22.3385403110298,1000000.0
82.47663005383325,2.388205465281258e+27,22.116032132137487,1000000.0
82.97663005383325,2.3644185722378594e+27,21.895753057108415,1000000.0
83.47663005383325,2.3408711456244777e+27,21.6776915665116,1000000.0
83.97663005383325,2.3175618780902963e+27,21.461835553594458,1000000.0
84.47663005383325,2.29448940331996e+27,21.24817236556193,1000000.0
84.97663005383325,2.271652300223064e+27,21.03668884237336,1000000.0
85.47663005383325,2.2490490969274368e+27,20.827371353722334,1000000.0
85.97663005383325,2.2266782745863582e+27,20.620205834293557,1000000.0
86.47663005383325,2.204538270976881e+27,20.415177817085176,1000000.0
86.97663005383325,2.1826274839107832e+27,20.212272464995976,1000000.0
87.47663005383325,2.1609442744844273e+27,20.011474600920796,1000000.0
87.97663005383325,2.139486970186542e+27,19.812768736530188,1000000.0
88.47663005383325,2.1182538677625748e+27,19.61613909879585,1000000.0
88.97663005383325,2.0972432360540075e+27,19.421569656284145,1000000.0
89.47663005383325,2.076453318562305e+27,19.229044142899628,1000000.0
89.97663005383325,2.0558823360080462e+27,19.03854608158393,1000000.0
90.47663005383325,2.0355284886303505e+27,18.850058805609656,1000000.0
90.97663005383325,2.0153899584609072e+27,18.66356547963907,1000000.0
91.47663005383325,1.995464911433197e+27,18.479049119256615,1000000.0
91.97663005383325,1.975751499387566e+27,18.296492609536923,1000000.0
92.47663005383325,1.9562478619690056e+27,18.115878722619268,1000000.0
92.97663005383325,1.9369521284333764e+27,17.93719013443413,1000000.0
93.47663005383325,1.9178624193247017e+27,17.760409440235822,1000000.0
93.97663005383325,1.898976848110246e+27,17.585519169744174,1000000.0
94.47663005383325,1.8802935226731863e+27,17.412501800967433,1000000.0
94.97663005383325,1.861810546751644e+27,17.241339773528473,1000000.0
95.47663005383325,1.843526021305055e+27,17.072015501318074,1000000.0
95.97663005383325,1.825438045774115e+27,16.904511384162692,1000000.0
96.47663005383325,1.8075447192958762e+27,16.7388098190769,1000000.0
96.97663005383325,1.7898441418309796e+27,16.574893210702108,1000000.0
97.47663005383325,1.7723344152345866e+27,16.412743981223997,1000000.0
97.97663005383325,1.7550136442700738e+27,16.252344579759832,1000000.0
98.47663005383325,1.7378799375375965e+27,16.09367749095746,1000000.0
98.97663005383325,1.7209314083791152e+27,15.936725243376326,1000000.0
99.47663005383325,1.7041661757109111e+27,15.781470417197,1000000.0
99.97663005383325,1.6875823647966693e+27,15.627895651380328,1000000.0
100.47663005383325,1.6711781079972155e+27,15.475983650610399,1000000.0
100.97663005383325,1.6549515454443915e+27,15.325717191534972,1000000.0
101.47663005383325,1.6389008256960095e+27,15.177079128830705,1000000.0
101.97663005383325,1.623024106330895e+27,15.030052400713554,1000000.0
102.47663005383325,1.6073195545094166e+27,14.884620034129581,1000000.0
102.97663005383325,1.5917853475028866e+27,14.740765149657472,1000000.0
103.47663005383325,1.576419673172859e+27,14.598470965947099,1000000.0
103.97663005383325,1.5612207304309065e+27,14.457720803977281,1000000.0
104.47663005383325,1.5461867296519877e+27,14.318498090883795,1000000.0
104.97663005383325,1.531315893067544e+27,14.180786363599648,1000000.0
105.47663005383325,1.516606455122517e+27,14.044569272161251,1000000.0
105.97663005383325,1.502056662807142e+27,13.909830582780993,1000000.0
106.47663005383325,1.4876647759613084e+27,13.776554180665793,1000000.0
106.97663005383325,1.4734290675529882e+27,13.644724072595476,1000000.0
107.47663005383325,1.459347823934742e+27,13.514324389298164,1000000.0
107.97663005383325,1.4454193450748206e+27,13.385339387590388,1000000.0
108.47663005383325,1.4316419447677293e+27,13.257753452327039,1000000.0
108.97663005383325,1.4180139508252146e+27,13.13155109816999,1000000.0
109.47663005383325,1.4045337052477566e+27,13.006716971176205,1000000.0
109.97663005383325,1.3911995643747998e+27,12.883235850188976,1000000.0
110.47663005383325,1.3780098990210802e+27,12.761092648100352,1000000.0
110.97663005383325,1.3649630945953403e+27,12.640272412950527,1000000.0
111.47663005383325,1.3520575512025573e+27,12.520760328874516,1000000.0
111.97663005383325,1.3392916837300236e+27,12.402541716899306,1000000.0
112.47663005383325,1.3266639219254e+27,12.285602035666669,1000000.0
112.97663005383325,1.314172710451854e+27,12.169926881943773,1000000.0
113.47663005383325,1.3018165089451885e+27,12.055501991152227,1000000.0
113.97663005383325,1.289593792036728e+27,11.942313237580013,1000000.0
114.47663005383325,1.2775030493921666e+27,11.830346634741245,1000000.0
114.97663005383325,1.2655427857171182e+27,11.719588335427556,1000000.0
115.47663005383325,1.2537115207655003e+27,11.610024631785752,1000000.0
115.97663005383325,1.2420077893288282e+27,11.501641955218656,1000000.0
116.47663005383325,1.2304301412368686e+27,11.394426876391172,1000000.0
116.97663005383325,1.2189771413185203e+27,11.288366104868013,1000000.0
117.47663005383325,1.2076473693829754e+27,11.183446488939241,1000000.0
117.97663005383325,1.1964394201779798e+27,11.079655015233751,1000000.0
118.47663005383325,1.1853519033490278e+27,10.976978808341379,1000000.0
118.97663005383325,1.1743834433832865e+27,10.87540513029361,1000000.0
119.47663005383325,1.1635326795605857e+27,10.774921380109735,1000000.0
119.97663005383325,1.1527982658850362e+27,10.675515093163588,1000000.0
120.47663005383325,1.1421788710150743e+27,10.577173940535719,1000000.0
120.97663005383325,1.131673178202359e+27,10.479885728447563,1000000.0
121.47663005383325,1.1212798852018421e+27,10.383638397428628,1000000.0
121.97663005383325,1.1109977041959855e+27,10.288420021614721,1000000.0
122.47663005383325,1.100825361708407e+27,10.19421880794825,1000000.0
122.97663005383325,1.0907615985079786e+27,10.101023095290133,1000000.0
123.47663005383325,1.0808051695322862e+27,10.008821353710989,1000000.0
123.97663005383325,1.0709548437726215e+27,9.917602183426112,1000000.0
124.47663005383325,1.061209404184967e+27,9.827354313971133,1000000.0
124.97663005383325,1.0515676475856653e+27,9.738066603235872,1000000.0
125.47663005383325,1.0420283845466067e+27,9.649728036493714,1000000.0
125.97663005383325,1.032590439284584e+27,9.562327725376988,1000000.0
126.47663005383325,1.0232526495634126e+27,9.475854906970532,1000000.0
126.97663005383325,1.0140138665715219e+27,9.39029894267814,1000000.0
127.47663005383325,1.0048729548146299e+27,9.305649317228662,1000000.0
127.97663005383325,9.958287919975852e+26,9.221895637581802,1000000.0
128.47663005383325,9.868802689137961e+26,9.139027631904181,1000000.0
128.97663005383325,9.780262893241424e+26,9.057035148447985,1000000.0
129.47663005383325,9.692657698409059e+26,8.975908154476109,1000000.0
129.97663005383325,9.605976398095675e+26,8.895636735167532,1000000.0
130.47663005383325,9.520208411817342e+26,8.81621109244056,1000000.0
130.97663005383325,9.43534328407786e+26,8.737621543958669,1000000.0
131.47663005383325,9.351370682997629e+26,8.659858521860786,1000000.0
131.97663005383325,9.268280399241337e+26,8.582912571768247,1000000.0
132.47663005383325,9.186062344671996e+26,8.506774351538388,1000000.0
132.97663005383325,9.104706551229077e+26,8.431434630225622,1000000.0
133.47663005383325,9.024203169599181e+26,8.356884286850422,1000000.0
133.97663005383325,8.944542468125175e+26,8.283114309389113,1000000.0
134.47663005383325,8.865714831362911e+26,8.21011579343733,1000000.0
134.97663005383325,8.787710759055596e+26,8.137879941260223,1000000.0
135.47663005383325,8.710520864907451e+26,8.066398060656804,1000000.0
135.97663005383325,8.634135875132145e+26,7.995661563615721,1000000.0
136.47663005383325,8.558546627503577e+26,7.92566196543623,1000000.0
136.97663005383325,8.483744069905265e+26,7.856390883384859,1000000.0
137.47663005383325,8.40971925932904e+26,7.787840035768137,1000000.0
137.97663005383325,8.336463360413601e+26,7.720001240579228,1000000.0
138.47663005383325,8.263967644539986e+26,7.652866414660288,1000000.0
138.97663005383325,8.192223488336509e+26,7.586427572317955,1000000.0
139.47663005383325,8.12122237269035e+26,7.520676824408033,1000000.0
139.97663005383325,8.05095588137674e+26,7.455606377066045,1000000.0
140.47663005383325,7.981415700096799e+26,7.391208530816215,1000000.0
140.97663005383325,7.91259361510732e+26,7.327475679302589,1000000.0
141.47663005383325,7.844481512130742e+26,7.264400308279599,1000000.0
141.97663005383325,7.777071375163027e+26,7.201974994508106,1000000.0
142.47663005383325,7.710355285370105e+26,7.140192404733442,1000000.0
142.97663005383325,7.644325419919409e+26,7.079045294603355,1000000.0
143.47663005383325,7.578974050811968e+26,7.018526507586461,1000000.0
143.97663005383325,7.51429354369692e+26,6.958628973874433,1000000.0
144.47663005383325,7.45027635701171e+26,6.899345709585764,1000000.0
144.97663005383325,7.386915040484515e+26,6.840669815378942,1000000.0
145.47663005383325,7.324202234334338e+26,6.782594475711695,1000000.0
145.97663005383325,7.262130668073177e+26,6.725112957731739,1000000.0
146.47663005383325,7.200693159389505e+26,6.668218610242817,1000000.0
146.97663005383325,7.13988261307322e+26,6.611904862709147,1000000.0
147.47663005383325,7.079692020100008e+26,6.556165224407498,1000000.0
147.97663005383325,7.020114456335537e+26,6.5009932832272055,1000000.0
148.47663005383325,6.961143081690038e+26,6.446382704887265,1000000.0
148.97663005383325,6.902771138925246e+26,6.392327231831499,1000000.0
149.47663005383325,6.84499195282606e+26,6.338820682461474,1000000.0
149.97663005383325,6.787798928990251e+26,6.285856950015702,1000000.0
150.47663005383325,6.731185552882941e+26,6.233430001694043,1000000.0
150.97663005383325,6.675145388906352e+26,6.181533877796239,1000000.0
151.47663005383325,6.619672079379851e+26,6.130162690777387,1000000.0
151.97663005383325,6.56475934353518e+26,6.079310624317464,1000000.0
152.47663005383325,6.510400976575408e+26,6.028971932449876,1000000.0
152.97663005383325,6.45659084872086e+26,5.9791409386779275,1000000.0
153.47663005383325,6.403322904265656e+26,5.929812035101138,1000000.0
153.97663005383325,6.350591160644791e+26,5.880979681551302,1000000.0
154.47663005383325,6.298389707511807e+26,5.832638404738362,1000000.0
154.97663005383325,6.246712705826853e+26,5.784782797405919,1000000.0
155.47663005383325,6.195554386955298e+26,5.737407517496482,1000000.0
155.97663005383325,6.144909051722304e+26,5.69050728727597,1000000.0
156.47663005383325,6.0947710696663325e+26,5.644076892642407,1000000.0
156.97663005383325,6.0451348780736356e+26,5.59811118223182,1000000.0
157.47663005383325,5.995994981067788e+26,5.552605066575089,1000000.0
157.97663005383325,5.947345948838099e+26,5.507553517383425,1000000.0
158.47663005383325,5.899182416830181e+26,5.462951566798787,1000000.0
158.97663005383325,5.851499084805394e+26,5.418794306522885,1000000.0
159.47663005383325,5.8042907160595875e+26,5.3750768870936865,1000000.0
159.97663005383325,5.757552136711168e+26,5.331794517226135,1000000.0
160.47663005383325,5.7112782347566234e+26,5.288942462937516,1000000.0
160.97663005383325,5.665463959351251e+26,5.246516046881372,1000000.0
161.47663005383325,5.620104320029465e+26,5.204510647625464,1000000.0
161.97663005383325,5.575194385846926e+26,5.162921698857347,1000000.0
162.47663005383325,5.530729284806699e+26,5.121744688852951,1000000.0
162.97663005383325,5.486704202873018e+26,5.080975159563284,1000000.0
163.47663005383325,5.4431143834338865e+26,5.0406087061167675,1000000.0
163.97663005383325,5.3999551264066556e+26,5.00064097599096,1000000.0
164.47663005383325,5.3572217876034725e+26,4.96106766842492,1000000.0
164.97663005383325,5.314909778017917e+26,4.921884533758605,1000000.0
165.47663005383325,5.273014562971026e+26,4.883087372642037,1000000.0
165.97663005383325,5.231531661713397e+26,4.844672035666834,1000000.0
166.47663005383325,5.1904566464119744e+26,4.806634422427919,1000000.0
166.97663005383325,5.149785141645642e+26,4.7689704810564155,1000000.0
167.47663005383325,5.109512823736568e+26,4.731676207600432,1000000.0
167.97663005383325,5.0696354199981404e+26,4.694747645328617,1000000.0
168.47663005383325,5.0301487081719255e+26,4.6581808842087495,1000000.0
168.97663005383325,4.991048515677549e+26,4.621972060213091,1000000.0
169.47663005383325,4.952330719083907e+26,4.586117354828699,1000000.0
169.97663005383325,4.913991243482963e+26,4.550612994477529,1000000.0
170.47663005383325,4.876026061650354e+26,4.515455249739115,1000000.0
170.97663005383325,4.838431193786853e+26,4.480640435111148,1000000.0
171.47663005383325,4.801202706630364e+26,4.446164908187136,1000000.0
171.97663005383325,4.764336712905744e+26,4.412025069146911,1000000.0
172.47663005383325,4.7278293709081176e+26,4.378217360370759,1000000.0
172.97663005383325,4.6916768837048705e+26,4.34473826570042,1000000.0
173.47663005383325,4.65587549870111e+26,4.311584310036688,1000000.0
173.97663005383325,4.620421506913555e+26,4.278752058666986,1000000.0
174.47663005383325,4.5853112426866366e+26,4.246238117002468,1000000.0
174.97663005383325,4.550541082888567e+26,4.214039129833536,1000000.0
175.47663005383325,4.5161074464040444e+26,4.1821517808600515,1000000.0
175.97663005383325,4.4820067937659214e+26,4.150572792350252,1000000.0
176.47663005383325,4.4482356264165736e+26,4.119298924456729,1000000.0
176.97663005383325,4.414790486343732e+26,4.088326974879195,1000000.0
177.47663005383325,4.3816679553988766e+26,4.057653778233283,1000000.0
177.97663005383325,4.348864654978151e+26,4.02727620575505,1000000.0
178.47663005383325,4.31637724537527e+26,3.997191164701741,1000000.0
178.97663005383325,4.284202425401874e+26,3.9673955980002154,1000000.0
179.47663005383325,4.252336931782063e+26,3.9378864836862526,1000000.0
179.97663005383325,4.220777538735607e+26,3.9086608345185843,1000000.0
180.47663005383325,4.189521057494512e+26,3.8797156975312106,1000000.0
180.97663005383325,4.1585643358042206e+26,3.8510481535714827,1000000.0
181.47663005383325,4.127904257585452e+26,3.8226553169869524,1000000.0
181.97663005383325,4.0975377422341744e+26,3.794534334977106,1000000.0
182.47663005383325,4.067461744392121e+26,3.7666823873808544,1000000.0
182.97663005383325,4.0376732534946576e+26,3.739096686257832,1000000.0
183.47663005383325,4.008169293130294e+26,3.7117744752952704,1000000.0
183.97663005383325,3.9789469208515874e+26,3.6847130296328867,1000000.0
184.47663005383325,3.950003227556344e+26,3.6579096552898442,1000000.0
184.97663005383325,3.921335337228227e+26,3.63136168892454,1000000.0
185.47663005383325,3.892940406353359e+26,3.605066497294349,1000000.0
185.97663005383325,3.864815623703075e+26,3.5790214770544417,1000000.0
186.47663005383325,3.836958209716871e+26,3.5532240541863644,1000000.0
186.97663005383325,3.809365416329797e+26,3.527671683838192,1000000.0
187.47663005383325,3.782034526388172e+26,3.502361849783453,1000000.0
187.97663005383325,3.754962853336366e+26,3.4772920641310723,1000000.0
188.47663005383325,3.728147740885082e+26,3.452459867018181,1000000.0
188.97663005383325,3.701586562525645e+26,3.4278628261603266,1000000.0
189.47663005383325,3.675276721262551e+26,3.403498536603796,1000000.0
189.97663005383325,3.649215649208014e+26,3.379364620350145,1000000.0
190.47663005383325,3.62340080712423e+26,3.355458725932313,1000000.0
190.97663005383325,3.597829684236637e+26,3.331778528241691,1000000.0
191.47663005383325,3.572499797819084e+26,3.3083217281439654,1000000.0
191.97663005383325,3.547408692731985e+26,3.2850860520514242,1000000.0
192.47663005383325,3.5225539412734156e+26,3.262069251785067,1000000.0
192.97663005383325,3.497933142650064e+26,3.239269104084676,1000000.0
193.47663005383325,3.473543922820268e+26,3.216683410463461,1000000.0
193.97663005383325,3.4493839339796755e+26,3.194309996731754,1000000.0
194.47663005383325,3.425450854443462e+26,3.172146712887934,1000000.0
194.97663005383325,3.4017423881293754e+26,3.1501914326397045,1000000.0
195.47663005383325,3.3782562643323915e+26,3.1284420531954074,1000000.0
195.97663005383325,3.3549902375083074e+26,3.1068964950636233,1000000.0
196.47663005383325,3.331942086775447e+26,3.085552701591722,1000000.0
196.97663005383325,3.309109615712269e+26,3.0644086387784384,1000000.0
197.47663005383325,3.28649065208007e+26,3.04346229501708,1000000.0
197.97663005383325,3.264083047479243e+26,3.022711680777205,1000000.0
198.47663005383325,3.241884677068296e+26,3.0021548283444193,1000000.0
198.97663005383325,3.219893439311693e+26,2.9817897915868623,1000000.0
199.47663005383325,3.198107255663531e+26,2.9616146456622783,1000000.0
199.97663005383325,3.176524070249073e+26,2.9416274867230947,1000000.0
200.47663005383325,3.155141849647223e+26,2.9218264317149867,1000000.0
200.97663005383325,3.1339585826761746e+26,2.9022096181783774,1000000.0
201.47663005383325,3.1129722799792935e+26,2.8827752038649366,1000000.0
201.97663005383325,3.0921809738251777e+26,2.8635213665524346,1000000.0
202.47663005383325,3.0715827179242124e+26,2.844446303874857,1000000.0
202.97663005383325,3.0511755869952846e+26,2.8255482329211605,1000000.0
203.47663005383325,3.030957676718715e+26,2.8068253901916878,1000000.0
203.97663005383325,3.0109271033361596e+26,2.7882760312276527,1000000.0
204.47663005383325,2.9910820034428073e+26,2.769898430418705,1000000.0
204.97663005383325,2.9714205337649287e+26,2.751690880796931,1000000.0
205.47663005383325,2.9519408709215383e+26,2.7336516938161366,1000000.0
205.97663005383325,2.9326412110989972e+26,2.715779199050517,1000000.0
206.47663005383325,2.913519769987608e+26,2.698071744135935,1000000.0
206.97663005383325,2.8945747823982884e+26,2.6805276944149448,1000000.0
207.47663005383325,2.875804502031553e+26,2.6631454327228563,1000000.0
207.97663005383325,2.8572072013615023e+26,2.6459233592803013,1000000.0
208.47663005383325,2.8387811713987108e+26,2.6288598914736556,1000000.0
208.97663005383325,2.820524721322147e+26,2.611953463514179,1000000.0
209.47663005383325,2.802436178484181e+26,2.595202526442653,1000000.0
209.97663005383325,2.7845138879579677e+26,2.5786055477102328,1000000.0
210.47663005383325,2.7667562125432023e+26,2.562161011183776,1000000.0
210.97663005383325,2.749161532444742e+26,2.5458674168482314,1000000.0
211.47663005383325,2.7317282450940303e+26,2.529723280641269,1000000.0
211.97663005383325,2.7144547648591375e+26,2.5137271341847605,1000000.0
212.47663005383325,2.6973395230566674e+26,2.4978775247958067,1000000.0
212.97663005383325,2.680380967489901e+26,2.482173015059033,1000000.0
213.47663005383325,2.663577562510092e+26,2.466612182883356,1000000.0
213.97663005383325,2.6469277886275156e+26,2.451193621141788,1000000.0
214.47663005383325,2.630430142403054e+26,2.4359159375710466,1000000.0
214.97663005383325,2.6140831362272673e+26,2.4207777545669567,1000000.0
215.47663005383325,2.5978852982538898e+26,2.405777709122869,1000000.0
215.97663005383325,2.5818351720286546e+26,2.39091445248593,1000000.0
216.47663005383325,2.5659313164197443e+26,2.376186650092675,1000000.0
216.97663005383325,2.550172305501081e+26,2.3615929814609515,1000000.0
217.47663005383325,2.5345567282116003e+26,2.347132139874385,1000000.0
217.97663005383325,2.5190831883357553e+26,2.33280283236433,1000000.0
218.47663005383325,2.503750304210627e+26,2.3186037794386327,1000000.0
218.97663005383325,2.4885567086512867e+26,2.304533715012518,1000000.0
219.47663005383325,2.4735010487674566e+26,2.2905913862388037,1000000.0
219.97663005383325,2.458581985741285e+26,2.2767755533021123,1000000.0
220.47663005383325,2.443798194747754e+26,2.263084989345161,1000000.0
220.97663005383325,2.429148364685397e+26,2.2495184802193946,1000000.0
221.47663005383325,2.4146311981257652e+26,2.2360748244381865,1000000.0
221.97663005383325,2.4002454111579996e+26,2.222752833032907,1000000.0
222.47663005383325,2.385989733115153e+26,2.20955132929948,1000000.0
222.97663005383325,2.37186290652498e+26,2.196469148752816,1000000.0
223.47663005383325,2.357863686992568e+26,2.183505139018117,1000000.0
223.97663005383325,2.343990842897041e+26,2.1706581595500136,1000000.0
224.47663005383325,2.3302431554175967e+26,2.157927081656673,1000000.0
224.97663005383325,2.316619418286363e+26,2.1453107882709332,1000000.0
225.47663005383325,2.303118437685237e+26,2.132808173854769,1000000.0
225.97663005383325,2.289739032073254e+26,2.120418144239429,1000000.0
226.47663005383325,2.276480032091424e+26,2.1081396165373065,1000000.0
226.97663005383325,2.263340280372876e+26,2.0959715189661248,1000000.0
227.47663005383325,2.250318631501134e+26,2.0839127908102983,1000000.0
227.97663005383325,2.2374139517144884e+26,2.0719623821471647,1000000.0
228.47663005383325,2.224625118939233e+26,2.060119253877765,1000000.0
228.97663005383325,2.2119510226058026e+26,2.0483823775565755,1000000.0
229.47663005383325,2.1993905634528955e+26,2.0367507352101164,1000000.0
229.97663005383325,2.1869426534925002e+26,2.025223319304566,1000000.0
230.47663005383325,2.174606215818044e+26,2.013799132568093,1000000.0
230.97663005383325,2.1623801845369187e+26,2.0024771879283745,1000000.0
231.47663005383325,2.1502635046157144e+26,1.9912565083692717,1000000.0
231.97663005383325,2.138255131705439e+26,1.9801361267689783,1000000.0
232.47663005383325,2.126354032173282e+26,1.969115085929431,1000000.0
232.97663005383325,2.1145591828424305e+26,1.9581924383353677,1000000.0
233.47663005383325,2.102869570886042e+26,1.9473672460561404,1000000.0
233.97663005383325,2.091284193831986e+26,1.936638580750107,1000000.0
234.47663005383325,2.0798020593155208e+26,1.9260055234355948,1000000.0
234.97663005383325,2.0684221850279408e+26,1.9154671644433476,1000000.0
235.47663005383325,2.0571435986061977e+26,1.9050226033143083,1000000.0
235.97663005383325,2.045965337491996e+26,1.894670948669133,1000000.0
236.47663005383325,2.0348864488961486e+26,1.8844113181751851,1000000.0
236.97663005383325,2.0239059895781765e+26,1.8742428383424292,1000000.0
237.47663005383325,2.0130230258681623e+26,1.864164644543672,1000000.0
237.97663005383325,2.002236633448676e+26,1.854175880812612,1000000.0
238.47663005383325,1.9915458973519278e+26,1.8442756998412049,1000000.0
238.97663005383325,1.9809499117453796e+26,1.834463262781126,1000000.0
239.47663005383325,1.9704477799408307e+26,1.8247377392521864,1000000.0
239.97663005383325,1.9600386142829646e+26,1.8150983072391207,1000000.0
240.47663005383325,1.949721535937369e+26,1.8055441528952816,1000000.0
240.97663005383325,1.9394956749097434e+26,1.7960744705604281,1000000.0
241.47663005383325,1.9293601699572635e+26,1.7866884626786448,1000000.0
241.97663005383325,1.9193141683895574e+26,1.777385339614033,1000000.0
242.47663005383325,1.9093568260874306e+26,1.7681643196680552,1000000.0
242.97663005383325,1.899487307324706e+26,1.759024628914544,1000000.0
243.47663005383325,1.8897047847477853e+26,1.749965501180781,1000000.0
243.97663005383325,1.8800084392170732e+26,1.740986177900643,1000000.0
244.47663005383325,1.8703974597719314e+26,1.732085908082148,1000000.0
244.97663005383325,1.8608710435482683e+26,1.7232639482311418,1000000.0
245.47663005383325,1.8514283956267963e+26,1.7145195622107732,1000000.0
245.97663005383325,1.8420687290259236e+26,1.7058520212349124,1000000.0
246.47663005383325,1.8327912645455474e+26,1.6972606037234967,1000000.0
246.97663005383325,1.823595230752964e+26,1.68874459528948,1000000.0
247.47663005383325,1.8144798638273575e+26,1.6803032885948237,1000000.0
247.97663005383325,1.8054444075443297e+26,1.6719359833361689,1000000.0
248.47663005383325,1.7964881131604816e+26,1.663641986137953,1000000.0
248.97663005383325,1.787610239344374e+26,1.6554206104884766,1000000.0
249.47663005383325,1.778810052088768e+26,1.6472711766586325,1000000.0
249.97663005383325,1.7700868246461476e+26,1.6391930116421976,1000000.0
250.47663005383325,1.761439837402112e+26,1.6311854490385858,1000000.0
250.97663005383325,1.7528683779088297e+26,1.6232478290838295,1000000.0
251.47663005383325,1.7443717406930845e+26,1.6153794984728198,1000000.0
251.97663005383325,1.7359492272604303e+26,1.6075798103631536,1000000.0
252.47663005383325,1.727600145937407e+26,1.5998481242290186,1000000.0
252.97663005383325,1.7193238119299882e+26,1.5921838059153166,1000000.0
253.47663005383325,1.711119547131076e+26,1.5845862274593967,1000000.0
253.97663005383325,1.7029866800985783e+26,1.5770547670707515,1000000.0
254.47663005383325,1.6949245459826557e+26,1.569588809063644,1000000.0
254.97663005383325,1.6869324864542178e+26,1.5621877437908922,1000000.0
255.47663005383325,1.679009849651553e+26,1.5548509675944457,1000000.0
255.97663005383325,1.6711559900619498e+26,1.54757788269576,1000000.0
256.4766300538333,1.6633702685518915e+26,1.5403678972237587,1000000.0
256.9766300538333,1.655652052185321e+26,1.5332204250465369,1000000.0
257.4766300538333,1.6480007142311847e+26,1.5261348857783485,1000000.0
257.9766300538333,1.640415634105502e+26,1.5191107047259584,1000000.0
258.4766300538333,1.632896197225046e+26,1.5121473127531426,1000000.0
258.9766300538333,1.6254417950700667e+26,1.5052441463387747,1000000.0
259.4766300538333,1.61805182502033e+26,1.498400647424988,1000000.0
259.9766300538333,1.610725690318438e+26,1.4916162633832104,1000000.0
260.4766300538333,1.603462800048909e+26,1.4848904469947872,1000000.0
260.9766300538333,1.596262569006927e+26,1.4782226563294423,1000000.0
261.4766300538333,1.5891244177211614e+26,1.4716123547664042,1000000.0
261.9766300538333,1.5820477723097174e+26,1.4650590108610126,1000000.0
262.4766300538333,1.5750320645272097e+26,1.4585620983883099,1000000.0
262.9766300538333,1.5680767315800356e+26,1.452121096171974,1000000.0
263.4766300538333,1.5611812161559046e+26,1.4457354881116655,1000000.0
263.9766300538333,1.5543449663569725e+26,1.4394047631211047,1000000.0
264.4766300538333,1.5475674356546473e+26,1.4331284150862205,1000000.0
264.9766300538333,1.540848082746293e+26,1.426905942732451,1000000.0
265.4766300538333,1.5341863716344432e+26,1.4207368496980988,1000000.0
265.9766300538333,1.5275817714689307e+26,1.4146206443881344,1000000.0
266.4766300538333,1.5210337565450574e+26,1.4085568399725021,1000000.0
266.9766300538333,1.514541806242399e+26,1.4025449543294497,1000000.0
267.4766300538333,1.5081054049584437e+26,1.396584509984075,1000000.0
267.9766300538333,1.5017240420653174e+26,1.39067503406825,1000000.0
268.4766300538333,1.4953972118775906e+26,1.3848160582908096,1000000.0
268.9766300538333,1.4891244135404683e+26,1.3790071188340078,1000000.0
269.4766300538333,1.482905151085043e+26,1.3732477564046877,1000000.0
269.9766300538333,1.4767389332762893e+26,1.3675375160935135,1000000.0
270.4766300538333,1.4706252736230907e+26,1.3618759473842579,1000000.0
270.9766300538333,1.4645636903061237e+26,1.3562626040870185,1000000.0
271.4766300538333,1.4585537061440511e+26,1.3506970443069104,1000000.0
271.9766300538333,1.452594848525887e+26,1.3451788303814336,1000000.0
272.4766300538333,1.4466866494081603e+26,1.3397075288778455,1000000.0
272.9766300538333,1.440828645193398e+26,1.33428271048063,1000000.0
273.4766300538333,1.4350203767983457e+26,1.3289039500546744,1000000.0
273.9766300538333,1.4292613894665682e+26,1.323570826471727,1000000.0
274.4766300538333,1.4235512328576965e+26,1.3182829226930426,1000000.0
274.9766300538333,1.4178894609211253e+26,1.3130398256524247,1000000.0
275.4766300538333,1.4122756318588052e+26,1.3078411262217633,1000000.0
275.9766300538333,1.4067093081416828e+26,1.3026864192262635,1000000.0
276.4766300538333,1.401190056375928e+26,1.2975753033205637,1000000.0
276.9766300538333,1.3957174473539342e+26,1.2925073810359629,1000000.0
277.4766300538333,1.3902910559507483e+26,1.2874822586845123,1000000.0
277.9766300538333,1.384910461070377e+26,1.2824995463092899,1000000.0
278.4766300538333,1.3795752457063359e+26,1.277558857740473,1000000.0
278.9766300538333,1.3742849967542136e+26,1.2726598104217632,1000000.0
279.4766300538333,1.3690393050976694e+26,1.2678020254900237,1000000.0
279.9766300538333,1.3638377654941728e+26,1.2629851276694684,1000000.0
280.4766300538333,1.3586799765735655e+26,1.2582087452703308,1000000.0
280.9766300538333,1.3535655407929114e+26,1.2534725101470525,1000000.0
281.4766300538333,1.3484940643772487e+26,1.2487760576434166,1000000.0
281.9766300538333,1.3434651572921988e+26,1.2441190265671813,1000000.0
282.4766300538333,1.3384784332226296e+26,1.2395010591703222,1000000.0
282.9766300538333,1.333533509535151e+26,1.2349218011143004,1000000.0
283.4766300538333,1.3286300072098362e+26,1.2303809014068332,1000000.0
283.9766300538333,1.3237675508405263e+26,1.225878012402176,1000000.0
284.4766300538333,1.318945768564688e+26,1.2214127897361666,1000000.0
284.9766300538333,1.3141642920572367e+26,1.2169848923205062,1000000.0
285.4766300538333,1.3094227564950199e+26,1.2125939823098673,1000000.0
285.9766300538333,1.3047208005015449e+26,1.2082397250507102,1000000.0
286.4766300538333,1.3000580661236842e+26,1.2039217890597111,1000000.0
286.9766300538333,1.2954341987849781e+26,1.1996398459805162,1000000.0
287.4766300538333,1.2908488472920858e+26,1.1953935705897174,1000000.0
287.9766300538333,1.2863016637374633e+26,1.1911826407067263,1000000.0
288.4766300538333,1.2817923035485114e+26,1.1870067372392876,1000000.0
288.9766300538333,1.2773204253659213e+26,1.1828655440708211,1000000.0
289.4766300538333,1.2728856910841437e+26,1.1787587480978987,1000000.0
289.9766300538333,1.2684877657712887e+26,1.174686039156066,1000000.0
290.4766300538333,1.2641263176654097e+26,1.170647110016403,1000000.0
290.9766300538333,1.2598010181429185e+26,1.166641656356273,1000000.0
291.4766300538333,1.2555115416411573e+26,1.1626693766876213,1000000.0
291.9766300538333,1.2512575657228728e+26,1.1587299724166809,1000000.0
292.4766300538333,1.2470387709480506e+26,1.1548231477252857,1000000.0
292.9766300538333,1.2428548408933843e+26,1.1509486095888979,1000000.0
293.4766300538333,1.2387054621223285e+26,1.1471060677488778,1000000.0
293.9766300538333,1.2345903241515582e+26,1.1432952346814216,1000000.0
294.4766300538333,1.2305091193839451e+26,1.1395158255354947,1000000.0
294.9766300538333,1.2264615431617745e+26,1.1357675581821138,1000000.0
295.4766300538333,1.2224472936637092e+26,1.1320501531189286,1000000.0
295.9766300538333,1.2184660719074527e+26,1.12836333347269,1000000.0
296.4766300538333,1.2145175817255092e+26,1.1247068249768013,1000000.0
296.9766300538333,1.2106015297036964e+26,1.1210803559143774,1000000.0
297.4766300538333,1.2067176252290893e+26,1.1174836571626456,1000000.0
297.9766300538333,1.2028655803636177e+26,1.1139164620758875,1000000.0
298.4766300538333,1.1990451099008311e+26,1.1103785065380074,1000000.0
298.9766300538333,1.1952559312983137e+26,1.106869528899946,1000000.0
299.4766300538333,1.1914977646480536e+26,1.103389269952239,1000000.0
299.9766300538333,1.1877703326960093e+26,1.0999374729431377,1000000.0
300.4766300538333,1.1840733607381966e+26,1.0965138834823804,1000000.0
300.9766300538333,1.1804065766808443e+26,1.093118249596899,1000000.0
301.4766300538333,1.1767697109511652e+26,1.0897503216481879,1000000.0
301.9766300538333,1.1731624965028265e+26,1.0864098523373713,1000000.0
302.4766300538333,1.1695846687911262e+26,1.0830965966822135,1000000.0
302.9766300538333,1.1660359657262513e+26,1.0798103119738354,1000000.0
303.4766300538333,1.1625161276894224e+26,1.0765507577916638,1000000.0
303.9766300538333,1.159024897454481e+26,1.0733176959308175,1000000.0
304.4766300538333,1.1555620202271491e+26,1.0701108904384642,1000000.0
304.9766300538333,1.1521272435733774e+26,1.0669301075474666,1000000.0
305.4766300538333,1.148720317413723e+26,1.063775115671177,1000000.0
305.9766300538333,1.1453409939863989e+26,1.0606456853692166,1000000.0
306.4766300538333,1.141989027876205e+26,1.0575415893742701,1000000.0
306.9766300538333,1.138664175904711e+26,1.0544626024903883,1000000.0
307.4766300538333,1.1353661971913474e+26,1.0514085016495602,1000000.0
307.9766300538333,1.1320948530880604e+26,1.0483790658512022,1000000.0
308.4766300538333,1.128849907166407e+26,1.045374076150206,1000000.0
308.9766300538333,1.1256311251780682e+26,1.0423933156203717,1000000.0
309.4766300538333,1.1224382750900821e+26,1.0394365693870369,1000000.0
309.9766300538333,1.1192711269872025e+26,1.0365036245366543,1000000.0
310.4766300538333,1.1161294531180378e+26,1.033594270159519,1000000.0
310.9766300538333,1.1130130278275979e+26,1.0307082972873038,1000000.0
311.4766300538333,1.1099216275598859e+26,1.0278454988954595,1000000.0
311.9766300538333,1.1068550308374715e+26,1.0250056698842969,1000000.0
312.4766300538333,1.1038130182367328e+26,1.0221886070560624,1000000.0
312.9766300538333,1.1007953723478842e+26,1.0193941090779193,1000000.0
313.4766300538333,1.0978018778101624e+26,1.0166219765145328,1000000.0
313.9766300538333,1.0948323212357296e+26,1.013872011757601,1000000.0
314.4766300538333,1.0918864912126091e+26,1.0111440190285719,1000000.0
314.9766300538333,1.0889641782900231e+26,1.0084378043650668,1000000.0
315.4766300538333,1.0860651749593725e+26,1.0057531756032658,1000000.0
315.9766300538333,1.0831892756312743e+26,1.003089942356644,1000000.0
316.4766300538333,1.0803362765956124e+26,1.0004479159789752,1000000.0
316.9766300538333,1.0775059760593089e+26,0.9978269095993116,1000000.0
317.4766300538333,1.074698174073146e+26,0.9952267380542164,1000000.0
317.9766300538333,1.0719126725345137e+26,0.9926472178903071,1000000.0
318.4766300538333,1.0691492751736483e+26,0.9900881673515142,1000000.0
318.9766300538333,1.0664077875359278e+26,0.9875494063626834,1000000.0
319.4766300538333,1.0636880169578592e+26,0.9850307565073402,1000000.0
319.9766300538333,1.0609897725398627e+26,0.9825320410024854,1000000.0
320.4766300538333,1.0583128651655217e+26,0.9800530847164228,1000000.0
320.9766300538333,1.055657107448232e+26,0.9775937141193525,1000000.0
321.4766300538333,1.0530223137248707e+26,0.9751537572775089,1000000.0
321.9766300538333,1.0504083000455564e+26,0.9727330438436775,1000000.0
322.4766300538333,1.0478148841571559e+26,0.970331405041921,1000000.0
322.9766300538333,1.0452418854869217e+26,0.9679486736524279,1000000.0
323.4766300538333,1.0426891250955687e+26,0.9655846839680579,1000000.0
323.9766300538333,1.0401564257341356e+26,0.963239271846999,1000000.0
324.4766300538333,1.03764361174926e+26,0.9609122746250471,1000000.0
324.9766300538333,1.035150509105811e+26,0.9586035311365659,1000000.0
325.4766300538333,1.032676945381407e+26,0.9563128817094085,1000000.0
325.9766300538333,1.0302227497196313e+26,0.9540401681215936,1000000.0
326.4766300538333,1.0277877528458919e+26,0.9517852336159925,1000000.0
326.9766300538333,1.0253717870427856e+26,0.9495479228775152,1000000.0
327.4766300538333,1.0229746861001788e+26,0.9473280819868812,1000000.0
327.9766300538333,1.020596285373191e+26,0.9451255584743171,1000000.0
328.4766300538333,1.0182364217000552e+26,0.9429402012434899,1000000.0
328.9766300538333,1.0158949334168204e+26,0.9407718605851224,1000000.0
329.4766300538333,1.0135716603429996e+26,0.9386203881637034,1000000.0
329.9766300538333,1.0112664437673561e+26,0.9364856370043234,1000000.0
330.4766300538333,1.0089791264338277e+26,0.9343674614796412,1000000.0
330.9766300538333,1.0067095525085375e+26,0.9322657172793335,1000000.0
331.4766300538333,1.0044575676079958e+26,0.9301802614362114,1000000.0
331.9766300538333,1.0022230187279294e+26,0.9281109522603127,1000000.0
332.4766300538333,1.0000057542940284e+26,0.926057649385896,1000000.0
332.9766300538333,9.978056241004054e+25,0.9240202137144503,1000000.0
333.4766300538333,9.956224793153862e+25,0.921998507420059,1000000.0
333.9766300538333,9.934561724683831e+25,0.9199923939372415,1000000.0
334.4766300538333,9.91306557418079e+25,0.9180017379314922,1000000.0
334.9766300538333,9.891734893885694e+25,0.9160264053327489,1000000.0
335.4766300538333,9.870568248913655e+25,0.9140662632631636,1000000.0
335.9766300538333,9.84956421771393e+25,0.9121211800796997,1000000.0
336.4766300538333,9.828721391526697e+25,0.9101910253238268,1000000.0
336.9766300538333,9.808038374447671e+25,0.908275669727505,1000000.0
337.4766300538333,9.787513783305518e+25,0.9063749852018317,1000000.0
337.9766300538333,9.767146247540668e+25,0.9044888448258199,1000000.0
338.4766300538333,9.746934409085091e+25,0.9026171228352647,1000000.0
338.9766300538333,9.726876922124943e+25,0.9007596946007627,1000000.0
339.4766300538333,9.706972453162134e+25,0.8989164366334137,1000000.0
339.9766300538333,9.687219680750186e+25,0.8970872265603598,1000000.0
340.4766300538333,9.667617295556394e+25,0.8952719431305426,1000000.0
340.9766300538333,9.648164000043196e+25,0.8934704661851944,1000000.0
341.4766300538333,9.628858508473518e+25,0.8916826766583356,1000000.0
341.9766300538333,9.60969954679864e+25,0.8899084565663884,1000000.0
342.4766300538333,9.590685852547351e+25,0.8881476889979136,1000000.0
342.9766300538333,9.5718161745985e+25,0.8864002580925466,1000000.0
343.4766300538333,9.553089273290437e+25,0.8846660490511326,1000000.0
343.9766300538333,9.53450392011591e+25,0.8829449481074727,1000000.0
344.4766300538333,9.516058897781865e+25,0.8812368425338608,1000000.0
344.9766300538333,9.497752999921034e+25,0.8795416206143762,1000000.0
345.4766300538333,9.479585031104768e+25,0.8778591716460714,1000000.0
345.9766300538333,9.461553806739379e+25,0.8761893859293733,1000000.0
346.4766300538333,9.443658152963522e+25,0.8745321547585793,1000000.0
346.9766300538333,9.425896906546674e+25,0.8728873704124571,1000000.0
347.4766300538333,9.408268914752938e+25,0.8712549261416312,1000000.0
347.9766300538333,9.390773035135161e+25,0.8696347161495183,1000000.0
348.4766300538333,9.373408135794452e+25,0.8680266356163585,1000000.0
348.9766300538333,9.356173094915408e+25,0.8664305806561763,1000000.0
349.4766300538333,9.339066800754203e+25,0.8648464483156765,1000000.0
349.9766300538333,9.322088151711326e+25,0.8632741365809812,1000000.0
350.4766300538333,9.30523605609136e+25,0.8617135443553825,1000000.0
350.9766300538333,9.288509431952966e+25,0.8601645714454518,1000000.0
351.4766300538333,9.27190720724535e+25,0.8586271185736766,1000000.0
351.9766300538333,9.255428319549392e+25,0.8571010873544876,1000000.0
352.4766300538333,9.239071715819489e+25,0.8555863802703525,1000000.0
352.9766300538333,9.222836352798753e+25,0.8540829007102251,1000000.0
353.4766300538333,9.206721196344319e+25,0.8525905529070652,1000000.0
353.9766300538333,9.190725221747036e+25,0.8511092419674441,1000000.0
354.4766300538333,9.174847413517683e+25,0.8496388738517472,1000000.0
354.9766300538333,9.15908676525892e+25,0.8481793553623149,1000000.0
355.4766300538333,9.143442279628887e+25,0.8467305941400729,1000000.0
355.9766300538333,9.127912968184375e+25,0.8452924986500086,1000000.0
356.4766300538333,9.112497851426871e+25,0.8438649781854347,1000000.0
356.9766300538333,9.097195958703476e+25,0.8424479428588144,1000000.0
357.4766300538333,9.08200632783739e+25,0.8410413035675418,1000000.0
357.9766300538333,9.066928005566252e+25,0.8396449720345347,1000000.0
358.4766300538333,9.051960047011858e+25,0.8382588607591277,1000000.0
358.9766300538333,9.037101515760139e+25,0.8368828830244789,1000000.0
359.4766300538333,9.022351483803485e+25,0.8355169528922278,1000000.0
359.9766300538333,9.00770903145497e+25,0.8341609851945536,1000000.0
360.4766300538333,8.993173247258841e+25,0.8328148955258846,1000000.0
360.9766300538333,8.978743227937454e+25,0.8314786002379848,1000000.0
361.4766300538333,8.964418078298642e+25,0.8301520164313764,1000000.0
361.9766300538333,8.950196910969686e+25,0.828835061930702,1000000.0
362.4766300538333,8.936078846826751e+25,0.8275276553244956,1000000.0
362.9766300538333,8.922063014303388e+25,0.8262297159011434,1000000.0
363.4766300538333,8.908148549779543e+25,0.8249411636849102,1000000.0
363.9766300538333,8.894334597317199e+25,0.8236619194114572,1000000.0
364.4766300538333,8.880620308587742e+25,0.8223919045211162,1000000.0
364.9766300538333,8.867004842839463e+25,0.8211310411558801,1000000.0
365.4766300538333,8.853487366826556e+25,0.8198792521528279,1000000.0
365.9766300538333,8.840067054705325e+25,0.8186364610345123,1000000.0
366.4766300538333,8.826743087954844e+25,0.8174025920016128,1000000.0
366.9766300538333,8.813514655505795e+25,0.8161775699448672,1000000.0
367.4766300538333,8.800380953239997e+25,0.8149613203987247,1000000.0
367.9766300538333,8.78734118447668e+25,0.8137537695863779,1000000.0
368.4766300538333,8.774394559454531e+25,0.8125548443717969,1000000.0
368.9766300538333,8.761540295398578e+25,0.8113644722659239,1000000.0
369.4766300538333,8.748777616623733e+25,0.8101825814362612,1000000.0
369.9766300538333,8.736105754268437e+25,0.8090091006822058,1000000.0
370.4766300538333,8.723523946286989e+25,0.8078439594343386,1000000.0
370.9766300538333,8.711031437377337e+25,0.806687087747738,1000000.0
371.4766300538333,8.698627479032798e+25,0.8055384163067687,1000000.0
371.9766300538333,8.686311329330241e+25,0.8043978764054673,1000000.0
372.4766300538333,8.674082252833324e+25,0.8032653999385804,1000000.0
372.9766300538333,8.661939520803045e+25,0.8021409194210636,1000000.0
373.4766300538333,8.64988241083361e+25,0.8010243679543607,1000000.0
373.9766300538333,8.637910206888185e+25,0.7999156792297148,1000000.0
374.4766300538333,8.626022199384013e+25,0.7988147875360498,1000000.0
374.9766300538333,8.61421768494609e+25,0.7977216277371602,1000000.0
375.4766300538333,8.602495966428699e+25,0.7966361352737051,1000000.0
375.9766300538333,8.590856352857576e+25,0.7955582461578526,1000000.0
376.4766300538333,8.579298159323676e+25,0.7944878969634416,1000000.0
376.9766300538333,8.567820707005993e+25,0.7934250248280952,1000000.0
377.4766300538333,8.55642332314197e+25,0.7923695674504805,1000000.0
377.9766300538333,8.545105340722621e+25,0.7913214630620762,1000000.0
378.4766300538333,8.533866098860732e+25,0.7902806504612678,1000000.0
378.9766300538333,8.522704942275625e+25,0.7892470689656365,1000000.0
379.4766300538333,8.51162122160482e+25,0.7882206584408189,1000000.0
379.9766300538333,8.5006142931768e+25,0.7872013592794648,1000000.0
380.4766300538333,8.489683518968976e+25,0.7861891123973443,1000000.0
380.9766300538333,8.478828266583708e+25,0.7851838592311275,1000000.0
381.4766300538333,8.468047909196342e+25,0.7841855417335715,1000000.0
381.9766300538333,8.457341825503528e+25,0.7831941023687355,1000000.0
382.4766300538333,8.44670939960588e+25,0.7822094841011139,1000000.0
382.9766300538333,8.436150021096576e+25,0.7812316304038416,1000000.0
383.4766300538333,8.425663084931962e+25,0.7802604852467101,1000000.0
383.9766300538333,8.415247991280973e+25,0.7792959930822246,1000000.0
384.4766300538333,8.404904145701466e+25,0.7783380988619327,1000000.0
384.9766300538333,8.394630958922845e+25,0.777386748016294,1000000.0
385.4766300538333,8.384427846797944e+25,0.7764418864502247,1000000.0
385.9766300538333,8.374294230337024e+25,0.7755034605462454,1000000.0
386.4766300538333,8.364229535652466e+25,0.7745714171593604,1000000.0
386.9766300538333,8.354233193858433e+25,0.7736457036077642,1000000.0
387.4766300538333,8.344304641020422e+25,0.7727262676681718,1000000.0
387.9766300538333,8.334443318180847e+25,0.771813057578186,1000000.0
388.4766300538333,8.32464867129535e+25,0.7709060220304004,1000000.0
388.9766300538333,8.314920151116802e+25,0.7700051101616573,1000000.0
389.4766300538333,8.305257213178426e+25,0.7691102715514841,1000000.0
389.9766300538333,8.295659317861484e+25,0.768221456228363,1000000.0
390.4766300538333,8.286125930186148e+25,0.7673386146503623,1000000.0
390.9766300538333,8.276656519831009e+25,0.7664616977069454,1000000.0
391.4766300538333,8.267250561183749e+25,0.765590656723661,1000000.0
391.9766300538333,8.25790753315862e+25,0.7647254434452428,1000000.0
392.4766300538333,8.248626919219487e+25,0.7638660100377421,1000000.0
392.9766300538333,8.23940820733816e+25,0.7630123090846699,1000000.0
393.4766300538333,8.230250889952985e+25,0.7621642935831607,1000000.0
393.9766300538333,8.221154463927894e+25,0.7613219169401827,1000000.0
394.4766300538333,8.21211843046992e+25,0.7604851329648975,1000000.0
394.9766300538333,8.203142295148798e+25,0.7596538958704752,1000000.0
395.4766300538333,8.19422556790421e+25,0.7588281602747668,1000000.0
395.9766300538333,8.185367762760112e+25,0.7580078811738478,1000000.0
396.4766300538333,8.176568398180031e+25,0.7571930139749212,1000000.0
396.9766300538333,8.167826996660537e+25,0.7563835144586715,1000000.0
397.4766300538333,8.159143084862876e+25,0.755579338791453,1000000.0
397.9766300538333,8.150516193621907e+25,0.7547804435261193,1000000.0
398.4766300538333,8.141945857794318e+25,0.753986785587966,1000000.0
398.9766300538333,8.133431616275181e+25,0.7531983222762642,1000000.0
399.4766300538333,8.124973011961044e+25,0.7524150112608425,1000000.0
399.9766300538333,8.116569591713493e+25,0.7516368105787131,1000000.0
400.4766300538333,8.108220906311995e+25,0.7508636786297044,1000000.0
400.9766300538333,8.099926510376865e+25,0.7500955741693272,1000000.0
401.4766300538333,8.0916859625039e+25,0.7493324563212427,1000000.0
401.9766300538333,8.083498824992202e+25,0.7485742845520575,1000000.0
402.4766300538333,8.075364663979854e+25,0.7478210186838887,1000000.0
402.9766300538333,8.067283049319386e+25,0.7470726188828297,1000000.0
403.4766300538333,8.059253554641667e+25,0.746329045664868,1000000.0
403.9766300538333,8.051275757179328e+25,0.7455902598795338,1000000.0
404.4766300538333,8.04334923784201e+25,0.7448562227168665,1000000.0
404.9766300538333,8.035473581189891e+25,0.7441268957049655,1000000.0
405.4766300538333,8.027648375334392e+25,0.743402240700793,1000000.0
405.9766300538333,8.019873211940944e+25,0.7426822198904317,1000000.0
406.4766300538333,8.012147686196676e+25,0.7419667957860916,1000000.0
406.9766300538333,8.004471396739834e+25,0.7412559312195744,1000000.0
407.4766300538333,7.996843945710592e+25,0.7405495893469787,1000000.0
407.9766300538333,7.989264938687098e+25,0.7398477336427771,1000000.0
408.4766300538333,7.981733984562158e+25,0.7391503278883975,1000000.0
408.9766300538333,7.9742506956643e+25,0.7384573361834329,1000000.0
409.4766300538333,7.966814687604017e+25,0.7377687229314039,1000000.0
409.9766300538333,7.959425579356062e+25,0.7370844528473793,1000000.0
410.4766300538333,7.952082993049662e+25,0.7364044909385482,1000000.0
410.9766300538333,7.944786554182166e+25,0.7357288025240061,1000000.0
411.4766300538333,7.937535891408075e+25,0.7350573532152163,1000000.0
411.9766300538333,7.930330636561768e+25,0.7343901089181163,1000000.0
412.4766300538333,7.923170424636032e+25,0.7337270358311286,1000000.0
412.9766300538333,7.916054893753452e+25,0.7330681004425111,1000000.0
413.4766300538333,7.908983685138205e+25,0.7324132695277454,1000000.0
413.9766300538333,7.901956443088003e+25,0.7317625101469387,1000000.0
414.4766300538333,7.894972814907876e+25,0.7311157896386914,1000000.0
414.9766300538333,7.888032450953664e+25,0.7304730756241248,1000000.0
415.4766300538333,7.881135004607774e+25,0.7298343360046363,1000000.0
415.9766300538333,7.874280132080172e+25,0.7291995389434701,1000000.0
416.4766300538333,7.867467492700369e+25,0.7285686528927566,1000000.0
416.9766300538333,7.86069674852076e+25,0.7279416465567793,1000000.0
417.4766300538333,7.853967564618922e+25,0.7273184889199693,1000000.0
417.9766300538333,7.847279608871787e+25,0.7266991492259931,1000000.0
418.4766300538333,7.84063255197855e+25,0.7260835969798733,1000000.0
418.9766300538333,7.834026067436772e+25,0.7254718019457755,1000000.0
419.4766300538333,7.827459831554254e+25,0.7248637341481086,1000000.0
419.9766300538333,7.820933523387958e+25,0.7242593638658681,1000000.0
420.4766300538333,7.814446824696764e+25,0.7236586616282612,1000000.0
420.9766300538333,7.807999419978754e+25,0.7230615982181595,1000000.0
421.4766300538333,7.80159099641202e+25,0.7224681446666179,1000000.0
421.9766300538333,7.795221243832875e+25,0.721878272250856,1000000.0
422.4766300538333,7.788889854660623e+25,0.721291952487292,1000000.0
422.9766300538333,7.782596523993123e+25,0.7207091571403923,1000000.0
423.4766300538333,7.776340949487136e+25,0.7201298582115915,1000000.0
423.9766300538333,7.770122831356609e+25,0.7195540279391324,1000000.0
424.4766300538333,7.763941872353665e+25,0.7189816387963059,1000000.0
424.9766300538333,7.757797777790985e+25,0.7184126634935252,1000000.0
425.4766300538333,7.751690255423685e+25,0.7178470749673845,1000000.0
425.9766300538333,7.745619015480392e+25,0.7172848463835387,1000000.0
426.4766300538333,7.739583770692103e+25,0.7167259511393752,1000000.0
426.9766300538333,7.733584236186451e+25,0.7161703628542221,1000000.0
427.4766300538333,7.727620129501669e+25,0.7156180553706423,1000000.0
427.9766300538333,7.721691170565181e+25,0.7150690027524494,1000000.0
428.4766300538333,7.715797081672106e+25,0.7145231792827189,1000000.0
428.9766300538333,7.709937587419382e+25,0.7139805594576861,1000000.0
429.4766300538333,7.704112414805969e+25,0.7134411179960265,1000000.0
429.9766300538333,7.698321293105711e+25,0.7129048298270815,1000000.0
430.4766300538333,7.692563953816858e+25,0.7123716700861841,1000000.0
430.9766300538333,7.686840130783662e+25,0.7118416141259197,1000000.0
431.4766300538333,7.681149560030999e+25,0.7113146375008107,1000000.0
431.9766300538333,7.675491979858918e+25,0.7107907159760721,1000000.0
432.4766300538333,7.669867130684769e+25,0.7102698255129929,1000000.0
432.9766300538333,7.664274755215791e+25,0.7097519422849167,1000000.0
433.4766300538333,7.658714598260583e+25,0.7092370426597847,1000000.0
433.9766300538333,7.653186406774279e+25,0.7087251032043188,1000000.0
434.4766300538333,7.647689929824871e+25,0.7082161006809018,1000000.0
434.9766300538333,7.642224918629741e+25,0.7077100120509615,1000000.0
435.4766300538333,7.636791126470414e+25,0.7072068144670767,1000000.0
435.9766300538333,7.63138830868982e+25,0.7067064852727223,1000000.0
436.4766300538333,7.626016222681583e+25,0.7062090020012786,1000000.0
436.9766300538333,7.620674627896119e+25,0.7057143423765957,1000000.0
437.4766300538333,7.615363285790552e+25,0.705222484308355,1000000.0
437.9766300538333,7.610081959807449e+25,0.7047334058901008,1000000.0
438.4766300538333,7.604830415336348e+25,0.7042470853956765,1000000.0
438.9766300538333,7.599608419828829e+25,0.703763501289882,1000000.0
439.4766300538333,7.594415742546262e+25,0.7032826322051127,1000000.0
439.9766300538333,7.5892521548204706e+25,0.7028044569654992,1000000.0
440.4766300538333,7.584117429754593e+25,0.702328954559205,1000000.0
440.9766300538333,7.57901134245505e+25,0.7018561041599077,1000000.0
441.4766300538333,7.573933669863581e+25,0.7013858851112457,1000000.0
441.9766300538333,7.568884190772972e+25,0.7009182769282734,1000000.0
442.4766300538333,7.56386268580363e+25,0.7004532592952928,1000000.0
442.9766300538333,7.558868937455611e+25,0.699990812070671,1000000.0
443.4766300538333,7.553902730011707e+25,0.6995309152778659,1000000.0
443.9766300538333,7.5489638495523075e+25,0.6990735491068024,1000000.0
444.4766300538333,7.544052083939594e+25,0.6986186939124085,1000000.0
444.9766300538333,7.5391672227743336e+25,0.6981663302106145,1000000.0
445.4766300538333,7.534309057450508e+25,0.6977164386834117,1000000.0
445.9766300538333,7.529477381084643e+25,0.6972690001723078,1000000.0
446.4766300538333,7.524671988507122e+25,0.696823995677523,1000000.0
446.9766300538333,7.519892676194899e+25,0.6963814063517583,1000000.0
447.4766300538333,7.515139242432431e+25,0.695941213515099,1000000.0
447.9766300538333,7.510411487055804e+25,0.6955033986313194,1000000.0
448.4766300538333,7.505709211667055e+25,0.6950679433277303,1000000.0
448.9766300538333,7.501032219395089e+25,0.6946348293730381,1000000.0
449.4766300538333,7.4963803151200265e+25,0.694204038698121,1000000.0
449.9766300538333,7.49175330527215e+25,0.6937755533774106,1000000.0
450.4766300538333,7.4871509978556395e+25,0.6933493556310891,1000000.0
450.9766300538333,7.482573202527783e+25,0.6929254278324259,1000000.0
451.4766300538333,7.478019730490901e+25,0.6925037524977679,1000000.0
451.9766300538333,7.473490394504534e+25,0.6920843122876688,1000000.0
452.4766300538333,7.468985008876082e+25,0.6916670900060222,1000000.0
452.9766300538333,7.4645033894473e+25,0.6912520685988116,1000000.0
453.4766300538333,7.460045353580857e+25,0.6908392311528639,1000000.0
453.9766300538333,7.4556107201470924e+25,0.6904285608946253,1000000.0
454.4766300538333,7.451199309478788e+25,0.6900200411859713,1000000.0
454.9766300538333,7.4468109434392315e+25,0.6896136555305101,1000000.0
455.4766300538333,7.44244544534983e+25,0.6892093875668799,1000000.0
455.9766300538333,7.438102639942317e+25,0.688807221064322,1000000.0
456.4766300538333,7.433782353435703e+25,0.6884071399298076,1000000.0
456.9766300538333,7.429484413466104e+25,0.6880091282015394,1000000.0
457.4766300538333,7.425208649073662e+25,0.6876131700477397,1000000.0
457.9766300538333,7.420954890712094e+25,0.6872192497675359,1000000.0
458.4766300538333,7.416722970251285e+25,0.6868273517911996,1000000.0
458.9766300538333,7.41251272087661e+25,0.6864374606708237,1000000.0
459.4766300538333,7.408323977207535e+25,0.6860495610913057,1000000.0
459.9766300538333,7.404156575199824e+25,0.6856636378612906,1000000.0
460.4766300538333,7.40001035214525e+25,0.6852796759131458,1000000.0
460.9766300538333,7.39588514666992e+25,0.684897660302804,1000000.0
461.4766300538333,7.39178079872279e+25,0.6845175762087016,1000000.0
461.9766300538333,7.387697149563998e+25,0.6841394089306965,1000000.0
462.4766300538333,7.383634041753678e+25,0.6837631438890337,1000000.0
462.9766300538333,7.3795913191406295e+25,0.6833887666232946,1000000.0
463.4766300538333,7.375568826851088e+25,0.6830162627913585,1000000.0
463.9766300538333,7.371566411277734e+25,0.6826456181683842,1000000.0
464.4766300538333,7.36758392003461e+25,0.6822768186426342,1000000.0
464.9766300538333,7.363621202030592e+25,0.6819098502222806,1000000.0
465.4766300538333,7.3596781074031145e+25,0.681544699029265,1000000.0
465.9766300538333,7.35575448743746e+25,0.6811813512918269,1000000.0
466.4766300538333,7.351850194751287e+25,0.6808197933615905,1000000.0
466.9766300538333,7.347965083038706e+25,0.6804600116898645,1000000.0
467.4766300538333,7.344099007298664e+25,0.6801019928487932,1000000.0
467.9766300538333,7.340251823612939e+25,0.6797457235107958,1000000.0
468.4766300538333,7.3364233892962395e+25,0.6793911904624681,1000000.0
468.9766300538333,7.332613562813431e+25,0.679038380596916,1000000.0
469.4766300538333,7.328822203765549e+25,0.6786872809124608,1000000.0
469.9766300538333,7.325049172880176e+25,0.6783378785117481,1000000.0
470.4766300538333,7.321294332048955e+25,0.6779901606052214,1000000.0
470.9766300538333,7.317557544273675e+25,0.6776441145061294,1000000.0
471.4766300538333,7.313838673663322e+25,0.6772997276302533,1000000.0
471.9766300538333,7.31013758542976e+25,0.6769569874955067,1000000.0
472.4766300538333,7.3064541458782714e+25,0.6766158817210588,1000000.0
472.9766300538333,7.302788222386122e+25,0.6762763980253511,1000000.0
473.4766300538333,7.299139683412807e+25,0.6759385242270441,1000000.0
473.9766300538333,7.295508398497691e+25,0.6756022482448008,1000000.0
474.4766300538333,7.291894238226748e+25,0.6752675580942049,1000000.0
474.9766300538333,7.288297074206179e+25,0.674934441885319,1000000.0
475.4766300538333,7.284716779106573e+25,0.6746028878267737,1000000.0
475.9766300538333,7.281153226644956e+25,0.6742728842241047,1000000.0
476.4766300538333,7.2776062914863825e+25,0.6739444194706403,1000000.0
476.9766300538333,7.274075849409676e+25,0.6736174820628494,1000000.0
477.4766300538333,7.270561777093032e+25,0.673292060580488,1000000.0
477.9766300538333,7.267063952289503e+25,0.672968143702849,1000000.0
478.4766300538333,7.263582253708331e+25,0.6726457201977736,1000000.0
478.9766300538333,7.260116560991304e+25,0.6723247789194616,1000000.0
479.4766300538333,7.256666754826897e+25,0.6720053088190417,1000000.0
479.9766300538333,7.253232716823016e+25,0.6716872989327866,1000000.0
480.4766300538333,7.2498143295407246e+25,0.6713707383852362,1000000.0
480.9766300538333,7.246411476486238e+25,0.6710556163884565,1000000.0
481.4766300538333,7.243024042102834e+25,0.6707419222412904,1000000.0
481.9766300538333,7.239651911762811e+25,0.670429645328613,1000000.0
482.4766300538333,7.236294971759706e+25,0.6701187751206111,1000000.0
482.9766300538333,7.23295310930032e+25,0.6698093011720443,1000000.0
483.4766300538333,7.229626212497055e+25,0.6695012131215354,1000000.0
483.9766300538333,7.2263141703601335e+25,0.6691945006908505,1000000.0
484.4766300538333,7.223016872790035e+25,0.6688891536841978,1000000.0
484.9766300538333,7.219734210543606e+25,0.6685851619850898,1000000.0
485.4766300538333,7.216466075287938e+25,0.6682825155613323,1000000.0
485.9766300538333,7.213212359561042e+25,0.6679812044613831,1000000.0
486.4766300538333,7.209972956703104e+25,0.6676812188079853,1000000.0
486.9766300538333,7.206747760985611e+25,0.667382548810125,1000000.0
487.4766300538333,7.203536667457134e+25,0.6670851847487513,1000000.0
487.9766300538333,7.200339572062072e+25,0.6667891169877709,1000000.0
488.4766300538333,7.197156371508358e+25,0.666494335961798,1000000.0
488.9766300538333,7.1939869634057336e+25,0.6662008321889589,1000000.0
489.4766300538333,7.190831246123485e+25,0.6659085962577179,1000000.0
489.9766300538333,7.187689118847051e+25,0.6656176188321189,1000000.0
490.4766300538333,7.184560481598193e+25,0.6653278906536542,1000000.0
490.9766300538333,7.181445235170794e+25,0.6650394025353181,1000000.0
491.4766300538333,7.178343281149301e+25,0.6647521453633157,1000000.0
491.9766300538333,7.175254521902065e+25,0.6644661100964453,1000000.0
492.4766300538333,7.172178860574774e+25,0.664181287765491,1000000.0
492.9766300538333,7.169116201083831e+25,0.6638976694726088,1000000.0
493.4766300538333,7.166066448109895e+25,0.6636152463907291,1000000.0
493.9766300538333,7.163029507091447e+25,0.6633340097629606,1000000.0
494.4766300538333,7.16000528421843e+25,0.663053950902001,1000000.0
494.9766300538333,7.156993686425854e+25,0.6627750611895457,1000000.0
495.4766300538333,7.153994621387622e+25,0.6624973320757146,1000000.0
495.9766300538333,7.151007997502505e+25,0.6622207550777548,1000000.0
496.4766300538333,7.148033723880663e+25,0.6619453217787917,1000000.0
496.9766300538333,7.145071710401151e+25,0.6616710238331541,1000000.0
497.4766300538333,7.142121867614088e+25,0.661397852957315,1000000.0
497.9766300538333,7.139184106777554e+25,0.6611258009333084,1000000.0
498.4766300538333,7.136258339891056e+25,0.6608548596118284,1000000.0
498.9766300538333,7.133344479586407e+25,0.6605850209021235,1000000.0
499.4766300538333,7.130442439255446e+25,0.6603162767838248,1000000.0
499.9766300538333,7.127552132921223e+25,0.6600486192950171,1000000.0
500.4766300538333,7.124673475304324e+25,0.6597820405383805,1000000.0
500.9766300538333,7.12180638181625e+25,0.6595165326805773,1000000.0
501.4766300538333,7.118950768503651e+25,0.659252087947088,1000000.0
501.9766300538333,7.116106552081485e+25,0.6589886986252819,1000000.0
502.4766300538333,7.113273649945939e+25,0.658726357065614,1000000.0
502.9766300538333,7.1104519801248215e+25,0.6584650556770303,1000000.0
503.4766300538333,7.107641461291983e+25,0.6582047869283039,1000000.0
503.9766300538333,7.104842012761917e+25,0.6579455433475347,1000000.0
504.4766300538333,7.102053554484423e+25,0.6576873175216554,1000000.0
504.9766300538333,7.099276007039313e+25,0.6574301020959409,1000000.0
505.4766300538333,7.09650929163115e+25,0.6571738897735216,1000000.0
505.9766300538333,7.093753330084056e+25,0.6569186733149022,1000000.0
506.4766300538333,7.091008044836577e+25,0.6566644455374862,1000000.0
506.9766300538333,7.088273358936527e+25,0.6564111993150985,1000000.0
507.4766300538333,7.085549196027471e+25,0.6561589275767338,1000000.0
507.9766300538333,7.08283548034599e+25,0.6559076233063031,1000000.0
508.4766300538333,7.0801321367563144e+25,0.655657279545841,1000000.0
508.9766300538333,7.0774390906891595e+25,0.6554078893898414,1000000.0
509.4766300538333,7.074756268127024e+25,0.6551594459838967,1000000.0
509.9766300538333,7.072083595705322e+25,0.6549119425340625,1000000.0
510.4766300538333,7.069421000557276e+25,0.6546653722924936,1000000.0
510.9766300538333,7.066768410449267e+25,0.6544197285699791,1000000.0
511.4766300538333,7.06412575365421e+25,0.6541750047242156,1000000.0
511.9766300538333,7.06149295906884e+25,0.6539311941706689,1000000.0
512.4766300538332,7.05886995607109e+25,0.6536882903693659,1000000.0
512.9766300538332,7.056256674658952e+25,0.6534462868377545,1000000.0
513.4766300538332,7.053653045348502e+25,0.6532051771412599,1000000.0
513.9766300538332,7.051058999176487e+25,0.6529649548935238,1000000.0
514.4766300538332,7.048474467745688e+25,0.6527256137606061,1000000.0
514.9766300538332,7.045899383190697e+25,0.6524871474578148,1000000.0
515.4766300538332,7.043333678165525e+25,0.6522495497485591,1000000.0
515.9766300538332,7.040777285848958e+25,0.6520128144448448,1000000.0
516.4766300538332,7.038230139940253e+25,0.6517769354068763,1000000.0
516.9766300538332,7.035692174654766e+25,0.6515419065426514,1000000.0
517.4766300538332,7.03316332471983e+25,0.6513077218075797,1000000.0
517.9766300538332,7.030643525370418e+25,0.6510743752040806,1000000.0
518.4766300538332,7.028132712345036e+25,0.6508418607812035,1000000.0
518.9766300538332,7.025630821881573e+25,0.6506101726342437,1000000.0
519.4766300538332,7.023137790713211e+25,0.6503793049043626,1000000.0
519.9766300538332,7.020653556064288e+25,0.6501492517782055,1000000.0
520.4766300538332,7.018178055618891e+25,0.6499200074849928,1000000.0
520.9766300538332,7.015711227594881e+25,0.6496915663033751,1000000.0
521.4766300538332,7.013253010666611e+25,0.6494639225542768,1000000.0
521.9766300538332,7.010803343954601e+25,0.6492370705999393,1000000.0
522.4766300538332,7.00836216709347e+25,0.6490110048502127,1000000.0
522.9766300538332,7.005929420167963e+25,0.6487857197566307,1000000.0
523.4766300538332,7.003505043707549e+25,0.6485612098119112,1000000.0
523.9766300538332,7.001088978741298e+25,0.6483374695550375,1000000.0
524.4766300538332,6.998681166710135e+25,0.6481144935631327,1000000.0
524.9766300538332,6.996281549540868e+25,0.6478922764583155,1000000.0
525.4766300538332,6.993890069602111e+25,0.647670812903618,1000000.0
525.9766300538332,6.991506669672827e+25,0.6474500976000729,1000000.0
526.4766300538332,6.989131293030183e+25,0.6472301252948489,1000000.0
526.9766300538332,6.986763883356523e+25,0.6470108907726365,1000000.0
527.4766300538332,6.984404384755485e+25,0.6467923888571401,1000000.0
527.9766300538332,6.982052741782513e+25,0.6465746144139037,1000000.0
528.4766300538332,6.9797088994215325e+25,0.646357562348151,1000000.0
528.9766300538332,6.977372803071214e+25,0.6461412276035132,1000000.0
529.4766300538332,6.975044398550673e+25,0.6459256051625571,1000000.0
529.9766300538332,6.972723632095968e+25,0.6457106900464601,1000000.0
530.4766300538332,6.970410450356793e+25,0.6454964773147048,1000000.0
530.9766300538332,6.9681048003930295e+25,0.6452829620647594,1000000.0
531.4766300538332,6.965806629671438e+25,0.645070139431771,1000000.0
531.9766300538332,6.963515886062413e+25,0.6448580045882654,1000000.0
532.4766300538332,6.96123251783663e+25,0.6446465527438362,1000000.0
532.9766300538332,6.958956473661838e+25,0.6444357791448488,1000000.0
533.4766300538332,6.956687702586917e+25,0.6442256790729629,1000000.0
533.9766300538332,6.9544261540640755e+25,0.6440162478471883,1000000.0
534.4766300538332,6.952171777942331e+25,0.6438074808232817,1000000.0
534.9766300538332,6.94992452444577e+25,0.643599373391733,1000000.0
535.4766300538332,6.9476843441443016e+25,0.6433919209750574,1000000.0
535.9766300538332,6.9454511880531216e+25,0.6431851190370056,1000000.0
536.4766300538332,6.943225007513108e+25,0.6429789630714883,1000000.0
536.9766300538332,6.941005754245231e+25,0.6427734486076147,1000000.0
537.4766300538332,6.938793380359016e+25,0.6425685712104764,1000000.0
537.9766300538332,6.936587838297234e+25,0.642364326476025,1000000.0
538.4766300538332,6.93438908089837e+25,0.6421607100368577,1000000.0
538.9766300538332,6.932197061342686e+25,0.6419577175572218,1000000.0
539.4766300538332,6.930011733158594e+25,0.6417553447336047,1000000.0
539.9766300538332,6.927833050262197e+25,0.6415535872983968,1000000.0
540.4766300538332,6.925660966884838e+25,0.641352441013181,1000000.0
540.9766300538332,6.923495437615573e+25,0.6411519016726661,1000000.0
541.4766300538332,6.921336417408975e+25,0.6409519651054101,1000000.0
541.9766300538332,6.9191838615457494e+25,0.6407526271701721,1000000.0
542.4766300538332,6.9170377256470675e+25,0.6405538837572405,1000000.0
542.9766300538332,6.9148979656662265e+25,0.6403557307876602,1000000.0
543.4766300538332,6.912764537900166e+25,0.6401581642142992,1000000.0
543.9766300538332,6.910637398981162e+25,0.639961180021079,1000000.0
544.4766300538332,6.9085165058651634e+25,0.6397647742218957,1000000.0
544.9766300538332,6.906401815835161e+25,0.6395689428609307,1000000.0
545.4766300538332,6.904293286498583e+25,0.6393736820124096,1000000.0
545.9766300538332,6.902190875784623e+25,0.6391789877803561,1000000.0
546.4766300538332,6.900094541937581e+25,0.6389848562979739,1000000.0
546.9766300538332,6.898004243516811e+25,0.6387912837276419,1000000.0
547.4766300538332,6.895919939408418e+25,0.6385982662619988,1000000.0
547.9766300538332,6.893841588803331e+25,0.638405800121911,1000000.0
548.4766300538332,6.891769151201643e+25,0.6382138815568749,1000000.0
548.9766300538332,6.889702586398865e+25,0.638022506843745,1000000.0
549.4766300538332,6.8876418544988074e+25,0.6378316722879249,1000000.0
549.9766300538332,6.88558691592963e+25,0.6376413742248555,1000000.0
550.4766300538332,6.883537731388449e+25,0.6374516090148838,1000000.0
550.9766300538332,6.881494261875832e+25,0.6372623730464586,1000000.0
551.4766300538332,6.879456468714594e+25,0.6370736627378701,1000000.0
551.9766300538332,6.877424313459548e+25,0.636885474528893,1000000.0
552.4766300538332,6.875397758036271e+25,0.6366978048936363,1000000.0
552.9766300538332,6.873376764569029e+25,0.6365106503246089,1000000.0
553.4766300538332,6.871361295552592e+25,0.63632400734863,1000000.0
553.9766300538332,6.869351313695727e+25,0.6361378725123371,1000000.0
554.4766300538332,6.8673467820292955e+25,0.6359522423921938,1000000.0
554.9766300538332,6.865347663857552e+25,0.6357671135899825,1000000.0
555.4766300538332,6.863353922726238e+25,0.6355824827298479,1000000.0
555.9766300538332,6.861365522501825e+25,0.6353983464656362,1000000.0
556.4766300538332,6.859382427303779e+25,0.6352147014746224,1000000.0
556.9766300538332,6.857404601517747e+25,0.635031544458731,1000000.0
557.4766300538332,6.855432009785812e+25,0.6348488721436338,1000000.0
557.9766300538332,6.853464617037258e+25,0.6346666812815992,1000000.0
558.4766300538332,6.851502388458961e+25,0.6344849686487495,1000000.0
558.9766300538332,6.849545289495114e+25,0.6343037310450365,1000000.0
559.4766300538332,6.84759328584934e+25,0.6341229652944359,1000000.0
559.9766300538332,6.845646343482666e+25,0.6339426682447609,1000000.0
560.4766300538332,6.8437044286114e+25,0.6337628367674649,1000000.0
560.9766300538332,6.841767507705209e+25,0.6335834677574635,1000000.0
561.4766300538332,6.83983554748511e+25,0.6334045581329489,1000000.0
561.9766300538332,6.837908514921404e+25,0.633226104835198,1000000.0
562.4766300538332,6.8359863772317896e+25,0.6330481048283985,1000000.0
562.9766300538332,6.834069101871911e+25,0.6328705550987723,1000000.0
563.4766300538332,6.832156656544869e+25,0.632693452655458,1000000.0
563.9766300538332,6.830249009207137e+25,0.6325167945310569,1000000.0
564.4766300538332,6.828346128046511e+25,0.632340577779593,1000000.0
564.9766300538332,6.826447981480813e+25,0.6321647994763909,1000000.0
565.4766300538332,6.824554538157961e+25,0.6319894567180842,1000000.0
565.9766300538332,6.822665766992373e+25,0.6318145466259851,1000000.0
566.4766300538332,6.8207816370974255e+25,0.6316400663398306,1000000.0
566.9766300538332,6.8189021178229105e+25,0.6314660130212514,1000000.0
567.4766300538332,6.817027178773287e+25,0.631292383855461,1000000.0
567.9766300538332,6.815156789724773e+25,0.6311191760435793,1000000.0
568.4766300538332,6.813290920751818e+25,0.6309463868143436,1000000.0
568.9766300538332,6.8114295420716434e+25,0.630774013409713,1000000.0
569.4766300538332,6.809572624200103e+25,0.630602053099301,1000000.0
569.9766300538332,6.807720137809718e+25,0.6304305031672298,1000000.0
570.4766300538332,6.805872053829651e+25,0.6302593609213877,1000000.0
570.9766300538332,6.80402834340078e+25,0.6300886236892692,1000000.0
571.4766300538332,6.8021889778411926e+25,0.6299182888147787,1000000.0
571.9766300538332,6.800353928736189e+25,0.6297483536665669,1000000.0
572.4766300538332,6.798523167855632e+25,0.629578815630375,1000000.0
572.9766300538332,6.796696667172999e+25,0.6294096721108003,1000000.0
573.4766300538332,6.795009036742587e+25,0.6292533887031592,1000000.0
573.9766300538332,6.793342997432413e+25,0.629099104746218,1000000.0
574.4766300538332,6.791677896977499e+25,0.628944907732186,1000000.0
574.9766300538332,6.790013733855925e+25,0.6287907975201256,1000000.0
575.4766300538332,6.788350506555012e+25,0.6286367739699545,1000000.0
575.9766300538332,6.78668821357119e+25,0.6284828369424346,1000000.0
576.4766300538332,6.7850268534100145e+25,0.6283289862991722,1000000.0
576.9766300538332,6.783366424586058e+25,0.6281752219026092,1000000.0
577.4766300538332,6.781706925622867e+25,0.6280215436160181,1000000.0
577.9766300538332,6.7800483550528695e+25,0.6278679513034943,1000000.0
578.4766300538332,6.77839071141735e+25,0.6277144448299528,1000000.0
578.9766300538332,6.7767339932663685e+25,0.6275610240611217,1000000.0
579.4766300538332,6.7750781991586835e+25,0.6274076888635345,1000000.0
579.9766300538332,6.773423327661704e+25,0.6272544391045258,1000000.0
580.4766300538332,6.771769377344681e+25,0.6271012746516008,1000000.0
580.9766300538332,6.770116346786423e+25,0.6269481953731496,1000000.0
581.4766300538332,6.76846423459015e+25,0.6267952011398232,1000000.0
581.9766300538332,6.76681303935726e+25,0.6266422918221036,1000000.0
582.4766300538332,6.765162759680596e+25,0.6264894672896809,1000000.0
582.9766300538332,6.763513394183661e+25,0.626336727415084,1000000.0
583.4766300538332,6.7618649415019675e+25,0.6261840720719545,1000000.0
583.9766300538332,6.760217400241708e+25,0.6260315011312183,1000000.0
584.4766300538332,6.758570769066729e+25,0.6258790144691407,1000000.0
584.9766300538332,6.7569250466122285e+25,0.625726611959334,1000000.0
585.4766300538332,6.755280231537404e+25,0.6255742934776326,1000000.0
585.9766300538332,6.753636322505097e+25,0.625422058900209,1000000.0
586.4766300538332,6.751993318187658e+25,0.6252699081041154,1000000.0
586.9766300538332,6.750351217257381e+25,0.6251178409663999,1000000.0
587.4766300538332,6.748710018417467e+25,0.6249658573669715,1000000.0
587.9766300538332,6.7470697203315185e+25,0.6248139571820733,1000000.0
588.4766300538332,6.745430321729299e+25,0.6246621402940746,1000000.0
588.9766300538332,6.743791821313587e+25,0.6245104065828457,1000000.0
589.4766300538332,6.742154217782153e+25,0.6243587559277937,1000000.0
589.9766300538332,6.740517509878481e+25,0.6242071882125582,1000000.0
590.4766300538332,6.738881696331515e+25,0.6240557033194332,1000000.0
590.9766300538332,6.737246775874861e+25,0.6239043011311437,1000000.0
591.4766300538332,6.73561274724309e+25,0.6237529815305045,1000000.0
591.9766300538332,6.733979609201264e+25,0.6236017444031537,1000000.0
592.4766300538332,6.732347360507614e+25,0.6234505896340973,1000000.0
592.9766300538332,6.730715999927619e+25,0.6232995171090119,1000000.0
593.4766300538332,6.729085526233864e+25,0.6231485267142326,1000000.0
593.9766300538332,6.72745593820604e+25,0.6229976183367524,1000000.0
594.4766300538332,6.725827234630912e+25,0.6228467918642192,1000000.0
594.9766300538332,6.724199414302181e+25,0.6226960471849238,1000000.0
595.4766300538332,6.7225724760205684e+25,0.6225453841878064,1000000.0
595.9766300538332,6.72094641859365e+25,0.6223948027624423,1000000.0
596.4766300538332,6.719321240835835e+25,0.6222443027990396,1000000.0
596.9766300538332,6.717696941568372e+25,0.6220938841884399,1000000.0
597.4766300538332,6.716073519619231e+25,0.6219435468221071,1000000.0
597.9766300538332,6.714450973823104e+25,0.6217932905921274,1000000.0
598.4766300538332,6.712829303014698e+25,0.6216431153905886,1000000.0
598.9766300538332,6.711208506037272e+25,0.6214930211103705,1000000.0
599.4766300538332,6.709588581754482e+25,0.6213430076462418,1000000.0
599.9766300538332,6.707969529027355e+25,0.6211930748927275,1000000.0
600.4766300538332,6.706351346714051e+25,0.6210432227440871,1000000.0
600.9766300538332,6.704734033680637e+25,0.6208934510953128,1000000.0
601.4766300538332,6.703117588822429e+25,0.6207437598441049,1000000.0
601.9766300538332,6.701502011012773e+25,0.6205941488861293,1000000.0
602.4766300538332,6.699887299138211e+25,0.6204446181182741,1000000.0
602.9766300538332,6.69827345211534e+25,0.6202951674402104,1000000.0
603.4766300538332,6.696660468813298e+25,0.6201457967472145,1000000.0
603.9766300538332,6.695048348176762e+25,0.619996505941558,1000000.0
604.4766300538332,6.693437089089526e+25,0.6198472949198743,1000000.0
604.9766300538332,6.691826690501149e+25,0.6196981635848872,1000000.0
605.4766300538332,6.690217151306397e+25,0.6195491118342462,1000000.0
605.9766300538332,6.688608470469401e+25,0.6194001395720242,1000000.0
606.4766300538332,6.687000646899866e+25,0.6192512466972545,1000000.0
606.9766300538332,6.6853936795596914e+25,0.6191024331138035,1000000.0
607.4766300538332,6.6837875674008335e+25,0.6189536987246167,1000000.0
607.9766300538332,6.6821823093539905e+25,0.6188050434306713,1000000.0
608.4766300538332,6.680577904404125e+25,0.6186564671379694,1000000.0
608.9766300538332,6.678974351515629e+25,0.6185079697506083,1000000.0
609.4766300538332,6.677371649645976e+25,0.6183595511720448,1000000.0
609.9766300538332,6.675769797778001e+25,0.6182112113080838,1000000.0
610.4766300538332,6.674168794900593e+25,0.6180629500650914,1000000.0
610.9766300538332,6.672568640000647e+25,0.6179147673492486,1000000.0
611.4766300538332,6.670969332070628e+25,0.6177666630672524,1000000.0
611.9766300538332,6.669370870108249e+25,0.6176186371262858,1000000.0
612.4766300538332,6.6677732531093365e+25,0.6174706894333571,1000000.0
612.9766300538332,6.666176480092474e+25,0.6173228198975821,1000000.0
613.4766300538332,6.664580550071775e+25,0.6171750284276624,1000000.0
613.9766300538332,6.662985462066775e+25,0.6170273149328018,1000000.0
614.4766300538332,6.661391215102206e+25,0.6168796793226856,1000000.0
614.9766300538332,6.659797808208154e+25,0.6167321215074946,1000000.0
615.4766300538332,6.658205240419857e+25,0.6165846413978867,1000000.0
615.9766300538332,6.656613510777769e+25,0.616437238905003,1000000.0
616.4766300538332,6.655022618325977e+25,0.616289913940321,1000000.0
616.9766300538332,6.653432562107866e+25,0.616142666415253,1000000.0
617.4766300538332,6.651843341186012e+25,0.6159954962429887,1000000.0
617.9766300538332,6.650254954621164e+25,0.6158484033365487,1000000.0
618.4766300538332,6.648667401479151e+25,0.6157013876094235,1000000.0
618.9766300538332,6.647080680830754e+25,0.615554448975563,1000000.0
619.4766300538332,6.64549479174145e+25,0.6154075873484253,1000000.0
619.9766300538332,6.643909733289863e+25,0.6152608026426859,1000000.0
620.4766300538332,6.642325504571553e+25,0.6151140947745894,1000000.0
620.9766300538332,6.640742104676761e+25,0.6149674636598871,1000000.0
621.4766300538332,6.639159532672526e+25,0.6148209092121819,1000000.0
621.9766300538332,6.637577787684377e+25,0.6146744313504933,1000000.0
622.4766300538332,6.635996868809964e+25,0.6145280299912588,1000000.0
622.9766300538332,6.63441677513851e+25,0.6143817050501359,1000000.0
623.4766300538332,6.6328375058089386e+25,0.6142354564473844,1000000.0
623.9766300538332,6.631259059907488e+25,0.614089284098385,1000000.0
624.4766300538332,6.629681436581462e+25,0.6139431879241738,1000000.0
624.9766300538332,6.628104634933477e+25,0.6137971678416482,1000000.0
625.4766300538332,6.6265286541133865e+25,0.6136512237720803,1000000.0
625.9766300538332,6.624953493231526e+25,0.6135053556330824,1000000.0
626.4766300538332,6.623379151453997e+25,0.6133595633474312,1000000.0
626.9766300538332,6.621805627888429e+25,0.6132138468324885,1000000.0
627.4766300538332,6.620232921710965e+25,0.6130682060119609,1000000.0
627.9766300538332,6.618661032061691e+25,0.612922640806216,1000000.0
628.4766300538332,6.617089958085372e+25,0.6127771511360541,1000000.0
628.9766300538332,6.615519698958875e+25,0.6126317369252492,1000000.0
629.4766300538332,6.613950253838988e+25,0.6124863980957153,1000000.0
629.9766300538332,6.612381621877849e+25,0.6123411345689359,1000000.0
630.4766300538332,6.610813802264874e+25,0.6121959462698467,1000000.0
630.9766300538332,6.609246794173919e+25,0.6120508331219428,1000000.0
631.4766300538332,6.607680596783e+25,0.6119057950491035,1000000.0
631.9766300538332,6.606115209261441e+25,0.6117608319744043,1000000.0
632.4766300538332,6.604550630808289e+25,0.6116159438236728,1000000.0
632.9766300538332,6.602986860615635e+25,0.6114711305220922,1000000.0
633.4766300538332,6.601423897877774e+25,0.6113263919950501,1000000.0
633.9766300538332,6.599861741792994e+25,0.6111817281683039,1000000.0
634.4766300538332,6.59830039156353e+25,0.6110371389679761,1000000.0
634.9766300538332,6.5967398463955724e+25,0.6108926243205558,1000000.0
635.4766300538332,6.5951801054992106e+25,0.6107481841528934,1000000.0
635.9766300538332,6.5936211680883885e+25,0.6106038183921959,1000000.0
636.4766300538332,6.592063033380964e+25,0.6104595269660329,1000000.0
636.9766300538332,6.5905057005985534e+25,0.6103153098023217,1000000.0
637.4766300538332,6.5889491689665945e+25,0.6101711668293341,1000000.0
637.9766300538332,6.587393437714319e+25,0.6100270979756928,1000000.0
638.4766300538332,6.5858385060746545e+25,0.6098831031703629,1000000.0
638.9766300538332,6.58428437328425e+25,0.6097391823426541,1000000.0
639.4766300538332,6.582731038583468e+25,0.6095953354222201,1000000.0
639.9766300538332,6.581178501207479e+25,0.6094515623382334,1000000.0
640.4766300538332,6.579626760404307e+25,0.6093078630210573,1000000.0
640.9766300538332,6.578075815431768e+25,0.6091642374019618,1000000.0
641.4766300538332,6.576525665544673e+25,0.6090206854119383,1000000.0
641.9766300538332,6.57497630999703e+25,0.608877206981904,1000000.0
642.4766300538332,6.573427748034824e+25,0.6087338020420333,1000000.0
642.9766300538332,6.571879978941879e+25,0.6085904705260045,1000000.0
643.4766300538332,6.570333001987046e+25,0.6084472123661093,1000000.0
643.9766300538332,6.568786816413373e+25,0.6083040274922502,1000000.0
644.4766300538332,6.567241421523185e+25,0.6081609158398188,1000000.0
644.9766300538332,6.565696816586135e+25,0.6080178773411808,1000000.0
645.4766300538332,6.564153000869765e+25,0.6078749119285072,1000000.0
645.9766300538332,6.562609973683441e+25,0.6077320195378414,1000000.0
646.4766300538332,6.561067734278383e+25,0.6075892000998426,1000000.0
646.9766300538332,6.55952628198184e+25,0.6074464535522106,1000000.0
647.4766300538332,6.557985616053808e+25,0.6073037798264169,1000000.0
647.9766300538332,6.5564457358227845e+25,0.6071611788602771,1000000.0
648.4766300538332,6.554906640553307e+25,0.6070186505856834,1000000.0
648.9766300538332,6.553368329582543e+25,0.606876194941254,1000000.0
649.4766300538332,6.5518308021858335e+25,0.6067338118598817,1000000.0
649.9766300538332,6.550294057692316e+25,0.6065915012794413,1000000.0
650.4766300538332,6.548758095411251e+25,0.6064492631359666,1000000.0
650.9766300538332,6.547222914640176e+25,0.6063070973644059,1000000.0
651.4766300538332,6.545688514718932e+25,0.6061650039036248,1000000.0
651.9766300538332,6.544154894961028e+25,0.6060229826900511,1000000.0
652.4766300538332,6.542622054674685e+25,0.6058810336596221,1000000.0
652.9766300538332,6.541089993205477e+25,0.6057391567517346,1000000.0
653.4766300538332,6.539558709881305e+25,0.6055973519041487,1000000.0
653.9766300538332,6.5380282040267085e+25,0.6054556190543132,1000000.0
654.4766300538332,6.536498474970963e+25,0.6053139581401158,1000000.0
654.9766300538332,6.5349695220634515e+25,0.6051723691013055,1000000.0
655.4766300538332,6.533441344643845e+25,0.6050308518767328,1000000.0
655.9766300538332,6.531913942054711e+25,0.6048894064055156,1000000.0
656.4766300538332,6.530387313641497e+25,0.6047480326270392,1000000.0
656.9766300538332,6.528861458752507e+25,0.604606730480953,1000000.0
657.4766300538332,6.527336376734441e+25,0.6044654999067582,1000000.0
657.9766300538332,6.525812066945076e+25,0.6043243408449814,1000000.0
658.4766300538332,6.5242885287434235e+25,0.6041832532362638,1000000.0
658.9766300538332,6.52276576148894e+25,0.6040422370212877,1000000.0
659.4766300538332,6.521243764543884e+25,0.603901292140995,1000000.0
659.9766300538332,6.519722537273175e+25,0.6037604185365736,1000000.0
660.4766300538332,6.518202079044509e+25,0.6036196161494691,1000000.0
660.9766300538332,6.516682389228181e+25,0.6034788849213676,1000000.0
661.4766300538332,6.515163467192645e+25,0.6033382247937844,1000000.0
661.9766300538332,6.5136453123137995e+25,0.6031976357089246,1000000.0
662.4766300538332,6.512127923972523e+25,0.6030571176094542,1000000.0
662.9766300538332,6.510611301549705e+25,0.6029166704380405,1000000.0
663.4766300538332,6.50909544442881e+25,0.6027762941375889,1000000.0
663.9766300538332,6.50758035199587e+25,0.6026359886512428,1000000.0
664.4766300538332,6.506066023639444e+25,0.6024957539223798,1000000.0
664.9766300538332,6.504552458733714e+25,0.6023555898930454,1000000.0
665.4766300538332,6.503039656685334e+25,0.602215496508293,1000000.0
665.9766300538332,6.501527616892633e+25,0.6020754737124047,1000000.0
666.4766300538332,6.500016338754172e+25,0.601935521449684,1000000.0
666.9766300538332,6.498505821646319e+25,0.6017956396623795,1000000.0
667.4766300538332,6.496996064994248e+25,0.6016558282972589,1000000.0
667.9766300538332,6.495487068205127e+25,0.6015160872994233,1000000.0
668.4766300538332,6.4939788306605625e+25,0.601376416611606,1000000.0
668.9766300538332,6.4924713517918325e+25,0.6012368161811404,1000000.0
669.4766300538332,6.490964631008652e+25,0.6010972859533631,1000000.0
669.9766300538332,6.489458667705691e+25,0.6009578258722174,1000000.0
670.4766300538332,6.487953461327358e+25,0.6008184358862523,1000000.0
670.9766300538332,6.486449011258837e+25,0.6006791159385328,1000000.0
671.4766300538332,6.484945316950982e+25,0.6005398659782054,1000000.0
671.9766300538332,6.483442377800429e+25,0.6004006859493951,1000000.0
672.4766300538332,6.481940193254624e+25,0.6002615758009325,1000000.0
672.9766300538332,6.480438762716053e+25,0.600122535477485,1000000.0
673.4766300538332,6.478938085641908e+25,0.5999835649287854,1000000.0
673.9766300538332,6.477438161427203e+25,0.5998446640988089,1000000.0
674.4766300538332,6.475938989539556e+25,0.5997058329382543,1000000.0
674.9766300538332,6.474440569390777e+25,0.599567071392652,1000000.0
675.4766300538332,6.472942900426163e+25,0.5994283794106334,1000000.0
675.9766300538332,6.471445982095478e+25,0.5992897569412442,1000000.0
676.4766300538332,6.469949813812308e+25,0.5991512039301792,1000000.0
676.9766300538332,6.468454395042601e+25,0.5990127203279824,1000000.0
677.4766300538332,6.466959725232872e+25,0.598874306083398,1000000.0
677.9766300538332,6.465465803813069e+25,0.5987359611436365,1000000.0
678.4766300538332,6.463972630240124e+25,0.5985976854584069,1000000.0
678.9766300538332,6.462480203971994e+25,0.5984594789775128,1000000.0
679.4766300538332,6.460988524460487e+25,0.5983213416501894,1000000.0
679.9766300538332,6.4594975911509625e+25,0.5981832734250736,1000000.0
680.4766300538332,6.45800740350039e+25,0.5980452742518781,1000000.0
680.9766300538332,6.456517960975582e+25,0.5979073440812269,1000000.0
681.4766300538332,6.45502926303634e+25,0.597769482863095,1000000.0
681.9766300538332,6.453541309144437e+25,0.5976316905476394,1000000.0
682.4766300538332,6.452054098763574e+25,0.5974939670851962,1000000.0
682.9766300538332,6.450567631359425e+25,0.5973563124262842,1000000.0
683.4766300538332,6.449081906399538e+25,0.5972187265215951,1000000.0
683.9766300538332,6.447596923350051e+25,0.597081209321691,1000000.0
684.4766300538332,6.4461126816859536e+25,0.5969437607779529,1000000.0
684.9766300538332,6.4446291808817515e+25,0.5968063808417172,1000000.0
685.4766300538332,6.4431464204125e+25,0.5966690694643716,1000000.0
685.9766300538332,6.441664399755169e+25,0.5965318265974805,1000000.0
686.4766300538332,6.4401831183884685e+25,0.5963946521927698,1000000.0
686.9766300538332,6.438702575790621e+25,0.5962575462019201,1000000.0
687.4766300538332,6.437222771442228e+25,0.5961205085768325,1000000.0
687.9766300538332,6.435743704829998e+25,0.5959835392699735,1000000.0
688.4766300538332,6.434265375439863e+25,0.5958466382337376,1000000.0
688.9766300538332,6.4327877827595255e+25,0.5957098054206835,1000000.0
689.4766300538332,6.431310926278403e+25,0.5955730407835286,1000000.0
689.9766300538332,6.4298348054876965e+25,0.5954363442751555,1000000.0
690.4766300538332,6.428359419880296e+25,0.5952997158486028,1000000.0
690.9766300538332,6.426884768939639e+25,0.5951631554560345,1000000.0
691.4766300538332,6.425410852165267e+25,0.5950266630511054,1000000.0
691.9766300538332,6.423937669061514e+25,0.5948902385879142,1000000.0
692.4766300538332,6.422465219128013e+25,0.5947538820201245,1000000.0
692.9766300538332,6.420993501856696e+25,0.5946175933006861,1000000.0
693.4766300538332,6.419522516743963e+25,0.5944813723829634,1000000.0
693.9766300538332,6.418052263308744e+25,0.5943452192224067,1000000.0
694.4766300538332,6.416582741054824e+25,0.5942091337730638,1000000.0
694.9766300538332,6.415113949464893e+25,0.5940731159870293,1000000.0
695.4766300538332,6.413645888074279e+25,0.5939371658212718,1000000.0
695.9766300538332,6.4121785563846705e+25,0.5938012832296454,1000000.0
696.4766300538332,6.410711953892666e+25,0.5936654681655323,1000000.0
696.9766300538332,6.409246080136073e+25,0.5935297205861311,1000000.0
697.4766300538332,6.407780934600436e+25,0.5933940404438005,1000000.0
697.9766300538332,6.406316516823904e+25,0.5932584276957706,1000000.0
698.4766300538332,6.404852826310412e+25,0.5931228822961034,1000000.0
698.9766300538332,6.4033898625825375e+25,0.592987404200587,1000000.0
699.4766300538332,6.401927625159753e+25,0.592851993364722,1000000.0
699.9766300538332,6.400466113561186e+25,0.5927166497439771,1000000.0
700.4766300538332,6.3990053273096375e+25,0.5925813732941612,1000000.0
700.9766300538332,6.39754526593287e+25,0.5924461639715425,1000000.0
701.4766300538332,6.396085928944846e+25,0.5923110217311116,1000000.0
701.9766300538332,6.394627315894045e+25,0.5921759465310551,1000000.0
702.4766300538332,6.393169426273436e+25,0.5920409383244196,1000000.0
702.9766300538332,6.3917122596458185e+25,0.5919059970707177,1000000.0
703.4766300538332,6.390255815526365e+25,0.5917711227250521,1000000.0
703.9766300538332,6.388800093441823e+25,0.5916363152435968,1000000.0
704.4766300538332,6.387345092942207e+25,0.5915015745846813,1000000.0
704.9766300538332,6.3858908135477594e+25,0.5913669007038772,1000000.0
705.4766300538332,6.384437254791982e+25,0.5912322935579843,1000000.0
705.9766300538332,6.382984416225477e+25,0.5910977531053861,1000000.0
706.4766300538332,6.381532297385185e+25,0.590963279303201,1000000.0
706.9766300538332,6.380080897789457e+25,0.5908288721068256,1000000.0
707.4766300538332,6.378630216997755e+25,0.5906945314754637,1000000.0
707.9766300538332,6.377180254552709e+25,0.5905602573667607,1000000.0
708.4766300538332,6.375731009996576e+25,0.590426049738327,1000000.0
708.9766300538332,6.37428248286935e+25,0.590291908547564,1000000.0
709.4766300538332,6.3728346727087876e+25,0.590157833751665,1000000.0
709.9766300538332,6.371387579073162e+25,0.590023825309724,1000000.0
710.4766300538332,6.369941201509883e+25,0.589889883179829,1000000.0
710.9766300538332,6.3684955395676255e+25,0.5897560073201846,1000000.0
711.4766300538332,6.3670505927962514e+25,0.589622197689106,1000000.0
711.9766300538332,6.3656063607469105e+25,0.589488454245027,1000000.0
712.4766300538332,6.364162842971973e+25,0.5893547769464951,1000000.0
712.9766300538332,6.36272003902499e+25,0.5892211657521664,1000000.0
713.4766300538332,6.361277948460762e+25,0.5890876206208132,1000000.0
713.9766300538332,6.3598365708352806e+25,0.5889541415113182,1000000.0
714.4766300538332,6.358395905705706e+25,0.588820728382672,1000000.0
714.9766300538332,6.356955952630376e+25,0.5886873811939742,1000000.0
715.4766300538332,6.355516711168831e+25,0.5885540999044363,1000000.0
715.9766300538332,6.354078180881737e+25,0.5884208844733734,1000000.0
716.4766300538332,6.352640361330926e+25,0.5882877348602089,1000000.0
716.9766300538332,6.351203252079388e+25,0.5881546510244735,1000000.0
717.4766300538332,6.3497668526912066e+25,0.5880216329257988,1000000.0
717.9766300538332,6.348331162731625e+25,0.5878886805239243,1000000.0
718.4766300538332,6.346896181766966e+25,0.5877557937786891,1000000.0
718.9766300538332,6.345461909364721e+25,0.5876229726500408,1000000.0
719.4766300538332,6.3440283450924805e+25,0.5874902170979358,1000000.0
719.9766300538332,6.3425954885056906e+25,0.5873575270812063,1000000.0
720.4766300538332,6.341163339188768e+25,0.5872249025613667,1000000.0
720.9766300538332,6.339731896713525e+25,0.5870923434987652,1000000.0
721.4766300538332,6.338301160652795e+25,0.5869598498538434,1000000.0
721.9766300538332,6.336871130573918e+25,0.586827421586535,1000000.0
722.4766300538332,6.335441806041851e+25,0.5866950586565526,1000000.0
722.9766300538332,6.334013186647756e+25,0.5865627610260358,1000000.0
723.4766300538332,6.332585271968654e+25,0.5864305286558146,1000000.0
723.9766300538332,6.331158061563831e+25,0.5862983615050762,1000000.0
724.4766300538332,6.3297315550210664e+25,0.5861662595356472,1000000.0
724.9766300538332,6.328305751929072e+25,0.58603422270944,1000000.0
725.4766300538332,6.326880651848518e+25,0.5859022509857702,1000000.0
725.9766300538332,6.325456254369199e+25,0.585770344326651,1000000.0
726.4766300538332,6.324032559085416e+25,0.5856385026945125,1000000.0
726.9766300538332,6.322609565546573e+25,0.5855067260476267,1000000.0
727.4766300538332,6.32118727336959e+25,0.5853750143505189,1000000.0
727.9766300538332,6.3197656821203975e+25,0.5852433675629917,1000000.0
728.4766300538332,6.3183447913883785e+25,0.58511178564702,1000000.0
728.9766300538332,6.316924600765253e+25,0.5849802685647947,1000000.0
729.4766300538332,6.3155051098239565e+25,0.5848488162767678,1000000.0
729.9766300538332,6.314086318170894e+25,0.5847174287464899,1000000.0
730.4766300538332,6.312668225373536e+25,0.5845861059339067,1000000.0
730.9766300538332,6.311250831041927e+25,0.5844548478029064,1000000.0
731.4766300538332,6.3098341347491e+25,0.5843236543139494,1000000.0
731.9766300538332,6.3084181360976904e+25,0.5841925254302377,1000000.0
732.4766300538332,6.307002834677194e+25,0.5840614611137566,1000000.0
732.9766300538332,6.305588230071861e+25,0.5839304613260053,1000000.0
733.4766300538332,6.304174321896812e+25,0.5837995260313421,1000000.0
733.9766300538332,6.302761109712406e+25,0.5836686551890541,1000000.0
734.4766300538332,6.3013485931441685e+25,0.5835378487644626,1000000.0
734.9766300538332,6.299936771781189e+25,0.5834071067195155,1000000.0
735.4766300538332,6.298525645203179e+25,0.5832764290152915,1000000.0
735.9766300538332,6.297115213030607e+25,0.5831458156166444,1000000.0
736.4766300538332,6.2957054748562825e+25,0.5830152664858661,1000000.0
736.9766300538332,6.294296430260385e+25,0.5828847815840789,1000000.0
737.4766300538332,6.292888078864883e+25,0.5827543608762752,1000000.0
737.9766300538332,6.291480420269332e+25,0.5826240043253718,1000000.0
738.4766300538332,6.290073454062868e+25,0.5824937118933203,1000000.0
738.9766300538332,6.288667179848186e+25,0.5823634835433285,1000000.0
739.4766300538332,6.287261597238247e+25,0.5822333192395543,1000000.0
739.9766300538332,6.285856705835749e+25,0.5821032189452058,1000000.0
740.4766300538332,6.284452505244247e+25,0.5819731826235698,1000000.0
740.9766300538332,6.28304899505594e+25,0.5818432102368818,1000000.0
741.4766300538332,6.281646174886021e+25,0.5817133017495069,1000000.0
741.9766300538332,6.280244044343703e+25,0.5815834571252558,1000000.0
742.4766300538332,6.278842603035609e+25,0.5814536763277001,1000000.0
742.9766300538332,6.2774418505691685e+25,0.5813239593204856,1000000.0
743.4766300538332,6.276041786552464e+25,0.5811943060673186,1000000.0
743.9766300538332,6.274642410594423e+25,0.5810647165319839,1000000.0
744.4766300538332,6.273243722304639e+25,0.5809351906783276,1000000.0
744.9766300538332,6.271845721293498e+25,0.5808057284702696,1000000.0
745.4766300538332,6.2704484071699455e+25,0.5806763298715961,1000000.0
745.9766300538332,6.269051779547745e+25,0.5805469948465396,1000000.0
746.4766300538332,6.267655838040883e+25,0.5804177233593533,1000000.0
746.9766300538332,6.266260582262625e+25,0.5802885153742234,1000000.0
747.4766300538332,6.2648660118269105e+25,0.5801593708553989,1000000.0
747.9766300538332,6.263472126348339e+25,0.5800302897671895,1000000.0
748.4766300538332,6.2620789254385754e+25,0.5799012720736335,1000000.0
748.9766300538332,6.260686408715478e+25,0.5797723177393423,1000000.0
749.4766300538332,6.259294575796268e+25,0.579643426728869,1000000.0
749.9766300538332,6.257903426298342e+25,0.5795145990067821,1000000.0
750.4766300538332,6.256512959839748e+25,0.5793858345377113,1000000.0
750.9766300538332,6.25512317603919e+25,0.5792571332863462,1000000.0
751.4766300538332,6.253734074516043e+25,0.5791284952174391,1000000.0
751.9766300538332,6.252345654890336e+25,0.5789999202958027,1000000.0
752.4766300538332,6.250957916782722e+25,0.5788714084863074,1000000.0
752.9766300538332,6.24957085980477e+25,0.5787429597529825,1000000.0
753.4766300538332,6.248184483580829e+25,0.5786145740610408,1000000.0
753.9766300538332,6.246798787739579e+25,0.5784862513760961,1000000.0
754.4766300538332,6.245413771904261e+25,0.5783579916632584,1000000.0
754.9766300538332,6.244029435698697e+25,0.578229794887692,1000000.0
755.4766300538332,6.242645778729316e+25,0.5781016610129498,1000000.0
755.9766300538332,6.24126280063372e+25,0.5779735900054721,1000000.0
756.4766300538332,6.239880501041814e+25,0.577845581830986,1000000.0
756.9766300538332,6.238498879577839e+25,0.5777176364546944,1000000.0
757.4766300538332,6.237117935845444e+25,0.5775897538398929,1000000.0
757.9766300538332,6.235737669496123e+25,0.5774619339543082,1000000.0
758.4766300538332,6.234358080157974e+25,0.5773341767635003,1000000.0
758.9766300538332,6.232979167430933e+25,0.577206482230421,1000000.0
759.4766300538332,6.231600930969183e+25,0.5770788503230458,1000000.0
759.9766300538332,6.230223370400761e+25,0.5769512810069293,1000000.0
760.4766300538332,6.228846485329553e+25,0.5768237742453889,1000000.0
760.9766300538332,6.227470275415978e+25,0.576696330006978,1000000.0
761.4766300538332,6.226094740269255e+25,0.5765689482555078,1000000.0
761.9766300538332,6.22471987952726e+25,0.576441628957444,1000000.0
762.4766300538332,6.223345692827455e+25,0.5763143720792135,1000000.0
762.9766300538332,6.221972179782436e+25,0.5761871775849409,1000000.0
763.4766300538332,6.22059934005218e+25,0.5760600454431383,1000000.0
763.9766300538332,6.219227173233938e+25,0.5759329756165087,1000000.0
764.4766300538332,6.2178556790002105e+25,0.5758059680747243,1000000.0
764.9766300538332,6.216484856942796e+25,0.5756790227799833,1000000.0
765.4766300538332,6.215114706736854e+25,0.5755521397022038,1000000.0
765.9766300538332,6.2137452279785694e+25,0.5754253188039904,1000000.0
766.4766300538332,6.212376420335844e+25,0.5752985600545891,1000000.0
766.9766300538332,6.211008283419184e+25,0.5751718634179308,1000000.0
767.4766300538332,6.209640816879267e+25,0.5750452288616664,1000000.0
767.9766300538332,6.208274020350782e+25,0.574918656351966,1000000.0
768.4766300538332,6.206907893457349e+25,0.5747921458539751,1000000.0
768.9766300538332,6.205542435859696e+25,0.5746656973362751,1000000.0
769.4766300538332,6.204177647168324e+25,0.5745393107627966,1000000.0
769.9766300538332,6.202813527038898e+25,0.5744129861016523,1000000.0
770.4766300538332,6.201450075116536e+25,0.5742867233199781,1000000.0
770.9766300538332,6.200087291010711e+25,0.5741605223816094,1000000.0
771.4766300538332,6.1987251743871346e+25,0.5740343832555891,1000000.0
771.9766300538332,6.197363724886224e+25,0.5739083059086182,1000000.0
772.4766300538332,6.196002942127376e+25,0.5737822903054506,1000000.0
772.9766300538332,6.194642825764387e+25,0.5736563364140262,1000000.0
773.4766300538332,6.193283375443969e+25,0.5735304442016287,1000000.0
773.9766300538332,6.191924590806196e+25,0.573404613634927,1000000.0
774.4766300538332,6.190566471471219e+25,0.5732788446787451,1000000.0
774.9766300538332,6.189209017102783e+25,0.5731531373019442,1000000.0
775.4766300538332,6.187852227342752e+25,0.5730274914713587,1000000.0
775.9766300538332,6.186496101833424e+25,0.5729019071538636,1000000.0
776.4766300538332,6.1851406402125745e+25,0.5727763843159153,1000000.0
776.9766300538332,6.183785842117654e+25,0.5726509229239396,1000000.0
777.4766300538332,6.182431707204124e+25,0.5725255229460304,1000000.0
777.9766300538332,6.181078235116013e+25,0.572400184349223,1000000.0
778.4766300538332,6.179725425497795e+25,0.5722749071005938,1000000.0
778.9766300538332,6.17837327799434e+25,0.5721496911672559,1000000.0
779.4766300538332,6.177021792250969e+25,0.5720245365163641,1000000.0
779.9766300538332,6.175670967913406e+25,0.5718994431151105,1000000.0
780.4766300538332,6.174320804622719e+25,0.5717744109302564,1000000.0
780.9766300538332,6.172971302029495e+25,0.5716494399294442,1000000.0
781.4766300538332,6.1716224597829e+25,0.5715245300801849,1000000.0
781.9766300538332,6.170274277530311e+25,0.5713996813498234,1000000.0
782.4766300538332,6.1689267549195e+25,0.571274893705742,1000000.0
782.9766300538332,6.16757989159862e+25,0.5711501671153577,1000000.0
783.4766300538332,6.166233687216218e+25,0.5710255015461241,1000000.0
783.9766300538332,6.164888141421252e+25,0.5709008969655328,1000000.0
784.4766300538332,6.163543253863053e+25,0.5707763533411099,1000000.0
784.9766300538332,6.162199024191349e+25,0.5706518706404188,1000000.0
785.4766300538332,6.160855452056239e+25,0.5705274488310563,1000000.0
785.9766300538332,6.159512537108188e+25,0.5704030878806541,1000000.0
786.4766300538332,6.158170278998103e+25,0.570278787756884,1000000.0
786.9766300538332,6.156828677370535e+25,0.5701545484268299,1000000.0
787.4766300538332,6.155487731881287e+25,0.5700303698586172,1000000.0
787.9766300538332,6.154147442183596e+25,0.5699062520201337,1000000.0
788.4766300538332,6.1528078079298e+25,0.5697821948791844,1000000.0
788.9766300538332,6.151468828772575e+25,0.5696581984036048,1000000.0
789.4766300538332,6.150130504364983e+25,0.569534262561267,1000000.0
789.9766300538332,6.148792834360412e+25,0.5694103873200729,1000000.0
790.4766300538332,6.1474558184101924e+25,0.5692865726477337,1000000.0
790.9766300538332,6.146119456156157e+25,0.5691628185110814,1000000.0
791.4766300538332,6.1447837472663095e+25,0.5690391248793714,1000000.0
791.9766300538332,6.143448691395412e+25,0.5689154917206326,1000000.0
792.4766300538332,6.142114288198621e+25,0.5687919190029311,1000000.0
792.9766300538332,6.1407805373238475e+25,0.5686684066936614,1000000.0
793.4766300538332,6.1394474384191465e+25,0.5685449547602314,1000000.0
793.9766300538332,6.1381149911548345e+25,0.5684215631721109,1000000.0
794.4766300538332,6.136783195187343e+25,0.5682982318974837,1000000.0
794.9766300538332,6.135452050159721e+25,0.5681749609032941,1000000.0
795.4766300538332,6.134121555729214e+25,0.5680517501578013,1000000.0
795.9766300538332,6.132791711565745e+25,0.5679285996304385,1000000.0
796.4766300538332,6.131462517319811e+25,0.5678055092888399,1000000.0
796.9766300538332,6.1301339726332276e+25,0.5676824790998356,1000000.0
797.4766300538332,6.128806077186795e+25,0.5675595090338661,1000000.0
797.9766300538332,6.127478830628284e+25,0.5674365990583132,1000000.0
798.4766300538332,6.126152232604327e+25,0.5673137491404533,1000000.0
798.9766300538332,6.124826282796417e+25,0.5671909592507907,1000000.0
799.4766300538332,6.123500980839523e+25,0.5670682293555218,1000000.0
799.9766300538332,6.122176326405262e+25,0.5669455594242366,1000000.0
800.4766300538332,6.12085231915707e+25,0.5668229494257675,1000000.0
800.9766300538332,6.119528958732863e+25,0.5667003993265837,1000000.0
801.4766300538332,6.118206244823513e+25,0.5665779090980582,1000000.0
801.9766300538332,6.1168841770510895e+25,0.5664554787051927,1000000.0
802.4766300538332,6.115562755111916e+25,0.5663331081198653,1000000.0
802.9766300538332,6.114241978636561e+25,0.5662107973078645,1000000.0
803.4766300538332,6.11292184730981e+25,0.5660885462399999,1000000.0
803.9766300538332,6.1116023607705015e+25,0.5659663548828261,1000000.0
804.4766300538332,6.110283518700727e+25,0.5658442232069031,1000000.0
804.9766300538332,6.108965320738692e+25,0.5657221511787266,1000000.0
805.4766300538332,6.107647766572643e+25,0.5656001387694269,1000000.0
805.9766300538332,6.106330855831398e+25,0.5654781859446305,1000000.0
806.4766300538332,6.105014588212772e+25,0.5653562926763535,1000000.0
806.9766300538332,6.103698963343281e+25,0.5652344589300092,1000000.0
807.4766300538332,6.102383980913693e+25,0.5651126846769613,1000000.0
807.9766300538332,6.101069640573358e+25,0.5649909698847376,1000000.0
808.4766300538332,6.099755941981742e+25,0.564869314521803,1000000.0
808.9766300538332,6.098442884820623e+25,0.5647477185586883,1000000.0
809.4766300538332,6.097130468722285e+25,0.5646261819613413,1000000.0
809.9766300538332,6.0958186933754e+25,0.5645047047009314,1000000.0
810.4766300538332,6.094507558444911e+25,0.5643832867464305,1000000.0
810.9766300538332,6.093197063566413e+25,0.5642619280640926,1000000.0
811.4766300538332,6.091887208432878e+25,0.5641406286254853,1000000.0
811.9766300538332,6.090577992707553e+25,0.5640193883994239,1000000.0
812.4766300538332,6.089269416028159e+25,0.5638982073523592,1000000.0
812.9766300538332,6.087961478083425e+25,0.5637770854554659,1000000.0
813.4766300538332,6.0866541785391285e+25,0.5636560226777932,1000000.0
813.9766300538332,6.08534751705026e+25,0.5635350189873917,1000000.0
814.4766300538332,6.0840414932764655e+25,0.5634140743527424,1000000.0
814.9766300538332,6.082736106897547e+25,0.5632931887441937,1000000.0
815.4766300538332,6.081431357578437e+25,0.5631723621307161,1000000.0
815.9766300538332,6.0801272449811825e+25,0.5630515944810139,1000000.0
816.4766300538332,6.0788237687584514e+25,0.5629308857629222,1000000.0
816.9766300538332,6.077520928592839e+25,0.5628102359470474,1000000.0
817.4766300538332,6.07621872415021e+25,0.562689645002447,1000000.0
817.9766300538332,6.074917155096662e+25,0.5625691128982,1000000.0
818.4766300538332,6.073616221098553e+25,0.5624486396034092,1000000.0
818.9766300538332,6.072315921813832e+25,0.5623282250863991,1000000.0
819.4766300538332,6.0710162569138e+25,0.5622078693167303,1000000.0
819.9766300538332,6.069717226070609e+25,0.5620875722640424,1000000.0
820.4766300538332,6.068418828951473e+25,0.5619673338975176,1000000.0
820.9766300538332,6.067121065223877e+25,0.5618471541863634,1000000.0
821.4766300538332,6.065823934555452e+25,0.5617270330998007,1000000.0
821.9766300538332,6.064527436614114e+25,0.5616069706070766,1000000.0
822.4766300538332,6.063231571067942e+25,0.5614869666774538,1000000.0
822.9766300538332,6.061936337585271e+25,0.561367021280218,1000000.0
823.4766300538332,6.060641735834602e+25,0.5612471343846709,1000000.0
823.9766300538332,6.059347765484683e+25,0.5611273059601367,1000000.0
824.4766300538332,6.058054426204469e+25,0.5610075359759592,1000000.0
824.9766300538332,6.056761717663081e+25,0.5608878244014969,1000000.0
825.4766300538332,6.055469639529889e+25,0.5607681712061319,1000000.0
825.9766300538332,6.0541781914744605e+25,0.5606485763592644,1000000.0
826.4766300538332,6.052887373166539e+25,0.5605290398303109,1000000.0
826.9766300538332,6.051597184276097e+25,0.5604095615887092,1000000.0
827.4766300538332,6.050307624473298e+25,0.5602901416039147,1000000.0
827.9766300538332,6.049018693428487e+25,0.5601707798453995,1000000.0
828.4766300538332,6.04773039081224e+25,0.5600514762826573,1000000.0
828.9766300538332,6.046442716295273e+25,0.5599322308851947,1000000.0
829.4766300538332,6.045155669548554e+25,0.5598130436225416,1000000.0
829.9766300538332,6.043869250243201e+25,0.5596939144642419,1000000.0
830.4766300538332,6.042583458050556e+25,0.5595748433798599,1000000.0
830.9766300538332,6.04129829264213e+25,0.5594558303389761,1000000.0
831.4766300538332,6.040013753689609e+25,0.5593368753111866,1000000.0
831.9766300538332,6.038729840864874e+25,0.5592179782661062,1000000.0
832.4766300538332,6.037446553827194e+25,0.5590991391721811,1000000.0
832.9766300538332,6.036163892259299e+25,0.5589803580000307,1000000.0
833.4766300538332,6.034881855834943e+25,0.5588616347194427,1000000.0
833.9766300538332,6.0336004442267615e+25,0.5587429693001016,1000000.0
834.4766300538332,6.032319657107554e+25,0.5586243617117068,1000000.0
834.9766300538332,6.031039494144765e+25,0.558505811923462,1000000.0
835.4766300538332,6.029759955002366e+25,0.5583873199042492,1000000.0
835.9766300538332,6.028481039367373e+25,0.5582688856250844,1000000.0
836.4766300538332,6.0272027469133115e+25,0.5581505090557344,1000000.0
836.9766300538332,6.025925077313844e+25,0.5580321901659786,1000000.0
837.4766300538332,6.0246480302195275e+25,0.5579139289234568,1000000.0
837.9766300538332,6.023371605325729e+25,0.5577957252999584,1000000.0
838.4766300538332,6.022095802307594e+25,0.5576775792654001,1000000.0
838.9766300538332,6.020820620830875e+25,0.5575594907888287,1000000.0
839.4766300538332,6.0195460605590375e+25,0.5574414598390797,1000000.0
839.9766300538332,6.018272121185452e+25,0.5573234863877573,1000000.0
840.4766300538332,6.016998802382133e+25,0.5572055704044886,1000000.0
840.9766300538332,6.015726103798509e+25,0.5570877118568085,1000000.0
841.4766300538332,6.014454025137203e+25,0.5569699107171786,1000000.0
841.9766300538332,6.0131825660675685e+25,0.5568521669549792,1000000.0
842.4766300538332,6.01191172624286e+25,0.5567344805380999,1000000.0
842.9766300538332,6.0106415053659705e+25,0.5566168514390271,1000000.0
843.4766300538332,6.009371903094778e+25,0.5564992796260783,1000000.0
843.9766300538332,6.008102919104025e+25,0.5563817650691331,1000000.0
844.4766300538332,6.0068345530880595e+25,0.5562643077398864,1000000.0
844.9766300538332,6.005566804684316e+25,0.556146907604763,1000000.0
845.4766300538332,6.004299673606828e+25,0.5560295646372807,1000000.0
845.9766300538332,6.00303315950606e+25,0.5559122788050708,1000000.0
846.4766300538332,6.001767262069519e+25,0.5557950500791946,1000000.0
846.9766300538332,6.000501980970899e+25,0.5556778784294347,1000000.0
847.4766300538332,5.999237315878988e+25,0.555560763825119,1000000.0
847.9766300538332,5.997973266482941e+25,0.5554437062374616,1000000.0
848.4766300538332,5.996709832440566e+25,0.5553267056347739,1000000.0
848.9766300538332,5.995447013448708e+25,0.5552097619889821,1000000.0
849.4766300538332,5.994184809161954e+25,0.555092875268099,1000000.0
849.9766300538332,5.992923219277076e+25,0.5549760454440443,1000000.0
850.4766300538332,5.991662243453206e+25,0.5548592724852517,1000000.0
850.9766300538332,5.990401881379314e+25,0.5547425563629182,1000000.0
851.4766300538332,5.989142132726759e+25,0.55462589704661,1000000.0
851.9766300538332,5.987882997168996e+25,0.5545092945060873,1000000.0
852.4766300538332,5.9866244743973115e+25,0.5543927487127616,1000000.0
852.9766300538332,5.98536656406198e+25,0.5542762596342465,1000000.0
853.4766300538332,5.984109265872174e+25,0.5541598272436098,1000000.0
853.9766300538332,5.982852579476406e+25,0.5540434515083019,1000000.0
854.4766300538332,5.98159650456963e+25,0.5539271324000742,1000000.0
854.9766300538332,5.980341040832601e+25,0.5538108698893627,1000000.0
855.4766300538332,5.979086187917981e+25,0.5536946639440019,1000000.0
855.9766300538332,5.977831945532432e+25,0.5535785145368276,1000000.0
856.4766300538332,5.976578313340909e+25,0.5534624216368127,1000000.0
856.9766300538332,5.9753252910122465e+25,0.5533463852132895,1000000.0
857.4766300538332,5.9740728782442334e+25,0.5532304052382716,1000000.0
857.9766300538332,5.972821074704286e+25,0.5531144816809601,1000000.0
858.4766300538332,5.971569880060375e+25,0.5529986145106075,1000000.0
858.9766300538332,5.970319294009897e+25,0.552882803699191,1000000.0
859.4766300538332,5.969069316230405e+25,0.5527670492168502,1000000.0
859.9766300538332,5.967819946374399e+25,0.552651351031405,1000000.0
860.4766300538332,5.96657118414502e+25,0.5525357091153644,1000000.0
860.9766300538332,5.965323029220995e+25,0.5524201234389772,1000000.0
861.4766300538332,5.964075481276974e+25,0.5523045939721142,1000000.0
861.9766300538332,5.962828539975773e+25,0.5521891206835501,1000000.0
862.4766300538332,5.961582205015449e+25,0.5520737035453238,1000000.0
862.9766300538332,5.960336476074476e+25,0.5519583425276601,1000000.0
863.4766300538332,5.959091352831428e+25,0.5518430376007932,1000000.0
863.9766300538332,5.9578468349537655e+25,0.5517277887339284,1000000.0
864.4766300538332,5.956602922125225e+25,0.5516125958977779,1000000.0
864.9766300538332,5.955359614032036e+25,0.551497459063285,1000000.0
865.4766300538332,5.954116910353275e+25,0.5513823782007304,1000000.0
865.9766300538332,5.952874810768177e+25,0.5512673532804098,1000000.0
866.4766300538332,5.951633314956034e+25,0.5511523842726237,1000000.0
866.9766300538332,5.9503924225873865e+25,0.5510374711468625,1000000.0
867.4766300538332,5.949152133347569e+25,0.5509226138739867,1000000.0
867.9766300538332,5.947912446920371e+25,0.5508078124247132,1000000.0
868.4766300538332,5.94667336298558e+25,0.550693066769389,1000000.0
868.9766300538332,5.945434881223152e+25,0.5505783768783763,1000000.0
869.4766300538332,5.944197001313131e+25,0.5504637427220453,1000000.0
869.9766300538332,5.942959722935668e+25,0.5503491642707764,1000000.0
870.4766300538332,5.941723045771082e+25,0.5502346414949656,1000000.0
870.9766300538332,5.940486969499745e+25,0.5501201743650136,1000000.0
871.4766300538332,5.9392514938021995e+25,0.5500057628513368,1000000.0
871.9766300538332,5.9380166183590674e+25,0.5498914069243593,1000000.0
872.4766300538332,5.9367823428511175e+25,0.5497771065545186,1000000.0
872.9766300538332,5.93554866695919e+25,0.5496628617122588,1000000.0
873.4766300538332,5.934315590363387e+25,0.5495486723679557,1000000.0
873.9766300538332,5.933083112746309e+25,0.5494345384922162,1000000.0
874.4766300538332,5.93185123378946e+25,0.5493204600555464,1000000.0
874.9766300538332,5.930619953173259e+25,0.549206437028351,1000000.0
875.4766300538332,5.929389270578534e+25,0.5490924693810734,1000000.0
875.9766300538332,5.928159185687398e+25,0.5489785570842751,1000000.0
876.4766300538332,5.926929698181563e+25,0.5488647001084813,1000000.0
876.9766300538332,5.925700807742761e+25,0.5487508984242188,1000000.0
877.4766300538332,5.924472514052866e+25,0.5486371520020271,1000000.0
877.9766300538332,5.923244816793874e+25,0.5485234608124576,1000000.0
878.4766300538332,5.922017715647879e+25,0.5484098248260707,1000000.0
878.9766300538332,5.920791210297084e+25,0.5482962440134365,1000000.0
879.4766300538332,5.919565300423791e+25,0.5481827183451344,1000000.0
879.9766300538332,5.9183399857104206e+25,0.5480692477917551,1000000.0
880.4766300538332,5.917115265839509e+25,0.5479558323238999,1000000.0
880.9766300538332,5.915891140493665e+25,0.5478424719121765,1000000.0
881.4766300538332,5.914667609348443e+25,0.5477291665265395,1000000.0
881.9766300538332,5.91344467208712e+25,0.5476159161376588,1000000.0
882.4766300538332,5.912222328398517e+25,0.5475027207167176,1000000.0
882.9766300538332,5.911000577965698e+25,0.5473895802343659,1000000.0
883.4766300538332,5.909779420471831e+25,0.5472764946612635,1000000.0
883.9766300538332,5.908558855600167e+25,0.5471634639680777,1000000.0
884.4766300538332,5.907338883024444e+25,0.547050488124595,1000000.0
884.9766300538332,5.906119502428148e+25,0.5469375671015045,1000000.0
885.4766300538332,5.904900713503581e+25,0.5468247008703118,1000000.0
885.9766300538332,5.903682515934427e+25,0.5467118894017243,1000000.0
886.4766300538332,5.9024649094044655e+25,0.5465991326664584,1000000.0
886.9766300538332,5.901247893577677e+25,0.5464864306333969,1000000.0
887.4766300538332,5.900031468154222e+25,0.5463737832747733,1000000.0
887.9766300538332,5.89881563282103e+25,0.5462611905615952,1000000.0
888.4766300538332,5.897600387262276e+25,0.5461486524646157,1000000.0
888.9766300538332,5.896385731137421e+25,0.5460361689522994,1000000.0
889.4766300538332,5.89517166415342e+25,0.5459237399975087,1000000.0
889.9766300538332,5.893958185996145e+25,0.5458113655711533,1000000.0
890.4766300538332,5.892745296336286e+25,0.545699045642738,1000000.0
890.9766300538332,5.891532994856613e+25,0.5455867801828851,1000000.0
891.4766300538332,5.890321281256859e+25,0.5454745691637887,1000000.0
891.9766300538332,5.889110155211169e+25,0.5453624125552725,1000000.0
892.4766300538332,5.887899616393693e+25,0.5452503103271615,1000000.0
892.9766300538332,5.886689664510181e+25,0.5451382624522064,1000000.0
893.4766300538332,5.885480299230574e+25,0.5450262688998421,1000000.0
893.9766300538332,5.8842715202357645e+25,0.5449143296405174,1000000.0
894.4766300538332,5.883063327229871e+25,0.5448024446468324,1000000.0
894.9766300538332,5.881855719870934e+25,0.5446906138871196,1000000.0
895.4766300538332,5.880648697861939e+25,0.544578837333874,1000000.0
895.9766300538332,5.879442260889533e+25,0.5444671149580775,1000000.0
896.4766300538332,5.878236408616621e+25,0.5443554467285134,1000000.0
896.9766300538332,5.877031140759213e+25,0.5442438326188827,1000000.0
897.4766300538332,5.875826456970108e+25,0.5441322725970327,1000000.0
897.9766300538332,5.874622356959879e+25,0.5440207666361608,1000000.0
898.4766300538332,5.873418840400095e+25,0.543909314705853,1000000.0
898.9766300538332,5.87221590697818e+25,0.5437979167771628,1000000.0
899.4766300538332,5.871013556385854e+25,0.543686572821542,1000000.0
899.9766300538332,5.8698117882941205e+25,0.5435752828085236,1000000.0
900.4766300538332,5.8686106024081605e+25,0.5434640467108061,1000000.0
900.9766300538332,5.86740999838926e+25,0.5433528644970227,1000000.0
901.4766300538332,5.866209975949333e+25,0.543241736140495,1000000.0
901.9766300538332,5.8650105347466465e+25,0.5431306616095768,1000000.0
902.4766300538332,5.863811674493169e+25,0.543019640877595,1000000.0
902.9766300538332,5.8626133948508606e+25,0.5429086739132453,1000000.0
903.4766300538332,5.861415695525022e+25,0.5427977606892369,1000000.0
903.9766300538332,5.860218576187956e+25,0.5426869011752233,1000000.0
904.4766300538332,5.859022036531696e+25,0.5425760953426852,1000000.0
904.9766300538332,5.8578260762455045e+25,0.542465343162847,1000000.0
905.4766300538332,5.856630695001494e+25,0.5423546446053442,1000000.0
905.9766300538332,5.855435892512377e+25,0.5422439996435727,1000000.0
906.4766300538332,5.854241668424224e+25,0.5421334082447565,1000000.0
906.9766300538332,5.853048022461961e+25,0.5420228703834227,1000000.0
907.4766300538332,5.851854954291169e+25,0.5419123860286021,1000000.0
907.9766300538332,5.850662463600286e+25,0.5418019551514425,1000000.0
908.4766300538332,5.849470550092539e+25,0.5416915777244611,1000000.0
908.9766300538332,5.8482792134208316e+25,0.541581253715515,1000000.0
909.4766300538332,5.8470884533018605e+25,0.5414709830983688,1000000.0
909.9766300538332,5.845898269418562e+25,0.541360765843661,1000000.0
910.4766300538332,5.84470866143472e+25,0.5412506019202558,1000000.0
910.9766300538332,5.843519629064535e+25,0.541140491301687,1000000.0
911.4766300538332,5.842331171988264e+25,0.5410304339583445,1000000.0
911.9766300538332,5.8411432898733446e+25,0.5409204298594315,1000000.0
912.4766300538332,5.8399559824313415e+25,0.5408104789782372,1000000.0
912.9766300538332,5.838769249348564e+25,0.5407005812857123,1000000.0
913.4766300538332,5.837583090284626e+25,0.5405907367503352,1000000.0
913.9766300538332,5.83639750495264e+25,0.5404809453455388,1000000.0
914.4766300538332,5.835212493040254e+25,0.5403712070423973,1000000.0
914.9766300538332,5.8340280542238345e+25,0.5402615218109409,1000000.0
915.4766300538332,5.832844188186174e+25,0.5401518896217944,1000000.0
915.9766300538332,5.831660894629262e+25,0.5400423104473604,1000000.0
916.4766300538332,5.830478173240096e+25,0.5399327842586534,1000000.0
916.9766300538332,5.829296023696927e+25,0.5398233110258776,1000000.0
917.4766300538332,5.82811444568306e+25,0.5397138907197054,1000000.0
917.9766300538332,5.826933438899167e+25,0.5396045233124176,1000000.0
918.4766300538332,5.825753003032605e+25,0.5394952087750616,1000000.0
918.9766300538332,5.8245731377708085e+25,0.5393859470786924,1000000.0
919.4766300538332,5.823393842788487e+25,0.5392767381931863,1000000.0
919.9766300538332,5.822215117781326e+25,0.5391675820903623,1000000.0
920.4766300538332,5.821036962442498e+25,0.5390584787418065,1000000.0
920.9766300538332,5.819859376459812e+25,0.5389494281186081,1000000.0
921.4766300538332,5.81868235952112e+25,0.538840430191861,1000000.0
921.9766300538332,5.817505911314417e+25,0.5387314849326718,1000000.0
922.4766300538332,5.816330031517319e+25,0.5386225923111858,1000000.0
922.9766300538332,5.815154719826032e+25,0.5385137522992703,1000000.0
923.4766300538332,5.813979975931919e+25,0.5384049648683439,1000000.0
923.9766300538332,5.812805799523293e+25,0.5382962299895426,1000000.0
924.4766300538332,5.81163219028858e+25,0.5381875476340133,1000000.0
924.9766300538332,5.810459147916269e+25,0.5380789177729083,1000000.0
925.4766300538332,5.809286672094941e+25,0.5379703403773883,1000000.0
925.9766300538332,5.80811476251327e+25,0.5378618154186234,1000000.0
926.4766300538332,5.806943418860026e+25,0.5377533428677919,1000000.0
926.9766300538332,5.805772640822636e+25,0.5376449226959474,1000000.0
927.4766300538332,5.80460242808719e+25,0.537536554874021,1000000.0
927.9766300538332,5.803432780347782e+25,0.5374282393736836,1000000.0
928.4766300538332,5.802263697293517e+25,0.537319976166145,1000000.0
928.9766300538332,5.801095178613609e+25,0.5372117652226247,1000000.0
929.4766300538332,5.799927223997352e+25,0.5371036065143496,1000000.0
929.9766300538332,5.79875983313414e+25,0.5369955000125561,1000000.0
930.4766300538332,5.797593005713433e+25,0.5368874456884867,1000000.0
930.9766300538332,5.7964267414247995e+25,0.5367794435133935,1000000.0
931.4766300538332,5.795261039957883e+25,0.536671493458536,1000000.0
931.9766300538332,5.794095901002445e+25,0.5365635954951845,1000000.0
932.4766300538332,5.7929313242482895e+25,0.5364557495946132,1000000.0
932.9766300538332,5.791767309385341e+25,0.5363479557281076,1000000.0
933.4766300538332,5.790603856103592e+25,0.5362402138669593,1000000.0
933.9766300538332,5.789440964093152e+25,0.5361325239824708,1000000.0
934.4766300538332,5.788278633044172e+25,0.5360248860459484,1000000.0
934.9766300538332,5.787116862646956e+25,0.5359173000287129,1000000.0
935.4766300538332,5.785955652585409e+25,0.5358097659014919,1000000.0
935.9766300538332,5.784795002555468e+25,0.5357022836361277,1000000.0
936.4766300538332,5.783634912247848e+25,0.535594853203979,1000000.0
936.9766300538332,5.782475381353155e+25,0.5354874745763942,1000000.0
937.4766300538332,5.781316409562122e+25,0.5353801477247336,1000000.0
937.9766300538332,5.780157996565524e+25,0.5352728726203614,1000000.0
938.4766300538332,5.779000142054257e+25,0.5351656492346527,1000000.0
938.9766300538332,5.7778428457192975e+25,0.5350584775389907,1000000.0
939.4766300538332,5.7766861072517065e+25,0.5349513575047657,1000000.0
939.9766300538332,5.775529926338359e+25,0.5348442891029809,1000000.0
940.4766300538332,5.77437430266485e+25,0.5347372723045205,1000000.0
940.9766300538332,5.773219235931674e+25,0.5346303070816489,1000000.0
941.4766300538332,5.772064725830225e+25,0.5345233934057877,1000000.0
941.9766300538332,5.770910772052018e+25,0.5344165312483693,1000000.0
942.4766300538332,5.769757374288662e+25,0.5343097205808353,1000000.0
942.9766300538332,5.768604532227029e+25,0.5342029613741882,1000000.0
943.4766300538332,5.767452245549761e+25,0.5340962535990392,1000000.0
943.9766300538332,5.766300513961895e+25,0.533989597228073,1000000.0
944.4766300538332,5.76514933715535e+25,0.5338829922327598,1000000.0
944.9766300538332,5.763998714822164e+25,0.5337764385845808,1000000.0
945.4766300538332,5.762848646644693e+25,0.5336699362541203,1000000.0
945.9766300538332,5.761699132312272e+25,0.5335634852126091,1000000.0
946.4766300538332,5.760550171529108e+25,0.5334570854326555,1000000.0
946.9766300538332,5.759401763987575e+25,0.5333507368857713,1000000.0
947.4766300538332,5.758253909372189e+25,0.5332444395427414,1000000.0
947.9766300538332,5.757106607366046e+25,0.5331381933742186,1000000.0
948.4766300538332,5.7559598576784735e+25,0.5330319983532853,1000000.0
948.9766300538332,5.754813660002216e+25,0.5329258544514878,1000000.0
949.4766300538332,5.753668014012207e+25,0.5328197616387235,1000000.0
949.9766300538332,5.752522919408834e+25,0.5327137198872465,1000000.0
950.4766300538332,5.751378375894792e+25,0.5326077291695249,1000000.0
950.9766300538332,5.7502343831540695e+25,0.5325017894562943,1000000.0
951.4766300538332,5.749090940867535e+25,0.5323959007180016,1000000.0
951.9766300538332,5.747948048749133e+25,0.5322900629281564,1000000.0
952.4766300538332,5.746805706485378e+25,0.5321842760577284,1000000.0
952.9766300538332,5.745663913750722e+25,0.5320785400765703,1000000.0
953.4766300538332,5.74452267026383e+25,0.5319728549586287,1000000.0
953.9766300538332,5.743381975707129e+25,0.5318672206744948,1000000.0
954.4766300538332,5.74224182976182e+25,0.5317616371946463,1000000.0
954.9766300538332,5.741102232144684e+25,0.5316561044928553,1000000.0
955.4766300538332,5.739963182527588e+25,0.5315506225387353,1000000.0
955.9766300538332,5.738824680611525e+25,0.5314451913045967,1000000.0
956.4766300538332,5.737686726103992e+25,0.5313398107633518,1000000.0
956.9766300538332,5.736549318662353e+25,0.5312344808832711,1000000.0
957.4766300538332,5.7354124580178065e+25,0.5311292016394621,1000000.0
957.9766300538332,5.734276143842198e+25,0.5310239730015358,1000000.0
958.4766300538332,5.73314037583426e+25,0.5309187949415933,1000000.0
958.9766300538332,5.7320051536974956e+25,0.5308136674321777,1000000.0
959.4766300538332,5.730870477101361e+25,0.5307085904426786,1000000.0
959.9766300538332,5.729736345773503e+25,0.5306035639478748,1000000.0
960.4766300538332,5.7286027593677514e+25,0.5304985879157093,1000000.0
960.9766300538332,5.727469717616589e+25,0.5303936623214082,1000000.0
961.4766300538332,5.726337220183527e+25,0.5302887871338111,1000000.0
961.9766300538332,5.725205266786053e+25,0.530183962326756,1000000.0
962.4766300538332,5.724073857100214e+25,0.5300791878702429,1000000.0
962.9766300538332,5.722942990834186e+25,0.5299744637372477,1000000.0
963.4766300538332,5.721812667670843e+25,0.5298697898984025,1000000.0
963.9766300538332,5.720682887314733e+25,0.5297651663263471,1000000.0
964.4766300538332,5.719553649449874e+25,0.52966059299182,1000000.0
964.9766300538332,5.718424953782897e+25,0.5295560698676535,1000000.0
965.4766300538332,5.717296799993287e+25,0.5294515969241663,1000000.0
965.9766300538332,5.716169187795348e+25,0.5293471741349015,1000000.0
966.4766300538332,5.7150421168584735e+25,0.5292428014692432,1000000.0
966.9766300538332,5.71391558691025e+25,0.5291384789019645,1000000.0
967.4766300538332,5.7127895976043325e+25,0.5290342064009919,1000000.0
967.9766300538332,5.711664148676954e+25,0.5289299839418994,1000000.0
968.4766300538332,5.7105392397912195e+25,0.5288258114934886,1000000.0
968.9766300538332,5.709414870662823e+25,0.5287216890294314,1000000.0
969.4766300538332,5.7082910409809934e+25,0.5286176165209487,1000000.0
969.9766300538332,5.707167750431654e+25,0.5285135939389554,1000000.0
970.4766300538332,5.706044998733891e+25,0.5284096212574373,1000000.0
970.9766300538332,5.70492278554752e+25,0.5283056984448917,1000000.0
971.4766300538332,5.7038011105996546e+25,0.5282018254760477,1000000.0
971.9766300538332,5.702679973575976e+25,0.528098002321798,1000000.0
972.4766300538332,5.7015593741599395e+25,0.5279942289528287,1000000.0
972.9766300538332,5.700439312070835e+25,0.5278905053431446,1000000.0
973.4766300538332,5.699319786982553e+25,0.5277868314625462,1000000.0
973.9766300538332,5.698200798598922e+25,0.5276832072836067,1000000.0
974.4766300538332,5.697082346628436e+25,0.527579632779331,1000000.0
974.9766300538332,5.69596443074244e+25,0.5274761079192838,1000000.0
975.4766300538332,5.694847050652768e+25,0.5273726326767795,1000000.0
975.9766300538332,5.693730206063305e+25,0.5272692070243964,1000000.0
976.4766300538332,5.692613896649016e+25,0.5271658309320344,1000000.0
976.9766300538332,5.69149812211739e+25,0.5270625043726056,1000000.0
977.4766300538332,5.690382882173894e+25,0.5269592273188346,1000000.0
977.9766300538332,5.689268176503263e+25,0.5268559997415262,1000000.0
978.4766300538332,5.688154004796348e+25,0.5267528216120518,1000000.0
978.9766300538332,5.687040366766332e+25,0.5266496929038503,1000000.0
979.4766300538332,5.685927262109446e+25,0.5265466135887914,1000000.0
979.9766300538332,5.684814690500874e+25,0.5264435836367952,1000000.0
980.4766300538332,5.683702651654425e+25,0.5263406030213592,1000000.0
980.9766300538332,5.68259114527103e+25,0.5262376717147877,1000000.0
981.4766300538332,5.6814801710472795e+25,0.5261347896889838,1000000.0
981.9766300538332,5.680369728659688e+25,0.5260319569139906,1000000.0
982.4766300538332,5.6792598178232875e+25,0.5259291733634188,1000000.0
982.9766300538332,5.678150438237641e+25,0.5258264390094465,1000000.0
983.4766300538332,5.677041589599733e+25,0.5257237538240126,1000000.0
983.9766300538332,5.675933271598097e+25,0.5256211177782739,1000000.0
984.4766300538332,5.674825483927523e+25,0.5255185308439663,1000000.0
984.9766300538332,5.673718226296916e+25,0.5254159929941328,1000000.0
985.4766300538332,5.672611498403668e+25,0.5253135042007503,1000000.0
985.9766300538332,5.671505299945258e+25,0.5252110644358039,1000000.0
986.4766300538332,5.670399630616271e+25,0.5251086736710104,1000000.0
986.9766300538332,5.669294490104203e+25,0.5250063318774306,1000000.0
987.4766300538332,5.668189878120644e+25,0.5249040390283559,1000000.0
987.9766300538332,5.667085794363509e+25,0.5248017950958117,1000000.0
988.4766300538332,5.665982238530737e+25,0.5246996000518258,1000000.0
988.9766300538332,5.664879210320412e+25,0.5245974538684389,1000000.0
989.4766300538332,5.663776709430677e+25,0.5244953565176977,1000000.0
989.9766300538332,5.662674735553982e+25,0.5243933079711215,1000000.0
990.4766300538332,5.661573288388821e+25,0.524291308200789,1000000.0
990.9766300538332,5.6604723676399985e+25,0.5241893571793637,1000000.0
991.4766300538332,5.6593719730060925e+25,0.5240874548789323,1000000.0
991.9766300538332,5.658272104185777e+25,0.5239856012715904,1000000.0
992.4766300538332,5.657172760877789e+25,0.5238837963294397,1000000.0
992.9766300538332,5.656073942780981e+25,0.523782040024592,1000000.0
993.4766300538332,5.65497564959433e+25,0.5236803323291714,1000000.0
993.9766300538332,5.653877881016876e+25,0.5235786732153072,1000000.0
994.4766300538332,5.652780636747759e+25,0.5234770626551382,1000000.0
994.9766300538332,5.651683916486284e+25,0.5233755006208184,1000000.0
995.4766300538332,5.650587719931515e+25,0.5232739870844797,1000000.0
995.9766300538332,5.649492046779064e+25,0.5231725220179341,1000000.0
996.4766300538332,5.648396896733245e+25,0.5230711053937995,1000000.0
996.9766300538332,5.647302269493714e+25,0.5229697371842628,1000000.0
997.4766300538332,5.64620816476021e+25,0.5228684173615177,1000000.0
997.9766300538332,5.6451145822326085e+25,0.5227671458977714,1000000.0
998.4766300538332,5.644021521610843e+25,0.5226659227652363,1000000.0
998.9766300538332,5.642928982594987e+25,0.5225647479361374,1000000.0
999.4766300538332,5.6418369648851855e+25,0.5224636213827066,1000000.0
999.9766300538332,5.640745468181699e+25,0.5223625430771867,1000000.0
