time_days,luminosity,flux_mjy,bh_mass_msun
0.6476630053833254,1.963510146185193e-06,1.8183131274132456e-32,10000.0
1.1476630053833254,2.7020788393169016e+27,25.022663796166942,10000.0
1.6476630053833254,1.1967437248125688e+28,110.82473035364083,10000.0
2.1476630053833254,1.8864427755889759e+28,174.69447100294195,10000.0
2.6476630053833254,2.253198336079122e+28,208.65795479174113,10000.0
3.1476630053833254,2.419304132913291e+28,224.04022065422274,10000.0
3.6476630053833254,2.4701299594270815e+28,228.74695811321706,10000.0
4.147663005383325,2.453852940682143e+28,227.23962101508315,10000.0
4.647663005383325,2.3978479849649266e+28,222.05326909433234,10000.0
5.147663005383325,2.31839277609537e+28,214.6953010385233,10000.0
5.647663005383325,2.225608230084226e+28,206.10296662350015,10000.0
6.147663005383325,2.1259990671295398e+28,196.87863697269387,10000.0
6.647663005383325,2.023828779041906e+28,187.41713373461403,10000.0
7.147663005383325,1.9219103435890644e+28,177.9789533682243,10000.0
7.647663005383325,1.8220878140323167e+28,168.73486485372007,10000.0
8.147663005383325,1.7255441610668749e+28,159.7944174668526,10000.0
8.647663005383325,1.6330056032279483e+28,151.22486284360187,10000.0
9.147663005383325,1.5448810435156746e+28,143.06406754118603,10000.0
9.647663005383325,1.461359095391421e+28,135.32949815296476,10000.0
10.147663005383325,1.3824764857306005e+28,128.0245557797586,10000.0
10.647663005383325,1.3081666716584156e+28,121.14307820320487,10000.0
11.147663005383325,1.2382945398925828e+28,114.67255322644323,10000.0
11.647663005383325,1.1726811947394482e+28,108.59641417224817,10000.0
12.147663005383325,1.1111216268307425e+28,102.89567610049647,10000.0
12.647663005383325,1.0533972388626123e+28,97.5500957571369,10000.0
13.147663005383325,9.992846432129657e+27,92.53898627958613,10000.0
13.647663005383325,9.485617529610133e+27,87.84178125700674,10000.0
14.147663005383325,9.010119083581082e+27,83.4384168630971,10000.0
14.647663005383325,8.564265802344259e+27,79.3095822056941,10000.0
15.147663005383325,8.146070465801793e+27,75.43687458696583,10000.0
15.647663005383325,7.753653329035496e+27,71.80288658547587,10000.0
16.147663005383325,7.385246295306297e+27,68.39124470034149,10000.0
16.647663005383325,7.039193422826255e+27,65.18661404420749,10000.0
17.147663005383325,6.713948911152085e+27,62.17467969619686,10000.0
17.647663005383325,6.408073403652573e+27,59.342112460824424,10000.0
18.147663005383325,6.120229215698491e+27,56.6765246785388,10000.0
18.647663005383325,5.849174927728275e+27,54.16642015468161,10000.0
19.147663005383325,5.593759659927455e+27,51.801141140023546,10000.0
19.647663005383325,5.352917250364739e+27,49.570814417258454,10000.0
20.147663005383325,5.125660493261135e+27,47.46629794436077,10000.0
20.647663005383325,4.911075541872421e+27,45.479129022348836,10000.0
21.147663005383325,4.7083165453724685e+27,43.601474630018416,10000.0
21.647663005383325,4.516600561405298e+27,41.8260843115129,10000.0
22.147663005383325,4.3352027681569635e+27,40.146245837603985,10000.0
22.647663005383325,4.163451984008884e+27,38.5557437153373,10000.0
23.147663005383325,4.000726495528739e+27,37.0488205530453,10000.0
23.647663005383325,3.846450186051303e+27,35.620141208980264,10000.0
24.147663005383325,3.7000889538667535e+27,34.264759621863966,10000.0
24.647663005383325,3.561147405431866e+27,32.97808818829323,10000.0
25.147663005383325,3.429165808145951e+27,31.75586954385077,10000.0
25.647663005383325,3.303717285958377e+27,30.5941505929636,10000.0
26.147663005383325,3.184405241065795e+27,29.48925863247032,10000.0
26.647663005383325,3.070860985351105e+27,28.43777941750672,10000.0
27.147663005383325,2.9627415657857427e+27,27.436537023593182,10000.0
27.647663005383325,2.8597277681131577e+27,26.482575359699204,10000.0
28.147663005383325,2.761522285333176e+27,25.57314120745034,10000.0
28.647663005383325,2.6678480366584895e+27,24.70566865378578,10000.0
29.147663005383325,2.5784466251998386e+27,23.87776480831614,10000.0
29.647663005383325,2.493076922387351e+27,23.08719669432447,10000.0
30.147663005383325,2.411513768281812e+27,22.331879212968587,10000.0
30.647663005383325,2.3335467785581524e+27,21.609864095324006,10000.0
31.147663005383325,2.2589792482115018e+27,20.91932975012836,10000.0
31.647663005383325,2.1876271445881076e+27,20.25857193872089,10000.0
32.14766300538332,2.119318181342402e+27,19.62599519940039,10000.0
32.64766300538332,2.0538909669237605e+27,19.02010496196702,10000.0
33.14766300538332,1.9911942210552283e+27,18.43950029190543,10000.0
33.64766300538332,1.9310860532101814e+27,17.882867208701086,10000.0
34.14766300538332,1.873433298251983e+27,17.348972533515923,10000.0
34.64766300538332,1.81811090395914e+27,16.836658217350838,10000.0
35.14766300538332,1.7650013662371056e+27,16.34483611081146,10000.0
35.64766300538332,1.7139942080898223e+27,15.872483139112067,10000.0
36.14766300538332,1.6649854985341503e+27,15.418636846971458,10000.0
36.64766300538332,1.6178774081328442e+27,14.982391282615787,10000.0
37.14766300538332,1.572577798393092e+27,14.56289319539419,10000.0
37.64766300538332,1.528999841710859e+27,14.15933851626458,10000.0
38.14766300538332,1.4870616698660648e+27,13.770969102675059,10000.0
38.64766300538332,1.4466860485362454e+27,13.397069724390143,10000.0
39.14766300538332,1.4078000755858275e+27,13.036965269491581,10000.0
39.64766300538332,1.370334901551334e+27,12.69001815592512,10000.0
40.14766300538332,1.3342254701560003e+27,12.355625928530078,10000.0
40.64766300538332,1.299410277632425e+27,12.03321903024117,10000.0
41.14766300538332,1.265831149055473e+27,11.722258730814175,10000.0
41.64766300538332,1.2334330306555407e+27,11.422235203538094,10000.0
42.14766300538332,1.2021637964797443e+27,11.132665734816609,10000.0
42.64766300538332,1.1719740687978287e+27,10.853093061032823,10000.0
43.14766300538332,1.1428170506558235e+27,10.583083817908527,10000.0
43.64766300538332,1.1146483700969665e+27,10.32222709790842,10000.0
44.14766300538332,1.0874259348863348e+27,10.070133104914204,10000.0
44.64766300538332,1.0611097970974387e+27,9.826431900225586,10000.0
45.14766300538332,1.0356620267172925e+27,9.590772232077105,10000.0
45.64766300538332,1.0110465937652252e+27,9.362820443996643,10000.0
46.14766300538332,9.87229258035483e+26,9.142259453764234,10000.0
46.64766300538332,9.641774661944387e+26,8.92878780047839,10000.0
47.14766300538332,9.418602554900654e+26,8.722118752855438,10000.0
47.64766300538332,9.202481637382975e+26,8.521979475656142,10000.0
48.14766300538332,8.993131450047228e+26,8.328110248854037,10000.0
48.64766300538332,8.79028490651817e+26,8.140263736491526,10000.0
49.14766300538332,8.593687554531479e+26,7.958204302458755,10000.0
49.64766300538332,8.403096881910726e+26,7.78170736779196,10000.0
50.14766300538332,8.218281667117526e+26,7.61055880924895,10000.0
50.64766300538332,8.039021368451371e+26,7.4445543936761736,10000.0
51.14766300538332,7.865105552101252e+26,7.283499248354614,10000.0
51.64766300538332,7.69633335366884e+26,7.127207362342071,10000.0
52.14766300538332,7.532512972894901e+26,6.975501118563388,10000.0
52.64766300538332,7.373461198425792e+26,6.8282108537193595,10000.0
53.14766300538332,7.219002961134087e+26,6.68517444463827,10000.0
53.64766300538332,7.068970913274861e+26,6.546236918552579,10000.0
54.14766300538332,6.923205032594305e+26,6.4112500864828,10000.0
54.64766300538332,6.781552249843221e+26,6.2800721982955,10000.0
55.14766300538332,6.643866096903756e+26,6.1525676168502414,10000.0
55.64766300538332,6.510006376091717e+26,6.02860651175624,10000.0
56.14766300538332,6.379838847828394e+26,5.908064570140111,10000.0
56.64766300538332,6.253234935823573e+26,5.790822723629923,10000.0
57.14766300538332,6.1300714490271474e+26,5.676766890867852,10000.0
57.64766300538332,6.010230319344639e+26,5.565787734621014,10000.0
58.14766300538332,5.893598353308564e+26,5.457780431816168,10000.0
58.64766300538332,5.7800669980485466e+26,5.352644456815796,10000.0
59.14766300538332,5.6695321194364535e+26,5.250283375968881,10000.0
59.64766300538332,5.5618937928218475e+26,5.150604653821003,10000.0
60.14766300538332,5.4570561047903886e+26,5.053519469532235,10000.0
60.64766300538332,5.3549269653816365e+26,4.958942542981005,10000.0
61.14766300538332,5.2554179307691615e+26,4.866791970556605,10000.0
61.64766300538332,5.158444034768996e+26,4.7769890691271994,10000.0
62.14766300538332,5.063923629555338e+26,4.68945822853423,10000.0
62.64766300538332,4.9717782348467845e+26,4.604126771930982,10000.0
63.14766300538332,4.881932394104144e+26,4.520924822614234,10000.0
63.64766300538332,4.794313539147066e+26,4.4397851786521665,10000.0
64.14766300538332,4.708851861171689e+26,4.360643193439968,10000.0
64.64766300538332,4.625480188130212e+26,4.283436662146889,10000.0
65.14766300538332,4.544133868861845e+26,4.208105714415454,10000.0
65.64766300538332,4.4647506625227186e+26,4.134592711967758,10000.0
66.14766300538332,4.38727063385484e+26,4.062842151619051,10000.0
66.64766300538332,4.3116360535194796e+26,3.9928005729812366,10000.0
67.14766300538332,4.237791303335847e+26,3.9244164707089246,10000.0
67.64766300538332,4.1656827862457763e+26,3.8576402111220225,10000.0
68.14766300538332,4.0952588405443566e+26,3.792423952778812,10000.0
68.64766300538332,4.0264696583313564e+26,3.7287215709576977,10000.0
69.14766300538332,3.959267207675722e+26,3.666488585577466,10000.0
69.64766300538332,3.893605159088073e+26,3.605682093106962,10000.0
70.14766300538332,3.829438814693031e+26,3.5462607009749645,10000.0
70.64766300538332,3.7667250413285496e+26,3.488184465616668,10000.0
71.14766300538332,3.7054222063706884e+26,3.431414833044057,10000.0
71.64766300538332,3.645490117148023e+26,3.375914582740488,10000.0
72.14766300538332,3.5868899623945935e+26,3.3216477734430545,10000.0
72.64766300538332,3.529584256978844e+26,3.2685796919586894,10000.0
73.14766300538332,3.4735367888522115e+26,3.2166768040357874,10000.0
73.64766300538332,3.418712568798195e+26,3.1659067078292114,10000.0
74.14766300538332,3.3650777817722726e+26,3.1162380888385104,10000.0
74.64766300538332,3.3125997413097126e+26,3.0676406776871668,10000.0
75.14766300538332,3.261246845082221e+26,3.0200852089657273,10000.0
75.64766300538332,3.210988533275733e+26,2.9735433826874607,10000.0
76.14766300538332,3.1617952480800866e+26,2.9279878267736734,10000.0
76.64766300538332,3.113638395467098e+26,2.8833920616582116,10000.0
77.14766300538332,3.0664903083523637e+26,2.8397304661733576,10000.0
77.64766300538332,3.0203242116335643e+26,2.796978245173474,10000.0
78.14766300538332,2.975114188298233e+26,2.7551113981490234,10000.0
78.64766300538332,2.9308351475934562e+26,2.7141066897500443,10000.0
79.14766300538332,2.887462793906949e+26,2.6739416209683995,10000.0
79.64766300538332,2.8449735976561824e+26,2.634594402179584,10000.0
80.14766300538332,2.8033447666688584e+26,2.5960439266395516,10000.0
80.64766300538332,2.7625542194216242e+26,2.5582697457023573,10000.0
81.14766300538332,2.7225805590242912e+26,2.5212520447281888,10000.0
81.64766300538332,2.6834030484722996e+26,2.4849716201658505,10000.0
82.14766300538332,2.6450015866986022e+26,2.449409857375557,10000.0
82.64766300538332,2.6073566859264205e+26,2.4145487096563993,10000.0
83.14766300538332,2.5704494495933945e+26,2.380370677802952,10000.0
83.64766300538332,2.5342615515839945e+26,2.3468587908734015,10000.0
84.14766300538332,2.498775215937541e+26,2.313996587398109,10000.0
84.64766300538332,2.463973197559091e+26,2.2817680975168835,10000.0
85.14766300538332,2.4298387636764568e+26,2.2501578258072112,10000.0
85.64766300538332,2.3963556760290383e+26,2.2191507347901793,10000.0
86.14766300538332,2.3635081737651676e+26,2.188732229092527,10000.0
86.64766300538332,2.3312809570058983e+26,2.1588881402258506,10000.0
87.14766300538332,2.2996591710948232e+26,2.129604712001113,10000.0
87.64766300538332,2.2686283914230468e+26,2.1008685864757712,10000.0
88.14766300538332,2.238174608845597e+26,2.0726667904486153,10000.0
88.64766300538332,2.208284215678266e+26,2.0449867224921063,10000.0
89.14766300538332,2.178943992217577e+26,2.0178161404691615,10000.0
89.64766300538332,2.150141093859116e+26,1.9911431496040566,10000.0
90.14766300538332,2.1218630385820624e+26,1.964956190892444,10000.0
90.64766300538332,2.0940976948966488e+26,1.9392440299400724,10000.0
91.14766300538332,2.0668332705240247e+26,1.9139957464797477,10000.0
91.64766300538332,2.0400583010358577e+26,1.8892007238510071,10000.0
92.14766300538332,2.0137616394021453e+26,1.8648486393208497,10000.0
92.64766300538332,1.9879324455921166e+26,1.8409294544536245,10000.0
93.14766300538332,1.9625601766459985e+26,1.8174334059169674,10000.0
93.64766300538332,1.9376345772675034e+26,1.7943509967699527,10000.0
94.14766300538332,1.913145670489429e+26,1.7716729878189503,10000.0
94.64766300538332,1.889083748933803e+26,1.7493903895240617,10000.0
95.14766300538332,1.8654393662148446e+26,1.7274944540378134,10000.0
95.64766300538332,1.8422033287763484e+26,1.7059766676461465,10000.0
96.14766300538332,1.8193666878469876e+26,1.684828743318608,10000.0
96.64766300538332,1.79692073202126e+26,1.6640426138379159,10000.0
97.14766300538332,1.774856979685748e+26,1.643610424786282,10000.0
97.64766300538332,1.7531671719927994e+26,1.6235245280386739,10000.0
98.14766300538332,1.731843266030462e+26,1.603777475437813,10000.0
98.64766300538332,1.7108774281454652e+26,1.5843620126109086,10000.0
99.14766300538332,1.6902620276218884e+26,1.5652710731157753,10000.0
99.64766300538332,1.6699896305604648e+26,1.5464977727727458,10000.0
100.14766300538332,1.6500529937772425e+26,1.528035404014513,10000.0
100.64766300538332,1.630445059217735e+26,1.5098774307133402,10000.0
101.14766300538332,1.611158948397797e+26,1.492017483033023,10000.0
101.64766300538332,1.5921879569452937e+26,1.4744493523741873,10000.0
102.14766300538332,1.5735255495527155e+26,1.457166986700148,10000.0
102.64766300538332,1.5551653549367708e+26,1.4401644858692275,10000.0
103.14766300538332,1.5371011609995361e+26,1.4234360971537283,10000.0
103.64766300538332,1.5193269102001683e+26,1.4069762109538952,10000.0
104.14766300538332,1.5018366950002386e+26,1.3907793565800572,10000.0
104.64766300538332,1.4846247535504562e+26,1.3748401982583076,10000.0
105.14766300538332,1.4676854655204501e+26,1.3591535312686636,10000.0
105.64766300538332,1.4510133479016244e+26,1.3437142780582914,10000.0
106.14766300538332,1.4346030512185841e+26,1.328517484733087,10000.0
106.64766300538332,1.4184493555819864e+26,1.3135583174024115,10000.0
107.14766300538332,1.4025471670977699e+26,1.2988320588538482,10000.0
107.64766300538332,1.3868915143279287e+26,1.284334105275695,10000.0
108.14766300538332,1.3714775447385836e+26,1.270059962967692,10000.0
108.64766300538332,1.3563005214236358e+26,1.2560052453069543,10000.0
109.14766300538332,1.3413558199053985e+26,1.2421656697851886,10000.0
109.64766300538332,1.3266389249161714e+26,1.2285370550282624,10000.0
110.14766300538332,1.3121454275030851e+26,1.2151153181151397,10000.0
110.64766300538332,1.2978710219441285e+26,1.2018964717219602,10000.0
111.14766300538332,1.2838115030706715e+26,1.1888766216425557,10000.0
111.64766300538332,1.2699627633608253e+26,1.1760519640967486,10000.0
112.14766300538332,1.2563207904257861e+26,1.1634187834025764,10000.0
112.64766300538332,1.2428816642933569e+26,1.1509734494606891,10000.0
113.14766300538332,1.229641555034701e+26,1.1387124155566002,10000.0
113.64766300538332,1.216596720224065e+26,1.1266322160082554,10000.0
114.14766300538332,1.2037435027096462e+26,1.1147294641017411,10000.0
114.64766300538332,1.191078328211765e+26,1.103000849867066,10000.0
115.14766300538332,1.1785977032489035e+26,1.091443138157563,10000.0
115.64766300538332,1.166298212893258e+26,1.0800531665714148,10000.0
116.14766300538332,1.1541765187335283e+26,1.06882784356509,10000.0
116.64766300538332,1.1422293569160228e+26,1.057764146639303,10000.0
117.14766300538332,1.1304535361141265e+26,1.0468591204586366,10000.0
117.64766300538332,1.1188459356498927e+26,1.036109875112036,10000.0
118.14766300538332,1.1074035037323224e+26,1.0255135844813643,10000.0
118.64766300538332,1.0961232555621376e+26,1.0150674844863243,10000.0
119.14766300538332,1.0850022717293454e+26,1.004768871600517,10000.0
119.64766300538332,1.0740376964121476e+26,0.9946151011835387,10000.0
120.14766300538332,1.0632267358622173e+26,0.984603586078268,10000.0
120.64766300538332,1.0525666567439025e+26,0.9747317950728819,10000.0
121.14766300538332,1.0420547846198072e+26,0.9649972514984231,10000.0
121.64766300538332,1.0316885025030422e+26,0.9553975318881098,10000.0
122.14766300538332,1.021465249347611e+26,0.945930264579354,10000.0
122.64766300538332,1.0113825186986456e+26,0.9365931284638084,10000.0
123.14766300538332,1.0014378572925544e+26,0.9273838516910313,10000.0
123.64766300538332,9.916288637522622e+25,0.9183002104602095,10000.0
124.14766300538332,9.819531872909996e+25,0.9093400278197997,10000.0
124.64766300538332,9.724085264783059e+25,0.900501172524783,10000.0
125.14766300538332,9.629926279666144e+25,0.8917815578574165,10000.0
125.64766300538332,9.53703285416102e+25,0.8831791406315866,10000.0
126.14766300538332,9.445383382333029e+25,0.8746919200247006,10000.0
126.64766300538332,9.35495670554903e+25,0.8663179366366265,10000.0
127.14766300538332,9.265732100948046e+25,0.8580552714220142,10000.0
127.64766300538332,9.177689270922973e+25,0.849902044716248,10000.0
128.14766300538332,9.090808333507875e+25,0.841856415345258,10000.0
128.64766300538332,9.005069811762573e+25,0.8339165796424796,10000.0
129.14766300538332,8.920454624126387e+25,0.8260807705555578,10000.0
129.64766300538332,8.836944075543128e+25,0.8183472568244756,10000.0
130.14766300538332,8.754519847744427e+25,0.8107143420817401,10000.0
130.64766300538332,8.67316399027785e+25,0.8031803640215378,10000.0
131.14766300538332,8.592858912497492e+25,0.7957436936580228,10000.0
131.64766300538332,8.513587374466251e+25,0.7884027344828187,10000.0
132.14766300538332,8.435332478741575e+25,0.7811559217043371,10000.0
132.64766300538332,8.35807766303811e+25,0.774001721568299,10000.0
133.14766300538332,8.28180669175474e+25,0.7669386305730957,10000.0
133.64766300538332,8.206503648586739e+25,0.7599651747856344,10000.0
134.14766300538332,8.132152929441805e+25,0.7530799091853262,10000.0
134.64766300538332,8.058739234843752e+25,0.7462814169606288,10000.0
135.14766300538332,7.986247563392315e+25,0.7395683089033891,10000.0
135.64766300538332,7.91466320428323e+25,0.7329392227161647,10000.0
136.14766300538332,7.84397173163127e+25,0.7263928224865063,10000.0
136.64766300538332,7.774158997121221e+25,0.7199277980064003,10000.0
137.14766300538332,7.705211124344318e+25,0.7135428642477928,10000.0
137.64766300538332,7.63711450221042e+25,0.7072367607525227,10000.0
138.14766300538332,7.569855779396779e+25,0.7010082511182487,10000.0
138.64766300538332,7.503421858197038e+25,0.6948561224288341,10000.0
139.14766300538332,7.437799889202225e+25,0.6887791847617791,10000.0
139.64766300538332,7.3729772654436224e+25,0.6827762706458202,10000.0
140.14766300538332,7.308941617264948e+25,0.6768462345860669,10000.0
140.64766300538332,7.245680806766368e+25,0.670987952549488,10000.0
141.14766300538332,7.1831829232638044e+25,0.6652003215444208,10000.0
141.64766300538332,7.121436277724966e+25,0.6594822591053173,10000.0
142.14766300538332,7.060429398327386e+25,0.6538327028813957,10000.0
142.64766300538332,7.00015102521675e+25,0.6482506101512344,10000.0
143.14766300538332,6.940590106719312e+25,0.6427349574720215,10000.0
143.64766300538332,6.881735794096083e+25,0.6372847401937651,10000.0
144.14766300538332,6.82357743740191e+25,0.6318989720758232,10000.0
144.64766300538332,6.766104581370304e+25,0.6265766849058162,10000.0
145.14766300538332,6.7093069609294415e+25,0.6213169280843858,10000.0
145.64766300538332,6.6531744974988626e+25,0.6161187682822495,10000.0
146.14766300538332,6.597697294630213e+25,0.6109812890365109,10000.0
146.64766300538332,6.542865634631585e+25,0.6059035904380562,10000.0
147.14766300538332,6.4886699741943e+25,0.60088478872657,10000.0
147.64766300538332,6.435100941083121e+25,0.5959240159840336,10000.0
148.14766300538332,6.3821493305834636e+25,0.5910204198057168,10000.0
148.64766300538332,6.3298061017803255e+25,0.5861731629555877,10000.0
149.14766300538332,6.278062374239736e+25,0.5813814230589978,10000.0
149.64766300538332,6.226909424575306e+25,0.576644392284726,10000.0
150.14766300538332,6.176338683368325e+25,0.571961277059764,10000.0
150.64766300538332,6.126341731913377e+25,0.5673312977679432,10000.0
151.14766300538332,6.076910298834255e+25,0.5627536884365504,10000.0
151.64766300538332,6.028036257511543e+25,0.5582276964981089,10000.0
152.14766300538332,5.979711622829807e+25,0.5537525824891506,10000.0
152.64766300538332,5.9319285481790586e+25,0.5493276197725369,10000.0
153.14766300538332,5.884679323145547e+25,0.5449520943236129,10000.0
153.64766300538332,5.83795637001192e+25,0.5406253044061049,10000.0
154.14766300538332,5.791752241640661e+25,0.5363465603761148,10000.0
154.64766300538332,5.746059618531263e+25,0.5321151844095999,10000.0
155.14766300538332,5.700871306571863e+25,0.5279305102941613,10000.0
155.64766300538332,5.6561802340746425e+25,0.5237918831545076,10000.0
156.14766300538332,5.611979449709027e+25,0.519698659261058,10000.0
156.64766300538332,5.568262119853888e+25,0.5156502057847419,10000.0
157.14766300538332,5.525021526427621e+25,0.5116459005960533,10000.0
157.64766300538332,5.482251064457855e+25,0.507685132039993,10000.0
158.14766300538332,5.4399442399611115e+25,0.5037672987397143,10000.0
158.64766300538332,5.398094667599646e+25,0.4998918093795332,10000.0
159.14766300538332,5.356696068809753e+25,0.49605808253160094,10000.0
159.64766300538332,5.315742269385113e+25,0.4922655464321083,10000.0
160.14766300538332,5.2752271976677595e+25,0.48851363881376064,10000.0
160.64766300538332,5.235144882529778e+25,0.48480180671887146,10000.0
161.14766300538332,5.195489451288679e+25,0.4811295063063162,10000.0
161.64766300538332,5.156255127849463e+25,0.47749620267947696,10000.0
162.14766300538332,5.1174362309280075e+25,0.4739013697217191,10000.0
162.64766300538332,5.0790271722220876e+25,0.4703444899270183,10000.0
163.14766300538332,5.041022454426366e+25,0.46682505421613824,10000.0
163.64766300538332,5.003416669786342e+25,0.46334256180271816,10000.0
164.14766300538332,4.966204498082779e+25,0.4598965200066214,10000.0
164.64766300538332,4.929380705169539e+25,0.4564864441185299,10000.0
165.14766300538332,4.892940141336976e+25,0.453111857248387,10000.0
165.64766300538332,4.856877739711134e+25,0.4497722901771541,10000.0
166.14766300538332,4.821188514379735e+25,0.44646728118326773,10000.0
166.64766300538332,4.785867559455521e+25,0.4431963759558999,10000.0
167.14766300538332,4.750910047048433e+25,0.43995912740717114,10000.0
167.64766300538332,4.716311226051369e+25,0.4367550955597061,10000.0
168.14766300538332,4.6820664207049515e+25,0.43358384741372225,10000.0
168.64766300538332,4.648171029019371e+25,0.43044495680088546,10000.0
169.14766300538332,4.61462052176205e+25,0.42733800429056185,10000.0
169.64766300538332,4.581410440580528e+25,0.4242625770159872,10000.0
170.14766300538332,4.548536397293809e+25,0.4212182686086419,10000.0
170.64766300538332,4.515994072175738e+25,0.41820467903928316,10000.0
171.14766300538332,4.4837792127537695e+25,0.41522141450670386,10000.0
171.64766300538332,4.451887632802164e+25,0.41226808734449816,10000.0
172.14766300538332,4.420315210906831e+25,0.4093443158881576,10000.0
172.64766300538332,4.38905788939238e+25,0.4064497243757111,10000.0
173.14766300538332,4.358111673060039e+25,0.4035839428308492,10000.0
173.64766300538332,4.327472628166525e+25,0.40074660696836234,10000.0
174.14766300538332,4.297136881312972e+25,0.3979373580912497,10000.0
174.64766300538332,4.2671006183569e+25,0.3951558429899618,10000.0
175.14766300538332,4.237360083228262e+25,0.39240171383276023,10000.0
175.64766300538332,4.207911577039493e+25,0.3896746280833037,10000.0
176.14766300538332,4.1787514568900105e+25,0.38697424838993844,10000.0
176.64766300538332,4.149876135146924e+25,0.38430024251908806,10000.0
177.14766300538332,4.1212820782103386e+25,0.3816522832409142,10000.0
177.64766300538332,4.0929658055990696e+25,0.3790300482446492,10000.0
178.14766300538332,4.064923889109821e+25,0.3764332200607312,10000.0
178.64766300538332,4.037152951904495e+25,0.37386148597628455,10000.0
179.14766300538332,4.009649667386767e+25,0.37131453793108465,10000.0
179.64766300538332,3.982410758583316e+25,0.3687920724602565,10000.0
180.14766300538332,3.955432997182749e+25,0.3662937906052746,10000.0
180.64766300538332,3.928713202642015e+25,0.3638193978312116,10000.0
181.14766300538332,3.9022482413974985e+25,0.3613686039536816,10000.0
181.64766300538332,3.876035025945981e+25,0.3589411230537326,10000.0
182.14766300538332,3.8500705143977407e+25,0.35653667343646106,10000.0
182.64766300538332,3.824351709096815e+25,0.3541549775032408,10000.0
183.14766300538332,3.7988756564996274e+25,0.3517957617404837,10000.0
183.64766300538332,3.7736394459564142e+25,0.3494587566067929,10000.0
184.14766300538332,3.7486402091591076e+25,0.347143696481834,10000.0
184.64766300538332,3.723875119417315e+25,0.34485031959928736,10000.0
185.14766300538332,3.6993413909485476e+25,0.3425783679811191,10000.0
185.64766300538332,3.67503627802573e+25,0.34032758735863633,10000.0
186.14766300538332,3.6509570746872397e+25,0.3380977271456349,10000.0
186.64766300538332,3.6271011135128267e+25,0.3358885403250436,10000.0
187.14766300538332,3.6034657655354032e+25,0.33369978344075524,10000.0
187.64766300538332,3.5800484391980963e+25,0.3315312165010441,10000.0
188.14766300538332,3.5568465798798213e+25,0.32938260293463195,10000.0
188.64766300538332,3.53385766927648e+25,0.3272537095333833,10000.0
189.14766300538332,3.5110792247663703e+25,0.3251443063935392,10000.0
189.64766300538332,3.4885087987518793e+25,0.3230541668547549,10000.0
190.14766300538332,3.4661439783522396e+25,0.3209830674716469,10000.0
190.64766300538332,3.443982384384218e+25,0.3189307879193998,10000.0
191.14766300538332,3.4220216712193264e+25,0.31689711098054313,10000.0
191.64766300538332,3.4002595260158697e+25,0.314881822473835,10000.0
192.14766300538332,3.3786936682069367e+25,0.31288471120684735,10000.0
192.64766300538332,3.3573218490044028e+25,0.310905568930034,10000.0
193.14766300538332,3.336141850878404e+25,0.30894419028852743,10000.0
193.64766300538332,3.3151514869027035e+25,0.3070003727615158,10000.0
194.14766300538332,3.294348600644503e+25,0.3050739166520396,10000.0
194.64766300538332,3.2737310651360035e+25,0.30316462499175206,10000.0
195.14766300538332,3.2532967828909163e+25,0.3012723035424487,10000.0
195.64766300538332,3.2330436850815982e+25,0.29939676071986565,10000.0
196.14766300538332,3.2129697312179784e+25,0.29753780756394616,10000.0
196.64766300538332,3.193072908691309e+25,0.29569525769659033,10000.0
197.14766300538332,3.173351232326298e+25,0.2938689272801793,10000.0
197.64766300538332,3.153802743941534e+25,0.29205863497686935,10000.0
198.14766300538332,3.134425511918003e+25,0.2902642019086332,10000.0
198.64766300538332,3.115217630613125e+25,0.28848545160299766,10000.0
199.14766300538332,3.096177220360422e+25,0.2867222099930122,10000.0
199.64766300538332,3.0773024265380434e+25,0.28497430533099,10000.0
200.14766300538332,3.0585914195966884e+25,0.28324156819109353,10000.0
200.64766300538332,3.040042394453584e+25,0.2815238314132137,10000.0
201.14766300538332,3.0216535701374187e+25,0.2798209300700889,10000.0
201.64766300538332,3.0034231894351346e+25,0.2781327014345961,10000.0
202.14766300538332,2.985349518519311e+25,0.2764589849452448,10000.0
202.64766300538332,2.9674308464981007e+25,0.2747996221644982,10000.0
203.14766300538332,2.949665485250541e+25,0.27315445676352307,10000.0
203.64766300538332,2.9320517688899717e+25,0.27152333447249843,10000.0
204.14766300538332,2.91458805348175e+25,0.2699061030544753,10000.0
204.64766300538332,2.8972727166778492e+25,0.2683026122715382,10000.0
205.14766300538332,2.880104157490212e+25,0.2667127138638165,10000.0
205.64766300538332,2.8630807958176876e+25,0.2651362615056765,10000.0
206.14766300538332,2.8462010721976444e+25,0.2635731107827193,10000.0
206.64766300538332,2.829463447489073e+25,0.26202311916243454,10000.0
207.14766300538332,2.812866402561263e+25,0.26048614596537023,10000.0
207.64766300538332,2.796408437968626e+25,0.25896205233501973,10000.0
208.14766300538332,2.780088073600409e+25,0.25745070120538327,10000.0
208.64766300538332,2.7639038486236376e+25,0.25595195729568426,10000.0
209.14766300538332,2.7478543207667095e+25,0.2544656870440263,10000.0
209.64766300538332,2.7319380665317085e+25,0.2529917586270544,10000.0
210.14766300538332,2.716153680530583e+25,0.25153004189848205,10000.0
210.64766300538332,2.700499775338466e+25,0.2500804083755075,10000.0
211.14766300538332,2.684974981286201e+25,0.24864273121960043,10000.0
211.64766300538332,2.6695779461406515e+25,0.2472168852068977,10000.0
212.14766300538332,2.654307334798707e+25,0.2458027466998658,10000.0
212.64766300538332,2.6391618291195074e+25,0.24440019363176452,10000.0
213.14766300538332,2.62414012764657e+25,0.24300910548091423,10000.0
213.64766300538332,2.609240945310741e+25,0.2416293632431878,10000.0
214.14766300538332,2.594463013171411e+25,0.24026084940804557,10000.0
214.64766300538332,2.579805078349877e+25,0.23890344795236448,10000.0
215.14766300538332,2.565265903564703e+25,0.23755704429741015,10000.0
215.64766300538332,2.5508442670182138e+25,0.23622152529832519,10000.0
216.14766300538332,2.5365389622193875e+25,0.23489677922772859,10000.0
216.64766300538332,2.5223487976466625e+25,0.23358269574448964,10000.0
217.14766300538332,2.5082725965856527e+25,0.23227916587869957,10000.0
217.64766300538332,2.494309196912807e+25,0.23098608201163723,10000.0
218.14766300538332,2.4804574508827195e+25,0.22970333785607291,10000.0
218.64766300538332,2.4667162249128994e+25,0.22843082843633708,10000.0
219.14766300538332,2.453084399306077e+25,0.22716845006260414,10000.0
219.64766300538332,2.4395608682795608e+25,0.22591610033361148,10000.0
220.14766300538332,2.4261445394548203e+25,0.22467367808939162,10000.0
220.64766300538332,2.412834333928604e+25,0.22344108341785868,10000.0
221.14766300538332,2.399629185840774e+25,0.22221821761478724,10000.0
221.64766300538332,2.3865280424561813e+25,0.22100498319139444,10000.0
222.14766300538332,2.373529863751452e+25,0.21980128383607456,10000.0
222.64766300538332,2.360633622321415e+25,0.21860702440573312,10000.0
223.14766300538332,2.3478383031991323e+25,0.21742211090912145,10000.0
223.64766300538332,2.3351429036788576e+25,0.2162464504904411,10000.0
224.14766300538332,2.32254643314189e+25,0.21507995141321748,10000.0
224.64766300538332,2.310047912885278e+25,0.21392252304443662,10000.0
225.14766300538332,2.29764637595332e+25,0.2127740758389414,10000.0
225.64766300538332,2.285340866898686e+25,0.21163452131731006,10000.0
226.14766300538332,2.2731304417961894e+25,0.21050377206713167,10000.0
226.64766300538332,2.2610141679009825e+25,0.20938174171135313,10000.0
227.14766300538332,2.248991123607453e+25,0.2082683449044729,10000.0
227.64766300538332,2.237060398181391e+25,0.20716349730773806,10000.0
228.14766300538332,2.2252210917805974e+25,0.206067115591053,10000.0
228.64766300538332,2.213472315134306e+25,0.20497911740329203,10000.0
229.14766300538332,2.2018131894669506e+25,0.20389942136523992,10000.0
229.64766300538332,2.190242846352528e+25,0.2028279470561051,10000.0
230.14766300538332,2.178760427571309e+25,0.2017646150002504,10000.0
230.64766300538332,2.1673650849688045e+25,0.20070934665413248,10000.0
231.14766300538332,2.1560559803169825e+25,0.19966206439345,10000.0
231.64766300538332,2.1448322851776813e+25,0.1986226915004947,10000.0
232.14766300538332,2.133693180755833e+25,0.19759115215055933,10000.0
232.64766300538332,2.1226378577206454e+25,0.19656737139537805,10000.0
233.14766300538332,2.1116655162737112e+25,0.19555127516943377,10000.0
233.64766300538332,2.100775365699604e+25,0.19454279024834092,10000.0
234.14766300538332,2.089966624595673e+25,0.1935418442701257,10000.0
234.64766300538332,2.0792385204202154e+25,0.1925483656933844,10000.0
235.14766300538332,2.068590289609154e+25,0.1915622838080885,10000.0
235.64766300538332,2.05802117735883e+25,0.19058352871547002,10000.0
236.14766300538332,2.0475304374948796e+25,0.18961203131587884,10000.0
236.64766300538332,2.037117332380862e+25,0.18864772330032115,10000.0
237.14766300538332,2.026781132803407e+25,0.18769053713982362,10000.0
237.64766300538332,2.016521117859121e+25,0.18674040607496012,10000.0
238.14766300538332,2.006336574843258e+25,0.18579726410554237,10000.0
238.64766300538332,1.9962267991400897e+25,0.18486104598046726,10000.0
239.14766300538332,1.9861910941107755e+25,0.18393168718733335,10000.0
239.64766300538332,1.9762287709265925e+25,0.1830091239369968,10000.0
240.14766300538332,1.9663391486576612e+25,0.18209329317178824,10000.0
240.64766300538332,1.956521553921747e+25,0.18118413253298946,10000.0
241.14766300538332,1.9467753209646822e+25,0.18028158036828132,10000.0
241.64766300538332,1.9370997914468856e+25,0.1793855757119741,10000.0
242.14766300538332,1.927494314464739e+25,0.1784960582869872,10000.0
242.64766300538332,1.917958246294674e+25,0.1776129684811502,10000.0
243.14766300538332,1.9084909504416729e+25,0.17673624735169427,10000.0
243.64766300538332,1.899091797495011e+25,0.17586583661189317,10000.0
244.14766300538332,1.8897601650092055e+25,0.17500167862003851,10000.0
244.64766300538332,1.8804954374367331e+25,0.1741437163732091,10000.0
245.14766300538332,1.8712970060381415e+25,0.17329189349894666,10000.0
245.64766300538332,1.8621642687935326e+25,0.17244615424705884,10000.0
246.14766300538332,1.8530966303153367e+25,0.17160644348154155,10000.0
246.64766300538332,1.8440935017624208e+25,0.1707727066726251,10000.0
247.14766300538332,1.835154300701048e+25,0.169944889883898,10000.0
247.64766300538332,1.8262784511694274e+25,0.16912293977828502,10000.0
248.14766300538332,1.8174653834616893e+25,0.1683068035980419,10000.0
248.64766300538332,1.8087145340069853e+25,0.16749642915355945,10000.0
249.14766300538332,1.8000253455245712e+25,0.16669176483772496,10000.0
249.64766300538332,1.791397266611702e+25,0.16589275958775934,10000.0
250.14766300538332,1.7828297520043157e+25,0.16509936290935756,10000.0
250.64766300538332,1.7743222622504198e+25,0.16431152484644268,10000.0
251.14766300538332,1.7658742637071414e+25,0.1635291959808926,10000.0
251.64766300538332,1.757485228561164e+25,0.1627523274344327,10000.0
252.14766300538332,1.7491546346330251e+25,0.16198087085051263,10000.0
252.64766300538332,1.7408819653535113e+25,0.16121477839212053,10000.0
253.14766300538332,1.7326667096927996e+25,0.1604540027352211,10000.0
253.64766300538332,1.7245083620906012e+25,0.1596984970622864,10000.0
254.14766300538332,1.7164064223873535e+25,0.15894821505592407,10000.0
254.64766300538332,1.7083603957563697e+25,0.15820311089259398,10000.0
255.14766300538332,1.7003697926369953e+25,0.1574631392364181,10000.0
255.64766300538332,1.692434128658278e+25,0.156728255232112,10000.0
256.1476630053833,1.6845529245577057e+25,0.15599841449745955,10000.0
256.6476630053833,1.6767257062193928e+25,0.1552735731268491,10000.0
257.1476630053833,1.6689520044674462e+25,0.15455368767213823,10000.0
257.6476630053833,1.6612313550754776e+25,0.15383871514353445,10000.0
258.1476630053833,1.6535632987446791e+25,0.15312861300756514,10000.0
258.6476630053833,1.6459473809414081e+25,0.15242333917203682,10000.0
259.1476630053833,1.6383831519343458e+25,0.15172285198947635,10000.0
259.6476630053833,1.6308701667066176e+25,0.15102711024899282,10000.0
260.1476630053833,1.6234079848273282e+25,0.1503360731643809,10000.0
260.6476630053833,1.6159961705156425e+25,0.1496497003800553,10000.0
261.1476630053833,1.6086342925133563e+25,0.14896795195924986,10000.0
261.6476630053833,1.6013219240277242e+25,0.14829078837872342,10000.0
262.1476630053833,1.5940586426911082e+25,0.1476181705250228,10000.0
262.6476630053833,1.5868440305070262e+25,0.14695005968948682,10000.0
263.1476630053833,1.5796776737969836e+25,0.14628641756332245,10000.0
263.6476630053833,1.5725591631480049e+25,0.1456272062327461,10000.0
264.1476630053833,1.5654880933609385e+25,0.1449723881741963,10000.0
264.6476630053833,1.5584640633994572e+25,0.14432192624961093,10000.0
265.1476630053833,1.5514866763314216e+25,0.1436757837009971,10000.0
265.6476630053833,1.5445555392624902e+25,0.1430339241442831,10000.0
266.1476630053833,1.537670263380002e+25,0.14239631157338226,10000.0
266.6476630053833,1.5308304637876761e+25,0.1417629103448852,10000.0
267.1476630053833,1.524035759480196e+25,0.1411336851757061,10000.0
267.6476630053833,1.5172857734120758e+25,0.1405086011494603,10000.0
268.1476630053833,1.5105801322391751e+25,0.13988762369252697,10000.0
268.6476630053833,1.5039184665248242e+25,0.13927071859313767,10000.0
269.1476630053833,1.4973004104675946e+25,0.13865785197616617,10000.0
269.6476630053833,1.49072560199678e+25,0.13804899031197068,10000.0
270.1476630053833,1.4841936827021155e+25,0.1374441004098855,10000.0
270.6476630053833,1.4777042977500835e+25,0.13684314941047035,10000.0
271.1476630053833,1.471257095840695e+25,0.13624610478150823,10000.0
271.6476630053833,1.4648517292558452e+25,0.13565293432248338,10000.0
272.1476630053833,1.458487853719919e+25,0.13506360615167254,10000.0
272.6476630053833,1.452165128393958e+25,0.13447808870560485,10000.0
273.1476630053833,1.445883215835448e+25,0.13389635073533804,10000.0
273.6476630053833,1.4396417819585234e+25,0.13331836130277294,10000.0
274.1476630053833,1.433440495994705e+25,0.13274408977701782,10000.0
274.6476630053833,1.4272790304541767e+25,0.13217350583080223,10000.0
275.1476630053833,1.4211570610727442e+25,0.13160657943556522,10000.0
275.6476630053833,1.4150742667971014e+25,0.13104328086009087,10000.0
276.1476630053833,1.4090303297612283e+25,0.13048358066832264,10000.0
276.6476630053833,1.4030249352130385e+25,0.12992744971257053,10000.0
277.1476630053833,1.3970577714458311e+25,0.12937485912716315,10000.0
277.6476630053833,1.3911285298894489e+25,0.12882578033688952,10000.0
278.1476630053833,1.3852369049442154e+25,0.12828018504162064,10000.0
278.6476630053833,1.379382593997041e+25,0.12773804521780116,10000.0
279.1476630053833,1.3735652974134327e+25,0.12719933311770926,10000.0
279.6476630053833,1.3677847184528978e+25,0.12666402126162285,10000.0
280.1476630053833,1.3620405632587028e+25,0.12613208243687085,10000.0
280.6476630053833,1.356332540862002e+25,0.1256034896982158,10000.0
281.1476630053833,1.3506603630563923e+25,0.12507821635623687,10000.0
281.6476630053833,1.345023744458446e+25,0.12455623598293553,10000.0
282.1476630053833,1.3394224024474874e+25,0.12403752240615849,10000.0
282.6476630053833,1.3338560571096734e+25,0.12352204970441936,10000.0
283.1476630053833,1.3283244312252812e+25,0.12300979220572138,10000.0
283.6476630053833,1.3228272502382345e+25,0.1225007244847354,10000.0
284.1476630053833,1.3173642422259994e+25,0.12199482136001205,10000.0
284.6476630053833,1.311935137869891e+25,0.12149205789123202,10000.0
285.1476630053833,1.3065396704257568e+25,0.1209924093764912,10000.0
285.6476630053833,1.3011775756950358e+25,0.12049585134962049,10000.0
286.1476630053833,1.295848591996203e+25,0.12000235957754155,10000.0
286.6476630053833,1.2905524601365714e+25,0.11951191005765549,10000.0
287.1476630053833,1.285288923384462e+25,0.11902447901526554,10000.0
287.6476630053833,1.2800577274417257e+25,0.11854004290103264,10000.0
288.1476630053833,1.2748586203872074e+25,0.11805857838573974,10000.0
288.6476630053833,1.269691352722773e+25,0.11758006236455425,10000.0
289.1476630053833,1.264555677300032e+25,0.11710447195024208,10000.0
289.6476630053833,1.2594513492437366e+25,0.11663178446607411,10000.0
290.1476630053833,1.2543781260505959e+25,0.11616197745497679,10000.0
290.6476630053833,1.24933576744372e+25,0.115695028666053,10000.0
291.1476630053833,1.2443240354182375e+25,0.11523091605880638,10000.0
291.6476630053833,1.239342694182e+25,0.11476961779765028,10000.0
292.1476630053833,1.2343915101712021e+25,0.11431111225335434,10000.0
292.6476630053833,1.2294702519394002e+25,0.11385537799276693,10000.0
293.1476630053833,1.2245786902728647e+25,0.11340239378949743,10000.0
293.6476630053833,1.2197165980397609e+25,0.11295213860994957,10000.0
294.1476630053833,1.2148837501909975e+25,0.11250459161340003,10000.0
294.6476630053833,1.2100799238229684e+25,0.11205973215780862,10000.0
295.1476630053833,1.2053048980587202e+25,0.11161753978881386,10000.0
295.6476630053833,1.2005584540602187e+25,0.11117799424086877,10000.0
296.1476630053833,1.1958403750062304e+25,0.11074107543519271,10000.0
296.6476630053833,1.1911504460704584e+25,0.11030676347774664,10000.0
297.1476630053833,1.1864884543999723e+25,0.1098750386572355,10000.0
297.6476630053833,1.1818541890938891e+25,0.10944588144313408,10000.0
298.1476630053833,1.1772474411823258e+25,0.10901927248373791,10000.0
298.6476630053833,1.1726680036056163e+25,0.10859519260423851,10000.0
299.1476630053833,1.1681156711937734e+25,0.10817362280482165,10000.0
299.6476630053833,1.1635902406462206e+25,0.10775454425879023,10000.0
300.1476630053833,1.1590915105117623e+25,0.10733793831070955,10000.0
300.6476630053833,1.154619281168803e+25,0.10692378647457544,10000.0
301.1476630053833,1.150173354788452e+25,0.10651207043039758,10000.0
301.6476630053833,1.1457535353483204e+25,0.10610277202547709,10000.0
302.1476630053833,1.1413596286143845e+25,0.10569587327272721,10000.0
302.6476630053833,1.136991442073411e+25,0.10529135634441525,10000.0
303.1476630053833,1.1326487849493177e+25,0.10488920357367786,10000.0
303.6476630053833,1.12833146822383e+25,0.10448939745643387,10000.0
304.1476630053833,1.1240393044945935e+25,0.10409192063824473,10000.0
304.6476630053833,1.1197721081418554e+25,0.10369675592975018,10000.0
305.1476630053833,1.1155296951023814e+25,0.10330388628573169,10000.0
305.6476630053833,1.111311883057036e+25,0.1029132948224834,10000.0
306.1476630053833,1.1071184912227569e+25,0.10252496479854789,10000.0
306.6476630053833,1.102949340497052e+25,0.10213887962809731,10000.0
307.1476630053833,1.0988042533471102e+25,0.10175502287066447,10000.0
307.6476630053833,1.094683053774499e+25,0.1013733782278737,10000.0
308.1476630053833,1.0905855674129643e+25,0.1009939295524976,10000.0
308.6476630053833,1.086511621402617e+25,0.100616660836806,10000.0
309.1476630053833,1.0824610444117139e+25,0.10024155621458304,10000.0
309.6476630053833,1.0784336666065726e+25,0.0998685999583412,10000.0
310.1476630053833,1.074429319678503e+25,0.09949777648181513,10000.0
310.6476630053833,1.0704478367896522e+25,0.09912907033494678,10000.0
311.1476630053833,1.0664890525639935e+25,0.09876246620305079,10000.0
311.6476630053833,1.0625528030761337e+25,0.09839794890577813,10000.0
312.1476630053833,1.058638925836357e+25,0.09803550339573089,10000.0
312.6476630053833,1.0547472597758382e+25,0.0976751147570932,10000.0
313.1476630053833,1.050877645232037e+25,0.09731676820427844,10000.0
313.6476630053833,1.0470299239342617e+25,0.09696044908059244,10000.0
314.1476630053833,1.043203938989404e+25,0.09660614285691256,10000.0
314.6476630053833,1.0393995348613435e+25,0.09625383512978024,10000.0
315.1476630053833,1.0356165573619667e+25,0.09590351162056945,10000.0
315.6476630053833,1.031854853658312e+25,0.09555515817614835,10000.0
316.1476630053833,1.0281142722283314e+25,0.09520876076478245,10000.0
316.6476630053833,1.0243946628568682e+25,0.09486430547576237,10000.0
317.1476630053833,1.0206958765956843e+25,0.09452177851570193,10000.0
317.6476630053833,1.0170177658384123e+25,0.09418116621547921,10000.0
318.1476630053833,1.0133601842125484e+25,0.09384245502023458,10000.0
318.6476630053833,1.009722986577672e+25,0.09350563148920565,10000.0
319.1476630053833,1.0061060291020831e+25,0.09317068230282449,10000.0
319.6476630053833,1.0025091691117148e+25,0.09283759424872602,10000.0
320.1476630053833,9.989322652177256e+24,0.09250635423356378,10000.0
320.6476630053833,9.953751771789927e+24,0.09217694927027602,10000.0
321.1476630053833,9.918377660072339e+24,0.09184936648782063,10000.0
321.6476630053833,9.883198938269332e+24,0.09152359311820346,10000.0
322.1476630053833,9.848214240101e+24,0.09119961650895772,10000.0
322.6476630053833,9.813422210267401e+24,0.09087742410929686,10000.0
323.1476630053833,9.778821505189599e+24,0.09055700347697695,10000.0
323.6476630053833,9.744410792770487e+24,0.09023834227608182,10000.0
324.1476630053833,9.710188751919263e+24,0.08992142827261947,10000.0
324.6476630053833,9.676154072657042e+24,0.08960624933549999,10000.0
325.1476630053833,9.642305456328759e+24,0.08929279343849802,10000.0
325.6476630053833,9.608641614998038e+24,0.0889810486546489,10000.0
326.1476630053833,9.57516127153903e+24,0.08867100315709905,10000.0
326.6476630053833,9.541863159529615e+24,0.08836264521811701,10000.0
327.1476630053833,9.508746023087026e+24,0.08805596320757131,10000.0
327.6476630053833,9.475808616934954e+24,0.08775094559355179,10000.0
328.1476630053833,9.443049706168379e+24,0.08744758094019184,10000.0
328.6476630053833,9.410468066137052e+24,0.08714585790658941,10000.0
329.1476630053833,9.378062482378989e+24,0.08684576524619113,10000.0
329.6476630053833,9.345831750520781e+24,0.08654729180586905,10000.0
330.1476630053833,9.31377467617903e+24,0.08625042652500807,10000.0
330.6476630053833,9.281890074796551e+24,0.08595515843398882,10000.0
331.1476630053833,9.250176771687937e+24,0.08566147665460988,10000.0
331.6476630053833,9.218633601891959e+24,0.08536937039872072,10000.0
332.1476630053833,9.187259410022487e+24,0.08507882896684131,10000.0
332.6476630053833,9.156053050207097e+24,0.08478984174759342,10000.0
333.1476630053833,9.125013385994957e+24,0.08450239821684781,10000.0
333.6476630053833,9.094139290029594e+24,0.08421648793469365,10000.0
334.1476630053833,9.063429644630386e+24,0.08393210055082363,10000.0
334.6476630053833,9.032883341083046e+24,0.08364922579796336,10000.0
335.1476630053833,9.002499279532677e+24,0.08336785349088102,10000.0
335.6476630053833,8.972276369326745e+24,0.08308797352956356,10000.0
336.1476630053833,8.942213528799316e+24,0.08280957589721843,10000.0
336.6476630053833,8.912309684592138e+24,0.0825326506539867,10000.0
337.1476630053833,8.882563772750618e+24,0.08225718794709214,10000.0
337.6476630053833,8.852974737372015e+24,0.0819831779983229,10000.0
338.1476630053833,8.823541531507466e+24,0.08171061111238474,10000.0
338.6476630053833,8.794263116374935e+24,0.08143947766961253,10000.0
339.1476630053833,8.765138461897531e+24,0.0811697681309553,10000.0
339.6476630053833,8.736166545901977e+24,0.08090147303055371,10000.0
340.1476630053833,8.707346354973074e+24,0.0806345829836528,10000.0
340.6476630053833,8.678676883280695e+24,0.08036908867573932,10000.0
341.1476630053833,8.650157133530469e+24,0.08010498087134559,10000.0
341.6476630053833,8.621786116308324e+24,0.07984225040797965,10000.0
342.1476630053833,8.593562849836081e+24,0.07958088819386192,10000.0
342.6476630053833,8.565486360596545e+24,0.07932088521371378,10000.0
343.1476630053833,8.537555682706089e+24,0.07906223252294751,10000.0
343.6476630053833,8.509769857941614e+24,0.07880492124791587,10000.0
344.1476630053833,8.482127935565769e+24,0.07854894258429354,10000.0
344.6476630053833,8.454628972703373e+24,0.07829428780056304,10000.0
345.1476630053833,8.427272033842351e+24,0.07804094823339307,10000.0
345.6476630053833,8.40005619087166e+24,0.07778891528798981,10000.0
346.1476630053833,8.372980523033391e+24,0.07753818043765326,10000.0
346.6476630053833,8.346044116854302e+24,0.07728873522314324,10000.0
347.1476630053833,8.319246066077993e+24,0.07704057125205138,10000.0
347.6476630053833,8.292585471597972e+24,0.07679368019818111,10000.0
348.1476630053833,8.266061441391257e+24,0.07654805380093291,10000.0
348.6476630053833,8.239673090452799e+24,0.07630368386469699,10000.0
349.1476630053833,8.213419540730606e+24,0.0760605622582525,10000.0
349.6476630053833,8.187299921061442e+24,0.07581868091417207,10000.0
350.1476630053833,8.161313367107343e+24,0.07557803182823396,10000.0
350.6476630053833,8.135459021292779e+24,0.07533860705884002,10000.0
351.1476630053833,8.109736032742389e+24,0.07510039872643925,10000.0
351.6476630053833,8.084143557219477e+24,0.07486339901295816,10000.0
352.1476630053833,8.058680757063487e+24,0.07462760016122169,10000.0
352.6476630053833,8.033346800962597e+24,0.07439299447284745,10000.0
353.1476630053833,8.008140864387693e+24,0.07415957431226441,10000.0
353.6476630053833,7.983062129054418e+24,0.07392733210173136,10000.0
354.1476630053833,7.958109783018972e+24,0.07369626032222383,10000.0
354.6476630053833,7.933283020385344e+24,0.07346635151072313,10000.0
355.1476630053833,7.908581041926062e+24,0.07323759826596474,10000.0
355.6476630053833,7.884003054385526e+24,0.07300999324198672,10000.0
356.1476630053833,7.859548270340714e+24,0.07278352914683993,10000.0
356.6476630053833,7.835215908923378e+24,0.07255819874927581,10000.0
357.1476630053833,7.811005194950851e+24,0.07233399487069733,10000.0
357.6476630053833,7.786915359168514e+24,0.0721109103874042,10000.0
358.1476630053833,7.762945638503727e+24,0.07188893823294457,10000.0
358.6476630053833,7.739095275246986e+24,0.07166807139053194,10000.0
359.1476630053833,7.715363518079071e+24,0.07144830290255727,10000.0
359.6476630053833,7.691749620767338e+24,0.07122962585851586,10000.0
360.1476630053833,7.668252843397818e+24,0.0710120334064172,10000.0
360.6476630053833,7.644872451146815e+24,0.0707955187414094,10000.0
361.1476630053833,7.621607715165728e+24,0.07058007511397307,10000.0
361.6476630053833,7.598457911972099e+24,0.07036569582428216,10000.0
362.1476630053833,7.575422323450882e+24,0.0701523742222156,10000.0
362.6476630053833,7.552500237251263e+24,0.06994010371103214,10000.0
363.1476630053833,7.529690946094524e+24,0.06972887774096077,10000.0
363.6476630053833,7.506993748123076e+24,0.06951868981243307,10000.0
364.1476630053833,7.484407946936796e+24,0.0693095334764195,10000.0
364.6476630053833,7.461932851239789e+24,0.06910140233115837,10000.0
365.1476630053833,7.4395677747825e+24,0.06889429002161976,10000.0
365.6476630053833,7.417312036770581e+24,0.06868819024329183,10000.0
366.1476630053833,7.395164961393795e+24,0.06848309673781817,10000.0
366.6476630053833,7.373125877882152e+24,0.06827900329351774,10000.0
367.1476630053833,7.351194120484537e+24,0.06807590374518689,10000.0
367.6476630053833,7.329369028373048e+24,0.0678737919732135,10000.0
368.1476630053833,7.307649945724316e+24,0.06767266190433002,10000.0
368.6476630053833,7.286036221626022e+24,0.06747250751074783,10000.0
369.1476630053833,7.264527209965364e+24,0.06727332280912435,10000.0
369.6476630053833,7.24312226943212e+24,0.06707510186059136,10000.0
370.1476630053833,7.221820763476668e+24,0.06687783877036632,10000.0
370.6476630053833,7.20062206026846e+24,0.06668152768736779,10000.0
371.1476630053833,7.179525532654873e+24,0.06648616280383435,10000.0
371.6476630053833,7.158530558120515e+24,0.06629173835494775,10000.0
372.1476630053833,7.1376365187469e+24,0.06609824861845952,10000.0
372.6476630053833,7.116842801172552e+24,0.06590568791432148,10000.0
373.1476630053833,7.0961487965535e+24,0.06571405060431991,10000.0
373.6476630053833,7.075553900524157e+24,0.06552333109171325,10000.0
374.1476630053833,7.055057513104226e+24,0.06533352382037007,10000.0
374.6476630053833,7.034659038771722e+24,0.06514462327544517,10000.0
375.1476630053833,7.014357886404166e+24,0.06495662398283514,10000.0
375.6476630053833,6.994153469166275e+24,0.06476952050813822,10000.0
376.1476630053833,6.974045204511375e+24,0.0645833074566674,10000.0
376.6476630053833,6.954032514123568e+24,0.06439797947291491,10000.0
377.1476630053833,6.934114823793187e+24,0.0642135312393988,10000.0
377.6476630053833,6.914291563758442e+24,0.06402995747982677,10000.0
378.1476630053833,6.89456216826226e+24,0.06384725295499234,10000.0
378.6476630053833,6.874926075558598e+24,0.06366541246283322,10000.0
379.1476630053833,6.855382728043675e+24,0.06348443083964668,10000.0
379.6476630053833,6.83593157229263e+24,0.06330430296042895,10000.0
380.1476630053833,6.816572058651893e+24,0.06312502373510037,10000.0
380.6476630053833,6.79730364153852e+24,0.06294658811127744,10000.0
381.1476630053833,6.778125779451458e+24,0.0627689910743771,10000.0
381.6476630053833,6.759037934409741e+24,0.06259222764241412,10000.0
382.1476630053833,6.740039572776313e+24,0.06241629287363015,10000.0
382.6476630053833,6.721130164373187e+24,0.06224118185829965,10000.0
383.1476630053833,6.702309183041311e+24,0.06206688972391451,10000.0
383.6476630053833,6.683576106293363e+24,0.06189341163196875,10000.0
384.1476630053833,6.664930415420642e+24,0.06172074277894843,10000.0
384.6476630053833,6.646371595399921e+24,0.06154887839546898,10000.0
385.1476630053833,6.627899134944923e+24,0.06137781374675196,10000.0
385.6476630053833,6.609512526275066e+24,0.061207544130483536,10000.0
386.1476630053833,6.591211265498393e+24,0.06103806488036054,10000.0
386.6476630053833,6.572994851860525e+24,0.06086937135913541,10000.0
387.1476630053833,6.554862788688834e+24,0.06070145896735975,10000.0
387.6476630053833,6.536814582483564e+24,0.06053432313496763,10000.0
388.1476630053833,6.518849743278642e+24,0.06036795932461686,10000.0
388.6476630053833,6.500967784771772e+24,0.06020236303289373,10000.0
389.1476630053833,6.483168223888565e+24,0.060037529786276654,10000.0
389.6476630053833,6.465450580978442e+24,0.059873455142950324,10000.0
390.1476630053833,6.447814379955613e+24,0.059710134694111225,10000.0
390.6476630053833,6.430259147959042e+24,0.059547564060818764,10000.0
391.1476630053833,6.41278441536197e+24,0.05938573889408344,10000.0
391.6476630053833,6.395389715979086e+24,0.05922465487678536,10000.0
392.1476630053833,6.378074586902758e+24,0.059064307722157657,10000.0
392.6476630053833,6.360838568415367e+24,0.05890469317297465,10000.0
393.1476630053833,6.343681204017662e+24,0.05874580700181445,10000.0
393.6476630053833,6.326602040365227e+24,0.058587645010470535,10000.0
394.1476630053833,6.309600627310332e+24,0.05843020303033943,10000.0
394.6476630053833,6.292676517905319e+24,0.058273476922451974,10000.0
395.1476630053833,6.27582926826206e+24,0.058117462576171855,10000.0
395.6476630053833,6.259058437580868e+24,0.05796215590946334,10000.0
396.1476630053833,6.242363588125272e+24,0.0578075528686577,10000.0
396.6476630053833,6.225744285196933e+24,0.05765364942822085,10000.0
397.1476630053833,6.209200097110953e+24,0.05750044159052479,10000.0
397.6476630053833,6.192730595171199e+24,0.057347925385619024,10000.0
398.1476630053833,6.176335353646094e+24,0.05719609687100641,10000.0
398.6476630053833,6.160013949744438e+24,0.057044952131419226,10000.0
399.1476630053833,6.143765963591574e+24,0.05689448727859847,10000.0
399.6476630053833,6.127590978205739e+24,0.05674469845107485,10000.0
400.1476630053833,6.111488579474615e+24,0.056595581813951634,10000.0
400.6476630053833,6.095458356132142e+24,0.05644713355868993,10000.0
401.1476630053833,6.079499899735488e+24,0.05629934990289541,10000.0
401.6476630053833,6.063612804642318e+24,0.05615222709010782,10000.0
402.1476630053833,6.047796667978636e+24,0.05600576138950318,10000.0
402.6476630053833,6.03205108956509e+24,0.05585994909521129,10000.0
403.1476630053833,6.016375672097283e+24,0.055714786527985595,10000.0
403.6476630053833,6.000770020911232e+24,0.055570270033031076,10000.0
404.1476630053833,5.98523374403265e+24,0.055426395980460806,10000.0
404.6476630053833,5.969766452155385e+24,0.05528316076509609,10000.0
405.1476630053833,5.95436775851662e+24,0.0551405608053109,10000.0
405.6476630053833,5.939037279146796e+24,0.05499859254534623,10000.0
406.1476630053833,5.923774632647993e+24,0.05485725245325778,10000.0
406.6476630053833,5.908579440175198e+24,0.054716537020742535,10000.0
407.1476630053833,5.89345132529029e+24,0.05457644276178651,10000.0
407.6476630053833,5.878389914390905e+24,0.05443696621663637,10000.0
408.1476630053833,5.863394836273429e+24,0.05429810394775242,10000.0
408.6476630053833,5.848465722076831e+24,0.054159852539288525,10000.0
409.1476630053833,5.833602205665536e+24,0.05402220860063768,10000.0
409.6476630053833,5.818803923318398e+24,0.05388516876355181,10000.0
410.1476630053833,5.804070513494793e+24,0.05374872967997555,10000.0
410.6476630053833,5.78940161750636e+24,0.053612888028267004,10000.0
411.1476630053833,5.774796878738184e+24,0.0534776405059855,10000.0
411.6476630053833,5.76025594308651e+24,0.05334298383394497,10000.0
412.1476630053833,5.745778458863142e+24,0.05320891475532874,10000.0
412.6476630053833,5.731364076543961e+24,0.05307543003336057,10000.0
413.1476630053833,5.717012449223746e+24,0.05294252645551663,10000.0
413.6476630053833,5.702723231952722e+24,0.05281020082738151,10000.0
414.1476630053833,5.688496082467932e+24,0.052678449979421164,10000.0
414.6476630053833,5.674330660388239e+24,0.05254727075952816,10000.0
415.1476630053833,5.660226627955243e+24,0.052416660039883024,10000.0
415.6476630053833,5.646183649350391e+24,0.05228661471063023,10000.0
416.1476630053833,5.632201391185074e+24,0.05215713168441683,10000.0
416.6476630053833,5.618279522196891e+24,0.05202820789357968,10000.0
417.1476630053833,5.604417713235096e+24,0.05189984029001066,10000.0
417.6476630053833,5.590615637539806e+24,0.05177202584774227,10000.0
418.1476630053833,5.57687297020975e+24,0.051644761558018774,10000.0
418.6476630053833,5.563189388739369e+24,0.051518044434269945,10000.0
419.1476630053833,5.549564572682567e+24,0.05139187150899729,10000.0
419.6476630053833,5.535998203498576e+24,0.05126623983234661,10000.0
420.1476630053833,5.522489965035967e+24,0.051141146476590287,10000.0
420.6476630053833,5.509039543086265e+24,0.05101658853199343,10000.0
421.1476630053833,5.495646625390789e+24,0.05089256310687728,10000.0
421.6476630053833,5.48231090187036e+24,0.05076906732974641,10000.0
422.1476630053833,5.469032064479176e+24,0.05064609834793551,10000.0
422.6476630053833,5.455809807127966e+24,0.050523653326897795,10000.0
423.1476630053833,5.442643825643744e+24,0.050401729449832254,10000.0
423.6476630053833,5.429533817962728e+24,0.05028032391947026,10000.0
424.1476630053833,5.416479483970269e+24,0.050159433956593086,10000.0
424.6476630053833,5.403480525465512e+24,0.05003905679970484,10000.0
425.1476630053833,5.390536646182208e+24,0.04991918970522505,10000.0
425.6476630053833,5.377647551746228e+24,0.049799829947095225,10000.0
426.1476630053833,5.36481294970238e+24,0.04968097481702729,10000.0
426.6476630053833,5.352032549549345e+24,0.04956262162482705,10000.0
427.1476630053833,5.339306062612923e+24,0.04944476769722038,10000.0
427.6476630053833,5.326633202081036e+24,0.04932741037817735,10000.0
428.1476630053833,5.314013682989592e+24,0.04921054702878139,10000.0
428.6476630053833,5.301447222208519e+24,0.0490941750270999,10000.0
429.1476630053833,5.28893353842785e+24,0.0489782917680554,10000.0
429.6476630053833,5.276472352144014e+24,0.04886289466329858,10000.0
430.1476630053833,5.264063385646169e+24,0.048747981141081746,10000.0
430.6476630053833,5.251706363002706e+24,0.04863354864613383,10000.0
431.1476630053833,5.239401010047845e+24,0.04851959463953626,10000.0
431.6476630053833,5.227147054368364e+24,0.048406116598600085,10000.0
432.1476630053833,5.214944225290396e+24,0.04829311201674367,10000.0
432.6476630053833,5.202792253866426e+24,0.0481805784033723,10000.0
433.1476630053833,5.19069087286231e+24,0.04806851328375801,10000.0
433.6476630053833,5.178639816744463e+24,0.04795691419892085,10000.0
434.1476630053833,5.166638821667145e+24,0.047845778705511224,10000.0
434.6476630053833,5.154687625459838e+24,0.04773510437569298,10000.0
435.1476630053833,5.142785967614748e+24,0.04762488879702763,10000.0
435.6476630053833,5.130933589274415e+24,0.04751512957235966,10000.0
436.1476630053833,5.119130233219435e+24,0.04740582431970283,10000.0
436.6476630053833,5.107375643827349e+24,0.047296970671859416,10000.0
437.1476630053833,5.09566956710144e+24,0.047188566276686925,10000.0
437.6476630053833,5.084011750703912e+24,0.04708060879740533,10000.0
438.1476630053833,5.072401943846811e+24,0.04697309591158697,10000.0
438.6476630053833,5.060839897320334e+24,0.04686602531141869,10000.0
439.1476630053833,5.049325363481168e+24,0.04675939470359383,10000.0
439.6476630053833,5.037858096143966e+24,0.04665320180830729,10000.0
440.1476630053833,5.026437850848571e+24,0.0465474443617301,10000.0
440.6476630053833,5.015064384588987e+24,0.04644212011349959,10000.0
441.1476630053833,5.00373745587318e+24,0.04633722682727317,10000.0
441.6476630053833,4.992456824612635e+24,0.04623276227970561,10000.0
442.1476630053833,4.981222252404446e+24,0.04612872426306123,10000.0
442.6476630053833,4.97003350227221e+24,0.04602511058281456,10000.0
443.1476630053833,4.958890338636496e+24,0.045921919057376824,10000.0
443.6476630053833,4.947792527415461e+24,0.04581914751902768,10000.0
444.1476630053833,4.936739836092942e+24,0.045716793814545784,10000.0
444.6476630053833,4.92573203344948e+24,0.04561485580271799,10000.0
445.1476630053833,4.914768889731917e+24,0.045513331355909854,10000.0
445.6476630053833,4.903850176736261e+24,0.04541221836083299,10000.0
446.1476630053833,4.892975667458191e+24,0.04531151471530863,10000.0
446.6476630053833,4.882145136479624e+24,0.04521121833184738,10000.0
447.1476630053833,4.87135835972877e+24,0.045111327135427225,10000.0
447.6476630053833,4.860615114384111e+24,0.04501183906260435,10000.0
448.1476630053833,4.849915179259463e+24,0.044912752065078936,10000.0
448.6476630053833,4.839258334211734e+24,0.04481406410421078,10000.0
449.1476630053833,4.828644360765124e+24,0.04471577315679968,10000.0
449.6476630053833,4.818073041527522e+24,0.044617877209680926,10000.0
450.1476630053833,4.807544160630015e+24,0.044520374263795445,10000.0
450.6476630053833,4.7970575033853197e+24,0.04442326233102668,10000.0
451.1476630053833,4.7866128565359424e+24,0.044326539436498655,10000.0
451.6476630053833,4.776210008018805e+24,0.04423020361639632,10000.0
452.1476630053833,4.7658487471919783e+24,0.044134252920065176,10000.0
452.6476630053833,4.755528864537565e+24,0.04403868540725991,10000.0
453.1476630053833,4.74525015203305e+24,0.04394349915158317,10000.0
453.6476630053833,4.7350124026282215e+24,0.04384869223564166,10000.0
454.1476630053833,4.724815410871434e+24,0.043754262756845665,10000.0
454.6476630053833,4.714658972260427e+24,0.043660208821397255,10000.0
455.1476630053833,4.704542883730519e+24,0.04356652854881122,10000.0
455.6476630053833,4.694466943397734e+24,0.04347322006953633,10000.0
456.1476630053833,4.6844309504757214e+24,0.043380281524185924,10000.0
456.6476630053833,4.674434705628818e+24,0.04328771106680746,10000.0
457.1476630053833,4.664478010529794e+24,0.043195506860787033,10000.0
457.6476630053833,4.6545606680947217e+24,0.043103667081024345,10000.0
458.1476630053833,4.644682482528964e+24,0.04301218991435862,10000.0
458.6476630053833,4.6348432590808483e+24,0.04292107355728749,10000.0
459.1476630053833,4.62504280420418e+24,0.04283031621747191,10000.0
459.6476630053833,4.6152809256138875e+24,0.04273991611425152,10000.0
460.1476630053833,4.605557432100944e+24,0.042649871476930674,10000.0
460.6476630053833,4.5958721334971125e+24,0.04256018054445203,10000.0
461.1476630053833,4.586224840995696e+24,0.042470841568366766,10000.0
461.6476630053833,4.5766153668066147e+24,0.0423818528096405,10000.0
462.1476630053833,4.567043524258145e+24,0.04229321253959539,10000.0
462.6476630053833,4.5575091277174594e+24,0.04220491903917435,10000.0
463.1476630053833,4.548011992831656e+24,0.04211697060117305,10000.0
463.6476630053833,4.5385519362563167e+24,0.04202936552772624,10000.0
464.1476630053833,4.5291287757390336e+24,0.041942102131081266,10000.0
464.6476630053833,4.51974233010364e+24,0.04185517873345205,10000.0
465.1476630053833,4.510392419207693e+24,0.0417685936666253,10000.0
465.6476630053833,4.5010788640932585e+24,0.04168234527335692,10000.0
466.1476630053833,4.4918014868000727e+24,0.041596431905641766,10000.0
466.6476630053833,4.4825601104222795e+24,0.04151085192523904,10000.0
467.1476630053833,4.473354559101057e+24,0.04142560370360404,10000.0
467.6476630053833,4.464184658017377e+24,0.04134068562182111,10000.0
468.1476630053833,4.4550502333847524e+24,0.04125609607053646,10000.0
468.6476630053833,4.4459511124187994e+24,0.041171833449676266,10000.0
469.1476630053833,4.436887123391634e+24,0.0410878961689505,10000.0
469.6476630053833,4.4278580955843517e+24,0.041004282647412765,10000.0
470.1476630053833,4.418863859269519e+24,0.040920991313298245,10000.0
470.6476630053833,4.4099042457169616e+24,0.04083802060407722,10000.0
471.1476630053833,4.400979087186909e+24,0.040755368966391675,10000.0
471.6476630053833,4.392088216923151e+24,0.04067303485599185,10000.0
472.1476630053833,4.3832314691462705e+24,0.0405910167376736,10000.0
472.6476630053833,4.374408679046892e+24,0.04050931308521589,10000.0
473.1476630053833,4.365619682779043e+24,0.04042792238131927,10000.0
473.6476630053833,4.356864317453512e+24,0.04034684311754444,10000.0
474.1476630053833,4.3481424211312983e+24,0.040266073794251504,10000.0
474.6476630053833,4.339453832817097e+24,0.040185612920539716,10000.0
475.1476630053833,4.3307983924528234e+24,0.040105459014187474,10000.0
475.6476630053833,4.322175940911216e+24,0.04002561060159307,10000.0
476.1476630053833,4.3135863199894683e+24,0.039946066217715744,10000.0
476.6476630053833,4.3050293724029134e+24,0.039866824406017194,10000.0
477.1476630053833,4.2965049417737914e+24,0.03978788371835754,10000.0
477.6476630053833,4.288012872608139e+24,0.03970924271478134,10000.0
478.1476630053833,4.279553010366547e+24,0.03963089996417279,10000.0
478.6476630053833,4.271125201374837e+24,0.039552854043428606,10000.0
479.1476630053833,4.262729292846144e+24,0.03947510353766247,10000.0
479.6476630053833,4.2543651328749164e+24,0.0393976470401495,10000.0
480.1476630053833,4.2460325704309205e+24,0.03932048315227072,10000.0
480.6476630053833,4.2377314553533257e+24,0.039243610483458265,10000.0
481.1476630053833,4.2294616383126103e+24,0.039167027650842644,10000.0
481.6476630053833,4.2212229708678166e+24,0.03909073327978291,10000.0
482.1476630053833,4.2130153054614137e+24,0.039014726003819125,10000.0
482.6476630053833,4.204838495351847e+24,0.03893900446404773,10000.0
483.1476630053833,4.196692394638001e+24,0.03886356730934805,10000.0
483.6476630053833,4.188576858221629e+24,0.038788413196034405,10000.0
484.1476630053833,4.1804917418465357e+24,0.038713540788218946,10000.0
484.6476630053833,4.172436902147023e+24,0.038638948758260315,10000.0
485.1476630053833,4.164412196527657e+24,0.03856463578565016,10000.0
485.6476630053833,4.1564174831813374e+24,0.03849060055718057,10000.0
486.1476630053833,4.1484526210848214e+24,0.038416841766902514,10000.0
486.6476630053833,4.140517470133036e+24,0.03834335811736971,10000.0
487.1476630053833,4.1326118909485014e+24,0.03827014831787379,10000.0
487.6476630053833,4.124735744872274e+24,0.03819721108436036,10000.0
488.1476630053833,4.1168888941400365e+24,0.038124545141059785,10000.0
488.6476630053833,4.109071201765134e+24,0.03805214921940397,10000.0
489.1476630053833,4.101282531446746e+24,0.03798002205717598,10000.0
489.6476630053833,4.093522747704704e+24,0.037908162399758596,10000.0
490.1476630053833,4.085791715888871e+24,0.03783656900022109,10000.0
490.6476630053833,4.0780893019796e+24,0.037765240617471406,10000.0
491.1476630053833,4.0704153727961927e+24,0.03769417601818661,10000.0
491.6476630053833,4.0627697959484653e+24,0.03762337397636432,10000.0
492.1476630053833,4.0551524396230605e+24,0.037552833271343886,10000.0
492.6476630053833,4.0475631729531446e+24,0.03748255269122996,10000.0
493.1476630053833,4.040001865689322e+24,0.037412531029844986,10000.0
493.6476630053833,4.0324683882855065e+24,0.03734276708752443,10000.0
494.1476630053833,4.0249626120683213e+24,0.0372732596726855,10000.0
494.6476630053833,4.017484408854117e+24,0.037204007598280533,10000.0
495.1476630053833,4.0100336514345033e+24,0.03713500968629329,10000.0
495.6476630053833,4.0026102131011144e+24,0.037066264763338,10000.0
496.1476630053833,3.9952139679844485e+24,0.03699777166379722,10000.0
496.6476630053833,3.9878447908510486e+24,0.03692952922794361,10000.0
497.1476630053833,3.980502557177808e+24,0.03686153630262806,10000.0
497.6476630053833,3.973187143161992e+24,0.03679379174137247,10000.0
498.1476630053833,3.9658984256341495e+24,0.03672629440356329,10000.0
498.6476630053833,3.958636282178902e+24,0.036659043155570045,10000.0
499.1476630053833,3.951400590987431e+24,0.03659203686937936,10000.0
499.6476630053833,3.944191230989157e+24,0.03652527442381431,10000.0
500.1476630053833,3.937008081742619e+24,0.03645875470352398,10000.0
500.6476630053833,3.9298510234802524e+24,0.036392476599398024,10000.0
501.1476630053833,3.922719937134463e+24,0.03632643900880824,10000.0
501.6476630053833,3.91561470419967e+24,0.03626064083433095,10000.0
502.1476630053833,3.9085352069873237e+24,0.036195080986108595,10000.0
502.6476630053833,3.901481328216757e+24,0.03612975837806085,10000.0
503.1476630053833,3.894452951527407e+24,0.03606467193262801,10000.0
503.6476630053833,3.8874499609867204e+24,0.03599982057621399,10000.0
504.1476630053833,3.880472241395188e+24,0.03593520324201104,10000.0
504.6476630053833,3.8735196782166163e+24,0.0358708188693541,10000.0
505.1476630053833,3.866592157374149e+24,0.03580666640183179,10000.0
505.6476630053833,3.8596895656530623e+24,0.03574274479101654,10000.0
506.1476630053833,3.852811790302291e+24,0.035679052992774477,10000.0
506.6476630053833,3.845958719179838e+24,0.03561558996861204,10000.0
507.1476630053833,3.8391302408784744e+24,0.03555235468684002,10000.0
507.6476630053833,3.832326244478084e+24,0.035489346120280076,10000.0
508.1476630053833,3.8255466196841066e+24,0.035426563247546894,10000.0
508.6476630053833,3.8187912568874397e+24,0.035364005053602834,10000.0
509.1476630053833,3.812060046988778e+24,0.03530167052813124,10000.0
509.6476630053833,3.8053528814559155e+24,0.035239558666067115,10000.0
510.1476630053833,3.7986696524685124e+24,0.03517766846893768,10000.0
510.6476630053833,3.7920102527175725e+24,0.0351159989430055,10000.0
511.1476630053833,3.7853745754115107e+24,0.03505454909932462,10000.0
511.6476630053833,3.778762514448341e+24,0.03499331795533514,10000.0
512.1476630053834,3.772173964273638e+24,0.03493230453354784,10000.0
512.6476630053834,3.7656088198833664e+24,0.03487150786157043,10000.0
513.1476630053834,3.759066976777728e+24,0.034810926971680096,10000.0
513.6476630053834,3.752548331138897e+24,0.03475056090246945,10000.0
514.1476630053834,3.7460527796637355e+24,0.03469040869729739,10000.0
514.6476630053834,3.739580219595176e+24,0.034630469404579714,10000.0
515.1476630053834,3.733130548709235e+24,0.03457074207766885,10000.0
515.6476630053834,3.7267036653313914e+24,0.03451122577500552,10000.0
516.1476630053834,3.720299468395112e+24,0.034451919560660765,10000.0
516.6476630053834,3.713917857333961e+24,0.03439282250333676,10000.0
517.1476630053834,3.7075587321205255e+24,0.03433393367672734,10000.0
517.6476630053834,3.7012219932630645e+24,0.034275252159486916,10000.0
518.1476630053834,3.69490754177049e+24,0.03421677703490623,10000.0
518.6476630053834,3.6886152792321917e+24,0.034158507391651535,10000.0
519.1476630053834,3.682345107757668e+24,0.03410044232320557,10000.0
519.6476630053834,3.67609692996429e+24,0.034042580927754244,10000.0
520.1476630053834,3.6698706489884926e+24,0.03398492230829026,10000.0
520.6476630053834,3.66366616848248e+24,0.03392746557258263,10000.0
521.1476630053834,3.657483392611047e+24,0.033870209833147195,10000.0
521.6476630053834,3.6513222260483354e+24,0.033813154207216645,10000.0
522.1476630053834,3.645182573966129e+24,0.033756297816632086,10000.0
522.6476630053834,3.6390643420416405e+24,0.033699639787915146,10000.0
523.1476630053834,3.632967436475277e+24,0.03364317925243252,10000.0
523.6476630053834,3.626891763947016e+24,0.03358691534599199,10000.0
524.1476630053834,3.620837231630529e+24,0.03353084720897316,10000.0
524.6476630053834,3.614803747190089e+24,0.03347497398629891,10000.0
525.1476630053834,3.6087912187775506e+24,0.03341929482740735,10000.0
525.6476630053834,3.602799555029302e+24,0.03336380888622364,10000.0
526.1476630053834,3.596828665063276e+24,0.033308515321132263,10000.0
526.6476630053834,3.5908784584759506e+24,0.03325341329494934,10000.0
527.1476630053834,3.584948845339414e+24,0.03319850197489533,10000.0
527.6476630053834,3.5790397361984044e+24,0.03314378053256772,10000.0
528.1476630053834,3.5731510420673936e+24,0.03308924814391395,10000.0
528.6476630053834,3.5672826744277007e+24,0.03303490398920473,10000.0
529.1476630053834,3.5614345452246e+24,0.03298074725300724,10000.0
529.6476630053834,3.5556065668644686e+24,0.032926777124158674,10000.0
530.1476630053834,3.5497986522119523e+24,0.03287299279574008,10000.0
530.6476630053834,3.5440107145871507e+24,0.03281939346505023,10000.0
531.1476630053834,3.538242667762807e+24,0.0327659783335796,10000.0
531.6476630053834,3.5324944259615483e+24,0.03271274660698486,10000.0
532.1476630053834,3.5267659038531126e+24,0.03265969749506312,10000.0
532.6476630053834,3.521057016551621e+24,0.03260683021172672,10000.0
533.1476630053834,3.515367679591649e+24,0.032554143974781666,10000.0
533.6476630053834,3.5096978089840067e+24,0.03250163800644409,10000.0
534.1476630053834,3.504047321162848e+24,0.03244931153285054,10000.0
534.6476630053834,3.498416132992823e+24,0.03239716378412419,10000.0
535.1476630053834,3.492804161769561e+24,0.032345193994379295,10000.0
535.6476630053834,3.4872113252170363e+24,0.03229340140169679,10000.0
536.1476630053834,3.481637541484968e+24,0.03224178524810027,10000.0
536.6476630053834,3.476082729146228e+24,0.03219034477953192,10000.0
537.1476630053834,3.470546807181737e+24,0.03213907924571267,10000.0
537.6476630053834,3.465029694985577e+24,0.03208798790018955,10000.0
538.1476630053834,3.459531312412815e+24,0.03203707000077856,10000.0
538.6476630053834,3.4540515797034175e+24,0.03198632480886004,10000.0
539.1476630053834,3.448590417507842e+24,0.03193575158961571,10000.0
539.6476630053834,3.443147746884536e+24,0.03188534961200551,10000.0
540.1476630053834,3.437723489273286e+24,0.03183511814852074,10000.0
540.6476630053834,3.432317566535686e+24,0.03178505647555889,10000.0
541.1476630053834,3.426929900967394e+24,0.031735163873537094,10000.0
541.6476630053834,3.4215604152343794e+24,0.03168543962630177,10000.0
542.1476630053834,3.4162090323984724e+24,0.0316358830213652,10000.0
542.6476630053834,3.4108756758713274e+24,0.031586493349479244,10000.0
543.1476630053834,3.405560269523601e+24,0.03153726990564635,10000.0
543.6476630053834,3.4002627376081253e+24,0.03148821198840811,10000.0
544.1476630053834,3.3949830047464525e+24,0.03143931889972065,10000.0
544.6476630053834,3.3897209959034543e+24,0.031390589944719445,10000.0
545.1476630053834,3.384476636478175e+24,0.03134202443256059,10000.0
545.6476630053834,3.3792498522652494e+24,0.031293621676063595,10000.0
546.1476630053834,3.3740405694089366e+24,0.03124538099128564,10000.0
546.6476630053834,3.368848714360087e+24,0.031197301697123137,10000.0
547.1476630053834,3.3636742140707e+24,0.03114938311711337,10000.0
547.6476630053834,3.35851699581024e+24,0.031101624577733536,10000.0
548.1476630053834,3.3533769871662174e+24,0.031054025408406086,10000.0
548.6476630053834,3.34825411614058e+24,0.031006584942391387,10000.0
549.1476630053834,3.3431483111313643e+24,0.030959302516617798,10000.0
549.6476630053834,3.33805950082612e+24,0.03091217747069471,10000.0
550.1476630053834,3.332987614291108e+24,0.0308652091477386,10000.0
550.6476630053834,3.3279325810164256e+24,0.03081839689479087,10000.0
551.1476630053834,3.3228943307539037e+24,0.03077174006131672,10000.0
551.6476630053834,3.317872793647938e+24,0.030725238000416703,10000.0
552.1476630053834,3.3128679002450406e+24,0.030678890068915186,10000.0
552.6476630053834,3.307879581326456e+24,0.030632695625810277,10000.0
553.1476630053834,3.3029077681279443e+24,0.03058665403430914,10000.0
553.6476630053834,3.2979523922093707e+24,0.030540764660620313,10000.0
554.1476630053834,3.293013385372246e+24,0.0304950268731901,10000.0
554.6476630053834,3.2880906799315087e+24,0.03044944004521943,10000.0
555.1476630053834,3.2831842083925925e+24,0.0304040035516733,10000.0
555.6476630053834,3.2782939036704876e+24,0.030358716771309417,10000.0
556.1476630053834,3.2734196990278247e+24,0.03031357908610483,10000.0
556.6476630053834,3.268561527961605e+24,0.03026858988020697,10000.0
557.1476630053834,3.263719324460401e+24,0.03022374854231548,10000.0
557.6476630053834,3.258893022661068e+24,0.030179054462503185,10000.0
558.1476630053834,3.254082557194702e+24,0.030134507035419825,10000.0
558.6476630053834,3.24928786289205e+24,0.030090105657564033,10000.0
559.1476630053834,3.2445088749814557e+24,0.030045849729116367,10000.0
559.6476630053834,3.239745528983236e+24,0.03000173865296124,10000.0
560.1476630053834,3.23499776072929e+24,0.029957771834868457,10000.0
560.6476630053834,3.2302655064082587e+24,0.029913948683911448,10000.0
561.1476630053834,3.2255487024617494e+24,0.029870268611506243,10000.0
561.6476630053834,3.22084728572587e+24,0.029826731032722154,10000.0
562.1476630053834,3.216161193257924e+24,0.029783335364676877,10000.0
562.6476630053834,3.211490362520971e+24,0.029740081028245623,10000.0
563.1476630053834,3.206834731193841e+24,0.02969696744630176,10000.0
563.6476630053834,3.2021942373463866e+24,0.02965399404533971,10000.0
564.1476630053834,3.197568819284648e+24,0.02961116025404113,10000.0
564.6476630053834,3.1929584156654397e+24,0.029568465504336033,10000.0
565.1476630053834,3.1883629654275513e+24,0.02952590923076566,10000.0
565.6476630053834,3.18378240779527e+24,0.0294834908705151,10000.0
566.1476630053834,3.179216682345527e+24,0.02944120986403514,10000.0
566.6476630053834,3.174665728850916e+24,0.02939906565358848,10000.0
567.1476630053834,3.170129487522982e+24,0.029357057685502744,10000.0
567.6476630053834,3.1656078986901356e+24,0.029315185407187794,10000.0
568.1476630053834,3.1611009031493145e+24,0.029273448270392296,10000.0
568.6476630053834,3.156608441858942e+24,0.029231845728360357,10000.0
569.1476630053834,3.152130456116649e+24,0.029190377237477336,10000.0
569.6476630053834,3.1476668875378797e+24,0.029149042257071687,10000.0
570.1476630053834,3.143217677902913e+24,0.02910784024799834,10000.0
570.6476630053834,3.138782769443385e+24,0.029066770675292012,10000.0
571.1476630053834,3.1343621045412687e+24,0.02902583300537964,10000.0
571.6476630053834,3.129955625900897e+24,0.028985026707673358,10000.0
572.1476630053834,3.1255632765510583e+24,0.02894435125458994,10000.0
572.6476630053834,3.1211849996851184e+24,0.028903806120070236,10000.0
573.1476630053834,3.116820738889322e+24,0.02886339078169335,10000.0
573.6476630053834,3.1124704379892555e+24,0.028823104719254835,10000.0
574.1476630053834,3.108134040988937e+24,0.02878294741420258,10000.0
574.6476630053834,3.1038114923154034e+24,0.028742918351901892,10000.0
575.1476630053834,3.0995027365906033e+24,0.028703017019523026,10000.0
575.6476630053834,3.095207718628347e+24,0.028663242906012996,10000.0
576.1476630053834,3.090926383656383e+24,0.0286235955041521,10000.0
576.6476630053834,3.0866586770924645e+24,0.02858407430848017,10000.0
577.1476630053834,3.0824045445592756e+24,0.028544678815434807,10000.0
577.6476630053834,3.0781639320461465e+24,0.02850540852484896,10000.0
578.1476630053834,3.0739367857660223e+24,0.02846626293862635,10000.0
578.6476630053834,3.069723052149418e+24,0.028427241560685525,10000.0
579.1476630053834,3.065522677909124e+24,0.028388343897559034,10000.0
579.6476630053834,3.06133561005254e+24,0.028349569458507685,10000.0
580.1476630053834,3.0571617958060604e+24,0.028310917754820274,10000.0
580.6476630053834,3.0530011826012717e+24,0.02827238829968578,10000.0
581.1476630053834,3.04885371820668e+24,0.02823398060941325,10000.0
581.6476630053834,3.0447193506131836e+24,0.028195694202371186,10000.0
582.1476630053834,3.0405980280492495e+24,0.028157528599128113,10000.0
582.6476630053834,3.036489698946729e+24,0.028119483322135985,10000.0
583.1476630053834,3.0323943120631847e+24,0.028081557896863025,10000.0
583.6476630053834,3.028311816372715e+24,0.028043751850782683,10000.0
584.1476630053834,3.0242421610835484e+24,0.028006064713536588,10000.0
584.6476630053834,3.0201852956268016e+24,0.027968496016830418,10000.0
585.1476630053834,3.016141169684585e+24,0.027931045294694187,10000.0
585.6476630053834,3.0121097332136794e+24,0.027893712083701505,10000.0
586.1476630053834,3.008090936380349e+24,0.027856495922365908,10000.0
586.6476630053834,3.004084729587064e+24,0.027819396351388314,10000.0
587.1476630053834,3.0000910634581616e+24,0.027782412913524252,10000.0
587.6476630053834,2.996109888852287e+24,0.027745545153699078,10000.0
588.1476630053834,2.992141156899267e+24,0.027708792619349405,10000.0
588.6476630053834,2.9881848189332056e+24,0.027672154859803573,10000.0
589.1476630053834,2.984240826517908e+24,0.02763563142651708,10000.0
589.6476630053834,2.9803091314455943e+24,0.02759922187306067,10000.0
590.1476630053834,2.976389685728364e+24,0.027562925755041268,10000.0
590.6476630053834,2.972482441595842e+24,0.027526742630080207,10000.0
591.1476630053834,2.968587351542235e+24,0.027490672058248983,10000.0
591.6476630053834,2.9647043682608397e+24,0.02745471360146278,10000.0
592.1476630053834,2.9608334446671247e+24,0.027418866823694196,10000.0
592.6476630053834,2.956974533897516e+24,0.027383131290962023,10000.0
593.1476630053834,2.953127589308158e+24,0.027347506571319746,10000.0
593.6476630053834,2.949292564473703e+24,0.02731199223484436,10000.0
594.1476630053834,2.9454694131849733e+24,0.027276587853614705,10000.0
594.6476630053834,2.941658089432417e+24,0.02724129300155825,10000.0
595.1476630053834,2.937858547459143e+24,0.02720610725494225,10000.0
595.6476630053834,2.934070741701915e+24,0.027171030191827296,10000.0
596.1476630053834,2.9302946268100736e+24,0.027136061392242554,10000.0
596.6476630053834,2.9265301576443755e+24,0.027101200438175016,10000.0
597.1476630053834,2.922777289275819e+24,0.027066446913558615,10000.0
597.6476630053834,2.9190359769845336e+24,0.02703180040426395,10000.0
598.1476630053834,2.9153061762585803e+24,0.026997260498087185,10000.0
598.6476630053834,2.9115878427928675e+24,0.026962826784739987,10000.0
599.1476630053834,2.907880932487991e+24,0.026928498855838798,10000.0
599.6476630053834,2.9041854014491216e+24,0.026894276304894542,10000.0
600.1476630053834,2.900501205984889e+24,0.02686015872730226,10000.0
600.6476630053834,2.896828302606275e+24,0.02682614572033089,10000.0
601.1476630053834,2.8931666480255187e+24,0.026792236883113132,10000.0
601.6476630053834,2.889516199155007e+24,0.02675843181663513,10000.0
602.1476630053834,2.885876913106194e+24,0.02672473012372651,10000.0
602.6476630053834,2.8822487471885276e+24,0.026691131409050436,10000.0
603.1476630053834,2.8786316589083736e+24,0.026657635279093612,10000.0
603.6476630053834,2.875025605967938e+24,0.026624241342156334,10000.0
604.1476630053834,2.871430546264227e+24,0.026590949208342853,10000.0
604.6476630053834,2.8678464378879617e+24,0.026557758489551324,10000.0
605.1476630053834,2.864273239122568e+24,0.026524668799464437,10000.0
605.6476630053834,2.8607109084430996e+24,0.02649167975353947,10000.0
606.1476630053834,2.8571594045152424e+24,0.026458790968999047,10000.0
606.6476630053834,2.853618686194249e+24,0.02642600206482127,10000.0
607.1476630053834,2.850088712523936e+24,0.026393312661730464,10000.0
607.6476630053834,2.846569442735674e+24,0.026360722382187795,10000.0
608.1476630053834,2.84306083624737e+24,0.02632823085038183,10000.0
608.6476630053834,2.8395628526624574e+24,0.02629583769221924,10000.0
609.1476630053834,2.836075451768921e+24,0.026263542535315723,10000.0
609.6476630053834,2.832598593538282e+24,0.02623134500898662,10000.0
610.1476630053834,2.8291322381246306e+24,0.026199244744237963,10000.0
610.6476630053834,2.825676345863649e+24,0.02616724137375741,10000.0
611.1476630053834,2.8222308772716214e+24,0.026135334531905096,10000.0
611.6476630053834,2.818795793044486e+24,0.026103523854704852,10000.0
612.1476630053834,2.8153710540408635e+24,0.02607180897968702,10000.0
612.6476630053834,2.811956621325222e+24,0.026040189546288204,10000.0
613.1476630053834,2.8085524561296614e+24,0.02600866519549737,10000.0
613.6476630053834,2.8051585198591806e+24,0.025977235569904604,10000.0
614.1476630053834,2.8017747740936663e+24,0.025945900313719565,10000.0
614.6476630053834,2.798401180586991e+24,0.025914659072763097,10000.0
615.1476630053834,2.7950377012660775e+24,0.02588351149445859,10000.0
615.6476630053834,2.791684298229973e+24,0.02585245722782339,10000.0
616.1476630053834,2.788340933738259e+24,0.02582149592336147,10000.0
616.6476630053834,2.78500757022531e+24,0.025790627233195487,10000.0
617.1476630053834,2.7816841703170964e+24,0.02575985081122237,10000.0
617.6476630053834,2.7783706967920994e+24,0.025729166312751385,10000.0
618.1476630053834,2.7750671125964137e+24,0.02569857339464398,10000.0
618.6476630053834,2.771773380842855e+24,0.02566807171530553,10000.0
619.1476630053834,2.768489464809042e+24,0.02563766093466756,10000.0
619.6476630053834,2.765215327907681e+24,0.02560734071391261,10000.0
620.1476630053834,2.761950933777667e+24,0.025577110716317807,10000.0
620.6476630053834,2.7586962461899627e+24,0.02554697060638331,10000.0
621.1476630053834,2.7554512290779134e+24,0.025516920050113037,10000.0
621.6476630053834,2.7522158465363895e+24,0.02548695871500669,10000.0
622.1476630053834,2.7489900627948686e+24,0.025457086269810525,10000.0
622.6476630053834,2.745773842282574e+24,0.025427302385120528,10000.0
623.1476630053834,2.7425671495852455e+24,0.02539760673298213,10000.0
623.6476630053834,2.739369949435376e+24,0.025367998986799766,10000.0
624.1476630053834,2.736182206722781e+24,0.02533847882143475,10000.0
624.6476630053834,2.7330038864522974e+24,0.025309045912813563,10000.0
625.1476630053834,2.72983495386645e+24,0.0252796999390638,10000.0
625.6476630053834,2.726675374322278e+24,0.025250440579373527,10000.0
626.1476630053834,2.7235251133306877e+24,0.025221267514355678,10000.0
626.6476630053834,2.72038413652215e+24,0.025192180425730435,10000.0
627.1476630053834,2.7172524097349443e+24,0.025163178997142398,10000.0
627.6476630053834,2.714129898948619e+24,0.02513426291354438,10000.0
628.1476630053834,2.7110165702822844e+24,0.025105431861181617,10000.0
628.6476630053834,2.707912389964739e+24,0.025076685527315117,10000.0
629.1476630053834,2.7048173244464394e+24,0.02504802360125855,10000.0
629.6476630053834,2.701731340302153e+24,0.02501944577347677,10000.0
630.1476630053834,2.6986544042367207e+24,0.024990951735639193,10000.0
630.6476630053834,2.6955864830804954e+24,0.02496254118057753,10000.0
631.1476630053834,2.6925275438820934e+24,0.024934213803144718,10000.0
631.6476630053834,2.6894775537949366e+24,0.024905969299164273,10000.0
632.1476630053834,2.6864364800759077e+24,0.02487780736541779,10000.0
632.6476630053834,2.683404290195411e+24,0.024849727700664195,10000.0
633.1476630053834,2.68038095175105e+24,0.02482173000484034,10000.0
633.6476630053834,2.6773664324412827e+24,0.024793813978817046,10000.0
634.1476630053834,2.6743607001378557e+24,0.024765979325069878,10000.0
634.6476630053834,2.6713637228777846e+24,0.024738225747604876,10000.0
635.1476630053834,2.6683754687866776e+24,0.024710552951248504,10000.0
635.6476630053834,2.665395906146688e+24,0.024682960642276895,10000.0
636.1476630053834,2.6624250034198426e+24,0.02465544852863192,10000.0
636.6476630053834,2.659462729144815e+24,0.024628016318965235,10000.0
637.1476630053834,2.6565090520229345e+24,0.024600663723434776,10000.0
637.6476630053834,2.653563940927161e+24,0.024573390453787865,10000.0
638.1476630053834,2.650627364795438e+24,0.02454619622237361,10000.0
638.6476630053834,2.6476992927567956e+24,0.02451908074331067,10000.0
639.1476630053834,2.644779694081336e+24,0.024492043732024116,10000.0
639.6476630053834,2.6418685380927953e+24,0.0244650849044357,10000.0
640.1476630053834,2.638965794356134e+24,0.024438203978701032,10000.0
640.6476630053834,2.636071432508651e+24,0.024411400673645608,10000.0
641.1476630053834,2.6331854222961227e+24,0.024384674709099486,10000.0
641.6476630053834,2.630307733677974e+24,0.024358025806871235,10000.0
642.1476630053834,2.627438336648438e+24,0.02433145368909174,10000.0
642.6476630053834,2.6245772014031146e+24,0.024304958079756675,10000.0
643.1476630053834,2.621724298249093e+24,0.024278538703894147,10000.0
643.6476630053834,2.6188795975730186e+24,0.02425219528726899,10000.0
644.1476630053834,2.616043069986345e+24,0.0242259275577279,10000.0
644.6476630053834,2.613214686117262e+24,0.024199735243272534,10000.0
645.1476630053834,2.610394416815449e+24,0.024173618073955686,10000.0
645.6476630053834,2.607582233001698e+24,0.024147575780488664,10000.0
646.1476630053834,2.604778105726469e+24,0.024121608094783586,10000.0
646.6476630053834,2.6019820062078244e+24,0.024095714750304656,10000.0
647.1476630053834,2.599193905701043e+24,0.02406989548086071,10000.0
647.6476630053834,2.596413775703749e+24,0.02404415002250483,10000.0
648.1476630053834,2.593641587705982e+24,0.02401847811121988,10000.0
648.6476630053834,2.5908773134437576e+24,0.023992879485266568,10000.0
649.1476630053834,2.5881209246732424e+24,0.023967353883092214,10000.0
649.6476630053834,2.585372393344365e+24,0.023941901044938492,10000.0
650.1476630053834,2.5826316914801285e+24,0.02391652071172377,10000.0
650.6476630053834,2.5798987912481736e+24,0.023891212625705833,10000.0
651.1476630053834,2.577173664929738e+24,0.023865976530194448,10000.0
651.6476630053834,2.5744562849138836e+24,0.023840812169497873,10000.0
652.1476630053834,2.571746623731617e+24,0.023815719289238865,10000.0
652.6476630053834,2.569044653997061e+24,0.02379069763580987,10000.0
653.1476630053834,2.566350348482648e+24,0.02376574695706936,10000.0
653.6476630053834,2.5636636800311297e+24,0.02374086700152702,10000.0
654.1476630053834,2.5609846216481466e+24,0.023716057519200945,10000.0
654.6476630053834,2.5583131464085823e+24,0.023691318260750476,10000.0
655.1476630053834,2.5556492275431937e+24,0.023666648978278415,10000.0
655.6476630053834,2.552992838362423e+24,0.023642049424625496,10000.0
656.1476630053834,2.550343952314163e+24,0.023617519353905308,10000.0
656.6476630053834,2.5477025429477884e+24,0.023593058521171224,10000.0
657.1476630053834,2.5450685839204736e+24,0.023568666682474898,10000.0
657.6476630053834,2.5424420490238225e+24,0.023544343595112868,10000.0
658.1476630053834,2.53982291211655e+24,0.023520089017003153,10000.0
658.6476630053834,2.537211147235719e+24,0.023495902707715382,10000.0
659.1476630053834,2.53460672843397e+24,0.02347178442696342,10000.0
659.6476630053834,2.53200962998937e+24,0.02344773393654871,10000.0
660.1476630053834,2.529419826163846e+24,0.023423750998123233,10000.0
660.6476630053834,2.5268372914449494e+24,0.023399835375428373,10000.0
661.1476630053834,2.5242620003393867e+24,0.023375986832382883,10000.0
661.6476630053834,2.5216939275094126e+24,0.02335220513434599,10000.0
662.1476630053834,2.519133047718657e+24,0.0233284900476157,10000.0
662.6476630053834,2.51657933579687e+24,0.02330484133910234,10000.0
663.1476630053834,2.5140327667589826e+24,0.02328125877743108,10000.0
663.6476630053834,2.5114933156208107e+24,0.023257742131235323,10000.0
664.1476630053834,2.5089609576058794e+24,0.023234291171071928,10000.0
664.6476630053834,2.5064356679773486e+24,0.023210905667864837,10000.0
665.1476630053834,2.503917422108024e+24,0.02318758539355333,10000.0
665.6476630053834,2.50140619552162e+24,0.023164330121474192,10000.0
666.1476630053834,2.4989019637545e+24,0.02314113962508136,10000.0
666.6476630053834,2.496404702544831e+24,0.023118013679697565,10000.0
667.1476630053834,2.4939143876759357e+24,0.023094952061063698,10000.0
667.6476630053834,2.4914309950177324e+24,0.023071954545722584,10000.0
668.1476630053834,2.488954500606688e+24,0.02304902091175937,10000.0
668.6476630053834,2.48648488050322e+24,0.02302615093748099,10000.0
669.1476630053834,2.4840221109152405e+24,0.023003344402560258,10000.0
669.6476630053834,2.481566168158091e+24,0.02298060108766486,10000.0
670.1476630053834,2.47911702857784e+24,0.022957920773747007,10000.0
670.6476630053834,2.476674668704095e+24,0.022935303243458573,10000.0
671.1476630053834,2.474239065132273e+24,0.02291274828006089,10000.0
671.6476630053834,2.471810194496788e+24,0.022890255667176403,10000.0
672.1476630053834,2.469388033631751e+24,0.022867825190276855,10000.0
672.6476630053834,2.4669725594125676e+24,0.022845456635216407,10000.0
673.1476630053834,2.4645637487695434e+24,0.022823149788357616,10000.0
673.6476630053834,2.462161578819522e+24,0.022800904437790478,10000.0
674.1476630053834,2.459766026726775e+24,0.02277872037204421,10000.0
674.6476630053834,2.457377069702838e+24,0.022756597380085702,10000.0
675.1476630053834,2.454994685148009e+24,0.02273453525262989,10000.0
675.6476630053834,2.4526188505086357e+24,0.022712533780818146,10000.0
676.1476630053834,2.4502495432873756e+24,0.022690592756313323,10000.0
676.6476630053834,2.447886741144424e+24,0.022668711972237132,10000.0
677.1476630053834,2.4455304218124434e+24,0.022646891222382375,10000.0
677.6476630053834,2.443180563086415e+24,0.022625130301118967,10000.0
678.1476630053834,2.440837142871818e+24,0.02260342900384008,10000.0
678.6476630053834,2.4385001391889364e+24,0.02258178712700205,10000.0
679.1476630053834,2.4361695301257516e+24,0.02256020446768811,10000.0
679.6476630053834,2.433845293820124e+24,0.02253868082344342,10000.0
680.1476630053834,2.431527408579816e+24,0.022517215993386512,10000.0
680.6476630053834,2.429215852761765e+24,0.022495809777091282,10000.0
681.1476630053834,2.426910604799025e+24,0.022474461974836546,10000.0
681.6476630053834,2.4246116432112244e+24,0.02245317238770282,10000.0
682.1476630053834,2.422318946645993e+24,0.02243194081795598,10000.0
682.6476630053834,2.420032493811814e+24,0.022410767068425447,10000.0
683.1476630053834,2.417752263488939e+24,0.022389650942605244,10000.0
683.6476630053834,2.415478234554473e+24,0.022368592244886312,10000.0
684.1476630053834,2.4132103859972762e+24,0.022347590780694503,10000.0
684.6476630053834,2.4109486968711304e+24,0.02232664635605688,10000.0
685.1476630053834,2.408693146305891e+24,0.022305758777704982,10000.0
685.6476630053834,2.4064437135112448e+24,0.022284927853109628,10000.0
686.1476630053834,2.4042003778198394e+24,0.02226415339088033,10000.0
686.6476630053834,2.4019631186241973e+24,0.022243435200181058,10000.0
687.1476630053834,2.3997319154005139e+24,0.022222773090950644,10000.0
687.6476630053834,2.3975067476835197e+24,0.022202166873669986,10000.0
688.1476630053834,2.3952875951354267e+24,0.022181616360000527,10000.0
688.6476630053834,2.393074437486628e+24,0.022161121362235102,10000.0
689.1476630053834,2.3908672545440382e+24,0.02214068169337517,10000.0
689.6476630053834,2.3886660261962945e+24,0.022120297167178997,10000.0
690.1476630053834,2.386470732386998e+24,0.02209996759791383,10000.0
690.6476630053834,2.384281353193055e+24,0.0220796928010814,10000.0
691.1476630053834,2.382097868746814e+24,0.02205947259269686,10000.0
691.6476630053834,2.3799202592598453e+24,0.022039306789508994,10000.0
692.1476630053834,2.377748505023491e+24,0.02201919520900532,10000.0
692.6476630053834,2.375582586393983e+24,0.021999137669274273,10000.0
693.1476630053834,2.373422483826407e+24,0.021979133989319707,10000.0
693.6476630053834,2.3712681778590308e+24,0.02195918398891581,10000.0
694.1476630053834,2.3691196490985681e+24,0.021939287488470603,10000.0
694.6476630053834,2.3669768782296402e+24,0.02191944430911357,10000.0
695.1476630053834,2.3648398460144115e+24,0.021899654272692297,10000.0
695.6476630053834,2.3627085332814194e+24,0.021879917201668996,10000.0
696.1476630053834,2.3605829209480846e+24,0.021860232919329006,10000.0
696.6476630053834,2.3584629900171613e+24,0.021840601249747894,10000.0
697.1476630053834,2.3563487215573543e+24,0.021821022017611953,10000.0
697.6476630053834,2.354240096713103e+24,0.021801495048308837,10000.0
698.1476630053834,2.3521370967042252e+24,0.021782020167924226,10000.0
698.6476630053834,2.3500397028255642e+24,0.021762597203238587,10000.0
699.1476630053834,2.3479478964407286e+24,0.021743225981669178,10000.0
699.6476630053834,2.3458616589888162e+24,0.021723906331332334,10000.0
700.1476630053834,2.343780971998861e+24,0.021704638081177254,10000.0
700.6476630053834,2.3417058170622995e+24,0.021685421060731003,10000.0
701.1476630053834,2.339636175843853e+24,0.02166625510019931,10000.0
701.6476630053834,2.337572030081194e+24,0.021647140030463467,10000.0
702.1476630053834,2.3355133615845818e+24,0.02162807568307695,10000.0
702.6476630053834,2.3334601522365396e+24,0.021609061890262453,10000.0
703.1476630053834,2.3314123839915275e+24,0.021590098484908834,10000.0
703.6476630053834,2.3293700388734e+24,0.02157118530054758,10000.0
704.1476630053834,2.3273330989719283e+24,0.021552322171320595,10000.0
704.6476630053834,2.3253015464655607e+24,0.021533508932190998,10000.0
705.1476630053834,2.323275363593104e+24,0.021514745418680842,10000.0
705.6476630053834,2.321254532663625e+24,0.021496031466962825,10000.0
706.1476630053834,2.3192390360561345e+24,0.021477366913857373,10000.0
706.6476630053834,2.3172288562192587e+24,0.02145875159682958,10000.0
707.1476630053834,2.3152239756709031e+24,0.021440185353986105,10000.0
707.6476630053834,2.313224376997953e+24,0.02142166802407239,10000.0
708.1476630053834,2.3112300428559365e+24,0.021403199446469557,10000.0
708.6476630053834,2.3092409559687233e+24,0.021384779461191595,10000.0
709.1476630053834,2.307257099128179e+24,0.02136640790888219,10000.0
709.6476630053834,2.3052784551938855e+24,0.02134808463081208,10000.0
710.1476630053834,2.3033050070928097e+24,0.021329809468876065,10000.0
710.6476630053834,2.30133673781899e+24,0.02131158226559003,10000.0
711.1476630053834,2.29937363043323e+24,0.02129340286408816,10000.0
711.6476630053834,2.2974156680606842e+24,0.02127527110810056,10000.0
712.1476630053834,2.2954628338948976e+24,0.02125718684199066,10000.0
712.6476630053834,2.2935151111975943e+24,0.02123914991075326,10000.0
713.1476630053834,2.2915724832935842e+24,0.021221160159967382,10000.0
713.6476630053834,2.289634933572921e+24,0.02120321743581624,10000.0
714.1476630053834,2.2877024454905952e+24,0.021185321585084377,10000.0
714.6476630053834,2.2857750025662455e+24,0.02116747245515503,10000.0
715.1476630053834,2.2838525883838558e+24,0.0211496698940073,10000.0
715.6476630053834,2.2819351865914751e+24,0.021131913750213574,10000.0
716.1476630053834,2.2800227809008965e+24,0.021114203872936516,10000.0
716.6476630053834,2.2781153550873888e+24,0.021096540111926642,10000.0
717.1476630053834,2.2762128929893968e+24,0.02107892231751949,10000.0
717.6476630053834,2.2743153785082495e+24,0.02106135034063294,10000.0
718.1476630053834,2.2724227956078804e+24,0.02104382403276463,10000.0
718.6476630053834,2.2705351283145327e+24,0.021026343245989218,10000.0
719.1476630053834,2.2686523607164887e+24,0.021008907832955864,10000.0
719.6476630053834,2.2667744769637695e+24,0.020991517646885477,10000.0
720.1476630053834,2.2649014612678604e+24,0.02097417254156815,10000.0
720.6476630053834,2.2630332979014373e+24,0.020956872371360628,10000.0
721.1476630053834,2.2611699711980792e+24,0.02093961699118366,10000.0
721.6476630053834,2.259311465550841e+24,0.020922406256508774,10000.0
722.1476630053834,2.2574577654119455e+24,0.020905240023355406,10000.0
722.6476630053834,2.2556088552991307e+24,0.02088811814834972,10000.0
723.1476630053834,2.2537647197868512e+24,0.020871040488643088,10000.0
723.6476630053834,2.251925343509095e+24,0.020854006901938203,10000.0
724.1476630053834,2.250090711159123e+24,0.020837017246486653,10000.0
724.6476630053834,2.2482608074891802e+24,0.02082007138108625,10000.0
725.1476630053834,2.2464356173102553e+24,0.02080316916507879,10000.0
725.6476630053834,2.2446151254917945e+24,0.020786310458347446,10000.0
726.1476630053834,2.2427993169614409e+24,0.0207694951213143,10000.0
726.6476630053834,2.240988176704784e+24,0.02075272301493805,10000.0
727.1476630053834,2.239181689765079e+24,0.020735994000711425,10000.0
727.6476630053834,2.237379841242997e+24,0.02071930794065883,10000.0
728.1476630053834,2.235582616296374e+24,0.020702664697334075,10000.0
728.6476630053834,2.233790000139935e+24,0.020686064133817766,10000.0
729.1476630053834,2.2320019780450484e+24,0.020669506113715076,10000.0
729.6476630053834,2.2302185353372766e+24,0.02065299050113303,10000.0
730.1476630053834,2.228439657393919e+24,0.020636517160657775,10000.0
730.6476630053834,2.226665329663183e+24,0.02062008595753209,10000.0
731.1476630053834,2.2248955376404707e+24,0.020603696757435824,10000.0
731.6476630053834,2.2231302668765716e+24,0.020587349426561707,10000.0
732.1476630053834,2.2213695029774043e+24,0.02057104383161303,10000.0
732.6476630053834,2.2196132316037673e+24,0.020554779839801283,10000.0
733.1476630053834,2.2178614384711059e+24,0.020538557318844013,10000.0
733.6476630053834,2.2161141093492585e+24,0.02052237613696247,10000.0
734.1476630053834,2.2143712300622105e+24,0.02050623616287936,10000.0
734.6476630053834,2.212632786478116e+24,0.02049013726572638,10000.0
735.1476630053834,2.2108987645333842e+24,0.020474079315267332,10000.0
735.6476630053834,2.2091691502175852e+24,0.0204580621817583,10000.0
736.1476630053834,2.2074439295689006e+24,0.020442085735905533,10000.0
736.6476630053834,2.2057230886784742e+24,0.020426149848905763,10000.0
737.1476630053834,2.2040066136901625e+24,0.020410254392443834,10000.0
737.6476630053834,2.202294490800303e+24,0.020394399238690623,10000.0
738.1476630053834,2.2005867062549105e+24,0.02037858426027702,10000.0
738.6476630053834,2.1988832463426336e+24,0.020362809330228743,10000.0
739.1476630053834,2.1971840974300854e+24,0.020347074322293494,10000.0
739.6476630053834,2.195489245921216e+24,0.020331379110564738,10000.0
740.1476630053834,2.1937986782712952e+24,0.020315723569611192,10000.0
740.6476630053834,2.192112380986699e+24,0.02030010757447483,10000.0
741.1476630053834,2.190430340624676e+24,0.02028453100066874,10000.0
741.6476630053834,2.1887525437793639e+24,0.020268993724047633,10000.0
742.1476630053834,2.1870789771171459e+24,0.02025349562113523,10000.0
742.6476630053834,2.1854096273519344e+24,0.020238036568895414,10000.0
743.1476630053834,2.183744481242217e+24,0.020222616444704855,10000.0
743.6476630053834,2.1820835255962562e+24,0.020207235126401157,10000.0
744.1476630053834,2.180426747271839e+24,0.020191892492280553,10000.0
744.6476630053834,2.1787741331550993e+24,0.02017658842090178,10000.0
745.1476630053834,2.177125670222836e+24,0.020161322791663182,10000.0
745.6476630053834,2.1754813454802554e+24,0.020146095484226176,10000.0
746.1476630053834,2.1738411459811276e+24,0.02013090637870189,10000.0
746.6476630053834,2.1722050588276742e+24,0.020115755355650158,10000.0
747.1476630053834,2.1705730711525128e+24,0.02010064229591228,10000.0
747.6476630053834,2.1689451701669105e+24,0.020085567081057902,10000.0
748.1476630053834,2.1673213431219998e+24,0.020070529593025837,10000.0
748.6476630053834,2.1657015773117083e+24,0.020055529714151206,10000.0
749.1476630053834,2.164085860077371e+24,0.02004056732720815,10000.0
749.6476630053834,2.162474178784014e+24,0.020025642315190207,10000.0
750.1476630053834,2.1608665208896918e+24,0.02001075456195239,10000.0
750.6476630053834,2.1592628738773944e+24,0.01999590395158064,10000.0
751.1476630053834,2.1576632252759924e+24,0.019981090368585773,10000.0
751.6476630053834,2.156067562648779e+24,0.019966313697797382,10000.0
752.1476630053834,2.154475873615408e+24,0.019951573824566977,10000.0
752.6476630053834,2.1528881458567175e+24,0.019936870634812677,10000.0
753.1476630053834,2.151304367085861e+24,0.019922204014751855,10000.0
753.6476630053834,2.1497245250555993e+24,0.01990757385096867,10000.0
754.1476630053834,2.1481486075551197e+24,0.0198929800303846,10000.0
754.6476630053834,2.1465766024543073e+24,0.019878422440668442,10000.0
755.1476630053834,2.1450084976474052e+24,0.01986390096971455,10000.0
755.6476630053834,2.1434442810680288e+24,0.01984941550578189,10000.0
756.1476630053834,2.1418839406826286e+24,0.0198349659374335,10000.0
756.6476630053834,2.14032746454153e+24,0.019820552154009137,10000.0
757.1476630053834,2.1387748407169255e+24,0.019806174045051066,10000.0
757.6476630053834,2.137226057314937e+24,0.019791831500415753,10000.0
758.1476630053834,2.1356811024867141e+24,0.01977752441037664,10000.0
758.6476630053834,2.1341399644546447e+24,0.01976325266586688,10000.0
759.1476630053834,2.132602631465819e+24,0.019749016158048378,10000.0
759.6476630053834,2.1310690917906753e+24,0.019734814778299258,10000.0
760.1476630053834,2.1295393337723056e+24,0.01972064841867045,10000.0
760.6476630053834,2.128013345796986e+24,0.019706516971612794,10000.0
761.1476630053834,2.1264911162799455e+24,0.019692420329845254,10000.0
761.6476630053834,2.1249726336592215e+24,0.019678358386298,10000.0
762.1476630053834,2.1234578864656042e+24,0.019664331034760153,10000.0
762.6476630053834,2.1219468632450359e+24,0.019650338169161147,10000.0
763.1476630053834,2.1204395525630943e+24,0.019636379683612246,10000.0
763.6476630053834,2.1189359430622077e+24,0.019622455472936395,10000.0
764.1476630053834,2.1174360234230606e+24,0.01960856543231081,10000.0
764.6476630053834,2.1159397823454243e+24,0.019594709457089462,10000.0
765.1476630053834,2.1144472085764327e+24,0.01958088744306492,10000.0
765.6476630053834,2.1129582909306785e+24,0.01956709928665446,10000.0
766.1476630053834,2.111473018237647e+24,0.01955334488441328,10000.0
766.6476630053834,2.1099913793533634e+24,0.019539624133142332,10000.0
767.1476630053834,2.1085133632218399e+24,0.019525936930457392,10000.0
767.6476630053834,2.107038958797889e+24,0.01951228317407424,10000.0
768.1476630053834,2.1055681550504957e+24,0.019498662761839907,10000.0
768.6476630053834,2.1041009410487065e+24,0.01948507559252804,10000.0
769.1476630053834,2.1026373058683365e+24,0.019471521564974982,10000.0
769.6476630053834,2.101177238595333e+24,0.019458000578110885,10000.0
770.1476630053834,2.0997207284194458e+24,0.019444512531827184,10000.0
770.6476630053834,2.0982677645332757e+24,0.019431057326041702,10000.0
771.1476630053834,2.0968183361436095e+24,0.01941763486080364,10000.0
771.6476630053834,2.095372432556676e+24,0.019404245037083077,10000.0
772.1476630053834,2.0939300430777087e+24,0.01939088775584089,10000.0
772.6476630053834,2.092491157038133e+24,0.019377562918280484,10000.0
773.1476630053834,2.091055763856503e+24,0.019364270426412145,10000.0
773.6476630053834,2.0896238529466034e+24,0.01935101018220197,10000.0
774.1476630053834,2.0881954137682183e+24,0.019337782088042054,10000.0
774.6476630053834,2.086770435848147e+24,0.019324586046945074,10000.0
775.1476630053834,2.0853489087047267e+24,0.01931142196184535,10000.0
775.6476630053834,2.0839308219297177e+24,0.019298289736357135,10000.0
776.1476630053834,2.082516165154172e+24,0.019285189274458547,10000.0
776.6476630053834,2.0811049279970498e+24,0.01927212048001573,10000.0
777.1476630053834,2.0796971001856376e+24,0.019259083257897974,10000.0
777.6476630053834,2.0782926714391495e+24,0.019246077512899827,10000.0
778.1476630053834,2.0768916315097714e+24,0.019233103150121167,10000.0
778.6476630053834,2.0754939702273176e+24,0.019220160075380757,10000.0
779.1476630053834,2.0740996774034283e+24,0.019207248194329053,10000.0
779.6476630053834,2.0727087429318553e+24,0.019194367413376906,10000.0
780.1476630053834,2.0713211567291145e+24,0.01918151763914598,10000.0
780.6476630053834,2.0699369087184064e+24,0.01916869877831984,10000.0
781.1476630053834,2.0685559889171593e+24,0.019155910738454646,10000.0
781.6476630053834,2.0671783873187518e+24,0.019143153426883854,10000.0
782.1476630053834,2.065804093993788e+24,0.01913042675165606,10000.0
782.6476630053834,2.0644330990381207e+24,0.019117730621053677,10000.0
783.1476630053834,2.0630653925561967e+24,0.019105064943438704,10000.0
783.6476630053834,2.0617009647422428e+24,0.019092429628004556,10000.0
784.1476630053834,2.0603398057607614e+24,0.019079824583669375,10000.0
784.6476630053834,2.0589819058691756e+24,0.019067249720211805,10000.0
785.1476630053834,2.0576272553253403e+24,0.01905470494741448,10000.0
785.6476630053834,2.0562758444247513e+24,0.01904219017540862,10000.0
786.1476630053834,2.054927663524618e+24,0.019029705314896936,10000.0
786.6476630053834,2.053582702960292e+24,0.019017250276379724,10000.0
787.1476630053834,2.0522409531756102e+24,0.019004824971361918,10000.0
787.6476630053834,2.0509024045769534e+24,0.018992429311001584,10000.0
788.1476630053834,2.0495670476603062e+24,0.018980063207286565,10000.0
788.6476630053834,2.048234872921169e+24,0.018967726572200222,10000.0
789.1476630053834,2.0469058708993936e+24,0.018955419318136636,10000.0
789.6476630053834,2.045580032180088e+24,0.01894314135790898,10000.0
790.1476630053834,2.0442573473486792e+24,0.018930892604333383,10000.0
790.6476630053834,2.0429378070770825e+24,0.0189186729710269,10000.0
791.1476630053834,2.041621401997968e+24,0.01890648237124315,10000.0
791.6476630053834,2.0403081228604362e+24,0.01889432071931397,10000.0
792.1476630053834,2.0389979603666367e+24,0.018882187929136394,10000.0
792.6476630053834,2.0376909053192128e+24,0.018870083915538093,10000.0
793.1476630053834,2.0363869484992136e+24,0.018858008593146756,10000.0
793.6476630053834,2.035086080760282e+24,0.018845961877262334,10000.0
794.1476630053834,2.0337882929610753e+24,0.018833943683231203,10000.0
794.6476630053834,2.0324935760078e+24,0.018821953926840086,10000.0
795.1476630053834,2.0312019208340867e+24,0.018809992524129654,10000.0
795.6476630053834,2.0299133184002936e+24,0.018798059391388094,10000.0
796.1476630053834,2.0286277597123875e+24,0.018786154445325956,10000.0
796.6476630053834,2.0273452357864227e+24,0.0187742776027472,10000.0
797.1476630053834,2.026065737698132e+24,0.01876242878100844,10000.0
797.6476630053834,2.0247892565207833e+24,0.018750607897443473,10000.0
798.1476630053834,2.0235157833973184e+24,0.018738814870031296,10000.0
798.6476630053834,2.0222453094597162e+24,0.018727049616649404,10000.0
799.1476630053834,2.0209778259156307e+24,0.018715312055876072,10000.0
799.6476630053834,2.019713323957219e+24,0.01870360210614606,10000.0
800.1476630053834,2.0184517948543453e+24,0.018691919686613743,10000.0
800.6476630053834,2.0171932298608185e+24,0.01868026471628482,10000.0
801.1476630053834,2.015937620306261e+24,0.018668637114867062,10000.0
801.6476630053834,2.0146849575075544e+24,0.018657036801950237,10000.0
802.1476630053834,2.013435232851661e+24,0.018645463697773118,10000.0
802.6476630053834,2.0121884377199502e+24,0.018633917722522677,10000.0
803.1476630053834,2.0109445635543307e+24,0.018622398796946507,10000.0
803.6476630053834,2.0097036018020445e+24,0.018610906841841596,10000.0
804.1476630053834,2.008465543957593e+24,0.018599441778442576,10000.0
804.6476630053834,2.0072303815354596e+24,0.018588003528169125,10000.0
805.1476630053834,2.0059981060804073e+24,0.018576592012721323,10000.0
805.6476630053834,2.0047687091755041e+24,0.018565207154153978,10000.0
806.1476630053834,2.003542182413471e+24,0.018553848874611284,10000.0
806.6476630053834,2.0023185174472953e+24,0.018542517096795542,10000.0
807.1476630053834,2.0010977059153852e+24,0.01853121174327403,10000.0
807.6476630053834,1.99987973954195e+24,0.018519932737408602,10000.0
808.1476630053834,1.9986646100088457e+24,0.01850868000216889,10000.0
808.6476630053834,1.9974523091058147e+24,0.018497453461523615,10000.0
809.1476630053834,1.996242828576877e+24,0.018486253039018078,10000.0
809.6476630053834,1.9950361602554843e+24,0.01847507865902577,10000.0
810.1476630053834,1.9938322959590842e+24,0.01846393024577198,10000.0
810.6476630053834,1.9926312275587693e+24,0.01845280772397877,10000.0
811.1476630053834,1.991432946947943e+24,0.01844171101857481,10000.0
811.6476630053834,1.9902374460332244e+24,0.01843064005461116,10000.0
812.1476630053834,1.9890447167851603e+24,0.018419594757730886,10000.0
812.6476630053834,1.9878547511437945e+24,0.018408575053294574,10000.0
813.1476630053834,1.9866675411480194e+24,0.0183975808675782,10000.0
813.6476630053834,1.985483078799212e+24,0.018386612126510337,10000.0
814.1476630053834,1.9843013561727992e+24,0.018375668756705283,10000.0
814.6476630053834,1.9831223653483906e+24,0.018364750684816085,10000.0
815.1476630053834,1.9819460984293652e+24,0.0183538578377159,10000.0
815.6476630053834,1.9807725475768963e+24,0.01834299014281309,10000.0
816.1476630053834,1.979601704920288e+24,0.018332147527220895,10000.0
816.6476630053834,1.9784335626886095e+24,0.018321329918976427,10000.0
817.1476630053834,1.9772681130795155e+24,0.01831053724582589,10000.0
817.6476630053834,1.976105348345611e+24,0.01829976943602435,10000.0
818.1476630053834,1.974945260768909e+24,0.018289026418099208,10000.0
818.6476630053834,1.9737878426227205e+24,0.018278308120497286,10000.0
819.1476630053834,1.9726330862626666e+24,0.018267614472427633,10000.0
819.6476630053834,1.9714809840172325e+24,0.018256945402848005,10000.0
820.1476630053834,1.9703315282745858e+24,0.018246300841268857,10000.0
820.6476630053834,1.969184711445829e+24,0.018235680717413025,10000.0
821.1476630053834,1.968040525934777e+24,0.01822508496093586,10000.0
821.6476630053834,1.966898964226408e+24,0.01821451350224433,10000.0
822.1476630053834,1.9657600187827064e+24,0.01820396627153247,10000.0
822.6476630053834,1.9646236821141418e+24,0.0181934431994433,10000.0
823.1476630053834,1.9634899467672525e+24,0.01818294421695387,10000.0
823.6476630053834,1.9623588052681348e+24,0.018172469254851924,10000.0
824.1476630053834,1.961230250228931e+24,0.018162018244722033,10000.0
824.6476630053834,1.9601042742493144e+24,0.0181515911180333,10000.0
825.1476630053834,1.9589808699492104e+24,0.01814118780644237,10000.0
825.6476630053834,1.9578600300089005e+24,0.018130808242164825,10000.0
826.1476630053834,1.9567417470921576e+24,0.018120452357263356,10000.0
826.6476630053834,1.955626013912789e+24,0.018110120084264013,10000.0
827.1476630053834,1.9545128232154189e+24,0.018099811355978216,10000.0
827.6476630053834,1.9534021677305713e+24,0.01808952610508682,10000.0
828.1476630053834,1.9522940402611896e+24,0.018079264264941313,10000.0
828.6476630053834,1.951188433615634e+24,0.018069025768943342,10000.0
829.1476630053834,1.9500853405971617e+24,0.018058810550447307,10000.0
829.6476630053834,1.948984754088228e+24,0.018048618543541024,10000.0
830.1476630053834,1.9478866669609273e+24,0.01803844968221635,10000.0
830.6476630053834,1.9467910721002444e+24,0.01802830390058453,10000.0
831.1476630053834,1.9456979624555704e+24,0.01801818113335323,10000.0
831.6476630053834,1.9446073309682312e+24,0.018008081315155435,10000.0
832.1476630053834,1.943519170600413e+24,0.017998004380817313,10000.0
832.6476630053834,1.9424334743694293e+24,0.01798795026567553,10000.0
833.1476630053834,1.9413502352867838e+24,0.017977918905012952,10000.0
833.6476630053834,1.9402694463874316e+24,0.017967910234329622,10000.0
834.1476630053834,1.9391911007575685e+24,0.017957924189600093,10000.0
834.6476630053834,1.93811519147978e+24,0.01794796070676549,10000.0
835.1476630053834,1.9370417116574503e+24,0.01793801972195954,10000.0
835.6476630053834,1.9359706544465963e+24,0.017928101171803382,10000.0
836.1476630053834,1.934902013001771e+24,0.017918204992904592,10000.0
836.6476630053834,1.9338357804905246e+24,0.01790833112199111,10000.0
837.1476630053834,1.932771950139601e+24,0.017898479496339045,10000.0
837.6476630053834,1.9317105151763933e+24,0.01788865005323051,10000.0
838.1476630053834,1.9306514688284352e+24,0.017878842729948923,10000.0
838.6476630053834,1.9295948043940733e+24,0.01786905746443347,10000.0
839.1476630053834,1.9285405151693239e+24,0.017859294194601753,10000.0
839.6476630053834,1.9274885944528036e+24,0.017849552858395453,10000.0
840.1476630053834,1.9264390356001206e+24,0.017839833394284032,10000.0
840.6476630053834,1.9253918319791822e+24,0.017830135740850832,10000.0
841.1476630053834,1.9243469769635255e+24,0.01782045983673135,10000.0
841.6476630053834,1.9233044639589926e+24,0.017810805620860227,10000.0
842.1476630053834,1.9222642864072235e+24,0.01780117303250362,10000.0
842.6476630053834,1.9212264377574702e+24,0.017791562010998175,10000.0
843.1476630053834,1.920190911461873e+24,0.017781972495707288,10000.0
843.6476630053834,1.9191577010366278e+24,0.017772404426587535,10000.0
844.1476630053834,1.9181267999974539e+24,0.017762857743591084,10000.0
844.6476630053834,1.9170982018689818e+24,0.017753332386752634,10000.0
845.1476630053834,1.9160719002126973e+24,0.017743828296448168,10000.0
845.6476630053834,1.9150478886185995e+24,0.017734345413317722,10000.0
846.1476630053834,1.9140261606879154e+24,0.01772488367810532,10000.0
846.6476630053834,1.9130067100223262e+24,0.01771544303155917,10000.0
847.1476630053834,1.9119895302852774e+24,0.01770602341499947,10000.0
847.6476630053834,1.9109746151422737e+24,0.017696624769765475,10000.0
848.1476630053834,1.9099619582737173e+24,0.017687247037334406,10000.0
848.6476630053834,1.9089515533750225e+24,0.0176778901593225,10000.0
849.1476630053834,1.9079433941893113e+24,0.017668554077787797,10000.0
849.6476630053834,1.906937474464294e+24,0.01765923873483081,10000.0
850.1476630053834,1.9059337879600886e+24,0.017649944072666984,10000.0
850.6476630053834,1.904932328461824e+24,0.01764067003374335,10000.0
851.1476630053834,1.9039330897908747e+24,0.017631416560842605,10000.0
851.6476630053834,1.902936065776863e+24,0.017622183596823823,10000.0
852.1476630053834,1.9019412502611995e+24,0.01761297108465525,10000.0
852.6476630053834,1.900948637111785e+24,0.01760377896755043,10000.0
853.1476630053834,1.8999582202298135e+24,0.017594607189031233,10000.0
853.6476630053834,1.8989699935255765e+24,0.017585455692703776,10000.0
854.1476630053834,1.897983950923251e+24,0.01757632442230275,10000.0
854.6476630053834,1.897000086366763e+24,0.017567213321745746,10000.0
855.1476630053834,1.896018393838651e+24,0.017558122335307926,10000.0
855.6476630053834,1.8950388673286333e+24,0.017549051407330932,10000.0
856.1476630053834,1.8940615008450937e+24,0.01754000048232926,10000.0
856.6476630053834,1.8930862884013977e+24,0.01753096950486355,10000.0
857.1476630053834,1.8921132240628943e+24,0.017521958419975826,10000.0
857.6476630053834,1.8911423018975172e+24,0.017512967172732048,10000.0
858.1476630053834,1.890173515992577e+24,0.017503995708377622,10000.0
858.6476630053834,1.889206860444468e+24,0.01749504397224207,10000.0
859.1476630053834,1.888242329382753e+24,0.017486111909962066,10000.0
859.6476630053834,1.887279916959062e+24,0.01747719946737865,10000.0
860.1476630053834,1.8863196173374265e+24,0.017468306590447697,10000.0
860.6476630053834,1.885361424700881e+24,0.01745943322530107,10000.0
861.1476630053834,1.8844053332362346e+24,0.01745057931810557,10000.0
861.6476630053834,1.88345133717888e+24,0.017441744815477923,10000.0
862.1476630053834,1.8824994307691784e+24,0.01743292966408086,10000.0
862.6476630053834,1.881549608265428e+24,0.01742413381074322,10000.0
863.1476630053834,1.880601863943584e+24,0.017415357202457345,10000.0
863.6476630053834,1.8796561920861412e+24,0.017406599786276154,10000.0
864.1476630053834,1.8787125870213026e+24,0.017397861509675837,10000.0
864.6476630053834,1.8777710430814974e+24,0.017389142320171722,10000.0
865.1476630053834,1.8768315546175022e+24,0.017380442165449046,10000.0
865.6476630053834,1.875894115998387e+24,0.017371760993362448,10000.0
866.1476630053834,1.874958721598648e+24,0.01736309875181682,10000.0
866.6476630053834,1.8740253658354344e+24,0.01735445538911205,10000.0
867.1476630053834,1.8730940431335385e+24,0.01734583085361879,10000.0
867.6476630053834,1.8721647479344722e+24,0.01733722509386253,10000.0
868.1476630053834,1.8712374746977e+24,0.017328638058535017,10000.0
868.6476630053834,1.8703122178947836e+24,0.017320069696440024,10000.0
869.1476630053834,1.8693889720194276e+24,0.017311519956586363,10000.0
869.6476630053834,1.86846773159191e+24,0.017302988788228956,10000.0
870.1476630053834,1.8675484911427915e+24,0.01729447614071792,10000.0
870.6476630053834,1.8666312452202177e+24,0.01728598196356624,10000.0
871.1476630053834,1.865715988389884e+24,0.017277506206449408,10000.0
871.6476630053834,1.8648027152278006e+24,0.017269048819138436,10000.0
872.1476630053834,1.8638914203368946e+24,0.017260609751653614,10000.0
872.6476630053834,1.8629820983400565e+24,0.017252188954200092,10000.0
873.1476630053834,1.8620747438724695e+24,0.017243786377096858,10000.0
873.6476630053834,1.8611693515865183e+24,0.017235401970822194,10000.0
874.1476630053834,1.8602659161517442e+24,0.01722703568601327,10000.0
874.6476630053834,1.8593644322516898e+24,0.0172186874734369,10000.0
875.1476630053834,1.8584648945851878e+24,0.017210357284001512,10000.0
875.6476630053834,1.8575672978808742e+24,0.01720204506889151,10000.0
876.1476630053834,1.8566716368762122e+24,0.017193750779373053,10000.0
876.6476630053834,1.8557779063255016e+24,0.01718547436686821,10000.0
877.1476630053834,1.8548861009997911e+24,0.017177215782954156,10000.0
877.6476630053834,1.8539962156868402e+24,0.01716897497936282,10000.0
878.1476630053834,1.853108245187327e+24,0.01716075190794576,10000.0
878.6476630053834,1.8522221843198338e+24,0.017152546520720333,10000.0
879.1476630053834,1.8513380279280968e+24,0.017144358769936842,10000.0
879.6476630053834,1.8504557708660337e+24,0.017136188607939876,10000.0
880.1476630053834,1.8495754080039566e+24,0.017128035987225832,10000.0
880.6476630053834,1.848696934228499e+24,0.017119900860442273,10000.0
881.1476630053834,1.8478203444425634e+24,0.017111783180387398,10000.0
881.6476630053834,1.846945633565255e+24,0.017103682900009468,10000.0
882.1476630053834,1.8460727965259e+24,0.01709559997235139,10000.0
882.6476630053834,1.845201828279159e+24,0.017087534350690683,10000.0
883.1476630053834,1.8443327237951548e+24,0.017079485988448048,10000.0
883.6476630053834,1.843465478057207e+24,0.017071454839166403,10000.0
884.1476630053834,1.8426000860645393e+24,0.017063440856535942,10000.0
884.6476630053834,1.841736542832226e+24,0.017055443994393647,10000.0
885.1476630053834,1.840874843391124e+24,0.01704746420672265,10000.0
885.6476630053834,1.8400149827878134e+24,0.017039501447651696,10000.0
886.1476630053834,1.8391569560845547e+24,0.017031555671454725,10000.0
886.6476630053834,1.8383007583528372e+24,0.01702362683249116,10000.0
887.1476630053834,1.837446384691682e+24,0.017015714885375365,10000.0
887.6476630053834,1.8365938302109302e+24,0.01700781978482191,10000.0
888.1476630053834,1.8357430900349387e+24,0.01699994148567979,10000.0
888.6476630053834,1.8348941593034363e+24,0.016992079942940354,10000.0
889.1476630053834,1.8340470331714787e+24,0.016984235111736877,10000.0
889.6476630053834,1.833201706809385e+24,0.016976406947343994,10000.0
890.1476630053834,1.8323581754026896e+24,0.016968595405177228,10000.0
890.6476630053834,1.8315164341520793e+24,0.016960800440792432,10000.0
891.1476630053834,1.8306764782733383e+24,0.01695302200988526,10000.0
891.6476630053834,1.8298383029957342e+24,0.016945260068276242,10000.0
892.1476630053834,1.829001903562514e+24,0.016937514571915353,10000.0
892.6476630053834,1.828167275238695e+24,0.016929785476954166,10000.0
893.1476630053834,1.8273344132999137e+24,0.016922072739642618,10000.0
893.6476630053834,1.826503313036597e+24,0.01691437631636759,10000.0
894.1476630053834,1.82567396975396e+24,0.01690669616365292,10000.0
894.6476630053834,1.8248463787719262e+24,0.016899032238158647,10000.0
895.1476630053834,1.824020535425073e+24,0.016891384496680522,10000.0
895.6476630053834,1.8231964350625847e+24,0.016883752896149556,10000.0
896.1476630053834,1.8223740730481987e+24,0.016876137393631533,10000.0
896.6476630053834,1.821553444760149e+24,0.016868537946326475,10000.0
897.1476630053834,1.8207345455911112e+24,0.016860954511568157,10000.0
897.6476630053834,1.8199173709481533e+24,0.016853387046823622,10000.0
898.1476630053834,1.8191019162526813e+24,0.01684583550969269,10000.0
898.6476630053834,1.81828817694034e+24,0.016838299857907052,10000.0
899.1476630053834,1.8174761484574017e+24,0.0168307800492968,10000.0
899.6476630053834,1.8166658262718146e+24,0.016823276041892765,10000.0
900.1476630053834,1.8158572058618112e+24,0.016815787793821015,10000.0
900.6476630053834,1.8150502827197057e+24,0.01680831526333802,10000.0
901.1476630053834,1.814245052351842e+24,0.01680085840883017,10000.0
901.6476630053834,1.8134415102785248e+24,0.01679341718881315,10000.0
902.1476630053834,1.8126396520339973e+24,0.016785991561931713,10000.0
902.6476630053834,1.8118394731663688e+24,0.01677858148695902,10000.0
903.1476630053834,1.8110409692375723e+24,0.01677118692279625,10000.0
903.6476630053834,1.8102441358233132e+24,0.01676380782847212,10000.0
904.1476630053834,1.809448968513022e+24,0.016756444163142446,10000.0
904.6476630053834,1.808655462909793e+24,0.016749095886089586,10000.0
905.1476630053834,1.807863614630347e+24,0.016741762956722077,10000.0
905.6476630053834,1.8070734193049828e+24,0.0167344453345742,10000.0
906.1476630053834,1.8062848725775125e+24,0.01672714297930538,10000.0
906.6476630053834,1.8054979701052294e+24,0.016719855850699874,10000.0
907.1476630053834,1.8047127075588494e+24,0.016712583908666256,10000.0
907.6476630053834,1.8039290806224607e+24,0.016705327113236912,10000.0
908.1476630053834,1.8031470849934893e+24,0.016698085424567764,10000.0
908.6476630053834,1.8023667163826303e+24,0.016690858802937605,10000.0
909.1476630053834,1.8015879705138196e+24,0.01668364720874784,10000.0
909.6476630053834,1.800810843124168e+24,0.016676450602521885,10000.0
910.1476630053834,1.800035329963927e+24,0.01666926894490485,10000.0
910.6476630053834,1.7992614267964332e+24,0.01666210219666301,10000.0
911.1476630053834,1.7984891293980683e+24,0.016654950318683453,10000.0
911.6476630053834,1.7977184335582058e+24,0.016647813271973573,10000.0
912.1476630053834,1.79694933507916e+24,0.016640691017660605,10000.0
912.6476630053834,1.7961818297761557e+24,0.01663358351699134,10000.0
913.1476630053834,1.7954159134772683e+24,0.016626490731331572,10000.0
913.6476630053834,1.7946515820233737e+24,0.016619412622165642,10000.0
914.1476630053834,1.793888831268112e+24,0.01661234915109608,10000.0
914.6476630053834,1.7931276570778418e+24,0.01660530027984321,10000.0
915.1476630053834,1.7923680553315912e+24,0.016598265970244674,10000.0
915.6476630053834,1.791610021921006e+24,0.01659124618425496,10000.0
916.1476630053834,1.7908535527503158e+24,0.016584240883945094,10000.0
916.6476630053834,1.7900986437362784e+24,0.01657725003150212,10000.0
917.1476630053834,1.7893452908081434e+24,0.016570273589228753,10000.0
917.6476630053834,1.7885934899076044e+24,0.016563311519542954,10000.0
918.1476630053834,1.7878432369887495e+24,0.016556363784977466,10000.0
918.6476630053834,1.7870945280180205e+24,0.016549430348179423,10000.0
919.1476630053834,1.7863473589741754e+24,0.01654251117191003,10000.0
919.6476630053834,1.78560172584823e+24,0.016535606219043986,10000.0
920.1476630053834,1.7848576246434262e+24,0.016528715452569225,10000.0
920.6476630053834,1.784115051375184e+24,0.016521838835586448,10000.0
921.1476630053834,1.783374002071056e+24,0.016514976331308717,10000.0
921.6476630053834,1.782634472770686e+24,0.01650812790306106,10000.0
922.1476630053834,1.7818964595257626e+24,0.01650129351428005,10000.0
922.6476630053834,1.7811599583999926e+24,0.016494473128513546,10000.0
923.1476630053834,1.7804249654690225e+24,0.016487666709419993,10000.0
923.6476630053834,1.7796914768204388e+24,0.01648087422076838,10000.0
924.1476630053834,1.7789594885536914e+24,0.016474095626437583,10000.0
924.6476630053834,1.7782289967800721e+24,0.01646733089041613,10000.0
925.1476630053834,1.777499997622659e+24,0.016460579976801688,10000.0
925.6476630053834,1.7767724872162861e+24,0.016453842849800802,10000.0
926.1476630053834,1.7760464617074927e+24,0.01644711947372841,10000.0
926.6476630053834,1.7753219172544842e+24,0.016440409813007487,10000.0
927.1476630053834,1.7745988500270944e+24,0.016433713832168684,10000.0
927.6476630053834,1.773877256206739e+24,0.016427031495849915,10000.0
928.1476630053834,1.7731571319863754e+24,0.016420362768795972,10000.0
928.6476630053834,1.7724384735704674e+24,0.016413707615858208,10000.0
929.1476630053834,1.7717212771748375e+24,0.016407066001993157,10000.0
929.6476630053834,1.771005539023595e+24,0.016400437892234093,10000.0
930.1476630053834,1.7702912553586909e+24,0.01639382325177952,10000.0
930.6476630053834,1.7695784224302006e+24,0.016387222045903174,10000.0
931.1476630053834,1.7688670364994794e+24,0.016380634239983247,10000.0
931.6476630053834,1.7681570938391522e+24,0.016374059799502298,10000.0
932.1476630053834,1.7674485907330588e+24,0.016367498690046736,10000.0
932.6476630053834,1.766741523476222e+24,0.016360950877306536,10000.0
933.1476630053834,1.7660358883748112e+24,0.01635441632707489,10000.0
933.6476630053834,1.7653316817460803e+24,0.01634789500524765,10000.0
934.1476630053834,1.7646288999183658e+24,0.016341386877823286,10000.0
934.6476630053834,1.763927539231017e+24,0.016334891910902254,10000.0
935.1476630053834,1.7632275960343626e+24,0.016328410070686694,10000.0
935.6476630053834,1.7625290666896865e+24,0.01632194132348019,10000.0
936.1476630053834,1.7618319475691784e+24,0.01631548563568732,10000.0
936.6476630053834,1.7611362350547346e+24,0.01630904297380255,10000.0
937.1476630053834,1.7604419255376476e+24,0.01630261330440736,10000.0
937.6476630053834,1.7597490154262617e+24,0.016296196594241138,10000.0
938.1476630053834,1.7590575011360142e+24,0.01628979281010896,10000.0
938.6476630053834,1.758367379093053e+24,0.01628340191891509,10000.0
939.1476630053834,1.75767864573421e+24,0.016277023887662716,10000.0
939.6476630053834,1.7569912975069606e+24,0.016270658683453613,10000.0
940.1476630053834,1.7563053308693786e+24,0.016264306273487683,10000.0
940.6476630053834,1.7556207422901113e+24,0.016257966625062757,10000.0
941.1476630053834,1.7549375282483324e+24,0.01625163970557414,10000.0
941.6476630053834,1.7542556852337113e+24,0.016245325482514335,10000.0
942.1476630053834,1.7535752097457743e+24,0.01623902392346712,10000.0
942.6476630053834,1.7528960982903316e+24,0.016232734996074475,10000.0
943.1476630053834,1.7522183473935638e+24,0.01622645866816701,10000.0
943.6476630053834,1.7515419535867487e+24,0.01622019490762255,10000.0
944.1476630053834,1.7508669134114747e+24,0.016213943682414383,10000.0
944.6476630053834,1.7501932234196094e+24,0.016207704960611007,10000.0
945.1476630053834,1.749520880173256e+24,0.016201478710375698,10000.0
945.6476630053834,1.7488498802447228e+24,0.01619526489996623,10000.0
946.1476630053834,1.748180220216485e+24,0.016189063497734548,10000.0
946.6476630053834,1.747511896681156e+24,0.016182874472126463,10000.0
947.1476630053834,1.7468449062363278e+24,0.016176697791633894,10000.0
947.6476630053834,1.7461792454981784e+24,0.01617053342492088,10000.0
948.1476630053834,1.7455149110911383e+24,0.016164381340727885,10000.0
948.6476630053834,1.7448518996479907e+24,0.016158241507872716,10000.0
949.1476630053834,1.7441902078114917e+24,0.016152113895265538,10000.0
949.6476630053834,1.7435298322343117e+24,0.016145998471908334,10000.0
950.1476630053834,1.7428707695790148e+24,0.01613989520689469,10000.0
950.6476630053834,1.742213016518014e+24,0.01613380406940942,10000.0
951.1476630053834,1.7415565697295775e+24,0.016127725028691545,10000.0
951.6476630053834,1.7409014259061792e+24,0.01612165805411164,10000.0
952.1476630053834,1.7402475817530476e+24,0.0161156031151584,10000.0
952.6476630053834,1.7395950339816818e+24,0.016109560181378588,10000.0
953.1476630053834,1.73894377931326e+24,0.016103529222408597,10000.0
953.6476630053834,1.7382938144786245e+24,0.016097510207974314,10000.0
954.1476630053834,1.7376451362182245e+24,0.016091503107890596,10000.0
954.6476630053834,1.7369977412813208e+24,0.0160855078920539,10000.0
955.1476630053834,1.7363516264209847e+24,0.016079524530395958,10000.0
955.6476630053834,1.7357067884135575e+24,0.016073552993064014,10000.0
956.1476630053834,1.7350632240376422e+24,0.01606759325022624,10000.0
956.6476630053834,1.734420930081284e+24,0.016061645272138256,10000.0
957.1476630053834,1.7337799033419622e+24,0.016055709029143043,10000.0
957.6476630053834,1.7331401406265384e+24,0.016049784491670473,10000.0
958.1476630053834,1.7325016387490866e+24,0.016043871630217203,10000.0
958.6476630053834,1.731864394530812e+24,0.016037970415345926,10000.0
959.1476630053834,1.7312284048129715e+24,0.016032080817805036,10000.0
959.6476630053834,1.7305936664396653e+24,0.01602620280836924,10000.0
960.1476630053834,1.7299601762642196e+24,0.016020336357898696,10000.0
960.6476630053834,1.729327931149158e+24,0.016014481437338735,10000.0
961.1476630053834,1.7286969279661702e+24,0.01600863801771956,10000.0
961.6476630053834,1.7280671635881812e+24,0.01600280607008283,10000.0
962.1476630053834,1.72743863491176e+24,0.01599698556568914,10000.0
962.6476630053834,1.7268113388371028e+24,0.015991176475832692,10000.0
963.1476630053834,1.7261852722722515e+24,0.015985378771880332,10000.0
963.6476630053834,1.7255604321342566e+24,0.015979592425282334,10000.0
964.1476630053834,1.7249368153491453e+24,0.01597381740757211,10000.0
964.6476630053834,1.7243144188436441e+24,0.015968053690289526,10000.0
965.1476630053834,1.7236932395685457e+24,0.01596230124519734,10000.0
965.6476630053834,1.723073274477933e+24,0.01595656004408876,10000.0
966.1476630053834,1.722454520533448e+24,0.015950830058826998,10000.0
966.6476630053834,1.7218369747055555e+24,0.01594511126135698,10000.0
967.1476630053834,1.7212206339717713e+24,0.015939403623688914,10000.0
967.6476630053834,1.7206054953136418e+24,0.015933707117870344,10000.0
968.1476630053834,1.7199915557361164e+24,0.015928021716165537,10000.0
968.6476630053834,1.7193788122446695e+24,0.01592234739084361,10000.0
969.1476630053834,1.7187672618534555e+24,0.015916684114254086,10000.0
969.6476630053834,1.7181569015852802e+24,0.015911031858826575,10000.0
970.1476630053834,1.7175477284637334e+24,0.01590539059699797,10000.0
970.6476630053834,1.7169397395340827e+24,0.015899760301405896,10000.0
971.1476630053834,1.7163329318474172e+24,0.0158941409447419,10000.0
971.6476630053834,1.7157273024608455e+24,0.015888532499753263,10000.0
972.1476630053834,1.71512284843997e+24,0.015882934939265934,10000.0
972.6476630053834,1.7145195668527815e+24,0.01587734823612797,10000.0
973.1476630053834,1.7139174547832346e+24,0.015871772363335267,10000.0
973.6476630053834,1.7133165093268764e+24,0.015866207293991068,10000.0
974.1476630053834,1.7127167275830403e+24,0.01586065300123369,10000.0
974.6476630053834,1.7121181066594168e+24,0.015855109458278824,10000.0
975.1476630053834,1.7115206436655677e+24,0.015849576638359508,10000.0
975.6476630053834,1.710924335727643e+24,0.01584405451486238,10000.0
976.1476630053834,1.7103291799828205e+24,0.01583854306127622,10000.0
976.6476630053834,1.7097351735719505e+24,0.015833042251123797,10000.0
977.1476630053834,1.7091423136441047e+24,0.01582755205800402,10000.0
977.6476630053834,1.7085505973476606e+24,0.01582207245550938,10000.0
978.1476630053834,1.7079600218543753e+24,0.01581660341744887,10000.0
978.6476630053834,1.7073705843403003e+24,0.015811144917671237,10000.0
979.1476630053834,1.7067822819871025e+24,0.015805696930077256,10000.0
979.6476630053834,1.7061951119829506e+24,0.01580025942862789,10000.0
980.1476630053834,1.7056090715171353e+24,0.0157948323872945,10000.0
980.6476630053834,1.70502415780555e+24,0.01578941578029481,10000.0
981.1476630053834,1.704440368062023e+24,0.0157840095818274,10000.0
981.6476630053834,1.703857699508364e+24,0.015778613766164788,10000.0
982.1476630053834,1.7032761493667135e+24,0.015773228307582533,10000.0
982.6476630053834,1.7026957148779901e+24,0.015767853180530096,10000.0
983.1476630053834,1.7021163932920965e+24,0.015762488359540142,10000.0
983.6476630053834,1.701538181862468e+24,0.01575713381917804,10000.0
984.1476630053834,1.7009610778470994e+24,0.015751789534051396,10000.0
984.6476630053834,1.7003850785094177e+24,0.015746455478818106,10000.0
985.1476630053834,1.699810181135225e+24,0.015741131628343275,10000.0
985.6476630053834,1.6992363830091603e+24,0.015735817957481246,10000.0
986.1476630053834,1.6986636814233507e+24,0.015730514441155693,10000.0
986.6476630053834,1.6980920736659276e+24,0.015725221054253297,10000.0
987.1476630053834,1.697521557056854e+24,0.015719937771955517,10000.0
987.6476630053834,1.696952128911572e+24,0.015714664569401935,10000.0
988.1476630053834,1.6963837865531575e+24,0.015709401421802834,10000.0
988.6476630053834,1.6958165273010553e+24,0.015704148304334874,10000.0
989.1476630053834,1.6952503485032425e+24,0.015698905192438935,10000.0
989.6476630053834,1.6946852475070347e+24,0.01569367206154977,10000.0
990.1476630053834,1.6941212216657958e+24,0.015688448887158146,10000.0
990.6476630053834,1.6935582683294167e+24,0.01568323564472266,10000.0
991.1476630053834,1.692996384875184e+24,0.01567803230995563,10000.0
991.6476630053834,1.6924355686809024e+24,0.01567283885857413,10000.0
992.1476630053834,1.691875817129816e+24,0.015667655266345653,10000.0
992.6476630053834,1.691317127600669e+24,0.015662481508995994,10000.0
993.1476630053834,1.6907594975020726e+24,0.01565731756252753,10000.0
993.6476630053834,1.69020292424071e+24,0.01565216340292479,10000.0
994.1476630053834,1.6896474052287154e+24,0.015647019006222798,10000.0
994.6476630053834,1.6890929378739142e+24,0.01564188434841664,10000.0
995.1476630053834,1.688539519616408e+24,0.015636759405800334,10000.0
995.6476630053834,1.6879871478907964e+24,0.015631644154616924,10000.0
996.1476630053834,1.6874358201352403e+24,0.015626538571142438,10000.0
996.6476630053834,1.6868855337924765e+24,0.015621442631695279,10000.0
997.1476630053834,1.68633628632868e+24,0.01561635631281091,10000.0
997.6476630053834,1.685788075207248e+24,0.015611279590999056,10000.0
998.1476630053834,1.68524089789087e+24,0.015606212442762892,10000.0
998.6476630053834,1.6846947518590866e+24,0.01560115484476165,10000.0
999.1476630053834,1.6841496346026112e+24,0.015596106773758021,10000.0
999.6476630053834,1.6836055436132806e+24,0.015591068206525102,10000.0
