time_days,luminosity,flux_mjy,bh_mass_msun
0.06476630053833254,0.18149787042091584,1.680765240888004e-27,100.0
0.5647663005383325,1.394555175282495e+25,0.12914310562870282,100.0
1.0647663005383325,9.433169063694134e+25,0.8735608102126806,100.0
1.5647663005383325,2.871886592208889e+26,2.6595172432396437,100.0
2.0647663005383325,5.325228198406509e+26,4.931439930904475,100.0
2.5647663005383325,7.578987042443638e+26,7.018538538517118,100.0
3.0647663005383325,9.284498855981865e+26,8.597931711269503,100.0
3.5647663005383325,1.0391605192519379e+27,9.623170103380506,100.0
4.0647663005383325,1.0985721613062881e+27,10.173352993336467,100.0
4.5647663005383325,1.1187826627098646e+27,10.36051281059091,100.0
5.0647663005383325,1.1110789801632858e+27,10.289172679596001,100.0
5.5647663005383325,1.0845685064742576e+27,10.043671822794435,100.0
6.0647663005383325,1.0460920824461153e+27,9.687360005194636,100.0
6.5647663005383325,1.0005757978174402e+27,9.265855395135993,100.0
7.0647663005383325,9.514649348170416e+26,8.811063108649913,100.0
7.5647663005383325,9.01111122574752e+26,8.344760461865313,100.0
8.064766300538333,8.510797787646554e+26,7.881444041480268,100.0
8.564766300538333,8.023809620464598e+26,7.4304675191525105,100.0
9.064766300538333,7.556375195573294e+26,6.997598785249591,100.0
9.564766300538333,7.112054064579281e+26,6.586134170797166,100.0
10.064766300538333,6.692588407798896e+26,6.197687025920098,100.0
10.564766300538333,6.298501278553137e+26,5.832741725360099,100.0
11.064766300538333,5.929514515054349e+26,5.491040676748206,100.0
11.564766300538333,5.584839148774877e+26,5.171853253948496,100.0
12.064766300538333,5.263376024181545e+26,4.874161581428763,100.0
12.564766300538333,4.9638533513522995e+26,4.596787915180363,100.0
13.064766300538333,4.684920044006302e+26,4.338481078617582,100.0
13.564766300538333,4.425208121749449e+26,4.097974250321913,100.0
14.064766300538333,4.183373519533208e+26,3.8740227557361155,100.0
14.564766300538333,3.958121881611893e+26,3.6654279537182033,100.0
15.064766300538333,3.748223967369267e+26,3.4710515031429234,100.0
15.564766300538333,3.552523927467768e+26,3.2898230270489535,100.0
16.06476630053833,3.369942741065152e+26,3.1207432956813475,100.0
16.56476630053833,3.199478423941709e+26,2.9628844192282298,100.0
17.06476630053833,3.040204135744438e+26,2.8153880950298706,100.0
17.56476630053833,2.891264973467654e+26,2.67746263817396,100.0
18.06476630053833,2.7518739971132654e+26,2.5483793010490863,100.0
18.56476630053833,2.6213078632506554e+26,2.4274682297927286,100.0
19.06476630053833,2.4989023208789337e+26,2.3141142932240464,100.0
19.56476630053833,2.3840477391998176e+26,2.207752941327576,100.0
20.06476630053833,2.2761847767424063e+26,2.1078661946361765,100.0
20.56476630053833,2.1748002593703984e+26,2.01397882705005,100.0
21.06476630053833,2.0794233051668874e+26,1.9256547772773125,100.0
21.56476630053833,1.989621714706074e+26,1.842493806036737,100.0
22.06476630053833,1.9049986313246353e+26,1.7641284032943043,100.0
22.56476630053833,1.8251894664750325e+26,1.6902209409794986,100.0
23.06476630053833,1.7498590807829104e+26,1.6204610624969713,100.0
23.56476630053833,1.6786992063698494e+26,1.5545632956625428,100.0
24.06476630053833,1.6114260954887443e+26,1.4922648752165384,100.0
24.56476630053833,1.5477783787358694e+26,1.4333237594161028,100.0
25.06476630053833,1.4875151166570629e+26,1.377516825720582,100.0
25.56476630053833,1.4304140284760033e+26,1.3246382305012379,100.0
26.06476630053833,1.376269882945859e+26,1.2744979188856804,100.0
26.56476630053833,1.3248930366497644e+26,1.2269202711476328,100.0
27.06476630053833,1.2761081063829497e+26,1.1817428732633224,100.0
27.56476630053833,1.2297527632752404e+26,1.1388154002058224,100.0
28.06476630053833,1.1856766373713009e+26,1.0979986015290442,100.0
28.56476630053833,1.1437403218331765e+26,1.0591633792071915,100.0
29.06476630053833,1.1038144678301612e+26,1.0221899494554207,100.0
29.56476630053833,1.0657789610966702e+26,0.9869670801793489,100.0
30.06476630053833,1.0295221725291237e+26,0.9533913969885586,100.0
30.56476630053833,9.949402757439324e+25,0.9213667512195867,100.0
31.06476630053833,9.619366252022259e+25,0.8908036440468854,100.0
31.56476630053833,9.304211891825789e+25,0.8616187013859008,100.0
32.06476630053833,9.00310032310069e+25,0.8337341946879048,100.0
32.56476630053833,8.71524843098451e+25,0.8070776034193295,100.0
33.06476630053833,8.439925021933118e+25,0.7815812152323394,100.0
33.56476630053833,8.176446875079255e+25,0.7571817602999733,100.0
34.06476630053833,7.924175129403159e+25,0.7338200767492412,100.0
34.56476630053833,7.682511973503762e+25,0.7114408041166187,100.0
35.06476630053833,7.450897612714972e+25,0.689992102487146,100.0
35.56476630053833,7.228807486519818e+25,0.6694253948124191,100.0
36.06476630053833,7.0157497139719325e+25,0.6496951303432531,100.0
36.56476630053833,6.8112627478648184e+25,0.6307585673934835,100.0
37.06476630053833,6.614913216678168e+25,0.6125755734929035,100.0
37.56476630053833,6.426293939885536e+25,0.595108441594371,100.0
38.06476630053833,6.24502210019805e+25,0.5783217208140131,100.0
38.56476630053833,6.070737559381539e+25,0.5621820604670804,100.0
39.06476630053833,5.903101305210703e+25,0.5466580662477776,100.0
39.56476630053833,5.741794018014044e+25,0.5317201674838239,100.0
40.06476630053833,5.586514747574445e+25,0.5173404946105244,100.0
40.56476630053833,5.436979689385296e+25,0.5034927658456847,100.0
41.06476630053833,5.292921053713891e+25,0.490152182458964,100.0
41.56476630053833,5.154086018424551e+25,0.4772953317978175,100.0
42.06476630053833,5.020235759599972e+25,0.4649000975179618,100.0
42.56476630053833,4.89114455265416e+25,0.452945576341729,100.0
43.06476630053833,4.766598939156725e+25,0.44141200090163735,100.0
43.56476630053833,4.646396953484336e+25,0.43028066812427,100.0
44.06476630053833,4.530347404497528e+25,0.4195338727097891,100.0
44.56476630053833,4.418269208334652e+25,0.40915484534516383,100.0
45.06476630053833,4.3099907676984345e+25,0.39912769522285935,100.0
45.56476630053833,4.2053493948182025e+25,0.38943735660411893,100.0
46.06476630053833,4.104190773515888e+25,0.3800695390034618,100.0
46.56476630053833,4.006368458896549e+25,0.3710106808574079,100.0
47.06476630053833,3.911743410274538e+25,0.3622479062709969,100.0
47.56476630053833,3.8201835559339794e+25,0.3537689847123312,100.0
48.06476630053833,3.731563386815328e+25,0.3455622933858262,100.0
48.56476630053833,3.6457635770763805e+25,0.33761678209417373,100.0
49.06476630053833,3.5626706296473565e+25,0.32992194041488854,100.0
49.56476630053833,3.4821765448337057e+25,0.3224677670111942,100.0
50.06476630053833,3.404178510249411e+25,0.3152447409182249,100.0
50.56476630053833,3.328578610722956e+25,0.30824379467880014,100.0
51.06476630053833,3.255283556619508e+25,0.3014562891846374,100.0
51.56476630053833,3.1842044292152482e+25,0.29487399009668275,100.0
52.06476630053833,3.115256442277911e+25,0.2884890457662218,100.0
52.56476630053833,3.0483587180447615e+25,0.28229396648926786,100.0
53.06476630053833,2.983434077365783e+25,0.27628160507272337,100.0
53.56476630053833,2.9204088424328006e+25,0.2704451385660646,100.0
54.06476630053833,2.8592126516706067e+25,0.26477805111929126,100.0
54.56476630053833,2.7997782856024738e+25,0.2592741178571619,100.0
55.06476630053833,2.742041503264802e+25,0.25392738973033474,100.0
55.56476630053833,2.685940888184851e+25,0.24873217925209912,100.0
56.06476630053833,2.6314177036211217e+25,0.24368304709287808,100.0
56.56476630053833,2.5784157559763418e+25,0.23877478943155594,100.0
57.06476630053833,2.526881266484239e+25,0.234002426073002,100.0
57.56476630053833,2.4767627499199526e+25,0.22936118921602044,100.0
58.06476630053833,2.4280109005762056e+25,0.22484651289414687,100.0
58.56476630053833,2.3805784844226167e+25,0.2204540229890367,100.0
59.06476630053833,2.3344202376059615e+25,0.21617952783105807,100.0
59.56476630053833,2.2894927703416428e+25,0.21201900929913936,100.0
60.06476630053833,2.2457544764504845e+25,0.20796861444340273,100.0
60.56476630053833,2.203165447608005e+25,0.2040246475441984,100.0
61.06476630053833,2.161687392487944e+25,0.20018356262437223,100.0
61.56476630053833,2.121283560187884e+25,0.19644195635807724,100.0
62.06476630053833,2.0819186677976885e+25,0.1927965613632326,100.0
62.56476630053833,2.0435588320040127e+25,0.1892442398677429,100.0
63.06476630053833,2.00617150405297e+25,0.1857819776867013,100.0
63.56476630053833,1.9697254084246723e+25,0.18240687854333063,100.0
64.06476630053834,1.9341904846057874e+25,0.17911615867681796,100.0
64.56476630053834,1.8995378318367415e+25,0.17590714172561625,100.0
65.06476630053834,1.8657396569314616e+25,0.1727772538952794,100.0
65.56476630053834,1.832769224567538e+25,0.1697240193550715,100.0
66.06476630053834,1.8006008102262457e+25,0.16674505587996638,100.0
66.56476630053834,1.7692096555049725e+25,0.1638380707123446,100.0
67.06476630053834,1.7385719256586388e+25,0.16100085663010708,100.0
67.56476630053834,1.7086646694163619e+25,0.15823128822548754,100.0
68.06476630053834,1.6794657804795206e+25,0.15552731833957223,100.0
68.56476630053834,1.6509539613263764e+25,0.15288697471041815,100.0
69.06476630053834,1.6231086884915405e+25,0.15030835675775034,100.0
69.56476630053834,1.5959101796934167e+25,0.14778963253879085,100.0
70.06476630053834,1.5693393624456634e+25,0.14532903584151607,100.0
70.56476630053834,1.5433778444013336e+25,0.1429248634383688,100.0
71.06476630053834,1.5180078848438446e+25,0.14057547244617302,100.0
71.56476630053834,1.4932123676796447e+25,0.13827927782511334,100.0
72.06476630053834,1.4689747758023215e+25,0.13603475000471751,100.0
72.56476630053834,1.4452791664204548e+25,0.13384041259908636,100.0
73.06476630053834,1.4221101478314371e+25,0.13169484025602812,100.0
73.56476630053834,1.399452856974686e+25,0.12959665657836836,100.0
74.06476630053834,1.3772929382978892e+25,0.1275445321668539,100.0
74.56476630053834,1.3556165233838246e+25,0.12553718273348954,100.0
75.06476630053834,1.3344102116700176e+25,0.12357336731607761,100.0
75.56476630053834,1.3136610519218842e+25,0.12165188656253395,100.0
76.06476630053834,1.2933565245657083e+25,0.1197715810948293,100.0
76.56476630053834,1.2734845249451497e+25,0.11793132995845422,100.0
77.06476630053834,1.254033347123758e+25,0.11613004912244727,100.0
77.56476630053834,1.2349916684976389e+25,0.11436669005444727,100.0
78.06476630053834,1.216348535201425e+25,0.11264023836920993,100.0
78.56476630053834,1.1980933479255417e+25,0.11094971251521238,100.0
79.06476630053834,1.1802158485447725e+25,0.10929416253638843,100.0
79.56476630053834,1.1627061071777513e+25,0.10767266887376988,100.0
80.06476630053834,1.1455545100136158e+25,0.10608434123817079,100.0
80.56476630053834,1.1287517474081256e+25,0.10452831750782589,100.0
81.06476630053834,1.1122888026379248e+25,0.1030037626869764,100.0
81.56476630053834,1.0961569411575682e+25,0.1015098679110144,100.0
82.06476630053834,1.0803477001551907e+25,0.10004584947928324,100.0
82.56476630053834,1.064852878745357e+25,0.09861094794688406,100.0
83.06476630053834,1.0496645284158176e+25,0.0972044272399955,100.0
83.56476630053834,1.0347749439512049e+25,0.09582557381536033,100.0
84.06476630053834,1.0201766546730308e+25,0.09447369584906351,100.0
84.56476630053834,1.0058624160962029e+25,0.09314812246388192,100.0
85.06476630053834,9.918252019180988e+24,0.09184820298743064,100.0
85.56476630053834,9.780581962930942e+24,0.09057330623674399,100.0
86.06476630053834,9.645547864505368e+24,0.08932281983466112,100.0
86.56476630053834,9.513085555892646e+24,0.08809614955182134,100.0
87.06476630053834,9.383132760993523e+24,0.08689271867896232,100.0
87.56476630053834,9.255629030229243e+24,0.08571196742135721,100.0
88.06476630053834,9.130515677446229e+24,0.08455335231451895,100.0
88.56476630053834,9.007735719808829e+24,0.08341634566757561,100.0
89.06476630053834,8.887233819700675e+24,0.08230043502524664,100.0
89.56476630053834,8.768956229257619e+24,0.08120512265418883,100.0
90.06476630053834,8.652850736817735e+24,0.08012992504709529,100.0
90.56476630053834,8.538866615063252e+24,0.07907437244246263,100.0
91.06476630053834,8.426954572096982e+24,0.07803800837153303,100.0
91.56476630053834,8.317066703290717e+24,0.07702038921238533,100.0
92.06476630053834,8.209156445838033e+24,0.07602108376907009,100.0
92.56476630053834,8.103178534677729e+24,0.07503967286343761,100.0
93.06476630053834,7.999088959921177e+24,0.07407574894089299,100.0
93.56476630053834,7.896844926039942e+24,0.07312891569245202,100.0
94.06476630053834,7.796404812676384e+24,0.0721987876918269,100.0
94.56476630053834,7.697728136865972e+24,0.07128499004558521,100.0
95.06476630053834,7.600775516403237e+24,0.07038715805389924,100.0
95.56476630053834,7.505508634630649e+24,0.06950493688447278,100.0
96.06476630053834,7.411890207176501e+24,0.0686379812645164,100.0
96.56476630053834,7.319883948609789e+24,0.06778595517195427,100.0
97.06476630053834,7.229454541666538e+24,0.06694853155044372,100.0
97.56476630053834,7.140567606507928e+24,0.0661253920246896,100.0
98.06476630053834,7.053189671764531e+24,0.06531622663229854,100.0
98.56476630053834,6.967288146373712e+24,0.0645207335629787,100.0
99.06476630053834,6.882831292254337e+24,0.06373861890549325,100.0
99.56476630053834,6.79978819831047e+24,0.06296959640692092,100.0
100.06476630053834,6.718128755010719e+24,0.06221338723724756,100.0
100.56476630053834,6.6378236301717e+24,0.061469719765108226,100.0
101.06476630053834,6.558844245194315e+24,0.06073832933772278,100.0
101.56476630053834,6.481162752500602e+24,0.060018958071949284,100.0
102.06476630053834,6.404752013592736e+24,0.05931135465109884,100.0
102.56476630053834,6.329585577626342e+24,0.05861527412651331,100.0
103.06476630053834,6.255637661516552e+24,0.057930477733336934,100.0
103.56476630053834,6.182883129414054e+24,0.05725673270045385,100.0
104.06476630053834,6.111297474378922e+24,0.05659381208077817,100.0
104.56476630053834,6.040856799378609e+24,0.05594149457528543,100.0
105.06476630053834,5.971537799701451e+24,0.055299564370152474,100.0
105.56476630053834,5.903317745726754e+24,0.05466781097719938,100.0
106.06476630053834,5.836174466242645e+24,0.054046029079404104,100.0
106.56476630053834,5.770086332153576e+24,0.05343401838002539,100.0
107.06476630053834,5.705032241518349e+24,0.05283158346404707,100.0
107.56476630053834,5.640991603621116e+24,0.052238533650667225,100.0
108.06476630053834,5.577944325173748e+24,0.05165468286552483,100.0
108.56476630053834,5.51587079584224e+24,0.05107984950666677,100.0
109.06476630053834,5.45475187467472e+24,0.050513856318864035,100.0
109.56476630053834,5.394568876964123e+24,0.04995653027195326,100.0
110.06476630053834,5.335303561464323e+24,0.04940770244245137,100.0
110.56476630053834,5.27693811787852e+24,0.04886720789769158,100.0
111.06476630053834,5.219455155417543e+24,0.04833488558986715,100.0
111.56476630053834,5.162837690421377e+24,0.04781057824140041,100.0
112.06476630053834,5.10706913596743e+24,0.04729413224870979,100.0
112.56476630053834,5.05213329040397e+24,0.04678539757602343,100.0
113.06476630053834,4.998014327068097e+24,0.04628422766016228,100.0
113.56476630053834,4.944696784154222e+24,0.04579047931671689,100.0
114.06476630053834,4.892165554725262e+24,0.0453040126475458,100.0
114.56476630053834,4.840405877263313e+24,0.044824690953269915,100.0
115.06476630053834,4.789403326341226e+24,0.04435238064688636,100.0
115.56476630053834,4.7391438035828586e+24,0.04388695117005572,100.0
116.06476630053834,4.6896135289427314e+24,0.043428274912347034,100.0
116.56476630053834,4.6407990325077183e+24,0.04297622713531721,100.0
117.06476630053834,4.59268714603808e+24,0.042530685894176565,100.0
117.56476630053834,4.545264994992601e+24,0.04209153196393742,100.0
118.06476630053834,4.4985199912074955e+24,0.04165864877161689,100.0
118.56476630053834,4.452439825056825e+24,0.04123192232363832,100.0
119.06476630053834,4.407012458351375e+24,0.04081124114007114,100.0
119.56476630053834,4.3622261173103585e+24,0.04039649618954515,100.0
120.06476630053834,4.3180692856244926e+24,0.03998758082501097,100.0
120.56476630053834,4.27453069813718e+24,0.03958439072522453,100.0
121.06476630053834,4.231599334172435e+24,0.0391868238329601,100.0
121.56476630053834,4.189264411160775e+24,0.03879478029598278,100.0
122.06476630053834,4.1475153791195916e+24,0.03840816241593379,100.0
122.56476630053834,4.106341914190341e+24,0.03802687458848151,100.0
123.06476630053834,4.0657339132511955e+24,0.03765082325343181,100.0
123.56476630053834,4.025681488400314e+24,0.03727991684364022,100.0
124.06476630053834,3.986174961417764e+24,0.03691406573372647,100.0
124.56476630053834,3.947204858624457e+24,0.03655318219246551,100.0
125.06476630053834,3.908761905805223e+24,0.036197180335772544,100.0
125.56476630053834,3.8708370232765194e+24,0.035845976081027416,100.0
126.06476630053834,3.8334213210710965e+24,0.03549948710248211,100.0
126.56476630053834,3.7965060942264356e+24,0.03515763278762921,100.0
127.06476630053834,3.7600828185306446e+24,0.03482033419780669,100.0
127.56476630053834,3.7241431457090757e+24,0.034487514023623426,100.0
128.06476630053834,3.6886788995172277e+24,0.03415909654877748,100.0
128.56476630053834,3.6536820712848427e+24,0.03383500760879209,100.0
129.06476630053834,3.6191448161973787e+24,0.03351517455658014,100.0
129.56476630053834,3.585059449070888e+24,0.03319952622331732,100.0
130.06476630053834,3.551418440608944e+24,0.03288799288377937,100.0
130.56476630053834,3.5182144138575966e+24,0.03258050622351303,100.0
131.06476630053834,3.485440140401999e+24,0.03227699930361488,100.0
131.56476630053834,3.453088536909615e+24,0.031977406528719575,100.0
132.06476630053834,3.4211526617081087e+24,0.03168166361530937,100.0
132.56476630053834,3.389625711408769e+24,0.03138970756044523,100.0
133.06476630053834,3.358501017836041e+24,0.031101476613332683,100.0
133.56476630053834,3.3277720447170024e+24,0.030816910244664642,100.0
134.06476630053834,3.2974323845644234e+24,0.030535949117756936,100.0
134.56476630053834,3.2674757559019566e+24,0.030258535062852074,100.0
135.06476630053834,3.2378960001843675e+24,0.029984611048598998,100.0
135.56476630053834,3.2086870790521073e+24,0.029714121156628977,100.0
136.06476630053834,3.179843071474944e+24,0.02944701055510415,100.0
136.56476630053834,3.151358171280519e+24,0.029183225475830642,100.0
137.06476630053834,3.1232266843131396e+24,0.028922713187947532,100.0
137.56476630053834,3.095443025964162e+24,0.028665421975056872,100.0
138.06476630053834,3.0680017187716604e+24,0.02841130111299539,100.0
138.56476630053834,3.040897389956853e+24,0.02816030084702049,100.0
139.06476630053834,3.0141247690490137e+24,0.02791237236981571,100.0
139.56476630053834,2.987678685620184e+24,0.027667467800512963,100.0
140.06476630053834,2.9615540670171194e+24,0.027425540163689147,100.0
140.56476630053834,2.935745936263449e+24,0.027186543369939094,100.0
141.06476630053834,2.910249409915865e+24,0.02695043219602272,100.0
141.56476630053834,2.8850596959695146e+24,0.02671716226546788,100.0
142.06476630053834,2.8601720917599175e+24,0.026486690029141037,100.0
142.56476630053834,2.835581982265434e+24,0.026258972749527185,100.0
143.06476630053834,2.8112848379160066e+24,0.0260339684804377,100.0
143.56476630053834,2.7872762128883524e+24,0.025811636051222903,100.0
144.06476630053834,2.763551743208882e+24,0.02559193504920409,100.0
144.56476630053834,2.740107145100149e+24,0.02537482580436082,100.0
145.06476630053834,2.7169382130276485e+24,0.025160269371243212,100.0
145.56476630053834,2.6940408182828324e+24,0.02494822751584994,100.0
146.06476630053834,2.6714109071804857e+24,0.024738662698935,100.0
146.56476630053834,2.6490444994671546e+24,0.024531538061268933,100.0
147.06476630053834,2.6269376867807317e+24,0.024326817409373726,100.0
147.56476630053834,2.605086631124556e+24,0.024124465201392244,100.0
148.06476630053834,2.5834875633787165e+24,0.02392444653330208,100.0
148.56476630053834,2.5621367818475163e+24,0.023726727125464336,100.0
149.06476630053834,2.5410306508421063e+24,0.023531273309498058,100.0
149.56476630053834,2.5201655992973077e+24,0.023338052015471275,100.0
150.06476630053834,2.4995381194217477e+24,0.02314703075940059,100.0
150.56476630053834,2.479144765359886e+24,0.0229581776308608,100.0
151.06476630053834,2.458982151897187e+24,0.022771461280994144,100.0
151.56476630053834,2.4390469533420587e+24,0.022586850912156453,100.0
152.06476630053834,2.419335902083307e+24,0.02240431626455844,100.0
152.56476630053834,2.3998457875286613e+24,0.022223827606435882,100.0
153.06476630053834,2.3805734549568598e+24,0.02204535572341931,100.0
153.56476630053834,2.361515804247203e+24,0.02186887190676906,100.0
154.06476630053834,2.34266978892081e+24,0.021694347944496758,100.0
154.56476630053834,2.32403241497249e+24,0.02152175611054784,100.0
155.06476630053834,2.3056007397156584e+24,0.02135106915410492,100.0
155.56476630053834,2.2873718709983763e+24,0.02118226029232784,100.0
156.06476630053834,2.2693429659512461e+24,0.02101530319875858,100.0
156.56476630053834,2.2515112300834544e+24,0.02085017199495011,100.0
157.06476630053834,2.2338739162849126e+24,0.0206868412412257,100.0
157.56476630053834,2.2164283239798735e+24,0.020525285928840977,100.0
158.06476630053834,2.19917179809864e+24,0.020365481470461397,100.0
158.56476630053834,2.182101728207559e+24,0.02020740369210554,100.0
159.06476630053834,2.165215547630018e+24,0.020051028825005066,100.0
159.56476630053834,2.1485107325843533e+24,0.01989633349762132,100.0
160.06476630053834,2.1319848013412587e+24,0.019743294727842472,100.0
160.56476630053834,2.1156353133632055e+24,0.01959188991501409,100.0
161.06476630053834,2.0994598685986179e+24,0.019442096833402873,100.0
161.56476630053834,2.0834561066101765e+24,0.01929389362412424,100.0
162.06476630053834,2.0676217058252722e+24,0.019147258788201175,100.0
162.56476630053834,2.0519543827374828e+24,0.01900217117916946,100.0
163.06476630053834,2.036451891282075e+24,0.018858609997294513,100.0
163.56476630053834,2.021112022068749e+24,0.018716554782466192,100.0
164.06476630053834,2.0059326015419565e+24,0.018575985406422895,100.0
164.56476630053834,1.99091149159094e+24,0.018436882069140344,100.0
165.06476630053834,1.976046588534622e+24,0.0182992252894311,100.0
165.56476630053834,1.9613358227765885e+24,0.01816299590174954,100.0
166.06476630053834,1.9467771578561278e+24,0.01802817504740399,100.0
166.56476630053834,1.9323685901443203e+24,0.017894744171742343,100.0
167.06476630053834,1.9181081479365415e+24,0.017762685015748163,100.0
167.56476630053834,1.903993891011364e+24,0.017631979611955905,100.0
168.06476630053834,1.8900239100429626e+24,0.01750261027900945,100.0
168.56476630053834,1.8761963259461117e+24,0.017374559615596464,100.0
169.06476630053834,1.8625092893245156e+24,0.017247810495339626,100.0
169.56476630053834,1.8489609799954733e+24,0.017122346062394805,100.0
170.06476630053834,1.835549606390391e+24,0.01699814972589946,100.0
170.56476630053834,1.8222734050215327e+24,0.016875205155034483,100.0
171.06476630053834,1.809130639977426e+24,0.016753496274351402,100.0
171.56476630053834,1.796119602415915e+24,0.016633007259077775,100.0
172.06476630053834,1.7832386100679234e+24,0.01651372253052179,100.0
172.56476630053834,1.7704860067516912e+24,0.016395626751573817,100.0
173.06476630053834,1.7578601618971679e+24,0.016278704822302068,100.0
173.56476630053834,1.745359470080419e+24,0.01616294187564094,100.0
174.06476630053834,1.7329823505676985e+24,0.0160483232731689,100.0
174.56476630053834,1.7207272468587118e+24,0.01593483460087884,100.0
175.06476630053834,1.7085926262485193e+24,0.01582246166512111,100.0
175.56476630053834,1.6965769794587142e+24,0.015711190489187992,100.0
176.06476630053834,1.684678820144082e+24,0.015601007308745135,100.0
176.56476630053834,1.6728966844870242e+24,0.015491898568075707,100.0
177.06476630053834,1.6612291308144499e+24,0.015383850916532582,100.0
177.56476630053834,1.6496747392683127e+24,0.01527685120548738,100.0
178.06476630053834,1.6382321112740751e+24,0.01517088648340814,100.0
178.56476630053834,1.6268998692970453e+24,0.015065943993602877,100.0
179.06476630053834,1.6156766564207642e+24,0.014962011170315235,100.0
179.56476630053834,1.604561135937618e+24,0.014859075634933341,100.0
180.06476630053834,1.5935519911115074e+24,0.014757125193791989,100.0
180.56476630053834,1.5826479246857257e+24,0.014656147833615338,100.0
181.06476630053834,1.5718476586662778e+24,0.014556131719510344,100.0
181.56476630053834,1.561149933925375e+24,0.014457065191294898,100.0
182.06476630053834,1.5505535098307164e+24,0.014358936760064786,100.0
182.56476630053834,1.540057164069524e+24,0.014261735106564165,100.0
183.06476630053834,1.5296596921771197e+24,0.014165449076819934,100.0
183.56476630053834,1.5193599072720252e+24,0.014070067679688616,100.0
184.06476630053834,1.5091566398471042e+24,0.013975580084922237,100.0
184.56476630053834,1.499048737356394e+24,0.013881975619342164,100.0
185.06476630053834,1.4890350639681025e+24,0.01378924376455173,100.0
185.56476630053834,1.4791145002617278e+24,0.013697374154131399,100.0
186.06476630053834,1.4692859429987148e+24,0.013606356571514924,100.0
186.56476630053834,1.4595483048104248e+24,0.013516180947099799,100.0
187.06476630053834,1.4499005139268375e+24,0.01342683735573488,100.0
187.56476630053834,1.4403415139217185e+24,0.013338316014360502,100.0
188.06476630053834,1.4308702634543384e+24,0.013250607279616682,100.0
188.56476630053834,1.4214857360161642e+24,0.01316370164549732,100.0
189.06476630053834,1.4121869196824666e+24,0.013077589741049988,100.0
189.56476630053834,1.4029728168686816e+24,0.012992262328119673,100.0
190.06476630053834,1.39384244409146e+24,0.012907710299136,100.0
190.56476630053834,1.3847948317342915e+24,0.012823924674942776,100.0
191.06476630053834,1.3758290238176008e+24,0.012740896602668956,100.0
191.56476630053834,1.3669440777530968e+24,0.012658617353453796,100.0
192.06476630053834,1.3581390641737377e+24,0.012577078320872244,100.0
192.56476630053834,1.349413066680299e+24,0.01249627101858801,100.0
193.06476630053834,1.3407651816281985e+24,0.012416187078379473,100.0
193.56476630053834,1.3321945179191822e+24,0.012336818248210571,100.0
194.06476630053834,1.3237001967721994e+24,0.012258156390108995,100.0
194.56476630053834,1.3152813516210384e+24,0.012180193479218228,100.0
195.06476630053834,1.3069371278115468e+24,0.012102921600993658,100.0
195.56476630053834,1.2986666823942346e+24,0.012026332949281973,100.0
196.06476630053834,1.290469184074808e+24,0.011950419825863074,100.0
196.56476630053834,1.2823438128807857e+24,0.011875174637362772,100.0
197.06476630053834,1.2742897600210843e+24,0.01180058989395247,100.0
197.56476630053834,1.2663062277862694e+24,0.011726658208425432,100.0
198.06476630053834,1.2583924291989703e+24,0.011653372292959463,100.0
198.56476630053834,1.250547588077566e+24,0.011580724959706645,100.0
199.06476630053834,1.2427709385961775e+24,0.011508709116718653,100.0
199.56476630053834,1.235061725392873e+24,0.011437317768948789,100.0
200.06476630053834,1.2274192031482403e+24,0.011366544014349344,100.0
200.56476630053834,1.2198426366428648e+24,0.011296381044403864,100.0
201.06476630053834,1.2123313004465302e+24,0.011226822141248996,100.0
201.56476630053834,1.2048844788235039e+24,0.01115786067679738,100.0
202.06476630053834,1.1975014656170689e+24,0.011089490111668352,100.0
202.56476630053834,1.190181564003686e+24,0.011021703992911356,100.0
203.06476630053834,1.1829240864319249e+24,0.010954495953440418,100.0
203.56476630053834,1.1757283544622783e+24,0.010887859710550736,100.0
204.06476630053834,1.1685936985914929e+24,0.010821789064291891,100.0
204.56476630053834,1.1615194581039541e+24,0.010756277896091607,100.0
205.06476630053834,1.154504981026997e+24,0.010691320168341891,100.0
205.56476630053834,1.1475496239036099e+24,0.010626909922294151,100.0
206.06476630053834,1.140652751690843e+24,0.010563041277118417,100.0
206.56476630053834,1.1338137376313849e+24,0.01049970842871406,100.0
207.06476630053834,1.127031963118241e+24,0.010436905648456653,100.0
207.56476630053834,1.1203068175890085e+24,0.010374627282218891,100.0
208.06476630053834,1.1136376983975555e+24,0.01031286774918229,100.0
208.56476630053834,1.1070240106798802e+24,0.010251621540594955,100.0
209.06476630053834,1.1004651672439124e+24,0.010190883218751093,100.0
209.56476630053834,1.0939605884531436e+24,0.010130647415913368,100.0
210.06476630053834,1.087509702112292e+24,0.01007090883325409,100.0
210.56476630053834,1.0811119433549543e+24,0.010011662239814827,100.0
211.06476630053834,1.0747667545332038e+24,0.009952902471484013,100.0
211.56476630053834,1.0684735851091042e+24,0.009894624429992309,100.0
212.06476630053834,1.0622318915480871e+24,0.009836823081925235,100.0
212.56476630053834,1.0560411372141854e+24,0.009779493457752964,100.0
213.06476630053834,1.0499007922670463e+24,0.009722630650876612,100.0
213.56476630053834,1.0438103335458992e+24,0.009666229816553724,100.0
214.06476630053834,1.0377692445114955e+24,0.009610286171360598,100.0
214.56476630053834,1.0317770151110031e+24,0.009554794991941151,100.0
215.06476630053834,1.0258331416916475e+24,0.009499751614207172,100.0
215.56476630053834,1.019937126907207e+24,0.009445151432472439,100.0
216.06476630053834,1.0140884796177842e+24,0.009390989898524528,100.0
216.56476630053834,1.0082867147997015e+24,0.009337262520790424,100.0
217.06476630053834,1.0025313534944835e+24,0.009283964863864043,100.0
217.56476630053834,9.968219226689808e+23,0.009231092547210936,100.0
218.06476630053834,9.911579551309347e+23,0.009178641244386344,100.0
218.56476630053834,9.855389894747012e+23,0.009126606682532597,100.0
219.06476630053834,9.799645700028451e+23,0.009074984641653018,100.0
219.56476630053834,9.744342465898895e+23,0.009023770953350186,100.0
220.06476630053834,9.689475746437074e+23,0.008972961500468387,100.0
220.56476630053834,9.635041150482667e+23,0.008922552216563419,100.0
221.06476630053834,9.581034339972469e+23,0.008872539084361782,100.0
221.56476630053834,9.527451030293985e+23,0.008822918136088136,100.0
222.06476630053834,9.474286988679314e+23,0.008773685451977941,100.0
222.56476630053834,9.421538033695731e+23,0.008724837159805718,100.0
223.06476630053834,9.369200034891706e+23,0.008676369434557242,100.0
223.56476630053834,9.317268911234535e+23,0.008628278496982708,100.0
224.06476630053834,9.265740631548869e+23,0.00858056061400283,100.0
224.56476630053834,9.214611212510925e+23,0.008533212096851376,100.0
225.06476630053834,9.16387671928181e+23,0.008486229301661654,100.0
225.56476630053834,9.113533263640935e+23,0.008439608627737969,100.0
226.06476630053834,9.063577004242833e+23,0.008393346517793433,100.0
226.56476630053834,9.01400414544668e+23,0.008347439456866055,100.0
227.06476630053834,8.964810936650635e+23,0.008301883971702296,100.0
227.56476630053834,8.91599367225142e+23,0.00825667663071964,100.0
228.06476630053834,8.867548690024995e+23,0.00821181404250702,100.0
228.56476630053834,8.81947237154864e+23,0.008167292856215676,100.0
229.06476630053834,8.771761141031653e+23,0.00812310976047633,100.0
229.56476630053834,8.724411464458664e+23,0.008079261482605848,100.0
230.06476630053834,8.677419849856707e+23,0.008035744788854564,100.0
230.56476630053834,8.63078284605701e+23,0.007992556483259625,100.0
231.06476630053834,8.58449704213453e+23,0.00794969340712598,100.0
231.56476630053834,8.538559067111855e+23,0.007907152438752172,100.0
232.06476630053834,8.492965589493012e+23,0.007864930492998629,100.0
232.56476630053834,8.447713316397451e+23,0.007823024520485673,100.0
233.06476630053834,8.402798993145415e+23,0.007781431507209562,100.0
233.56476630053834,8.358219402697627e+23,0.007740148474023608,100.0
234.06476630053834,8.313971365492885e+23,0.007699172476487782,100.0
234.56476630053834,8.270051738499993e+23,0.007658500603990754,100.0
235.06476630053834,8.226457414884903e+23,0.007618129979441638,100.0
235.56476630053834,8.183185323520338e+23,0.007578057758815898,100.0
236.06476630053834,8.1402324285031e+23,0.0075382811307083296,100.0
236.56476630053834,8.097595728605704e+23,0.0074987973158252555,100.0
237.06476630053834,8.055272257017722e+23,0.007459603566744993,100.0
237.56476630053834,8.013259080710415e+23,0.007420697167329475,100.0
238.06476630053834,7.971553299997336e+23,0.0073820754323173365,100.0
238.56476630053834,7.930152048112394e+23,0.007343735706933187,100.0
239.06476630053834,7.889052490770215e+23,0.007305675366480478,100.0
239.56476630053834,7.848251825733244e+23,0.007267891815940619,100.0
240.06476630053834,7.80774728238545e+23,0.007230382489578204,100.0
240.56476630053834,7.767536121312627e+23,0.007193144850552352,100.0
241.06476630053834,7.72761563388901e+23,0.0071561763905338876,100.0
241.56476630053834,7.687983141870251e+23,0.007119474629328414,100.0
242.06476630053834,7.64863599699253e+23,0.007083037114505079,100.0
242.56476630053834,7.609571580577767e+23,0.00704686142103097,100.0
243.06476630053834,7.570787303144845e+23,0.007010945150911087,100.0
243.56476630053834,7.532280604026642e+23,0.006975285932833698,100.0
244.06476630053834,7.494048950958842e+23,0.006939881421789562,100.0
244.56476630053834,7.456089839744423e+23,0.00690472929876121,100.0
245.06476630053834,7.418400793973723e+23,0.0068698272704637315,100.0
245.56476630053834,7.380979364520477e+23,0.006835173068878063,100.0
246.06476630053834,7.343823129242374e+23,0.0068007644509736976,100.0
246.56476630053834,7.306929692631333e+23,0.006766599198384819,100.0
247.06476630053834,7.270296685468945e+23,0.00673267511709122,100.0
247.56476630053834,7.233921764376727e+23,0.006698990037001819,100.0
248.06476630053834,7.197802611751676e+23,0.0066655418118949745,100.0
248.56476630053834,7.161936935280579e+23,0.00663232831896872,100.0
249.06476630053834,7.126322467559924e+23,0.00659934745848877,100.0
249.56476630053834,7.090956965795654e+23,0.006566597153510481,100.0
250.06476630053834,7.055838211409476e+23,0.006534075349514278,100.0
250.56476630053834,7.020964010152809e+23,0.006501780014511172,100.0
251.06476630053834,6.986332191319239e+23,0.006469709138313449,100.0
251.56476630053834,6.951940607493501e+23,0.006437860732302221,100.0
252.06476630053834,6.91778713448334e+23,0.006406232829364319,100.0
252.56476630053834,6.883869671042899e+23,0.006374823483636144,100.0
253.06476630053834,6.85018613825433e+23,0.006343630769930994,100.0
253.56476630053834,6.816734479431843e+23,0.006312652783650225,100.0
254.06476630053834,6.783512660134652e+23,0.006281887640795223,100.0
254.56476630053834,6.750518667298744e+23,0.006251333477163388,100.0
255.06476630053834,6.717750509395762e+23,0.006220988448495265,100.0
255.56476630053834,6.685206216218345e+23,0.006190850730275752,100.0
256.06476630053834,6.652883838027252e+23,0.006160918516944303,100.0
256.56476630053834,6.620781446200059e+23,0.006131190022495645,100.0
257.06476630053834,6.588897132156169e+23,0.006101663479484289,100.0
257.56476630053834,6.557229007499254e+23,0.006072337139156432,100.0
258.06476630053834,6.525775203855272e+23,0.006043209271299957,100.0
258.56476630053834,6.494533872130919e+23,0.006014278163557717,100.0
259.06476630053834,6.463503183101659e+23,0.0059855421219720895,100.0
259.56476630053834,6.432681326079532e+23,0.005956999469751283,100.0
260.06476630053834,6.402066509958674e+23,0.005928648548237559,100.0
260.56476630053834,6.371656961596401e+23,0.005900487715408018,100.0
261.06476630053834,6.341450927004249e+23,0.005872515346977573,100.0
261.56476630053834,6.311446669713801e+23,0.005844729834885618,100.0
262.06476630053834,6.281642471907445e+23,0.005817129588343165,100.0
262.56476630053834,6.252036632969116e+23,0.005789713032490763,100.0
263.06476630053834,6.222627470298433e+23,0.005762478609152422,100.0
263.56476630053834,6.193413318332164e+23,0.005735424775929446,100.0
264.06476630053834,6.164392528773425e+23,0.005708550006412684,100.0
264.56476630053834,6.135563470329543e+23,0.0056818527899397675,100.0
265.06476630053834,6.10692452811942e+23,0.005655331631046309,100.0
265.56476630053834,6.078474104241133e+23,0.0056289850499915235,100.0
266.06476630053834,6.050210616722306e+23,0.005602811581786223,100.0
266.56476630053834,6.022132499893036e+23,0.00557680977653816,100.0
267.06476630053834,5.994238204102072e+23,0.005550978199189195,100.0
267.56476630053834,5.9665261951423235e+23,0.005525315428983295,100.0
268.06476630053834,5.9389949546763905e+23,0.005499820059860586,100.0
268.56476630053834,5.91164297965596e+23,0.0054744906999196884,100.0
269.06476630053834,5.884468782010041e+23,0.00544932597112901,100.0
269.56476630053834,5.857470888933523e+23,0.005424324509593959,100.0
270.06476630053834,5.83064784239931e+23,0.005399484965105159,100.0
270.56476630053834,5.8039981989084275e+23,0.005374806000907038,100.0
271.06476630053834,5.777520529462769e+23,0.005350286293672579,100.0
271.56476630053834,5.7512134195376775e+23,0.005325924533477943,100.0
272.06476630053834,5.725075468627227e+23,0.005301719423381368,100.0
272.56476630053834,5.69910529011773e+23,0.005277669679306029,100.0
273.06476630053834,5.6733015112970136e+23,0.005253774030048636,100.0
273.56476630053834,5.647662773165537e+23,0.005230031217104507,100.0
274.06476630053834,5.622187730134263e+23,0.005206439994387793,100.0
274.56476630053834,5.596875049944312e+23,0.005182999128157066,100.0
275.06476630053834,5.5717234133966e+23,0.005159707396764955,100.0
275.56476630053834,5.5467315145430296e+23,0.005136563590835191,100.0
276.06476630053834,5.5218980601988666e+23,0.005113566512811051,100.0
276.56476630053834,5.497221769892682e+23,0.0050907149769089995,100.0
277.06476630053834,5.4727013757268695e+23,0.005068007808989512,100.0
277.56476630053834,5.448335622232359e+23,0.005045443846422545,100.0
278.06476630053834,5.4241232661449284e+23,0.005023021937880379,100.0
278.56476630053834,5.400063076508009e+23,0.0050007409434328276,100.0
279.06476630053834,5.3761538342890074e+23,0.00497859973419193,100.0
279.56476630053834,5.3523943323184115e+23,0.004956597192255555,100.0
280.06476630053834,5.328783375157269e+23,0.00493473221058469,100.0
280.56476630053834,5.305319778963089e+23,0.004913003692879248,100.0
281.06476630053834,5.282002371357491e+23,0.004891410553455508,100.0
281.56476630053834,5.2588299912955575e+23,0.004869951717125131,100.0
282.06476630053834,5.235801488936973e+23,0.004848626119075825,100.0
282.56476630053834,5.21291572551877e+23,0.004827432704753499,100.0
283.06476630053834,5.190171573229782e+23,0.004806370429746008,100.0
283.56476630053834,5.1675679150866963e+23,0.00478543825966836,100.0
284.06476630053834,5.1451036447975186e+23,0.0047646351700362894,100.0
284.56476630053834,5.122777666688542e+23,0.004743960146198616,100.0
285.06476630053834,5.100588895532859e+23,0.0047234121831784435,100.0
285.56476630053834,5.0785362564512027e+23,0.004702990285581332,100.0
286.06476630053834,5.0566186847963034e+23,0.004682693467488209,100.0
286.56476630053834,5.034835126038212e+23,0.0046625207523491655,100.0
287.06476630053834,5.0131845356447385e+23,0.0046424711728727435,100.0
287.56476630053834,4.991665878975078e+23,0.004622543770927425,100.0
288.06476630053834,4.9702781311879775e+23,0.004602737597456591,100.0
288.56476630053834,4.9490202771062703e+23,0.0045830517123530675,100.0
289.06476630053834,4.9278913111188564e+23,0.004563485184368363,100.0
289.56476630053834,4.9068902370746674e+23,0.00454403709101447,100.0
290.06476630053834,4.8860160681779344e+23,0.004524706518466876,100.0
290.56476630053834,4.8652678268848216e+23,0.004505492561468843,100.0
291.06476630053834,4.8446445448013695e+23,0.004486394323236897,100.0
291.56476630053834,4.824145262582718e+23,0.004467410915367505,100.0
292.06476630053834,4.8037690298336064e+23,0.00444854145774493,100.0
292.56476630053834,4.783514905010157e+23,0.004429785078450279,100.0
293.06476630053834,4.7633819553203715e+23,0.004411140913669358,100.0
293.56476630053834,4.743369256564082e+23,0.004392608107544456,100.0
294.06476630053834,4.723475893242431e+23,0.004374185812275732,100.0
294.56476630053834,4.703700958259289e+23,0.00435587318784471,100.0
295.06476630053834,4.684043552896953e+23,0.0043376694019917755,100.0
295.56476630053834,4.6645027867251255e+23,0.004319573630131886,100.0
296.06476630053834,4.645077777510955e+23,0.004301585055271261,100.0
296.56476630053834,4.6257676510611906e+23,0.004283702867861211,100.0
297.06476630053834,4.6065715413094385e+23,0.0042659262658789445,100.0
297.56476630053834,4.5874885901159e+23,0.0042482544546421095,100.0
298.06476630053834,4.568517947160672e+23,0.004230686646709983,100.0
298.56476630053834,4.54965876988825e+23,0.004213222061832089,100.0
299.06476630053834,4.530910223334717e+23,0.004195859926788152,100.0
299.56476630053834,4.5122714802835255e+23,0.004178599475532369,100.0
300.06476630053834,4.493741721002888e+23,0.004161439948950217,100.0
300.56476630053834,4.475320133170923e+23,0.004144380594789132,100.0
301.06476630053834,4.457005911749176e+23,0.004127420667541384,100.0
301.56476630053834,4.4387982590673096e+23,0.004110559428522507,100.0
302.06476630053834,4.420696384697709e+23,0.004093796145755174,100.0
302.56476630053834,4.402699505281669e+23,0.004077130093808237,100.0
303.06476630053834,4.3848068443899875e+23,0.004060560553667634,100.0
303.56476630053834,4.367017632782858e+23,0.004044086812977055,100.0
304.06476630053834,4.3493311080501116e+23,0.004027708165704794,100.0
304.56476630053834,4.331746514518391e+23,0.004011423912057786,100.0
305.06476630053834,4.314263103321304e+23,0.003995233358546571,100.0
305.56476630053834,4.296880132379641e+23,0.003979135817966973,100.0
306.06476630053834,4.279596866094514e+23,0.003963130609115934,100.0
306.56476630053834,4.262412575400981e+23,0.003947217056841177,100.0
307.06476630053834,4.2453265378844615e+23,0.003931394492148999,100.0
307.56476630053834,4.228338037364065e+23,0.003915662251818426,100.0
308.06476630053834,4.211446364023904e+23,0.003900019678522808,100.0
308.56476630053834,4.194650814471999e+23,0.0038844661208843703,100.0
309.06476630053834,4.177950691312808e+23,0.0038690009330783525,100.0
309.56476630053834,4.161345303445923e+23,0.0038536234751096188,100.0
310.06476630053834,4.144833965883201e+23,0.003838333112643309,100.0
310.56476630053834,4.128415999404712e+23,0.0038231292166862304,100.0
311.06476630053834,4.112090731110034e+23,0.0038080111640973868,100.0
311.56476630053834,4.0958574937268844e+23,0.0037929783369477312,100.0
312.06476630053834,4.079715625897802e+23,0.003778030122785653,100.0
312.56476630053834,4.0636644721352455e+23,0.003763165914595393,100.0
313.06476630053834,4.04770338241332e+23,0.003748385110418962,100.0
313.56476630053834,4.0318317127144316e+23,0.003733687113862374,100.0
314.06476630053834,4.0160488242846875e+23,0.0037190713334061035,100.0
314.56476630053834,4.000354084169136e+23,0.0037045371829007487,100.0
315.06476630053834,3.9847468647355484e+23,0.0036900840811260284,100.0
315.56476630053834,3.9692265438489845e+23,0.0036757114519524363,100.0
316.06476630053834,3.953792504763166e+23,0.0036614187242406506,100.0
316.56476630053834,3.938444135967928e+23,0.003647205331700264,100.0
317.06476630053834,3.923180831358944e+23,0.0036330707130469595,100.0
317.56476630053834,3.9080019898599326e+23,0.0036190143116526506,100.0
318.06476630053834,3.892907015770388e+23,0.003605035575867502,100.0
318.56476630053834,3.877895318261237e+23,0.003591133958552879,100.0
319.06476630053834,3.862966311803401e+23,0.0035773089174782197,100.0
319.56476630053834,3.848119415632444e+23,0.0035635599148252707,100.0
320.06476630053834,3.833354054163856e+23,0.0035498864175726613,100.0
320.56476630053834,3.818669656519294e+23,0.003536287897057175,100.0
321.06476630053834,3.804065656837401e+23,0.003522763829261591,100.0
321.56476630053834,3.7895414939512635e+23,0.003509313694515987,100.0
322.06476630053834,3.775096611506521e+23,0.0034959369776071153,100.0
322.56476630053834,3.76073045787686e+23,0.0034826331677001486,100.0
323.06476630053834,3.746442486003902e+23,0.0034694017581904063,100.0
323.56476630053834,3.732232153634785e+23,0.0034562422469233667,100.0
324.06476630053834,3.718098922801124e+23,0.0034431541357121584,100.0
324.56476630053834,3.704042260404541e+23,0.003430136930879792,100.0
325.06476630053834,3.690061637531775e+23,0.0034171901426249137,100.0
325.56476630053834,3.6761565298952634e+23,0.0034043132854298104,100.0
326.06476630053834,3.66232641754817e+23,0.0033915058777965077,100.0
326.56476630053834,3.648570784795767e+23,0.003378767442164706,100.0
327.06476630053834,3.634889120463269e+23,0.0033660975051598087,100.0
327.56476630053834,3.6212809174016536e+23,0.0033534955971352867,100.0
328.06476630053834,3.6077456728650094e+23,0.003340961252522124,100.0
328.56476630053834,3.5942828882601367e+23,0.003328494009596928,100.0
329.06476630053834,3.580892068965541e+23,0.0033160934103143177,100.0
329.56476630053834,3.5675727247359926e+23,0.00330375900068156,100.0
330.06476630053834,3.554324369200575e+23,0.00329149033029374,100.0
330.56476630053834,3.541146519996552e+23,0.003279286952457724,100.0
331.06476630053834,3.528038698900443e+23,0.0032671484243135514,100.0
331.56476630053834,3.515000431476995e+23,0.0032550743065093523,100.0
332.06476630053834,3.502031247225414e+23,0.003243064163336776,100.0
332.56476630053834,3.489130679618221e+23,0.0032311175627669666,100.0
333.06476630053834,3.4762982658326226e+23,0.003219234076201804,100.0
333.56476630053834,3.463533546846641e+23,0.00320741327856292,100.0
334.06476630053834,3.450836067513571e+23,0.003195654748360651,100.0
334.56476630053834,3.438205376310284e+23,0.0031839580674609567,100.0
335.06476630053834,3.4256410253236346e+23,0.00317232282107283,100.0
335.56476630053834,3.413142570482612e+23,0.0031607485979632797,100.0
336.06476630053834,3.4007095712253146e+23,0.003149234990148935,100.0
336.56476630053834,3.388341590497179e+23,0.0031377815928944034,100.0
337.06476630053834,3.37603819490046e+23,0.003126388004850696,100.0
337.56476630053834,3.363798954545058e+23,0.00311505382791709,100.0
338.06476630053834,3.3516234429830784e+23,0.003103778667180523,100.0
338.56476630053834,3.339511237116822e+23,0.0030925621308303874,100.0
339.06476630053834,3.3274619174498266e+23,0.003081403830391012,100.0
339.56476630053834,3.3154750677737076e+23,0.003070303380431656,100.0
340.06476630053834,3.30355027522478e+23,0.0030592603986189463,100.0
340.56476630053834,3.291687130172044e+23,0.0030482745056131444,100.0
341.06476630053834,3.2798852264337266e+23,0.0030373453252686765,100.0
341.56476630053834,3.2681441610049696e+23,0.003026472484381959,100.0
342.06476630053834,3.2564635340992206e+23,0.0030156556127297275,100.0
342.56476630053834,3.2448429490825345e+23,0.003004894343008196,100.0
343.06476630053834,3.233282012527483e+23,0.002994188310882982,100.0
343.56476630053834,3.221780334174415e+23,0.0029835371549532313,100.0
344.06476630053834,3.210337526828542e+23,0.0029729405166563083,100.0
344.56476630053834,3.1989532063696264e+23,0.002962398040276778,100.0
345.06476630053834,3.1876269916888126e+23,0.0029519093728878998,100.0
345.56476630053834,3.1763585047326895e+23,0.0029414741643924345,100.0
346.06476630053834,3.1651473704666986e+23,0.00293109206748876,100.0
346.56476630053834,3.153993216784522e+23,0.002920762737586956,100.0
347.06476630053834,3.142895674513801e+23,0.002910485832814103,100.0
347.56476630053834,3.1318543773888954e+23,0.0029002610139890555,100.0
348.06476630053834,3.1208689619867174e+23,0.0028900879445630198,100.0
348.56476630053834,3.109939067796228e+23,0.002879966290683911,100.0
349.06476630053834,3.099064337129276e+23,0.0028698957211137867,100.0
349.56476630053834,3.088244415080626e+23,0.002859875907191831,100.0
350.06476630053834,3.077478949519925e+23,0.0028499065228269125,100.0
350.56476630053834,3.066767591066196e+23,0.0028399872444739667,100.0
351.06476630053834,3.056109993062554e+23,0.0028301177511105805,100.0
351.56476630053834,3.045505811534197e+23,0.002820297724198091,100.0
352.06476630053834,3.034954705192439e+23,0.002810526847685319,100.0
352.56476630053834,3.0244563354281125e+23,0.0028008048080024575,100.0
353.06476630053834,3.014010366233386e+23,0.002791131293988675,100.0
353.56476630053834,3.003616464202176e+23,0.0027815059968924953,100.0
354.06476630053834,2.9932742985064112e+23,0.002771928610349814,100.0
354.56476630053834,2.9829835408726033e+23,0.0027623988303622058,100.0
355.06476630053834,2.9727438655586017e+23,0.0027529163552753966,100.0
355.56476630053834,2.9625549493306543e+23,0.00274348088575802,100.0
356.06476630053834,2.9524164714406416e+23,0.0027340921247805345,100.0
356.56476630053834,2.942328113603619e+23,0.002724749777594431,100.0
357.06476630053834,2.93228955996271e+23,0.0027154535516997133,100.0
357.56476630053834,2.9223004970983464e+23,0.002706203156853465,100.0
358.06476630053834,2.9123606139913327e+23,0.002696998305035637,100.0
358.56476630053834,2.9024696019890165e+23,0.002687838710417725,100.0
359.06476630053834,2.8926271547928873e+23,0.0026787240893512824,100.0
359.56476630053834,2.8828329684374476e+23,0.002669654160348355,100.0
360.06476630053834,2.8730867412693044e+23,0.0026606286440621174,100.0
360.56476630053834,2.8633881739264604e+23,0.0026516472632676985,100.0
361.06476630053834,2.8537369693178442e+23,0.0026427097428432214,100.0
361.56476630053834,2.844132832603018e+23,0.002633815809751015,100.0
362.06476630053834,2.834575471172136e+23,0.002624965193019052,100.0
362.56476630053834,2.8250645946260754e+23,0.0026161576237225506,100.0
363.06476630053834,2.8155999147567673e+23,0.002607392834965761,100.0
363.56476630053834,2.806181145527756e+23,0.0025986705618639585,100.0
364.06476630053834,2.7968080030549498e+23,0.0025899905415256216,100.0
364.56476630053834,2.7874802055875378e+23,0.0025813525130347586,100.0
365.06476630053834,2.778197473489149e+23,0.0025727562174334574,100.0
365.56476630053834,2.7689595292191545e+23,0.0025642013977045766,100.0
366.06476630053834,2.7597660973142046e+23,0.002555687798754641,100.0
366.56476630053834,2.7506169043699108e+23,0.0025472151673968826,100.0
367.06476630053834,2.7415116790227595e+23,0.0025387832523344894,100.0
367.56476630053834,2.732450151932161e+23,0.002530391804143983,100.0
368.06476630053834,2.7234320557627086e+23,0.002522040575258791,100.0
368.56476630053834,2.714457125166622e+23,0.002513729319952984,100.0
369.06476630053834,2.7055250967663302e+23,0.002505457794325152,100.0
369.56476630053834,2.6966357091372906e+23,0.0024972257562824907,100.0
370.06476630053834,2.6877887027909228e+23,0.0024890329655249985,100.0
370.56476630053834,2.6789838201577253e+23,0.00248087918352984,100.0
371.06476630053834,2.6702208055648805e+23,0.0024727641735306093,100.0
371.56476630053834,2.6614994052224473e+23,0.002464687700504543,100.0
372.06476630053834,2.6528193672319317e+23,0.0024566495311804555,100.0
372.56476630053834,2.6441804415348518e+23,0.0024486494339911098,100.0
373.06476630053834,2.635582379909985e+23,0.0024406871790706667,100.0
373.56476630053834,2.6270249359574367e+23,0.002432762538239931,100.0
374.06476630053834,2.618507865082932e+23,0.0024248752849918087,100.0
374.56476630053834,2.6100309244822452e+23,0.002417025194476882,100.0
375.06476630053834,2.60159387312578e+23,0.0024092120434891337,100.0
375.56476630053834,2.593196471743297e+23,0.002401435610451804,100.0
376.06476630053834,2.584838482808815e+23,0.002393695675403406,100.0
376.56476630053834,2.5765196705256336e+23,0.0023859920199838587,100.0
377.06476630053834,2.568239800780431e+23,0.0023783244273919775,100.0
377.56476630053834,2.5599986412190415e+23,0.0023706926824556473,100.0
378.06476630053834,2.5517959611461673e+23,0.0023630965715389527,100.0
378.56476630053834,2.5436315315355632e+23,0.0023555358825516075,100.0
379.06476630053834,2.5355051250176113e+23,0.0023480104049374497,100.0
379.56476630053834,2.5274165158652532e+23,0.0023405199296614126,100.0
380.06476630053834,2.5193654799800033e+23,0.002333064249196574,100.0
380.56476630053834,2.511351794872154e+23,0.002325643157505824,100.0
381.06476630053834,2.503375239629651e+23,0.0023182564500130423,100.0
381.56476630053834,2.4954355949917975e+23,0.0023109039236713503,100.0
382.06476630053834,2.4875326432375006e+23,0.0023035853768596263,100.0
382.56476630053834,2.4796661682064327e+23,0.0022963006094020963,100.0
383.06476630053834,2.4718359552858823e+23,0.002289049422556162,100.0
383.56476630053834,2.4640417913976914e+23,0.002281831619000299,100.0
384.06476630053834,2.456283464948462e+23,0.002274647002787951,100.0
384.56476630053834,2.4485607659163856e+23,0.0022674953794279357,100.0
385.06476630053834,2.4408734857603247e+23,0.0022603765558002475,100.0
385.56476630053834,2.433221417412515e+23,0.002253290340149303,100.0
386.06476630053834,2.425604355276419e+23,0.002246236542081952,100.0
386.56476630053834,2.4180220952014836e+23,0.0022392149725441,100.0
387.06476630053834,2.41047443447016e+23,0.0022322254438086916,100.0
387.56476630053834,2.4029611718652006e+23,0.0022252677695380274,100.0
388.06476630053834,2.395482107553169e+23,0.0022183417646758903,100.0
388.56476630053834,2.3880370431115147e+23,0.002211447245472616,100.0
389.06476630053834,2.3806257815011026e+23,0.002204584029459657,100.0
389.56476630053834,2.3732481270607886e+23,0.002197751935444556,100.0
390.06476630053834,2.3659038855712482e+23,0.0021909507835700575,100.0
390.56476630053834,2.3585928641373995e+23,0.0021841803952052227,100.0
391.06476630053834,2.3513148712175288e+23,0.002177440592972404,100.0
391.56476630053834,2.3440697165685066e+23,0.0021707312006965093,100.0
392.06476630053834,2.3368572113484474e+23,0.0021640520435000717,100.0
392.56476630053834,2.3296771680257482e+23,0.002157402947719016,100.0
393.06476630053834,2.322529400361546e+23,0.002150783740886411,100.0
393.56476630053834,2.315413723384509e+23,0.0021441942517091248,100.0
394.06476630053834,2.3083299534403708e+23,0.0021376343101136984,100.0
394.56476630053834,2.3012779081864216e+23,0.0021311037472412425,100.0
395.06476630053834,2.294257406514507e+23,0.0021246023953761296,100.0
395.56476630053834,2.28726826853904e+23,0.0021181300879348952,100.0
396.06476630053834,2.2803103156557187e+23,0.00211168665952061,100.0
396.56476630053834,2.273383370527692e+23,0.002105271945910073,100.0
397.06476630053834,2.2664872570117662e+23,0.0020988857839854703,100.0
397.56476630053834,2.2596218001291805e+23,0.0020925280117073137,100.0
398.06476630053834,2.2527868261926137e+23,0.002086198468232057,100.0
398.56476630053834,2.2459821626950458e+23,0.0020798969938091738,100.0
399.06476630053834,2.2392076382871276e+23,0.002073623429760202,100.0
399.56476630053834,2.2324630827593336e+23,0.0020673776184622146,100.0
400.06476630053834,2.225748327178323e+23,0.002061159403474101,100.0
400.56476630053834,2.2190632037090696e+23,0.002054968629371844,100.0
401.06476630053834,2.212407545611405e+23,0.0020488051417453246,100.0
401.56476630053834,2.2057811873723253e+23,0.002042668787320841,100.0
402.06476630053834,2.199183964595431e+23,0.0020365594138587267,100.0
402.56476630053834,2.192615713952774e+23,0.0020304768701087557,100.0
403.06476630053834,2.1860762732514277e+23,0.0020244210058717915,100.0
403.56476630053834,2.179565481454921e+23,0.0020183916720196374,100.0
404.06476630053834,2.1730831785585022e+23,0.002012388720379521,100.0
404.56476630053834,2.1666292056252027e+23,0.002006412003767494,100.0
405.06476630053834,2.1602034048908466e+23,0.002000461376085676,100.0
405.56476630053834,2.1538056195873633e+23,0.0019945366921586298,100.0
406.06476630053834,2.1474356939712257e+23,0.0019886378077597017,100.0
406.56476630053834,2.1410934734653933e+23,0.0019827645797424642,100.0
407.06476630053834,2.1347788044543984e+23,0.0019769168658509573,100.0
407.56476630053834,2.1284915343271927e+23,0.001971094524759366,100.0
408.06476630053834,2.1222315116111054e+23,0.001965297416196071,100.0
408.56476630053834,2.115998585761559e+23,0.0019595254007489177,100.0
409.06476630053834,2.1097926072405145e+23,0.0019537783399378576,100.0
409.56476630053834,2.1036134275992483e+23,0.0019480560962916054,100.0
410.06476630053834,2.09746089928464e+23,0.0019423585331682528,100.0
410.56476630053834,2.0913348757736673e+23,0.001936685514879814,100.0
411.06476630053834,2.085235211563349e+23,0.0019310369066829157,100.0
411.56476630053834,2.0791617620148326e+23,0.001925412574634413,100.0
412.06476630053834,2.0731143835635244e+23,0.0019198123857859808,100.0
412.56476630053834,2.067092933568519e+23,0.0019142362080446776,100.0
413.06476630053834,2.061097270253148e+23,0.001908683910117891,100.0
413.56476630053834,2.055127252933067e+23,0.0019031553617245567,100.0
414.06476630053834,2.0491827417367783e+23,0.00189765043333635,100.0
414.56476630053834,2.0432635977561614e+23,0.0018921689963170834,100.0
415.06476630053834,2.0373696830539058e+23,0.0018867109229295906,100.0
415.56476630053834,2.0315008604765427e+23,0.0018812760861625839,100.0
416.06476630053834,2.0256569939314882e+23,0.0018758643599872094,100.0
416.56476630053834,2.019837948121039e+23,0.001870475619110715,100.0
417.06476630053834,2.0140435886509072e+23,0.0018651097390769596,100.0
417.56476630053834,2.0082737820815102e+23,0.0018597665963139068,100.0
418.06476630053834,2.0025283957098503e+23,0.0018544460679316384,100.0
418.56476630053834,1.9968072978729416e+23,0.0018491480320033406,100.0
419.06476630053834,1.991110357643993e+23,0.0018438723672839544,100.0
419.56476630053834,1.9854374450055532e+23,0.0018386189533705177,100.0
420.06476630053834,1.9797884308107736e+23,0.0018333876706662915,100.0
420.56476630053834,1.9741631866677602e+23,0.0018281784002736642,100.0
421.06476630053834,1.9685615851619555e+23,0.0018229910242000893,100.0
421.56476630053834,1.9629834995525805e+23,0.0018178254250769744,100.0
422.06476630053834,1.9574288040674283e+23,0.0018126814864326752,100.0
422.56476630053834,1.9518973736508574e+23,0.001807559092459125,100.0
423.06476630053834,1.9463890841063473e+23,0.0018024581281438476,100.0
423.56476630053834,1.94090381204812e+23,0.001797378479225157,100.0
424.06476630053834,1.9354414348364704e+23,0.0017923200321322695,100.0
424.56476630053834,1.9300018307249786e+23,0.0017872826741216308,100.0
425.06476630053834,1.9245848786121804e+23,0.0017822662930469485,100.0
425.56476630053834,1.9191904583501905e+23,0.001777270777644995,100.0
426.06476630053834,1.913818450390117e+23,0.001772296017207241,100.0
426.56476630053834,1.9084687361159525e+23,0.0017673419018890584,100.0
427.06476630053834,1.9031411975381904e+23,0.0017624083224259902,100.0
427.56476630053834,1.8978357175326167e+23,0.0017574951703548864,100.0
428.06476630053834,1.892552179647934e+23,0.0017526023378357527,100.0
428.56476630053834,1.887290468234155e+23,0.0017477297177706504,100.0
429.06476630053834,1.8820504683501214e+23,0.0017428772037180525,100.0
429.56476630053834,1.8768320658027816e+23,0.0017380446899292186,100.0
430.06476630053834,1.8716351471335665e+23,0.0017332320713355782,100.0
430.56476630053834,1.866459599589328e+23,0.001728439243521816,100.0
431.06476630053834,1.861305311167049e+23,0.0017236661027672786,100.0
431.56476630053834,1.8561721705367277e+23,0.0017189125459745598,100.0
432.06476630053834,1.851060067124339e+23,0.0017141784707463265,100.0
432.56476630053834,1.845968891006526e+23,0.0017094637752877988,100.0
433.06476630053834,1.84089853301221e+23,0.001704768358500846,100.0
433.56476630053834,1.8358488846084088e+23,0.0017000921198782489,100.0
434.06476630053834,1.830819838001414e+23,0.0016954349595973927,100.0
434.56476630053834,1.825811286032607e+23,0.0016907967784237903,100.0
435.06476630053834,1.8208231222605454e+23,0.0016861774777870973,100.0
435.56476630053834,1.8158552408852094e+23,0.0016815769597109593,100.0
436.06476630053834,1.8109075367927575e+23,0.0016769951268544598,100.0
436.56476630053834,1.8059799055262575e+23,0.0016724318824850141,100.0
437.06476630053834,1.8010722432752654e+23,0.0016678871304687199,100.0
437.56476630053834,1.7961844469106286e+23,0.0016633607753025858,100.0
438.06476630053834,1.79131641390155e+23,0.0016588527220377297,100.0
438.56476630053834,1.7864680424315986e+23,0.0016543628763868088,100.0
439.06476630053834,1.7816392312262857e+23,0.001649891144564348,100.0
439.56476630053834,1.7768298797670693e+23,0.0016454374334849186,100.0
440.06476630053834,1.7720398880128693e+23,0.001641001650505246,100.0
440.56476630053834,1.7672691567151033e+23,0.0016365837037159497,100.0
441.06476630053834,1.76251758708352e+23,0.0016321835016320889,100.0
441.56476630053834,1.7577850810795083e+23,0.00162780095346478,100.0
442.06476630053834,1.7530715411719272e+23,0.0016234359688950834,100.0
442.56476630053834,1.7483768704990082e+23,0.001619088458223934,100.0
443.06476630053834,1.743700972778379e+23,0.001614758332288817,100.0
443.56476630053834,1.7390437523036362e+23,0.0016104455024605958,100.0
444.06476630053834,1.7344051140273025e+23,0.0016061498807203333,100.0
444.56476630053834,1.729784963377244e+23,0.0016018713794892856,100.0
445.06476630053834,1.72518320650875e+23,0.0015976099118623402,100.0
445.56476630053834,1.7205997500186114e+23,0.001593365391343239,100.0
446.06476630053834,1.7160345011868403e+23,0.001589137732068422,100.0
446.56476630053834,1.7114873678048888e+23,0.001584926848647949,100.0
447.06476630053834,1.7069582582349102e+23,0.0015807326562203797,100.0
447.56476630053834,1.7024470814573058e+23,0.0015765550704968038,100.0
448.06476630053834,1.6979537468965986e+23,0.0015723940075995902,100.0
448.56476630053834,1.6934781646795902e+23,0.0015682493843014553,100.0
449.06476630053834,1.689020245362347e+23,0.0015641211177726364,100.0
449.56476630053834,1.6845799001123275e+23,0.0015600091257495527,100.0
450.06476630053834,1.6801570406406478e+23,0.0015559133264720785,100.0
450.56476630053834,1.6757515791281964e+23,0.0015518336386151211,100.0
451.06476630053834,1.671363428405945e+23,0.0015477699814556,100.0
451.56476630053834,1.6669925017259394e+23,0.0015437222746603708,100.0
452.06476630053834,1.6626387129376182e+23,0.0015396904384495065,100.0
452.56476630053834,1.6583019764095907e+23,0.001535674393523859,100.0
453.06476630053834,1.6539822069579488e+23,0.0015316740609986718,100.0
453.56476630053834,1.6496793200338997e+23,0.00152768936257734,100.0
454.06476630053834,1.645393231501772e+23,0.0015237202203458296,100.0
454.56476630053834,1.641123857775033e+23,0.0015197665568986373,100.0
455.06476630053834,1.6368711158019423e+23,0.0015158282953255074,100.0
455.56476630053834,1.632634922939609e+23,0.0015119053590947984,100.0
456.06476630053834,1.6284151971570635e+23,0.0015079976722415403,100.0
456.56476630053834,1.62421185685766e+23,0.0015041051592029702,100.0
457.06476630053834,1.6200248209060835e+23,0.0015002277448435415,100.0
457.56476630053834,1.6158540087436816e+23,0.0014963653545617267,100.0
458.06476630053834,1.6116993402130307e+23,0.001492517914127558,100.0
458.56476630053834,1.6075607356680576e+23,0.0014886853497846045,100.0
459.06476630053834,1.6034381159740022e+23,0.001484867588249938,100.0
459.56476630053834,1.5993314023932582e+23,0.0014810645566084154,100.0
460.06476630053834,1.5952405167299846e+23,0.0014772761824465965,100.0
460.56476630053834,1.5911653812472277e+23,0.0014735023937759951,100.0
461.06476630053834,1.5871059186011417e+23,0.0014697431189721636,100.0
461.56476630053834,1.583062052008139e+23,0.001465998286929482,100.0
462.06476630053834,1.5790337051035558e+23,0.0014622678269302766,100.0
462.56476630053834,1.5750208019118788e+23,0.0014585516686172464,100.0
463.06476630053834,1.5710232670247554e+23,0.0014548497421583123,100.0
463.56476630053834,1.5670410254227936e+23,0.0014511619780815915,100.0
464.06476630053834,1.5630740024802254e+23,0.0014474883072797188,100.0
464.56476630053834,1.5591221241215963e+23,0.0014438286611549477,100.0
465.06476630053834,1.55518531665347e+23,0.0014401829714633001,100.0
465.56476630053834,1.55126350676669e+23,0.0014365511703166617,100.0
466.06476630053834,1.5473566216924034e+23,0.0014329331903272678,100.0
466.56476630053834,1.5434645890367792e+23,0.0014293289644546428,100.0
467.06476630053834,1.539587336782285e+23,0.0014257384260067838,100.0
467.56476630053834,1.5357247934336877e+23,0.0014221615087753642,100.0
468.06476630053834,1.5318768878718115e+23,0.0014185981469003058,100.0
468.56476630053834,1.5280435493512908e+23,0.0014150482748676995,100.0
469.06476630053834,1.524224707613403e+23,0.0014115118276142916,100.0
469.56476630053834,1.520420292792133e+23,0.0014079887404404973,100.0
470.06476630053834,1.5166302353915724e+23,0.0014044789489894684,100.0
470.56476630053834,1.5128544663570203e+23,0.0014009823893129394,100.0
471.06476630053834,1.5090929170533776e+23,0.0013974989978512175,100.0
471.56476630053834,1.5053455192119756e+23,0.0013940287113839438,100.0
472.06476630053834,1.5016122049505063e+23,0.001390571467048549,100.0
472.56476630053834,1.4978929068430081e+23,0.0013871272024050655,100.0
473.06476630053834,1.4941875578194299e+23,0.0013836958553431163,100.0
473.56476630053834,1.4904960911597718e+23,0.0013802773640764908,100.0
474.06476630053834,1.4868184406051755e+23,0.0013768716672460195,100.0
474.56476630053834,1.4831545402547205e+23,0.0013734787038240021,100.0
475.06476630053834,1.4795043245661744e+23,0.0013700984131149022,100.0
475.56476630053834,1.475867728381453e+23,0.0013667307347789248,100.0
476.06476630053834,1.4722446869602886e+23,0.0013633756088631945,100.0
476.56476630053834,1.468635135907764e+23,0.001360032975734649,100.0
477.06476630053834,1.4650390111670256e+23,0.0013567027760732905,100.0
477.56476630053834,1.4614562491087729e+23,0.0013533849509550571,100.0
478.06476630053834,1.457886786455784e+23,0.0013500794417819313,100.0
478.56476630053834,1.4543305602819725e+23,0.0013467861902810641,100.0
479.06476630053834,1.4507875079913942e+23,0.0013435051384853367,100.0
479.56476630053834,1.4472575674214185e+23,0.0013402362288289006,100.0
480.06476630053834,1.4437406767274346e+23,0.00133697940404041,100.0
480.56476630053834,1.440236774408654e+23,0.0013337346071669175,100.0
481.06476630053834,1.4367457993086983e+23,0.001330501781574417,100.0
481.56476630053834,1.4332676906691036e+23,0.0013272808709973913,100.0
482.06476630053834,1.4298023880491104e+23,0.001324071819464536,100.0
482.56476630053834,1.4263498313404922e+23,0.0013208745713124874,100.0
483.06476630053834,1.4229099607773134e+23,0.0013176890711948624,100.0
483.56476630053834,1.419482716973192e+23,0.0013145152641167647,100.0
484.06476630053834,1.4160680408538287e+23,0.0013113530953723015,100.0
484.56476630053834,1.4126658736717625e+23,0.0013082025105582511,100.0
485.06476630053834,1.4092761570039927e+23,0.0013050634555718573,100.0
485.56476630053834,1.4058988328050678e+23,0.0013019358766599954,100.0
486.06476630053834,1.40253384333089e+23,0.0012988197203486096,100.0
486.56476630053834,1.3991811311638744e+23,0.0012957149334660123,100.0
487.06476630053834,1.3958406391780348e+23,0.0012926214631105513,100.0
487.56476630053834,1.392512310638567e+23,0.0012895392567428294,100.0
488.06476630053834,1.3891960890964324e+23,0.0012864682620880837,100.0
488.56476630053834,1.385891918420993e+23,0.0012834084271664062,100.0
489.06476630053834,1.3825997427776078e+23,0.0012803597002719984,100.0
489.56476630053834,1.3793195066739651e+23,0.0012773220300160762,100.0
490.06476630053834,1.37605115493491e+23,0.0012742953653035593,100.0
490.56476630053834,1.3727946326824086e+23,0.0012712796553145168,100.0
491.06476630053834,1.3695498853457668e+23,0.0012682748495136313,100.0
491.56476630053834,1.3663168586310205e+23,0.0012652808976218511,100.0
492.06476630053834,1.3630954986090309e+23,0.0012622977496979718,100.0
492.56476630053834,1.3598857516215753e+23,0.0012593253560516722,100.0
493.06476630053834,1.3566875643103798e+23,0.0012563636672703988,100.0
493.56476630053834,1.3535008836087367e+23,0.0012534126342116036,100.0
494.06476630053834,1.350325656735851e+23,0.0012504722079975093,100.0
494.56476630053834,1.3471618312448417e+23,0.0012475423400595596,100.0
495.06476630053834,1.3440093549576259e+23,0.00124462298207812,100.0
495.56476630053834,1.3408681759863268e+23,0.0012417140860023015,100.0
496.06476630053834,1.3377382427267212e+23,0.0012388156040438938,100.0
496.56476630053834,1.3346195038475866e+23,0.0012359274886674992,100.0
497.06476630053834,1.3315119083436203e+23,0.0012330496926395386,100.0
497.56476630053834,1.3284154054689873e+23,0.0012301821689667135,100.0
498.06476630053834,1.325329944758721e+23,0.0012273248709158248,100.0
498.56476630053834,1.3222554760268965e+23,0.0012244777520120803,100.0
499.06476630053834,1.3191919493431376e+23,0.0012216407660173392,100.0
499.56476630053834,1.3161393150921352e+23,0.0012188138669852293,100.0
500.06476630053834,1.3130975239183138e+23,0.0012159970092099053,100.0
500.56476630053834,1.310066526733862e+23,0.0012131901472334857,100.0
501.06476630053834,1.3070462747210558e+23,0.001210393235848204,100.0
501.56476630053834,1.3040367193260034e+23,0.0012076062300906156,100.0
502.06476630053834,1.3010378122512517e+23,0.0012048290852347523,100.0
502.56476630053834,1.2980495054984867e+23,0.001202061756831664,100.0
503.06476630053834,1.2950717513129855e+23,0.001199304200657979,100.0
503.56476630053834,1.292104502201499e+23,0.001196556372732463,100.0
504.06476630053834,1.2891477109305644e+23,0.001193818229314459,100.0
504.56476630053834,1.286201330521626e+23,0.001191089726899366,100.0
505.06476630053834,1.2832653142404566e+23,0.0011883708222088446,100.0
505.56476630053834,1.2803396156418967e+23,0.001185661472232247,100.0
506.06476630053834,1.2774241885150337e+23,0.0011829616341758502,100.0
506.56476630053834,1.274518986900505e+23,0.0011802712654788803,100.0
507.06476630053834,1.2716239650888874e+23,0.0011775903238120194,100.0
507.56476630053834,1.2687390776190888e+23,0.0011749187670759178,100.0
508.06476630053834,1.2658642792642552e+23,0.0011722565533881426,100.0
508.56476630053834,1.2629995250606843e+23,0.0011696036411099526,100.0
509.06476630053834,1.2601447702902198e+23,0.0011669599888299955,100.0
509.56476630053834,1.2572999704693498e+23,0.0011643255553542122,100.0
510.06476630053834,1.2544650813550843e+23,0.0011617002997112787,100.0
510.56476630053834,1.2516400589434038e+23,0.0011590841811511708,100.0
511.06476630053834,1.2488248594677603e+23,0.0011564771591437751,100.0
511.56476630053834,1.2460194393883095e+23,0.001153879193368918,100.0
512.0647663005383,1.2432237554099054e+23,0.0011512902437330285,100.0
512.5647663005383,1.2404377644779587e+23,0.0011487102703653048,100.0
513.0647663005383,1.2376614237608018e+23,0.0011461392336013817,100.0
513.5647663005383,1.2348946906567846e+23,0.001143577093989902,100.0
514.0647663005383,1.232137522792833e+23,0.0011410238122911824,100.0
514.5647663005383,1.2293898780230137e+23,0.0011384793494758833,100.0
515.0647663005383,1.226651714427086e+23,0.0011359436667236684,100.0
515.5647663005383,1.2239229902992446e+23,0.0011334167254127803,100.0
516.0647663005383,1.221203664170823e+23,0.001130898487141064,100.0
516.5647663005383,1.2184936947959102e+23,0.001128388913712648,100.0
517.0647663005383,1.2157930411429399e+23,0.001125887967130155,100.0
517.5647663005383,1.2131016623990353e+23,0.0011233956095987254,100.0
518.0647663005383,1.210419517968633e+23,0.0011209118035247442,100.0
518.5647663005383,1.207746567472128e+23,0.001118436511514584,100.0
519.0647663005383,1.2050827707445158e+23,0.001115969696373349,100.0
519.5647663005383,1.2024280878340505e+23,0.0011135113211036328,100.0
520.0647663005383,1.199782478992111e+23,0.0011110613488961322,100.0
520.5647663005383,1.1971459046942095e+23,0.0011086197431491038,100.0
521.0647663005383,1.194518325624789e+23,0.0011061864674542844,100.0
521.5647663005383,1.191899702671911e+23,0.0011037614855919729,100.0
522.0647663005383,1.1892899969303233e+23,0.0011013447615338702,100.0
522.5647663005383,1.1866891697001885e+23,0.0010989362594419018,100.0
523.0647663005383,1.1840971824857873e+23,0.0010965359436670178,100.0
523.5647663005383,1.1815139969942695e+23,0.0010941437787480356,100.0
524.0647663005383,1.1789395751343853e+23,0.0010917597294104642,100.0
524.5647663005383,1.1763738790152368e+23,0.0010893837605653505,100.0
525.0647663005383,1.1738168709443781e+23,0.001087015837307517,100.0
525.5647663005383,1.1712685134188057e+23,0.0010846559249072204,100.0
526.0647663005383,1.1687287691513079e+23,0.0010823039888345517,100.0
526.5647663005383,1.1661976010400863e+23,0.0010799599947313044,100.0
527.0647663005383,1.1636749721775814e+23,0.0010776239084191478,100.0
527.5647663005383,1.1611608458492779e+23,0.0010752956958985193,100.0
528.0647663005383,1.1586551855325102e+23,0.0010729753233475197,100.0
528.5647663005383,1.1561579548952882e+23,0.0010706627571208255,100.0
529.0647663005383,1.153669117795128e+23,0.0010683579637486055,100.0
529.5647663005383,1.1511886382778819e+23,0.0010660609099354377,100.0
530.0647663005383,1.148716480576583e+23,0.0010637715625592397,100.0
530.5647663005383,1.1462526091103031e+23,0.00106148988867021,100.0
531.0647663005383,1.1437969884830126e+23,0.0010592158554897733,100.0
531.5647663005383,1.1413495834824505e+23,0.0010569494304095337,100.0
532.0647663005383,1.1389103590756538e+23,0.0010546905809871348,100.0
532.5647663005383,1.136479280413968e+23,0.0010524392749508985,100.0
533.0647663005383,1.1340563128338629e+23,0.001050195480200583,100.0
533.5647663005383,1.1316414218469782e+23,0.0010479591647981617,100.0
534.0647663005383,1.1292345731432017e+23,0.0010457302969706756,100.0
534.5647663005383,1.1268357325895562e+23,0.0010435088451092025,100.0
535.0647663005383,1.1244448662291343e+23,0.0010412947777678687,100.0
535.5647663005383,1.1220619402800342e+23,0.0010390880636628663,100.0
536.0647663005383,1.1196869211342847e+23,0.0010368886716714553,100.0
536.5647663005383,1.1173197753568063e+23,0.0010346965708310026,100.0
537.0647663005383,1.1149604696843527e+23,0.001032511730338002,100.0
537.5647663005383,1.112608971024477e+23,0.001030334119547116,100.0
538.0647663005383,1.1102652464545024e+23,0.0010281637079702238,100.0
538.5647663005383,1.1079292632204832e+23,0.0010260004652754577,100.0
539.0647663005383,1.1056009887362067e+23,0.0010238443612862796,100.0
539.5647663005383,1.1032803905821669e+23,0.0010216953659805312,100.0
540.0647663005383,1.1009674365045647e+23,0.0010195534494895067,100.0
540.5647663005383,1.0986620944143146e+23,0.0010174185820970342,100.0
541.0647663005383,1.0963643323860492e+23,0.0010152907342385528,100.0
541.5647663005383,1.0940741186571435e+23,0.0010131698765002098,100.0
542.0647663005383,1.0917914216267277e+23,0.0010110559796179472,100.0
542.5647663005383,1.0895162098547262e+23,0.0010089490144766092,100.0
543.0647663005383,1.0872484520608955e+23,0.0010068489521090542,100.0
543.5647663005383,1.0849881171232503e+23,0.0010047557636946951,100.0
544.0647663005383,1.0827351740769074e+23,0.0010026694205584306,100.0
544.5647663005383,1.0804895921176234e+23,0.001000589894173919,100.0
545.0647663005383,1.0782513405949607e+23,0.0009985171561572514,100.0
545.5647663005383,1.0760203890136042e+23,0.0009964511782681708,100.0
546.0647663005383,1.0737967070324197e+23,0.0009943919324091994,100.0
546.5647663005383,1.0715802644635441e+23,0.0009923393906247967,100.0
547.0647663005383,1.0693710312714739e+23,0.0009902935251005147,100.0
547.5647663005383,1.0671689775721585e+23,0.0009882543081621588,100.0
548.0647663005383,1.0649740736321057e+23,0.0009862217122749602,100.0
548.5647663005383,1.0627862898674807e+23,0.0009841957100427397,100.0
549.0647663005383,1.0606055968432272e+23,0.0009821762742070947,100.0
549.5647663005383,1.0584319652721821e+23,0.0009801633776465803,100.0
550.0647663005383,1.0562653660142065e+23,0.0009781569933759032,100.0
550.5647663005383,1.0541057700753063e+23,0.000976157094545108,100.0
551.0647663005383,1.0519531486067797e+23,0.000974163654438787,100.0
551.5647663005383,1.0498074729043572e+23,0.0009721766464752852,100.0
552.0647663005383,1.0476687144073475e+23,0.0009701960442059082,100.0
552.5647663005383,1.0455368446977981e+23,0.0009682218213141449,100.0
553.0647663005383,1.0434118354996477e+23,0.0009662539516148832,100.0
553.5647663005383,1.041293658677897e+23,0.0009642924090536417,100.0
554.0647663005383,1.0391822862377829e+23,0.000962337167705805,100.0
554.5647663005383,1.0370776903239518e+23,0.0009603882017758585,100.0
555.0647663005383,1.0349798432196388e+23,0.0009584454855966274,100.0
555.5647663005383,1.0328887173458693e+23,0.0009565089936285386,100.0
556.0647663005383,1.030804285260635e+23,0.0009545787004588565,100.0
556.5647663005383,1.0287265196581097e+23,0.0009526545808009573,100.0
557.0647663005383,1.0266553933678371e+23,0.000950736609493577,100.0
557.5647663005383,1.024590879353965e+23,0.0009488247615001019,100.0
558.0647663005383,1.0225329507144268e+23,0.0009469190119078107,100.0
558.5647663005383,1.0204815806801973e+23,0.0009450193359271855,100.0
559.0647663005383,1.0184367426144922e+23,0.0009431257088911707,100.0
559.5647663005383,1.0163984100112911e+23,0.0009412381062538042,100.0
560.0647663005383,1.0143665564948272e+23,0.0009393565035897462,100.0
560.5647663005383,1.0123411558222398e+23,0.0009374808765967344,100.0
561.0647663005383,1.0103221818781195e+23,0.0009356112010905336,100.0
561.5647663005383,1.0083096086755002e+23,0.0009337474530058534,100.0
562.0647663005383,1.006303410355135e+23,0.0009318896083956783,100.0
562.5647663005383,1.004303561184755e+23,0.0009300376434305808,100.0
563.0647663005383,1.0023100355583207e+23,0.0009281915343980286,100.0
563.5647663005383,1.00032280799531e+23,0.0009263512577017253,100.0
564.0647663005383,9.983418531399897e+22,0.000924516789860935,100.0
564.5647663005383,9.963671457606878e+22,0.0009226881075098097,100.0
565.0647663005383,9.943986607490922e+22,0.0009208651873967385,100.0
565.5647663005383,9.924363731195274e+22,0.0009190480063836786,100.0
566.0647663005383,9.90480258008261e+22,0.0009172365414455129,100.0
566.5647663005383,9.885302906727932e+22,0.000915430769669392,100.0
567.0647663005383,9.865864464911694e+22,0.0009136306682540978,100.0
567.5647663005383,9.846487009612838e+22,0.0009118362145093984,100.0
568.0647663005383,9.827170297001963e+22,0.0009100473858554155,100.0
568.5647663005383,9.807914084434469e+22,0.0009082641598219895,100.0
569.0647663005383,9.788718130443744e+22,0.000906486514048049,100.0
569.5647663005383,9.769582194734597e+22,0.0009047144262810017,100.0
570.0647663005383,9.75050603817639e+22,0.0009029478743760998,100.0
570.5647663005383,9.731489422796402e+22,0.0009011868362958239,100.0
571.0647663005383,9.712532111773389e+22,0.0008994312901092881,100.0
571.5647663005383,9.69363386943083e+22,0.0008976812139916131,100.0
572.0647663005383,9.674794461172674e+22,0.0008959365862179772,100.0
572.5647663005383,9.656013653648567e+22,0.0008941973851789171,100.0
573.0647663005383,9.637291214578402e+22,0.0008924635893640793,100.0
573.5647663005383,9.618626912800259e+22,0.0008907351773666606,100.0
574.0647663005383,9.6000205182649e+22,0.0008890121278828977,100.0
574.5647663005383,9.581471802029447e+22,0.0008872944197114826,100.0
575.0647663005383,9.562980536251143e+22,0.0008855820317529837,100.0
575.5647663005383,9.544546494181044e+22,0.0008838749430092628,100.0
576.0647663005383,9.526169450157986e+22,0.0008821731325829149,100.0
576.5647663005383,9.507849179602317e+22,0.0008804765796766895,100.0
577.0647663005383,9.489585459009837e+22,0.0008787852635929282,100.0
577.5647663005383,9.471378065945768e+22,0.000877099163733007,100.0
578.0647663005383,9.453226779038678e+22,0.0008754182595967728,100.0
578.5647663005383,9.435131377974526e+22,0.0008737425307819926,100.0
579.0647663005383,9.41709164346745e+22,0.0008720719569816486,100.0
579.5647663005383,9.399107357270594e+22,0.00087040651798494,100.0
580.0647663005383,9.381178302258663e+22,0.0008687461936849282,100.0
580.5647663005383,9.363304262288127e+22,0.0008670909640655917,100.0
581.0647663005383,9.345485022243443e+22,0.0008654408092061056,100.0
581.5647663005383,9.32772036803142e+22,0.0008637957092803203,100.0
582.0647663005383,9.310010086575364e+22,0.0008621556445562192,100.0
582.5647663005383,9.292353965809524e+22,0.0008605205953954041,100.0
583.0647663005383,9.274751794673375e+22,0.0008588905422525662,100.0
583.5647663005383,9.257203363106029e+22,0.0008572654656749681,100.0
584.0647663005383,9.239708462040635e+22,0.0008556453463019257,100.0
584.5647663005383,9.222266883398868e+22,0.000854030164864297,100.0
585.0647663005383,9.204878420029603e+22,0.0008524199021788046,100.0
585.5647663005383,9.187542865837828e+22,0.0008508145391599717,100.0
586.0647663005383,9.17026001571023e+22,0.0008492140568132324,100.0
586.5647663005383,9.15302966546791e+22,0.0008476184362305527,100.0
587.0647663005383,9.135851611893377e+22,0.0008460276585929292,100.0
587.5647663005383,9.11872565272514e+22,0.0008444417051698898,100.0
588.0647663005383,9.101651586652484e+22,0.0008428605573190093,100.0
588.5647663005383,9.084629213310102e+22,0.0008412841964854114,100.0
589.0647663005383,9.067658333273022e+22,0.0008397126042013006,100.0
589.5647663005383,9.050738748051292e+22,0.0008381457620854688,100.0
590.0647663005383,9.03387026002571e+22,0.0008365836518373442,100.0
590.5647663005383,9.017052672580495e+22,0.0008350262552492764,100.0
591.0647663005383,9.000285790038989e+22,0.0008334735542005829,100.0
591.5647663005383,8.983569417600228e+22,0.0008319255306516758,100.0
592.0647663005383,8.966903361372753e+22,0.0008303821666471912,100.0
592.5647663005383,8.950287428369829e+22,0.0008288434443155478,100.0
593.0647663005383,8.93372142650421e+22,0.0008273093458684616,100.0
593.5647663005383,8.91720516458337e+22,0.0008257798536005043,100.0
594.0647663005383,8.900738452304601e+22,0.0008242549498886496,100.0
594.5647663005383,8.884321100180907e+22,0.0008227346171854101,100.0
595.0647663005383,8.867952919705747e+22,0.0008212188380340939,100.0
595.5647663005383,8.851633723253819e+22,0.0008197075950596165,100.0
596.0647663005383,8.83536332403304e+22,0.0008182008709640535,100.0
596.5647663005383,8.819141536117017e+22,0.0008166986485296481,100.0
597.0647663005383,8.802968174440374e+22,0.0008152009106183785,100.0
597.5647663005383,8.786843054794054e+22,0.000813707640171522,100.0
598.0647663005383,8.770765993820543e+22,0.0008122188202092134,100.0
598.5647663005383,8.75473680895568e+22,0.0008107344338250564,100.0
599.0647663005383,8.738755318524908e+22,0.0008092544641950364,100.0
599.5647663005383,8.722821341757545e+22,0.0008077788945788425,100.0
600.0647663005383,8.706934698656589e+22,0.0008063077083078105,100.0
600.5647663005383,8.691095210053808e+22,0.0008048408887900247,100.0
601.0647663005383,8.675302697605177e+22,0.0008033784195098952,100.0
601.5647663005383,8.659556983786475e+22,0.0008019202840277506,100.0
602.0647663005383,8.643857891888832e+22,0.0008004664659794246,100.0
602.5647663005383,8.628205245907687e+22,0.0007990169490659742,100.0
603.0647663005383,8.61259887084478e+22,0.000797571717081645,100.0
603.5647663005383,8.597038592424034e+22,0.0007961307538875604,100.0
604.0647663005383,8.581524237154163e+22,0.0007946940434175193,100.0
604.5647663005383,8.566055632337518e+22,0.0007932615696788162,100.0
605.0647663005383,8.550632606065766e+22,0.0007918333167518401,100.0
605.5647663005383,8.53525498721558e+22,0.0007904092687896751,100.0
606.0647663005383,8.519922605346672e+22,0.0007889894100086593,100.0
606.5647663005383,8.504635290963424e+22,0.0007875737247126114,100.0
607.0647663005383,8.489392875299761e+22,0.0007861621972729098,100.0
607.5647663005383,8.474195190330718e+22,0.0007847548121295638,100.0
608.0647663005383,8.459042068795574e+22,0.0007833515537933554,100.0
608.5647663005383,8.44393334419373e+22,0.0007819524068454582,100.0
609.0647663005383,8.428868850772596e+22,0.0007805573559363148,100.0
609.5647663005383,8.413848423425631e+22,0.0007791663857761958,100.0
610.0647663005383,8.398871898030009e+22,0.0007777794811664689,100.0
610.5647663005383,8.383939111085225e+22,0.0007763966269661318,100.0
611.0647663005383,8.369049899830868e+22,0.0007750178081027191,100.0
611.5647663005383,8.354204102242605e+22,0.0007736430095719295,100.0
612.0647663005383,8.339401557028339e+22,0.0007722722164372711,100.0
612.5647663005383,8.324642103534294e+22,0.0007709054138213637,100.0
613.0647663005383,8.309925581966095e+22,0.0007695425869264119,100.0
613.5647663005383,8.295251833249386e+22,0.0007681837210212984,100.0
614.0647663005383,8.280620698982103e+22,0.0007668288014371632,100.0
614.5647663005383,8.266032021475096e+22,0.0007654778135711658,100.0
615.0647663005383,8.251485643748438e+22,0.0007641307428861438,100.0
615.5647663005383,8.236981409450737e+22,0.0007627875749031402,100.0
616.0647663005383,8.222519163024078e+22,0.0007614482952166781,100.0
616.5647663005383,8.208098749655129e+22,0.0007601128894902331,100.0
617.0647663005383,8.193720015163342e+22,0.0007587813434458797,100.0
617.5647663005383,8.179382806058774e+22,0.0007574536428696462,100.0
618.0647663005383,8.165086969538468e+22,0.0007561297736111793,100.0
618.5647663005383,8.150832353385693e+22,0.000754809721574413,100.0
619.0647663005383,8.136618806212492e+22,0.0007534934727400309,100.0
619.5647663005383,8.122446177300248e+22,0.0007521810131507001,100.0
620.0647663005383,8.108314316558003e+22,0.0007508723289072129,100.0
620.5647663005383,8.094223074563881e+22,0.0007495674061723215,100.0
621.0647663005383,8.080172302557902e+22,0.0007482662311700736,100.0
621.5647663005383,8.066161852307732e+22,0.0007469687901733795,100.0
622.0647663005383,8.052191576519488e+22,0.0007456750695420552,100.0
622.5647663005383,8.038261328412852e+22,0.0007443850556834747,100.0
623.0647663005383,8.024370961859274e+22,0.0007430987350653703,100.0
623.5647663005383,8.01052033137857e+22,0.0007418160942155156,100.0
624.0647663005383,7.996709292052634e+22,0.0007405371197137357,100.0
624.5647663005383,7.982937699704697e+22,0.0007392617982085075,100.0
625.0647663005383,7.969205410845176e+22,0.0007379901164119448,100.0
625.5647663005383,7.955512282553647e+22,0.0007367220610888688,100.0
626.0647663005383,7.94185817254135e+22,0.0007354576190625955,100.0
626.5647663005383,7.928242939108621e+22,0.0007341967772109949,100.0
627.0647663005383,7.914666441146748e+22,0.0007329395224666619,100.0
627.5647663005383,7.901128538354517e+22,0.0007316858418369701,100.0
628.0647663005383,7.887629090936982e+22,0.0007304357223761759,100.0
628.5647663005383,7.874167959714612e+22,0.0007291891511955267,100.0
629.0647663005383,7.860745006102656e+22,0.0007279461154613494,100.0
629.5647663005383,7.847360092023255e+22,0.0007267066023869119,100.0
630.0647663005383,7.834013080260788e+22,0.0007254705992653296,100.0
630.5647663005383,7.820703834065598e+22,0.0007242380934328691,100.0
631.0647663005383,7.807432217287659e+22,0.0007230090722813252,100.0
631.5647663005383,7.79419809435683e+22,0.0007217835232561938,100.0
632.0647663005383,7.781001330189569e+22,0.0007205614338480322,100.0
632.5647663005383,7.767841790556326e+22,0.0007193427916264818,100.0
633.0647663005383,7.754719341674907e+22,0.0007181275842026114,100.0
633.5647663005383,7.7416338503474e+22,0.0007169157992415972,100.0
634.0647663005383,7.728585183921144e+22,0.000715707424459109,100.0
634.5647663005383,7.715573210270981e+22,0.0007145024476196659,100.0
635.0647663005383,7.702597798057126e+22,0.0007133008565605166,100.0
635.5647663005383,7.689658816389205e+22,0.0007121026391605276,100.0
636.0647663005383,7.676756134946382e+22,0.0007109077833513077,100.0
636.5647663005383,7.6638896238994e+22,0.0007097162771099884,100.0
637.0647663005383,7.651059154046122e+22,0.0007085281084717758,100.0
637.5647663005383,7.638264596843196e+22,0.0007073432655328829,100.0
638.0647663005383,7.6255058242188e+22,0.0007061617364331891,100.0
638.5647663005383,7.612782708656157e+22,0.0007049835093639735,100.0
639.0647663005383,7.600095123058391e+22,0.0007038085725554002,100.0
639.5647663005383,7.587442941111607e+22,0.0007026369143101421,100.0
640.0647663005383,7.574826036978545e+22,0.0007014685229750104,100.0
640.5647663005383,7.562244285334636e+22,0.0007003033869442941,100.0
641.0647663005383,7.549697561354373e+22,0.0006991414946584983,100.0
641.5647663005383,7.537185740711265e+22,0.0006979828346043395,100.0
642.0647663005383,7.5247086998191704e+22,0.0006968273953370945,100.0
642.5647663005383,7.5122663155015115e+22,0.0006956751654499672,100.0
643.0647663005383,7.499858465111854e+22,0.0006945261335852566,100.0
643.5647663005383,7.487485026398761e+22,0.0006933802884218399,100.0
644.0647663005383,7.475145877865793e+22,0.000692237618708511,100.0
644.5647663005383,7.462840898475879e+22,0.0006910981132366039,100.0
645.0647663005383,7.450569967676663e+22,0.0006899617608423398,100.0
645.5647663005383,7.438332965362368e+22,0.0006888285504032953,100.0
646.0647663005383,7.4261297719834e+22,0.0006876984708485525,100.0
646.5647663005383,7.413960268629037e+22,0.0006865715111663564,100.0
647.0647663005383,7.401824336799011e+22,0.000685447660382962,100.0
647.5647663005383,7.38972185847896e+22,0.0006843269075696224,100.0
648.0647663005383,7.377652716049722e+22,0.0006832092418341872,100.0
648.5647663005383,7.365616792673117e+22,0.00068209465235683,100.0
649.0647663005383,7.353613971859898e+22,0.0006809831283500369,100.0
649.5647663005383,7.341644137617294e+22,0.0006798746590722706,100.0
650.0647663005383,7.329707174291099e+22,0.0006787692338133465,100.0
650.5647663005383,7.3178029670124225e+22,0.0006776668419358041,100.0
651.0647663005383,7.305931401279864e+22,0.0006765674728362148,100.0
651.5647663005383,7.294092363061735e+22,0.0006754711159546477,100.0
652.0647663005383,7.282285738679422e+22,0.0006743777607638681,100.0
652.5647663005383,7.270511415155434e+22,0.0006732873968015696,100.0
653.0647663005383,7.258769279945978e+22,0.000672200013645608,100.0
653.5647663005383,7.247059220941471e+22,0.0006711156009140494,100.0
654.0647663005383,7.235381126388851e+22,0.0006700341482579754,100.0
654.5647663005383,7.223734885186252e+22,0.000668955645388772,100.0
655.0647663005383,7.212120386697805e+22,0.0006678800820609789,100.0
655.5647663005383,7.200537520698013e+22,0.0006668074480671384,100.0
656.0647663005383,7.188986177310552e+22,0.0006657377332321279,100.0
656.5647663005383,7.1774662472936095e+22,0.0006646709274395841,100.0
657.0647663005383,7.1659776218707175e+22,0.000663607020616237,100.0
657.5647663005383,7.1545201926633345e+22,0.0006625460027256663,100.0
658.0647663005383,7.143093851624236e+22,0.0006614878637621342,100.0
658.5647663005383,7.131698491356214e+22,0.000660432593780097,100.0
659.0647663005383,7.120334004895024e+22,0.000659380182874106,100.0
659.5647663005383,7.109000285672647e+22,0.0006583306211754053,100.0
660.0647663005383,7.097697227424615e+22,0.0006572838988433489,100.0
660.5647663005383,7.086424724582976e+22,0.0006562400061017923,100.0
661.0647663005383,7.075182671949638e+22,0.0006551989332088416,100.0
661.5647663005383,7.063970964731607e+22,0.0006541606704601175,100.0
662.0647663005383,7.0527894984018115e+22,0.0006531252081758663,100.0
662.5647663005383,7.041638169206501e+22,0.0006520925367479475,100.0
663.0647663005383,7.0305168736687485e+22,0.0006510626465938565,100.0
663.5647663005383,7.019425508706022e+22,0.0006500355281676115,100.0
664.0647663005383,7.008363971573995e+22,0.0006490111719545503,100.0
664.5647663005383,6.997332160228647e+22,0.0006479895685048628,100.0
665.0647663005383,6.986329972900206e+22,0.0006469707083941355,100.0
665.5647663005383,6.975357308165581e+22,0.0006459545822300598,100.0
666.0647663005383,6.964414065071252e+22,0.0006449411806638111,100.0
666.5647663005383,6.953500143216953e+22,0.0006439304943977995,100.0
667.0647663005383,6.942615442514334e+22,0.0006429225141633206,100.0
667.5647663005383,6.931759863157496e+22,0.0006419172307178257,100.0
668.0647663005383,6.920933305968935e+22,0.0006409146348769588,100.0
668.5647663005383,6.910135672150248e+22,0.0006399147174914711,100.0
669.0647663005383,6.8993668632482515e+22,0.0006389174694440828,100.0
669.5647663005383,6.888626781073667e+22,0.0006379228816419528,100.0
670.0647663005383,6.8779153281697955e+22,0.0006369309450600807,100.0
670.5647663005383,6.86723240731263e+22,0.0006359416506950152,100.0
671.0647663005383,6.856577921593358e+22,0.0006349549895724929,100.0
671.5647663005383,6.84595177457591e+22,0.0006339709527620294,100.0
672.0647663005383,6.835353870333112e+22,0.0006329895313802662,100.0
672.5647663005383,6.824784113234349e+22,0.0006320107165713085,100.0
673.0647663005383,6.814242407875667e+22,0.0006310344995002506,100.0
673.5647663005383,6.803728659559872e+22,0.000630060871397637,100.0
674.0647663005383,6.793242773850062e+22,0.0006290898235181163,100.0
674.5647663005383,6.782784656609067e+22,0.0006281213471440943,100.0
675.0647663005383,6.772354214107232e+22,0.0006271554335957146,100.0
675.5647663005383,6.761951353164062e+22,0.0006261920742439755,100.0
676.0647663005383,6.7515759808639975e+22,0.0006252312604844103,100.0
676.5647663005383,6.741228004506618e+22,0.0006242729837324749,100.0
677.0647663005383,6.73090733207896e+22,0.0006233172354672876,100.0
677.5647663005383,6.720613871823145e+22,0.0006223640071915886,100.0
678.0647663005383,6.71034753225342e+22,0.0006214132904333187,100.0
678.5647663005383,6.700108222312094e+22,0.0006204650767600591,100.0
679.0647663005383,6.689895851445899e+22,0.0006195193577861036,100.0
679.5647663005383,6.679710329361502e+22,0.0006185761251498171,100.0
680.0647663005383,6.669551565952388e+22,0.0006176353705068647,100.0
680.5647663005383,6.659419471847821e+22,0.0006166970855810489,100.0
681.0647663005383,6.649313957855123e+22,0.0006157612621126608,100.0
681.5647663005383,6.63923493502466e+22,0.0006148278918644991,100.0
682.0647663005383,6.629182314936741e+22,0.0006138969666484378,100.0
682.5647663005383,6.619156009550965e+22,0.000612968478311475,100.0
683.0647663005383,6.609155931061059e+22,0.0006120424187222905,100.0
683.5647663005383,6.5991819919864935e+22,0.0006111187797797295,100.0
684.0647663005383,6.589234105420609e+22,0.0006101975534357808,100.0
684.5647663005383,6.579312184672324e+22,0.0006092787316623963,100.0
685.0647663005383,6.569416143217797e+22,0.0006083623064470161,100.0
685.5647663005383,6.559545895241712e+22,0.0006074482698426925,100.0
686.0647663005383,6.549701355106945e+22,0.00060653661391898,100.0
686.5647663005383,6.539882437385877e+22,0.000605627330764834,100.0
687.0647663005383,6.530089057190524e+22,0.0006047204125191832,100.0
687.5647663005383,6.5203211299706995e+22,0.0006038158513522378,100.0
688.0647663005383,6.5105785713749345e+22,0.0006029136394526105,100.0
688.5647663005383,6.50086129743853e+22,0.0006020137690447308,100.0
689.0647663005383,6.491169224678313e+22,0.0006011162323976202,100.0
689.5647663005383,6.481502269799189e+22,0.0006002210217977171,100.0
690.0647663005383,6.4718603497557365e+22,0.000599328129554581,100.0
690.5647663005383,6.462243382112177e+22,0.0005984375480342274,100.0
691.0647663005383,6.452651284607386e+22,0.0005975492696188459,100.0
691.5647663005383,6.4430839751202556e+22,0.0005966632867035922,100.0
692.0647663005383,6.43354137223412e+22,0.000595779591748857,100.0
692.5647663005383,6.424023394674956e+22,0.0005948981772282406,100.0
693.0647663005383,6.414529961334464e+22,0.00059401903563069,100.0
693.5647663005383,6.405060991703632e+22,0.0005931421595006497,100.0
694.0647663005383,6.395616405512561e+22,0.0005922675414047068,100.0
694.5647663005383,6.386196122647141e+22,0.0005913951739238757,100.0
695.0647663005383,6.376800063502067e+22,0.0005905250496862886,100.0
695.5647663005383,6.367428148793049e+22,0.0005896571613498054,100.0
696.0647663005383,6.358080299381906e+22,0.0005887915015858166,100.0
696.5647663005383,6.348756436563067e+22,0.0005879280631057743,100.0
697.0647663005383,6.339456482019718e+22,0.0005870668386571322,100.0
697.5647663005383,6.3301803575716e+22,0.0005862078209999889,100.0
698.0647663005383,6.320927985408923e+22,0.0005853510029287508,100.0
698.5647663005383,6.311699288164516e+22,0.000584496377278813,100.0
699.0647663005383,6.3024941885983975e+22,0.0005836439368973493,100.0
699.5647663005383,6.2933126097926825e+22,0.000582793674661361,100.0
700.0647663005383,6.284154475312265e+22,0.0005819455834925575,100.0
700.5647663005383,6.275019708840069e+22,0.000581099656323578,100.0
701.0647663005383,6.265908234346231e+22,0.0005802558861136596,100.0
701.5647663005383,6.256819976310428e+22,0.0005794142658692252,100.0
702.0647663005383,6.247754859321536e+22,0.0005785747886068101,100.0
702.5647663005383,6.2387128082337255e+22,0.0005777374473675172,100.0
703.0647663005383,6.229693748424566e+22,0.0005769022352409192,100.0
703.5647663005383,6.220697605372172e+22,0.0005760691453258997,100.0
704.0647663005383,6.2117243048108e+22,0.0005752381707450619,100.0
704.5647663005383,6.2027737729993575e+22,0.0005744093046695952,100.0
705.0647663005383,6.193845936288615e+22,0.0005735825402791955,100.0
705.5647663005383,6.184940721289161e+22,0.0005727578707776192,100.0
706.0647663005383,6.1760580551248185e+22,0.0005719352894161513,100.0
706.5647663005383,6.167197865002898e+22,0.0005711147894538075,100.0
707.0647663005383,6.158360078406422e+22,0.0005702963641751364,100.0
707.5647663005383,6.14954462330809e+22,0.0005694800069100334,100.0
708.0647663005383,6.140751427755866e+22,0.0005686657109953633,100.0
708.5647663005383,6.131980420101324e+22,0.0005678534697961069,100.0
709.0647663005383,6.123231529150265e+22,0.0005670432767193089,100.0
709.5647663005383,6.114504683775727e+22,0.0005662351251782406,100.0
710.0647663005383,6.10579981319399e+22,0.0005654290086179591,100.0
710.5647663005383,6.097116847028425e+22,0.0005646249205212203,100.0
711.0647663005383,6.088455714961832e+22,0.0005638228543762838,100.0
711.5647663005383,6.079816347071337e+22,0.0005630228037079255,100.0
712.0647663005383,6.071198673782661e+22,0.000562224762073203,100.0
712.5647663005383,6.0626026255733e+22,0.0005614287230339688,100.0
713.0647663005383,6.054028133377376e+22,0.0005606346801943612,100.0
713.5647663005383,6.045475128408049e+22,0.0005598426271843591,100.0
714.0647663005383,6.036943541922626e+22,0.0005590525576380292,100.0
714.5647663005383,6.028433305708481e+22,0.0005582644652385256,100.0
715.0647663005383,6.019944351751455e+22,0.0005574783436873813,100.0
715.5647663005383,6.011476612074159e+22,0.0005566941866895344,100.0
716.0647663005383,6.003030019313386e+22,0.0005559119880067995,100.0
716.5647663005383,5.994604506195243e+22,0.000555131741409262,100.0
717.0647663005383,5.986200005547213e+22,0.0005543534406763956,100.0
717.5647663005383,5.977816450797853e+22,0.0005535770796433363,100.0
718.0647663005383,5.9694537753992375e+22,0.0005528026521473978,100.0
718.5647663005383,5.96111191302391e+22,0.0005520301520463109,100.0
719.0647663005383,5.9527907978341255e+22,0.0005512595732431559,100.0
719.5647663005383,5.944490364008716e+22,0.000550490909642548,100.0
720.0647663005383,5.936210546061528e+22,0.000549724155180127,100.0
720.5647663005383,5.927951278874736e+22,0.0005489593038256415,100.0
721.0647663005383,5.919712497340256e+22,0.0005481963495497424,100.0
721.5647663005383,5.9114941368094635e+22,0.0005474352863656285,100.0
722.0647663005383,5.903296132870903e+22,0.0005466761083084623,100.0
722.5647663005383,5.895118421116198e+22,0.0005459188094136911,100.0
723.0647663005383,5.886960937730455e+22,0.0005451633837717217,100.0
723.5647663005383,5.878823618963114e+22,0.000544409825478919,100.0
724.0647663005383,5.870706401188817e+22,0.0005436581286432417,100.0
724.5647663005383,5.862609221326179e+22,0.0005429082874230236,100.0
725.0647663005383,5.85453201628485e+22,0.0005421602959757683,100.0
725.5647663005383,5.84647472326886e+22,0.0005414141484862402,100.0
726.0647663005383,5.8384372798672486e+22,0.0005406698391748579,100.0
726.5647663005383,5.8304196236537716e+22,0.0005399273622606248,100.0
727.0647663005383,5.822421692658161e+22,0.0005391867120047695,100.0
727.5647663005383,5.814443425127136e+22,0.0005384478826886153,100.0
728.0647663005383,5.806484759286037e+22,0.0005377108685915056,100.0
728.5647663005383,5.7985456339864865e+22,0.0005369756640507805,100.0
729.0647663005383,5.7906259880618714e+22,0.0005362422634020917,100.0
729.5647663005383,5.7827257605525e+22,0.0005355106610002528,100.0
730.0647663005383,5.774844890952405e+22,0.0005347808512420947,100.0
730.5647663005383,5.766983318723031e+22,0.0005340528285214303,100.0
731.0647663005383,5.759140983722273e+22,0.0005333265872687861,100.0
731.5647663005383,5.7513178260681244e+22,0.000532602121938775,100.0
732.0647663005383,5.743513785840208e+22,0.0005318794269824566,100.0
732.5647663005383,5.73572880371026e+22,0.0005311584969057232,100.0
733.0647663005383,5.727962820350311e+22,0.0005304393262144943,100.0
733.5647663005383,5.7202157766204444e+22,0.0005297219094321044,100.0
734.0647663005383,5.7124876138284596e+22,0.0005290062411233487,100.0
734.5647663005383,5.704778273233201e+22,0.0005282923158484885,100.0
735.0647663005383,5.697087696504259e+22,0.000527580128205823,100.0
735.5647663005383,5.6894158255368375e+22,0.000526869672814544,100.0
736.0647663005383,5.681762602189048e+22,0.0005261609442904084,100.0
736.5647663005383,5.674127968923315e+22,0.0005254539373051357,100.0
737.0647663005383,5.666511868142836e+22,0.0005247486465249605,100.0
737.5647663005383,5.658914242510865e+22,0.0005240450666402004,100.0
738.0647663005383,5.651335035061815e+22,0.0005233431923755437,100.0
738.5647663005383,5.643774188765667e+22,0.0005226430184497125,100.0
739.0647663005383,5.636231647087111e+22,0.0005219445396272411,100.0
739.5647663005383,5.628707353579228e+22,0.0005212477506808496,100.0
740.0647663005383,5.621201251894701e+22,0.0005205526463924817,100.0
740.5647663005383,5.613713286169127e+22,0.000519859221588801,100.0
741.0647663005383,5.606243400463986e+22,0.0005191674710896085,100.0
741.5647663005383,5.598791539229069e+22,0.0005184773897506636,100.0
742.0647663005383,5.5913576471289854e+22,0.0005177889724476201,100.0
742.5647663005383,5.583941668801592e+22,0.0005171022140536536,100.0
743.0647663005383,5.5765435494509e+22,0.0005164171094943688,100.0
743.5647663005383,5.569163234197502e+22,0.0005157336536876457,100.0
744.0647663005383,5.561800668471972e+22,0.0005150518415800696,100.0
744.5647663005383,5.554455798002057e+22,0.0005143716681457461,100.0
745.0647663005383,5.547128568427453e+22,0.0005136931283506267,100.0
745.5647663005383,5.539818925967703e+22,0.0005130162172143597,100.0
746.0647663005383,5.532526816778034e+22,0.0005123409297506374,100.0
746.5647663005383,5.525252187265432e+22,0.0005116672609964661,100.0
747.0647663005383,5.517994984176393e+22,0.0005109952060202929,100.0
747.5647663005383,5.510755154160615e+22,0.0005103247598816006,100.0
748.0647663005383,5.503532644409695e+22,0.0005096559176900549,100.0
748.5647663005383,5.496327402086944e+22,0.0005089886745527019,100.0
749.0647663005383,5.4891393745714e+22,0.0005083230255965651,100.0
749.5647663005383,5.481968509597879e+22,0.000507658965981615,100.0
750.0647663005383,5.474814754795861e+22,0.0005069964908580677,100.0
750.5647663005383,5.46767805832458e+22,0.0005063355954251969,100.0
751.0647663005383,5.4605583683171195e+22,0.0005056762748798546,100.0
751.5647663005383,5.453455633120086e+22,0.0005050185244386665,100.0
752.0647663005383,5.446369801426954e+22,0.0005043623393503799,100.0
752.5647663005383,5.439300821817675e+22,0.0005037077148532292,100.0
753.0647663005383,5.432248643414699e+22,0.000503054646235687,100.0
753.5647663005383,5.425213215283576e+22,0.0005024031287809568,100.0
754.0647663005383,5.418194486733977e+22,0.0005017531577948492,100.0
754.5647663005383,5.41119240738921e+22,0.0005011047286122185,100.0
755.0647663005383,5.404206926751245e+22,0.000500457836556683,100.0
755.5647663005383,5.397237994901149e+22,0.0004998124770054887,100.0
756.0647663005383,5.390285561800807e+22,0.0004991686453248439,100.0
756.5647663005383,5.383349577718369e+22,0.0004985263369093193,100.0
757.0647663005383,5.376429993159118e+22,0.0004978855471754452,100.0
757.5647663005383,5.369526758578914e+22,0.0004972462715351748,100.0
758.0647663005383,5.362639824953241e+22,0.0004966085054485817,100.0
758.5647663005383,5.355769143125056e+22,0.0004959722443634663,100.0
759.0647663005383,5.348914664316443e+22,0.0004953374837627385,100.0
759.5647663005383,5.342076339878391e+22,0.0004947042191412453,100.0
760.0647663005383,5.335254121220528e+22,0.000494072445999264,100.0
760.5647663005383,5.328447960181371e+22,0.0004934421598767893,100.0
761.0647663005383,5.321657808459689e+22,0.0004928133563008746,100.0
761.5647663005383,5.31488361822693e+22,0.0004921860308423454,100.0
762.0647663005383,5.308125341646079e+22,0.0004915601790712443,100.0
762.5647663005383,5.3013829310758106e+22,0.0004909357965757351,100.0
763.0647663005383,5.294656339185589e+22,0.0004903128789727624,100.0
763.5647663005383,5.2879455185218625e+22,0.0004896914218678793,100.0
764.0647663005383,5.281250422182901e+22,0.00048907142091774,100.0
764.5647663005383,5.274571003116932e+22,0.0004884528717651042,100.0
765.0647663005383,5.267907214627012e+22,0.00048783577008559067,100.0
765.5647663005383,5.261259010147439e+22,0.0004872201115669718,100.0
766.0647663005383,5.254626343168744e+22,0.00048660589190222735,100.0
766.5647663005383,5.248009167589738e+22,0.0004859931068221461,100.0
767.0647663005383,5.241407437152645e+22,0.0004853817520430158,100.0
767.5647663005383,5.234821106100085e+22,0.00048477182332746393,100.0
768.0647663005383,5.228250128599879e+22,0.0004841633164311907,100.0
768.5647663005383,5.221694459081879e+22,0.00048355622713416207,100.0
769.0647663005383,5.215154052185654e+22,0.0004829505512357647,100.0
769.5647663005383,5.208628862528754e+22,0.00048234628453334635,100.0
770.0647663005383,5.202118845183088e+22,0.0004817434228663308,100.0
770.5647663005383,5.1956239550546404e+22,0.0004811419620587761,100.0
771.0647663005383,5.189144147507738e+22,0.0004805418979771856,100.0
771.5647663005383,5.1826793778715e+22,0.00047994322648480176,100.0
772.0647663005383,5.176229601697535e+22,0.00047934594346547117,100.0
772.5647663005383,5.1697947747673914e+22,0.0004787500448243337,100.0
773.0647663005383,5.163374852820417e+22,0.00047815552646262156,100.0
773.5647663005383,5.156969792053281e+22,0.00047756238432391704,100.0
774.0647663005383,5.150579548487829e+22,0.00047697061433561304,100.0
774.5647663005383,5.144204078604898e+22,0.00047638021246760724,100.0
775.0647663005383,5.137843338833309e+22,0.00047579117468498044,100.0
775.5647663005383,5.131497285841253e+22,0.00047520349697498064,100.0
776.0647663005383,5.125165876491256e+22,0.0004746171753428519,100.0
776.5647663005383,5.118849067639284e+22,0.0004740322057932309,100.0
777.0647663005383,5.11254681656011e+22,0.00047344858436953834,100.0
777.5647663005383,5.106259080345286e+22,0.00047286630709822707,100.0
778.0647663005383,5.099985816586905e+22,0.00047228537005210324,100.0
778.5647663005383,5.093726982754252e+22,0.00047170576929260005,100.0
779.0647663005383,5.0874825366267e+22,0.00047112750090986665,100.0
779.5647663005383,5.081252436089269e+22,0.00047055056100383537,100.0
780.0647663005383,5.075036639109022e+22,0.0004699749456820364,100.0
780.5647663005383,5.068835103981263e+22,0.00046940065108239674,100.0
781.0647663005383,5.062647788861145e+22,0.0004688276733298646,100.0
781.5647663005383,5.056474652408151e+22,0.0004682560085960917,100.0
782.0647663005383,5.05031565308798e+22,0.00046768565303478463,100.0
782.5647663005383,5.0441707497856105e+22,0.00046711660283847717,100.0
783.0647663005383,5.038039901352339e+22,0.00046654885419658413,100.0
783.5647663005383,5.031923066860733e+22,0.0004659824033190111,100.0
784.0647663005383,5.025820205555204e+22,0.0004654172464315774,100.0
784.5647663005383,5.019731276696251e+22,0.00046485337976159195,100.0
785.0647663005383,5.013656239916266e+22,0.00046429079957080325,100.0
785.5647663005383,5.007595054664015e+22,0.0004637295021039547,100.0
786.0647663005383,5.001547680911163e+22,0.0004631694836542131,100.0
786.5647663005383,4.995514078425722e+22,0.00046261074049588587,100.0
787.0647663005383,4.989494207379911e+22,0.0004620532689407122,100.0
787.5647663005383,4.983488027913972e+22,0.00046149706529746975,100.0
788.0647663005383,4.977495500387829e+22,0.00046094212589528014,100.0
788.5647663005383,4.971516585313422e+22,0.00046038844707734265,100.0
789.0647663005383,4.965551243238639e+22,0.00045983602519018493,100.0
789.5647663005383,4.95959943504212e+22,0.00045928485661096463,100.0
790.0647663005383,4.953661121460145e+22,0.00045873493770365564,100.0
790.5647663005383,4.947736263707471e+22,0.00045818626487654173,100.0
791.0647663005383,4.9418248227860074e+22,0.00045763883451819555,100.0
791.5647663005383,4.9359267601490475e+22,0.0004570926430589904,100.0
792.0647663005383,4.930042037137413e+22,0.0004565476869188841,100.0
792.5647663005383,4.924170615392122e+22,0.00045600396254563436,100.0
793.0647663005383,4.918312456605186e+22,0.00045546146639172076,100.0
793.5647663005383,4.9124675226055815e+22,0.00045492019492230696,100.0
794.0647663005383,4.906635775431789e+22,0.0004543801446219577,100.0
794.5647663005383,4.900817177101093e+22,0.0004538413119732747,100.0
795.0647663005383,4.895011689993746e+22,0.0004533036934924725,100.0
795.5647663005383,4.889219276315606e+22,0.00045276728567961584,100.0
796.0647663005383,4.883439898759256e+22,0.0004522320850798428,100.0
796.5647663005383,4.877673519793818e+22,0.00045169808821759756,100.0
797.0647663005383,4.871920102334705e+22,0.00045116529165865345,100.0
797.5647663005383,4.866179609170978e+22,0.00045063369195708276,100.0
798.0647663005383,4.86045200340593e+22,0.0004501032856960574,100.0
798.5647663005383,4.854737248155764e+22,0.00044957406945994474,100.0
799.0647663005383,4.8490353067118995e+22,0.0004490460398493383,100.0
799.5647663005383,4.843346142513271e+22,0.000448519193478492,100.0
800.0647663005383,4.837669719039658e+22,0.0004479935269654424,100.0
800.5647663005383,4.832006000048294e+22,0.0004474690369539196,100.0
801.0647663005383,4.826354949207574e+22,0.000446945720079427,100.0
801.5647663005383,4.820716530588662e+22,0.00044642357301476643,100.0
802.0647663005383,4.815090708048801e+22,0.00044590259241292945,100.0
802.5647663005383,4.809477445943935e+22,0.0004453827749730899,100.0
803.0647663005383,4.803876708394869e+22,0.00044486411737264676,100.0
803.5647663005383,4.798288459959841e+22,0.00044434661632950716,100.0
804.0647663005383,4.792712665059407e+22,0.0004438302685488287,100.0
804.5647663005383,4.787149288439888e+22,0.00044331507076593625,100.0
805.0647663005383,4.781598294822167e+22,0.00044280101971379894,100.0
805.5647663005383,4.776059649140792e+22,0.00044228811214517237,100.0
806.0647663005383,4.7705333164128896e+22,0.00044177634482045936,100.0
806.5647663005383,4.765019261761476e+22,0.000441265714509869,100.0
807.0647663005383,4.759517450495689e+22,0.00044075621800084583,100.0
807.5647663005383,4.75402784792726e+22,0.00044024785208107454,100.0
808.0647663005383,4.748550419653311e+22,0.0004397406135646688,100.0
808.5647663005383,4.7430851311743965e+22,0.0004392344992567994,100.0
809.0647663005383,4.737631948371625e+22,0.0004387295059978785,100.0
809.5647663005383,4.732190836934579e+22,0.0004382256306105819,100.0
810.0647663005383,4.726761763015589e+22,0.00043772286996043825,100.0
810.5647663005383,4.721344692519649e+22,0.0004372212208900717,100.0
811.0647663005383,4.715939591827658e+22,0.0004367206802861775,100.0
811.5647663005383,4.710546427106445e+22,0.00043622124501562724,100.0
812.0647663005383,4.705165164925087e+22,0.00043572291198254226,100.0
812.5647663005383,4.6997957717218615e+22,0.00043522567807893157,100.0
813.0647663005383,4.694438214254168e+22,0.0004347295402263565,100.0
813.5647663005383,4.6890924592278945e+22,0.00043423449534160793,100.0
814.0647663005383,4.683758473588948e+22,0.000433740540363704,100.0
814.5647663005383,4.678436224306985e+22,0.0004332476722338621,100.0
815.0647663005383,4.673125678516576e+22,0.0004327558879085715,100.0
815.5647663005383,4.667826803447382e+22,0.00043226518435312726,100.0
816.0647663005383,4.662539566422756e+22,0.00043177555854150105,100.0
816.5647663005383,4.657263934928697e+22,0.0004312870074627261,100.0
817.0647663005383,4.651999876477422e+22,0.0004307995281082639,100.0
817.5647663005383,4.646747358807553e+22,0.00043031311749054197,100.0
818.0647663005383,4.6415063496203725e+22,0.00042982777261853006,100.0
818.5647663005383,4.636276816903457e+22,0.00042934349052771025,100.0
819.0647663005383,4.63105872854725e+22,0.00042886026824456966,100.0
819.5647663005383,4.625852052784667e+22,0.00042837810282731,100.0
820.0647663005383,4.620656757695434e+22,0.00042789699131994696,100.0
820.5647663005383,4.615472811754278e+22,0.00042741693080307526,100.0
821.0647663005383,4.6103001832302934e+22,0.0004269379183382471,100.0
821.5647663005383,4.605138840836439e+22,0.00042645995102811863,100.0
822.0647663005383,4.599988753031333e+22,0.0004259830259517931,100.0
822.5647663005383,4.594849888754098e+22,0.00042550714023287044,100.0
823.0647663005383,4.589722216678622e+22,0.000425032290970389,100.0
823.5647663005383,4.584605705939588e+22,0.0004245584753060589,100.0
824.0647663005383,4.579500325439297e+22,0.00042408569036007053,100.0
824.5647663005383,4.574406044500941e+22,0.00042361393329159086,100.0
825.0647663005383,4.569322832254215e+22,0.00042314320124186823,100.0
825.5647663005383,4.564250658210885e+22,0.0004226734913875326,100.0
826.0647663005383,4.559189491724652e+22,0.0004222048008905763,100.0
826.5647663005383,4.5541393024959704e+22,0.0004217371269451031,100.0
827.0647663005383,4.549100060099226e+22,0.0004212704667335416,100.0
827.5647663005383,4.5440717344235976e+22,0.00042080481746747256,100.0
828.0647663005383,4.539054295260849e+22,0.00042034017634945495,100.0
828.5647663005383,4.534047712688968e+22,0.0004198765406085541,100.0
829.0647663005383,4.529051956713854e+22,0.00041941390746715924,100.0
829.5647663005383,4.524066997602361e+22,0.00041895227417182554,100.0
830.0647663005383,4.5190928055712296e+22,0.0004184916379644674,100.0
830.5647663005383,4.514129351076289e+22,0.00041803199610913986,100.0
831.0647663005383,4.509176604541954e+22,0.0004175733458669892,100.0
831.5647663005383,4.504234536613021e+22,0.0004171156845195698,100.0
832.0647663005383,4.499303117918435e+22,0.0004166590093469685,100.0
832.5647663005383,4.4943823192920125e+22,0.0004162033176482439,100.0
833.0647663005383,4.4894721115641025e+22,0.0004157486067221338,100.0
833.5647663005383,4.484572465757576e+22,0.0004152948738852044,100.0
834.0647663005383,4.479683352901089e+22,0.0004148421164545577,100.0
834.5647663005383,4.474804744206592e+22,0.0004143903317642697,100.0
835.0647663005383,4.469936610897991e+22,0.00041393951714952345,100.0
835.5647663005383,4.465078924376372e+22,0.00041348966996191007,100.0
836.0647663005383,4.460231656057824e+22,0.0004130407875544097,100.0
836.5647663005383,4.455394777532605e+22,0.00041259286729613165,100.0
837.0647663005383,4.450568260406004e+22,0.00041214590655757705,100.0
837.5647663005383,4.445752076457424e+22,0.000411699902725371,100.0
838.0647663005383,4.44094619747844e+22,0.0004112548531872658,100.0
838.5647663005383,4.4361505954376125e+22,0.0004108107553474035,100.0
839.0647663005383,4.431365242309824e+22,0.00041036760661051147,100.0
839.5647663005383,4.4265901102528324e+22,0.0004099254043982525,100.0
840.0647663005383,4.421825171421906e+22,0.0004094841461320588,100.0
840.5647663005383,4.417070398164011e+22,0.0004090438292511147,100.0
841.0647663005383,4.4123257628119525e+22,0.00040860445119329325,100.0
841.5647663005383,4.407591237901888e+22,0.0004081660094152988,100.0
842.0647663005383,4.402866795941312e+22,0.0004077285013711816,100.0
842.5647663005383,4.3981524096555455e+22,0.00040729192453516365,100.0
843.0647663005383,4.393448051723976e+22,0.00040685627637721336,100.0
843.5647663005383,4.3887536950610976e+22,0.00040642155438907107,100.0
844.0647663005383,4.38406931251542e+22,0.0004059877560563668,100.0
844.5647663005383,4.37939487719057e+22,0.0004055548788883556,100.0
845.0647663005383,4.374730362101387e+22,0.0004051229203860704,100.0
845.5647663005383,4.370075740540664e+22,0.0004046918780762842,100.0
846.0647663005383,4.365430985686853e+22,0.0004042617494751813,100.0
846.5647663005383,4.36079607102183e+22,0.0004038325321270446,100.0
847.0647663005383,4.356170969885042e+22,0.00040340422356296735,100.0
847.5647663005383,4.351555655947386e+22,0.00040297682134473705,100.0
848.0647663005383,4.3469501027065776e+22,0.00040255032301810337,100.0
848.5647663005383,4.34235428402258e+22,0.00040212472616236214,100.0
849.0647663005383,4.337768173548751e+22,0.0004017000283376765,100.0
849.5647663005383,4.3331917453340304e+22,0.0004012762271408424,100.0
850.0647663005383,4.328624973184809e+22,0.0004008533201461947,100.0
850.5647663005383,4.324067831332506e+22,0.0004004313049674279,100.0
851.0647663005383,4.31952029375336e+22,0.00040001017919460573,100.0
851.5647663005383,4.314982334837655e+22,0.00039958994045613414,100.0
852.0647663005383,4.3104539287479636e+22,0.0003991705863593325,100.0
852.5647663005383,4.305935050020152e+22,0.0003987521145460886,100.0
853.0647663005383,4.3014256730066815e+22,0.00039833452264130634,100.0
853.5647663005383,4.296925772386465e+22,0.0003979178083001205,100.0
854.0647663005383,4.292435322701788e+22,0.0003975019691650133,100.0
854.5647663005383,4.287954298772148e+22,0.0003970870029041388,100.0
855.0647663005383,4.283482675329597e+22,0.00039667290717755247,100.0
855.5647663005383,4.27902042733172e+22,0.00039625967966619603,100.0
856.0647663005383,4.27456752970027e+22,0.00039584731804769236,100.0
856.5647663005383,4.2701239575285495e+22,0.00039543582001555104,100.0
857.0647663005383,4.26568968592789e+22,0.00039502518326495114,100.0
857.5647663005383,4.261264690124909e+22,0.0003946154055017477,100.0
858.0647663005383,4.256848945420432e+22,0.00039420648443866814,100.0
858.5647663005383,4.25244242717203e+22,0.0003937984177936945,100.0
859.0647663005383,4.248045110869951e+22,0.00039339120329709545,100.0
859.5647663005383,4.243656972000359e+22,0.00039298483867876167,100.0
860.0647663005383,4.239277986242818e+22,0.00039257932168649336,100.0
860.5647663005383,4.234908129209757e+22,0.0003921746500618741,100.0
861.0647663005383,4.230547376770002e+22,0.0003917708215702306,100.0
861.5647663005383,4.226195704659935e+22,0.00039136783396462505,100.0
862.0647663005383,4.221853088937513e+22,0.00039096568502789905,100.0
862.5647663005383,4.217519505460831e+22,0.0003905643725243858,100.0
863.0647663005383,4.213194930468046e+22,0.0003901638942536144,100.0
863.5647663005383,4.208879339963199e+22,0.0003897642479934334,100.0
864.0647663005383,4.2045727103285625e+22,0.0003893654315567177,100.0
864.5647663005383,4.2002750177491594e+22,0.0003889674427380759,100.0
865.0647663005383,4.19598623872234e+22,0.00038857027936103954,100.0
865.5647663005383,4.191706349622939e+22,0.0003881739392377948,100.0
866.0647663005383,4.187435327061203e+22,0.00038777842020232804,100.0
866.5647663005383,4.1831731476016224e+22,0.00038738372008438864,100.0
867.0647663005383,4.1789197879652074e+22,0.0003869898367282201,100.0
867.5647663005383,4.174675224905986e+22,0.00038659676798112396,100.0
868.0647663005383,4.17043943525361e+22,0.00038620451169740473,100.0
868.5647663005383,4.166212395951496e+22,0.0003858130657419021,100.0
869.0647663005383,4.161994083935815e+22,0.00038542242797878485,100.0
869.5647663005383,4.157784476339234e+22,0.0003850325962904183,100.0
870.0647663005383,4.153583550202381e+22,0.00038464356855064455,100.0
870.5647663005383,4.149391282847061e+22,0.00038425534265934405,100.0
871.0647663005383,4.145207651416236e+22,0.00038386791649983536,100.0
871.5647663005383,4.141032633409001e+22,0.00038348128798841715,100.0
872.0647663005383,4.136866206103793e+22,0.00038309545502095366,100.0
872.5647663005383,4.132708347130423e+22,0.0003827104155258484,100.0
873.0647663005383,4.128559033946283e+22,0.000382326167415538,100.0
873.5647663005383,4.124418244277499e+22,0.00038194270862734503,100.0
874.0647663005383,4.1202859557710905e+22,0.00038156003709126666,100.0
874.5647663005383,4.116162146247495e+22,0.00038117815075335926,100.0
875.0647663005383,4.112046793543198e+22,0.0003807970475611656,100.0
875.5647663005383,4.107939875570983e+22,0.00038041672546929375,100.0
876.0647663005383,4.1038413703566684e+22,0.00038003718244281954,100.0
876.5647663005383,4.099751255903408e+22,0.00037965841644471986,100.0
877.0647663005383,4.095669510426203e+22,0.00037928042545758996,100.0
877.5647663005383,4.091596112016691e+22,0.00037890320745260077,100.0
878.0647663005383,4.087531039075156e+22,0.0003785267604295057,100.0
878.5647663005383,4.083474269790953e+22,0.0003781510823685246,100.0
879.0647663005383,4.079425782715664e+22,0.00037777617128342215,100.0
879.5647663005383,4.075385556206181e+22,0.000377402025169933,100.0
880.0647663005383,4.071353568896858e+22,0.0003770286420494868,100.0
880.5647663005383,4.0673297993341275e+22,0.0003766560199353707,100.0
881.0647663005383,4.0633142262333274e+22,0.0003762841568565138,100.0
881.5647663005383,4.059306828330212e+22,0.0003759130508437356,100.0
882.0647663005383,4.055307584419264e+22,0.00037554269993329424,100.0
882.5647663005383,4.051316473425432e+22,0.0003751731021735298,100.0
883.0647663005383,4.047333474220513e+22,0.00037480425560786014,100.0
883.5647663005383,4.043358565918425e+22,0.0003744361583021247,100.0
884.0647663005383,4.039391727466555e+22,0.0003740688083067413,100.0
884.5647663005383,4.035432938147603e+22,0.00037370220370317966,100.0
885.0647663005383,4.031482177042724e+22,0.0003733363425542454,100.0
885.5647663005383,4.027539423533797e+22,0.00037297122295059244,100.0
886.0647663005383,4.023604656882349e+22,0.0003726068429717298,100.0
886.5647663005383,4.019677856540513e+22,0.00037224320071481735,100.0
887.0647663005383,4.015759001959063e+22,0.00037188029427688953,100.0
887.5647663005383,4.0118480726586475e+22,0.0003715181217614509,100.0
888.0647663005383,4.007945048279104e+22,0.00037115668128304407,100.0
888.5647663005383,4.004049908407903e+22,0.0003707959709513621,100.0
889.0647663005383,4.0001626328737455e+22,0.00037043598889843695,100.0
889.5647663005383,3.9962832013292416e+22,0.0003700767332399939,100.0
890.0647663005383,3.992411593764915e+22,0.0003697182021230509,100.0
890.5647663005383,3.988547789977324e+22,0.0003693603936766634,100.0
891.0647663005383,3.984691770033045e+22,0.00036900330605489217,100.0
891.5647663005383,3.980843513913118e+22,0.0003686469374038767,100.0
892.0647663005383,3.977003001744261e+22,0.00036829128588324717,100.0
892.5647663005383,3.973170213696544e+22,0.0003679363496566482,100.0
893.0647663005383,3.969345129955191e+22,0.00036758212688912804,100.0
893.5647663005383,3.965527730879068e+22,0.0003672286157618148,100.0
894.0647663005383,3.961717996710372e+22,0.00036687581444503253,100.0
894.5647663005383,3.957915907981024e+22,0.00036652372113593536,100.0
895.0647663005383,3.954121445035138e+22,0.00036617233401428515,100.0
895.5647663005383,3.9503345885125175e+22,0.0003658216512872268,100.0
896.0647663005383,3.946555318928362e+22,0.0003654716711503655,100.0
896.5647663005383,3.942783616974615e+22,0.0003651223918156744,100.0
897.0647663005383,3.939019463355405e+22,0.00036477381149625473,100.0
897.5647663005383,3.93526283881327e+22,0.0003644259284087648,100.0
898.0647663005383,3.931513724241028e+22,0.0003640787407837797,100.0
898.5647663005383,3.92777210043036e+22,0.00036373224684250826,100.0
899.0647663005383,3.924037948447488e+22,0.0003633864448315839,100.0
899.5647663005383,3.9203112491767304e+22,0.0003630413329807944,100.0
900.0647663005383,3.916591983791728e+22,0.0003626969095467203,100.0
900.5647663005383,3.9128801333453e+22,0.00036235317277475364,100.0
901.0647663005383,3.909175679055626e+22,0.00036201012092559957,100.0
901.5647663005383,3.905478602164251e+22,0.0003616677522621269,100.0
902.0647663005383,3.901788883932414e+22,0.00036132606504902853,100.0
902.5647663005383,3.898106505790165e+22,0.0003609850575666297,100.0
903.0647663005383,3.8944314490403905e+22,0.00036064472808348003,100.0
903.5647663005383,3.890763695276654e+22,0.0003603050748950472,100.0
904.0647663005383,3.887103225916271e+22,0.00035996609628047727,100.0
904.5647663005383,3.8834500226290415e+22,0.00035962779054229786,100.0
905.0647663005383,3.879804067008468e+22,0.0003592901559759711,100.0
905.5647663005383,3.876165340761672e+22,0.0003589531908874806,100.0
906.0647663005383,3.872533825670611e+22,0.0003586168935897404,100.0
906.5647663005383,3.868909503478277e+22,0.00035828126239205595,100.0
907.0647663005383,3.865292356149659e+22,0.0003579462956242911,100.0
907.5647663005383,3.861682365477949e+22,0.00035761199160039986,100.0
908.0647663005383,3.858079513561489e+22,0.00035727834866259515,100.0
908.5647663005383,3.8544837823486885e+22,0.0003569453651392053,100.0
909.0647663005383,3.850895153969606e+22,0.00035661303937538016,100.0
909.5647663005383,3.847313610561061e+22,0.0003562813697168959,100.0
910.0647663005383,3.84373913428346e+22,0.0003559503545117125,100.0
910.5647663005383,3.840171707461772e+22,0.00035561999212303005,100.0
911.0647663005383,3.836611312285497e+22,0.0003552902809015027,100.0
911.5647663005383,3.8330579312352015e+22,0.00035496121922473943,100.0
912.0647663005383,3.829511546624921e+22,0.0003546328054549274,100.0
912.5647663005383,3.8259721409855845e+22,0.0003543050379743392,100.0
913.0647663005383,3.822439696811525e+22,0.00035397791516185835,100.0
913.5647663005383,3.818914196658687e+22,0.0003536514354020742,100.0
914.0647663005383,3.815395623209432e+22,0.0003533255970912828,100.0
914.5647663005383,3.811883959043529e+22,0.00035300039861627954,100.0
915.0647663005383,3.808379187004714e+22,0.00035267583838830463,100.0
915.5647663005383,3.804881289774404e+22,0.00035235191480356676,100.0
916.0647663005383,3.801390250262962e+22,0.0003520286262794761,100.0
916.5647663005383,3.797906051324788e+22,0.00035170597122826026,100.0
917.0647663005383,3.794428675890172e+22,0.00035138394806917496,100.0
917.5647663005383,3.79095810700136e+22,0.0003510625552318434,100.0
918.0647663005383,3.787494327607407e+22,0.0003507417911372587,100.0
918.5647663005383,3.784037320911864e+22,0.000350421654229982,100.0
919.0647663005383,3.7805870699600274e+22,0.000350102142939919,100.0
919.5647663005383,3.7771435580211274e+22,0.00034978325571771284,100.0
920.0647663005383,3.7737067683118928e+22,0.0003494649910091448,100.0
920.5647663005383,3.770276684116531e+22,0.00034914734726624507,100.0
921.0647663005383,3.766853288839447e+22,0.0003488303229521747,100.0
921.5647663005383,3.7634365657787037e+22,0.0003485139165202469,100.0
922.0647663005383,3.760026498494393e+22,0.00034819812644804017,100.0
922.5647663005383,3.75662307039225e+22,0.0003478829511988387,100.0
923.0647663005383,3.7532262650804137e+22,0.00034756838925467063,100.0
923.5647663005383,3.7498360661400766e+22,0.0003472544390950682,100.0
924.0647663005383,3.7464524571896636e+22,0.00034694109920301204,100.0
924.5647663005383,3.7430754219977567e+22,0.00034662836807538785,100.0
925.0647663005383,3.7397049441919403e+22,0.00034631624419602424,100.0
925.5647663005383,3.736341007685518e+22,0.000346004726075209,100.0
926.0647663005383,3.7329835962412453e+22,0.0003456938122092884,100.0
926.5647663005383,3.729632693786982e+22,0.00034538350110989804,100.0
927.0647663005383,3.726288284270318e+22,0.0003450737912905008,100.0
927.5647663005383,3.7229503516247937e+22,0.0003447646812632585,100.0
928.0647663005383,3.719618879972909e+22,0.00034445616955783157,100.0
928.5647663005383,3.7162938532894574e+22,0.00034414825469020205,100.0
929.0647663005383,3.7129752558011414e+22,0.00034384093519967995,100.0
929.5647663005383,3.7096630716365495e+22,0.00034353420961648963,100.0
930.0647663005383,3.7063572850247006e+22,0.00034322807648015565,100.0
930.5647663005383,3.7030578802813122e+22,0.0003429225343382315,100.0
931.0647663005383,3.6997648416366857e+22,0.00034261758173036053,100.0
931.5647663005383,3.696478153561365e+22,0.0003423132172184338,100.0
932.0647663005383,3.6931978003818444e+22,0.0003420094393510027,100.0
932.5647663005383,3.6899237666122585e+22,0.00034170624669399514,100.0
933.0647663005383,3.6866560367513414e+22,0.0003414036378119127,100.0
933.5647663005383,3.6833945953112695e+22,0.00034110161127050195,100.0
934.0647663005383,3.680139426968799e+22,0.0003408001656507503,100.0
934.5647663005383,3.676890516259361e+22,0.0003404992995205578,100.0
935.0647663005383,3.673647847972211e+22,0.0003401990114713299,100.0
935.5647663005383,3.6704114067909273e+22,0.0003398993000846858,100.0
936.0647663005383,3.667181177499633e+22,0.0003396001639515558,100.0
936.5647663005383,3.6639571449685998e+22,0.00033930160167084766,100.0
937.0647663005383,3.6607392939759332e+22,0.00033900361183293457,100.0
937.5647663005383,3.657527609541341e+22,0.0003387061930505629,100.0
938.0647663005383,3.6543220765466676e+22,0.0003384093439237124,100.0
938.5647663005383,3.651122680038266e+22,0.00033811306306759717,100.0
939.0647663005383,3.647929405073003e+22,0.0003378173490984049,100.0
939.5647663005383,3.6447422366881243e+22,0.00033752220063050617,100.0
940.0647663005383,3.6415611601066276e+22,0.0003372276162954733,100.0
940.5647663005383,3.638386160416213e+22,0.00033693359471234933,100.0
941.0647663005383,3.6352172229159727e+22,0.0003366401345197532,100.0
941.5647663005383,3.6320543328510572e+22,0.00033634723435130873,100.0
942.0647663005383,3.6288974755084766e+22,0.000336054892844516,100.0
942.5647663005383,3.62574663631343e+22,0.00033576310864967237,100.0
943.0647663005383,3.6226018005583957e+22,0.00033547188040478407,100.0
943.5647663005383,3.619462953785932e+22,0.00033518120677101664,100.0
944.0647663005383,3.616330081431087e+22,0.0003348910863995792,100.0
944.5647663005383,3.6132031690214895e+22,0.0003346015179502544,100.0
945.0647663005383,3.610082202178238e+22,0.0003343125000914809,100.0
945.5647663005383,3.606967166413162e+22,0.0003340240314815781,100.0
946.0647663005383,3.6038580474875533e+22,0.0003337361108019674,100.0
946.5647663005383,3.600754831033192e+22,0.00033344873672207616,100.0
947.0647663005383,3.5976575028093096e+22,0.00033316190792313495,100.0
947.5647663005383,3.59456604862834e+22,0.0003328756230913007,100.0
948.0647663005383,3.5914804542309803e+22,0.0003325898809060875,100.0
948.5647663005383,3.5884007055778193e+22,0.00033230468006737243,100.0
949.0647663005383,3.5853267885023786e+22,0.00033202001926326544,100.0
949.5647663005383,3.5822586889867587e+22,0.00033173589719563565,100.0
950.0647663005383,3.5791963930362284e+22,0.00033145231256849776,100.0
950.5647663005383,3.5761398866116306e+22,0.0003311692640817524,100.0
951.0647663005383,3.573089155871839e+22,0.0003308867504536388,100.0
951.5647663005383,3.5700441868510154e+22,0.00033060477039084733,100.0
952.0647663005383,3.567004965745601e+22,0.0003303233226150962,100.0
952.5647663005383,3.5639714787550837e+22,0.0003300424058483858,100.0
953.0647663005383,3.560943712052029e+22,0.0003297620188102233,100.0
953.5647663005383,3.5579216519925194e+22,0.00032948216023711045,100.0
954.0647663005383,3.5549052848102837e+22,0.0003292028288542188,100.0
954.5647663005383,3.55189459690775e+22,0.0003289240234023419,100.0
955.0647663005383,3.5488895746799993e+22,0.00032864574262159293,100.0
955.5647663005383,3.545890204503023e+22,0.0003283679852503177,100.0
956.0647663005383,3.5428964729291008e+22,0.0003280907500431867,100.0
956.5647663005383,3.5399083663904375e+22,0.0003278140357437512,100.0
957.0647663005383,3.5369258714873138e+22,0.0003275378411111271,100.0
957.5647663005383,3.533948974811674e+22,0.0003272621649036583,100.0
958.0647663005383,3.5309776629348776e+22,0.0003269870058777824,100.0
958.5647663005383,3.52801192260436e+22,0.00032671236280624257,100.0
959.0647663005383,3.52505174044974e+22,0.0003264382344508716,100.0
959.5647663005383,3.5220971032611717e+22,0.00032616461958836856,100.0
960.0647663005383,3.519147997828721e+22,0.0003258915169954246,100.0
960.5647663005383,3.516204410911234e+22,0.00032561892544583944,100.0
961.0647663005383,3.5132663294502745e+22,0.00032534684373033355,100.0
961.5647663005383,3.5103337402717757e+22,0.00032507527062891953,100.0
962.0647663005383,3.5074066303480364e+22,0.000324804204935164,100.0
962.5647663005383,3.5044849866683927e+22,0.0003245336454442115,100.0
963.0647663005383,3.5015687961714855e+22,0.0003242635909465117,100.0
963.5647663005383,3.4986580459919956e+22,0.0003239940402506689,100.0
964.0647663005383,3.495752723151089e+22,0.000323724992154775,100.0
964.5647663005383,3.4928528147956374e+22,0.0003234564454685632,100.0
965.0647663005383,3.4899583081153613e+22,0.00032318839900573456,100.0
965.5647663005383,3.4870691902212022e+22,0.00032292085157269477,100.0
966.0647663005383,3.4841854484399155e+22,0.0003226538019958351,100.0
966.5647663005383,3.4813070699868375e+22,0.00032238724909122886,100.0
967.0647663005383,3.4784340421760074e+22,0.00032212119168408964,100.0
967.5647663005383,3.4755663523972743e+22,0.0003218556286066515,100.0
968.0647663005383,3.4727039879305845e+22,0.00032159055868097097,100.0
968.5647663005383,3.469846936289671e+22,0.00032132598075075434,100.0
969.0647663005383,3.466995184884348e+22,0.0003210618936500845,100.0
969.5647663005383,3.4641487211886386e+22,0.00032079829621899054,100.0
970.0647663005383,3.4613075327831517e+22,0.0003205351873073718,100.0
970.5647663005383,3.4584716071406422e+22,0.0003202725657551399,100.0
971.0647663005383,3.4556409319299024e+22,0.00032001043042036045,100.0
971.5647663005383,3.4528154947644497e+22,0.0003197487801559803,100.0
972.0647663005383,3.449995283271224e+22,0.0003194876138161894,100.0
972.5647663005383,3.4471802852206092e+22,0.0003192269302684614,100.0
973.0647663005383,3.4443704882771104e+22,0.00031896672837046486,100.0
973.5647663005383,3.4415658802576072e+22,0.000318707006993979,100.0
974.0647663005383,3.4387664489802587e+22,0.0003184477650109017,100.0
974.5647663005383,3.4359721822180556e+22,0.000318189001288948,100.0
975.0647663005383,3.4331830679301282e+22,0.00031793071471307015,100.0
975.5647663005383,3.4303990939716636e+22,0.0003176729041585952,100.0
976.0647663005383,3.4276202483008907e+22,0.00031741556851039196,100.0
976.5647663005383,3.424846518939261e+22,0.00031715870665918424,100.0
977.0647663005383,3.422077893805682e+22,0.00031690231748619964,100.0
977.5647663005383,3.4193143610404376e+22,0.00031664639989316645,100.0
978.0647663005383,3.416555908690557e+22,0.0003163909527731769,100.0
978.5647663005383,3.413802524848992e+22,0.0003161359750235762,100.0
979.0647663005383,3.4110541977246543e+22,0.00031588146555244773,100.0
979.5647663005383,3.4083109154257858e+22,0.0003156274232585526,100.0
980.0647663005383,3.4055726662228514e+22,0.0003153738470556744,100.0
980.5647663005383,3.402839438370309e+22,0.0003151207358561145,100.0
981.0647663005383,3.400111220089412e+22,0.00031486808856909937,100.0
981.5647663005383,3.397387999775497e+22,0.0003146159041199764,100.0
982.0647663005383,3.3946697657250983e+22,0.0003143641814249435,100.0
982.5647663005383,3.391956506332534e+22,0.0003141129194092538,100.0
983.0647663005383,3.3892482100549344e+22,0.0003138621170039772,100.0
983.5647663005383,3.3865448652519678e+22,0.00031361177313115793,100.0
984.0647663005383,3.3838464604880004e+22,0.0003133618867317966,100.0
984.5647663005383,3.3811529842522564e+22,0.00031311245673993515,100.0
985.0647663005383,3.378464425056718e+22,0.00031286348209172296,100.0
985.5647663005383,3.375780771543666e+22,0.0003126149617353758,100.0
986.0647663005383,3.373102012259697e+22,0.00031236689461024874,100.0
986.5647663005383,3.3704281358825316e+22,0.00031211927966783926,100.0
987.0647663005383,3.367759131111278e+22,0.00031187211586162583,100.0
987.5647663005383,3.365094986569547e+22,0.0003116254021380951,100.0
988.0647663005383,3.3624356910837264e+22,0.0003113791374625124,100.0
988.5647663005383,3.35978123338632e+22,0.0003111333207914483,100.0
989.0647663005383,3.3571316022624744e+22,0.0003108879510863489,100.0
989.5647663005383,3.354486786599859e+22,0.00031064302731815424,100.0
990.0647663005383,3.3518467751935107e+22,0.00031039854844922606,100.0
990.5647663005383,3.3492115569872602e+22,0.00031015451345570524,100.0
991.0647663005383,3.346581120920337e+22,0.00030991092131330656,100.0
991.5647663005383,3.3439554558795195e+22,0.00030966777099288755,100.0
992.0647663005383,3.341334550935331e+22,0.0003094250614823215,100.0
992.5647663005383,3.3387183950673308e+22,0.00030918279176105805,100.0
993.0647663005383,3.3361069773169386e+22,0.0003089409608142751,100.0
993.5647663005383,3.333500286815667e+22,0.00030869956763549406,100.0
994.0647663005383,3.330898312605336e+22,0.00030845861120992995,100.0
994.5647663005383,3.3283010438792365e+22,0.00030821809053682513,100.0
995.0647663005383,3.325708469820114e+22,0.0003079780046144451,100.0
995.5647663005383,3.323120579561393e+22,0.00030773835243648825,100.0
996.0647663005383,3.320537362416166e+22,0.00030749913301329095,100.0
996.5647663005383,3.3179588076093953e+22,0.0003072603453470283,100.0
997.0647663005383,3.315384904422516e+22,0.00030702198844510516,100.0
997.5647663005383,3.3128156422293204e+22,0.0003067840613234791,100.0
998.0647663005383,3.3102510103167213e+22,0.00030654656299006216,100.0
998.5647663005383,3.3076909981114544e+22,0.0003063094924657148,100.0
999.0647663005383,3.3051355950429373e+22,0.0003060728487715458,100.0
999.5647663005383,3.3025847904753733e+22,0.0003058366309226246,100.0
