index,field,ccdid,qid,filter,pid,infobitssci,sciinpseeing,scibckgnd,scisigpix,zpmaginpsci,zpmaginpsciunc,zpmaginpscirms,clrcoeff,clrcoeffunc,ncalmatches,exptime,adpctdif1,adpctdif2,diffmaglim,zpdiff,programid,jd,rfid,diffimgstatus,forcediffimflux,forcediffimfluxunc,forcediffimsnr,forcediffimchisq,forcediffimfluxap,forcediffimfluxuncap,forcediffimsnrap,aperturecorr,dnearestrefsrc,nearestrefmag,nearestrefmagunc,nearestrefchi,nearestrefsharp,refjdstart,refjdend,procstatus,flux_uncertainty_correction,flux_baseline_correction,apparent_mag,apparent_magerr,MJD,COIN_FIT_DETECTION
0,787,9,0,ZTF_g,1917422913215,4194304,1.7958,136.152,6.57771,26.1919,3.27733e-05,0.0383253,-0.102892,4.43336e-05,308,30.0,0.128581,0.082411,17.4781,26.1919,1,2459671.9229167,787120132,1,6.99137039338531,15.9990110903345,0.486098155020776,2.62687387243774,-39.2514320887771,28.6520501345914,-1.37916109167055,1.08051911468951,0.438649327263071,18.9789998054504,0.0759999975562096,5.01700019836426,0.462999999523163,2458166.884375,2458276.724259,0,18.54099546891902,11.3472603303151,23.554672453456803,1.77399285771444,59671.42291670013,False
5,787,9,0,ZTF_g,1922325273215,4194304,3.3411,114.835,5.39491,26.1759,4.64401e-05,0.0438236,-0.0561351,7.40273e-05,261,30.0,0.143229,0.09712,20.1334,26.1759,1,2459676.8252778,787120132,1,6.35535741791558,35.7937626720584,0.197509244004497,1.1630357666928,-20.7755211631625,50.6353886350387,-0.413059839320381,1.13426016961318,0.438649327263071,18.9789998054504,0.0759999975562096,5.01700019836426,0.462999999523163,2458166.884375,2458276.724259,0,41.48081326846073,10.71124735484537,23.601299878526632,4.204526090530001,59676.325277800206,False
10,787,9,0,ZTF_g,1924325833215,4194304,1.8006,115.628,7.63355,26.2126,3.13066e-05,0.0374225,-0.0728556,4.33695e-05,301,30.0,0.091922,0.078688,20.351,26.2126,1,2459678.8258333,787120132,1,21.1414687565618,33.1435629723712,0.709562676117085,1.27129064674286,-11.4744600114389,63.6688530971558,-0.181434729822611,1.06999309278007,0.438649327263071,18.9789998054504,0.0759999975562096,5.01700019836426,0.462999999523163,2458166.884375,2458276.724259,0,38.409539653723606,25.49735869349159,22.6963620159989,1.6355120427706225,59678.32583330013,False
14,787,9,0,ZTF_g,1929287513215,4194304,3.5405,157.25,16.849,26.2497,4.84199e-05,0.0381209,-0.0324552,9.43597e-05,181,30.0,0.113941,0.100568,17.2892,26.2497,1,2459683.7875116,787120132,1,85.3267234529777,212.937195851789,0.445746908252389,1.08297416187011,25.4365211319298,351.112932061033,0.0729333363340485,1.09821201925604,0.438649327263071,18.9789998054504,0.0759999975562096,5.01700019836426,0.462999999523163,2458166.884375,2458276.724259,0,246.76947601077,89.68261338990749,21.367929361751965,2.9873975565373456,59683.28751160018,False
21,787,9,0,ZTF_g,1931331483215,4194304,2.2562,162.094,20.0751,26.2734,4.98816e-05,0.0399984,-0.0530771,9.28207e-05,190,30.0,0.098273,0.089857,17.5182,26.2734,1,2459685.8314815,787120132,1,90.6067813146608,91.956020819461,1.09606253731444,0.971048610044329,72.6327302399446,162.46345830935,0.450082231524304,1.08369943330673,0.438649327263071,18.9789998054504,0.0759999975562096,5.01700019836426,0.462999999523163,2458166.884375,2458276.724259,0,106.5663468652426,94.96267125159058,21.32951769349748,1.2183638188216614,59685.33148150006,False
34,787,9,0,ZTF_g,1940361283215,4194304,2.6491,116.607,8.49273,26.017,3.58941e-05,0.0382461,-0.045977,5.82878e-05,250,30.0,0.117272,0.082145,17.4238,26.017,1,2459694.8612847,787120132,1,7.30229449097783,70.5766887090136,0.115094048288734,0.956882092300701,47.9513282580066,123.327837758231,0.391430548773062,1.08442159917198,0.438649327263071,18.9789998054504,0.0759999975562096,5.01700019836426,0.462999999523163,2458166.884375,2458276.724259,0,81.7901842918074,11.65818442790762,23.350422696484426,7.616932433582441,59694.36128470022,False
68,787,9,0,ZTF_g,1961241643215,4194304,1.9985,301.131,13.5687,26.2471,3.06558e-05,0.0343387,-0.0373432,5.36686e-05,225,30.0,0.09008,0.08482,17.4518,26.2471,1,2459715.7416435,787120132,1,50.6082011248778,54.3527579509566,1.03574802967698,0.976587922843064,-17.0840924514361,95.6911044055041,-0.179736192866418,1.09173403932163,0.438649327263071,18.9789998054504,0.0759999975562096,5.01700019836426,0.462999999523163,2458166.884375,2458276.724259,0,62.98853305381821,54.96409106180759,21.896902373848505,1.2442059718522236,59715.24164350005,False
73,787,9,0,ZTF_g,1968262253215,4194304,2.3171,113.569,5.70538,26.1609,3.116e-05,0.0374204,-0.0696322,4.276e-05,301,30.0,0.126155,0.081385,20.4203,26.1609,1,2459722.7622569,787120132,1,29.7298595546024,30.4826298957884,1.08491378030876,1.4096345844673,90.8079788064699,52.0767544711732,1.75547759641905,1.09570368530395,0.438649327263071,18.9789998054504,0.0759999975562096,5.01700019836426,0.462999999523163,2458166.884375,2458276.724259,0,35.32582730191306,34.08574949153219,22.32946788028542,1.125198984144825,59722.26225689985,False
82,787,9,0,ZTF_g,1977199023215,4194304,3.0033,117.332,5.83108,26.2067,3.51891e-05,0.0392596,-0.0678174,4.88929e-05,293,30.0,0.121075,0.092732,20.337,26.2067,1,2459731.6990278,787120132,1,8.66970850313412,35.5001024529466,0.271662498331522,1.0989592621748,34.8595683168286,57.8691109674721,0.606443557337711,1.10612692967418,0.438649327263071,18.9789998054504,0.0759999975562096,5.01700019836426,0.462999999523163,2458166.884375,2458276.724259,0,41.14049518497349,13.02559844006391,23.419705786530386,3.4291119773001824,59731.1990278,False
101,787,9,0,ZTF_g,2015182363215,4194304,2.1711,286.387,12.8032,26.1944,3.12037e-05,0.0349437,-0.0423651,5.48868e-05,234,30.0,0.099547,0.081765,17.4965,26.1944,2,2459769.6823611,787120132,1,9.06585287610762,54.8310671335262,0.183923308104725,1.09233147057335,-15.8098165820573,97.1629942568436,-0.163810272913988,1.08675482685718,0.438649327263071,18.9789998054504,0.0759999975562096,5.01700019836426,0.462999999523163,2458166.884375,2458276.724259,0,63.54283783782594,13.42174281303741,23.374877718438867,5.140052227309456,59769.18236109987,False
103,787,9,0,ZTF_g,2015184243215,4194304,1.9314,113.607,11.5661,26.1735,3.5679e-05,0.0387847,-0.0335958,5.95446e-05,253,30.0,0.100887,0.078645,19.7453,26.1735,2,2459769.6842477,787120132,1,10.3839744121238,53.6901784679471,0.215141188173895,1.22551163500017,47.9579749266925,96.7353926559881,0.499103516525528,1.08719678765037,0.438649327263071,18.9789998054504,0.0759999975562096,5.01700019836426,0.462999999523163,2458166.884375,2458276.724259,0,62.22068039574364,14.73986434905359,23.252266283174876,4.583013188313113,59769.18424770003,False
104,787,9,0,ZTF_g,2015185183215,4194304,2.0027,113.461,11.627,26.1713,3.83134e-05,0.0395907,-0.0310849,6.48599e-05,239,30.0,0.094916,0.072671,19.7132,26.1713,2,2459769.6851852,787120132,1,41.2273342617879,56.3228353177015,0.814245835974402,1.15604157123164,95.0076102173629,100.415666699851,0.952515629103254,1.09198373945295,0.438649327263071,18.9789998054504,0.0759999975562096,5.01700019836426,0.462999999523163,2458166.884375,2458276.724259,0,65.27162388511991,45.583224198717694,22.024287398734373,1.5546377707540093,59769.18518520007,False
105,787,9,0,ZTF_g,2015186133215,4194304,2.1102,113.068,11.5506,26.1678,3.39681e-05,0.0369933,-0.0211502,5.81824e-05,239,30.0,0.104308,0.08211,19.6619,26.1678,2,2459769.6861343,787120132,1,74.5030061109053,59.662689139191,1.3890752501148,1.05058455479386,55.8138525085781,103.931689945287,0.540641281268963,1.09180556873432,0.438649327263071,18.9789998054504,0.0759999975562096,5.01700019836426,0.462999999523163,2458166.884375,2458276.724259,0,69.14212651940456,78.85889604783509,21.425673267360935,0.9519231250280528,59769.186134300195,False
143,787,9,0,ZTF_g,2111469713215,4194304,2.3071,104.508,12.7659,26.0721,4.01715e-05,0.0373755,-0.0288174,7.59146e-05,201,30.0,0.111216,0.08644,19.345,26.0721,1,2459865.9697106,787120132,1,304.411646658631,66.5254591506582,5.09012191937598,1.00313939791547,318.197415909762,113.556448518181,2.8209802084651,1.07245286981601,0.438649327263071,18.9789998054504,0.0759999975562096,5.01700019836426,0.462999999523163,2458166.884375,2458276.724259,0,77.09527980921743,308.7675365955608,19.848020917687773,0.27108531619535153,59865.4697106001,True
145,787,9,0,ZTF_g,2113465343215,4194304,2.1525,92.5385,12.4893,25.9326,3.58402e-05,0.0360005,-0.0133355,6.4608e-05,204,30.0,0.101254,0.084527,19.2819,25.9326,1,2459867.9653472,787120132,1,372.712532643095,64.5484291146733,6.42307687540496,1.00547529377123,353.184763271496,110.573254528563,3.21563731201142,1.08461476362598,0.438649327263071,18.9789998054504,0.0759999975562096,5.01700019836426,0.462999999523163,2458166.884375,2458276.724259,0,74.8041316418624,377.0684225800248,19.491549589653307,0.2153849032699997,59867.46534720017,True
150,787,9,0,ZTF_g,2120473003215,4194304,2.4094,109.527,4.64369,26.1419,3.24917e-05,0.0384306,-0.0878731,4.45725e-05,302,30.0,0.122982,0.087058,20.4792,26.1419,1,2459874.9730093,787120132,1,732.44442365071,28.8963713323104,28.1959134280179,1.53940889015872,739.859843851716,44.3129513484021,16.8086940680534,1.07385928290454,0.438649327263071,18.9789998054504,0.0759999975562096,5.01700019836426,0.462999999523163,2458166.884375,2458276.724259,0,33.48753788065329,736.8003135876397,18.973525494930595,0.04934501140477691,59874.47300929995,True
152,787,9,0,ZTF_g,2124451663215,4194304,2.6981,108.85,6.66762,26.1322,3.99674e-05,0.0415091,-0.0652732,6.17234e-05,264,30.0,0.105764,0.084531,19.9949,26.1322,1,2459878.9516667,787120132,1,684.664972818035,41.4807507564298,18.3605760667392,1.17659914163844,646.28176498873,62.3477068951473,10.4355804288663,1.09212546876724,0.438649327263071,18.9789998054504,0.0759999975562096,5.01700019836426,0.462999999523163,2458166.884375,2458276.724259,0,48.07137187916309,689.0208627549648,19.036619069896446,0.07574674624586511,59878.45166670019,True
156,787,9,0,ZTF_g,2128518403215,4194304,3.6823,110.39,5.88976,26.1551,3.99966e-05,0.0397407,-0.0558552,6.79352e-05,235,30.0,0.131337,0.098119,19.8941,26.1551,1,2459883.0184028,787120132,1,584.12964746643,43.0564603820743,15.0912678156673,0.960942191852689,642.657466509507,55.8733308062258,11.5795101560259,1.1552990804675,0.438649327263071,18.9789998054504,0.0759999975562096,5.01700019836426,0.462999999523163,2458166.884375,2458276.724259,0,49.89743630679865,588.4855374033598,19.230760514732317,0.09205603732816904,59882.518402799964,True
161,787,9,0,ZTF_g,2135414053215,4194304,2.9176,271.444,16.1845,26.1258,7.40794e-05,0.0449762,-0.018866,0.000141762,165,30.0,0.125483,0.091943,18.4308,26.1258,1,2459889.9140509,787120132,1,493.296483772835,117.126893483287,4.684963331865,0.924269234858756,635.790676631335,182.979549552359,3.49805628543997,1.09737109409027,0.438649327263071,18.9789998054504,0.0759999975562096,5.01700019836426,0.462999999523163,2458166.884375,2458276.724259,0,135.73646452899493,497.6523737097648,19.383484800213242,0.2961285574517861,59889.41405089991,True
164,787,9,0,ZTF_g,2139415693215,4194304,2.9339,268.912,16.9186,26.1525,6.03217e-05,0.0403707,-0.0409665,0.000118922,160,30.0,0.126186,0.093434,17.3892,26.1525,2,2459893.9156944,787120132,1,315.229769240402,249.031290862377,1.40808251423559,1.01971476856793,114.409702156547,424.662663177682,0.271227654489913,1.08528749754023,0.438649327263071,18.9789998054504,0.0759999975562096,5.01700019836426,0.462999999523163,2458166.884375,2458276.724259,0,288.59833957411496,319.58565917733176,19.8910317927309,0.9804295289162377,59893.4156944002,False
166,787,9,0,ZTF_g,2139446093215,4194304,3.2866,113.814,14.4501,26.2185,6.2712e-05,0.039969,-0.071996,0.000122797,157,30.0,0.130703,0.108305,19.1117,26.2185,2,2459893.9460995,787120132,1,335.194465663996,91.2648396155676,4.08552757065871,1.03352702339119,496.399381061929,128.103216567389,3.90109376520443,1.15539104255848,0.438649327263071,18.9789998054504,0.0759999975562096,5.01700019836426,0.462999999523163,2458166.884375,2458276.724259,0,105.7653481349316,339.5503556009258,19.891239525933457,0.33818088120353645,59893.44609950017,True
173,787,9,0,ZTF_g,2143473843215,4194304,3.425,117.043,10.0878,26.231,6.10426e-05,0.0453286,-0.0473974,0.000117304,196,30.0,0.137412,0.089602,19.4741,26.231,1,2459897.9738426,787120132,1,81.6103635874571,67.6395810988085,1.3421442790233,0.934180966371134,35.310321204761,93.9419250541787,0.378405469433904,1.15041619259857,0.438649327263071,18.9789998054504,0.0759999975562096,5.01700019836426,0.462999999523163,2458166.884375,2458276.724259,0,78.3864177349207,85.96625352438689,21.395179999344293,0.9899714160587572,59897.473842599895,False
181,787,9,0,ZTF_g,2147518073215,4194304,1.9916,124.539,6.37182,26.2727,2.34729e-05,0.0325804,-0.0623393,3.20753e-05,305,30.0,0.095417,0.085579,20.5204,26.2727,1,2459902.0180787,787120132,1,137.164792846853,29.7292305880728,5.13232067016899,1.69873316232167,88.6113338349349,53.7263384601457,1.66041719617154,1.07309221140507,0.438649327263071,18.9789998054504,0.0759999975562096,5.01700019836426,0.462999999523163,2458166.884375,2458276.724259,0,34.452725016292376,141.5206827837828,20.895650211966547,0.2643099426487151,59901.518078700174,True
184,787,9,0,ZTF_g,2149380273215,4194304,3.5019,273.115,7.32132,26.1227,3.66807e-05,0.0380293,-0.0470806,6.43248e-05,235,30.0,0.127168,0.099782,17.4823,26.1227,1,2459903.8802778,787120132,1,112.894796051449,227.625574701953,0.551705951784643,0.969597496720817,301.204276292213,377.801254577129,0.802625456504131,1.10712092630421,0.438649327263071,18.9789998054504,0.0759999975562096,5.01700019836426,0.462999999523163,2458166.884375,2458276.724259,0,263.7916009514286,117.2506859883788,20.94991151929134,2.4426171901574394,59903.38027779991,False
192,787,9,0,ZTF_g,2154408653215,4194304,2.8049,293.184,6.7438,26.2153,3.22941e-05,0.0376296,-0.0637383,4.8099e-05,279,30.0,0.114077,0.09249,17.5226,26.2153,2,2459908.9086574,787120132,1,81.4583414462974,155.370325979874,0.583206408379838,1.05995246347954,182.717077553054,276.600318424898,0.66503064288022,1.07715997651084,0.438649327263071,18.9789998054504,0.0759999975562096,5.01700019836426,0.462999999523163,2458166.884375,2458276.724259,0,180.05616057967782,85.81423138322718,21.3814017075728,2.278025105979859,59908.40865739994,False
194,787,9,0,ZTF_g,2155359393215,4194304,1.9436,277.205,7.39175,26.1245,3.37871e-05,0.0385134,-0.0538451,4.69284e-05,292,30.0,0.099322,0.079579,19.2121,26.1245,2,2459909.8593981,787120132,1,50.9921475406512,23.8725859369072,2.37606675796712,1.92499582408599,44.5584048453522,42.6009275638803,1.05299369828002,1.07411665307169,0.438649327263071,18.9789998054504,0.0759999975562096,5.01700019836426,0.462999999523163,2458166.884375,2458276.724259,0,27.665554151342377,55.348037477581,21.766744434152287,0.5426839597389311,59909.35939810006,False
195,787,9,0,ZTF_g,2155493883215,4194304,2.1025,124.775,5.70171,26.2699,3.04639e-05,0.03667,-0.0759925,4.08365e-05,303,30.0,0.101699,0.082236,20.6021,26.2699,2,2459909.9938889,787120132,1,106.852173021886,29.1589931395677,4.07629528053554,1.64840295720559,47.8829220940653,50.8778762826778,0.947473044304733,1.08548389391154,0.438649327263071,18.9789998054504,0.0759999975562096,5.01700019836426,0.462999999523163,2458166.884375,2458276.724259,0,33.791886050106,111.2080629588158,21.15455930950235,0.3299027939924362,59909.49388890015,True
196,787,9,0,ZTF_g,2156507743215,4194304,3.2708,124.771,5.94617,26.2918,4.53493e-05,0.0435399,-0.0554185,7.06254e-05,264,30.0,0.129284,0.101136,20.1524,26.2918,1,2459911.0077431,787120132,1,69.1872085042865,41.3970683644416,1.85913541114877,0.92384823565306,108.646885907124,58.2631136413414,1.87732206706313,1.17552570403656,0.438649327263071,18.9789998054504,0.0759999975562096,5.01700019836426,0.462999999523163,2458166.884375,2458276.724259,0,47.97439370707976,73.54309844121629,21.625445192097455,0.7082350397489602,59910.50774310017,False
205,787,9,0,ZTF_g,2168435813215,4194304,1.8883,299.208,15.6076,26.276,3.38299e-05,0.0362949,-0.0504112,5.67896e-05,239,30.0,0.094066,0.080629,17.4833,26.276,2,2459922.9358102,787120132,1,27.6225485048871,46.5346944308073,0.660300581115743,1.19818045420525,-67.3732818198474,83.7961582861949,-0.809429049450754,1.07532439575298,0.438649327263071,18.9789998054504,0.0759999975562096,5.01700019836426,0.462999999523163,2458166.884375,2458276.724259,0,53.928305550733285,31.97843844181689,22.51385686841161,1.8309199632420998,59922.43581019994,False
211,787,9,0,ZTF_g,2169429053215,4194304,2.1865,301.607,14.4495,26.2606,5.34784e-05,0.0451374,-0.0397478,9.42655e-05,229,30.0,0.095495,0.083216,17.4741,26.2606,2,2459923.9290509,787120132,1,33.6095096640434,66.1806572487117,0.564918635848582,1.12280463739306,-113.708791070111,118.318657432939,-0.967511200717227,1.07758161442869,0.438649327263071,18.9789998054504,0.0759999975562096,5.01700019836426,0.462999999523163,2458166.884375,2458276.724259,0,76.69569445574975,37.96539960097319,22.312130061598424,2.193273779435553,59923.42905090004,False
212,787,9,0,ZTF_g,2169429983215,4194304,1.9551,302.673,14.3258,26.2745,3.46396e-05,0.0365512,-0.0709544,5.85854e-05,237,30.0,0.100963,0.079487,17.497,26.2745,1,2459923.9299884,787120132,1,126.748252136119,50.030822429792,2.81811776788661,1.06737242324074,241.67718594763,89.5031979102168,2.71839332426901,1.07794712504278,0.438649327263071,18.9789998054504,0.0759999975562096,5.01700019836426,0.462999999523163,2458166.884375,2458276.724259,0,57.97991180451588,131.1041420730488,20.980458967741765,0.4801434130974214,59923.42998840008,False
222,787,9,0,ZTF_g,2174544093215,4194304,2.8303,121.571,10.5157,26.1272,4.31882e-05,0.0408735,-0.0306599,7.05449e-05,236,30.0,0.10109,0.094209,19.5658,26.1272,2,2459929.0440972,787120132,1,9.99729681689828,51.3877459441637,0.216410246208587,1.04313845773387,-69.5085460332419,83.2614643111078,-0.840445104694227,1.12358817920614,0.438649327263071,18.9789998054504,0.0759999975562096,5.01700019836426,0.462999999523163,2458166.884375,2458276.724259,0,59.55242854255567,14.35318675382807,23.234829160922217,4.50464923069496,59928.544097200036,False
225,787,9,0,ZTF_g,2176372983215,4194304,2.3933,116.845,6.81526,26.2153,2.83702e-05,0.0353232,-0.0623825,4.01512e-05,291,30.0,0.107037,0.086114,20.1592,26.2153,2,2459930.8729861,787120132,1,13.3658765515871,36.9399016128283,0.402491313866062,1.21370867402054,-26.9705895337738,61.8004469159109,-0.439353424789614,1.07885717605952,0.438649327263071,18.9789998054504,0.0759999975562096,5.01700019836426,0.462999999523163,2458166.884375,2458276.724259,0,42.80905516963701,17.72176648851689,23.09403247559501,2.6226387323064526,59930.37298610015,False
233,787,9,0,ZTF_g,2178326573215,4194304,2.2938,112.3,6.04639,26.1646,2.64002e-05,0.0341709,-0.0649307,3.63053e-05,299,30.0,0.107445,0.079718,20.2713,26.1646,2,2459932.8265741,787120132,1,66.6274014094701,31.4497920924771,2.35662183705205,1.43918251283483,77.9527293886653,54.5435553892703,1.43880876385882,1.06505649256619,0.438649327263071,18.9789998054504,0.0759999975562096,5.01700019836426,0.462999999523163,2458166.884375,2458276.724259,0,36.44665594596271,70.98329134639988,21.536709667992355,0.5574570241809255,59932.32657410018,False
235,787,9,0,ZTF_g,2178492103215,4194304,3.1285,125.126,5.55555,26.2668,2.94988e-05,0.0357787,-0.0432889,4.11818e-05,294,30.0,0.108292,0.101479,20.4355,26.2668,2,2459932.9921065,787120132,1,67.2657361249005,36.327085053855,2.05976725463851,1.15383884333763,-2.07242853581586,56.5282360836855,-0.036908748720778,1.1508262060482,0.438649327263071,18.9789998054504,0.0759999975562096,5.01700019836426,0.462999999523163,2458166.884375,2458276.724259,0,42.09887196024685,71.62162606183028,21.629189558014858,0.6381696116167734,59932.49210650008,False
247,787,9,0,ZTF_g,2180332153215,4194304,2.2138,288.164,6.56398,26.1802,2.83244e-05,0.0356046,-0.0718599,3.85264e-05,305,30.0,0.104806,0.082763,17.4836,26.1802,2,2459934.8321528,787120132,1,51.4787145823488,35.5178225401161,1.61226401992993,1.31471482801893,66.3293125624963,63.3353063603164,1.05432574872165,1.07771378655855,0.438649327263071,18.9789998054504,0.0759999975562096,5.01700019836426,0.462999999523163,2458166.884375,2458276.724259,0,41.161030707704455,55.83460451927859,21.81294138913907,0.8003733781963953,59934.33215280017,False
256,787,9,0,ZTF_g,2181346993215,4194304,2.5694,295.155,6.42027,26.1841,2.56805e-05,0.0341155,-0.0533222,3.60571e-05,301,30.0,0.102326,0.082436,19.0039,26.1841,2,2459935.8469907,787120132,1,32.3765197669479,28.4126325933417,1.26757448635538,1.39127646600918,-23.9476414028933,49.5204105766045,-0.486848349293719,1.08964769259042,0.438649327263071,18.9789998054504,0.0759999975562096,5.01700019836426,0.462999999523163,2458166.884375,2458276.724259,0,32.926940871455784,36.73240970387769,22.27147645079688,0.9732217404829201,59935.34699069988,False
258,787,9,0,ZTF_g,2182372453215,4194304,2.5943,119.819,5.68863,26.2381,2.13763e-05,0.031299,-0.0754937,2.91665e-05,308,30.0,0.101892,0.078938,20.5307,26.2381,2,2459936.8724537,787120132,1,70.1216042994863,26.6369203004215,2.92834764410591,2.00413646870224,95.9835962290243,46.4422464467223,2.08064981057466,1.08060291970562,0.438649327263071,18.9789998054504,0.0759999975562096,5.01700019836426,0.462999999523163,2458166.884375,2458276.724259,0,30.869096584003085,74.47749423641608,21.558037358584638,0.44999604920737335,59936.37245369982,False
262,787,9,0,ZTF_g,2182518963215,4194304,2.8355,126.901,5.11542,26.2822,2.55582e-05,0.0337649,-0.0631185,3.48224e-05,305,30.0,0.109471,0.093716,20.6355,26.2822,2,2459937.0189699,787120132,1,42.6937216458793,28.0470630577715,1.69329031519035,1.61525075613543,13.2650474210444,46.5712306919939,0.286751886952478,1.10565487848942,0.438649327263071,18.9789998054504,0.0759999975562096,5.01700019836426,0.462999999523163,2458166.884375,2458276.724259,0,32.50328824290821,47.04961158280909,22.1008098938298,0.7500342480663373,59936.518969899975,False
267,787,9,0,ZTF_g,2183411083215,4194304,3.9945,122.985,5.23561,26.2671,5.17438e-05,0.0458339,-0.0597006,8.57538e-05,245,30.0,0.131857,0.102167,20.106,26.2671,2,2459937.911088,787120132,1,47.5097607707413,40.260234980399,1.31268746866538,0.98223873260553,41.4291248179039,52.1015893861644,0.800515931443907,1.20321338414939,0.438649327263071,18.9789998054504,0.0759999975562096,5.01700019836426,0.462999999523163,2458166.884375,2458276.724259,0,46.656935865252045,51.86565070767109,21.97990042266371,0.9766663403957266,59937.41108800005,False
273,787,9,0,ZTF_g,2197341463215,4194304,3.5853,120.864,18.6144,26.2619,0.00010214,0.0449022,-0.0534388,0.000190967,128,30.0,0.145892,0.117094,18.8522,26.2619,2,2459951.8414699,787120132,1,30.0819731009612,129.425376710821,0.258548297254156,0.9362915365786,12.2459028213748,178.363983231985,0.0691192215942442,1.17819179999932,0.438649327263071,18.9789998054504,0.0759999975562096,5.01700019836426,0.462999999523163,2458166.884375,2458276.724259,0,149.98897804428603,34.43786303789099,22.419309513810042,4.728604480583184,59951.34146990022,False
276,787,9,0,ZTF_g,2197406673215,4194304,3.4619,124.188,17.2076,26.3011,6.94711e-05,0.0373645,-0.0430685,0.000135644,129,30.0,0.139428,0.12956,18.9112,26.3011,2,2459951.9066782,787120132,1,28.8600431644489,121.810877095025,0.263551630312355,1.05522331918526,103.021195294068,163.262956429054,0.635263817587171,1.22028238551515,0.438649327263071,18.9789998054504,0.0759999975562096,5.01700019836426,0.462999999523163,2458166.884375,2458276.724259,0,141.1646574611313,33.21593310137869,22.49773385714627,4.614125038660703,59951.40667819977,False
283,787,9,0,ZTF_g,2203409033215,4194304,2.3107,239.909,14.3736,26.0133,3.55598e-05,0.0378243,-0.0484969,5.8838e-05,245,30.0,0.096647,0.088593,17.6877,26.0133,2,2459957.9090394,787120132,1,-4.10235436386528,36.6047124922917,-0.124666846307123,1.14464829537755,53.25192176734,64.5062527183927,0.83109116194253,1.09130695884132,0.438649327263071,18.9789998054504,0.0759999975562096,5.01700019836426,0.462999999523163,2458166.884375,2458276.724259,0,42.42060991323898,0.2535355730645099,27.50320274268314,181.65520374959374,59957.40903940005,False
286,787,9,0,ZTF_g,2203447823215,4194304,2.5058,118.069,8.89482,26.1969,3.04658e-05,0.0358905,-0.0449338,4.68612e-05,265,30.0,0.102332,0.097771,20.0262,26.1969,1,2459957.9478241,787120132,1,16.0467505798513,48.2728777735878,0.369775994230025,1.15771844232291,52.965050512086,81.5698889254681,0.653694321238383,1.11473186242274,0.438649327263071,18.9789998054504,0.0759999975562096,5.01700019836426,0.462999999523163,2458166.884375,2458276.724259,0,55.94265814419536,20.40264051678109,22.922684055987084,2.976915850534004,59957.44782410003,False
289,787,9,0,ZTF_g,2203528213215,4194304,2.6229,198.298,20.5433,25.8523,4.90259e-05,0.0401327,-0.0465521,8.83066e-05,196,30.0,0.105752,0.097441,17.8313,25.8523,2,2459958.0282176,787120132,1,74.9975535715859,59.5746705455849,1.4003617786315,1.00033637895717,42.437186250918,103.483024146323,0.412850353904697,1.09448009477002,0.438649327263071,18.9789998054504,0.0759999975562096,5.01700019836426,0.462999999523163,2458166.884375,2458276.724259,0,69.0401231933229,79.35344350851568,21.103385556195388,0.9445949468210136,59957.52821760019,False
293,787,9,0,ZTF_g,2211406773215,4194304,3.2732,125.024,5.37315,26.2774,4.25062e-05,0.0422848,-0.0444879,6.45827e-05,269,30.0,0.132455,0.116059,20.216,26.2774,2,2459965.9067708,787120132,1,34.0012141176901,42.5664043978665,0.888550794511785,1.02988710941224,32.8822887875021,59.0411585807004,0.560689418875776,1.19471809983495,0.438649327263071,18.9789998054504,0.0759999975562096,5.01700019836426,0.462999999523163,2458166.884375,2458276.724259,0,49.329518344156405,38.35710405461989,22.317785473290385,1.3962748071383657,59965.406770799775,False
296,787,9,0,ZTF_g,2212322683215,4194304,2.5539,123.038,5.79892,26.2674,2.23937e-05,0.0311733,-0.0678557,3.10774e-05,294,30.0,0.110438,0.089019,20.3742,26.2674,2,2459966.8226852,787120132,1,19.8244649358564,33.84419452497,0.651586522956841,1.05596328732435,64.4339103565216,55.2031048041936,1.17507659542084,1.10486300228629,0.438649327263071,18.9789998054504,0.0759999975562096,5.01700019836426,0.462999999523163,2458166.884375,2458276.724259,0,39.2214902404673,24.18035487278619,22.80874332422142,1.7610482632742575,59966.32268519979,False
298,787,9,0,ZTF_g,2212403493215,4194304,3.3243,127.49,5.43982,26.298,3.50421e-05,0.0391922,-0.0665237,4.98777e-05,288,30.0,0.121521,0.10713,20.3377,26.298,2,2459966.9034954,787120132,1,25.0634843681198,36.1913494647017,0.77035600339996,1.15578374583443,-34.1601184236633,53.3348295606387,-0.644797950418991,1.15702843484827,0.438649327263071,18.9789998054504,0.0759999975562096,5.01700019836426,0.462999999523163,2458166.884375,2458276.724259,0,41.94157017895221,29.419374305049587,22.626416420349734,1.5478222708316594,59966.40349540021,False
310,787,9,0,ZTF_g,2215365053215,4194304,2.8747,128.441,5.56744,26.2811,3.4566e-05,0.0381312,-0.066595,4.73121e-05,290,30.0,0.120605,0.097122,20.3652,26.2811,2,2459969.8650579,787120132,1,26.9593978129269,32.0093223967239,0.936889793197427,1.25456672308124,31.2944506041641,48.8010950762573,0.645584294374461,1.15175940179575,0.438649327263071,18.9789998054504,0.0759999975562096,5.01700019836426,0.462999999523163,2458166.884375,2458276.724259,0,37.09508657565521,31.315287749856687,22.541708983250064,1.2860854358706373,59969.36505790008,False
385,787,9,0,ZTF_g,2277218843215,4194304,3.0005,124.001,7.0983,26.2758,2.75794e-05,0.0347584,-0.0672158,4.02894e-05,280,30.0,0.098414,0.092048,20.2116,26.2758,1,2460031.7188426,787120132,1,6.44790734931491,41.7213056048953,0.171915762949991,1.16121215882609,-5.15812596680682,68.8033561065766,-0.0754740253356509,1.10165343640125,0.438649327263071,18.9789998054504,0.0759999975562096,5.01700019836426,0.462999999523163,2458166.884375,2458276.724259,0,48.3501470065908,10.8037972862447,23.691858932900484,4.858824468308955,60031.21884260001,False
395,787,9,0,ZTF_g,2282302693215,4194304,2.5108,122.897,12.3857,26.2637,2.58591e-05,0.0313994,-0.0575632,4.56838e-05,228,30.0,0.099726,0.100636,19.6596,26.2637,1,2460036.8026968,787120132,1,18.2526679526633,63.8576943034168,0.317956656077446,1.02387288899831,-88.371551288403,107.484263639429,-0.827718735360474,1.10689672271906,0.438649327263071,18.9789998054504,0.0759999975562096,5.01700019836426,0.462999999523163,2458166.884375,2458276.724259,0,74.00365022876628,22.608557889593094,22.87801784674233,3.5537765586700854,60036.30269679986,False
398,787,9,0,ZTF_g,2289325103215,4194304,2.5914,109.704,11.0723,26.155,4.87379e-05,0.0426196,-0.0427716,8.73954e-05,218,30.0,0.106101,0.098919,19.5847,26.155,1,2460043.8251042,787120132,1,37.9445542905509,61.6864652513879,0.684249315830623,1.08775431706747,95.479698773459,98.9815968576921,0.971117491429358,1.12772042597453,0.438649327263071,18.9789998054504,0.0759999975562096,5.01700019836426,0.462999999523163,2458166.884375,2458276.724259,0,71.48744795924141,42.30044422748069,22.08913767940338,1.8348252285947897,60043.325104199816,False
400,787,9,0,ZTF_g,2291322873215,4194304,1.7248,121.512,6.52432,26.2379,2.17544e-05,0.0314415,-0.0630427,2.98602e-05,307,30.0,0.10272,0.091986,20.5407,26.2379,1,2460045.8228704,787120132,1,27.9336249370613,32.2566480637383,0.963302889161007,1.87208539738659,39.0388070855063,58.191018060549,0.67539178737906,1.09072953472394,0.438649327263071,18.9789998054504,0.0759999975562096,5.01700019836426,0.462999999523163,2458166.884375,2458276.724259,0,37.38170829530834,32.28951487399109,22.465246199715644,1.2569194939781327,60045.3228703998,False
402,787,9,0,ZTF_g,2297218463215,4194304,1.8107,124.428,4.67092,26.2714,3.60025e-05,0.0398996,-0.0957753,4.85646e-05,304,30.0,0.123922,0.091164,20.9035,26.2714,1,2460051.7184606,787120132,1,-1.08501818956061,22.9623042275466,-0.0525625411771277,2.52896875227098,-16.111282578841,40.9960718658568,-0.395642612956758,1.09624316551567,0.438649327263071,18.9789998054504,0.0759999975562096,5.01700019836426,0.462999999523163,2458166.884375,2458276.724259,0,26.610643385083144,3.2708717473691804,24.98474121115028,8.832867123702558,60051.21846059989,False
411,787,9,0,ZTF_g,2303215683215,4194304,1.7796,121.936,6.06517,26.242,2.3589e-05,0.0321297,-0.0653332,3.18014e-05,304,30.0,0.105142,0.086737,20.6902,26.242,1,2460057.7156829,787120132,1,18.7415073547087,25.4627566464497,0.818754875953705,2.51856623061159,18.2858377857309,48.1568306448593,0.382271709096722,1.07589912790746,0.438649327263071,18.9789998054504,0.0759999975562096,5.01700019836426,0.462999999523163,2458166.884375,2458276.724259,0,29.508377295470773,23.097397291638487,22.83309238853401,1.387050013695286,60057.215682900045,False
419,787,9,0,ZTF_g,2309173763215,4194304,2.7082,305.256,14.3129,26.2299,4.03057e-05,0.0407875,-0.0376175,6.35492e-05,257,30.0,0.099685,0.09805,19.5254,26.2299,1,2460063.6737616,787120132,1,80.8269875923605,47.5490850896023,1.89090203480082,1.21711423225163,-26.9212313544477,80.0657712869167,-0.338503544784551,1.10273419306094,0.438649327263071,18.9789998054504,0.0759999975562096,5.01700019836426,0.462999999523163,2458166.884375,2458276.724259,0,55.10386649648413,85.18287752929028,21.404019233208377,0.7023273877389439,60063.17376160016,False
425,787,9,0,ZTF_g,2311321503215,4194304,2.2267,286.278,12.8447,26.1703,3.952e-05,0.0387656,-0.038716,6.90899e-05,224,30.0,0.10795,0.089231,18.6804,26.1703,1,2460065.8215046,787120132,1,40.3634012959875,59.6211314286569,0.753082132024786,1.02292165297867,-42.214510780994,104.100847770572,-0.408246703557835,1.08539705908205,0.438649327263071,18.9789998054504,0.0759999975562096,5.01700019836426,0.462999999523163,2458166.884375,2458276.724259,0,69.09396596008243,44.71929123291729,22.044062720768768,1.6774711041852044,60065.32150459988,False
8,787,9,0,ZTF_i,1923264793215,0,2.6053,398.86,6.77212,25.6402,6.1004e-06,0.0260633,0.194931,1.92412e-05,317,30.0,0.110767,0.086653,19.5404,25.6402,2,2459677.7647917,787120332,1,45.1133745156778,39.9318099897268,1.25672750157534,1.23833792055332,18.3399233956323,64.7139257407065,0.285308666157364,1.09366466513875,0.406091475756576,17.3470002746582,0.0659999996423721,4.44299983978271,0.331999987363815,2458174.769132,2458561.945544,0,48.01679488589056,23.123109314559496,22.2300844192099,2.254533916629738,59677.26479170006,False
16,787,9,0,ZTF_i,1929322733215,0,2.4559,409.826,10.3926,25.6638,5.9311e-06,0.0255878,0.19092,1.90663e-05,316,30.0,0.102001,0.091547,19.1853,25.6638,2,2459683.8227315,787120332,1,22.8755182854705,54.2116883673016,0.469388894835301,1.10627974625868,43.5026195196056,90.584755918538,0.483476626071327,1.09002155161975,0.406091475756576,17.3470002746582,0.0659999996423721,4.44299983978271,0.331999987363815,2458174.769132,2458561.945544,0,65.18791713724544,0.8852530843521969,25.796131378553106,79.94834797745796,59683.322731500026,False
23,787,9,0,ZTF_i,1933324983215,0,2.4081,400.542,9.7769,25.6415,7.513e-06,0.0287085,0.184389,2.34777e-05,315,30.0,0.100351,0.091971,19.2075,25.6415,2,2459687.8249884,787120332,1,34.0674786253235,52.8102270988934,0.717590628152233,1.10819236017415,60.1208221180953,89.8955556287382,0.673289562434804,1.07736352395131,0.406091475756576,17.3470002746582,0.0659999996423721,4.44299983978271,0.331999987363815,2458174.769132,2458561.945544,0,63.50270231019429,12.0772134242052,22.936583147336567,5.708674797449413,59687.3249884001,False
45,787,9,0,ZTF_i,1946226923215,0,2.0425,410.794,6.69718,25.6551,3.9805e-06,0.0211817,0.189561,1.2624e-05,319,30.0,0.102487,0.080603,19.7977,25.6551,2,2459700.7269213,787120332,1,34.18150656848,33.4707982450371,1.1360041860263,1.98060245462308,49.6788246721718,61.5735904147128,0.812254313541784,1.06798039325235,0.406091475756576,17.3470002746582,0.0659999996423721,4.44299983978271,0.331999987363815,2458174.769132,2458561.945544,0,40.24762349646671,12.191241367361702,22.939980175751728,3.584281822776372,59700.22692129994,False
162,787,9,0,ZTF_i,2135422473215,0,2.3676,399.075,10.5275,25.6295,7.7738e-06,0.0295653,0.196245,2.45638e-05,320,30.0,0.111273,0.093174,19.1082,25.6295,2,2459889.9224769,787120332,1,166.835080212407,57.256288542331,3.2412981604968,1.01931801284286,177.861033280426,93.8914597207542,1.90708439410073,1.08652241093663,0.406091475756576,17.3470002746582,0.0659999996423721,4.44299983978271,0.331999987363815,2458174.769132,2458561.945544,0,68.84895684848176,144.84481501128872,20.227242616395447,0.5160648135355825,59889.42247689981,True
174,787,9,0,ZTF_i,2143507193215,0,2.2495,415.057,8.51015,25.6809,4.5295e-06,0.0225372,0.184891,1.41446e-05,318,30.0,0.102499,0.087826,19.4178,25.6809,2,2459898.0071991,787120332,1,85.1973712925653,43.2189371717204,2.19283984310691,1.38008642788565,-39.7095576041158,72.962207081267,-0.547913849628177,1.07651855134731,0.406091475756576,17.3470002746582,0.0659999996423721,4.44299983978271,0.331999987363815,2458174.769132,2458561.945544,0,51.96946599451872,63.20710609144699,21.17898523298009,0.8926725604019391,59897.50719910022,False
198,787,9,0,ZTF_i,2159368563215,0,3.8025,402.082,8.15681,25.6613,2.32339e-05,0.0488729,0.189003,7.67684e-05,298,30.0,0.145792,0.131338,19.0172,25.6613,2,2459913.8685648,787120332,1,67.0693029320978,64.6425757811512,1.1541438467467,0.953888816144861,177.538997920429,83.9004225734506,2.13031982204428,1.18762954615308,0.406091475756576,17.3470002746582,0.0659999996423721,4.44299983978271,0.331999987363815,2458174.769132,2458561.945544,0,77.73074406037986,45.07903773097949,21.526363407728653,1.8720956141518932,59913.368564799894,False
408,787,9,0,ZTF_i,2300246943215,0,3.659,383.072,6.64508,25.5892,6.8555e-06,0.027409,0.187747,2.20688e-05,314,30.0,0.116761,0.121082,19.46,25.5892,2,2460054.7469444,787120332,1,56.0130929478446,41.6252658676572,1.49688120368886,1.42374998443486,85.1984458450464,65.0069175198158,1.31943284733585,1.11682968555787,0.406091475756576,17.3470002746582,0.0659999996423721,4.44299983978271,0.331999987363815,2458174.769132,2458561.945544,0,50.053124407638,34.02282774672629,21.759773984027657,1.5972416394637123,60054.246944400016,False
11,787,9,0,ZTF_r,1926237023215,4194304,2.8076,193.036,10.3022,26.2048,2.81181e-05,0.0352821,0.134788,3.74045e-05,305,30.0,0.099009,0.089826,19.5838,26.2048,1,2459680.7370255,787120232,1,42.0062261652596,58.0215518664043,0.805339734124979,1.07068996045819,-2.90986838973143,88.5702714165923,-0.0330750541225787,1.09704157699958,0.462397800485168,17.9640001296997,0.0590000003576279,4.32499980926514,0.386999994516373,2458160.74515,2458229.694375,0,79.72724591775606,42.852823703117885,22.12485138952822,2.0199338902983386,59680.23702549981,False
38,787,9,0,ZTF_r,1942238713215,4194304,1.8337,191.517,5.92328,26.2722,2.10984e-05,0.0305111,0.121911,2.81998e-05,309,30.0,0.099783,0.076129,20.6652,26.2722,1,2459696.7387153,787120232,1,53.1991283663467,27.4707909228931,2.15421057872403,3.0912338412148,-5.57151270979242,52.7526964724197,-0.10632702294909,1.05224212373392,0.462397800485168,17.9640001296997,0.0590000003576279,4.32499980926514,0.386999994516373,2458160.74515,2458229.694375,0,37.74753402852215,54.045725904204986,21.940296614110835,0.7582930381471275,59696.23871529987,False
43,787,9,0,ZTF_r,1945281223215,4194304,1.8548,188.269,7.32693,26.1809,1.9627e-05,0.0295604,0.112333,2.62423e-05,308,30.0,0.094601,0.074668,20.3084,26.1809,1,2459699.7812269,787120232,1,28.5650117801342,34.664083153163,0.9166625543022,2.29905755001632,15.892724715638,64.3188972865462,0.248756800971011,1.05950154072409,0.462397800485168,17.9640001296997,0.0590000003576279,4.32499980926514,0.386999994516373,2458160.74515,2458229.694375,0,47.6318159919124,29.41160931799249,22.509603028769558,1.7582806184897692,59699.28122689994,False
46,787,9,0,ZTF_r,1947222593215,4194304,3.4799,190.732,6.06139,26.1948,3.06074e-05,0.0364497,0.118966,4.06327e-05,304,30.0,0.139877,0.090751,19.975,26.1948,1,2459701.7225926,787120232,1,35.1546635286684,46.2559339373275,0.84541566860037,0.992617779892948,98.1962710223369,63.1102649726271,1.5664270875786,1.14445878710198,0.462397800485168,17.9640001296997,0.0590000003576279,4.32499980926514,0.386999994516373,2458160.74515,2458229.694375,0,63.56014449024303,36.00126106652669,22.304005715815002,1.9168008794341524,59701.222592600156,False
55,787,9,0,ZTF_r,1955181133215,4194304,2.6022,585.355,17.0427,26.2439,1.74428e-05,0.0278299,0.126476,2.34387e-05,306,30.0,0.08865,0.078362,16.5649,26.2439,1,2459709.6811343,787120232,1,55.3126558478641,38.6085180552799,1.59366186610818,1.4602968078535,121.771244106981,67.621656833712,1.8129011648384,1.06991640628249,0.462397800485168,17.9640001296997,0.0590000003576279,4.32499980926514,0.386999994516373,2458160.74515,2458229.694375,0,53.05185253577714,56.15925338572239,21.870346686517934,1.0256261047932083,59709.18113429984,False
57,787,9,0,ZTF_r,1955249743215,4194304,2.067,193.904,9.91327,26.2058,1.96084e-05,0.0291488,0.129108,2.62064e-05,305,30.0,0.087854,0.087045,20.0293,26.2058,1,2459709.7497454,787120232,1,89.0189094822211,45.4469260668824,2.17887620957762,2.08313368986178,98.5550093796593,84.9778451130393,1.16758412626493,1.06113761475601,0.462397800485168,17.9640001296997,0.0590000003576279,4.32499980926514,0.386999994516373,2458160.74515,2458229.694375,0,62.44848912492483,89.86550702007939,21.32181742765736,0.7544643867394163,59709.24974540016,False
61,787,9,0,ZTF_r,1957282243215,4194304,3.4856,190.541,11.6556,26.2145,3.82441e-05,0.0400726,0.125217,5.17521e-05,292,30.0,0.119231,0.098122,19.2734,26.2145,1,2459711.7822454,787120232,1,118.98534269839,77.8278284345792,1.70064377612293,2.42605688536803,151.049892006713,105.086351135351,1.44706919668529,1.1391562010305,0.462397800485168,17.9640001296997,0.0590000003576279,4.32499980926514,0.386999994516373,2458160.74515,2458229.694375,0,106.94299303017176,119.83194023624829,21.018068522072006,0.9689237051820319,59711.282245399896,False
77,787,9,0,ZTF_r,1970259383215,4194304,1.7973,183.004,7.10473,26.2075,2.02682e-05,0.0301929,0.112384,2.73787e-05,306,30.0,0.101438,0.071932,20.3777,26.2075,1,2459724.7593866,787120232,1,31.7312726420647,33.7897423849529,1.04461777405664,2.25836980421414,83.5953968522969,64.3445988289594,1.30793288312295,1.05186147043396,0.462397800485168,17.9640001296997,0.0590000003576279,4.32499980926514,0.386999994516373,2458160.74515,2458229.694375,0,46.43038688151026,32.57787017992298,22.425193279146562,1.5473531805133758,59724.259386599995,False
84,787,9,0,ZTF_r,1977286843215,4194304,2.3899,188.409,8.03965,26.1856,2.25964e-05,0.0317282,0.119368,3.04548e-05,305,30.0,0.107378,0.084384,19.9524,26.1856,1,2459731.7868403,787120232,1,23.200913591948,46.6621692695807,0.553088925842147,1.33811889028094,-135.163912588842,78.1593473818661,-1.74098497332569,1.07263146877486,0.462397800485168,17.9640001296997,0.0590000003576279,4.32499980926514,0.386999994516373,2458160.74515,2458229.694375,0,64.11835128053376,24.04751112980629,22.732924663976416,2.8948232359477553,59731.286840300076,False
107,787,9,0,ZTF_r,2024178703215,4194304,1.9992,173.814,10.6805,26.0987,2.27512e-05,0.0321188,0.114735,3.09467e-05,306,30.0,0.102955,0.089553,19.6966,26.0987,2,2459778.6787037,787120232,1,91.3943243297677,47.2696206042906,2.15075980273577,1.43828281271895,28.7388300535959,87.0367272303532,0.332415850735285,1.05349937104192,0.462397800485168,17.9640001296997,0.0590000003576279,4.32499980926514,0.386999994516373,2458160.74515,2458229.694375,0,64.9530483954437,92.240921867626,21.186390913242025,0.7645145258211434,59778.17870370019,False
108,787,9,0,ZTF_r,2024179653215,4194304,2.0815,171.775,9.9531,26.1008,2.40637e-05,0.0326569,0.124999,3.23211e-05,302,30.0,0.107854,0.086617,19.7486,26.1008,2,2459778.6796528,787120232,1,34.039017465898,43.7823555779264,0.864833876424799,1.71842281633454,32.5581466916385,79.5267090526854,0.41215621862489,1.05841769480483,0.462397800485168,17.9640001296997,0.0590000003576279,4.32499980926514,0.386999994516373,2458160.74515,2458229.694375,0,60.16120765017205,34.885615003756286,22.244184040936446,1.8723196692607782,59778.17965279985,False
110,787,9,0,ZTF_r,2024181533215,4194304,1.8419,171.681,9.98515,26.0921,2.30768e-05,0.0318139,0.12129,3.09586e-05,302,30.0,0.099424,0.086174,19.8378,26.0921,2,2459778.6815394,787120232,1,90.2147190211364,44.502648826599,2.25499893279593,1.66027846919978,255.827845411483,85.2340879471456,3.02168846845725,1.04851855463427,0.462397800485168,17.9640001296997,0.0590000003576279,4.32499980926514,0.386999994516373,2458160.74515,2458229.694375,0,61.15096051135106,91.06131655899468,21.193765187447863,0.7290867333788394,59778.181539400015,False
112,787,9,0,ZTF_r,2025180023215,4194304,2.4433,172.844,10.2749,26.102,3.35496e-05,0.0387073,0.127098,4.52657e-05,304,30.0,0.109049,0.09715,19.5838,26.102,2,2459779.6800231,787120232,1,8.75009908553852,53.1712953915131,0.183058766261896,1.10177813680408,18.1254847243819,88.6821634698212,0.205763596566501,1.06632458977763,0.462397800485168,17.9640001296997,0.0590000003576279,4.32499980926514,0.386999994516373,2458160.74515,2458229.694375,0,73.06252258136172,9.596696623396806,23.646695585400508,8.265758925127638,59779.18002310023,False
113,787,9,0,ZTF_r,2025180973215,4194304,2.3845,173.168,10.191,26.0986,2.2928e-05,0.0319846,0.119512,3.10592e-05,303,30.0,0.114562,0.087265,19.6038,26.0986,2,2459779.6809722,787120232,1,33.5740381488732,58.0773906195431,0.643059687462435,0.98850265675095,8.54351356560064,98.7782881058612,0.0870743438254106,1.06137585278941,0.462397800485168,17.9640001296997,0.0590000003576279,4.32499980926514,0.386999994516373,2458160.74515,2458229.694375,0,79.80397378628135,34.42063568673149,22.256552783256883,2.5171869319416724,59779.18097219989,False
114,787,9,0,ZTF_r,2025181903215,4194304,2.1938,172.474,10.203,26.0868,3.11494e-05,0.0374623,0.129264,4.23464e-05,305,30.0,0.110917,0.086359,19.6516,26.0868,2,2459779.6819097,787120232,1,28.2058785513288,48.3377985469374,0.64909395605873,1.29696554727668,88.3160916439738,85.1987476986917,1.04357056886435,1.05788477589302,0.462397800485168,17.9640001296997,0.0590000003576279,4.32499980926514,0.386999994516373,2458160.74515,2458229.694375,0,66.42082860431184,29.05247608918709,22.428842118937638,2.4821668691619996,59779.181909699924,False
118,787,9,0,ZTF_r,2029168273215,4194304,1.8127,181.472,14.7351,26.1238,2.52265e-05,0.0336871,0.130476,3.39647e-05,308,30.0,0.098959,0.078966,19.4478,26.1238,2,2459783.6682755,787120232,1,50.0805986813308,64.1542154293169,0.868358610179786,1.40569402460571,116.530796350272,123.509782294832,0.949848957617252,1.04804552959719,0.462397800485168,17.9640001296997,0.0590000003576279,4.32499980926514,0.386999994516373,2458160.74515,2458229.694375,0,88.15412110952946,50.927196219189085,21.856425582780304,1.879328460901084,59783.16827550018,False
119,787,9,0,ZTF_r,2029170693215,4194304,1.75,181.445,12.4993,26.1534,2.27002e-05,0.0319881,0.119232,3.07334e-05,308,30.0,0.092169,0.076399,19.6933,26.1534,2,2459783.6706944,787120232,1,82.7904485408096,52.7782680400563,1.74493760504428,1.89074915193147,118.776707990667,101.042934926382,1.18342441299743,1.05068583519311,0.462397800485168,17.9640001296997,0.0590000003576279,4.32499980926514,0.386999994516373,2458160.74515,2458229.694375,0,72.52246483912569,83.6370460786679,21.347403285355327,0.9414206236047503,59783.17069440009,False
144,787,9,0,ZTF_r,2111488633215,4194304,2.4221,186.84,11.2592,26.1573,3.13076e-05,0.0370654,0.136491,4.16767e-05,304,30.0,0.095027,0.084607,19.5888,26.1573,1,2459865.9886343,787120232,1,362.720923765381,58.5785819747511,6.88792731421411,1.171328676021,310.557681470572,97.2918586214362,3.21351971021241,1.08207353676476,0.462397800485168,17.9640001296997,0.0590000003576279,4.32499980926514,0.386999994516373,2458160.74515,2458229.694375,0,80.49265937195004,363.5675213032392,19.755837301721993,0.2403704268380905,59865.48863429995,True
151,787,9,0,ZTF_r,2120514203215,4194304,2.1258,194.007,6.27804,26.2211,1.642e-05,0.0268585,0.1152,2.18731e-05,301,30.0,0.094988,0.079569,20.3664,26.2211,1,2459875.0142014,787120232,1,677.94571031791,33.626242173203,22.4270102625531,2.240876073043,713.342829686566,56.9802887696106,12.6034326991623,1.0544289080172,0.462397800485168,17.9640001296997,0.0590000003576279,4.32499980926514,0.386999994516373,2458160.74515,2458229.694375,0,46.20572171536986,678.7923078557683,19.141757719490506,0.07390412573301638,59874.51420139987,True
153,787,9,0,ZTF_r,2124494733215,4194304,2.1028,192.8,7.36279,26.2159,1.50412e-05,0.0258356,0.117219,2.01716e-05,300,30.0,0.097505,0.072909,20.2092,26.2159,1,2459878.9947338,787120232,1,817.446948968135,39.1495466168655,23.2267069960375,1.62655915695237,812.997289106688,66.9028335258549,12.2337549770331,1.05779895726756,0.462397800485168,17.9640001296997,0.0590000003576279,4.32499980926514,0.386999994516373,2458160.74515,2458229.694375,0,53.79527831103705,818.2935465059933,18.9336271847137,0.07137479442637296,59878.49473380018,True
163,787,9,0,ZTF_r,2135454693215,4194304,2.3372,195.122,11.9804,26.2284,2.34664e-05,0.0321739,0.121352,3.12693e-05,306,30.0,0.102527,0.080015,19.5724,26.2284,1,2459889.9546991,787120232,1,518.560717643252,59.7601018395023,9.65257282516096,1.23293231634594,528.66109885123,101.565748072667,5.24016877606883,1.06171620692595,0.462397800485168,17.9640001296997,0.0590000003576279,4.32499980926514,0.386999994516373,2458160.74515,2458229.694375,0,82.11618238682266,519.4073151811103,19.439629845467124,0.17164475087588385,59889.454699099995,True
167,787,9,0,ZTF_r,2139488733215,4194304,3.0458,195.272,11.5873,26.2356,3.83109e-05,0.0410199,0.126835,5.11498e-05,304,30.0,0.119364,0.098142,19.4153,26.2356,2,2459893.9887384,787120232,1,476.213199934098,66.779924064359,7.9325041769872,1.0923688070054,450.463512637136,97.5553963822708,4.64861429638495,1.09811683413775,0.462397800485168,17.9640001296997,0.0590000003576279,4.32499980926514,0.386999994516373,2458160.74515,2458229.694375,0,91.7620997195533,477.0597974719562,19.539167951328245,0.20883359317523612,59893.48873839993,True
169,787,9,0,ZTF_r,2139554803215,4194304,3.7422,200.769,17.0249,26.2408,6.8408e-05,0.0486604,0.146022,9.57041e-05,229,30.0,0.132772,0.11352,18.8397,26.2408,2,2459894.0548032,787120232,1,402.820328408438,128.537289619088,3.48607753603088,0.946250266220506,377.082856154637,168.090633927431,2.25843952168185,1.18602377572306,0.462397800485168,17.9640001296997,0.0590000003576279,4.32499980926514,0.386999994516373,2458160.74515,2458229.694375,0,176.62271637716444,403.66692594629626,19.7257420815612,0.4750433360899105,59893.554803200066,True
170,787,9,0,ZTF_r,2143382743215,4194304,3.0887,183.197,11.9388,26.154,4.83162e-05,0.0458783,0.127319,6.48115e-05,300,30.0,0.128623,0.111172,19.288,26.154,1,2459897.8827431,787120232,1,359.966329495003,73.8162025413661,5.42456579933147,1.07595707329402,520.70067983702,106.942019773137,4.90179285921685,1.11028409296622,0.462397800485168,17.9640001296997,0.0590000003576279,4.32499980926514,0.386999994516373,2458160.74515,2458229.694375,0,101.4306295405728,360.8129270328613,19.76079477789129,0.30520867253231854,59897.38274310017,True
188,787,9,0,ZTF_r,2151370813215,4194304,1.9479,122.478,9.68762,25.7265,5.50491e-05,0.0498856,0.117685,7.48962e-05,309,30.0,0.095383,0.078607,19.4398,25.7265,1,2459905.8708102,787120232,1,218.864728940914,43.8264891450772,5.5551257983601,1.24994965112737,156.594337364735,80.9393370423471,1.9477427786942,1.05252409918345,0.462397800485168,17.9640001296997,0.0590000003576279,4.32499980926514,0.386999994516373,2458160.74515,2458229.694375,0,60.22185145662454,219.7113264787723,19.87186888477615,0.2975853142135316,59905.370810199995,True
191,787,9,0,ZTF_r,2154372843215,4194304,3.6684,191.687,8.15666,26.2017,4.45477e-05,0.0449057,0.126853,6.10567e-05,305,30.0,0.137248,0.114125,19.5931,26.2017,2,2459908.8728472,787120232,1,163.446246084942,55.6314699221303,3.26820444498982,1.07215072775259,137.400495254497,73.5690607212672,1.88021831649366,1.13604638110419,0.462397800485168,17.9640001296997,0.0590000003576279,4.32499980926514,0.386999994516373,2458160.74515,2458229.694375,0,76.44304125922714,164.2928436228003,20.662653383603715,0.5051602252724361,59908.372847199906,True
202,787,9,0,ZTF_r,2168333263215,4194304,2.0109,193.141,15.2611,26.2013,2.69236e-05,0.0346326,0.126792,3.64032e-05,306,30.0,0.099341,0.086799,19.4158,26.2013,2,2459922.8332639,787120232,1,129.83121801801,72.863410208818,1.98209487684406,1.13314803186672,106.310383305753,130.947387398574,0.8173235982793,1.06490412142033,0.462397800485168,17.9640001296997,0.0590000003576279,4.32499980926514,0.386999994516373,2458160.74515,2458229.694375,0,100.121400363447,130.67781555586828,20.910795334786755,0.8318305897003725,59922.33326390013,False
203,787,9,0,ZTF_r,2168413063215,4194304,1.7753,198.767,13.3576,26.2555,2.2822e-05,0.0316787,0.11754,3.0726e-05,305,30.0,0.091323,0.081869,19.7242,26.2555,2,2459922.9130671,787120232,1,158.373170478915,53.2508402379611,3.308338562941,1.85510545405225,42.5410102001942,102.160843294202,0.41921664867381,1.04345118318523,0.462397800485168,17.9640001296997,0.0590000003576279,4.32499980926514,0.386999994516373,2458160.74515,2458229.694375,0,73.1718249238577,159.2197680167733,20.750507532958903,0.49894966755298426,59922.413067100104,True
207,787,9,0,ZTF_r,2169364583215,4194304,2.0027,195.839,13.5142,26.2472,3.62373e-05,0.0405153,0.112913,4.90907e-05,307,30.0,0.097723,0.078562,19.5985,26.2472,1,2459923.8645833,787120232,1,197.01461122473,61.9956560418987,3.53502082835655,1.33165527156906,160.334941403188,114.39950949355,1.41097463767969,1.05483192093837,0.462397800485168,17.9640001296997,0.0590000003576279,4.32499980926514,0.386999994516373,2458160.74515,2458229.694375,0,85.18805092400551,197.8612087625883,20.506298355207594,0.4674421402083368,59923.36458329996,True
208,787,9,0,ZTF_r,2169365533215,4194304,2.0661,194.476,13.4231,26.2421,2.77351e-05,0.0353004,0.126836,3.75578e-05,305,30.0,0.095586,0.08454,19.5742,26.2421,2,2459923.8655324,787120232,1,137.763602238758,56.3772823835291,2.71822344509383,1.75916567437029,108.422901153686,103.248702509723,1.05718651157653,1.05271125295312,0.462397800485168,17.9640001296997,0.0590000003576279,4.32499980926514,0.386999994516373,2458160.74515,2458229.694375,0,77.46785999650223,138.6101997766163,20.887612026335876,0.6067869156364306,59923.36553240009,False
213,787,9,0,ZTF_r,2169447443215,4194304,2.4258,195.831,12.6886,26.2348,2.52402e-05,0.0334232,0.122687,3.37066e-05,305,30.0,0.098601,0.089547,19.6108,26.2348,2,2459923.9474421,787120232,1,181.606377605134,60.9233187959873,3.31590701484819,1.40357447984618,247.726912827982,105.835656830182,2.35643993062745,1.07514609273319,0.462397800485168,17.9640001296997,0.0590000003576279,4.32499980926514,0.386999994516373,2458160.74515,2458229.694375,0,83.71455542860063,182.4529751429923,20.58192262620394,0.49814968902315865,59923.44744209992,True
216,787,9,0,ZTF_r,2174300553215,4194304,2.4741,166.372,11.3894,26.0337,4.21307e-05,0.043149,0.142372,5.64166e-05,307,30.0,0.116318,0.094653,19.3952,26.0337,2,2459928.8005556,787120232,1,69.0987697832031,68.1953591875598,1.12712036121203,0.939252704338774,87.7972942228713,112.414627489662,0.786273245970593,1.07277892750695,0.462397800485168,17.9640001296997,0.0590000003576279,4.32499980926514,0.386999994516373,2458160.74515,2458229.694375,0,93.70704501174224,69.94536732106138,21.421802611919894,1.4545314817242243,59928.30055559985,False
218,787,9,0,ZTF_r,2174485693215,4194304,2.1537,184.054,10.2674,26.1296,2.60397e-05,0.0333408,0.126267,3.4802e-05,303,30.0,0.092928,0.097361,19.8777,26.1296,2,2459928.9856944,787120232,1,54.2574170217883,45.4534492006205,1.32784404757483,2.54390748353713,15.8180804824395,80.5378966417008,0.197728235136639,1.08355868125354,0.462397800485168,17.9640001296997,0.0590000003576279,4.32499980926514,0.386999994516373,2458160.74515,2458229.694375,0,62.45745254405036,55.104014559646586,21.77664189953163,1.2305828671280459,59928.485694400035,False
227,787,9,0,ZTF_r,2176471163215,4194304,3.0267,202.567,7.32257,26.278,3.62853e-05,0.0397162,0.124649,4.82663e-05,302,30.0,0.103782,0.117923,20.129,26.278,1,2459930.971169,787120232,1,95.125129735263,43.9783068402095,2.40608828248792,1.25179017156629,124.714414214691,67.2812066490672,1.86611357350856,1.14190605204039,0.462397800485168,17.9640001296997,0.0590000003576279,4.32499980926514,0.386999994516373,2458160.74515,2458229.694375,0,60.430463710608194,95.97172727312127,21.32264172202895,0.683632110359886,59930.471169000026,False
240,787,9,0,ZTF_r,2179404273215,4194304,1.8391,121.985,8.9829,25.7403,2.56464e-05,0.0336478,0.120512,3.44573e-05,307,30.0,0.094615,0.077465,19.5913,25.7403,1,2459933.9042708,787120232,1,90.3356006689424,38.6776488107901,2.59808689338852,1.41893918136457,56.8950715343408,72.5978635356955,0.788980010223225,1.05208421151572,0.462397800485168,17.9640001296997,0.0590000003576279,4.32499980926514,0.386999994516373,2458160.74515,2458229.694375,0,53.14684490615932,91.18219820680068,20.840524855253545,0.632815732120764,59933.40427079983,False
248,787,9,0,ZTF_r,2180392383215,4194304,2.8977,198.28,6.47584,26.2441,2.12661e-05,0.0305507,0.118237,2.85129e-05,302,30.0,0.110688,0.086116,20.0962,26.2441,2,2459934.8923843,787120232,1,140.358031687662,39.3862530316837,3.96412557642655,1.27880542661966,187.31808502387,59.6840276485761,3.15963400148203,1.09980387240443,0.462397800485168,17.9640001296997,0.0590000003576279,4.32499980926514,0.386999994516373,2458160.74515,2458229.694375,0,54.1205359082136,141.20462922552028,20.86947766305927,0.41612421744122186,59934.39238430001,True
250,787,9,0,ZTF_r,2180499913215,4194304,3.5021,202.633,6.18214,26.2768,2.84595e-05,0.0351305,0.120724,3.79609e-05,304,30.0,0.133742,0.105622,20.0325,26.2768,2,2459934.999919,787120232,1,163.796701839703,44.4056931183308,4.1031869096204,1.08363492530255,218.17115978719,60.8412478950655,3.610059995476,1.1698030690198,0.462397800485168,17.9640001296997,0.0590000003576279,4.32499980926514,0.386999994516373,2458160.74515,2458229.694375,0,61.01773395419128,164.64329937756128,20.735439848571588,0.4023665342258931,59934.49991900008,True
252,787,9,0,ZTF_r,2181282513215,4194304,2.0093,172.267,8.9033,26.0938,1.89219e-05,0.0294049,0.122362,2.58257e-05,309,30.0,0.097692,0.081105,19.9042,26.0938,2,2459935.7825116,787120232,1,103.582369994369,41.2244158736059,2.79502781401761,1.70192369515128,184.653322240477,74.7214603639674,2.48786589668184,1.06012318634582,0.462397800485168,17.9640001296997,0.0590000003576279,4.32499980926514,0.386999994516373,2458160.74515,2458229.694375,0,56.64635013104325,104.42896753222728,21.046747539388118,0.5889260785643043,59935.28251159983,False
260,787,9,0,ZTF_r,2182486753215,4194304,2.304,204.586,5.9187,26.2673,1.87057e-05,0.028654,0.120812,2.491e-05,305,30.0,0.100902,0.088161,20.4572,26.2673,2,2459936.9867593,787120232,1,148.316373079176,31.917140042085,5.16915944825243,1.92372450457836,143.947016782551,52.9708229938603,2.7357798129615,1.08481922365723,0.462397800485168,17.9640001296997,0.0590000003576279,4.32499980926514,0.386999994516373,2458160.74515,2458229.694375,0,43.85724944044775,149.1629706170343,20.8331474403595,0.3192200820386212,59936.48675929988,True
263,787,9,0,ZTF_r,2183281083215,4194304,3.2355,189.618,8.15494,26.1899,4.0507e-05,0.0425687,0.12779,5.46405e-05,304,30.0,0.137049,0.104609,19.7009,26.1899,2,2459937.781088,787120232,1,156.98718141995,56.1691815724002,3.10900125454068,0.976567251876912,169.021082532478,78.5490720325431,2.16628210677587,1.12339824179085,0.462397800485168,17.9640001296997,0.0590000003576279,4.32499980926514,0.386999994516373,2458160.74515,2458229.694375,0,77.18190927628089,157.83377895780828,20.6944001130025,0.5309154951150121,59937.28108800016,True
265,787,9,0,ZTF_r,2183392473215,4194304,3.1023,201.239,6.61655,26.2579,2.77555e-05,0.0352634,0.118812,3.75409e-05,305,30.0,0.116942,0.100613,20.0279,26.2579,1,2459937.8924769,787120232,1,83.5034837992718,43.5642792940452,2.13220453256071,1.05876746551638,-26.5051654206226,62.8798972658007,-0.424359459779455,1.11386350943481,0.462397800485168,17.9640001296997,0.0590000003576279,4.32499980926514,0.386999994516373,2458160.74515,2458229.694375,0,59.8615496618118,84.35008133713009,21.442686235732495,0.7704993692664095,59937.392476900015,False
284,787,9,0,ZTF_r,2203423793215,4194304,2.5106,180.425,9.57711,26.1509,3.74761e-05,0.0405773,0.111566,5.06021e-05,304,30.0,0.096685,0.102759,19.928,26.1509,2,2459957.9237963,787120232,1,152.740526361115,45.024293653081,3.7736548497271,1.89901774005992,188.090398228083,79.1127817844614,2.3935095393031,1.08134709091995,0.462397800485168,17.9640001296997,0.0590000003576279,4.32499980926514,0.386999994516373,2458160.74515,2458229.694375,0,61.86775115249792,153.5871238989733,20.685012980520764,0.4373401605622228,59957.423796299845,True
285,787,9,0,ZTF_r,2203427853215,4194304,2.1592,178.733,9.7038,26.1313,2.36158e-05,0.0324522,0.116225,3.18336e-05,306,30.0,0.093782,0.093912,19.8817,26.1313,1,2459957.9278588,787120232,1,66.439286316853,48.4792977289473,1.52448599765956,1.48219554536351,15.2575142262139,86.3710463592379,0.177840550854046,1.07853039683438,0.462397800485168,17.9640001296997,0.0590000003576279,4.32499980926514,0.386999994516373,2458160.74515,2458229.694375,0,66.61526221938026,67.28588385471129,21.561490096016435,1.0748790986791368,59957.42785880016,False
291,787,9,0,ZTF_r,2211265723215,4194304,3.595,194.085,7.1753,26.2155,3.09003e-05,0.0367408,0.120363,4.16623e-05,304,30.0,0.11478,0.10408,19.8281,26.2155,2,2459965.7657292,787120232,1,174.543325517268,53.4223484234666,3.63441964903508,1.0734148245267,226.311647013504,73.0590796283908,3.11851545537979,1.15134887748781,0.462397800485168,17.9640001296997,0.0590000003576279,4.32499980926514,0.386999994516373,2458160.74515,2458229.694375,0,73.40749382347951,175.38992305512627,20.605488406091872,0.45440761165681065,59965.265729200095,True
292,787,9,0,ZTF_r,2211395603215,4194304,3.0819,203.16,6.62092,26.2511,2.60445e-05,0.0335592,0.122882,3.49902e-05,301,30.0,0.116145,0.113147,20.0089,26.2511,1,2459965.8956019,787120232,1,95.2544221727356,48.3099101040902,2.1933286856613,1.0872765070433,114.844807995437,68.3483168384018,1.69160412037991,1.1812563213925,0.462397800485168,17.9640001296997,0.0590000003576279,4.32499980926514,0.386999994516373,2458160.74515,2458229.694375,0,66.38250717598704,96.10101971059387,21.294280010216397,0.7499554974339592,59965.39560189983,False
294,787,9,0,ZTF_r,2212266573215,4194304,3.8573,196.655,7.56653,26.2302,4.15948e-05,0.0425695,0.122238,5.60461e-05,300,30.0,0.137911,0.131595,19.6631,26.2302,2,2459966.7665741,787120232,1,17.730064208679,56.0458831230593,0.351901722534514,1.10130483349561,45.265720840809,72.5129615278512,0.628447481868851,1.16830827457839,0.462397800485168,17.9640001296997,0.0590000003576279,4.32499980926514,0.386999994516373,2458160.74515,2458229.694375,0,77.01248523511573,18.576661746537287,23.057780816721724,4.500940823522861,59966.266574100126,False
297,787,9,0,ZTF_r,2212390463215,4194304,3.0926,203.422,7.09903,26.2619,2.04546e-05,0.02972,0.123128,2.75649e-05,300,30.0,0.103838,0.097589,19.9973,26.2619,2,2459966.890463,787120232,1,42.887713552735,45.4959075863724,1.04861329959321,1.19903196413092,53.6357426610896,67.9332435022534,0.794853589937134,1.11451015257555,0.462397800485168,17.9640001296997,0.0590000003576279,4.32499980926514,0.386999994516373,2458160.74515,2458229.694375,0,62.51579448860756,43.73431109059329,22.15984427539084,1.5519484904125989,59966.39046300016,False
302,787,9,0,ZTF_r,2213407973215,4194304,3.3863,203.36,6.45124,26.2633,2.49417e-05,0.0331311,0.122382,3.36549e-05,302,30.0,0.122436,0.105136,20.0323,26.2633,2,2459967.9079745,787120232,1,68.325806914252,46.5137430908067,1.63402343411387,1.11452341319218,20.466088599287,66.5563274362065,0.309571301139871,1.11999457068947,0.462397800485168,17.9640001296997,0.0590000003576279,4.32499980926514,0.386999994516373,2458160.74515,2458229.694375,0,63.91439929932866,69.17240445211029,21.66346781965344,1.0031726360954067,59967.40797450021,False
393,787,9,0,ZTF_r,2282262253215,4194304,2.5777,200.941,11.6073,26.3905,4.10816e-05,0.0423504,0.121651,5.5004e-05,305,30.0,0.100951,0.103273,19.7341,26.3905,1,2460036.7622569,787120232,1,55.3138675391577,63.6308953746211,0.966987348450972,1.20844348387789,0.513707740741757,106.655795389124,0.0048489403697656,1.07634116501551,0.462397800485168,17.9640001296997,0.0590000003576279,4.32499980926514,0.386999994516373,2458160.74515,2458229.694375,0,87.43502854215907,56.16046507701599,22.016923260940935,1.6903031404394844,60036.26225689985,False
404,787,9,0,ZTF_r,2299219213215,4194304,2.5533,187.531,7.08794,26.1763,1.85861e-05,0.0284827,0.118426,2.506e-05,303,30.0,0.104218,0.095111,20.0414,26.1763,1,2460053.719213,787120232,1,105.267550824557,42.0709816395243,2.78334264864143,1.39182267996269,100.109023849605,67.3908257188907,1.49550421455579,1.09316249975125,0.462397800485168,17.9640001296997,0.0590000003576279,4.32499980926514,0.386999994516373,2458160.74515,2458229.694375,0,57.80961369145847,106.11414836241528,21.111866767718958,0.5914752985667546,60053.21921300003,False
422,787,9,0,ZTF_r,2311198883215,4194304,2.0042,194.22,11.039,26.2665,2.12352e-05,0.0303654,0.111864,2.83113e-05,301,30.0,0.093381,0.079563,19.82,26.2665,1,2460065.6988889,787120232,1,46.3508842753286,52.2254847149636,0.987257281645945,1.35098775199522,11.4569189307123,97.8739208436066,0.117846325552992,1.04758958469132,0.462397800485168,17.9640001296997,0.0590000003576279,4.32499980926514,0.386999994516373,2458160.74515,2458229.694375,0,71.76288687746798,47.19748181318689,22.08170293052346,1.6507865099933838,60065.198888900224,False
3,788,12,1,ZTF_g,1920410134515,0,2.6967,132.303,6.44152,26.2451,2.68982e-05,0.0364286,-0.0507293,4.0108e-05,308,30.0,0.105379,0.089934,20.1407,26.2451,1,2459674.9101389,788120145,1,26.2062914939199,40.0485995662168,0.727902203986158,0.951858558921436,63.8245022979546,63.3565237101663,1.01417123652505,1.07978816823991,0.559311090529057,18.9760000228882,0.0670000016689301,4.8600001335144,0.347000002861023,2458166.882269,2458272.703889,0,43.495524998088186,25.487190374256556,22.729295092791116,1.8528166815170897,59674.410138899926,False
4,788,12,1,ZTF_g,1922302104515,0,3.3203,138.322,5.9804,26.2976,3.28404e-05,0.0394214,-0.0562391,5.2746e-05,287,30.0,0.115716,0.091894,20.1055,26.2976,1,2459676.8021065,788120145,1,34.8698963936894,39.1843469342587,0.989903466491281,1.05916678797403,32.2278116287617,55.0859665762141,0.588986085038857,1.10978565607194,0.559311090529057,18.9760000228882,0.0670000016689301,4.8600001335144,0.347000002861023,2458166.882269,2458272.703889,0,42.55688738366066,34.15079527402606,22.46409794598104,1.3529410446140209,59676.30210650014,False
9,788,12,1,ZTF_g,1924304804515,0,1.7532,137.319,7.88335,26.2874,1.9976e-05,0.0317291,-0.060871,2.88495e-05,322,30.0,0.097956,0.077618,20.3413,26.2874,1,2459678.8048032,788120145,1,15.6359068049645,34.8170678316744,0.499557726813824,1.14004552019591,30.3250642256167,66.2536424518352,0.460794367647335,1.0538055550431,0.559311090529057,18.9760000228882,0.0670000016689301,4.8600001335144,0.347000002861023,2458166.882269,2458272.703889,0,37.813722842638285,14.916805685301156,23.35321041899707,2.752221873527981,59678.304803200066,False
15,788,12,1,ZTF_g,1929294424515,0,2.6357,149.286,14.7325,26.3357,3.7779e-05,0.0390071,-0.0482209,7.19278e-05,230,30.0,0.100643,0.083055,19.3945,26.3357,1,2459683.7944213,788120145,1,40.5539505654953,73.9827479450273,0.609758004597501,0.98780338694343,211.018452065384,117.291606690927,1.81120950999305,1.09083604308949,0.559311090529057,18.9760000228882,0.0670000016689301,4.8600001335144,0.347000002861023,2458166.882269,2458272.703889,0,80.35033677893406,39.83484944583196,22.335042049733417,2.189950805751483,59683.294421299826,False
35,788,12,1,ZTF_g,1940364614515,0,2.6037,114.684,6.76039,26.0868,3.15025e-05,0.0385814,-0.0473716,4.97041e-05,289,30.0,0.10843,0.080098,19.9569,26.0868,1,2459694.8646181,788120145,1,43.4528594434969,40.4981197034411,1.1935436378382,0.939329663628269,45.7147855363818,64.5409611200127,0.713077035862343,1.08620884550268,0.559311090529057,18.9760000228882,0.0670000016689301,4.8600001335144,0.347000002861023,2458166.882269,2458272.703889,0,43.98373468775426,42.73375832383356,22.009872276058736,1.1174570789824918,59694.364618100226,False
36,788,12,1,ZTF_g,1942202094515,0,1.8471,140.191,5.4448,26.3134,1.98113e-05,0.0313793,-0.0869535,2.78785e-05,328,30.0,0.083644,0.069136,20.7405,26.3134,1,2459696.7020949,788120145,1,13.1790345799031,22.9175552711445,0.639690809452789,1.34912142346842,22.8576276066183,43.263701165068,0.531891040848822,1.05418752919251,0.559311090529057,18.9760000228882,0.0670000016689301,4.8600001335144,0.347000002861023,2458166.882269,2458272.703889,0,24.890036330558694,12.459933460239755,23.574610692331746,2.168800702693929,59696.202094899956,False
48,788,12,1,ZTF_g,1947345794515,0,3.755,123.658,5.18149,26.178,4.21506e-05,0.0437988,-0.0445243,7.30356e-05,269,30.0,0.131118,0.1109,20.0329,26.178,1,2459701.8457986,788120145,1,34.6188483891344,37.7381200106577,1.02043925411797,1.05007071997279,7.63524513539075,49.1341356460555,0.156442539379195,1.15358082508436,0.559311090529057,18.9760000228882,0.0670000016689301,4.8600001335144,0.347000002861023,2458166.882269,2458272.703889,0,40.9861857863579,33.89974726947106,22.352508848878966,1.3126558600725255,59701.3457986,False
74,788,12,1,ZTF_g,1968286034515,0,2.5264,127.681,6.51686,26.2053,2.35504e-05,0.0346034,-0.0538507,3.43324e-05,321,30.0,0.096733,0.090495,20.318,26.2053,1,2459722.7860301,788120145,1,17.8883362629645,30.9866151892852,0.642170886320892,1.2281868400029,60.4697158611633,54.3586976645579,1.11991246096942,1.07091415200091,0.559311090529057,18.9760000228882,0.0670000016689301,4.8600001335144,0.347000002861023,2458166.882269,2458272.703889,0,33.65358864404885,17.169235143301155,23.11842262849877,2.128091373080157,59722.28603010019,False
76,788,12,1,ZTF_g,1970219894515,0,2.1225,131.231,5.96499,26.2313,1.82128e-05,0.0303489,-0.061693,2.61022e-05,325,30.0,0.093533,0.081547,20.509,26.2313,1,2459724.7198958,788120145,1,27.5298159349111,29.4877955653876,1.03852224096021,1.30291607083813,16.7546214325734,53.3871067743988,0.315946410866116,1.06770906608907,0.559311090529057,18.9760000228882,0.0670000016689301,4.8600001335144,0.347000002861023,2458166.882269,2458272.703889,0,32.02576776828829,26.810714815247756,22.66052901724541,1.296883589476549,59724.21989580011,False
80,788,12,1,ZTF_g,1972245094515,0,1.9187,141.99,5.85775,26.3026,1.57197e-05,0.028207,-0.0553054,2.21876e-05,324,30.0,0.09579,0.081651,20.6161,26.3026,1,2459726.7450926,788120145,1,11.0950289898772,26.2556486716859,0.470067786236139,1.63884154113152,41.3096619363666,46.9996553335852,0.884855103533869,1.07334745638822,0.559311090529057,18.9760000228882,0.0670000016689301,4.8600001335144,0.347000002861023,2458166.882269,2458272.703889,0,28.51543463466517,10.375927870213856,23.76253263993836,2.9837531418978425,59726.24509260012,False
83,788,12,1,ZTF_g,1977220324515,0,2.5416,138.223,6.27054,26.281,2.07058e-05,0.0320069,-0.0525043,3.07362e-05,312,30.0,0.106267,0.087816,20.2925,26.281,1,2459731.7203241,788120145,1,43.8378479206219,32.7340113111791,1.48972051550977,1.19984829167671,52.2894523749667,52.7227331801221,0.998461606027441,1.09204765284974,0.559311090529057,18.9760000228882,0.0670000016689301,4.8600001335144,0.347000002861023,2458166.882269,2458272.703889,0,35.55138063988963,43.11874680095856,22.19433467482564,0.8951589928831167,59731.220324099995,False
97,788,12,1,ZTF_g,1988299424515,0,2.8537,115.157,15.9929,26.0947,4.49206e-05,0.0367321,-0.0256546,8.41773e-05,175,30.0,0.131562,0.092928,18.9591,26.0947,1,2459742.7994213,788120145,1,9.12250716679538,87.48722304009,0.115991024035062,1.14697430494919,-185.340032543148,132.22646811439,-1.41112676596964,1.08662714868716,0.559311090529057,18.9760000228882,0.0670000016689301,4.8600001335144,0.347000002861023,2458166.882269,2458272.703889,0,95.0171226452456,8.403406047132036,23.783561627804914,12.275985413218281,59742.29942130018,False
148,788,12,1,ZTF_g,2116508914515,0,2.454,134.195,8.40522,26.2546,2.79556e-05,0.0361884,-0.0493267,4.49768e-05,287,30.0,0.106965,0.087962,19.9375,26.2546,1,2459871.008912,788120145,1,663.719899626519,43.691050122986,16.8984611166378,1.09618771211645,753.517857292721,70.2384339542265,10.8002528061707,1.07095682031699,0.559311090529057,18.9760000228882,0.0670000016689301,4.8600001335144,0.347000002861023,2458166.882269,2458272.703889,0,47.45147604162729,663.0007985068556,19.20081487134511,0.0777043823392349,59870.508911999874,True
159,788,12,1,ZTF_g,2134455824515,0,1.902,75.7183,10.9796,25.6505,4.54317e-05,0.041906,-0.0495089,8.8281e-05,218,30.0,0.105123,0.078687,19.2552,25.6505,1,2459888.9558218,788120145,1,245.001157454266,52.8728787207352,5.15454078749514,0.992009163963151,243.774923171953,95.842006281985,2.5606388140814,1.06810932577117,0.559311090529057,18.9760000228882,0.0670000016689301,4.8600001335144,0.347000002861023,2458166.882269,2458272.703889,0,57.423571436404856,244.28205633460263,19.680771082065696,0.2552163365740982,59888.455821800046,True
165,788,12,1,ZTF_g,2139427304515,0,3.1163,130.97,14.7964,26.2275,5.8307e-05,0.0431578,-0.0327768,0.00011502,183,30.0,0.111095,0.097071,19.1047,26.2275,1,2459893.9273032,788120145,1,413.900432655602,95.0474800159733,4.84406625410516,0.974864042262038,343.893408042694,136.132792163371,2.54317526607592,1.10932180863364,0.559311090529057,18.9760000228882,0.0670000016689301,4.8600001335144,0.347000002861023,2458166.882269,2458272.703889,0,103.22808007817156,413.1813315359387,19.68714827278233,0.27124828250165645,59893.42730320012,True
172,788,12,1,ZTF_g,2143473354515,0,3.199,138.585,10.2038,26.2931,3.64784e-05,0.0383721,-0.045814,6.63599e-05,231,30.0,0.110124,0.09988,19.5608,26.2931,1,2459897.9733565,788120145,1,265.757515219895,65.7987442825326,4.49285859493767,1.06240435415461,283.695443096847,93.8068108554411,3.04462059443235,1.12164653399954,0.559311090529057,18.9760000228882,0.0670000016689301,4.8600001335144,0.347000002861023,2458166.882269,2458272.703889,0,71.46194767813859,265.0384141002317,20.234827939472147,0.29273581664586046,59897.4733564998,True
182,788,12,1,ZTF_g,2147519024515,0,1.8732,146.881,6.56558,26.3523,1.93171e-05,0.0311283,-0.0636001,2.75494e-05,324,30.0,0.090429,0.082845,20.5427,26.3523,1,2459902.0190278,788120145,1,214.20183279411,27.3666744613695,8.70674765264864,1.90414037358557,275.93576279717,48.7091116556391,5.70312610091274,1.06726250279945,0.559311090529057,18.9760000228882,0.0670000016689301,4.8600001335144,0.347000002861023,2458166.882269,2458272.703889,0,29.722084817995626,213.48273167444663,20.528893121759044,0.151156335848781,59901.51902779983,True
187,788,12,1,ZTF_g,2149507434515,0,2.1497,144.652,6.00641,26.3377,2.02578e-05,0.032198,-0.0682554,2.87952e-05,328,30.0,0.091794,0.079784,20.5579,26.3377,1,2459904.0074306,788120145,1,129.919672256335,28.4160425875701,5.08588015849362,1.5530836253687,179.657071053227,49.5914432841889,3.64714272837042,1.06931793172258,0.559311090529057,18.9760000228882,0.0670000016689301,4.8600001335144,0.347000002861023,2458166.882269,2458272.703889,0,30.861770551322927,129.20057113667164,21.059538916298223,0.25933805085216804,59903.5074306,True
197,788,12,1,ZTF_g,2156516364515,0,2.6848,149.193,5.85477,26.3503,2.70357e-05,0.036651,-0.044097,3.93571e-05,318,30.0,0.105877,0.096374,20.3588,26.3503,1,2459911.0163657,788120145,1,89.1260934220897,34.5693924762241,2.86792589114952,1.08895460596393,122.240688682989,53.2320117600293,2.31184174119043,1.11171120816169,0.559311090529057,18.9760000228882,0.0670000016689301,4.8600001335144,0.347000002861023,2458166.882269,2458272.703889,0,37.54473042514846,88.40699230242635,21.484083460819523,0.4610756769458037,59910.516365699936,False
204,788,12,1,ZTF_g,2168435324515,0,1.8721,142.942,14.9603,26.3242,3.57851e-05,0.0403674,-0.0552906,6.20104e-05,269,30.0,0.094683,0.077738,19.6163,26.3242,1,2459922.9353241,788120145,1,91.3326497014223,73.2702396420967,1.3866065472435,1.01647121116197,262.658296386701,136.5575797498,1.93637962542518,1.05544384712585,0.559311090529057,18.9760000228882,0.0670000016689301,4.8600001335144,0.347000002861023,2458166.882269,2458272.703889,0,79.57650390994141,90.61354858175896,21.43121715386595,0.95345797231492,59922.435324099846,False
215,788,12,1,ZTF_g,2169507534515,0,2.0991,148.024,13.0186,26.3557,3.03015e-05,0.0372855,-0.0562595,5.10427e-05,272,30.0,0.096783,0.08926,19.7566,26.3557,2,2459924.0075347,788120145,1,30.1280224610449,56.9696116708543,0.588277405558303,1.27910487377223,104.149218488292,102.412019628459,1.02381214477963,1.07318166350714,0.559311090529057,18.9760000228882,0.0670000016689301,4.8600001335144,0.347000002861023,2458166.882269,2458272.703889,0,61.87290430627903,29.408921341381557,22.68450226056816,2.2841848371638176,59923.50753469998,False
221,788,12,1,ZTF_g,2174530124515,0,2.5107,142.035,9.9101,26.2519,2.78959e-05,0.0361944,-0.0320651,4.56146e-05,282,30.0,0.10567,0.09804,19.8656,26.2519,1,2459929.0301273,788120145,1,115.392035871005,49.2960078603813,2.60386753338061,1.03945779487852,124.261105381298,81.5990204378919,1.53308226500843,1.09585809836028,0.559311090529057,18.9760000228882,0.0670000016689301,4.8600001335144,0.347000002861023,2458166.882269,2458272.703889,0,53.53884443954141,114.67293475134166,21.103247681819745,0.5068948791975522,59928.53012729995,False
223,788,12,1,ZTF_g,2175371704515,0,3.0997,121.443,8.70176,26.1116,5.02496e-05,0.0458326,-0.0402587,9.2565e-05,248,30.0,0.112438,0.097852,19.5961,26.1116,2,2459929.8717014,788120145,1,64.7893924096944,53.4835601541968,1.34752986687713,0.979600664516905,91.030965352582,77.7849343064015,1.17817241807644,1.10226598532178,0.559311090529057,18.9760000228882,0.0670000016689301,4.8600001335144,0.347000002861023,2458166.882269,2458272.703889,0,58.08681334355518,64.07029129003105,21.594958253803494,0.9843072659310724,59929.371701399796,False
226,788,12,1,ZTF_g,2176373934515,0,2.3749,143.633,7.20609,26.2999,2.31553e-05,0.0335897,-0.0811868,3.42714e-05,312,30.0,0.100464,0.090442,20.1908,26.2999,2,2459930.8739352,788120145,1,14.963348282639,39.618724109194,0.420129425641993,0.988157098349179,11.8255418734576,66.7639206278639,0.178317682161228,1.07190959227745,0.559311090529057,18.9760000228882,0.0670000016689301,4.8600001335144,0.347000002861023,2458166.882269,2458272.703889,0,43.02865077802751,14.244247162975656,23.41580124788038,3.2796542783343106,59930.37393519981,False
229,788,12,1,ZTF_g,2176541384515,0,2.9796,153.052,7.16839,26.3334,3.05337e-05,0.0377418,-0.0194634,4.75813e-05,295,30.0,0.100938,0.099901,20.0638,26.3334,2,2459931.0413889,788120145,1,85.1762133163676,45.2007517787886,2.09617468472041,0.972787945397967,108.175870818968,66.4349887296632,1.63926334022537,1.13193962823407,0.559311090529057,18.9760000228882,0.0670000016689301,4.8600001335144,0.347000002861023,2458166.882269,2458272.703889,0,49.09111555014607,84.45711219670424,21.516809430723118,0.6310685123670786,59930.54138890002,False
231,788,12,1,ZTF_g,2177527604515,0,2.0958,125.203,7.08505,26.1305,2.29031e-05,0.0337316,-0.0465372,3.32036e-05,319,30.0,0.094547,0.093186,20.2721,26.1305,2,2459932.0276042,788120145,1,90.88649026656,30.2583968039454,3.34124421617322,1.29980529042524,136.441195689777,53.1736221301393,2.58323825780946,1.07864298590647,0.559311090529057,18.9760000228882,0.0670000016689301,4.8600001335144,0.347000002861023,2458166.882269,2458272.703889,0,32.86269354842275,90.16738914689664,21.24287626352762,0.39569767654463106,59931.527604199946,True
232,788,12,1,ZTF_g,2178325624515,0,2.2925,131.823,6.26929,26.2765,1.92655e-05,0.0308669,-0.0984157,2.73148e-05,324,30.0,0.103343,0.073645,20.3258,26.2765,2,2459932.825625,788120145,1,1.23852732874602,30.1325171837091,0.0457219750319233,1.32490093905332,15.8420729018401,53.4352091233154,0.298469313322987,1.05050877458399,0.559311090529057,18.9760000228882,0.0670000016689301,4.8600001335144,0.347000002861023,2458166.882269,2458272.703889,0,32.72597965010815,0.5194262090826751,26.987690351568435,68.40354892540117,59932.325625000056,False
234,788,12,1,ZTF_g,2178491164515,0,2.3859,152.7,5.94772,26.3509,1.85951e-05,0.0304695,-0.0553583,2.6472e-05,324,30.0,0.093801,0.08655,20.6414,26.3509,2,2459932.991169,788120145,1,45.4834137742824,29.4644605623996,1.71715445152239,1.26304841170265,105.918626981469,50.5178310173099,2.11077936009703,1.08855313663962,0.559311090529057,18.9760000228882,0.0670000016689301,4.8600001335144,0.347000002861023,2458166.882269,2458272.703889,0,32.000424355115584,44.764312654619054,22.223570199021044,0.7761285421806653,59932.491169000044,False
242,788,12,1,ZTF_g,2179430234515,0,2.4227,109.072,6.60409,26.0103,2.61518e-05,0.0353846,-0.0323447,4.01828e-05,302,30.0,0.093244,0.092123,20.0763,26.0103,1,2459933.9302315,788120145,1,25.4359005517618,32.7116792810828,0.864966086167679,1.20668032513156,-10.5399729163314,53.7437606579868,-0.197436132314317,1.10655526411772,0.559311090529057,18.9760000228882,0.0670000016689301,4.8600001335144,0.347000002861023,2458166.882269,2458272.703889,0,35.52712652404456,24.71679943209845,22.527819416378087,1.5605499964960654,59933.43023149995,False
246,788,12,1,ZTF_g,2180329324515,0,2.2708,132.208,6.21746,26.2768,2.23964e-05,0.0337362,-0.0929981,3.18345e-05,327,30.0,0.105855,0.082026,20.3474,26.2768,2,2459934.8293287,788120145,1,35.6788482405938,29.4916702828491,1.34575579182148,1.27948039112196,56.926085167566,51.6681515971216,1.10918397223251,1.05355275251314,0.559311090529057,18.9760000228882,0.0670000016689301,4.8600001335144,0.347000002861023,2458166.882269,2458272.703889,0,32.02997597711538,34.95974712093046,22.417879293668292,0.9947138575706215,59934.32932869997,False
254,788,12,1,ZTF_g,2181341774515,0,2.1836,123.918,6.53682,26.164,2.13171e-05,0.0324407,-0.053855,3.20636e-05,309,30.0,0.101757,0.085564,20.2756,26.164,1,2459935.8417708,788120145,1,23.0500023425216,31.1494716355981,0.823142623198952,1.4008269911772,13.9937191584219,53.8263626531895,0.261729884162002,1.07689501977623,0.559311090529057,18.9760000228882,0.0670000016689301,4.8600001335144,0.347000002861023,2458166.882269,2458272.703889,0,33.8304619107405,22.33090122285825,22.791734373667545,1.6447940067413782,59935.34177079983,False
255,788,12,1,ZTF_g,2181345574515,0,2.1597,136.434,6.2245,26.2726,1.67061e-05,0.0289741,-0.0622099,2.40035e-05,320,30.0,0.094319,0.0842,20.4219,26.2726,2,2459935.8455787,788120145,1,11.8347626443085,32.5610560157786,0.404311292924194,1.28113118836236,37.7427613954046,56.9725282170284,0.666934788643839,1.0696820642037,0.559311090529057,18.9760000228882,0.0670000016689301,4.8600001335144,0.347000002861023,2458166.882269,2458272.703889,0,35.36353933067715,11.115661524645157,23.65776171523885,3.4540629512863683,59935.34557869984,False
257,788,12,1,ZTF_g,2181500374515,0,1.923,148.659,5.30539,26.3775,2.84689e-05,0.0376269,-0.0430824,4.02911e-05,322,30.0,0.090145,0.101267,20.7645,26.3775,2,2459936.0003704,788120145,1,69.5763188991229,26.4145905583492,2.93003201347679,1.93264228817515,93.3257090794984,45.1742953995394,2.07981690181698,1.098379778539,0.559311090529057,18.9760000228882,0.0670000016689301,4.8600001335144,0.347000002861023,2458166.882269,2458272.703889,0,28.68805642118173,68.85721777945955,21.782626323067582,0.4523363542836638,59935.50037040003,False
261,788,12,1,ZTF_g,2182517084515,0,2.9414,148.713,5.34662,26.3635,1.90295e-05,0.0308318,-0.05148,2.71054e-05,326,30.0,0.096274,0.100602,20.6052,26.3635,2,2459937.0170833,788120145,1,52.4575312200847,28.8250694547301,2.02438115805457,1.40594542528083,105.260300843277,46.9577616763551,2.25669263701206,1.10310044675656,0.559311090529057,18.9760000228882,0.0670000016689301,4.8600001335144,0.347000002861023,2458166.882269,2458272.703889,0,31.306001773341865,51.73843010042136,22.07896688305081,0.6569377164971315,59936.51708329981,False
268,788,12,1,ZTF_g,2183415904515,0,3.3611,146.257,5.43442,26.3522,3.33024e-05,0.0403116,-0.0561907,5.05965e-05,307,30.0,0.112497,0.092166,20.243,26.3522,2,2459937.9159028,788120145,1,46.5873270623188,37.175321929445,1.39401631503714,1.02715587120538,39.1951220535129,51.4155552709924,0.767454581549431,1.13618326134706,0.559311090529057,18.9760000228882,0.0670000016689301,4.8600001335144,0.347000002861023,2458166.882269,2458272.703889,0,40.37494848279653,45.86822594265546,22.198420142160497,0.9556742312766773,59937.41590279993,False
269,788,12,1,ZTF_g,2183449564515,0,2.3447,149.522,5.30184,26.3551,1.58358e-05,0.0283476,-0.0559295,2.22905e-05,330,30.0,0.090063,0.079326,20.7128,26.3551,1,2459937.9495602,788120145,1,49.1488959618407,26.3868885418865,2.07195531604605,1.71021523452388,38.7999268736401,46.1672878013047,0.846080601086999,1.0778138227082,0.559311090529057,18.9760000228882,0.0670000016689301,4.8600001335144,0.347000002861023,2458166.882269,2458272.703889,0,28.65797013195809,48.42979484217736,22.142318426758987,0.6424548828600416,59937.449560199864,False
278,788,12,1,ZTF_g,2199364224515,0,2.1451,76.3181,21.5712,25.7191,0.000141411,0.0548804,-0.019022,0.000273642,141,30.0,0.116711,0.094317,18.5062,25.7191,2,2459953.8642245,788120145,1,141.84078402638,99.8758805845156,1.57977524015976,1.0615890744072,187.605713386012,176.588258768494,1.06954590286295,1.06865299538285,0.559311090529057,18.9760000228882,0.0670000016689301,4.8600001335144,0.347000002861023,2458166.882269,2458272.703889,0,108.47205414729164,141.12168290671664,20.345115632813403,0.8345146313593842,59953.36422450002,False
287,788,12,1,ZTF_g,2203448784515,0,2.1031,140.118,9.86347,26.2605,3.78782e-05,0.0420369,-0.0318144,6.03283e-05,287,30.0,0.099728,0.089199,19.9984,26.2605,1,2459957.9487847,788120145,1,55.5335397484868,46.4169498284063,1.33086363742424,1.03374263290552,62.7088208635674,79.4186589309449,0.794916071737282,1.10003547226474,0.559311090529057,18.9760000228882,0.0670000016689301,4.8600001335144,0.347000002861023,2458166.882269,2458272.703889,0,50.41199001873538,54.81443862882346,21.91326257318312,0.9985014702779559,59957.44878470013,False
290,788,12,1,ZTF_g,2203529154515,0,2.3869,95.0966,11.5412,25.8868,2.64372e-05,0.0324012,-0.0473708,4.99746e-05,225,30.0,0.1125,0.090604,19.4171,25.8868,2,2459958.0291551,788120145,1,56.4899120318462,53.7791556151555,1.16845427116683,1.06530542144383,143.582009940018,95.746943479987,1.50969877245383,1.07934261981403,0.559311090529057,18.9760000228882,0.0670000016689301,4.8600001335144,0.347000002861023,2458166.882269,2458272.703889,0,58.40785028119373,55.77081091218286,21.52078260196251,1.13703570045168,59957.52915510023,False
299,788,12,1,ZTF_g,2212403984515,0,2.9833,154.387,6.20432,26.3749,2.59092e-05,0.035434,-0.0605049,3.86336e-05,305,30.0,0.111969,0.091055,20.256,26.3749,1,2459966.9039815,788120145,1,25.1037874627734,39.0605379054806,0.714917339936998,0.968800201715553,60.1851694798671,57.9073098873813,1.04633629462151,1.11688024743317,0.559311090529057,18.9760000228882,0.0670000016689301,4.8600001335144,0.347000002861023,2458166.882269,2458272.703889,0,42.42242228963651,24.38468634311005,22.90710706576773,1.8888093630481395,59966.40398149984,False
304,788,12,1,ZTF_g,2214351004515,0,3.3796,152.964,6.38713,26.3591,3.23891e-05,0.0390176,-0.060516,5.07812e-05,290,30.0,0.11159,0.098576,20.1251,26.3591,2,2459968.8510069,788120145,1,48.4424266402254,39.0160781179893,1.38113801528804,1.06853798848311,87.9150744234663,54.657252845007,1.61931277005224,1.12276948432142,0.559311090529057,18.9760000228882,0.0670000016689301,4.8600001335144,0.347000002861023,2458166.882269,2458272.703889,0,42.37413591210563,47.72332552056206,22.162273252146523,0.9640065703290339,59968.35100689996,False
307,788,12,1,ZTF_g,2214403884515,0,3.018,155.533,6.26333,26.3684,2.03753e-05,0.0313675,-0.0537097,2.99184e-05,309,30.0,0.10757,0.095079,20.2597,26.3684,1,2459968.9038889,788120145,1,5.35874197691502,36.2527860243413,0.164428183762147,1.07882274165563,13.1662638014454,53.9237375538685,0.245808987784397,1.11789576027852,0.559311090529057,18.9760000228882,0.0670000016689301,4.8600001335144,0.347000002861023,2458166.882269,2458272.703889,0,39.37301123763202,4.639640857251676,24.702189089426604,9.21348863326002,59968.40388889983,False
308,788,12,1,ZTF_g,2214433374515,0,2.9768,154.169,5.88778,26.3775,2.63025e-05,0.0359023,-0.0657814,3.85343e-05,312,30.0,0.105667,0.094077,20.3077,26.3775,2,2459968.9333796,788120145,1,41.2017989113402,36.411332485857,1.25873528593942,1.08013844287846,35.5837912978009,54.1198225159968,0.661928449024625,1.11266334043229,0.559311090529057,18.9760000228882,0.0670000016689301,4.8600001335144,0.347000002861023,2458166.882269,2458272.703889,0,39.5452035653266,40.482697791676856,22.35932638388665,1.0605574690652724,59968.433379599825,False
309,788,12,1,ZTF_g,2215364104515,0,2.3799,153.764,6.06122,26.3677,2.04611e-05,0.032085,-0.0693169,2.91725e-05,327,30.0,0.097055,0.08473,20.4632,26.3677,2,2459969.8641088,788120145,1,82.301826168158,31.5973115279889,2.89743792781846,1.19122601321579,75.5395936502127,52.1072874442885,1.45945722545851,1.0841531786103,0.559311090529057,18.9760000228882,0.0670000016689301,4.8600001335144,0.347000002861023,2458166.882269,2458272.703889,0,34.31684673931405,81.58272504849465,21.588704480883955,0.4566873744745149,59969.36410879996,False
311,788,12,1,ZTF_g,2215395264515,0,2.6986,155.003,5.9244,26.3804,2.15002e-05,0.0328166,-0.0719238,3.08492e-05,325,30.0,0.103723,0.095763,20.4001,26.3804,2,2459969.8952662,788120145,1,52.0988636010775,30.733971824922,1.88566422950986,1.29268164403813,129.994039646503,48.6945778662535,2.68755912295141,1.09708592921135,0.559311090529057,18.9760000228882,0.0670000016689301,4.8600001335144,0.347000002861023,2458166.882269,2458272.703889,0,33.3792006282559,51.37976248141416,22.103419769308555,0.705332145807537,59969.39526619995,False
316,788,12,1,ZTF_g,2217381794515,0,2.9698,147.314,5.68847,26.3606,2.33686e-05,0.0341781,-0.0569551,3.38638e-05,320,30.0,0.104433,0.094662,20.3556,26.3606,2,2459971.881794,788120145,1,24.3908183414771,34.8069904054602,0.779497450755521,1.06821252753237,40.1037810429084,53.1442720081689,0.759703365762425,1.10741124729471,0.559311090529057,18.9760000228882,0.0670000016689301,4.8600001335144,0.347000002861023,2458166.882269,2458272.703889,0,37.8027780668268,23.671717221813758,22.925025589555553,1.7338191294940253,59971.381794000044,False
317,788,12,1,ZTF_g,2217385244515,0,2.9795,147.907,5.69269,26.3725,2.54551e-05,0.0354521,-0.0708807,3.78484e-05,314,30.0,0.103007,0.092163,20.3177,26.3725,1,2459971.8852431,788120145,1,76.8522314395402,36.0605741981296,2.37071116625084,1.02719184719066,69.5371436157155,53.7821831520183,1.30164817000653,1.10525003085829,0.559311090529057,18.9760000228882,0.0670000016689301,4.8600001335144,0.347000002861023,2458166.882269,2458272.703889,0,39.16425601566488,76.13313031987686,21.668565783040027,0.5585036708402107,59971.385243100114,False
320,788,12,1,ZTF_g,2218322734515,0,2.8867,151.733,6.37502,26.3487,3.04931e-05,0.0388305,-0.0594352,4.44706e-05,317,30.0,0.105422,0.095454,20.2553,26.3487,2,2459972.8227315,788120145,1,10.977982482002,38.7153562546491,0.315423520427033,1.10831648731111,32.6872126056817,59.749766771395,0.550752992712786,1.10259326365651,0.559311090529057,18.9760000228882,0.0670000016689301,4.8600001335144,0.347000002861023,2458166.882269,2458272.703889,0,42.047531349997065,10.258881362338656,23.820949981259737,4.449900839508786,59972.322731500026,False
326,788,12,1,ZTF_g,2223322594515,0,3.1007,143.587,12.2574,26.3372,5.24244e-05,0.0442266,-0.0570719,0.000100004,215,30.0,0.104775,0.104255,19.4316,26.3372,2,2459977.8225926,788120145,1,48.1097695677993,75.6944368645402,0.707007654070685,0.994075771486801,1.41365491353323,109.312152598956,0.0130193754936995,1.12177812699071,0.559311090529057,18.9760000228882,0.0670000016689301,4.8600001335144,0.347000002861023,2458166.882269,2458272.703889,0,82.20934830478095,47.39066844813596,22.147967913771147,1.8833811038597277,59977.32259259978,False
330,788,12,1,ZTF_g,2225249354515,0,2.5841,134.413,18.5057,26.2721,6.76945e-05,0.0468112,-0.0485842,0.000125267,191,30.0,0.107664,0.094365,19.0643,26.2721,2,2459979.7493519,788120145,1,113.884337173546,107.970993400464,1.17330710994157,0.9765878304263,178.126448330044,172.430349930017,1.03999174322164,1.0912355253764,0.559311090529057,18.9760000228882,0.0670000016689301,4.8600001335144,0.347000002861023,2458166.882269,2458272.703889,0,117.26390169407686,113.16523605388264,21.137817415835872,1.1250223346738755,59979.24935190007,False
332,788,12,1,ZTF_g,2225341894515,0,1.8296,141.553,16.7048,26.3653,2.97744e-05,0.035484,-0.0833509,5.44572e-05,249,30.0,0.108776,0.083546,19.5494,26.3653,2,2459979.8418981,788120145,1,36.7175160537473,70.551536830216,0.578924082522539,1.08820596527228,108.713222514989,132.181531389047,0.827993223964884,1.05659694411503,0.559311090529057,18.9760000228882,0.0670000016689301,4.8600001335144,0.347000002861023,2458166.882269,2458272.703889,0,76.623806252661,35.99841493408396,22.474591553674554,2.3109480403746274,59979.341898099985,False
341,788,12,1,ZTF_g,2229407934515,0,2.8789,89.946,18.6087,25.8384,0.000109686,0.0447633,-0.0535342,0.000194616,126,30.0,0.123598,0.110025,18.5661,25.8384,2,2459983.9079398,788120145,1,194.515216430486,106.000457847243,2.04127088277646,1.03764050312971,259.733471313449,160.787133168508,1.62626689109786,1.11658401084116,0.559311090529057,18.9760000228882,0.0670000016689301,4.8600001335144,0.347000002861023,2458166.882269,2458272.703889,0,115.12376497661108,193.79611531082264,20.1200373318352,0.6449555061237419,59983.40793980006,False
344,788,12,1,ZTF_g,2230406874515,0,2.5526,153.223,12.0829,26.3635,3.38866e-05,0.0385274,-0.0402164,5.95935e-05,258,30.0,0.104568,0.08935,19.6272,26.3635,2,2459984.906875,788120145,1,158.86899590379,65.920278243691,2.68086484662815,0.900775048797676,319.860579091829,105.510443088061,3.05197143591183,1.08916257702737,0.559311090529057,18.9760000228882,0.0670000016689301,4.8600001335144,0.347000002861023,2458166.882269,2458272.703889,0,71.59394189274131,158.14989478412664,20.865827731702108,0.4914928512538656,59984.40687499987,False
349,788,12,1,ZTF_g,2231268484515,0,2.8442,150.565,9.91248,26.3487,2.60766e-05,0.0340745,-0.050614,4.45449e-05,268,30.0,0.106449,0.094851,19.7609,26.3487,2,2459985.7684838,788120145,1,70.1363921938949,57.6695690260538,1.35285582925756,0.962241992136711,162.92166060011,89.3380938635266,1.83593515671479,1.09229922658037,0.559311090529057,18.9760000228882,0.0670000016689301,4.8600001335144,0.347000002861023,2458166.882269,2458272.703889,0,62.633105985499725,69.41729107423156,21.745030845376153,0.9795940192442869,59985.26848379988,False
350,788,12,1,ZTF_g,2231338364515,0,2.7888,154.805,10.0293,26.3706,3.19036e-05,0.0380775,-0.0518016,5.36609e-05,271,30.0,0.107023,0.097534,19.7759,26.3706,1,2459985.8383681,788120145,1,33.3855292556105,57.2546002369015,0.648638435993596,1.00383154897829,90.2183120144141,88.5002675897197,1.02627867700463,1.09269833027969,0.559311090529057,18.9760000228882,0.0670000016689301,4.8600001335144,0.347000002861023,2458166.882269,2458272.703889,0,62.18242142879864,32.66642813594716,22.585345875600073,2.066692283107469,59985.338368100114,False
359,788,12,1,ZTF_g,2239301604515,0,2.6419,94.2452,7.44796,25.8213,3.10553e-05,0.0370845,-0.0631561,5.42547e-05,264,30.0,0.109437,0.089559,19.6754,25.8213,2,2459993.8016088,788120145,1,29.941805057716,38.9765945825047,0.854533096437951,1.00924924829429,17.2742729701554,62.3478549411301,0.278928861448459,1.097038047962,0.559311090529057,18.9760000228882,0.0670000016689301,4.8600001335144,0.347000002861023,2458166.882269,2458272.703889,0,42.33125408544291,29.222703938052653,22.156999004624637,1.5727169757456743,59993.30160879996,False
363,788,12,1,ZTF_g,2240368424515,0,2.7113,139.524,6.25819,26.2646,2.67886e-05,0.0360547,-0.0510983,3.96591e-05,310,30.0,0.109128,0.09268,20.2206,26.2646,2,2459994.8684259,788120145,1,66.0562166836833,35.7574785272582,2.05495166307771,1.15178560671769,43.5912835753945,55.456673551337,0.791336201181818,1.10245989646066,0.559311090529057,18.9760000228882,0.0670000016689301,4.8600001335144,0.347000002861023,2458166.882269,2458272.703889,0,38.83507333582105,65.33711556401995,21.726700105562095,0.6453183425183144,59994.36842590012,False
364,788,12,1,ZTF_g,2240402194515,0,2.4619,149.294,5.97368,26.3319,2.0573e-05,0.032079,-0.060865,2.93498e-05,324,30.0,0.105405,0.092058,20.4445,26.3319,2,2459994.9021991,788120145,1,39.689037564189,33.7354315606706,1.30869697482681,1.07577999819255,70.2253894183444,53.9144918742207,1.31130534664823,1.10224858087164,0.559311090529057,18.9760000228882,0.0670000016689301,4.8600001335144,0.347000002861023,2458166.882269,2458272.703889,0,36.638991691640165,38.96993644452566,22.35507575622743,1.0207600244932327,59994.40219909977,False
366,788,12,1,ZTF_g,2242344004515,0,1.8418,114.093,6.06997,26.0222,2.3956e-05,0.0343905,-0.0538464,3.5215e-05,314,30.0,0.100515,0.090865,20.4006,26.0222,2,2459996.8440046,788120145,1,56.3940126314312,24.573792620419,2.55279305364233,1.66119968580736,108.51216940928,43.55160681287,2.50835762691554,1.07942452502788,0.559311090529057,18.9760000228882,0.0670000016689301,4.8600001335144,0.347000002861023,2458166.882269,2458272.703889,0,26.688823649177078,55.67491151176786,21.658051161373855,0.5204508646553837,59996.34400459984,False
369,788,12,1,ZTF_g,2259289144515,0,2.7092,139.291,11.7954,26.3066,3.40236e-05,0.0379994,-0.0525281,6.03314e-05,244,30.0,0.107481,0.09184,19.5516,26.3066,2,2460013.7891435,788120145,1,96.6129953106855,68.9112587287269,1.55955309585332,1.00879438268185,134.050402443071,108.731482456731,1.24116067000012,1.08437131156475,0.559311090529057,18.9760000228882,0.0670000016689301,4.8600001335144,0.347000002861023,2458166.882269,2458272.703889,0,74.84235177135827,95.89389419102216,21.35212261146765,0.8473567791115018,60013.28914349992,False
380,788,12,1,ZTF_g,2266217544515,0,2.0191,148.553,5.55905,26.332,1.81582e-05,0.0298037,-0.0753663,2.54533e-05,323,30.0,0.091757,0.082554,20.7452,26.332,1,2460020.7175463,788120145,1,35.0576492857413,22.3192010185047,1.74726569179785,2.00363871354471,7.98425714942104,39.8243239374613,0.201837238802058,1.06856962055199,0.559311090529057,18.9760000228882,0.0670000016689301,4.8600001335144,0.347000002861023,2458166.882269,2458272.703889,0,24.240182586974587,34.33854816607796,22.49254517689743,0.7664146459365064,60020.21754630003,False
381,788,12,1,ZTF_g,2266494214515,0,2.5929,132.206,6.26456,26.2281,2.19786e-05,0.0330002,-0.0459205,3.24561e-05,313,30.0,0.109782,0.092923,20.2284,26.2281,2,2460020.994213,788120145,1,55.0138095541629,38.1471214509994,1.60422303745734,1.12008998384444,41.338218197033,60.9763871967678,0.682504087044151,1.10168072064416,0.559311090529057,18.9760000228882,0.0670000016689301,4.8600001335144,0.347000002861023,2458166.882269,2458272.703889,0,41.4303893931088,54.29470843449956,21.89120623678664,0.8284596245389676,60020.49421299994,False
383,788,12,1,ZTF_g,2275393324515,0,2.663,144.649,6.83482,26.283,2.89806e-05,0.0375178,-0.0481764,4.3794e-05,304,30.0,0.111572,0.0974,20.1482,26.283,2,2460029.8933218,788120145,1,55.6753630299467,36.4836560861172,1.69753800206434,1.1654859595022,82.4779708281306,55.9770321691811,1.48334882163931,1.12227417621974,0.559311090529057,18.9760000228882,0.0670000016689301,4.8600001335144,0.347000002861023,2458166.882269,2458272.703889,0,39.62375195396296,54.95626191028336,21.932957038440584,0.7827953721933882,60029.393321800046,False
384,788,12,1,ZTF_g,2277218364515,0,2.0969,151.56,7.58483,26.3469,2.42465e-05,0.0347262,-0.0547095,3.43492e-05,326,30.0,0.101419,0.101493,20.3926,26.3469,2,2460031.7183681,788120145,1,38.2060056412102,34.2014112099951,1.2426316483787,1.28452144522821,138.935913290292,58.7485055330088,2.38085468542477,1.0918461385986,0.559311090529057,18.9760000228882,0.0670000016689301,4.8600001335144,0.347000002861023,2458166.882269,2458272.703889,0,37.14507753996759,37.486904521546855,22.412201049833982,1.0757999680118349,60031.2183681,False
387,788,12,1,ZTF_g,2277278394515,0,2.7426,128.491,8.02694,26.1437,2.5592e-05,0.0350633,-0.0363761,3.97079e-05,302,30.0,0.097654,0.093606,20.107,26.1437,2,2460031.7783912,788120145,1,66.8002410031169,36.6076738491284,2.02983481415844,1.26378002157746,114.83568910832,62.7318316487243,1.8429099078263,1.08887909191146,0.559311090529057,18.9760000228882,0.0670000016689301,4.8600001335144,0.347000002861023,2458166.882269,2458272.703889,0,39.75844374767579,66.08113988345355,21.593506185374444,0.6532233319973365,60031.27839120012,False
389,788,12,1,ZTF_g,2278166664515,0,2.1728,146.004,9.082,26.2867,2.28837e-05,0.0330003,-0.0394392,3.51381e-05,298,30.0,0.095333,0.09016,20.1481,26.2867,2,2460032.6666667,788120145,1,19.0652840947507,41.4599697086985,0.511527635686173,1.09320989471918,-15.8868390532118,73.3568233373724,-0.21802795023888,1.08159699335636,0.559311090529057,18.9760000228882,0.0670000016689301,4.8600001335144,0.347000002861023,2458166.882269,2458272.703889,0,45.02836974119507,18.34618297508736,23.127835698460665,2.6647123870071785,60032.16666670004,False
396,788,12,1,ZTF_g,2282327334515,0,2.738,147.147,13.3966,26.3313,3.65196e-05,0.0381418,-0.0554768,6.67899e-05,234,30.0,0.106762,0.093502,19.4945,26.3313,1,2460036.827338,788120145,1,47.1961360128804,72.5016213946811,0.724124974275954,0.91737038476099,169.709333881977,114.89326670765,1.48705264377784,1.10192195748793,0.559311090529057,18.9760000228882,0.0670000016689301,4.8600001335144,0.347000002861023,2458166.882269,2458272.703889,0,78.74173179414804,46.47703489321706,22.163203966313567,1.8394008655096687,60036.32733799983,False
397,788,12,1,ZTF_g,2289303024515,0,2.1364,116.523,11.2158,26.1051,3.60878e-05,0.0390895,-0.0384033,6.35339e-05,246,30.0,0.106758,0.09218,19.6227,26.1051,1,2460043.8030208,788120145,1,70.1345229232242,56.5980449653612,1.37843159296944,1.05698074964712,63.1315013848288,97.5259536541484,0.651690071181553,1.08170197363846,0.559311090529057,18.9760000228882,0.0670000016689301,4.8600001335144,0.347000002861023,2458166.882269,2458272.703889,0,61.469357388227344,69.41542180356085,21.501460082503364,0.9614186528356581,60043.3030208,False
401,788,12,1,ZTF_g,2291323344515,0,1.6589,143.078,6.69162,26.3249,1.96867e-05,0.0314729,-0.0633747,2.83501e-05,324,30.0,0.096964,0.093359,20.5592,26.3249,1,2460045.8233449,788120145,1,32.0450020223771,27.9868858032238,1.27368058468566,1.54479644367618,97.6744455187806,51.7317443796237,1.9008113820297,1.06959311385868,0.559311090529057,18.9760000228882,0.0670000016689301,4.8600001335144,0.347000002861023,2458166.882269,2458272.703889,0,30.39567685906359,31.32590090271375,22.585141075658857,1.053460089412034,60045.32334489981,False
403,788,12,1,ZTF_g,2297219884515,0,1.8804,145.705,4.9807,26.339,1.87121e-05,0.0306102,-0.0578467,2.61721e-05,328,30.0,0.096484,0.082278,20.8438,26.339,1,2460051.7198843,788120145,1,1.64256008409087,25.0252215343472,0.0730126539832282,1.66413197531308,16.4514637657765,44.8596462081092,0.369201871185925,1.07574920864082,0.559311090529057,18.9760000228882,0.0670000016689301,4.8600001335144,0.347000002861023,2458166.882269,2458272.703889,0,27.17910640121585,0.9234589644275252,26.425455996143125,31.954160343327224,60051.21988430014,False
412,788,12,1,ZTF_g,2303217694515,0,1.7138,142.909,6.09496,26.3265,1.90418e-05,0.0308561,-0.0669047,2.6986e-05,324,30.0,0.093907,0.083652,20.664,26.3265,1,2460057.7176968,788120145,1,19.0327808700732,26.5085331012092,0.798677321267639,1.89631208179253,91.9864559214671,49.4822245983184,1.87150013456908,1.06433980979912,0.559311090529057,18.9760000228882,0.0670000016689301,4.8600001335144,0.347000002861023,2458166.882269,2458272.703889,0,28.79008446375024,18.31367975040985,23.169560961373676,1.7067784917225122,60057.2176967999,False
415,788,12,1,ZTF_g,2305322224515,0,2.3928,131.957,5.10433,26.2294,1.86655e-05,0.0307187,-0.0581196,2.65453e-05,327,30.0,0.106746,0.092376,20.4985,26.2294,1,2460059.8222222,788120145,1,20.5739075803248,28.3851941206756,0.806268545206338,1.25135007554802,55.6964183446144,47.0736615524157,1.19114458228874,1.08635403805773,0.559311090529057,18.9760000228882,0.0670000016689301,4.8600001335144,0.347000002861023,2458166.882269,2458272.703889,0,30.82826700119893,19.85480646066145,22.98473585491455,1.6857504780777723,60059.32222220022,False
416,788,12,1,ZTF_g,2307174984515,0,1.9667,138.594,7.96424,26.2698,2.18338e-05,0.0329978,-0.0308617,3.17213e-05,317,30.0,0.102296,0.092995,20.2939,26.2698,1,2460061.6749884,788120145,1,62.5307315302405,36.7363941181702,1.89344103442699,1.12297706784429,169.099940010961,66.6668981134127,2.55357370229641,1.07770046295308,0.559311090529057,18.9760000228882,0.0670000016689301,4.8600001335144,0.347000002861023,2458166.882269,2458272.703889,0,39.89824278535777,61.81163041057716,21.792124502087486,0.7007988934174834,60061.17498840019,False
418,788,12,1,ZTF_g,2309172824515,0,1.8762,140.666,9.67051,26.3035,2.26229e-05,0.0329176,-0.055895,3.46082e-05,303,30.0,0.100033,0.085287,20.1218,26.3035,1,2460063.6728241,788120145,1,12.9773313175478,39.7115670385492,0.363515696859256,1.53230296299985,-1.35547547262671,74.9902883017116,-0.0181970853669976,1.06090064833232,0.559311090529057,18.9760000228882,0.0670000016689301,4.8600001335144,0.347000002861023,2458166.882269,2458272.703889,0,43.12948456493653,12.258230197884457,23.582430568176804,3.819938166949487,60063.172824100126,False
33,788,12,1,ZTF_i,1936371114515,0,2.3606,317.194,8.48286,25.6575,4.7759e-06,0.0242068,0.189988,1.50476e-05,328,30.0,0.10722,0.082993,19.3847,25.6575,2,2459690.8711111,788120345,1,47.8755654971152,44.1003424287269,1.20761015446512,1.05072443523948,60.151757729219,75.0151652060536,0.807261879808062,1.06623158573782,0.555405588655895,17.4110004043579,0.0599999986588955,4.40100002288818,0.29899999499321,2458223.733542,2458557.846713,0,46.17801745460847,58.3139606192523,21.243068651949358,0.8597507872568725,59690.371111100074,False
95,788,12,1,ZTF_i,1986286974515,0,1.8614,265.155,14.1529,25.4858,1.40833e-05,0.041028,0.183178,4.33892e-05,322,30.0,0.115997,0.089351,18.828,25.4858,2,2459740.7869792,788120345,1,84.0550141673483,64.3176048627164,1.45374610295976,1.26140287659884,130.456114920557,122.290985007503,1.07395278852541,1.04047641157454,0.555405588655895,17.4110004043579,0.0599999986588955,4.40100002288818,0.29899999499321,2458223.733542,2458557.846713,0,67.34776458457691,94.4934092894854,20.547296203833348,0.7738049516815497,59740.28697919985,False
157,788,12,1,ZTF_i,2129472234515,0,2.8982,329.871,7.31594,25.7045,6.5462e-06,0.028191,0.190144,2.11554e-05,325,30.0,0.124976,0.094935,19.4131,25.7045,2,2459883.9722338,788120345,1,288.712475645527,45.9303105713701,6.99231475816191,1.03076161488069,288.615072204455,69.6201619408769,4.17348801296876,1.08488390632711,0.555405588655895,17.4110004043579,0.0599999986588955,4.40100002288818,0.29899999499321,2458223.733542,2458557.846713,0,48.09419987357556,299.15087076766406,19.5147743216918,0.17454695240815302,59883.47223380022,True
175,788,12,1,ZTF_i,2143527224515,0,2.6314,342.516,8.23158,25.7264,4.6397e-06,0.0236947,0.193554,1.51037e-05,328,30.0,0.1111,0.091425,19.3747,25.7264,2,2459898.0272222,788120345,1,121.965395249381,45.9723448236846,2.95117370778437,1.11851543596497,201.546849983657,73.3042087072816,2.76797585285333,1.07527122881413,0.555405588655895,17.4110004043579,0.0599999986588955,4.40100002288818,0.29899999499321,2458223.733542,2458557.846713,0,48.138214462355855,132.4037903715181,20.42164895503022,0.39472932984116743,59897.52722219983,False
199,788,12,1,ZTF_i,2159388984515,0,2.9367,337.53,8.01104,25.7157,7.713e-06,0.0304947,0.182419,2.45294e-05,323,30.0,0.119232,0.11539,19.3622,25.7157,2,2459913.8889815,788120345,1,122.15540221141,44.6544947896092,3.04300242800631,1.03920504270628,177.02343806206,66.9555204067056,2.66170287408575,1.08897232112175,0.555405588655895,17.4110004043579,0.0599999986588955,4.40100002288818,0.29899999499321,2458223.733542,2458557.846713,0,46.758277288978064,132.59379733354712,20.4093919787953,0.38286452815692523,59913.388981500175,True
321,788,12,1,ZTF_i,2218411804515,0,2.8902,354.0,5.97175,25.7506,3.8192e-06,0.0216544,0.190589,1.21127e-05,330,30.0,0.108214,0.097967,19.6644,25.7506,2,2459972.9118056,788120345,1,-4.33295695797592,36.092128117137,-0.133544708881972,1.04113641561377,-32.098086193664,55.4965819696051,-0.58227493485341,1.08191090494599,0.555405588655895,17.4110004043579,0.0599999986588955,4.40100002288818,0.29899999499321,2458223.733542,2458557.846713,0,37.792516574235385,6.105438164161178,23.78630790732849,6.720457097657728,59972.41180559993,False
7,788,12,1,ZTF_r,1922371384515,0,3.9045,238.868,7.35385,26.1844,3.18546e-05,0.0394278,0.138416,4.46481e-05,323,30.0,0.125298,0.102132,19.6273,26.1844,1,2459676.8713889,788120245,1,50.2012246390562,54.6234303369773,1.02232773388821,0.895986148365785,115.992264243961,70.4012178286263,1.65868549463879,1.18356052753402,0.551987440985924,17.8479999542236,0.0610000006854534,4.52099990844727,0.305999994277954,2458182.832801,2458224.749641,0,64.526809876435,9.4554547628696,23.74519394699042,7.409136761771596,59676.371388900094,False
19,788,12,1,ZTF_r,1931238514515,0,1.811,264.959,13.3161,26.3251,2.39425e-05,0.0343266,0.116149,3.37329e-05,327,30.0,0.088443,0.079067,19.8037,26.3251,1,2459685.7385185,788120245,1,109.621412755945,57.1233502856961,2.13469840199355,1.27423656995504,-11.8394088151908,107.800422681884,-0.110566801300153,1.0508016257866,0.551987440985924,17.8479999542236,0.0610000006854534,4.52099990844727,0.305999994277954,2458182.832801,2458224.749641,0,67.47997225093502,68.8756428797584,21.729935836127943,1.063699775561313,59685.23851849977,False
28,788,12,1,ZTF_r,1934343884515,0,2.532,250.229,13.1288,26.1962,2.81043e-05,0.0373614,0.119777,3.95381e-05,325,30.0,0.098323,0.083835,19.428,26.1962,1,2459688.8438889,788120245,1,104.102305425097,73.5005449816768,1.57552242580444,0.962889235032298,55.4468878097353,120.328185867348,0.463900667885103,1.0751752761982,0.551987440985924,17.8479999542236,0.0610000006854534,4.52099990844727,0.305999994277954,2458182.832801,2458224.749641,0,86.82639780380858,63.3565355489104,21.6917214469621,1.48788786001125,59688.34388889978,False
39,788,12,1,ZTF_r,1942262044515,0,2.2533,217.187,6.53291,26.0925,3.32618e-05,0.0408379,0.127754,4.67566e-05,330,30.0,0.096236,0.077369,20.1737,26.0925,1,2459696.7620486,788120245,1,107.127372391386,31.380765191821,3.7974470289239,1.5317647950882,123.883861226101,54.3764244941691,2.2936084400415,1.05838885305964,0.551987440985924,17.8479999542236,0.0610000006854534,4.52099990844727,0.305999994277954,2458182.832801,2458224.749641,0,37.0701850253247,66.3816025151994,21.5373806687946,0.6062990099219079,59696.262048599776,True
56,788,12,1,ZTF_r,1955193484515,0,1.9883,263.109,9.30857,26.3146,1.78934e-05,0.0298194,0.120795,2.51601e-05,327,30.0,0.088865,0.076401,20.0805,26.3146,1,2459709.6934838,788120245,1,58.2395559346838,44.584344615174,1.45308315785188,1.29789789827445,135.183396312124,80.8979008419106,1.68229166452666,1.05806456658513,0.551987440985924,17.8479999542236,0.0610000006854534,4.52099990844727,0.305999994277954,2458182.832801,2458224.749641,0,52.66761004757485,17.4937860584972,23.20739047253368,3.268659170601756,59709.19348380016,False
65,788,12,1,ZTF_r,1959229604515,0,2.0047,255.162,12.87,26.2682,2.66869e-05,0.0362383,0.124439,3.74771e-05,327,30.0,0.093866,0.089527,19.6693,26.2682,1,2459713.7296065,788120245,1,134.657889757583,58.1134951315598,2.5775649011738,1.15272467730561,298.966324157906,104.775543796191,2.8726157712679,1.05657914412604,0.551987440985924,17.8479999542236,0.0610000006854534,4.52099990844727,0.305999994277954,2458182.832801,2458224.749641,0,68.64963310571895,93.9121198813964,21.33639588999636,0.7936452372389021,59713.229606499895,False
85,788,12,1,ZTF_r,1977288724515,0,2.4751,247.759,8.09589,26.229,2.18071e-05,0.0329148,0.134536,3.08997e-05,324,30.0,0.105826,0.092367,19.9506,26.229,1,2459731.7887269,788120245,1,71.3609007172523,45.1027469857693,1.75999782349838,1.16669452142627,32.1850946739973,73.6163173769134,0.440145123974303,1.0735010092727,0.551987440985924,17.8479999542236,0.0610000006854534,4.52099990844727,0.305999994277954,2458182.832801,2458224.749641,0,53.28000020689906,30.615130841065707,22.514159700408,1.8894610160227787,59731.28872689977,False
87,788,12,1,ZTF_r,1982200944515,0,1.7732,264.092,7.96419,26.3194,2.27655e-05,0.0339044,0.12432,3.22696e-05,329,30.0,0.086806,0.075677,20.3662,26.3194,1,2459736.7009491,788120245,1,85.3450658124576,35.0746510273086,2.70669836114216,1.95254713669333,288.904301244363,65.9836877314514,4.40790895954565,1.0538417740251,0.551987440985924,17.8479999542236,0.0610000006854534,4.52099990844727,0.305999994277954,2458182.832801,2458224.749641,0,41.43378261598004,44.599295936271005,22.19607999298455,1.0086405366230262,59736.200949099846,False
90,788,12,1,ZTF_r,1984242024515,0,2.2557,242.938,9.88405,26.2108,2.10999e-05,0.0326736,0.131894,2.99394e-05,327,30.0,0.103115,0.084359,19.8869,26.2108,1,2459738.7420255,788120245,1,73.020120280017,48.7910206633769,1.6647822694734,1.29299777450194,98.5279246991761,84.3832348779241,1.17548842592156,1.06876695724657,0.551987440985924,17.8479999542236,0.0610000006854534,4.52099990844727,0.305999994277954,2458182.832801,2458224.749641,0,57.63696813987298,32.2743504038304,22.43865622539367,1.9388912720620823,59738.24202550016,False
126,788,12,1,ZTF_r,2033173994515,0,2.0601,208.778,11.9862,26.0592,2.57774e-05,0.0360841,0.126613,3.62228e-05,328,30.0,0.117703,0.094661,19.5185,26.0592,2,2459787.6739931,788120245,1,143.800328878776,55.5012507947547,2.88211900860031,1.1646152408885,61.2593220573884,98.3348291331816,0.627162396677051,1.05520321066593,0.551987440985924,17.8479999542236,0.0610000006854534,4.52099990844727,0.305999994277954,2458182.832801,2458224.749641,0,65.56378161979148,103.0545590025894,21.026531977060984,0.6907273039984485,59787.17399309995,False
127,788,12,1,ZTF_r,2033174934515,0,2.146,208.5,11.8437,26.0267,2.99388e-05,0.0388023,0.13813,4.20377e-05,327,30.0,0.109623,0.093263,19.4517,26.0267,2,2459787.6749306,788120245,1,46.0983189435411,57.9433384955092,0.884985948791726,1.15489668929512,171.330546285449,101.891293362921,1.69282832398452,1.05557245107839,0.551987440985924,17.8479999542236,0.0610000006854534,4.52099990844727,0.305999994277954,2458182.832801,2458224.749641,0,68.44862659924515,5.352549067354502,24.205298356985434,13.88397807542762,59787.174930599984,False
131,788,12,1,ZTF_r,2034173394515,0,2.2946,196.787,12.2094,25.9925,3.42206e-05,0.0409874,0.125865,4.7857e-05,323,30.0,0.116772,0.088733,19.3281,25.9925,2,2459788.6733912,788120245,1,40.759797418541,68.737134715972,0.65962239669053,0.969751285005428,10.3244869179,116.189208344677,0.0894577308804481,1.06185262896725,0.551987440985924,17.8479999542236,0.0610000006854534,4.52099990844727,0.305999994277954,2458182.832801,2458224.749641,0,81.199368035037,0.0140275423543982,30.62504602831253,6284.647135497583,59788.17339120014,False
136,788,12,1,ZTF_r,2035176344515,0,1.6184,211.386,11.359,26.0492,3.21937e-05,0.0398164,0.129558,4.5192e-05,326,30.0,0.103533,0.086872,19.7841,26.0492,2,2459789.6763426,788120245,1,80.8775945883356,43.6856050662856,2.05941879558958,1.57962440059924,126.368210441827,85.2794023900703,1.49179407974544,1.04456842191176,0.551987440985924,17.8479999542236,0.0610000006854534,4.52099990844727,0.305999994277954,2458182.832801,2458224.749641,0,51.60592652382339,40.131824712149,22.04047773333415,1.3961128064519253,59789.176342600025,False
147,788,12,1,ZTF_r,2116491114515,0,2.6944,249.417,9.24373,26.2317,2.68154e-05,0.0368215,0.131797,3.81228e-05,324,30.0,0.116636,0.102075,19.7619,26.2317,1,2459870.9911111,788120245,1,702.077435945759,50.9528658183762,15.3274956260342,1.35662009307581,637.771868675264,78.444242006994,8.18501501802634,1.07850225207352,0.551987440985924,17.8479999542236,0.0610000006854534,4.52099990844727,0.305999994277954,2458182.832801,2458224.749641,0,60.19076182215112,661.3316660695724,19.180651704467834,0.09881442771172962,59870.491111100186,True
160,788,12,1,ZTF_r,2134471494515,0,1.8167,154.167,10.2949,25.7047,2.67856e-05,0.0366273,0.13071,3.77086e-05,325,30.0,0.096401,0.092567,19.4835,25.7047,1,2459888.9714931,788120245,1,424.760951536268,48.919740051149,9.6586236824333,1.35615771862514,446.624287623721,89.5083722314602,5.02335498554981,1.05915262628263,0.551987440985924,17.8479999542236,0.0610000006854534,4.52099990844727,0.305999994277954,2458182.832801,2458224.749641,0,57.78902470993718,384.0151816600814,19.243829014726565,0.16338297839254626,59888.471493099816,True
168,788,12,1,ZTF_r,2139489674515,0,3.3827,258.46,11.6657,26.2598,4.18382e-05,0.0450964,0.154572,5.85056e-05,321,30.0,0.135215,0.112845,19.352,26.2598,1,2459893.9896759,788120245,1,480.72579512009,69.8027067238998,7.66090300994542,1.12065451871706,474.242649191583,96.4764876655774,4.94873634262439,1.13283710545142,0.551987440985924,17.8479999542236,0.0610000006854534,4.52099990844727,0.305999994277954,2458182.832801,2458224.749641,0,82.45813120573195,439.9800252439034,19.651217599257624,0.20347467592519686,59893.48967589997,True
171,788,12,1,ZTF_r,2143430434515,0,2.3566,266.107,12.7247,26.2491,2.3461e-05,0.0341957,0.129915,3.2948e-05,326,30.0,0.102773,0.088016,19.5901,26.2491,1,2459897.9304398,788120245,1,394.846164009634,55.2197116229962,7.95405500506762,1.40608858106056,498.633731479554,91.4604117498503,5.48862670466533,1.07075683028667,0.551987440985924,17.8479999542236,0.0610000006854534,4.52099990844727,0.305999994277954,2458182.832801,2458224.749641,0,65.23119861471918,354.10039413344737,19.87628397461922,0.20000404831323235,59897.430439800024,True
185,788,12,1,ZTF_r,2149496154515,0,2.8813,262.646,7.55134,26.2971,1.76967e-05,0.0297301,0.130447,2.48591e-05,329,30.0,0.10002,0.093269,20.1942,26.2971,1,2459903.9961574,788120245,1,433.427971961936,40.4313380932736,11.9248691456315,1.39358370527917,525.046050026552,65.7282208532442,8.04193782396999,1.08567539529513,0.551987440985924,17.8479999542236,0.0610000006854534,4.52099990844727,0.305999994277954,2458182.832801,2458224.749641,0,47.76165191566946,392.6822020857494,19.811996955578174,0.13205290489208085,59903.496157399844,True
206,788,12,1,ZTF_r,2168453174515,0,2.1221,262.647,12.3938,26.3085,2.1251e-05,0.0323542,0.129137,3.00521e-05,326,30.0,0.091954,0.091255,19.775,26.3085,1,2459922.9531713,788120245,1,209.544681826621,59.3426484094453,3.92793705450347,1.51253195147729,345.762885707369,102.932382696164,3.3817503250026,1.078624593835,0.551987440985924,17.8479999542236,0.0610000006854534,4.52099990844727,0.305999994277954,2458182.832801,2458224.749641,0,70.10163528467078,168.7989119504344,20.740075892727408,0.4508876541272706,59922.45317129977,True
209,788,12,1,ZTF_r,2169366004515,0,2.1678,255.643,13.7284,26.2814,2.35088e-05,0.0340858,0.123267,3.31133e-05,324,30.0,0.102942,0.087123,19.5887,26.2814,2,2459923.8660069,788120245,1,145.045305254125,62.7027721858424,2.57318929144222,1.42478523284626,369.007214964395,109.750497322876,3.38488215406515,1.06462758660669,0.551987440985924,17.8479999542236,0.0610000006854534,4.52099990844727,0.305999994277954,2458182.832801,2458224.749641,0,74.07095882849241,104.2995353779384,21.235694065540745,0.7710373752739127,59923.36600690009,False
214,788,12,1,ZTF_r,2169453244515,0,2.0773,263.905,12.0927,26.3154,2.11724e-05,0.0326121,0.13057,2.98618e-05,329,30.0,0.088617,0.085003,19.7717,26.3154,2,2459923.9532407,788120245,1,167.236695211098,59.7989704207633,3.11094742247803,1.22690785107094,192.063902349138,103.959493929349,1.85993079105641,1.06966037276492,0.551987440985924,17.8479999542236,0.0610000006854534,4.52099990844727,0.305999994277954,2458182.832801,2458224.749641,0,70.640689743263,126.4909253349114,21.06025157591091,0.6063248936727715,59923.453240700066,True
219,788,12,1,ZTF_r,2174509304515,0,1.8719,255.752,10.9696,26.2283,1.94867e-05,0.0310204,0.123994,2.74135e-05,327,30.0,0.093442,0.088101,20.0232,26.2283,1,2459929.0093056,788120245,1,146.776086281603,41.4005172420716,3.94370423923894,2.00394072946476,183.74490493943,74.7039502320905,2.47620690567552,1.06390795108362,0.551987440985924,17.8479999542236,0.0610000006854534,4.52099990844727,0.305999994277954,2458182.832801,2458224.749641,0,48.90654593431477,106.0303164054164,21.164724856528082,0.5007797648915921,59928.50930560008,True
220,788,12,1,ZTF_r,2174510254515,0,1.7685,259.324,10.9081,26.2327,2.26603e-05,0.0336087,0.117734,3.19393e-05,327,30.0,0.091404,0.089281,20.0275,26.2327,2,2459929.0102546,788120245,1,291.233878014166,39.3663715668095,8.22945940023907,1.93552589953567,457.8673341916,71.139292105307,6.47955698446356,1.06156667714051,0.551987440985924,17.8479999542236,0.0610000006854534,4.52099990844727,0.305999994277954,2458182.832801,2458224.749641,0,46.50360400190822,250.4881081379794,20.23573221833063,0.2015623146351535,59928.510254600085,True
230,788,12,1,ZTF_r,2177517284515,0,2.1854,193.834,9.03368,25.9226,3.3622e-05,0.0405013,0.124546,4.67835e-05,325,30.0,0.095703,0.10719,19.8195,25.9226,1,2459932.0172801,788120245,1,144.355080649944,43.0908519207107,3.72650573960146,1.13517017699659,260.272156108948,77.1845750387355,3.39478586134054,1.0743825382222,0.551987440985924,17.8479999542236,0.0610000006854534,4.52099990844727,0.305999994277954,2458182.832801,2458224.749641,0,50.90334298208739,103.6093107737574,20.88410303821511,0.5334053384095112,59931.51728009991,True
239,788,12,1,ZTF_r,2179391334515,0,1.7927,206.467,8.2489,26.0232,2.09483e-05,0.0322176,0.131948,2.9495e-05,325,30.0,0.090159,0.081595,20.0427,26.0232,2,2459933.891331,788120245,1,108.041918024296,35.4590044765879,3.38938222898857,1.9008242992481,81.5794044264749,65.4981491014428,1.25391095070107,1.06162109265671,0.551987440985924,17.8479999542236,0.0610000006854534,4.52099990844727,0.305999994277954,2458182.832801,2458224.749641,0,41.88782041247135,67.2961481481094,21.453224482303902,0.6757832041401584,59933.39133099979,True
249,788,12,1,ZTF_r,2180428484515,0,3.3219,263.134,6.805,26.2974,2.17068e-05,0.0328164,0.1289,3.05983e-05,329,30.0,0.104977,0.091255,20.0036,26.2974,2,2459934.9284838,788120245,1,155.235014061803,45.4895292051979,3.79605979122198,1.06174187871953,160.994836962938,65.1689773425315,2.4870598413845,1.12224188429312,0.551987440985924,17.8479999542236,0.0610000006854534,4.52099990844727,0.305999994277954,2458182.832801,2458224.749641,0,53.73690711630932,114.4892441856164,21.15048827916718,0.5095863849148087,59934.42848380003,True
272,788,12,1,ZTF_r,2197285554515,0,3.6138,257.904,17.5458,26.2668,6.26917e-05,0.0475005,0.132336,9.04629e-05,242,30.0,0.147646,0.122956,18.8682,26.2668,2,2459951.7855556,788120245,1,65.2381231985015,128.220588695758,0.56597662247753,0.961882038657746,-118.865377647379,172.521496923455,-0.693629170501787,1.16149767943224,0.551987440985924,17.8479999542236,0.0610000006854534,4.52099990844727,0.305999994277954,2458182.832801,2458224.749641,0,151.46733733078813,24.492353322314894,22.7942237103412,6.714262446565664,59951.28555560019,False
281,788,12,1,ZTF_r,2203262994515,0,2.9476,244.371,8.89471,26.2121,2.64035e-05,0.0362886,0.121065,3.73119e-05,325,30.0,0.106147,0.093604,19.7021,26.2121,2,2459957.7629977,788120245,1,101.183675423575,53.3567073601018,2.10948397447619,0.986528197633908,95.9702906029627,80.0572654783097,1.20684431893308,1.08859690905014,0.551987440985924,17.8479999542236,0.0610000006854534,4.52099990844727,0.305999994277954,2458182.832801,2458224.749641,0,63.0304265077833,60.4379055473884,21.758826485955492,1.1322717661988433,59957.2629976999,False
303,788,12,1,ZTF_r,2214236964515,0,3.2694,267.07,9.14484,26.261,2.69529e-05,0.0366754,0.132755,3.81751e-05,324,30.0,0.112933,0.104004,19.7084,26.261,2,2459968.7369676,788120245,1,182.703148934473,48.9055860296588,4.1556825657574,1.18900956001274,222.853266721497,70.5051392409053,3.18209706001891,1.10821052525337,0.551987440985924,17.8479999542236,0.0610000006854534,4.52099990844727,0.305999994277954,2458182.832801,2458224.749641,0,57.772304525063205,141.9573790582864,20.880605068940714,0.4418466404420406,59968.23696759995,True
305,788,12,1,ZTF_r,2214388494515,0,3.2649,280.421,7.80724,26.3266,1.92827e-05,0.0307963,0.137305,2.71702e-05,325,30.0,0.105843,0.100366,20.1437,26.3266,2,2459968.8884954,788120245,1,48.867659134646,39.7319027671491,1.36816026434521,1.50438138986546,93.2155852305308,63.0694896997516,1.4879365285332,1.1024496710998,0.551987440985924,17.8479999542236,0.0610000006854534,4.52099990844727,0.305999994277954,2458182.832801,2458224.749641,0,46.935407023481766,8.121889258459397,24.05245734097111,6.274127827133178,59968.38849540008,False
306,788,12,1,ZTF_r,2214391564515,0,2.9608,278.86,7.99486,26.3134,1.99966e-05,0.031257,0.130245,2.81386e-05,323,30.0,0.110316,0.09679,19.9533,26.3134,1,2459968.8915625,788120245,1,119.127366211923,49.6681316943052,2.66801653745862,1.12998395348343,151.644814991529,74.1866664460354,2.05786509704435,1.11675867983725,0.551987440985924,17.8479999542236,0.0610000006854534,4.52099990844727,0.305999994277954,2458182.832801,2458224.749641,0,58.67310183532347,78.3815963357364,21.577864739592425,0.8127084627079408,59968.39156250004,False
315,788,12,1,ZTF_r,2217329244515,0,2.96,274.533,7.28198,26.3051,1.94239e-05,0.0310744,0.135139,2.72882e-05,328,30.0,0.100851,0.094072,20.0954,26.3051,2,2459971.8292477,788120245,1,78.3365390872927,42.1766360070848,2.06608052461805,1.18299123883071,129.569343638431,66.1810100952472,1.97098836108523,1.08994200811578,0.551987440985924,17.8479999542236,0.0610000006854534,4.52099990844727,0.305999994277954,2458182.832801,2458224.749641,0,49.82337718571346,37.59076921110611,22.36739696832249,1.4390032911204005,59971.32924770005,False
318,788,12,1,ZTF_r,2217407704515,0,3.2707,278.183,7.20073,26.3147,2.08994e-05,0.032246,0.126853,2.93869e-05,328,30.0,0.118971,0.10809,19.9889,26.3147,1,2459971.9077083,788120245,1,54.295996434944,44.3661910012096,1.36135209555718,1.24020869036107,89.3206560670276,65.2493875305065,1.37813149253934,1.10412445760074,0.551987440985924,17.8479999542236,0.0610000006854534,4.52099990844727,0.305999994277954,2458182.832801,2458224.749641,0,52.4099045778653,13.550226558757402,23.484833608395412,4.199297565501842,59971.40770829981,False
324,788,12,1,ZTF_r,2218519024515,0,2.7548,277.293,7.142,26.3105,1.74257e-05,0.0294534,0.128435,2.44686e-05,328,30.0,0.110203,0.099946,20.0891,26.3105,2,2459973.0190278,788120245,1,116.278358802156,42.1054444982259,3.07195916193568,1.27614097496777,179.455680182903,65.110973024442,2.77471394024601,1.0982858834391,0.551987440985924,17.8479999542236,0.0610000006854534,4.52099990844727,0.305999994277954,2458182.832801,2458224.749641,0,49.73927845869072,75.5325889259694,21.615164073342697,0.7149488107117393,59972.51902779983,True
325,788,12,1,ZTF_r,2223307154515,0,3.4902,270.456,12.9678,26.2843,4.15016e-05,0.0451858,0.117095,5.84522e-05,324,30.0,0.120535,0.103291,19.2976,26.2843,1,2459977.8071528,788120245,1,95.7751477400233,75.9019438185387,1.40363676017641,0.969652161829661,163.409385721114,105.153227844477,1.56447843502248,1.13891221296171,0.551987440985924,17.8479999542236,0.0610000006854534,4.52099990844727,0.305999994277954,2458182.832801,2458224.749641,0,89.663176915405,55.0293778638367,21.93281349272361,1.769006210063449,59977.307152799796,False
329,788,12,1,ZTF_r,2225219084515,0,2.0362,247.355,17.8901,26.204,2.67175e-05,0.0363582,0.118964,3.7603e-05,325,30.0,0.107871,0.098612,19.2289,26.204,2,2459979.7190856,788120245,1,148.292729447029,85.5383492256502,1.92847403183322,1.13234134695842,232.703226381577,147.830263547903,1.58472622842821,1.07458498673863,0.551987440985924,17.8479999542236,0.0610000006854534,4.52099990844727,0.305999994277954,2458182.832801,2458224.749641,0,101.0466893707918,107.5469595708424,21.125004657293353,1.020078959811075,59979.21908560023,False
333,788,12,1,ZTF_r,2225405874515,0,1.6813,265.088,15.349,26.3289,5.0118e-05,0.0495113,0.135816,7.00119e-05,322,30.0,0.096103,0.110249,19.6519,26.3289,1,2459979.9058796,788120245,1,197.915399999028,69.9592322805688,3.14694646259909,1.71234782277036,145.67395197445,125.448753273838,1.1690436978852,1.0734728656314,0.551987440985924,17.8479999542236,0.0610000006854534,4.52099990844727,0.305999994277954,2458182.832801,2458224.749641,0,82.64303528029619,157.1696301228414,20.837978422209154,0.5708834673320123,59979.40587959997,True
345,788,12,1,ZTF_r,2230464714515,0,2.8036,269.373,10.8724,26.2999,2.58783e-05,0.035559,0.134175,3.61428e-05,326,30.0,0.113008,0.088477,19.6213,26.2999,2,2459984.9647106,788120245,1,162.058506387187,61.3133148126147,2.94016590288331,1.02179880053525,153.278980628392,95.0254367379151,1.62389491360524,1.08548103228197,0.551987440985924,17.8479999542236,0.0610000006854534,4.52099990844727,0.305999994277954,2458182.832801,2458224.749641,0,72.42958897675351,121.3127365110004,21.09013400141832,0.6482155708764402,59984.46471060021,False
346,788,12,1,ZTF_r,2231175564515,0,3.545,263.122,8.83033,26.2532,3.28339e-05,0.0404841,0.126896,4.63972e-05,328,30.0,0.12111,0.108115,19.6135,26.2532,2,2459985.6755671,788120245,1,130.843221082415,59.3576226304694,2.45205117432453,1.02916061049825,167.102770679965,80.1760769898385,2.09823458281774,1.14341451068452,0.551987440985924,17.8479999542236,0.0610000006854534,4.52099990844727,0.305999994277954,2458182.832801,2458224.749641,0,70.1193243735308,90.0974512062284,21.366418736834458,0.8449578700965479,59985.175567099825,False
351,788,12,1,ZTF_r,2231395394515,0,3.301,281.517,10.1108,26.3184,2.76757e-05,0.0372334,0.133726,3.89649e-05,328,30.0,0.113099,0.112791,19.6357,26.3184,1,2459985.8953935,788120245,1,43.6519712396192,59.0547470319373,0.822249935316042,1.14935526331316,36.7152044611661,85.0762390797164,0.434463063664393,1.11236106964197,0.551987440985924,17.8479999542236,0.0610000006854534,4.52099990844727,0.305999994277954,2458182.832801,2458224.749641,0,69.76153658828689,2.9062013634326007,25.160085744539302,26.061545915883887,59985.395393500105,False
360,788,12,1,ZTF_r,2239319874515,0,3.0022,258.528,8.72711,26.2379,2.98669e-05,0.0383172,0.136549,4.22482e-05,322,30.0,0.112044,0.103385,19.7973,26.2379,2,2459993.8198727,788120245,1,53.714187195049,48.6428951234594,1.22835640332615,1.0917531596767,67.6776588730246,72.0245654063065,0.945975465662394,1.13317500103359,0.551987440985924,17.8479999542236,0.0610000006854534,4.52099990844727,0.305999994277954,2458182.832801,2458224.749641,0,57.461987028413375,12.9684173188624,23.45568255624806,4.810647111579919,59993.31987270014,False
361,788,12,1,ZTF_r,2240235944515,0,2.711,264.855,7.56905,26.2736,1.98104e-05,0.0311628,0.128173,2.78681e-05,323,30.0,0.103676,0.098658,20.0356,26.2736,2,2459994.7359491,788120245,1,58.837997526338,43.4116869860684,1.50766905787829,1.06198779449978,88.6447294655082,67.8123526075868,1.31601033420923,1.09347430014321,0.551987440985924,17.8479999542236,0.0610000006854534,4.52099990844727,0.305999994277954,2458182.832801,2458224.749641,0,51.28234633534285,18.0922276501514,23.129869890671678,3.0774122729887172,59994.235949099995,False
386,788,12,1,ZTF_r,2277269844515,0,2.3912,208.654,11.48,26.0241,2.4205e-05,0.0344169,0.128034,3.4303e-05,321,30.0,0.106795,0.107268,19.4925,26.0241,2,2460031.7698495,788120245,1,71.1893188981736,51.3342402883726,1.54263258176184,1.12660021425448,168.236573917486,82.9864378681671,2.04093176274608,1.09724873197589,0.551987440985924,17.8479999542236,0.0610000006854534,4.52099990844727,0.305999994277954,2458182.832801,2458224.749641,0,60.64128054214671,30.443549021987,22.315361800349898,2.162633477360306,60031.26984950015,False
391,788,12,1,ZTF_r,2278214354515,0,2.7836,229.006,11.2147,26.1544,4.02583e-05,0.0443354,0.11409,5.65578e-05,323,30.0,0.101211,0.109455,19.5739,26.1544,2,2460032.7143519,788120245,1,52.0999616938921,56.7943814923229,1.0204384884431,1.12887275540181,84.2362910355778,91.046896992473,0.931427979464699,1.09588761723489,0.551987440985924,17.8479999542236,0.0610000006854534,4.52099990844727,0.305999994277954,2458182.832801,2458224.749641,0,67.09136050219792,11.354191817705498,23.516509432695187,6.415347852733063,60032.21435189992,False
399,788,12,1,ZTF_r,2289361734515,0,2.0221,265.859,11.2481,26.3205,3.62341e-05,0.0418732,0.128814,5.05955e-05,322,30.0,0.099593,0.097446,19.9553,26.3205,1,2460043.8617361,788120245,1,122.759561572876,46.2021904113372,2.95561297336957,1.34774783617737,90.2403170282131,79.003256173159,1.1499284353071,1.08172765091396,0.551987440985924,17.8479999542236,0.0610000006854534,4.52099990844727,0.305999994277954,2458182.832801,2458224.749641,0,54.57877577726984,82.0137916966894,21.535782772878505,0.7225147823981638,60043.36173610017,False
405,788,12,1,ZTF_r,2299241224515,0,3.303,252.792,7.95557,26.2136,2.53574e-05,0.0354107,0.13557,3.58265e-05,324,30.0,0.11276,0.112436,19.7292,26.2136,1,2460053.7412269,788120245,1,193.405980056529,49.5586788481818,4.34115186639889,1.20215249713281,176.997846808811,69.3865267020748,2.56807691579258,1.14202779028673,0.551987440985924,17.8479999542236,0.0610000006854534,4.52099990844727,0.305999994277954,2458182.832801,2458224.749641,0,58.54380488438741,152.6602101803424,20.754285360059313,0.41635609493719916,60053.2412268999,True
275,1822,2,1,ZTF_g,2197367520515,0,3.2525,570.986,18.662,26.4199,6.0227e-05,0.0423922,-0.113897,0.000113181,162,30.0,0.122279,0.102755,18.9955,26.4199,2,2459951.8675231,1822120105,1,36.536156236574,104.643797963065,0.388386533467485,0.942311980155875,97.4751297940045,154.335286457797,0.635834051004427,1.05229521620115,0.568315535857558,18.9919998168945,0.0560000017285347,3.56699991226196,0.300000011920929,2458205.769931,2459624.785046,0,104.643797963065,36.536156236574,22.51309286064786,3.109570988060595,59951.36752310023,False
280,1822,2,1,ZTF_g,2202532830515,0,2.9848,577.799,10.0462,26.4325,3.997e-05,0.0405612,-0.119333,6.37223e-05,241,30.0,0.109848,0.082242,19.7494,26.4325,2,2459957.0328356,1822120105,1,69.4349041562822,49.1014202711764,1.57303572911965,1.08844320778168,29.2860695332425,77.7638583952827,0.379139017853938,1.03789023212306,0.568315535857558,18.9919998168945,0.0560000017285347,3.56699991226196,0.300000011920929,2458205.769931,2459624.785046,0,49.1014202711764,69.4349041562822,21.828555399086945,0.7677610077552471,59956.532835599966,False
370,1822,2,1,ZTF_g,2259331630515,0,2.349,432.199,14.8541,26.1378,4.26967e-05,0.0395789,-0.0979692,7.77178e-05,197,30.0,0.10813,0.086325,19.2443,26.1378,2,2460013.8316319,1822120105,1,37.941172679458,67.229845624272,0.627774161932262,1.06436025738136,81.492162866559,121.234142200916,0.676715451462068,1.02563362598534,0.568315535857558,18.9919998168945,0.0560000017285347,3.56699991226196,0.300000011920929,2458205.769931,2459624.785046,0,67.229845624272,37.941172679458,22.19002312534565,1.9238056770393641,60013.33163189981,False
420,1822,2,1,ZTF_g,2309220750515,0,2.1444,555.244,9.68102,26.398,2.41092e-05,0.0328465,-0.106738,3.39083e-05,279,30.0,0.10964,0.077225,20.0357,26.398,2,2460063.7207523,1822120105,1,25.6198828147656,43.2982621345277,0.65820545103315,0.966842277739598,47.4429932548455,82.4426098905659,0.579342704063408,1.02588208400574,0.568315535857558,18.9919998168945,0.0560000017285347,3.56699991226196,0.300000011920929,2458205.769931,2459624.785046,0,43.2982621345277,25.6198828147656,22.87655715261973,1.8348609765054782,60063.22075230023,False
279,1822,2,1,ZTF_r,2202499440515,0,2.2705,614.226,9.56494,26.3748,1.3729e-05,0.0247125,0.0913482,1.82104e-05,292,30.0,0.102617,0.07727,19.9806,26.3748,2,2459956.9994444,1822120205,1,64.5500699577004,46.1301719016795,1.55656207698295,1.35608042154428,86.7248232385879,83.2457976910453,1.04880873671052,1.03559878319836,0.449660763777972,17.860000038147,0.0520000010728836,4.66300010681152,0.224999994039536,2458439.889294,2458772.004201,0,46.1301719016795,64.5500699577004,21.850058206800377,0.7758864965827788,59956.49944439996,False
335,1822,2,1,ZTF_r,2226368880515,0,2.3185,612.064,15.2854,26.3832,2.02302e-05,0.0302068,0.0903053,2.69648e-05,292,30.0,0.108066,0.078289,19.4727,26.3832,2,2459980.8688889,1822120205,1,216.678322888029,72.1694471127663,3.33977253055267,1.0210170270967,304.733262516143,129.045871164522,2.37733804114404,1.03707734022534,0.449660763777972,17.860000038147,0.0520000010728836,4.66300010681152,0.224999994039536,2458439.889294,2458772.004201,0,72.1694471127663,216.678322888029,20.543661336386783,0.3616160937835065,59980.36888890015,True
